solid OpenSCAD_Model
  facet normal 0.753221 -0.657767 0
    outer loop
      vertex 57.514 -69.514 2.95
      vertex 58.1204 -68.8196 -8
      vertex 58.1204 -68.8196 2.95
    endloop
  endfacet
  facet normal 0.753221 -0.657767 0
    outer loop
      vertex 58.1204 -68.8196 -8
      vertex 57.514 -69.514 2.95
      vertex 57.514 -69.514 -8
    endloop
  endfacet
  facet normal -0.753221 -0.657767 0
    outer loop
      vertex -57.514 -69.514 -8
      vertex -58.1204 -68.8196 2.95
      vertex -58.1204 -68.8196 -8
    endloop
  endfacet
  facet normal -0.753221 -0.657767 0
    outer loop
      vertex -58.1204 -68.8196 2.95
      vertex -57.514 -69.514 -8
      vertex -57.514 -69.514 2.95
    endloop
  endfacet
  facet normal -0.0128577 0.999917 0
    outer loop
      vertex -46.925 72.075 -8
      vertex -50.0046 72.0354 2.95
      vertex -46.925 72.075 2.95
    endloop
  endfacet
  facet normal -0.0128577 0.999917 0
    outer loop
      vertex -50.0046 72.0354 2.95
      vertex -46.925 72.075 -8
      vertex -50.0046 72.0354 -8
    endloop
  endfacet
  facet normal 0.657767 -0.753221 0
    outer loop
      vertex 56.8196 -70.1204 -8
      vertex 57.514 -69.514 2.95
      vertex 56.8196 -70.1204 2.95
    endloop
  endfacet
  facet normal 0.657767 -0.753221 0
    outer loop
      vertex 57.514 -69.514 2.95
      vertex 56.8196 -70.1204 -8
      vertex 57.514 -69.514 -8
    endloop
  endfacet
  facet normal 0.336081 0.941833 -0
    outer loop
      vertex 55.1435 71.0818 -8
      vertex 54.1394 71.4401 2.95
      vertex 55.1435 71.0818 2.95
    endloop
  endfacet
  facet normal 0.336081 0.941833 0
    outer loop
      vertex 54.1394 71.4401 2.95
      vertex 55.1435 71.0818 -8
      vertex 54.1394 71.4401 -8
    endloop
  endfacet
  facet normal -0.443256 0.896395 0
    outer loop
      vertex -55.1435 71.0818 -8
      vertex -56.0323 70.6423 2.95
      vertex -55.1435 71.0818 2.95
    endloop
  endfacet
  facet normal -0.443256 0.896395 0
    outer loop
      vertex -56.0323 70.6423 2.95
      vertex -55.1435 71.0818 -8
      vertex -56.0323 70.6423 -8
    endloop
  endfacet
  facet normal 0.941833 -0.336081 0
    outer loop
      vertex 59.0818 -67.1435 2.95
      vertex 59.4401 -66.1394 -8
      vertex 59.4401 -66.1394 2.95
    endloop
  endfacet
  facet normal 0.941833 -0.336081 0
    outer loop
      vertex 59.4401 -66.1394 -8
      vertex 59.0818 -67.1435 2.95
      vertex 59.0818 -67.1435 -8
    endloop
  endfacet
  facet normal 0 0 1
    outer loop
      vertex 46.925 72.075 2.95
      vertex 60.075 58.925 2.95
      vertex 60.0354 62.0046 2.95
    endloop
  endfacet
  facet normal 0 0 1
    outer loop
      vertex 60.075 58.925 2.95
      vertex 28 69.075 2.95
      vertex 60.075 -58.925 2.95
    endloop
  endfacet
  facet normal 0 0 1
    outer loop
      vertex 50.0046 72.0354 2.95
      vertex 60.0354 62.0046 2.95
      vertex 59.9165 63.66 2.95
    endloop
  endfacet
  facet normal 0 0 1
    outer loop
      vertex 60.075 58.925 2.95
      vertex 28.9802 69.1232 2.95
      vertex 28 69.075 2.95
    endloop
  endfacet
  facet normal 0 0 1
    outer loop
      vertex 51.66 71.9165 2.95
      vertex 59.9165 63.66 2.95
      vertex 59.7182 64.995 2.95
    endloop
  endfacet
  facet normal 0 0 1
    outer loop
      vertex 27.0198 69.1232 2.95
      vertex 60.075 -58.925 2.95
      vertex 28 69.075 2.95
    endloop
  endfacet
  facet normal 0 0 1
    outer loop
      vertex 52.995 71.7182 2.95
      vertex 59.7182 64.995 2.95
      vertex 59.4401 66.1394 2.95
    endloop
  endfacet
  facet normal 0 0 1
    outer loop
      vertex 26.0491 69.2672 2.95
      vertex 60.075 -58.925 2.95
      vertex 27.0198 69.1232 2.95
    endloop
  endfacet
  facet normal 0 0 1
    outer loop
      vertex 54.1394 71.4401 2.95
      vertex 59.4401 66.1394 2.95
      vertex 59.0818 67.1435 2.95
    endloop
  endfacet
  facet normal 0 0 1
    outer loop
      vertex 60.075 58.925 2.95
      vertex 29.9509 69.2672 2.95
      vertex 28.9802 69.1232 2.95
    endloop
  endfacet
  facet normal 0 0 1
    outer loop
      vertex 55.1435 71.0818 2.95
      vertex 59.0818 67.1435 2.95
      vertex 58.6423 68.0323 2.95
    endloop
  endfacet
  facet normal 0 0 1
    outer loop
      vertex 25.0972 69.5056 2.95
      vertex 60.075 -58.925 2.95
      vertex 26.0491 69.2672 2.95
    endloop
  endfacet
  facet normal 0 0 1
    outer loop
      vertex 55.1435 71.0818 2.95
      vertex 58.6423 68.0323 2.95
      vertex 58.1204 68.8196 2.95
    endloop
  endfacet
  facet normal 0 0 1
    outer loop
      vertex 60.075 -58.925 2.95
      vertex 46.925 -72.075 2.95
      vertex 60.0354 -62.0046 2.95
    endloop
  endfacet
  facet normal 0 0 1
    outer loop
      vertex 55.1435 71.0818 2.95
      vertex 58.1204 68.8196 2.95
      vertex 57.514 69.514 2.95
    endloop
  endfacet
  facet normal 0 0 1
    outer loop
      vertex 60.0354 -62.0046 2.95
      vertex 50.0046 -72.0354 2.95
      vertex 59.9165 -63.66 2.95
    endloop
  endfacet
  facet normal 0 0 1
    outer loop
      vertex 55.1435 71.0818 2.95
      vertex 57.514 69.514 2.95
      vertex 56.8196 70.1204 2.95
    endloop
  endfacet
  facet normal 0 0 1
    outer loop
      vertex 59.9165 -63.66 2.95
      vertex 51.66 -71.9165 2.95
      vertex 59.7182 -64.995 2.95
    endloop
  endfacet
  facet normal 0 0 1
    outer loop
      vertex 55.1435 71.0818 2.95
      vertex 56.8196 70.1204 2.95
      vertex 56.0323 70.6423 2.95
    endloop
  endfacet
  facet normal 0 0 1
    outer loop
      vertex 59.7182 -64.995 2.95
      vertex 52.995 -71.7182 2.95
      vertex 59.4401 -66.1394 2.95
    endloop
  endfacet
  facet normal 0 0 1
    outer loop
      vertex 59.0818 67.1435 2.95
      vertex 55.1435 71.0818 2.95
      vertex 54.1394 71.4401 2.95
    endloop
  endfacet
  facet normal 0 0 1
    outer loop
      vertex 60.075 58.925 2.95
      vertex 30.9028 69.5056 2.95
      vertex 29.9509 69.2672 2.95
    endloop
  endfacet
  facet normal 0 0 1
    outer loop
      vertex 59.4401 66.1394 2.95
      vertex 54.1394 71.4401 2.95
      vertex 52.995 71.7182 2.95
    endloop
  endfacet
  facet normal 0 -0 1
    outer loop
      vertex 54.1394 -71.4401 2.95
      vertex 59.4401 -66.1394 2.95
      vertex 52.995 -71.7182 2.95
    endloop
  endfacet
  facet normal 0 0 1
    outer loop
      vertex 59.7182 64.995 2.95
      vertex 52.995 71.7182 2.95
      vertex 51.66 71.9165 2.95
    endloop
  endfacet
  facet normal 0 -0 1
    outer loop
      vertex 55.1435 -71.0818 2.95
      vertex 59.0818 -67.1435 2.95
      vertex 54.1394 -71.4401 2.95
    endloop
  endfacet
  facet normal 0 0 1
    outer loop
      vertex 59.9165 63.66 2.95
      vertex 51.66 71.9165 2.95
      vertex 50.0046 72.0354 2.95
    endloop
  endfacet
  facet normal 0 0 1
    outer loop
      vertex 59.0818 -67.1435 2.95
      vertex 55.1435 -71.0818 2.95
      vertex 58.6423 -68.0323 2.95
    endloop
  endfacet
  facet normal 0 0 1
    outer loop
      vertex 60.0354 62.0046 2.95
      vertex 50.0046 72.0354 2.95
      vertex 46.925 72.075 2.95
    endloop
  endfacet
  facet normal 0 0 1
    outer loop
      vertex 58.6423 -68.0323 2.95
      vertex 55.1435 -71.0818 2.95
      vertex 58.1204 -68.8196 2.95
    endloop
  endfacet
  facet normal 0 0 1
    outer loop
      vertex 60.075 58.925 2.95
      vertex 46.925 72.075 2.95
      vertex 32.714 70.2558 2.95
    endloop
  endfacet
  facet normal 0 0 1
    outer loop
      vertex 58.1204 -68.8196 2.95
      vertex 55.1435 -71.0818 2.95
      vertex 57.514 -69.514 2.95
    endloop
  endfacet
  facet normal 0 0 1
    outer loop
      vertex 35.0711 72.0039 2.95
      vertex 46.925 72.075 2.95
      vertex 35.1355 72.075 2.95
    endloop
  endfacet
  facet normal 0 0 1
    outer loop
      vertex 34.3439 71.3449 2.95
      vertex 46.925 72.075 2.95
      vertex 35.0711 72.0039 2.95
    endloop
  endfacet
  facet normal 0 0 1
    outer loop
      vertex 33.5557 70.7603 2.95
      vertex 46.925 72.075 2.95
      vertex 34.3439 71.3449 2.95
    endloop
  endfacet
  facet normal 0 0 1
    outer loop
      vertex 32.714 70.2558 2.95
      vertex 46.925 72.075 2.95
      vertex 33.5557 70.7603 2.95
    endloop
  endfacet
  facet normal 0 0 1
    outer loop
      vertex 60.075 58.925 2.95
      vertex 32.714 70.2558 2.95
      vertex 31.8268 69.8362 2.95
    endloop
  endfacet
  facet normal 0 0 1
    outer loop
      vertex 60.075 58.925 2.95
      vertex 31.8268 69.8362 2.95
      vertex 30.9028 69.5056 2.95
    endloop
  endfacet
  facet normal 0 0 1
    outer loop
      vertex 56.8196 -70.1204 2.95
      vertex 55.1435 -71.0818 2.95
      vertex 56.0323 -70.6423 2.95
    endloop
  endfacet
  facet normal 0 0 1
    outer loop
      vertex 57.514 -69.514 2.95
      vertex 55.1435 -71.0818 2.95
      vertex 56.8196 -70.1204 2.95
    endloop
  endfacet
  facet normal 0 0 1
    outer loop
      vertex 59.4401 -66.1394 2.95
      vertex 54.1394 -71.4401 2.95
      vertex 59.0818 -67.1435 2.95
    endloop
  endfacet
  facet normal 0 -0 1
    outer loop
      vertex 52.995 -71.7182 2.95
      vertex 59.7182 -64.995 2.95
      vertex 51.66 -71.9165 2.95
    endloop
  endfacet
  facet normal 0 -0 1
    outer loop
      vertex 51.66 -71.9165 2.95
      vertex 59.9165 -63.66 2.95
      vertex 50.0046 -72.0354 2.95
    endloop
  endfacet
  facet normal 0 -0 1
    outer loop
      vertex 50.0046 -72.0354 2.95
      vertex 60.0354 -62.0046 2.95
      vertex 46.925 -72.075 2.95
    endloop
  endfacet
  facet normal 0 0 1
    outer loop
      vertex -60.075 -58.925 2.95
      vertex 60.075 -58.925 2.95
      vertex 25.0972 69.5056 2.95
    endloop
  endfacet
  facet normal 0 0 1
    outer loop
      vertex -60.075 -58.925 2.95
      vertex 25.0972 69.5056 2.95
      vertex 24.1732 69.8362 2.95
    endloop
  endfacet
  facet normal 0 0 1
    outer loop
      vertex -60.075 -58.925 2.95
      vertex 24.1732 69.8362 2.95
      vertex 23.286 70.2558 2.95
    endloop
  endfacet
  facet normal 0 0 1
    outer loop
      vertex -60.075 58.925 2.95
      vertex 23.286 70.2558 2.95
      vertex 22.4443 70.7603 2.95
    endloop
  endfacet
  facet normal 0 0 1
    outer loop
      vertex -60.075 58.925 2.95
      vertex 22.4443 70.7603 2.95
      vertex 21.6561 71.3449 2.95
    endloop
  endfacet
  facet normal 0 0 1
    outer loop
      vertex -46.925 72.075 2.95
      vertex 21.6561 71.3449 2.95
      vertex 20.9289 72.0039 2.95
    endloop
  endfacet
  facet normal -0 0 1
    outer loop
      vertex -46.925 72.075 2.95
      vertex 20.9289 72.0039 2.95
      vertex 20.8645 72.075 2.95
    endloop
  endfacet
  facet normal 0 0 1
    outer loop
      vertex 21.6561 71.3449 2.95
      vertex -46.925 72.075 2.95
      vertex -60.075 58.925 2.95
    endloop
  endfacet
  facet normal 0 0 1
    outer loop
      vertex 23.286 70.2558 2.95
      vertex -60.075 58.925 2.95
      vertex -60.075 -58.925 2.95
    endloop
  endfacet
  facet normal 0 0 1
    outer loop
      vertex -60.075 58.925 2.95
      vertex -46.925 72.075 2.95
      vertex -50.0046 72.0354 2.95
    endloop
  endfacet
  facet normal 0 0 1
    outer loop
      vertex 60.075 -58.925 2.95
      vertex -60.075 -58.925 2.95
      vertex 46.925 -72.075 2.95
    endloop
  endfacet
  facet normal 0 0 1
    outer loop
      vertex -60.0354 62.0046 2.95
      vertex -50.0046 72.0354 2.95
      vertex -51.66 71.9165 2.95
    endloop
  endfacet
  facet normal 0 0 1
    outer loop
      vertex 46.925 -72.075 2.95
      vertex -60.075 -58.925 2.95
      vertex -46.925 -72.075 2.95
    endloop
  endfacet
  facet normal 0 0 1
    outer loop
      vertex -59.9165 63.66 2.95
      vertex -51.66 71.9165 2.95
      vertex -52.995 71.7182 2.95
    endloop
  endfacet
  facet normal 0 0 1
    outer loop
      vertex -46.925 -72.075 2.95
      vertex -60.075 -58.925 2.95
      vertex -50.0046 -72.0354 2.95
    endloop
  endfacet
  facet normal 0 0 1
    outer loop
      vertex -59.7182 64.995 2.95
      vertex -52.995 71.7182 2.95
      vertex -54.1394 71.4401 2.95
    endloop
  endfacet
  facet normal -0 -0 1
    outer loop
      vertex -60.0354 -62.0046 2.95
      vertex -50.0046 -72.0354 2.95
      vertex -60.075 -58.925 2.95
    endloop
  endfacet
  facet normal 0 0 1
    outer loop
      vertex -59.4401 66.1394 2.95
      vertex -54.1394 71.4401 2.95
      vertex -55.1435 71.0818 2.95
    endloop
  endfacet
  facet normal 0 0 1
    outer loop
      vertex -50.0046 -72.0354 2.95
      vertex -60.0354 -62.0046 2.95
      vertex -51.66 -71.9165 2.95
    endloop
  endfacet
  facet normal 0 0 1
    outer loop
      vertex -59.0818 67.1435 2.95
      vertex -55.1435 71.0818 2.95
      vertex -56.0323 70.6423 2.95
    endloop
  endfacet
  facet normal -0 -0 1
    outer loop
      vertex -59.9165 -63.66 2.95
      vertex -51.66 -71.9165 2.95
      vertex -60.0354 -62.0046 2.95
    endloop
  endfacet
  facet normal 0 0 1
    outer loop
      vertex -59.0818 67.1435 2.95
      vertex -56.0323 70.6423 2.95
      vertex -56.8196 70.1204 2.95
    endloop
  endfacet
  facet normal 0 0 1
    outer loop
      vertex -51.66 -71.9165 2.95
      vertex -59.9165 -63.66 2.95
      vertex -52.995 -71.7182 2.95
    endloop
  endfacet
  facet normal 0 0 1
    outer loop
      vertex -59.0818 67.1435 2.95
      vertex -56.8196 70.1204 2.95
      vertex -57.514 69.514 2.95
    endloop
  endfacet
  facet normal -0 -0 1
    outer loop
      vertex -59.7182 -64.995 2.95
      vertex -52.995 -71.7182 2.95
      vertex -59.9165 -63.66 2.95
    endloop
  endfacet
  facet normal 0 0 1
    outer loop
      vertex -59.0818 67.1435 2.95
      vertex -57.514 69.514 2.95
      vertex -58.1204 68.8196 2.95
    endloop
  endfacet
  facet normal 0 0 1
    outer loop
      vertex -52.995 -71.7182 2.95
      vertex -59.7182 -64.995 2.95
      vertex -54.1394 -71.4401 2.95
    endloop
  endfacet
  facet normal 0 0 1
    outer loop
      vertex -59.0818 67.1435 2.95
      vertex -58.1204 68.8196 2.95
      vertex -58.6423 68.0323 2.95
    endloop
  endfacet
  facet normal -0 -0 1
    outer loop
      vertex -59.4401 -66.1394 2.95
      vertex -54.1394 -71.4401 2.95
      vertex -59.7182 -64.995 2.95
    endloop
  endfacet
  facet normal 0 0 1
    outer loop
      vertex -55.1435 71.0818 2.95
      vertex -59.0818 67.1435 2.95
      vertex -59.4401 66.1394 2.95
    endloop
  endfacet
  facet normal 0 0 1
    outer loop
      vertex -54.1394 -71.4401 2.95
      vertex -59.4401 -66.1394 2.95
      vertex -55.1435 -71.0818 2.95
    endloop
  endfacet
  facet normal 0 0 1
    outer loop
      vertex -54.1394 71.4401 2.95
      vertex -59.4401 66.1394 2.95
      vertex -59.7182 64.995 2.95
    endloop
  endfacet
  facet normal -0 -0 1
    outer loop
      vertex -59.0818 -67.1435 2.95
      vertex -55.1435 -71.0818 2.95
      vertex -59.4401 -66.1394 2.95
    endloop
  endfacet
  facet normal 0 0 1
    outer loop
      vertex -52.995 71.7182 2.95
      vertex -59.7182 64.995 2.95
      vertex -59.9165 63.66 2.95
    endloop
  endfacet
  facet normal 0 0 1
    outer loop
      vertex -55.1435 -71.0818 2.95
      vertex -59.0818 -67.1435 2.95
      vertex -56.0323 -70.6423 2.95
    endloop
  endfacet
  facet normal 0 0 1
    outer loop
      vertex -51.66 71.9165 2.95
      vertex -59.9165 63.66 2.95
      vertex -60.0354 62.0046 2.95
    endloop
  endfacet
  facet normal 0 0 1
    outer loop
      vertex -56.0323 -70.6423 2.95
      vertex -59.0818 -67.1435 2.95
      vertex -56.8196 -70.1204 2.95
    endloop
  endfacet
  facet normal 0 0 1
    outer loop
      vertex -50.0046 72.0354 2.95
      vertex -60.0354 62.0046 2.95
      vertex -60.075 58.925 2.95
    endloop
  endfacet
  facet normal 0 0 1
    outer loop
      vertex -56.8196 -70.1204 2.95
      vertex -59.0818 -67.1435 2.95
      vertex -57.514 -69.514 2.95
    endloop
  endfacet
  facet normal 0 0 1
    outer loop
      vertex -57.514 -69.514 2.95
      vertex -59.0818 -67.1435 2.95
      vertex -58.1204 -68.8196 2.95
    endloop
  endfacet
  facet normal 0 0 1
    outer loop
      vertex -58.1204 -68.8196 2.95
      vertex -59.0818 -67.1435 2.95
      vertex -58.6423 -68.0323 2.95
    endloop
  endfacet
  facet normal -0.97172 -0.236137 0
    outer loop
      vertex -59.4401 -66.1394 -8
      vertex -59.7182 -64.995 2.95
      vertex -59.7182 -64.995 -8
    endloop
  endfacet
  facet normal -0.97172 -0.236137 0
    outer loop
      vertex -59.7182 -64.995 2.95
      vertex -59.4401 -66.1394 -8
      vertex -59.4401 -66.1394 2.95
    endloop
  endfacet
  facet normal -0.999917 0.0128577 0
    outer loop
      vertex -60.075 58.925 -8
      vertex -60.0354 62.0046 2.95
      vertex -60.0354 62.0046 -8
    endloop
  endfacet
  facet normal -0.999917 0.0128577 0
    outer loop
      vertex -60.0354 62.0046 2.95
      vertex -60.075 58.925 -8
      vertex -60.075 58.925 2.95
    endloop
  endfacet
  facet normal -0.896395 0.443256 0
    outer loop
      vertex -59.0818 67.1435 -8
      vertex -58.6423 68.0323 2.95
      vertex -58.6423 68.0323 -8
    endloop
  endfacet
  facet normal -0.896395 0.443256 0
    outer loop
      vertex -58.6423 68.0323 2.95
      vertex -59.0818 67.1435 -8
      vertex -59.0818 67.1435 2.95
    endloop
  endfacet
  facet normal 0.0128577 -0.999917 0
    outer loop
      vertex 46.925 -72.075 -8
      vertex 50.0046 -72.0354 2.95
      vertex 46.925 -72.075 2.95
    endloop
  endfacet
  facet normal 0.0128577 -0.999917 0
    outer loop
      vertex 50.0046 -72.0354 2.95
      vertex 46.925 -72.075 -8
      vertex 50.0046 -72.0354 -8
    endloop
  endfacet
  facet normal -0.657767 0.753221 0
    outer loop
      vertex -56.8196 70.1204 -8
      vertex -57.514 69.514 2.95
      vertex -56.8196 70.1204 2.95
    endloop
  endfacet
  facet normal -0.657767 0.753221 0
    outer loop
      vertex -57.514 69.514 2.95
      vertex -56.8196 70.1204 -8
      vertex -57.514 69.514 -8
    endloop
  endfacet
  facet normal -0.552524 0.833497 0
    outer loop
      vertex -56.0323 70.6423 -8
      vertex -56.8196 70.1204 2.95
      vertex -56.0323 70.6423 2.95
    endloop
  endfacet
  facet normal -0.552524 0.833497 0
    outer loop
      vertex -56.8196 70.1204 2.95
      vertex -56.0323 70.6423 -8
      vertex -56.8196 70.1204 -8
    endloop
  endfacet
  facet normal -0.999918 -0.0128428 0
    outer loop
      vertex -60.065 -59.7 -8
      vertex -60.0354 -62.0046 -8
      vertex -60.065 -59.7 0
    endloop
  endfacet
  facet normal -0.999917 -0.0129022 0
    outer loop
      vertex -60.065 -59.7 0
      vertex -60.075 -58.925 2.95
      vertex -60.075 -58.925 0
    endloop
  endfacet
  facet normal -0.999918 -0.0128428 -0
    outer loop
      vertex -60.0354 -62.0046 2.95
      vertex -60.065 -59.7 0
      vertex -60.0354 -62.0046 -8
    endloop
  endfacet
  facet normal -0.999917 -0.0128577 -1.16669e-05
    outer loop
      vertex -60.065 -59.7 0
      vertex -60.0354 -62.0046 2.95
      vertex -60.075 -58.925 2.95
    endloop
  endfacet
  facet normal 1 0 0
    outer loop
      vertex 60.075 58.925 2.95
      vertex 60.075 15.7 0
      vertex 60.075 58.925 -8
    endloop
  endfacet
  facet normal 1 0 0
    outer loop
      vertex 60.075 58.925 2.95
      vertex 60.075 14.5 0
      vertex 60.075 15.7 0
    endloop
  endfacet
  facet normal 1 0 0
    outer loop
      vertex 60.075 14.5 0
      vertex 60.075 5.5 0
      vertex 60.075 14.5 -8
    endloop
  endfacet
  facet normal 1 0 0
    outer loop
      vertex 60.075 58.925 2.95
      vertex 60.075 5.5 0
      vertex 60.075 14.5 0
    endloop
  endfacet
  facet normal 1 0 0
    outer loop
      vertex 60.075 58.925 2.95
      vertex 60.075 4.3 0
      vertex 60.075 5.5 0
    endloop
  endfacet
  facet normal 1 0 0
    outer loop
      vertex 60.075 4.3 0
      vertex 60.075 -14.3 0
      vertex 60.075 4.3 -8
    endloop
  endfacet
  facet normal 1 -0 0
    outer loop
      vertex 60.075 -58.925 2.95
      vertex 60.075 4.3 0
      vertex 60.075 58.925 2.95
    endloop
  endfacet
  facet normal 1 0 0
    outer loop
      vertex 60.075 4.3 0
      vertex 60.075 -58.925 2.95
      vertex 60.075 -14.3 0
    endloop
  endfacet
  facet normal 1 0 0
    outer loop
      vertex 60.075 -15.5 0
      vertex 60.075 -24.5 0
      vertex 60.075 -15.5 -8
    endloop
  endfacet
  facet normal 1 0 0
    outer loop
      vertex 60.075 -14.3 0
      vertex 60.075 -58.925 2.95
      vertex 60.075 -15.5 0
    endloop
  endfacet
  facet normal 1 0 0
    outer loop
      vertex 60.075 -15.5 0
      vertex 60.075 -58.925 2.95
      vertex 60.075 -24.5 0
    endloop
  endfacet
  facet normal 1 0 0
    outer loop
      vertex 60.075 -25.7 0
      vertex 60.075 -44.3 0
      vertex 60.075 -25.7 -8
    endloop
  endfacet
  facet normal 1 0 0
    outer loop
      vertex 60.075 -24.5 0
      vertex 60.075 -58.925 2.95
      vertex 60.075 -25.7 0
    endloop
  endfacet
  facet normal 1 0 0
    outer loop
      vertex 60.075 -25.7 0
      vertex 60.075 -58.925 2.95
      vertex 60.075 -44.3 0
    endloop
  endfacet
  facet normal 1 0 0
    outer loop
      vertex 60.075 -45.5 0
      vertex 60.075 -54.5 0
      vertex 60.075 -45.5 -8
    endloop
  endfacet
  facet normal 1 0 0
    outer loop
      vertex 60.075 -44.3 0
      vertex 60.075 -58.925 2.95
      vertex 60.075 -45.5 0
    endloop
  endfacet
  facet normal 1 0 0
    outer loop
      vertex 60.075 -45.5 0
      vertex 60.075 -58.925 2.95
      vertex 60.075 -54.5 0
    endloop
  endfacet
  facet normal 1 0 0
    outer loop
      vertex 60.075 -54.5 0
      vertex 60.075 -58.925 2.95
      vertex 60.075 -55.7 0
    endloop
  endfacet
  facet normal 1 0 0
    outer loop
      vertex 60.075 -58.925 -8
      vertex 60.075 -55.7 0
      vertex 60.075 -58.925 2.95
    endloop
  endfacet
  facet normal 1 0 0
    outer loop
      vertex 60.075 -55.7 0
      vertex 60.075 -58.925 -8
      vertex 60.075 -55.7 -8
    endloop
  endfacet
  facet normal 1 0 0
    outer loop
      vertex 60.075 58.925 -8
      vertex 60.075 15.7 0
      vertex 60.075 15.7 -8
    endloop
  endfacet
  facet normal 1 0 0
    outer loop
      vertex 60.075 14.5 -8
      vertex 60.075 5.5 0
      vertex 60.075 5.5 -8
    endloop
  endfacet
  facet normal 1 0 0
    outer loop
      vertex 60.075 4.3 -8
      vertex 60.075 -14.3 0
      vertex 60.075 -14.3 -8
    endloop
  endfacet
  facet normal 1 0 0
    outer loop
      vertex 60.075 -15.5 -8
      vertex 60.075 -24.5 0
      vertex 60.075 -24.5 -8
    endloop
  endfacet
  facet normal 1 0 0
    outer loop
      vertex 60.075 -25.7 -8
      vertex 60.075 -44.3 0
      vertex 60.075 -44.3 -8
    endloop
  endfacet
  facet normal 1 0 0
    outer loop
      vertex 60.075 -45.5 -8
      vertex 60.075 -54.5 0
      vertex 60.075 -54.5 -8
    endloop
  endfacet
  facet normal -0.146927 -0.989147 0
    outer loop
      vertex -52.995 -71.7182 -8
      vertex -51.66 -71.9165 2.95
      vertex -52.995 -71.7182 2.95
    endloop
  endfacet
  facet normal -0.146927 -0.989147 -0
    outer loop
      vertex -51.66 -71.9165 2.95
      vertex -52.995 -71.7182 -8
      vertex -51.66 -71.9165 -8
    endloop
  endfacet
  facet normal 0.99743 -0.071641 0
    outer loop
      vertex 59.9165 -63.66 2.95
      vertex 60.0354 -62.0046 -8
      vertex 60.0354 -62.0046 2.95
    endloop
  endfacet
  facet normal 0.99743 -0.071641 0
    outer loop
      vertex 60.0354 -62.0046 -8
      vertex 59.9165 -63.66 2.95
      vertex 59.9165 -63.66 -8
    endloop
  endfacet
  facet normal -0.552524 -0.833497 0
    outer loop
      vertex -56.8196 -70.1204 -8
      vertex -56.0323 -70.6423 2.95
      vertex -56.8196 -70.1204 2.95
    endloop
  endfacet
  facet normal -0.552524 -0.833497 -0
    outer loop
      vertex -56.0323 -70.6423 2.95
      vertex -56.8196 -70.1204 -8
      vertex -56.0323 -70.6423 -8
    endloop
  endfacet
  facet normal -0.99743 0.071641 0
    outer loop
      vertex -60.0354 62.0046 -8
      vertex -59.9165 63.66 2.95
      vertex -59.9165 63.66 -8
    endloop
  endfacet
  facet normal -0.99743 0.071641 0
    outer loop
      vertex -59.9165 63.66 2.95
      vertex -60.0354 62.0046 -8
      vertex -60.0354 62.0046 2.95
    endloop
  endfacet
  facet normal -1 0 0
    outer loop
      vertex -60.075 -49.5 -8
      vertex -60.075 -58.5 -8
      vertex -60.075 -49.5 0
    endloop
  endfacet
  facet normal -1 0 0
    outer loop
      vertex -60.075 -0.7 -8
      vertex -60.075 -48.3 -8
      vertex -60.075 -0.7 0
    endloop
  endfacet
  facet normal -1 0 0
    outer loop
      vertex -60.075 9.5 -8
      vertex -60.075 0.5 -8
      vertex -60.075 9.5 0
    endloop
  endfacet
  facet normal -1 0 0
    outer loop
      vertex -60.075 34.3 -8
      vertex -60.075 10.7 -8
      vertex -60.075 34.3 0
    endloop
  endfacet
  facet normal -1 0 0
    outer loop
      vertex -60.075 44.5 -8
      vertex -60.075 35.5 -8
      vertex -60.075 44.5 0
    endloop
  endfacet
  facet normal -1 0 0
    outer loop
      vertex -60.075 45.7 0
      vertex -60.075 58.925 -8
      vertex -60.075 45.7 -8
    endloop
  endfacet
  facet normal -1 0 0
    outer loop
      vertex -60.075 58.925 -8
      vertex -60.075 45.7 0
      vertex -60.075 58.925 2.95
    endloop
  endfacet
  facet normal -1 0 0
    outer loop
      vertex -60.075 44.5 0
      vertex -60.075 58.925 2.95
      vertex -60.075 45.7 0
    endloop
  endfacet
  facet normal -1 0 0
    outer loop
      vertex -60.075 35.5 0
      vertex -60.075 44.5 0
      vertex -60.075 35.5 -8
    endloop
  endfacet
  facet normal -1 0 0
    outer loop
      vertex -60.075 35.5 0
      vertex -60.075 58.925 2.95
      vertex -60.075 44.5 0
    endloop
  endfacet
  facet normal -1 0 0
    outer loop
      vertex -60.075 34.3 0
      vertex -60.075 58.925 2.95
      vertex -60.075 35.5 0
    endloop
  endfacet
  facet normal -1 0 0
    outer loop
      vertex -60.075 10.7 0
      vertex -60.075 34.3 0
      vertex -60.075 10.7 -8
    endloop
  endfacet
  facet normal -1 0 0
    outer loop
      vertex -60.075 10.7 0
      vertex -60.075 58.925 2.95
      vertex -60.075 34.3 0
    endloop
  endfacet
  facet normal -1 0 0
    outer loop
      vertex -60.075 9.5 0
      vertex -60.075 58.925 2.95
      vertex -60.075 10.7 0
    endloop
  endfacet
  facet normal -1 0 0
    outer loop
      vertex -60.075 0.5 0
      vertex -60.075 9.5 0
      vertex -60.075 0.5 -8
    endloop
  endfacet
  facet normal -1 0 0
    outer loop
      vertex -60.075 0.5 0
      vertex -60.075 58.925 2.95
      vertex -60.075 9.5 0
    endloop
  endfacet
  facet normal -1 0 0
    outer loop
      vertex -60.075 -0.7 0
      vertex -60.075 58.925 2.95
      vertex -60.075 0.5 0
    endloop
  endfacet
  facet normal -1 0 0
    outer loop
      vertex -60.075 -48.3 0
      vertex -60.075 -0.7 0
      vertex -60.075 -48.3 -8
    endloop
  endfacet
  facet normal -1 0 0
    outer loop
      vertex -60.075 -58.925 2.95
      vertex -60.075 -0.7 0
      vertex -60.075 -48.3 0
    endloop
  endfacet
  facet normal -1 0 0
    outer loop
      vertex -60.075 -58.925 2.95
      vertex -60.075 -48.3 0
      vertex -60.075 -49.5 0
    endloop
  endfacet
  facet normal -1 0 0
    outer loop
      vertex -60.075 -58.5 0
      vertex -60.075 -49.5 0
      vertex -60.075 -58.5 -8
    endloop
  endfacet
  facet normal -1 0 0
    outer loop
      vertex -60.075 -58.925 2.95
      vertex -60.075 -49.5 0
      vertex -60.075 -58.5 0
    endloop
  endfacet
  facet normal -1 0 0
    outer loop
      vertex -60.075 -58.925 2.95
      vertex -60.075 -58.5 0
      vertex -60.075 -58.925 0
    endloop
  endfacet
  facet normal -1 0 0
    outer loop
      vertex -60.075 -0.7 0
      vertex -60.075 -58.925 2.95
      vertex -60.075 58.925 2.95
    endloop
  endfacet
  facet normal 0 -1 0
    outer loop
      vertex -46.925 -72.075 -8
      vertex 46.925 -72.075 2.95
      vertex -46.925 -72.075 2.95
    endloop
  endfacet
  facet normal 0 -1 -0
    outer loop
      vertex 46.925 -72.075 2.95
      vertex -46.925 -72.075 -8
      vertex 46.925 -72.075 -8
    endloop
  endfacet
  facet normal -0.833497 0.552524 0
    outer loop
      vertex -58.6423 68.0323 -8
      vertex -58.1204 68.8196 2.95
      vertex -58.1204 68.8196 -8
    endloop
  endfacet
  facet normal -0.833497 0.552524 0
    outer loop
      vertex -58.1204 68.8196 2.95
      vertex -58.6423 68.0323 -8
      vertex -58.6423 68.0323 2.95
    endloop
  endfacet
  facet normal 0.236137 0.97172 -0
    outer loop
      vertex 54.1394 71.4401 -8
      vertex 52.995 71.7182 2.95
      vertex 54.1394 71.4401 2.95
    endloop
  endfacet
  facet normal 0.236137 0.97172 0
    outer loop
      vertex 52.995 71.7182 2.95
      vertex 54.1394 71.4401 -8
      vertex 52.995 71.7182 -8
    endloop
  endfacet
  facet normal 0.236137 -0.97172 0
    outer loop
      vertex 52.995 -71.7182 -8
      vertex 54.1394 -71.4401 2.95
      vertex 52.995 -71.7182 2.95
    endloop
  endfacet
  facet normal 0.236137 -0.97172 0
    outer loop
      vertex 54.1394 -71.4401 2.95
      vertex 52.995 -71.7182 -8
      vertex 54.1394 -71.4401 -8
    endloop
  endfacet
  facet normal 0.071641 -0.99743 0
    outer loop
      vertex 50.0046 -72.0354 -8
      vertex 51.66 -71.9165 2.95
      vertex 50.0046 -72.0354 2.95
    endloop
  endfacet
  facet normal 0.071641 -0.99743 0
    outer loop
      vertex 51.66 -71.9165 2.95
      vertex 50.0046 -72.0354 -8
      vertex 51.66 -71.9165 -8
    endloop
  endfacet
  facet normal -0.753221 0.657767 0
    outer loop
      vertex -58.1204 68.8196 -8
      vertex -57.514 69.514 2.95
      vertex -57.514 69.514 -8
    endloop
  endfacet
  facet normal -0.753221 0.657767 0
    outer loop
      vertex -57.514 69.514 2.95
      vertex -58.1204 68.8196 -8
      vertex -58.1204 68.8196 2.95
    endloop
  endfacet
  facet normal 0.336081 -0.941833 0
    outer loop
      vertex 54.1394 -71.4401 -8
      vertex 55.1435 -71.0818 2.95
      vertex 54.1394 -71.4401 2.95
    endloop
  endfacet
  facet normal 0.336081 -0.941833 0
    outer loop
      vertex 55.1435 -71.0818 2.95
      vertex 54.1394 -71.4401 -8
      vertex 55.1435 -71.0818 -8
    endloop
  endfacet
  facet normal 0.99743 0.071641 0
    outer loop
      vertex 60.0354 62.0046 2.95
      vertex 59.9165 63.66 -8
      vertex 59.9165 63.66 2.95
    endloop
  endfacet
  facet normal 0.99743 0.071641 0
    outer loop
      vertex 59.9165 63.66 -8
      vertex 60.0354 62.0046 2.95
      vertex 60.0354 62.0046 -8
    endloop
  endfacet
  facet normal 0.146927 0.989147 -0
    outer loop
      vertex 52.995 71.7182 -8
      vertex 51.66 71.9165 2.95
      vertex 52.995 71.7182 2.95
    endloop
  endfacet
  facet normal 0.146927 0.989147 0
    outer loop
      vertex 51.66 71.9165 2.95
      vertex 52.995 71.7182 -8
      vertex 51.66 71.9165 -8
    endloop
  endfacet
  facet normal -0.071641 0.99743 0
    outer loop
      vertex -50.0046 72.0354 -8
      vertex -51.66 71.9165 2.95
      vertex -50.0046 72.0354 2.95
    endloop
  endfacet
  facet normal -0.071641 0.99743 0
    outer loop
      vertex -51.66 71.9165 2.95
      vertex -50.0046 72.0354 -8
      vertex -51.66 71.9165 -8
    endloop
  endfacet
  facet normal 0.443256 -0.896395 0
    outer loop
      vertex 55.1435 -71.0818 -8
      vertex 56.0323 -70.6423 2.95
      vertex 55.1435 -71.0818 2.95
    endloop
  endfacet
  facet normal 0.443256 -0.896395 0
    outer loop
      vertex 56.0323 -70.6423 2.95
      vertex 55.1435 -71.0818 -8
      vertex 56.0323 -70.6423 -8
    endloop
  endfacet
  facet normal -0.443256 -0.896395 0
    outer loop
      vertex -56.0323 -70.6423 -8
      vertex -55.1435 -71.0818 2.95
      vertex -56.0323 -70.6423 2.95
    endloop
  endfacet
  facet normal -0.443256 -0.896395 -0
    outer loop
      vertex -55.1435 -71.0818 2.95
      vertex -56.0323 -70.6423 -8
      vertex -55.1435 -71.0818 -8
    endloop
  endfacet
  facet normal -0.236137 0.97172 0
    outer loop
      vertex -52.995 71.7182 -8
      vertex -54.1394 71.4401 2.95
      vertex -52.995 71.7182 2.95
    endloop
  endfacet
  facet normal -0.236137 0.97172 0
    outer loop
      vertex -54.1394 71.4401 2.95
      vertex -52.995 71.7182 -8
      vertex -54.1394 71.4401 -8
    endloop
  endfacet
  facet normal 0.999917 0.0128577 0
    outer loop
      vertex 60.075 58.925 2.95
      vertex 60.0354 62.0046 -8
      vertex 60.0354 62.0046 2.95
    endloop
  endfacet
  facet normal 0.999917 0.0128577 0
    outer loop
      vertex 60.0354 62.0046 -8
      vertex 60.075 58.925 2.95
      vertex 60.075 58.925 -8
    endloop
  endfacet
  facet normal 0.97172 0.236137 0
    outer loop
      vertex 59.7182 64.995 2.95
      vertex 59.4401 66.1394 -8
      vertex 59.4401 66.1394 2.95
    endloop
  endfacet
  facet normal 0.97172 0.236137 0
    outer loop
      vertex 59.4401 66.1394 -8
      vertex 59.7182 64.995 2.95
      vertex 59.7182 64.995 -8
    endloop
  endfacet
  facet normal 0 1 -0
    outer loop
      vertex 46.925 72.075 -8
      vertex 35.1355 72.075 2.95
      vertex 46.925 72.075 2.95
    endloop
  endfacet
  facet normal 0 1 0
    outer loop
      vertex 35.1355 72.075 2.95
      vertex 46.925 72.075 -8
      vertex 35.1355 72.075 -8
    endloop
  endfacet
  facet normal 0 1 -0
    outer loop
      vertex 20.8645 72.075 -8
      vertex -46.925 72.075 2.95
      vertex 20.8645 72.075 2.95
    endloop
  endfacet
  facet normal 0 1 0
    outer loop
      vertex -46.925 72.075 2.95
      vertex 20.8645 72.075 -8
      vertex -46.925 72.075 -8
    endloop
  endfacet
  facet normal 0.833497 -0.552524 0
    outer loop
      vertex 58.1204 -68.8196 2.95
      vertex 58.6423 -68.0323 -8
      vertex 58.6423 -68.0323 2.95
    endloop
  endfacet
  facet normal 0.833497 -0.552524 0
    outer loop
      vertex 58.6423 -68.0323 -8
      vertex 58.1204 -68.8196 2.95
      vertex 58.1204 -68.8196 -8
    endloop
  endfacet
  facet normal -0.336081 -0.941833 0
    outer loop
      vertex -55.1435 -71.0818 -8
      vertex -54.1394 -71.4401 2.95
      vertex -55.1435 -71.0818 2.95
    endloop
  endfacet
  facet normal -0.336081 -0.941833 -0
    outer loop
      vertex -54.1394 -71.4401 2.95
      vertex -55.1435 -71.0818 -8
      vertex -54.1394 -71.4401 -8
    endloop
  endfacet
  facet normal -0.941833 0.336081 0
    outer loop
      vertex -59.4401 66.1394 -8
      vertex -59.0818 67.1435 2.95
      vertex -59.0818 67.1435 -8
    endloop
  endfacet
  facet normal -0.941833 0.336081 0
    outer loop
      vertex -59.0818 67.1435 2.95
      vertex -59.4401 66.1394 -8
      vertex -59.4401 66.1394 2.95
    endloop
  endfacet
  facet normal 0.896395 -0.443256 0
    outer loop
      vertex 58.6423 -68.0323 2.95
      vertex 59.0818 -67.1435 -8
      vertex 59.0818 -67.1435 2.95
    endloop
  endfacet
  facet normal 0.896395 -0.443256 0
    outer loop
      vertex 59.0818 -67.1435 -8
      vertex 58.6423 -68.0323 2.95
      vertex 58.6423 -68.0323 -8
    endloop
  endfacet
  facet normal 0.97172 -0.236137 0
    outer loop
      vertex 59.4401 -66.1394 2.95
      vertex 59.7182 -64.995 -8
      vertex 59.7182 -64.995 2.95
    endloop
  endfacet
  facet normal 0.97172 -0.236137 0
    outer loop
      vertex 59.7182 -64.995 -8
      vertex 59.4401 -66.1394 2.95
      vertex 59.4401 -66.1394 -8
    endloop
  endfacet
  facet normal -0.236137 -0.97172 0
    outer loop
      vertex -54.1394 -71.4401 -8
      vertex -52.995 -71.7182 2.95
      vertex -54.1394 -71.4401 2.95
    endloop
  endfacet
  facet normal -0.236137 -0.97172 -0
    outer loop
      vertex -52.995 -71.7182 2.95
      vertex -54.1394 -71.4401 -8
      vertex -52.995 -71.7182 -8
    endloop
  endfacet
  facet normal -0.071641 -0.99743 0
    outer loop
      vertex -51.66 -71.9165 -8
      vertex -50.0046 -72.0354 2.95
      vertex -51.66 -71.9165 2.95
    endloop
  endfacet
  facet normal -0.071641 -0.99743 -0
    outer loop
      vertex -50.0046 -72.0354 2.95
      vertex -51.66 -71.9165 -8
      vertex -50.0046 -72.0354 -8
    endloop
  endfacet
  facet normal -0.896395 -0.443256 0
    outer loop
      vertex -58.6423 -68.0323 -8
      vertex -59.0818 -67.1435 2.95
      vertex -59.0818 -67.1435 -8
    endloop
  endfacet
  facet normal -0.896395 -0.443256 0
    outer loop
      vertex -59.0818 -67.1435 2.95
      vertex -58.6423 -68.0323 -8
      vertex -58.6423 -68.0323 2.95
    endloop
  endfacet
  facet normal 0.146927 -0.989147 0
    outer loop
      vertex 51.66 -71.9165 -8
      vertex 52.995 -71.7182 2.95
      vertex 51.66 -71.9165 2.95
    endloop
  endfacet
  facet normal 0.146927 -0.989147 0
    outer loop
      vertex 52.995 -71.7182 2.95
      vertex 51.66 -71.9165 -8
      vertex 52.995 -71.7182 -8
    endloop
  endfacet
  facet normal -0.989147 0.146927 0
    outer loop
      vertex -59.9165 63.66 -8
      vertex -59.7182 64.995 2.95
      vertex -59.7182 64.995 -8
    endloop
  endfacet
  facet normal -0.989147 0.146927 0
    outer loop
      vertex -59.7182 64.995 2.95
      vertex -59.9165 63.66 -8
      vertex -59.9165 63.66 2.95
    endloop
  endfacet
  facet normal -0.657767 -0.753221 0
    outer loop
      vertex -57.514 -69.514 -8
      vertex -56.8196 -70.1204 2.95
      vertex -57.514 -69.514 2.95
    endloop
  endfacet
  facet normal -0.657767 -0.753221 -0
    outer loop
      vertex -56.8196 -70.1204 2.95
      vertex -57.514 -69.514 -8
      vertex -56.8196 -70.1204 -8
    endloop
  endfacet
  facet normal 0.552524 -0.833497 0
    outer loop
      vertex 56.0323 -70.6423 -8
      vertex 56.8196 -70.1204 2.95
      vertex 56.0323 -70.6423 2.95
    endloop
  endfacet
  facet normal 0.552524 -0.833497 0
    outer loop
      vertex 56.8196 -70.1204 2.95
      vertex 56.0323 -70.6423 -8
      vertex 56.8196 -70.1204 -8
    endloop
  endfacet
  facet normal 0.989147 0.146927 0
    outer loop
      vertex 59.9165 63.66 2.95
      vertex 59.7182 64.995 -8
      vertex 59.7182 64.995 2.95
    endloop
  endfacet
  facet normal 0.989147 0.146927 0
    outer loop
      vertex 59.7182 64.995 -8
      vertex 59.9165 63.66 2.95
      vertex 59.9165 63.66 -8
    endloop
  endfacet
  facet normal 0.552524 0.833497 -0
    outer loop
      vertex 56.8196 70.1204 -8
      vertex 56.0323 70.6423 2.95
      vertex 56.8196 70.1204 2.95
    endloop
  endfacet
  facet normal 0.552524 0.833497 0
    outer loop
      vertex 56.0323 70.6423 2.95
      vertex 56.8196 70.1204 -8
      vertex 56.0323 70.6423 -8
    endloop
  endfacet
  facet normal -0.0128577 -0.999917 0
    outer loop
      vertex -50.0046 -72.0354 -8
      vertex -46.925 -72.075 2.95
      vertex -50.0046 -72.0354 2.95
    endloop
  endfacet
  facet normal -0.0128577 -0.999917 -0
    outer loop
      vertex -46.925 -72.075 2.95
      vertex -50.0046 -72.0354 -8
      vertex -46.925 -72.075 -8
    endloop
  endfacet
  facet normal -0.336081 0.941833 0
    outer loop
      vertex -54.1394 71.4401 -8
      vertex -55.1435 71.0818 2.95
      vertex -54.1394 71.4401 2.95
    endloop
  endfacet
  facet normal -0.336081 0.941833 0
    outer loop
      vertex -55.1435 71.0818 2.95
      vertex -54.1394 71.4401 -8
      vertex -55.1435 71.0818 -8
    endloop
  endfacet
  facet normal 0.941833 0.336081 0
    outer loop
      vertex 59.4401 66.1394 2.95
      vertex 59.0818 67.1435 -8
      vertex 59.0818 67.1435 2.95
    endloop
  endfacet
  facet normal 0.941833 0.336081 0
    outer loop
      vertex 59.0818 67.1435 -8
      vertex 59.4401 66.1394 2.95
      vertex 59.4401 66.1394 -8
    endloop
  endfacet
  facet normal 0.999917 -0.0128577 0
    outer loop
      vertex 60.0354 -62.0046 2.95
      vertex 60.075 -58.925 -8
      vertex 60.075 -58.925 2.95
    endloop
  endfacet
  facet normal 0.999917 -0.0128577 0
    outer loop
      vertex 60.075 -58.925 -8
      vertex 60.0354 -62.0046 2.95
      vertex 60.0354 -62.0046 -8
    endloop
  endfacet
  facet normal -0 0 -1
    outer loop
      vertex 60.075 -58.925 -8
      vertex 58.4402 -61.6299 -8
      vertex 58.475 -58.925 -8
    endloop
  endfacet
  facet normal 0 0 -1
    outer loop
      vertex 59.0818 -67.1435 -8
      vertex 58.3358 -63.0839 -8
      vertex 58.4402 -61.6299 -8
    endloop
  endfacet
  facet normal 0 0 -1
    outer loop
      vertex 59.0818 -67.1435 -8
      vertex 58.1616 -64.2565 -8
      vertex 58.3358 -63.0839 -8
    endloop
  endfacet
  facet normal 0 0 -1
    outer loop
      vertex 56.7583 -67.6157 -8
      vertex 58.6423 -68.0323 -8
      vertex 58.1204 -68.8196 -8
    endloop
  endfacet
  facet normal 0 0 -1
    outer loop
      vertex 59.0818 -67.1435 -8
      vertex 57.9174 -65.2616 -8
      vertex 58.1616 -64.2565 -8
    endloop
  endfacet
  facet normal 0 0 -1
    outer loop
      vertex 59.0818 -67.1435 -8
      vertex 57.6026 -66.1435 -8
      vertex 57.9174 -65.2616 -8
    endloop
  endfacet
  facet normal 0 0 -1
    outer loop
      vertex 56.2256 -68.2256 -8
      vertex 58.1204 -68.8196 -8
      vertex 57.514 -69.514 -8
    endloop
  endfacet
  facet normal 0 0 -1
    outer loop
      vertex 59.0818 -67.1435 -8
      vertex 57.2167 -66.9241 -8
      vertex 57.6026 -66.1435 -8
    endloop
  endfacet
  facet normal 0 0 -1
    outer loop
      vertex 56.2256 -68.2256 -8
      vertex 57.514 -69.514 -8
      vertex 56.8196 -70.1204 -8
    endloop
  endfacet
  facet normal 0 0 -1
    outer loop
      vertex 58.6423 -68.0323 -8
      vertex 56.7583 -67.6157 -8
      vertex 57.2167 -66.9241 -8
    endloop
  endfacet
  facet normal 0 0 -1
    outer loop
      vertex 58.1204 -68.8196 -8
      vertex 56.2256 -68.2256 -8
      vertex 56.7583 -67.6157 -8
    endloop
  endfacet
  facet normal 0 0 -1
    outer loop
      vertex 55.6157 -68.7583 -8
      vertex 56.8196 -70.1204 -8
      vertex 56.0323 -70.6423 -8
    endloop
  endfacet
  facet normal 0 0 -1
    outer loop
      vertex 56.8196 -70.1204 -8
      vertex 55.6157 -68.7583 -8
      vertex 56.2256 -68.2256 -8
    endloop
  endfacet
  facet normal 0 0 -1
    outer loop
      vertex 54.9241 -69.2167 -8
      vertex 56.0323 -70.6423 -8
      vertex 55.1435 -71.0818 -8
    endloop
  endfacet
  facet normal 0 0 -1
    outer loop
      vertex 56.0323 -70.6423 -8
      vertex 54.9241 -69.2167 -8
      vertex 55.6157 -68.7583 -8
    endloop
  endfacet
  facet normal 0 0 -1
    outer loop
      vertex 55.1435 -71.0818 -8
      vertex 54.1435 -69.6026 -8
      vertex 54.9241 -69.2167 -8
    endloop
  endfacet
  facet normal 0 0 -1
    outer loop
      vertex 54.1394 -71.4401 -8
      vertex 54.1435 -69.6026 -8
      vertex 55.1435 -71.0818 -8
    endloop
  endfacet
  facet normal 0 0 -1
    outer loop
      vertex 54.1394 -71.4401 -8
      vertex 53.2616 -69.9174 -8
      vertex 54.1435 -69.6026 -8
    endloop
  endfacet
  facet normal 0 0 -1
    outer loop
      vertex 52.995 -71.7182 -8
      vertex 53.2616 -69.9174 -8
      vertex 54.1394 -71.4401 -8
    endloop
  endfacet
  facet normal 0 0 -1
    outer loop
      vertex 52.995 -71.7182 -8
      vertex 52.2565 -70.1616 -8
      vertex 53.2616 -69.9174 -8
    endloop
  endfacet
  facet normal 0 0 -1
    outer loop
      vertex 51.66 -71.9165 -8
      vertex 52.2565 -70.1616 -8
      vertex 52.995 -71.7182 -8
    endloop
  endfacet
  facet normal 0 0 -1
    outer loop
      vertex 51.66 -71.9165 -8
      vertex 51.0839 -70.3358 -8
      vertex 52.2565 -70.1616 -8
    endloop
  endfacet
  facet normal 0 0 -1
    outer loop
      vertex 50.0046 -72.0354 -8
      vertex 51.0839 -70.3358 -8
      vertex 51.66 -71.9165 -8
    endloop
  endfacet
  facet normal 0 0 -1
    outer loop
      vertex 50.0046 -72.0354 -8
      vertex 49.6299 -70.4402 -8
      vertex 51.0839 -70.3358 -8
    endloop
  endfacet
  facet normal 0 0 -1
    outer loop
      vertex 46.925 -72.075 -8
      vertex 49.6299 -70.4402 -8
      vertex 50.0046 -72.0354 -8
    endloop
  endfacet
  facet normal 0 0 -1
    outer loop
      vertex 46.925 -72.075 -8
      vertex 46.925 -70.475 -8
      vertex 49.6299 -70.4402 -8
    endloop
  endfacet
  facet normal 0 0 -1
    outer loop
      vertex -46.925 -72.075 -8
      vertex 46.925 -70.475 -8
      vertex 46.925 -72.075 -8
    endloop
  endfacet
  facet normal 0 0 -1
    outer loop
      vertex -46.925 -72.075 -8
      vertex -46.925 -70.475 -8
      vertex 46.925 -70.475 -8
    endloop
  endfacet
  facet normal 0 0 -1
    outer loop
      vertex -46.925 -72.075 -8
      vertex -49.6299 -70.4402 -8
      vertex -46.925 -70.475 -8
    endloop
  endfacet
  facet normal 0 0 -1
    outer loop
      vertex -50.0046 -72.0354 -8
      vertex -49.6299 -70.4402 -8
      vertex -46.925 -72.075 -8
    endloop
  endfacet
  facet normal 0 0 -1
    outer loop
      vertex -50.0046 -72.0354 -8
      vertex -51.0839 -70.3358 -8
      vertex -49.6299 -70.4402 -8
    endloop
  endfacet
  facet normal 0 0 -1
    outer loop
      vertex -51.66 -71.9165 -8
      vertex -51.0839 -70.3358 -8
      vertex -50.0046 -72.0354 -8
    endloop
  endfacet
  facet normal 0 0 -1
    outer loop
      vertex -51.66 -71.9165 -8
      vertex -52.2565 -70.1616 -8
      vertex -51.0839 -70.3358 -8
    endloop
  endfacet
  facet normal 0 0 -1
    outer loop
      vertex -52.995 -71.7182 -8
      vertex -52.2565 -70.1616 -8
      vertex -51.66 -71.9165 -8
    endloop
  endfacet
  facet normal 0 0 -1
    outer loop
      vertex -52.995 -71.7182 -8
      vertex -53.2616 -69.9174 -8
      vertex -52.2565 -70.1616 -8
    endloop
  endfacet
  facet normal 0 0 -1
    outer loop
      vertex -54.1394 -71.4401 -8
      vertex -53.2616 -69.9174 -8
      vertex -52.995 -71.7182 -8
    endloop
  endfacet
  facet normal 0 0 -1
    outer loop
      vertex -54.1394 -71.4401 -8
      vertex -54.1435 -69.6026 -8
      vertex -53.2616 -69.9174 -8
    endloop
  endfacet
  facet normal 0 0 -1
    outer loop
      vertex -55.1435 -71.0818 -8
      vertex -54.1435 -69.6026 -8
      vertex -54.1394 -71.4401 -8
    endloop
  endfacet
  facet normal -0 0 -1
    outer loop
      vertex -54.1435 -69.6026 -8
      vertex -55.1435 -71.0818 -8
      vertex -54.9241 -69.2167 -8
    endloop
  endfacet
  facet normal 0 0 -1
    outer loop
      vertex -56.0323 -70.6423 -8
      vertex -54.9241 -69.2167 -8
      vertex -55.1435 -71.0818 -8
    endloop
  endfacet
  facet normal -0 0 -1
    outer loop
      vertex -54.9241 -69.2167 -8
      vertex -56.0323 -70.6423 -8
      vertex -55.6157 -68.7583 -8
    endloop
  endfacet
  facet normal 0 0 -1
    outer loop
      vertex -56.8196 -70.1204 -8
      vertex -55.6157 -68.7583 -8
      vertex -56.0323 -70.6423 -8
    endloop
  endfacet
  facet normal -0 0 -1
    outer loop
      vertex -55.6157 -68.7583 -8
      vertex -56.8196 -70.1204 -8
      vertex -56.2256 -68.2256 -8
    endloop
  endfacet
  facet normal 0 0 -1
    outer loop
      vertex -57.514 -69.514 -8
      vertex -56.2256 -68.2256 -8
      vertex -56.8196 -70.1204 -8
    endloop
  endfacet
  facet normal 0 0 -1
    outer loop
      vertex -58.1204 -68.8196 -8
      vertex -56.2256 -68.2256 -8
      vertex -57.514 -69.514 -8
    endloop
  endfacet
  facet normal -0 0 -1
    outer loop
      vertex -56.2256 -68.2256 -8
      vertex -58.1204 -68.8196 -8
      vertex -56.7583 -67.6157 -8
    endloop
  endfacet
  facet normal 0 0 -1
    outer loop
      vertex -58.6423 -68.0323 -8
      vertex -56.7583 -67.6157 -8
      vertex -58.1204 -68.8196 -8
    endloop
  endfacet
  facet normal -0 0 -1
    outer loop
      vertex -56.7583 -67.6157 -8
      vertex -58.6423 -68.0323 -8
      vertex -57.2167 -66.9241 -8
    endloop
  endfacet
  facet normal 0 0 -1
    outer loop
      vertex -59.0818 -67.1435 -8
      vertex -57.2167 -66.9241 -8
      vertex -58.6423 -68.0323 -8
    endloop
  endfacet
  facet normal -0 0 -1
    outer loop
      vertex -57.2167 -66.9241 -8
      vertex -59.0818 -67.1435 -8
      vertex -57.6026 -66.1435 -8
    endloop
  endfacet
  facet normal 0 0 -1
    outer loop
      vertex -59.4401 -66.1394 -8
      vertex -57.6026 -66.1435 -8
      vertex -59.0818 -67.1435 -8
    endloop
  endfacet
  facet normal 0 0 -1
    outer loop
      vertex -57.6026 -66.1435 -8
      vertex -59.4401 -66.1394 -8
      vertex -57.9174 -65.2616 -8
    endloop
  endfacet
  facet normal 0 0 -1
    outer loop
      vertex -59.7182 -64.995 -8
      vertex -57.9174 -65.2616 -8
      vertex -59.4401 -66.1394 -8
    endloop
  endfacet
  facet normal 0 0 -1
    outer loop
      vertex -57.9174 -65.2616 -8
      vertex -59.7182 -64.995 -8
      vertex -58.1616 -64.2565 -8
    endloop
  endfacet
  facet normal 0 0 -1
    outer loop
      vertex -59.9165 -63.66 -8
      vertex -58.1616 -64.2565 -8
      vertex -59.7182 -64.995 -8
    endloop
  endfacet
  facet normal 0 0 -1
    outer loop
      vertex -58.1616 -64.2565 -8
      vertex -59.9165 -63.66 -8
      vertex -58.3358 -63.0839 -8
    endloop
  endfacet
  facet normal 0 0 -1
    outer loop
      vertex -60.0354 -62.0046 -8
      vertex -58.3358 -63.0839 -8
      vertex -59.9165 -63.66 -8
    endloop
  endfacet
  facet normal 0 0 -1
    outer loop
      vertex -58.3358 -63.0839 -8
      vertex -60.0354 -62.0046 -8
      vertex -58.4402 -61.6299 -8
    endloop
  endfacet
  facet normal 0 0 -1
    outer loop
      vertex -60.065 -59.7 -8
      vertex -58.4402 -61.6299 -8
      vertex -60.0354 -62.0046 -8
    endloop
  endfacet
  facet normal 0 0 -1
    outer loop
      vertex -58.4402 -61.6299 -8
      vertex -60.065 -59.7 -8
      vertex -58.465 -59.7 -8
    endloop
  endfacet
  facet normal 0 0 -1
    outer loop
      vertex 58.4402 -61.6299 -8
      vertex 60.075 -58.925 -8
      vertex 60.0354 -62.0046 -8
    endloop
  endfacet
  facet normal 0 0 -1
    outer loop
      vertex 58.4402 -61.6299 -8
      vertex 60.0354 -62.0046 -8
      vertex 59.9165 -63.66 -8
    endloop
  endfacet
  facet normal 0 0 -1
    outer loop
      vertex 58.4402 -61.6299 -8
      vertex 59.9165 -63.66 -8
      vertex 59.7182 -64.995 -8
    endloop
  endfacet
  facet normal 0 0 -1
    outer loop
      vertex 58.4402 -61.6299 -8
      vertex 59.7182 -64.995 -8
      vertex 59.4401 -66.1394 -8
    endloop
  endfacet
  facet normal 0 0 -1
    outer loop
      vertex 58.4402 -61.6299 -8
      vertex 59.4401 -66.1394 -8
      vertex 59.0818 -67.1435 -8
    endloop
  endfacet
  facet normal 0 0 -1
    outer loop
      vertex 57.2167 -66.9241 -8
      vertex 59.0818 -67.1435 -8
      vertex 58.6423 -68.0323 -8
    endloop
  endfacet
  facet normal 0 0 -1
    outer loop
      vertex 60.075 -58.925 -8
      vertex 58.475 -58.925 -8
      vertex 60.075 -55.7 -8
    endloop
  endfacet
  facet normal -0 0 -1
    outer loop
      vertex 60.075 -55.7 -8
      vertex 58.475 -58.925 -8
      vertex 58.475 -55.7 -8
    endloop
  endfacet
  facet normal 0 0 -1
    outer loop
      vertex -60.075 58.925 -8
      vertex -58.475 58.925 -8
      vertex -58.475 45.7 -8
    endloop
  endfacet
  facet normal 0 -0 -1
    outer loop
      vertex -60.0354 62.0046 -8
      vertex -58.475 58.925 -8
      vertex -60.075 58.925 -8
    endloop
  endfacet
  facet normal 0 -0 -1
    outer loop
      vertex -59.9165 63.66 -8
      vertex -58.475 58.925 -8
      vertex -60.0354 62.0046 -8
    endloop
  endfacet
  facet normal 0 -0 -1
    outer loop
      vertex -59.7182 64.995 -8
      vertex -58.475 58.925 -8
      vertex -59.9165 63.66 -8
    endloop
  endfacet
  facet normal 0 -0 -1
    outer loop
      vertex -59.4401 66.1394 -8
      vertex -58.475 58.925 -8
      vertex -59.7182 64.995 -8
    endloop
  endfacet
  facet normal 0 0 -1
    outer loop
      vertex -58.475 58.925 -8
      vertex -59.4401 66.1394 -8
      vertex -58.6423 68.0323 -8
    endloop
  endfacet
  facet normal 0 0 -1
    outer loop
      vertex -60.075 58.925 -8
      vertex -58.475 45.7 -8
      vertex -60.075 45.7 -8
    endloop
  endfacet
  facet normal 0 0 -1
    outer loop
      vertex -58.6423 68.0323 -8
      vertex -59.4401 66.1394 -8
      vertex -59.0818 67.1435 -8
    endloop
  endfacet
  facet normal 0 0 -1
    outer loop
      vertex -46.925 70.475 -8
      vertex 22.4443 70.7603 -8
      vertex 22.9203 70.475 -8
    endloop
  endfacet
  facet normal 0 0 -1
    outer loop
      vertex -46.925 70.475 -8
      vertex 21.6561 71.3449 -8
      vertex 22.4443 70.7603 -8
    endloop
  endfacet
  facet normal 0 0 -1
    outer loop
      vertex -46.925 70.475 -8
      vertex 20.9289 72.0039 -8
      vertex 21.6561 71.3449 -8
    endloop
  endfacet
  facet normal 0 0 -1
    outer loop
      vertex -46.925 70.475 -8
      vertex 20.8645 72.075 -8
      vertex 20.9289 72.0039 -8
    endloop
  endfacet
  facet normal 0 0 -1
    outer loop
      vertex -46.925 70.475 -8
      vertex -46.925 72.075 -8
      vertex 20.8645 72.075 -8
    endloop
  endfacet
  facet normal 0 0 -1
    outer loop
      vertex -49.6299 70.4402 -8
      vertex -46.925 72.075 -8
      vertex -46.925 70.475 -8
    endloop
  endfacet
  facet normal 0 0 -1
    outer loop
      vertex -49.6299 70.4402 -8
      vertex -50.0046 72.0354 -8
      vertex -46.925 72.075 -8
    endloop
  endfacet
  facet normal 0 0 -1
    outer loop
      vertex -51.0839 70.3358 -8
      vertex -50.0046 72.0354 -8
      vertex -49.6299 70.4402 -8
    endloop
  endfacet
  facet normal 0 0 -1
    outer loop
      vertex -51.0839 70.3358 -8
      vertex -51.66 71.9165 -8
      vertex -50.0046 72.0354 -8
    endloop
  endfacet
  facet normal 0 0 -1
    outer loop
      vertex -52.2565 70.1616 -8
      vertex -51.66 71.9165 -8
      vertex -51.0839 70.3358 -8
    endloop
  endfacet
  facet normal 0 0 -1
    outer loop
      vertex -52.2565 70.1616 -8
      vertex -52.995 71.7182 -8
      vertex -51.66 71.9165 -8
    endloop
  endfacet
  facet normal 0 0 -1
    outer loop
      vertex -53.2616 69.9174 -8
      vertex -52.995 71.7182 -8
      vertex -52.2565 70.1616 -8
    endloop
  endfacet
  facet normal 0 0 -1
    outer loop
      vertex -53.2616 69.9174 -8
      vertex -54.1394 71.4401 -8
      vertex -52.995 71.7182 -8
    endloop
  endfacet
  facet normal 0 0 -1
    outer loop
      vertex -54.1435 69.6026 -8
      vertex -54.1394 71.4401 -8
      vertex -53.2616 69.9174 -8
    endloop
  endfacet
  facet normal 0 0 -1
    outer loop
      vertex -55.1435 71.0818 -8
      vertex -54.1435 69.6026 -8
      vertex -54.9241 69.2167 -8
    endloop
  endfacet
  facet normal 0 0 -1
    outer loop
      vertex -54.1435 69.6026 -8
      vertex -55.1435 71.0818 -8
      vertex -54.1394 71.4401 -8
    endloop
  endfacet
  facet normal 0 0 -1
    outer loop
      vertex -56.0323 70.6423 -8
      vertex -54.9241 69.2167 -8
      vertex -55.6157 68.7583 -8
    endloop
  endfacet
  facet normal 0 0 -1
    outer loop
      vertex -54.9241 69.2167 -8
      vertex -56.0323 70.6423 -8
      vertex -55.1435 71.0818 -8
    endloop
  endfacet
  facet normal 0 0 -1
    outer loop
      vertex -56.8196 70.1204 -8
      vertex -55.6157 68.7583 -8
      vertex -56.2256 68.2256 -8
    endloop
  endfacet
  facet normal 0 0 -1
    outer loop
      vertex -58.1204 68.8196 -8
      vertex -56.2256 68.2256 -8
      vertex -56.7583 67.6157 -8
    endloop
  endfacet
  facet normal 0 0 -1
    outer loop
      vertex -55.6157 68.7583 -8
      vertex -56.8196 70.1204 -8
      vertex -56.0323 70.6423 -8
    endloop
  endfacet
  facet normal 0 0 -1
    outer loop
      vertex -58.6423 68.0323 -8
      vertex -56.7583 67.6157 -8
      vertex -57.2167 66.9241 -8
    endloop
  endfacet
  facet normal 0 0 -1
    outer loop
      vertex -56.2256 68.2256 -8
      vertex -57.514 69.514 -8
      vertex -56.8196 70.1204 -8
    endloop
  endfacet
  facet normal 0 0 -1
    outer loop
      vertex -58.6423 68.0323 -8
      vertex -57.2167 66.9241 -8
      vertex -57.6026 66.1435 -8
    endloop
  endfacet
  facet normal 0 0 -1
    outer loop
      vertex -58.6423 68.0323 -8
      vertex -57.6026 66.1435 -8
      vertex -57.9174 65.2616 -8
    endloop
  endfacet
  facet normal 0 0 -1
    outer loop
      vertex -56.2256 68.2256 -8
      vertex -58.1204 68.8196 -8
      vertex -57.514 69.514 -8
    endloop
  endfacet
  facet normal 0 0 -1
    outer loop
      vertex -58.6423 68.0323 -8
      vertex -57.9174 65.2616 -8
      vertex -58.1616 64.2565 -8
    endloop
  endfacet
  facet normal 0 0 -1
    outer loop
      vertex -58.6423 68.0323 -8
      vertex -58.1616 64.2565 -8
      vertex -58.3358 63.0839 -8
    endloop
  endfacet
  facet normal 0 0 -1
    outer loop
      vertex -58.6423 68.0323 -8
      vertex -58.3358 63.0839 -8
      vertex -58.4402 61.6299 -8
    endloop
  endfacet
  facet normal 0 0 -1
    outer loop
      vertex -56.7583 67.6157 -8
      vertex -58.6423 68.0323 -8
      vertex -58.1204 68.8196 -8
    endloop
  endfacet
  facet normal 0 0 -1
    outer loop
      vertex -58.6423 68.0323 -8
      vertex -58.4402 61.6299 -8
      vertex -58.475 58.925 -8
    endloop
  endfacet
  facet normal 0 0 -1
    outer loop
      vertex 58.475 58.925 -8
      vertex 60.075 58.925 -8
      vertex 60.075 15.7 -8
    endloop
  endfacet
  facet normal 0 0 -1
    outer loop
      vertex 58.4402 61.6299 -8
      vertex 60.075 58.925 -8
      vertex 58.475 58.925 -8
    endloop
  endfacet
  facet normal 0 0 -1
    outer loop
      vertex 60.075 58.925 -8
      vertex 58.4402 61.6299 -8
      vertex 60.0354 62.0046 -8
    endloop
  endfacet
  facet normal 0 0 -1
    outer loop
      vertex 58.3358 63.0839 -8
      vertex 60.0354 62.0046 -8
      vertex 58.4402 61.6299 -8
    endloop
  endfacet
  facet normal 0 0 -1
    outer loop
      vertex 60.0354 62.0046 -8
      vertex 58.3358 63.0839 -8
      vertex 59.9165 63.66 -8
    endloop
  endfacet
  facet normal 0 0 -1
    outer loop
      vertex 58.1616 64.2565 -8
      vertex 59.9165 63.66 -8
      vertex 58.3358 63.0839 -8
    endloop
  endfacet
  facet normal 0 0 -1
    outer loop
      vertex 58.475 58.925 -8
      vertex 60.075 15.7 -8
      vertex 58.475 15.7 -8
    endloop
  endfacet
  facet normal 0 0 -1
    outer loop
      vertex 59.9165 63.66 -8
      vertex 58.1616 64.2565 -8
      vertex 59.7182 64.995 -8
    endloop
  endfacet
  facet normal 0 0 -1
    outer loop
      vertex 57.9174 65.2616 -8
      vertex 59.7182 64.995 -8
      vertex 58.1616 64.2565 -8
    endloop
  endfacet
  facet normal 0 0 -1
    outer loop
      vertex 59.7182 64.995 -8
      vertex 57.9174 65.2616 -8
      vertex 59.4401 66.1394 -8
    endloop
  endfacet
  facet normal 0 0 -1
    outer loop
      vertex 57.6026 66.1435 -8
      vertex 59.4401 66.1394 -8
      vertex 57.9174 65.2616 -8
    endloop
  endfacet
  facet normal 0 0 -1
    outer loop
      vertex 59.4401 66.1394 -8
      vertex 57.6026 66.1435 -8
      vertex 59.0818 67.1435 -8
    endloop
  endfacet
  facet normal 0 0 -1
    outer loop
      vertex 57.2167 66.9241 -8
      vertex 59.0818 67.1435 -8
      vertex 57.6026 66.1435 -8
    endloop
  endfacet
  facet normal -0 0 -1
    outer loop
      vertex 59.0818 67.1435 -8
      vertex 57.2167 66.9241 -8
      vertex 58.6423 68.0323 -8
    endloop
  endfacet
  facet normal 0 0 -1
    outer loop
      vertex 56.7583 67.6157 -8
      vertex 58.6423 68.0323 -8
      vertex 57.2167 66.9241 -8
    endloop
  endfacet
  facet normal -0 0 -1
    outer loop
      vertex 58.6423 68.0323 -8
      vertex 56.7583 67.6157 -8
      vertex 58.1204 68.8196 -8
    endloop
  endfacet
  facet normal 0 0 -1
    outer loop
      vertex 56.2256 68.2256 -8
      vertex 58.1204 68.8196 -8
      vertex 56.7583 67.6157 -8
    endloop
  endfacet
  facet normal -0 0 -1
    outer loop
      vertex 58.1204 68.8196 -8
      vertex 56.2256 68.2256 -8
      vertex 57.514 69.514 -8
    endloop
  endfacet
  facet normal -0 0 -1
    outer loop
      vertex 57.514 69.514 -8
      vertex 56.2256 68.2256 -8
      vertex 56.8196 70.1204 -8
    endloop
  endfacet
  facet normal 0 0 -1
    outer loop
      vertex 55.6157 68.7583 -8
      vertex 56.8196 70.1204 -8
      vertex 56.2256 68.2256 -8
    endloop
  endfacet
  facet normal -0 0 -1
    outer loop
      vertex 56.8196 70.1204 -8
      vertex 55.6157 68.7583 -8
      vertex 56.0323 70.6423 -8
    endloop
  endfacet
  facet normal 0 0 -1
    outer loop
      vertex 54.9241 69.2167 -8
      vertex 56.0323 70.6423 -8
      vertex 55.6157 68.7583 -8
    endloop
  endfacet
  facet normal -0 0 -1
    outer loop
      vertex 56.0323 70.6423 -8
      vertex 54.9241 69.2167 -8
      vertex 55.1435 71.0818 -8
    endloop
  endfacet
  facet normal 0 0 -1
    outer loop
      vertex 54.1435 69.6026 -8
      vertex 55.1435 71.0818 -8
      vertex 54.9241 69.2167 -8
    endloop
  endfacet
  facet normal 0 0 -1
    outer loop
      vertex 54.1435 69.6026 -8
      vertex 54.1394 71.4401 -8
      vertex 55.1435 71.0818 -8
    endloop
  endfacet
  facet normal 0 0 -1
    outer loop
      vertex 53.2616 69.9174 -8
      vertex 54.1394 71.4401 -8
      vertex 54.1435 69.6026 -8
    endloop
  endfacet
  facet normal 0 0 -1
    outer loop
      vertex 53.2616 69.9174 -8
      vertex 52.995 71.7182 -8
      vertex 54.1394 71.4401 -8
    endloop
  endfacet
  facet normal 0 0 -1
    outer loop
      vertex 52.2565 70.1616 -8
      vertex 52.995 71.7182 -8
      vertex 53.2616 69.9174 -8
    endloop
  endfacet
  facet normal 0 0 -1
    outer loop
      vertex 52.2565 70.1616 -8
      vertex 51.66 71.9165 -8
      vertex 52.995 71.7182 -8
    endloop
  endfacet
  facet normal 0 0 -1
    outer loop
      vertex 51.0839 70.3358 -8
      vertex 51.66 71.9165 -8
      vertex 52.2565 70.1616 -8
    endloop
  endfacet
  facet normal 0 0 -1
    outer loop
      vertex 51.0839 70.3358 -8
      vertex 50.0046 72.0354 -8
      vertex 51.66 71.9165 -8
    endloop
  endfacet
  facet normal 0 0 -1
    outer loop
      vertex 49.6299 70.4402 -8
      vertex 50.0046 72.0354 -8
      vertex 51.0839 70.3358 -8
    endloop
  endfacet
  facet normal 0 0 -1
    outer loop
      vertex 46.925 72.075 -8
      vertex 49.6299 70.4402 -8
      vertex 46.925 70.475 -8
    endloop
  endfacet
  facet normal 0 0 -1
    outer loop
      vertex 49.6299 70.4402 -8
      vertex 46.925 72.075 -8
      vertex 50.0046 72.0354 -8
    endloop
  endfacet
  facet normal 0 0 -1
    outer loop
      vertex 46.925 70.475 -8
      vertex 35.1355 72.075 -8
      vertex 46.925 72.075 -8
    endloop
  endfacet
  facet normal 0 0 -1
    outer loop
      vertex 46.925 70.475 -8
      vertex 35.0711 72.0039 -8
      vertex 35.1355 72.075 -8
    endloop
  endfacet
  facet normal 0 0 -1
    outer loop
      vertex 46.925 70.475 -8
      vertex 34.3439 71.3449 -8
      vertex 35.0711 72.0039 -8
    endloop
  endfacet
  facet normal 0 0 -1
    outer loop
      vertex 46.925 70.475 -8
      vertex 33.5557 70.7603 -8
      vertex 34.3439 71.3449 -8
    endloop
  endfacet
  facet normal 0 -0 -1
    outer loop
      vertex 33.5557 70.7603 -8
      vertex 46.925 70.475 -8
      vertex 33.0797 70.475 -8
    endloop
  endfacet
  facet normal 0 0 -1
    outer loop
      vertex -60.075 -58.5 -8
      vertex -58.475 -49.5 -8
      vertex -58.475 -58.5 -8
    endloop
  endfacet
  facet normal -0 0 -1
    outer loop
      vertex -58.475 -49.5 -8
      vertex -60.075 -58.5 -8
      vertex -60.075 -49.5 -8
    endloop
  endfacet
  facet normal 0 0 -1
    outer loop
      vertex -60.075 -48.3 -8
      vertex -58.475 -0.7 -8
      vertex -58.475 -48.3 -8
    endloop
  endfacet
  facet normal -0 0 -1
    outer loop
      vertex -58.475 -0.7 -8
      vertex -60.075 -48.3 -8
      vertex -60.075 -0.7 -8
    endloop
  endfacet
  facet normal 0 0 -1
    outer loop
      vertex -60.075 0.5 -8
      vertex -58.475 9.5 -8
      vertex -58.475 0.5 -8
    endloop
  endfacet
  facet normal -0 0 -1
    outer loop
      vertex -58.475 9.5 -8
      vertex -60.075 0.5 -8
      vertex -60.075 9.5 -8
    endloop
  endfacet
  facet normal 0 0 -1
    outer loop
      vertex -60.075 10.7 -8
      vertex -58.475 34.3 -8
      vertex -58.475 10.7 -8
    endloop
  endfacet
  facet normal -0 0 -1
    outer loop
      vertex -58.475 34.3 -8
      vertex -60.075 10.7 -8
      vertex -60.075 34.3 -8
    endloop
  endfacet
  facet normal 0 0 -1
    outer loop
      vertex -60.075 35.5 -8
      vertex -58.475 44.5 -8
      vertex -58.475 35.5 -8
    endloop
  endfacet
  facet normal -0 0 -1
    outer loop
      vertex -58.475 44.5 -8
      vertex -60.075 35.5 -8
      vertex -60.075 44.5 -8
    endloop
  endfacet
  facet normal 0 0 -1
    outer loop
      vertex 58.475 -54.5 -8
      vertex 60.075 -45.5 -8
      vertex 60.075 -54.5 -8
    endloop
  endfacet
  facet normal -0 0 -1
    outer loop
      vertex 60.075 -45.5 -8
      vertex 58.475 -54.5 -8
      vertex 58.475 -45.5 -8
    endloop
  endfacet
  facet normal 0 0 -1
    outer loop
      vertex 58.475 -44.3 -8
      vertex 60.075 -25.7 -8
      vertex 60.075 -44.3 -8
    endloop
  endfacet
  facet normal -0 0 -1
    outer loop
      vertex 60.075 -25.7 -8
      vertex 58.475 -44.3 -8
      vertex 58.475 -25.7 -8
    endloop
  endfacet
  facet normal 0 0 -1
    outer loop
      vertex 58.475 -24.5 -8
      vertex 60.075 -15.5 -8
      vertex 60.075 -24.5 -8
    endloop
  endfacet
  facet normal -0 0 -1
    outer loop
      vertex 60.075 -15.5 -8
      vertex 58.475 -24.5 -8
      vertex 58.475 -15.5 -8
    endloop
  endfacet
  facet normal 0 0 -1
    outer loop
      vertex 58.475 -14.3 -8
      vertex 60.075 4.3 -8
      vertex 60.075 -14.3 -8
    endloop
  endfacet
  facet normal -0 0 -1
    outer loop
      vertex 60.075 4.3 -8
      vertex 58.475 -14.3 -8
      vertex 58.475 4.3 -8
    endloop
  endfacet
  facet normal 0 0 -1
    outer loop
      vertex 58.475 5.5 -8
      vertex 60.075 14.5 -8
      vertex 60.075 5.5 -8
    endloop
  endfacet
  facet normal -0 0 -1
    outer loop
      vertex 60.075 14.5 -8
      vertex 58.475 5.5 -8
      vertex 58.475 14.5 -8
    endloop
  endfacet
  facet normal -0.146927 0.989147 0
    outer loop
      vertex -51.66 71.9165 -8
      vertex -52.995 71.7182 2.95
      vertex -51.66 71.9165 2.95
    endloop
  endfacet
  facet normal -0.146927 0.989147 0
    outer loop
      vertex -52.995 71.7182 2.95
      vertex -51.66 71.9165 -8
      vertex -52.995 71.7182 -8
    endloop
  endfacet
  facet normal 0.443256 0.896395 -0
    outer loop
      vertex 56.0323 70.6423 -8
      vertex 55.1435 71.0818 2.95
      vertex 56.0323 70.6423 2.95
    endloop
  endfacet
  facet normal 0.443256 0.896395 0
    outer loop
      vertex 55.1435 71.0818 2.95
      vertex 56.0323 70.6423 -8
      vertex 55.1435 71.0818 -8
    endloop
  endfacet
  facet normal -0.941833 -0.336081 0
    outer loop
      vertex -59.0818 -67.1435 -8
      vertex -59.4401 -66.1394 2.95
      vertex -59.4401 -66.1394 -8
    endloop
  endfacet
  facet normal -0.941833 -0.336081 0
    outer loop
      vertex -59.4401 -66.1394 2.95
      vertex -59.0818 -67.1435 -8
      vertex -59.0818 -67.1435 2.95
    endloop
  endfacet
  facet normal -0.97172 0.236137 0
    outer loop
      vertex -59.7182 64.995 -8
      vertex -59.4401 66.1394 2.95
      vertex -59.4401 66.1394 -8
    endloop
  endfacet
  facet normal -0.97172 0.236137 0
    outer loop
      vertex -59.4401 66.1394 2.95
      vertex -59.7182 64.995 -8
      vertex -59.7182 64.995 2.95
    endloop
  endfacet
  facet normal -0.99743 -0.071641 0
    outer loop
      vertex -59.9165 -63.66 -8
      vertex -60.0354 -62.0046 2.95
      vertex -60.0354 -62.0046 -8
    endloop
  endfacet
  facet normal -0.99743 -0.071641 0
    outer loop
      vertex -60.0354 -62.0046 2.95
      vertex -59.9165 -63.66 -8
      vertex -59.9165 -63.66 2.95
    endloop
  endfacet
  facet normal 0.071641 0.99743 -0
    outer loop
      vertex 51.66 71.9165 -8
      vertex 50.0046 72.0354 2.95
      vertex 51.66 71.9165 2.95
    endloop
  endfacet
  facet normal 0.071641 0.99743 0
    outer loop
      vertex 50.0046 72.0354 2.95
      vertex 51.66 71.9165 -8
      vertex 50.0046 72.0354 -8
    endloop
  endfacet
  facet normal -0.989147 -0.146927 0
    outer loop
      vertex -59.7182 -64.995 -8
      vertex -59.9165 -63.66 2.95
      vertex -59.9165 -63.66 -8
    endloop
  endfacet
  facet normal -0.989147 -0.146927 0
    outer loop
      vertex -59.9165 -63.66 2.95
      vertex -59.7182 -64.995 -8
      vertex -59.7182 -64.995 2.95
    endloop
  endfacet
  facet normal 0.0128577 0.999917 -0
    outer loop
      vertex 50.0046 72.0354 -8
      vertex 46.925 72.075 2.95
      vertex 50.0046 72.0354 2.95
    endloop
  endfacet
  facet normal 0.0128577 0.999917 0
    outer loop
      vertex 46.925 72.075 2.95
      vertex 50.0046 72.0354 -8
      vertex 46.925 72.075 -8
    endloop
  endfacet
  facet normal -0.833497 -0.552524 0
    outer loop
      vertex -58.1204 -68.8196 -8
      vertex -58.6423 -68.0323 2.95
      vertex -58.6423 -68.0323 -8
    endloop
  endfacet
  facet normal -0.833497 -0.552524 0
    outer loop
      vertex -58.6423 -68.0323 2.95
      vertex -58.1204 -68.8196 -8
      vertex -58.1204 -68.8196 2.95
    endloop
  endfacet
  facet normal 0.896395 0.443256 0
    outer loop
      vertex 59.0818 67.1435 2.95
      vertex 58.6423 68.0323 -8
      vertex 58.6423 68.0323 2.95
    endloop
  endfacet
  facet normal 0.896395 0.443256 0
    outer loop
      vertex 58.6423 68.0323 -8
      vertex 59.0818 67.1435 2.95
      vertex 59.0818 67.1435 -8
    endloop
  endfacet
  facet normal 0.833497 0.552524 0
    outer loop
      vertex 58.6423 68.0323 2.95
      vertex 58.1204 68.8196 -8
      vertex 58.1204 68.8196 2.95
    endloop
  endfacet
  facet normal 0.833497 0.552524 0
    outer loop
      vertex 58.1204 68.8196 -8
      vertex 58.6423 68.0323 2.95
      vertex 58.6423 68.0323 -8
    endloop
  endfacet
  facet normal 0.989147 -0.146927 0
    outer loop
      vertex 59.7182 -64.995 2.95
      vertex 59.9165 -63.66 -8
      vertex 59.9165 -63.66 2.95
    endloop
  endfacet
  facet normal 0.989147 -0.146927 0
    outer loop
      vertex 59.9165 -63.66 -8
      vertex 59.7182 -64.995 2.95
      vertex 59.7182 -64.995 -8
    endloop
  endfacet
  facet normal 0.753221 0.657767 0
    outer loop
      vertex 58.1204 68.8196 2.95
      vertex 57.514 69.514 -8
      vertex 57.514 69.514 2.95
    endloop
  endfacet
  facet normal 0.753221 0.657767 0
    outer loop
      vertex 57.514 69.514 -8
      vertex 58.1204 68.8196 2.95
      vertex 58.1204 68.8196 -8
    endloop
  endfacet
  facet normal 0.657767 0.753221 -0
    outer loop
      vertex 57.514 69.514 -8
      vertex 56.8196 70.1204 2.95
      vertex 57.514 69.514 2.95
    endloop
  endfacet
  facet normal 0.657767 0.753221 0
    outer loop
      vertex 56.8196 70.1204 2.95
      vertex 57.514 69.514 -8
      vertex 56.8196 70.1204 -8
    endloop
  endfacet
  facet normal -0.753165 0.657831 0
    outer loop
      vertex 56.2256 -68.2256 -8
      vertex 56.7583 -67.6157 0
      vertex 56.7583 -67.6157 -8
    endloop
  endfacet
  facet normal -0.753165 0.657831 0
    outer loop
      vertex 56.7583 -67.6157 0
      vertex 56.2256 -68.2256 -8
      vertex 56.2256 -68.2256 0
    endloop
  endfacet
  facet normal -0.657831 0.753165 0
    outer loop
      vertex 56.2256 -68.2256 -8
      vertex 55.6157 -68.7583 0
      vertex 56.2256 -68.2256 0
    endloop
  endfacet
  facet normal -0.657831 0.753165 0
    outer loop
      vertex 55.6157 -68.7583 0
      vertex 56.2256 -68.2256 -8
      vertex 55.6157 -68.7583 -8
    endloop
  endfacet
  facet normal 0 1 -0
    outer loop
      vertex 46.925 -70.475 -8
      vertex -46.925 -70.475 0
      vertex 46.925 -70.475 0
    endloop
  endfacet
  facet normal 0 1 0
    outer loop
      vertex -46.925 -70.475 0
      vertex 46.925 -70.475 -8
      vertex -46.925 -70.475 -8
    endloop
  endfacet
  facet normal -0.236093 0.971731 0
    outer loop
      vertex 53.2616 -69.9174 -8
      vertex 52.2565 -70.1616 0
      vertex 53.2616 -69.9174 0
    endloop
  endfacet
  facet normal -0.236093 0.971731 0
    outer loop
      vertex 52.2565 -70.1616 0
      vertex 53.2616 -69.9174 -8
      vertex 52.2565 -70.1616 -8
    endloop
  endfacet
  facet normal -0.971731 0.236093 0
    outer loop
      vertex 57.9174 -65.2616 -8
      vertex 58.1616 -64.2565 0
      vertex 58.1616 -64.2565 -8
    endloop
  endfacet
  facet normal -0.971731 0.236093 0
    outer loop
      vertex 58.1616 -64.2565 0
      vertex 57.9174 -65.2616 -8
      vertex 57.9174 -65.2616 0
    endloop
  endfacet
  facet normal 0.552473 0.833531 -0
    outer loop
      vertex -54.9241 -69.2167 -8
      vertex -55.6157 -68.7583 0
      vertex -54.9241 -69.2167 0
    endloop
  endfacet
  facet normal 0.552473 0.833531 0
    outer loop
      vertex -55.6157 -68.7583 0
      vertex -54.9241 -69.2167 -8
      vertex -55.6157 -68.7583 -8
    endloop
  endfacet
  facet normal 0.997432 -0.0716176 0
    outer loop
      vertex -58.4402 61.6299 0
      vertex -58.3358 63.0839 -8
      vertex -58.3358 63.0839 0
    endloop
  endfacet
  facet normal 0.997432 -0.0716176 0
    outer loop
      vertex -58.3358 63.0839 -8
      vertex -58.4402 61.6299 0
      vertex -58.4402 61.6299 -8
    endloop
  endfacet
  facet normal 0.833531 -0.552473 0
    outer loop
      vertex -57.2167 66.9241 0
      vertex -56.7583 67.6157 -8
      vertex -56.7583 67.6157 0
    endloop
  endfacet
  facet normal 0.833531 -0.552473 0
    outer loop
      vertex -56.7583 67.6157 -8
      vertex -57.2167 66.9241 0
      vertex -57.2167 66.9241 -8
    endloop
  endfacet
  facet normal 0.941797 0.336181 0
    outer loop
      vertex -57.6026 -66.1435 0
      vertex -57.9174 -65.2616 -8
      vertex -57.9174 -65.2616 0
    endloop
  endfacet
  facet normal 0.941797 0.336181 0
    outer loop
      vertex -57.9174 -65.2616 -8
      vertex -57.6026 -66.1435 0
      vertex -57.6026 -66.1435 -8
    endloop
  endfacet
  facet normal 0.941797 -0.336181 0
    outer loop
      vertex -57.9174 65.2616 0
      vertex -57.6026 66.1435 -8
      vertex -57.6026 66.1435 0
    endloop
  endfacet
  facet normal 0.941797 -0.336181 0
    outer loop
      vertex -57.6026 66.1435 -8
      vertex -57.9174 65.2616 0
      vertex -57.9174 65.2616 -8
    endloop
  endfacet
  facet normal 0.236093 0.971731 -0
    outer loop
      vertex -52.2565 -70.1616 -8
      vertex -53.2616 -69.9174 0
      vertex -52.2565 -70.1616 0
    endloop
  endfacet
  facet normal 0.236093 0.971731 0
    outer loop
      vertex -53.2616 -69.9174 0
      vertex -52.2565 -70.1616 -8
      vertex -53.2616 -69.9174 -8
    endloop
  endfacet
  facet normal 0.753165 0.657831 0
    outer loop
      vertex -56.2256 -68.2256 0
      vertex -56.7583 -67.6157 -8
      vertex -56.7583 -67.6157 0
    endloop
  endfacet
  facet normal 0.753165 0.657831 0
    outer loop
      vertex -56.7583 -67.6157 -8
      vertex -56.2256 -68.2256 0
      vertex -56.2256 -68.2256 -8
    endloop
  endfacet
  facet normal 0.443167 0.896439 -0
    outer loop
      vertex -54.1435 -69.6026 -8
      vertex -54.9241 -69.2167 0
      vertex -54.1435 -69.6026 0
    endloop
  endfacet
  facet normal 0.443167 0.896439 0
    outer loop
      vertex -54.9241 -69.2167 0
      vertex -54.1435 -69.6026 -8
      vertex -54.9241 -69.2167 -8
    endloop
  endfacet
  facet normal -0.0128645 0.999917 0
    outer loop
      vertex 49.6299 -70.4402 -8
      vertex 46.925 -70.475 0
      vertex 49.6299 -70.4402 0
    endloop
  endfacet
  facet normal -0.0128645 0.999917 0
    outer loop
      vertex 46.925 -70.475 0
      vertex 49.6299 -70.4402 -8
      vertex 46.925 -70.475 -8
    endloop
  endfacet
  facet normal -0.941797 -0.336181 0
    outer loop
      vertex 57.9174 65.2616 -8
      vertex 57.6026 66.1435 0
      vertex 57.6026 66.1435 -8
    endloop
  endfacet
  facet normal -0.941797 -0.336181 0
    outer loop
      vertex 57.6026 66.1435 0
      vertex 57.9174 65.2616 -8
      vertex 57.9174 65.2616 0
    endloop
  endfacet
  facet normal -0.0716176 0.997432 0
    outer loop
      vertex 51.0839 -70.3358 -8
      vertex 49.6299 -70.4402 0
      vertex 51.0839 -70.3358 0
    endloop
  endfacet
  facet normal -0.0716176 0.997432 0
    outer loop
      vertex 49.6299 -70.4402 0
      vertex 51.0839 -70.3358 -8
      vertex 49.6299 -70.4402 -8
    endloop
  endfacet
  facet normal 1 -0 0
    outer loop
      vertex -58.475 35.5 -7.59999
      vertex -58.475 44.5 -8
      vertex -58.475 44.5 -7.59999
    endloop
  endfacet
  facet normal 1 0 0
    outer loop
      vertex -58.475 44.5 -8
      vertex -58.475 35.5 -7.59999
      vertex -58.475 35.5 -8
    endloop
  endfacet
  facet normal 1 -0 0
    outer loop
      vertex -58.475 35.5 0
      vertex -58.475 44.5 -5.2
      vertex -58.475 44.5 0
    endloop
  endfacet
  facet normal 1 0 0
    outer loop
      vertex -58.475 44.5 -5.2
      vertex -58.475 35.5 0
      vertex -58.475 35.5 -5.2
    endloop
  endfacet
  facet normal 1 -0 0
    outer loop
      vertex -58.475 -58.5 -7.59999
      vertex -58.475 -49.5 -8
      vertex -58.475 -49.5 -7.59999
    endloop
  endfacet
  facet normal 1 0 0
    outer loop
      vertex -58.475 -49.5 -8
      vertex -58.475 -58.5 -7.59999
      vertex -58.475 -58.5 -8
    endloop
  endfacet
  facet normal 1 -0 0
    outer loop
      vertex -58.475 -58.5 0
      vertex -58.475 -49.5 -5.2
      vertex -58.475 -49.5 0
    endloop
  endfacet
  facet normal 1 0 0
    outer loop
      vertex -58.475 -49.5 -5.2
      vertex -58.475 -58.5 0
      vertex -58.475 -58.5 -5.2
    endloop
  endfacet
  facet normal 1 -0 0
    outer loop
      vertex -58.475 0.5 -7.59999
      vertex -58.475 9.5 -8
      vertex -58.475 9.5 -7.59999
    endloop
  endfacet
  facet normal 1 0 0
    outer loop
      vertex -58.475 9.5 -8
      vertex -58.475 0.5 -7.59999
      vertex -58.475 0.5 -8
    endloop
  endfacet
  facet normal 1 -0 0
    outer loop
      vertex -58.475 0.5 0
      vertex -58.475 9.5 -5.2
      vertex -58.475 9.5 0
    endloop
  endfacet
  facet normal 1 0 0
    outer loop
      vertex -58.475 9.5 -5.2
      vertex -58.475 0.5 0
      vertex -58.475 0.5 -5.2
    endloop
  endfacet
  facet normal 1 -0 0
    outer loop
      vertex -58.475 45.7 0
      vertex -58.475 58.925 -8
      vertex -58.475 58.925 0
    endloop
  endfacet
  facet normal 1 0 0
    outer loop
      vertex -58.475 58.925 -8
      vertex -58.475 45.7 0
      vertex -58.475 45.7 -8
    endloop
  endfacet
  facet normal 1 -0 0
    outer loop
      vertex -58.475 10.7 0
      vertex -58.475 34.3 -8
      vertex -58.475 34.3 0
    endloop
  endfacet
  facet normal 1 0 0
    outer loop
      vertex -58.475 34.3 -8
      vertex -58.475 10.7 0
      vertex -58.475 10.7 -8
    endloop
  endfacet
  facet normal 1 -0 0
    outer loop
      vertex -58.475 -48.3 0
      vertex -58.475 -0.7 -8
      vertex -58.475 -0.7 0
    endloop
  endfacet
  facet normal 1 0 0
    outer loop
      vertex -58.475 -0.7 -8
      vertex -58.475 -48.3 0
      vertex -58.475 -48.3 -8
    endloop
  endfacet
  facet normal -0.999917 0.0128645 0
    outer loop
      vertex 58.4402 -61.6299 -8
      vertex 58.475 -58.925 0
      vertex 58.475 -58.925 -8
    endloop
  endfacet
  facet normal -0.999917 0.0128645 0
    outer loop
      vertex 58.475 -58.925 0
      vertex 58.4402 -61.6299 -8
      vertex 58.4402 -61.6299 0
    endloop
  endfacet
  facet normal 0.896439 -0.443167 0
    outer loop
      vertex -57.6026 66.1435 0
      vertex -57.2167 66.9241 -8
      vertex -57.2167 66.9241 0
    endloop
  endfacet
  facet normal 0.896439 -0.443167 0
    outer loop
      vertex -57.2167 66.9241 -8
      vertex -57.6026 66.1435 0
      vertex -57.6026 66.1435 -8
    endloop
  endfacet
  facet normal -0.336181 0.941797 0
    outer loop
      vertex 54.1435 -69.6026 -8
      vertex 53.2616 -69.9174 0
      vertex 54.1435 -69.6026 0
    endloop
  endfacet
  facet normal -0.336181 0.941797 0
    outer loop
      vertex 53.2616 -69.9174 0
      vertex 54.1435 -69.6026 -8
      vertex 53.2616 -69.9174 -8
    endloop
  endfacet
  facet normal -0.443167 0.896439 0
    outer loop
      vertex 54.9241 -69.2167 -8
      vertex 54.1435 -69.6026 0
      vertex 54.9241 -69.2167 0
    endloop
  endfacet
  facet normal -0.443167 0.896439 0
    outer loop
      vertex 54.1435 -69.6026 0
      vertex 54.9241 -69.2167 -8
      vertex 54.1435 -69.6026 -8
    endloop
  endfacet
  facet normal 0.997432 0.0716176 0
    outer loop
      vertex -58.3358 -63.0839 0
      vertex -58.4402 -61.6299 -8
      vertex -58.4402 -61.6299 0
    endloop
  endfacet
  facet normal 0.997432 0.0716176 0
    outer loop
      vertex -58.4402 -61.6299 -8
      vertex -58.3358 -63.0839 0
      vertex -58.3358 -63.0839 -8
    endloop
  endfacet
  facet normal 0.0716176 -0.997432 0
    outer loop
      vertex -51.0839 70.3358 -8
      vertex -49.6299 70.4402 0
      vertex -51.0839 70.3358 0
    endloop
  endfacet
  facet normal 0.0716176 -0.997432 0
    outer loop
      vertex -49.6299 70.4402 0
      vertex -51.0839 70.3358 -8
      vertex -49.6299 70.4402 -8
    endloop
  endfacet
  facet normal -0.971731 -0.236093 0
    outer loop
      vertex 58.1616 64.2565 -8
      vertex 57.9174 65.2616 0
      vertex 57.9174 65.2616 -8
    endloop
  endfacet
  facet normal -0.971731 -0.236093 0
    outer loop
      vertex 57.9174 65.2616 0
      vertex 58.1616 64.2565 -8
      vertex 58.1616 64.2565 0
    endloop
  endfacet
  facet normal 0.0128645 -0.999917 0
    outer loop
      vertex -49.6299 70.4402 -8
      vertex -46.925 70.475 0
      vertex -49.6299 70.4402 0
    endloop
  endfacet
  facet normal 0.0128645 -0.999917 0
    outer loop
      vertex -46.925 70.475 0
      vertex -49.6299 70.4402 -8
      vertex -46.925 70.475 -8
    endloop
  endfacet
  facet normal -0.997432 -0.0716176 0
    outer loop
      vertex 58.4402 61.6299 -8
      vertex 58.3358 63.0839 0
      vertex 58.3358 63.0839 -8
    endloop
  endfacet
  facet normal -0.997432 -0.0716176 0
    outer loop
      vertex 58.3358 63.0839 0
      vertex 58.4402 61.6299 -8
      vertex 58.4402 61.6299 0
    endloop
  endfacet
  facet normal -1 0 0
    outer loop
      vertex 58.475 5.5 -8
      vertex 58.475 14.5 -7.59999
      vertex 58.475 14.5 -8
    endloop
  endfacet
  facet normal -1 -0 0
    outer loop
      vertex 58.475 14.5 -7.59999
      vertex 58.475 5.5 -8
      vertex 58.475 5.5 -7.59999
    endloop
  endfacet
  facet normal -1 0 0
    outer loop
      vertex 58.475 5.5 -5.2
      vertex 58.475 14.5 0
      vertex 58.475 14.5 -5.2
    endloop
  endfacet
  facet normal -1 -0 0
    outer loop
      vertex 58.475 14.5 0
      vertex 58.475 5.5 -5.2
      vertex 58.475 5.5 0
    endloop
  endfacet
  facet normal -1 0 0
    outer loop
      vertex 58.475 -54.5 -8
      vertex 58.475 -45.5 -7.59999
      vertex 58.475 -45.5 -8
    endloop
  endfacet
  facet normal -1 -0 0
    outer loop
      vertex 58.475 -45.5 -7.59999
      vertex 58.475 -54.5 -8
      vertex 58.475 -54.5 -7.59999
    endloop
  endfacet
  facet normal -1 0 0
    outer loop
      vertex 58.475 -54.5 -5.2
      vertex 58.475 -45.5 0
      vertex 58.475 -45.5 -5.2
    endloop
  endfacet
  facet normal -1 -0 0
    outer loop
      vertex 58.475 -45.5 0
      vertex 58.475 -54.5 -5.2
      vertex 58.475 -54.5 0
    endloop
  endfacet
  facet normal -1 0 0
    outer loop
      vertex 58.475 -24.5 -8
      vertex 58.475 -15.5 -7.59999
      vertex 58.475 -15.5 -8
    endloop
  endfacet
  facet normal -1 -0 0
    outer loop
      vertex 58.475 -15.5 -7.59999
      vertex 58.475 -24.5 -8
      vertex 58.475 -24.5 -7.59999
    endloop
  endfacet
  facet normal -1 0 0
    outer loop
      vertex 58.475 -24.5 -5.2
      vertex 58.475 -15.5 0
      vertex 58.475 -15.5 -5.2
    endloop
  endfacet
  facet normal -1 -0 0
    outer loop
      vertex 58.475 -15.5 0
      vertex 58.475 -24.5 -5.2
      vertex 58.475 -24.5 0
    endloop
  endfacet
  facet normal -1 0 0
    outer loop
      vertex 58.475 -58.925 -8
      vertex 58.475 -55.7 0
      vertex 58.475 -55.7 -8
    endloop
  endfacet
  facet normal -1 -0 0
    outer loop
      vertex 58.475 -55.7 0
      vertex 58.475 -58.925 -8
      vertex 58.475 -58.925 0
    endloop
  endfacet
  facet normal -1 0 0
    outer loop
      vertex 58.475 15.7 -8
      vertex 58.475 58.925 0
      vertex 58.475 58.925 -8
    endloop
  endfacet
  facet normal -1 -0 0
    outer loop
      vertex 58.475 58.925 0
      vertex 58.475 15.7 -8
      vertex 58.475 15.7 0
    endloop
  endfacet
  facet normal -1 0 0
    outer loop
      vertex 58.475 -14.3 -8
      vertex 58.475 4.3 0
      vertex 58.475 4.3 -8
    endloop
  endfacet
  facet normal -1 -0 0
    outer loop
      vertex 58.475 4.3 0
      vertex 58.475 -14.3 -8
      vertex 58.475 -14.3 0
    endloop
  endfacet
  facet normal -1 0 0
    outer loop
      vertex 58.475 -44.3 -8
      vertex 58.475 -25.7 0
      vertex 58.475 -25.7 -8
    endloop
  endfacet
  facet normal -1 -0 0
    outer loop
      vertex 58.475 -25.7 0
      vertex 58.475 -44.3 -8
      vertex 58.475 -44.3 0
    endloop
  endfacet
  facet normal 0.999917 -0.0128645 0
    outer loop
      vertex -58.475 58.925 0
      vertex -58.4402 61.6299 -8
      vertex -58.4402 61.6299 0
    endloop
  endfacet
  facet normal 0.999917 -0.0128645 0
    outer loop
      vertex -58.4402 61.6299 -8
      vertex -58.475 58.925 0
      vertex -58.475 58.925 -8
    endloop
  endfacet
  facet normal -0.896439 0.443167 0
    outer loop
      vertex 57.2167 -66.9241 -8
      vertex 57.6026 -66.1435 0
      vertex 57.6026 -66.1435 -8
    endloop
  endfacet
  facet normal -0.896439 0.443167 0
    outer loop
      vertex 57.6026 -66.1435 0
      vertex 57.2167 -66.9241 -8
      vertex 57.2167 -66.9241 0
    endloop
  endfacet
  facet normal -0.896439 -0.443167 0
    outer loop
      vertex 57.6026 66.1435 -8
      vertex 57.2167 66.9241 0
      vertex 57.2167 66.9241 -8
    endloop
  endfacet
  facet normal -0.896439 -0.443167 0
    outer loop
      vertex 57.2167 66.9241 0
      vertex 57.6026 66.1435 -8
      vertex 57.6026 66.1435 0
    endloop
  endfacet
  facet normal 0.989145 -0.146946 0
    outer loop
      vertex -58.3358 63.0839 0
      vertex -58.1616 64.2565 -8
      vertex -58.1616 64.2565 0
    endloop
  endfacet
  facet normal 0.989145 -0.146946 0
    outer loop
      vertex -58.1616 64.2565 -8
      vertex -58.3358 63.0839 0
      vertex -58.3358 63.0839 -8
    endloop
  endfacet
  facet normal -0.146946 0.989145 0
    outer loop
      vertex 52.2565 -70.1616 -8
      vertex 51.0839 -70.3358 0
      vertex 52.2565 -70.1616 0
    endloop
  endfacet
  facet normal -0.146946 0.989145 0
    outer loop
      vertex 51.0839 -70.3358 0
      vertex 52.2565 -70.1616 -8
      vertex 51.0839 -70.3358 -8
    endloop
  endfacet
  facet normal 0.999917 0.0128493 0
    outer loop
      vertex -58.4402 -61.6299 0
      vertex -58.465 -59.7 -8
      vertex -58.465 -59.7 0
    endloop
  endfacet
  facet normal 0.999917 0.0128493 0
    outer loop
      vertex -58.465 -59.7 -8
      vertex -58.4402 -61.6299 0
      vertex -58.4402 -61.6299 -8
    endloop
  endfacet
  facet normal 0.657831 0.753165 -0
    outer loop
      vertex -55.6157 -68.7583 -8
      vertex -56.2256 -68.2256 0
      vertex -55.6157 -68.7583 0
    endloop
  endfacet
  facet normal 0.657831 0.753165 0
    outer loop
      vertex -56.2256 -68.2256 0
      vertex -55.6157 -68.7583 -8
      vertex -56.2256 -68.2256 -8
    endloop
  endfacet
  facet normal 0.896439 0.443167 0
    outer loop
      vertex -57.2167 -66.9241 0
      vertex -57.6026 -66.1435 -8
      vertex -57.6026 -66.1435 0
    endloop
  endfacet
  facet normal 0.896439 0.443167 0
    outer loop
      vertex -57.6026 -66.1435 -8
      vertex -57.2167 -66.9241 0
      vertex -57.2167 -66.9241 -8
    endloop
  endfacet
  facet normal -0.443167 -0.896439 0
    outer loop
      vertex 54.1435 69.6026 -8
      vertex 54.9241 69.2167 0
      vertex 54.1435 69.6026 0
    endloop
  endfacet
  facet normal -0.443167 -0.896439 -0
    outer loop
      vertex 54.9241 69.2167 0
      vertex 54.1435 69.6026 -8
      vertex 54.9241 69.2167 -8
    endloop
  endfacet
  facet normal 0.971731 -0.236093 0
    outer loop
      vertex -58.1616 64.2565 0
      vertex -57.9174 65.2616 -8
      vertex -57.9174 65.2616 0
    endloop
  endfacet
  facet normal 0.971731 -0.236093 0
    outer loop
      vertex -57.9174 65.2616 -8
      vertex -58.1616 64.2565 0
      vertex -58.1616 64.2565 -8
    endloop
  endfacet
  facet normal -0.999917 -0.0128645 0
    outer loop
      vertex 58.475 58.925 -8
      vertex 58.4402 61.6299 0
      vertex 58.4402 61.6299 -8
    endloop
  endfacet
  facet normal -0.999917 -0.0128645 0
    outer loop
      vertex 58.4402 61.6299 0
      vertex 58.475 58.925 -8
      vertex 58.475 58.925 0
    endloop
  endfacet
  facet normal -0.336181 -0.941797 0
    outer loop
      vertex 53.2616 69.9174 -8
      vertex 54.1435 69.6026 0
      vertex 53.2616 69.9174 0
    endloop
  endfacet
  facet normal -0.336181 -0.941797 -0
    outer loop
      vertex 54.1435 69.6026 0
      vertex 53.2616 69.9174 -8
      vertex 54.1435 69.6026 -8
    endloop
  endfacet
  facet normal 0.753165 -0.657831 0
    outer loop
      vertex -56.7583 67.6157 0
      vertex -56.2256 68.2256 -8
      vertex -56.2256 68.2256 0
    endloop
  endfacet
  facet normal 0.753165 -0.657831 0
    outer loop
      vertex -56.2256 68.2256 -8
      vertex -56.7583 67.6157 0
      vertex -56.7583 67.6157 -8
    endloop
  endfacet
  facet normal 0 -1 0
    outer loop
      vertex -46.925 70.475 -8
      vertex 22.9203 70.475 0
      vertex -46.925 70.475 0
    endloop
  endfacet
  facet normal 0 -1 -0
    outer loop
      vertex 22.9203 70.475 0
      vertex -46.925 70.475 -8
      vertex 22.9203 70.475 -8
    endloop
  endfacet
  facet normal 0 -1 0
    outer loop
      vertex 33.0797 70.475 -8
      vertex 46.925 70.475 0
      vertex 33.0797 70.475 0
    endloop
  endfacet
  facet normal 0 -1 -0
    outer loop
      vertex 46.925 70.475 0
      vertex 33.0797 70.475 -8
      vertex 46.925 70.475 -8
    endloop
  endfacet
  facet normal -0.833531 -0.552473 0
    outer loop
      vertex 57.2167 66.9241 -8
      vertex 56.7583 67.6157 0
      vertex 56.7583 67.6157 -8
    endloop
  endfacet
  facet normal -0.833531 -0.552473 0
    outer loop
      vertex 56.7583 67.6157 0
      vertex 57.2167 66.9241 -8
      vertex 57.2167 66.9241 0
    endloop
  endfacet
  facet normal 0.0716176 0.997432 -0
    outer loop
      vertex -49.6299 -70.4402 -8
      vertex -51.0839 -70.3358 0
      vertex -49.6299 -70.4402 0
    endloop
  endfacet
  facet normal 0.0716176 0.997432 0
    outer loop
      vertex -51.0839 -70.3358 0
      vertex -49.6299 -70.4402 -8
      vertex -51.0839 -70.3358 -8
    endloop
  endfacet
  facet normal 0.336181 0.941797 -0
    outer loop
      vertex -53.2616 -69.9174 -8
      vertex -54.1435 -69.6026 0
      vertex -53.2616 -69.9174 0
    endloop
  endfacet
  facet normal 0.336181 0.941797 0
    outer loop
      vertex -54.1435 -69.6026 0
      vertex -53.2616 -69.9174 -8
      vertex -54.1435 -69.6026 -8
    endloop
  endfacet
  facet normal -0.989145 0.146946 0
    outer loop
      vertex 58.1616 -64.2565 -8
      vertex 58.3358 -63.0839 0
      vertex 58.3358 -63.0839 -8
    endloop
  endfacet
  facet normal -0.989145 0.146946 0
    outer loop
      vertex 58.3358 -63.0839 0
      vertex 58.1616 -64.2565 -8
      vertex 58.1616 -64.2565 0
    endloop
  endfacet
  facet normal 0.657831 -0.753165 0
    outer loop
      vertex -56.2256 68.2256 -8
      vertex -55.6157 68.7583 0
      vertex -56.2256 68.2256 0
    endloop
  endfacet
  facet normal 0.657831 -0.753165 0
    outer loop
      vertex -55.6157 68.7583 0
      vertex -56.2256 68.2256 -8
      vertex -55.6157 68.7583 -8
    endloop
  endfacet
  facet normal -0.146946 -0.989145 0
    outer loop
      vertex 51.0839 70.3358 -8
      vertex 52.2565 70.1616 0
      vertex 51.0839 70.3358 0
    endloop
  endfacet
  facet normal -0.146946 -0.989145 -0
    outer loop
      vertex 52.2565 70.1616 0
      vertex 51.0839 70.3358 -8
      vertex 52.2565 70.1616 -8
    endloop
  endfacet
  facet normal 0.146946 0.989145 -0
    outer loop
      vertex -51.0839 -70.3358 -8
      vertex -52.2565 -70.1616 0
      vertex -51.0839 -70.3358 0
    endloop
  endfacet
  facet normal 0.146946 0.989145 0
    outer loop
      vertex -52.2565 -70.1616 0
      vertex -51.0839 -70.3358 -8
      vertex -52.2565 -70.1616 -8
    endloop
  endfacet
  facet normal -0.236093 -0.971731 0
    outer loop
      vertex 52.2565 70.1616 -8
      vertex 53.2616 69.9174 0
      vertex 52.2565 70.1616 0
    endloop
  endfacet
  facet normal -0.236093 -0.971731 -0
    outer loop
      vertex 53.2616 69.9174 0
      vertex 52.2565 70.1616 -8
      vertex 53.2616 69.9174 -8
    endloop
  endfacet
  facet normal 0.552473 -0.833531 0
    outer loop
      vertex -55.6157 68.7583 -8
      vertex -54.9241 69.2167 0
      vertex -55.6157 68.7583 0
    endloop
  endfacet
  facet normal 0.552473 -0.833531 0
    outer loop
      vertex -54.9241 69.2167 0
      vertex -55.6157 68.7583 -8
      vertex -54.9241 69.2167 -8
    endloop
  endfacet
  facet normal -0.0128645 -0.999917 0
    outer loop
      vertex 46.925 70.475 -8
      vertex 49.6299 70.4402 0
      vertex 46.925 70.475 0
    endloop
  endfacet
  facet normal -0.0128645 -0.999917 -0
    outer loop
      vertex 49.6299 70.4402 0
      vertex 46.925 70.475 -8
      vertex 49.6299 70.4402 -8
    endloop
  endfacet
  facet normal -0.552473 0.833531 0
    outer loop
      vertex 55.6157 -68.7583 -8
      vertex 54.9241 -69.2167 0
      vertex 55.6157 -68.7583 0
    endloop
  endfacet
  facet normal -0.552473 0.833531 0
    outer loop
      vertex 54.9241 -69.2167 0
      vertex 55.6157 -68.7583 -8
      vertex 54.9241 -69.2167 -8
    endloop
  endfacet
  facet normal 0.146946 -0.989145 0
    outer loop
      vertex -52.2565 70.1616 -8
      vertex -51.0839 70.3358 0
      vertex -52.2565 70.1616 0
    endloop
  endfacet
  facet normal 0.146946 -0.989145 0
    outer loop
      vertex -51.0839 70.3358 0
      vertex -52.2565 70.1616 -8
      vertex -51.0839 70.3358 -8
    endloop
  endfacet
  facet normal -0.753165 -0.657831 0
    outer loop
      vertex 56.7583 67.6157 -8
      vertex 56.2256 68.2256 0
      vertex 56.2256 68.2256 -8
    endloop
  endfacet
  facet normal -0.753165 -0.657831 0
    outer loop
      vertex 56.2256 68.2256 0
      vertex 56.7583 67.6157 -8
      vertex 56.7583 67.6157 0
    endloop
  endfacet
  facet normal -0.657831 -0.753165 0
    outer loop
      vertex 55.6157 68.7583 -8
      vertex 56.2256 68.2256 0
      vertex 55.6157 68.7583 0
    endloop
  endfacet
  facet normal -0.657831 -0.753165 -0
    outer loop
      vertex 56.2256 68.2256 0
      vertex 55.6157 68.7583 -8
      vertex 56.2256 68.2256 -8
    endloop
  endfacet
  facet normal 0 0 -1
    outer loop
      vertex -60.075 44.5 0
      vertex -58.475 45.7 0
      vertex -58.475 44.5 0
    endloop
  endfacet
  facet normal -0 0 -1
    outer loop
      vertex -58.475 45.7 0
      vertex -60.075 44.5 0
      vertex -60.075 45.7 0
    endloop
  endfacet
  facet normal 0 0 -1
    outer loop
      vertex -60.075 34.3 0
      vertex -58.475 35.5 0
      vertex -58.475 34.3 0
    endloop
  endfacet
  facet normal -0 0 -1
    outer loop
      vertex -58.475 35.5 0
      vertex -60.075 34.3 0
      vertex -60.075 35.5 0
    endloop
  endfacet
  facet normal 0 0 -1
    outer loop
      vertex -60.075 9.5 0
      vertex -58.475 10.7 0
      vertex -58.475 9.5 0
    endloop
  endfacet
  facet normal -0 0 -1
    outer loop
      vertex -58.475 10.7 0
      vertex -60.075 9.5 0
      vertex -60.075 10.7 0
    endloop
  endfacet
  facet normal 0 0 -1
    outer loop
      vertex -60.075 -0.7 0
      vertex -58.475 0.5 0
      vertex -58.475 -0.7 0
    endloop
  endfacet
  facet normal -0 0 -1
    outer loop
      vertex -58.475 0.5 0
      vertex -60.075 -0.7 0
      vertex -60.075 0.5 0
    endloop
  endfacet
  facet normal 0 0 -1
    outer loop
      vertex -60.075 -49.5 0
      vertex -58.475 -48.3 0
      vertex -58.475 -49.5 0
    endloop
  endfacet
  facet normal -0 0 -1
    outer loop
      vertex -58.475 -48.3 0
      vertex -60.075 -49.5 0
      vertex -60.075 -48.3 0
    endloop
  endfacet
  facet normal 0 0 -1
    outer loop
      vertex -60.075 -58.925 0
      vertex -58.465 -59.7 0
      vertex -60.065 -59.7 0
    endloop
  endfacet
  facet normal 0 0 -1
    outer loop
      vertex -58.465 -59.7 0
      vertex -60.075 -58.925 0
      vertex -58.475 -58.5 0
    endloop
  endfacet
  facet normal -0 0 -1
    outer loop
      vertex -58.475 -58.5 0
      vertex -60.075 -58.925 0
      vertex -60.075 -58.5 0
    endloop
  endfacet
  facet normal 0 0 -1
    outer loop
      vertex -49.4329 53.0258 0
      vertex -49.3155 52.8019 0
      vertex -49.3699 52.8927 0
    endloop
  endfacet
  facet normal 0 0 -1
    outer loop
      vertex -49.3155 52.8019 0
      vertex -49.4329 53.0258 0
      vertex -49.3155 54.3981 0
    endloop
  endfacet
  facet normal 0 0 -1
    outer loop
      vertex -49.4329 54.1742 0
      vertex -49.3155 54.3981 0
      vertex -49.4329 53.0258 0
    endloop
  endfacet
  facet normal 0 0 -1
    outer loop
      vertex -49.3155 54.3981 0
      vertex -49.4329 54.1742 0
      vertex -49.3699 54.3073 0
    endloop
  endfacet
  facet normal 0 0 -1
    outer loop
      vertex -49.4825 53.1644 0
      vertex -49.4329 54.1742 0
      vertex -49.4329 53.0258 0
    endloop
  endfacet
  facet normal 0 0 -1
    outer loop
      vertex -49.4825 53.1644 0
      vertex -49.4825 54.0355 0
      vertex -49.4329 54.1742 0
    endloop
  endfacet
  facet normal 0 0 -1
    outer loop
      vertex -49.5183 53.3073 0
      vertex -49.4825 54.0355 0
      vertex -49.4825 53.1644 0
    endloop
  endfacet
  facet normal 0 0 -1
    outer loop
      vertex -49.5183 53.3073 0
      vertex -49.5183 53.8927 0
      vertex -49.4825 54.0355 0
    endloop
  endfacet
  facet normal 0 0 -1
    outer loop
      vertex -49.5399 53.4529 0
      vertex -49.5183 53.8927 0
      vertex -49.5183 53.3073 0
    endloop
  endfacet
  facet normal 0 0 -1
    outer loop
      vertex -49.5399 53.4529 0
      vertex -49.5399 53.7471 0
      vertex -49.5183 53.8927 0
    endloop
  endfacet
  facet normal 0 -0 -1
    outer loop
      vertex -49.5399 53.7471 0
      vertex -49.5399 53.4529 0
      vertex -49.5471 53.6 0
    endloop
  endfacet
  facet normal -0 0 -1
    outer loop
      vertex 23.286 70.2558 0
      vertex -49.4064 9.62738 0
      vertex 22.9203 70.475 0
    endloop
  endfacet
  facet normal 0 0 -1
    outer loop
      vertex 22.9203 70.475 0
      vertex -49.3155 52.8017 0
      vertex -49.3155 52.8019 0
    endloop
  endfacet
  facet normal 0 0 -1
    outer loop
      vertex -49.5218 9.87134 0
      vertex 22.9203 70.475 0
      vertex -49.4064 9.62738 0
    endloop
  endfacet
  facet normal 0 0 -1
    outer loop
      vertex 22.9203 70.475 0
      vertex -49.4064 52.5476 0
      vertex -49.3155 52.8017 0
    endloop
  endfacet
  facet normal 0 0 -1
    outer loop
      vertex -49.5218 52.3037 0
      vertex 22.9203 70.475 0
      vertex -49.5218 9.87134 0
    endloop
  endfacet
  facet normal 0 0 -1
    outer loop
      vertex 22.9203 70.475 0
      vertex -49.5218 52.3037 0
      vertex -49.4064 52.5476 0
    endloop
  endfacet
  facet normal 0 0 -1
    outer loop
      vertex -49.6606 10.1028 0
      vertex -49.5218 52.3037 0
      vertex -49.5218 9.87134 0
    endloop
  endfacet
  facet normal 0 0 -1
    outer loop
      vertex -49.6606 10.1028 0
      vertex -49.6606 52.0722 0
      vertex -49.5218 52.3037 0
    endloop
  endfacet
  facet normal 0 0 -1
    outer loop
      vertex -49.8213 10.3196 0
      vertex -49.6606 52.0722 0
      vertex -49.6606 10.1028 0
    endloop
  endfacet
  facet normal 0 0 -1
    outer loop
      vertex -49.8213 10.3196 0
      vertex -49.8213 51.8554 0
      vertex -49.6606 52.0722 0
    endloop
  endfacet
  facet normal 0 0 -1
    outer loop
      vertex -49.944 10.4549 0
      vertex -49.8213 51.8554 0
      vertex -49.8213 10.3196 0
    endloop
  endfacet
  facet normal 0 0 -1
    outer loop
      vertex -49.944 10.4549 0
      vertex -49.944 51.7201 0
      vertex -49.8213 51.8554 0
    endloop
  endfacet
  facet normal 0 0 -1
    outer loop
      vertex -50.1927 10.4653 0
      vertex -49.944 10.4549 0
      vertex -50.046 10.4532 0
    endloop
  endfacet
  facet normal 0 0 -1
    outer loop
      vertex -49.944 10.4549 0
      vertex -51.3205 11.2496 0
      vertex -49.944 51.7201 0
    endloop
  endfacet
  facet normal 0 0 -1
    outer loop
      vertex -49.944 10.4549 0
      vertex -50.1927 10.4653 0
      vertex -51.3205 11.2496 0
    endloop
  endfacet
  facet normal 0 0 -1
    outer loop
      vertex -51.3205 50.9254 0
      vertex -49.944 51.7201 0
      vertex -51.3205 11.2496 0
    endloop
  endfacet
  facet normal 0 0 -1
    outer loop
      vertex -51.3205 11.2496 0
      vertex -50.1927 10.4653 0
      vertex -50.3376 10.4916 0
    endloop
  endfacet
  facet normal 0 -0 -1
    outer loop
      vertex -50.1927 51.7097 0
      vertex -49.944 51.7201 0
      vertex -51.3205 50.9254 0
    endloop
  endfacet
  facet normal 0 0 -1
    outer loop
      vertex -51.3205 11.2496 0
      vertex -50.3376 10.4916 0
      vertex -50.4792 10.5321 0
    endloop
  endfacet
  facet normal -0 0 -1
    outer loop
      vertex -49.944 51.7201 0
      vertex -50.1927 51.7097 0
      vertex -50.046 51.7218 0
    endloop
  endfacet
  facet normal 0 0 -1
    outer loop
      vertex -51.3205 11.2496 0
      vertex -50.4792 10.5321 0
      vertex -50.6161 10.5862 0
    endloop
  endfacet
  facet normal 0 0 -1
    outer loop
      vertex -50.1927 51.7097 0
      vertex -51.3205 50.9254 0
      vertex -50.3376 51.6834 0
    endloop
  endfacet
  facet normal 0 0 -1
    outer loop
      vertex -51.3205 11.2496 0
      vertex -50.6161 10.5862 0
      vertex -50.7471 10.6535 0
    endloop
  endfacet
  facet normal 0 0 -1
    outer loop
      vertex -50.3376 51.6834 0
      vertex -51.3205 50.9254 0
      vertex -50.4792 51.6429 0
    endloop
  endfacet
  facet normal 0 0 -1
    outer loop
      vertex -51.3205 11.2496 0
      vertex -50.7471 10.6535 0
      vertex -50.8709 10.7333 0
    endloop
  endfacet
  facet normal 0 0 -1
    outer loop
      vertex -50.4792 51.6429 0
      vertex -51.3205 50.9254 0
      vertex -50.6161 51.5888 0
    endloop
  endfacet
  facet normal 0 0 -1
    outer loop
      vertex -51.3205 11.2496 0
      vertex -50.8709 10.7333 0
      vertex -50.9862 10.8248 0
    endloop
  endfacet
  facet normal 0 0 -1
    outer loop
      vertex -50.6161 51.5888 0
      vertex -51.3205 50.9254 0
      vertex -50.7471 51.5215 0
    endloop
  endfacet
  facet normal 0 0 -1
    outer loop
      vertex -51.3205 11.2496 0
      vertex -50.9862 10.8248 0
      vertex -51.092 10.9272 0
    endloop
  endfacet
  facet normal 0 0 -1
    outer loop
      vertex -50.7471 51.5215 0
      vertex -51.3205 50.9254 0
      vertex -50.8709 51.4417 0
    endloop
  endfacet
  facet normal 0 0 -1
    outer loop
      vertex -51.3205 11.2496 0
      vertex -51.092 10.9272 0
      vertex -51.1873 11.0395 0
    endloop
  endfacet
  facet normal 0 0 -1
    outer loop
      vertex -50.8709 51.4417 0
      vertex -51.3205 50.9254 0
      vertex -50.9862 51.3502 0
    endloop
  endfacet
  facet normal 0 0 -1
    outer loop
      vertex -51.3205 11.2496 0
      vertex -51.1873 11.0395 0
      vertex -51.2711 11.1605 0
    endloop
  endfacet
  facet normal 0 0 -1
    outer loop
      vertex -50.9862 51.3502 0
      vertex -51.3205 50.9254 0
      vertex -51.092 51.2478 0
    endloop
  endfacet
  facet normal 0 0 -1
    outer loop
      vertex -51.092 51.2478 0
      vertex -51.3205 50.9254 0
      vertex -51.1873 51.1355 0
    endloop
  endfacet
  facet normal 0 0 -1
    outer loop
      vertex -51.1873 51.1355 0
      vertex -51.3205 50.9254 0
      vertex -51.2711 51.0145 0
    endloop
  endfacet
  facet normal 0 0 -1
    outer loop
      vertex -51.4106 11.2722 0
      vertex -51.3205 50.9254 0
      vertex -51.3205 11.2496 0
    endloop
  endfacet
  facet normal 0 0 -1
    outer loop
      vertex -51.4106 11.2722 0
      vertex -51.4106 50.9028 0
      vertex -51.3205 50.9254 0
    endloop
  endfacet
  facet normal 0 0 -1
    outer loop
      vertex -51.6776 11.3118 0
      vertex -51.4106 50.9028 0
      vertex -51.4106 11.2722 0
    endloop
  endfacet
  facet normal 0 0 -1
    outer loop
      vertex -51.6776 11.3118 0
      vertex -51.6776 50.8632 0
      vertex -51.4106 50.9028 0
    endloop
  endfacet
  facet normal 0 0 -1
    outer loop
      vertex -51.9471 11.325 0
      vertex -51.6776 50.8632 0
      vertex -51.6776 11.3118 0
    endloop
  endfacet
  facet normal 0 0 -1
    outer loop
      vertex -51.9471 11.325 0
      vertex -51.9471 50.85 0
      vertex -51.6776 50.8632 0
    endloop
  endfacet
  facet normal 0 0 -1
    outer loop
      vertex -52.2166 11.3118 0
      vertex -51.9471 50.85 0
      vertex -51.9471 11.325 0
    endloop
  endfacet
  facet normal 0 0 -1
    outer loop
      vertex -52.2166 11.3118 0
      vertex -52.2166 50.8632 0
      vertex -51.9471 50.85 0
    endloop
  endfacet
  facet normal 0 0 -1
    outer loop
      vertex -52.4836 11.2722 0
      vertex -52.2166 50.8632 0
      vertex -52.2166 11.3118 0
    endloop
  endfacet
  facet normal 0 0 -1
    outer loop
      vertex -52.4836 11.2722 0
      vertex -52.4836 50.9028 0
      vertex -52.2166 50.8632 0
    endloop
  endfacet
  facet normal 0 0 -1
    outer loop
      vertex -52.5737 11.2496 0
      vertex -52.4836 50.9028 0
      vertex -52.4836 11.2722 0
    endloop
  endfacet
  facet normal 0 0 -1
    outer loop
      vertex -52.5737 11.2496 0
      vertex -52.5737 50.9254 0
      vertex -52.4836 50.9028 0
    endloop
  endfacet
  facet normal 0 0 -1
    outer loop
      vertex -52.7069 11.0395 0
      vertex -52.5737 11.2496 0
      vertex -52.6231 11.1605 0
    endloop
  endfacet
  facet normal -0 0 -1
    outer loop
      vertex -52.5737 11.2496 0
      vertex -53.9502 10.4549 0
      vertex -52.5737 50.9254 0
    endloop
  endfacet
  facet normal 0 0 -1
    outer loop
      vertex -52.5737 11.2496 0
      vertex -52.7069 11.0395 0
      vertex -53.9502 10.4549 0
    endloop
  endfacet
  facet normal 0 0 -1
    outer loop
      vertex -53.9502 51.7201 0
      vertex -52.5737 50.9254 0
      vertex -53.9502 10.4549 0
    endloop
  endfacet
  facet normal 0 0 -1
    outer loop
      vertex -53.9502 10.4549 0
      vertex -52.7069 11.0395 0
      vertex -52.8022 10.9272 0
    endloop
  endfacet
  facet normal -0 -0 -1
    outer loop
      vertex -52.7069 51.1355 0
      vertex -52.5737 50.9254 0
      vertex -53.9502 51.7201 0
    endloop
  endfacet
  facet normal 0 0 -1
    outer loop
      vertex -53.9502 10.4549 0
      vertex -52.8022 10.9272 0
      vertex -52.908 10.8248 0
    endloop
  endfacet
  facet normal 0 0 -1
    outer loop
      vertex -52.5737 50.9254 0
      vertex -52.7069 51.1355 0
      vertex -52.6231 51.0145 0
    endloop
  endfacet
  facet normal 0 0 -1
    outer loop
      vertex -53.9502 10.4549 0
      vertex -52.908 10.8248 0
      vertex -53.0233 10.7333 0
    endloop
  endfacet
  facet normal 0 0 -1
    outer loop
      vertex -52.7069 51.1355 0
      vertex -53.9502 51.7201 0
      vertex -52.8022 51.2478 0
    endloop
  endfacet
  facet normal 0 0 -1
    outer loop
      vertex -53.9502 10.4549 0
      vertex -53.0233 10.7333 0
      vertex -53.1471 10.6535 0
    endloop
  endfacet
  facet normal 0 0 -1
    outer loop
      vertex -52.8022 51.2478 0
      vertex -53.9502 51.7201 0
      vertex -52.908 51.3502 0
    endloop
  endfacet
  facet normal 0 0 -1
    outer loop
      vertex -53.9502 10.4549 0
      vertex -53.1471 10.6535 0
      vertex -53.2781 10.5862 0
    endloop
  endfacet
  facet normal 0 0 -1
    outer loop
      vertex -52.908 51.3502 0
      vertex -53.9502 51.7201 0
      vertex -53.0233 51.4417 0
    endloop
  endfacet
  facet normal 0 0 -1
    outer loop
      vertex -53.9502 10.4549 0
      vertex -53.2781 10.5862 0
      vertex -53.415 10.5321 0
    endloop
  endfacet
  facet normal 0 0 -1
    outer loop
      vertex -53.0233 51.4417 0
      vertex -53.9502 51.7201 0
      vertex -53.1471 51.5215 0
    endloop
  endfacet
  facet normal 0 0 -1
    outer loop
      vertex -53.9502 10.4549 0
      vertex -53.415 10.5321 0
      vertex -53.5566 10.4916 0
    endloop
  endfacet
  facet normal 0 0 -1
    outer loop
      vertex -53.1471 51.5215 0
      vertex -53.9502 51.7201 0
      vertex -53.2781 51.5888 0
    endloop
  endfacet
  facet normal 0 0 -1
    outer loop
      vertex -53.9502 10.4549 0
      vertex -53.5566 10.4916 0
      vertex -53.7015 10.4653 0
    endloop
  endfacet
  facet normal 0 0 -1
    outer loop
      vertex -53.2781 51.5888 0
      vertex -53.9502 51.7201 0
      vertex -53.415 51.6429 0
    endloop
  endfacet
  facet normal 0 0 -1
    outer loop
      vertex -53.9502 10.4549 0
      vertex -53.7015 10.4653 0
      vertex -53.8482 10.4532 0
    endloop
  endfacet
  facet normal 0 0 -1
    outer loop
      vertex -53.415 51.6429 0
      vertex -53.9502 51.7201 0
      vertex -53.5566 51.6834 0
    endloop
  endfacet
  facet normal 0 0 -1
    outer loop
      vertex -53.5566 51.6834 0
      vertex -53.9502 51.7201 0
      vertex -53.7015 51.7097 0
    endloop
  endfacet
  facet normal 0 0 -1
    outer loop
      vertex -53.7015 51.7097 0
      vertex -53.9502 51.7201 0
      vertex -53.8482 51.7218 0
    endloop
  endfacet
  facet normal 0 0 -1
    outer loop
      vertex -54.0729 10.3196 0
      vertex -53.9502 51.7201 0
      vertex -53.9502 10.4549 0
    endloop
  endfacet
  facet normal 0 0 -1
    outer loop
      vertex -54.0729 10.3196 0
      vertex -54.0729 51.8554 0
      vertex -53.9502 51.7201 0
    endloop
  endfacet
  facet normal 0 0 -1
    outer loop
      vertex -54.2336 10.1028 0
      vertex -54.0729 51.8554 0
      vertex -54.0729 10.3196 0
    endloop
  endfacet
  facet normal 0 0 -1
    outer loop
      vertex -54.2336 10.1028 0
      vertex -54.2336 52.0722 0
      vertex -54.0729 51.8554 0
    endloop
  endfacet
  facet normal 0 0 -1
    outer loop
      vertex -54.3724 9.87134 0
      vertex -54.2336 52.0722 0
      vertex -54.2336 10.1028 0
    endloop
  endfacet
  facet normal 0 0 -1
    outer loop
      vertex -54.3724 9.87134 0
      vertex -54.3724 52.3037 0
      vertex -54.2336 52.0722 0
    endloop
  endfacet
  facet normal 0 0 -1
    outer loop
      vertex -54.4878 9.62738 0
      vertex -54.3724 52.3037 0
      vertex -54.3724 9.87134 0
    endloop
  endfacet
  facet normal 0 0 -1
    outer loop
      vertex -54.4878 9.62738 0
      vertex -54.4878 52.5476 0
      vertex -54.3724 52.3037 0
    endloop
  endfacet
  facet normal 0 0 -1
    outer loop
      vertex -54.5787 9.37328 0
      vertex -54.4878 52.5476 0
      vertex -54.4878 9.62738 0
    endloop
  endfacet
  facet normal 0 0 -1
    outer loop
      vertex -54.5787 9.37328 0
      vertex -54.5787 52.8017 0
      vertex -54.4878 52.5476 0
    endloop
  endfacet
  facet normal 0 0 0
    outer loop
      vertex -54.5787 9.37314 0
      vertex -54.5787 52.8017 0
      vertex -54.5787 9.37328 0
    endloop
  endfacet
  facet normal -0 0 0
    outer loop
      vertex -54.5787 52.8017 0
      vertex -54.5787 9.37314 0
      vertex -54.5787 52.8019 0
    endloop
  endfacet
  facet normal 0 0 -1
    outer loop
      vertex -49.4329 8.00081 0
      vertex -49.3155 7.77686 0
      vertex -49.3699 7.8677 0
    endloop
  endfacet
  facet normal 0 0 -1
    outer loop
      vertex -49.3155 7.77686 0
      vertex -49.4329 8.00081 0
      vertex -49.3155 9.37314 0
    endloop
  endfacet
  facet normal 0 0 -1
    outer loop
      vertex -49.4329 9.14919 0
      vertex -49.3155 9.37314 0
      vertex -49.4329 8.00081 0
    endloop
  endfacet
  facet normal 0 0 -1
    outer loop
      vertex -49.3155 9.37314 0
      vertex -49.4329 9.14919 0
      vertex -49.3699 9.2823 0
    endloop
  endfacet
  facet normal 0 0 -1
    outer loop
      vertex -49.4825 8.13945 0
      vertex -49.4329 9.14919 0
      vertex -49.4329 8.00081 0
    endloop
  endfacet
  facet normal 0 0 -1
    outer loop
      vertex -49.4825 8.13945 0
      vertex -49.4825 9.01055 0
      vertex -49.4329 9.14919 0
    endloop
  endfacet
  facet normal 0 0 -1
    outer loop
      vertex -49.5183 8.28228 0
      vertex -49.4825 9.01055 0
      vertex -49.4825 8.13945 0
    endloop
  endfacet
  facet normal 0 0 -1
    outer loop
      vertex -49.5183 8.28228 0
      vertex -49.5183 8.86772 0
      vertex -49.4825 9.01055 0
    endloop
  endfacet
  facet normal 0 0 -1
    outer loop
      vertex -49.5399 8.42793 0
      vertex -49.5183 8.86772 0
      vertex -49.5183 8.28228 0
    endloop
  endfacet
  facet normal 0 0 -1
    outer loop
      vertex -49.5399 8.42793 0
      vertex -49.5399 8.72207 0
      vertex -49.5183 8.86772 0
    endloop
  endfacet
  facet normal 0 -0 -1
    outer loop
      vertex -49.5399 8.72207 0
      vertex -49.5399 8.42793 0
      vertex -49.5471 8.575 0
    endloop
  endfacet
  facet normal 0 0 -1
    outer loop
      vertex -49.4064 9.62738 0
      vertex 23.286 70.2558 0
      vertex -49.3155 9.37328 0
    endloop
  endfacet
  facet normal 0 0 -1
    outer loop
      vertex -49.3155 54.3981 0
      vertex 22.9203 70.475 0
      vertex -49.3155 52.8019 0
    endloop
  endfacet
  facet normal -0 0 -1
    outer loop
      vertex 22.9203 70.475 0
      vertex -49.3155 54.3981 0
      vertex -46.925 70.475 0
    endloop
  endfacet
  facet normal 0 0 -1
    outer loop
      vertex -49.3155 54.3983 0
      vertex -46.925 70.475 0
      vertex -49.3155 54.3981 0
    endloop
  endfacet
  facet normal 0 0 -1
    outer loop
      vertex -49.4064 54.6524 0
      vertex -46.925 70.475 0
      vertex -49.3155 54.3983 0
    endloop
  endfacet
  facet normal 0 0 -1
    outer loop
      vertex -49.5218 54.8963 0
      vertex -46.925 70.475 0
      vertex -49.4064 54.6524 0
    endloop
  endfacet
  facet normal 0 0 -1
    outer loop
      vertex -49.6606 55.1278 0
      vertex -46.925 70.475 0
      vertex -49.5218 54.8963 0
    endloop
  endfacet
  facet normal 0 0 -1
    outer loop
      vertex -49.8213 55.3446 0
      vertex -46.925 70.475 0
      vertex -49.6606 55.1278 0
    endloop
  endfacet
  facet normal 0 0 -1
    outer loop
      vertex -49.944 55.4799 0
      vertex -46.925 70.475 0
      vertex -49.8213 55.3446 0
    endloop
  endfacet
  facet normal 0 0 -1
    outer loop
      vertex -51.3205 56.2746 0
      vertex -46.925 70.475 0
      vertex -49.944 55.4799 0
    endloop
  endfacet
  facet normal 0 0 -1
    outer loop
      vertex -50.1927 55.4903 0
      vertex -49.944 55.4799 0
      vertex -50.046 55.4782 0
    endloop
  endfacet
  facet normal 0 0 -1
    outer loop
      vertex -49.944 55.4799 0
      vertex -50.1927 55.4903 0
      vertex -51.3205 56.2746 0
    endloop
  endfacet
  facet normal 0 0 -1
    outer loop
      vertex -51.3205 56.2746 0
      vertex -50.1927 55.4903 0
      vertex -50.3376 55.5166 0
    endloop
  endfacet
  facet normal 0 0 -1
    outer loop
      vertex -51.3205 56.2746 0
      vertex -50.3376 55.5166 0
      vertex -50.4792 55.5571 0
    endloop
  endfacet
  facet normal 0 0 -1
    outer loop
      vertex -51.3205 56.2746 0
      vertex -50.4792 55.5571 0
      vertex -50.6161 55.6112 0
    endloop
  endfacet
  facet normal 0 0 -1
    outer loop
      vertex -51.3205 56.2746 0
      vertex -50.6161 55.6112 0
      vertex -50.7471 55.6785 0
    endloop
  endfacet
  facet normal 0 0 -1
    outer loop
      vertex -51.3205 56.2746 0
      vertex -50.7471 55.6785 0
      vertex -50.8709 55.7583 0
    endloop
  endfacet
  facet normal 0 0 -1
    outer loop
      vertex -51.3205 56.2746 0
      vertex -50.8709 55.7583 0
      vertex -50.9862 55.8498 0
    endloop
  endfacet
  facet normal 0 0 -1
    outer loop
      vertex -46.925 70.475 0
      vertex -51.3205 56.2746 0
      vertex -49.6299 70.4402 0
    endloop
  endfacet
  facet normal 0 0 -1
    outer loop
      vertex -51.3205 56.2746 0
      vertex -50.9862 55.8498 0
      vertex -51.092 55.9522 0
    endloop
  endfacet
  facet normal 0 0 -1
    outer loop
      vertex -51.3205 56.2746 0
      vertex -51.092 55.9522 0
      vertex -51.1873 56.0645 0
    endloop
  endfacet
  facet normal 0 0 -1
    outer loop
      vertex -51.3205 56.2746 0
      vertex -51.1873 56.0645 0
      vertex -51.2711 56.1855 0
    endloop
  endfacet
  facet normal 0 0 -1
    outer loop
      vertex -51.4106 56.2972 0
      vertex -49.6299 70.4402 0
      vertex -51.3205 56.2746 0
    endloop
  endfacet
  facet normal 0 0 -1
    outer loop
      vertex -49.6299 70.4402 0
      vertex -51.4106 56.2972 0
      vertex -51.0839 70.3358 0
    endloop
  endfacet
  facet normal 0 0 -1
    outer loop
      vertex -51.6776 56.3368 0
      vertex -51.0839 70.3358 0
      vertex -51.4106 56.2972 0
    endloop
  endfacet
  facet normal 0 0 -1
    outer loop
      vertex -54.1435 69.6026 0
      vertex -51.6776 56.3368 0
      vertex -51.9471 56.35 0
    endloop
  endfacet
  facet normal 0 0 -1
    outer loop
      vertex -54.9241 69.2167 0
      vertex -51.9471 56.35 0
      vertex -52.2166 56.3368 0
    endloop
  endfacet
  facet normal 0 0 -1
    outer loop
      vertex -51.6776 56.3368 0
      vertex -52.2565 70.1616 0
      vertex -51.0839 70.3358 0
    endloop
  endfacet
  facet normal 0 0 -1
    outer loop
      vertex -54.9241 69.2167 0
      vertex -52.2166 56.3368 0
      vertex -52.4836 56.2972 0
    endloop
  endfacet
  facet normal 0 0 -1
    outer loop
      vertex -54.9241 69.2167 0
      vertex -52.4836 56.2972 0
      vertex -52.5737 56.2746 0
    endloop
  endfacet
  facet normal 0 0 -1
    outer loop
      vertex -52.7069 56.0645 0
      vertex -52.5737 56.2746 0
      vertex -52.6231 56.1855 0
    endloop
  endfacet
  facet normal 0 0 -1
    outer loop
      vertex -52.5737 56.2746 0
      vertex -52.7069 56.0645 0
      vertex -53.9502 55.4799 0
    endloop
  endfacet
  facet normal 0 0 -1
    outer loop
      vertex -53.9502 55.4799 0
      vertex -52.7069 56.0645 0
      vertex -52.8022 55.9522 0
    endloop
  endfacet
  facet normal 0 0 -1
    outer loop
      vertex -53.9502 55.4799 0
      vertex -52.8022 55.9522 0
      vertex -52.908 55.8498 0
    endloop
  endfacet
  facet normal 0 0 -1
    outer loop
      vertex -53.9502 55.4799 0
      vertex -52.908 55.8498 0
      vertex -53.0233 55.7583 0
    endloop
  endfacet
  facet normal 0 0 -1
    outer loop
      vertex -53.9502 55.4799 0
      vertex -53.0233 55.7583 0
      vertex -53.1471 55.6785 0
    endloop
  endfacet
  facet normal 0 0 -1
    outer loop
      vertex -51.6776 56.3368 0
      vertex -53.2616 69.9174 0
      vertex -52.2565 70.1616 0
    endloop
  endfacet
  facet normal 0 0 -1
    outer loop
      vertex -53.9502 55.4799 0
      vertex -53.1471 55.6785 0
      vertex -53.2781 55.6112 0
    endloop
  endfacet
  facet normal 0 0 -1
    outer loop
      vertex -53.9502 55.4799 0
      vertex -53.2781 55.6112 0
      vertex -53.415 55.5571 0
    endloop
  endfacet
  facet normal 0 0 -1
    outer loop
      vertex -53.9502 55.4799 0
      vertex -53.415 55.5571 0
      vertex -53.5566 55.5166 0
    endloop
  endfacet
  facet normal 0 0 -1
    outer loop
      vertex -53.9502 55.4799 0
      vertex -53.5566 55.5166 0
      vertex -53.7015 55.4903 0
    endloop
  endfacet
  facet normal 0 0 -1
    outer loop
      vertex -53.9502 55.4799 0
      vertex -53.7015 55.4903 0
      vertex -53.8482 55.4782 0
    endloop
  endfacet
  facet normal -0 0 -1
    outer loop
      vertex -52.5737 56.2746 0
      vertex -53.9502 55.4799 0
      vertex -54.9241 69.2167 0
    endloop
  endfacet
  facet normal 0 0 -1
    outer loop
      vertex -54.9241 69.2167 0
      vertex -53.9502 55.4799 0
      vertex -54.0729 55.3446 0
    endloop
  endfacet
  facet normal 0 0 -1
    outer loop
      vertex -51.6776 56.3368 0
      vertex -54.1435 69.6026 0
      vertex -53.2616 69.9174 0
    endloop
  endfacet
  facet normal 0 0 -1
    outer loop
      vertex -54.9241 69.2167 0
      vertex -54.0729 55.3446 0
      vertex -54.2336 55.1278 0
    endloop
  endfacet
  facet normal 0 0 -1
    outer loop
      vertex -54.9241 69.2167 0
      vertex -54.2336 55.1278 0
      vertex -54.3724 54.8963 0
    endloop
  endfacet
  facet normal 0 0 -1
    outer loop
      vertex -54.9241 69.2167 0
      vertex -54.3724 54.8963 0
      vertex -54.4878 54.6524 0
    endloop
  endfacet
  facet normal 0 0 -1
    outer loop
      vertex -54.9241 69.2167 0
      vertex -54.4878 54.6524 0
      vertex -54.5787 54.3983 0
    endloop
  endfacet
  facet normal 0 0 -1
    outer loop
      vertex -54.9241 69.2167 0
      vertex -54.5787 54.3983 0
      vertex -54.5787 54.3981 0
    endloop
  endfacet
  facet normal 0 0 -1
    outer loop
      vertex -51.9471 56.35 0
      vertex -54.9241 69.2167 0
      vertex -54.1435 69.6026 0
    endloop
  endfacet
  facet normal 0 0 -1
    outer loop
      vertex -54.5787 52.8019 0
      vertex -54.9241 69.2167 0
      vertex -54.5787 54.3981 0
    endloop
  endfacet
  facet normal 0 0 -1
    outer loop
      vertex -57.6026 -66.1435 0
      vertex -54.9241 -69.2167 0
      vertex -55.6157 -68.7583 0
    endloop
  endfacet
  facet normal 0 0 -1
    outer loop
      vertex -54.4878 7.52262 0
      vertex -58.475 9.5 0
      vertex -54.5787 7.77672 0
    endloop
  endfacet
  facet normal 0 0 -1
    outer loop
      vertex -57.6026 -66.1435 0
      vertex -55.6157 -68.7583 0
      vertex -56.2256 -68.2256 0
    endloop
  endfacet
  facet normal 0 0 -1
    outer loop
      vertex -54.5787 7.77672 0
      vertex -58.475 9.5 0
      vertex -54.5787 7.77686 0
    endloop
  endfacet
  facet normal 0 0 -1
    outer loop
      vertex -57.6026 -66.1435 0
      vertex -56.2256 -68.2256 0
      vertex -56.7583 -67.6157 0
    endloop
  endfacet
  facet normal 0 0 -1
    outer loop
      vertex -58.475 10.7 0
      vertex -54.5787 7.77686 0
      vertex -58.475 9.5 0
    endloop
  endfacet
  facet normal 0 0 -1
    outer loop
      vertex -57.6026 -66.1435 0
      vertex -56.7583 -67.6157 0
      vertex -57.2167 -66.9241 0
    endloop
  endfacet
  facet normal 0 0 -1
    outer loop
      vertex -58.475 34.3 0
      vertex -54.5787 7.77686 0
      vertex -58.475 10.7 0
    endloop
  endfacet
  facet normal 0 0 -1
    outer loop
      vertex -54.9241 -69.2167 0
      vertex -57.6026 -66.1435 0
      vertex -57.9174 -65.2616 0
    endloop
  endfacet
  facet normal 0 0 -1
    outer loop
      vertex -58.475 35.5 0
      vertex -54.5787 7.77686 0
      vertex -58.475 34.3 0
    endloop
  endfacet
  facet normal 0 0 -1
    outer loop
      vertex -54.9241 -69.2167 0
      vertex -57.9174 -65.2616 0
      vertex -58.1616 -64.2565 0
    endloop
  endfacet
  facet normal 0 0 -1
    outer loop
      vertex -54.5787 7.77686 0
      vertex -58.475 35.5 0
      vertex -54.9241 69.2167 0
    endloop
  endfacet
  facet normal 0 0 -1
    outer loop
      vertex -54.9241 -69.2167 0
      vertex -58.1616 -64.2565 0
      vertex -58.3358 -63.0839 0
    endloop
  endfacet
  facet normal 0 0 -1
    outer loop
      vertex -58.475 44.5 0
      vertex -54.9241 69.2167 0
      vertex -58.475 35.5 0
    endloop
  endfacet
  facet normal 0 0 -1
    outer loop
      vertex -54.9241 -69.2167 0
      vertex -58.3358 -63.0839 0
      vertex -58.4402 -61.6299 0
    endloop
  endfacet
  facet normal 0 0 -1
    outer loop
      vertex -54.9241 -69.2167 0
      vertex -58.475 -49.5 0
      vertex -58.475 -48.3 0
    endloop
  endfacet
  facet normal 0 0 -1
    outer loop
      vertex -54.9241 -69.2167 0
      vertex -58.4402 -61.6299 0
      vertex -58.465 -59.7 0
    endloop
  endfacet
  facet normal 0 0 -1
    outer loop
      vertex -54.9241 -69.2167 0
      vertex -58.465 -59.7 0
      vertex -58.475 -58.5 0
    endloop
  endfacet
  facet normal 0 0 -1
    outer loop
      vertex -54.9241 -69.2167 0
      vertex -58.475 -58.5 0
      vertex -58.475 -49.5 0
    endloop
  endfacet
  facet normal 0 0 -1
    outer loop
      vertex -54.3724 7.27866 0
      vertex -58.475 9.5 0
      vertex -54.4878 7.52262 0
    endloop
  endfacet
  facet normal 0 0 -1
    outer loop
      vertex -58.475 45.7 0
      vertex -54.9241 69.2167 0
      vertex -58.475 44.5 0
    endloop
  endfacet
  facet normal 0 0 -1
    outer loop
      vertex -58.475 58.925 0
      vertex -54.9241 69.2167 0
      vertex -58.475 45.7 0
    endloop
  endfacet
  facet normal 0 -0 -1
    outer loop
      vertex -58.4402 61.6299 0
      vertex -54.9241 69.2167 0
      vertex -58.475 58.925 0
    endloop
  endfacet
  facet normal 0 -0 -1
    outer loop
      vertex -58.3358 63.0839 0
      vertex -54.9241 69.2167 0
      vertex -58.4402 61.6299 0
    endloop
  endfacet
  facet normal 0 -0 -1
    outer loop
      vertex -58.1616 64.2565 0
      vertex -54.9241 69.2167 0
      vertex -58.3358 63.0839 0
    endloop
  endfacet
  facet normal 0 -0 -1
    outer loop
      vertex -57.9174 65.2616 0
      vertex -54.9241 69.2167 0
      vertex -58.1616 64.2565 0
    endloop
  endfacet
  facet normal 0 -0 -1
    outer loop
      vertex -57.6026 66.1435 0
      vertex -54.9241 69.2167 0
      vertex -57.9174 65.2616 0
    endloop
  endfacet
  facet normal 0 0 -1
    outer loop
      vertex -54.9241 69.2167 0
      vertex -57.6026 66.1435 0
      vertex -55.6157 68.7583 0
    endloop
  endfacet
  facet normal 0 0 -1
    outer loop
      vertex -55.6157 68.7583 0
      vertex -57.6026 66.1435 0
      vertex -56.2256 68.2256 0
    endloop
  endfacet
  facet normal 0 0 -1
    outer loop
      vertex -56.2256 68.2256 0
      vertex -57.6026 66.1435 0
      vertex -56.7583 67.6157 0
    endloop
  endfacet
  facet normal 0 0 -1
    outer loop
      vertex -56.7583 67.6157 0
      vertex -57.6026 66.1435 0
      vertex -57.2167 66.9241 0
    endloop
  endfacet
  facet normal 0 0 -1
    outer loop
      vertex -54.3543 8.42793 0
      vertex -54.3543 8.72207 0
      vertex -54.3471 8.575 0
    endloop
  endfacet
  facet normal 0 0 -1
    outer loop
      vertex -54.3759 8.28228 0
      vertex -54.3543 8.72207 0
      vertex -54.3543 8.42793 0
    endloop
  endfacet
  facet normal 0 0 -1
    outer loop
      vertex -54.3759 8.28228 0
      vertex -54.3759 8.86772 0
      vertex -54.3543 8.72207 0
    endloop
  endfacet
  facet normal 0 0 -1
    outer loop
      vertex -54.4117 8.13945 0
      vertex -54.3759 8.86772 0
      vertex -54.3759 8.28228 0
    endloop
  endfacet
  facet normal 0 0 -1
    outer loop
      vertex -54.4117 8.13945 0
      vertex -54.4117 9.01055 0
      vertex -54.3759 8.86772 0
    endloop
  endfacet
  facet normal 0 0 -1
    outer loop
      vertex -54.4613 8.00081 0
      vertex -54.4117 9.01055 0
      vertex -54.4117 8.13945 0
    endloop
  endfacet
  facet normal 0 0 -1
    outer loop
      vertex -54.4613 8.00081 0
      vertex -54.4613 9.14919 0
      vertex -54.4117 9.01055 0
    endloop
  endfacet
  facet normal 0 0 -1
    outer loop
      vertex -54.5787 7.77686 0
      vertex -54.4613 8.00081 0
      vertex -54.5243 7.8677 0
    endloop
  endfacet
  facet normal -0 0 -1
    outer loop
      vertex -54.4613 8.00081 0
      vertex -54.5787 7.77686 0
      vertex -54.4613 9.14919 0
    endloop
  endfacet
  facet normal 0 0 -1
    outer loop
      vertex -54.5787 9.37314 0
      vertex -54.4613 9.14919 0
      vertex -54.5787 7.77686 0
    endloop
  endfacet
  facet normal 0 0 -1
    outer loop
      vertex -54.4613 9.14919 0
      vertex -54.5787 9.37314 0
      vertex -54.5243 9.2823 0
    endloop
  endfacet
  facet normal 0 0 -1
    outer loop
      vertex -54.3543 53.4529 0
      vertex -54.3543 53.7471 0
      vertex -54.3471 53.6 0
    endloop
  endfacet
  facet normal 0 0 -1
    outer loop
      vertex -54.3759 53.3073 0
      vertex -54.3543 53.7471 0
      vertex -54.3543 53.4529 0
    endloop
  endfacet
  facet normal 0 0 -1
    outer loop
      vertex -54.3759 53.3073 0
      vertex -54.3759 53.8927 0
      vertex -54.3543 53.7471 0
    endloop
  endfacet
  facet normal 0 0 -1
    outer loop
      vertex -54.4117 53.1644 0
      vertex -54.3759 53.8927 0
      vertex -54.3759 53.3073 0
    endloop
  endfacet
  facet normal 0 0 -1
    outer loop
      vertex -54.4117 53.1644 0
      vertex -54.4117 54.0355 0
      vertex -54.3759 53.8927 0
    endloop
  endfacet
  facet normal 0 0 -1
    outer loop
      vertex -54.4613 53.0258 0
      vertex -54.4117 54.0355 0
      vertex -54.4117 53.1644 0
    endloop
  endfacet
  facet normal 0 0 -1
    outer loop
      vertex -54.4613 53.0258 0
      vertex -54.4613 54.1742 0
      vertex -54.4117 54.0355 0
    endloop
  endfacet
  facet normal 0 0 -1
    outer loop
      vertex -54.5787 52.8019 0
      vertex -54.4613 53.0258 0
      vertex -54.5243 52.8927 0
    endloop
  endfacet
  facet normal -0 0 -1
    outer loop
      vertex -54.4613 53.0258 0
      vertex -54.5787 52.8019 0
      vertex -54.4613 54.1742 0
    endloop
  endfacet
  facet normal 0 0 -1
    outer loop
      vertex -54.5787 54.3981 0
      vertex -54.4613 54.1742 0
      vertex -54.5787 52.8019 0
    endloop
  endfacet
  facet normal 0 0 -1
    outer loop
      vertex -54.4613 54.1742 0
      vertex -54.5787 54.3981 0
      vertex -54.5243 54.3073 0
    endloop
  endfacet
  facet normal 0 0 -1
    outer loop
      vertex 54.4613 53.0258 0
      vertex 54.5787 52.8019 0
      vertex 54.5243 52.8927 0
    endloop
  endfacet
  facet normal 0 0 -1
    outer loop
      vertex 54.5787 52.8019 0
      vertex 54.4613 53.0258 0
      vertex 54.5787 54.3981 0
    endloop
  endfacet
  facet normal 0 0 -1
    outer loop
      vertex 54.4613 54.1742 0
      vertex 54.5787 54.3981 0
      vertex 54.4613 53.0258 0
    endloop
  endfacet
  facet normal 0 0 -1
    outer loop
      vertex 54.5787 54.3981 0
      vertex 54.4613 54.1742 0
      vertex 54.5243 54.3073 0
    endloop
  endfacet
  facet normal 0 0 -1
    outer loop
      vertex 54.4117 53.1644 0
      vertex 54.4613 54.1742 0
      vertex 54.4613 53.0258 0
    endloop
  endfacet
  facet normal 0 0 -1
    outer loop
      vertex 54.4117 53.1644 0
      vertex 54.4117 54.0355 0
      vertex 54.4613 54.1742 0
    endloop
  endfacet
  facet normal 0 0 -1
    outer loop
      vertex 54.3759 53.3073 0
      vertex 54.4117 54.0355 0
      vertex 54.4117 53.1644 0
    endloop
  endfacet
  facet normal 0 0 -1
    outer loop
      vertex 54.3759 53.3073 0
      vertex 54.3759 53.8927 0
      vertex 54.4117 54.0355 0
    endloop
  endfacet
  facet normal 0 0 -1
    outer loop
      vertex 54.3543 53.4529 0
      vertex 54.3759 53.8927 0
      vertex 54.3759 53.3073 0
    endloop
  endfacet
  facet normal 0 0 -1
    outer loop
      vertex 54.3543 53.4529 0
      vertex 54.3543 53.7471 0
      vertex 54.3759 53.8927 0
    endloop
  endfacet
  facet normal 0 -0 -1
    outer loop
      vertex 54.3543 53.7471 0
      vertex 54.3543 53.4529 0
      vertex 54.3471 53.6 0
    endloop
  endfacet
  facet normal 0 0 -1
    outer loop
      vertex 54.3724 9.87134 0
      vertex 58.475 14.5 0
      vertex 54.4878 9.62738 0
    endloop
  endfacet
  facet normal 0 0 -1
    outer loop
      vertex 58.475 15.7 0
      vertex 54.5787 52.8017 0
      vertex 54.5787 52.8019 0
    endloop
  endfacet
  facet normal 0 0 -1
    outer loop
      vertex 54.2336 10.1028 0
      vertex 58.475 14.5 0
      vertex 54.3724 9.87134 0
    endloop
  endfacet
  facet normal 0 0 -1
    outer loop
      vertex 58.475 15.7 0
      vertex 54.4878 52.5476 0
      vertex 54.5787 52.8017 0
    endloop
  endfacet
  facet normal 0 0 -1
    outer loop
      vertex 54.0729 10.3196 0
      vertex 58.475 14.5 0
      vertex 54.2336 10.1028 0
    endloop
  endfacet
  facet normal 0 0 -1
    outer loop
      vertex 58.475 15.7 0
      vertex 54.3724 52.3037 0
      vertex 54.4878 52.5476 0
    endloop
  endfacet
  facet normal 0 0 -1
    outer loop
      vertex 53.9502 10.4549 0
      vertex 58.475 14.5 0
      vertex 54.0729 10.3196 0
    endloop
  endfacet
  facet normal 0 0 -1
    outer loop
      vertex 58.475 15.7 0
      vertex 54.2336 52.0722 0
      vertex 54.3724 52.3037 0
    endloop
  endfacet
  facet normal 0 0 -1
    outer loop
      vertex 52.5737 11.2496 0
      vertex 58.475 14.5 0
      vertex 53.9502 10.4549 0
    endloop
  endfacet
  facet normal 0 0 -1
    outer loop
      vertex 58.475 15.7 0
      vertex 54.0729 51.8554 0
      vertex 54.2336 52.0722 0
    endloop
  endfacet
  facet normal -0 0 -1
    outer loop
      vertex 58.475 14.5 0
      vertex 52.5737 11.2496 0
      vertex 58.475 15.7 0
    endloop
  endfacet
  facet normal 0 0 -1
    outer loop
      vertex 58.475 15.7 0
      vertex 53.9502 51.7201 0
      vertex 54.0729 51.8554 0
    endloop
  endfacet
  facet normal 0 0 -1
    outer loop
      vertex 53.7015 10.4653 0
      vertex 53.9502 10.4549 0
      vertex 53.8482 10.4532 0
    endloop
  endfacet
  facet normal 0 0 -1
    outer loop
      vertex 52.4836 11.2722 0
      vertex 58.475 15.7 0
      vertex 52.5737 11.2496 0
    endloop
  endfacet
  facet normal 0 0 -1
    outer loop
      vertex 53.9502 10.4549 0
      vertex 53.7015 10.4653 0
      vertex 52.5737 11.2496 0
    endloop
  endfacet
  facet normal 0 0 -1
    outer loop
      vertex 58.475 15.7 0
      vertex 52.5737 50.9254 0
      vertex 53.9502 51.7201 0
    endloop
  endfacet
  facet normal 0 0 -1
    outer loop
      vertex 52.5737 11.2496 0
      vertex 53.7015 10.4653 0
      vertex 53.5566 10.4916 0
    endloop
  endfacet
  facet normal 0 -0 -1
    outer loop
      vertex 53.7015 51.7097 0
      vertex 53.9502 51.7201 0
      vertex 52.5737 50.9254 0
    endloop
  endfacet
  facet normal 0 0 -1
    outer loop
      vertex 52.5737 11.2496 0
      vertex 53.5566 10.4916 0
      vertex 53.415 10.5321 0
    endloop
  endfacet
  facet normal -0 0 -1
    outer loop
      vertex 53.9502 51.7201 0
      vertex 53.7015 51.7097 0
      vertex 53.8482 51.7218 0
    endloop
  endfacet
  facet normal 0 0 -1
    outer loop
      vertex 52.5737 11.2496 0
      vertex 53.415 10.5321 0
      vertex 53.2781 10.5862 0
    endloop
  endfacet
  facet normal 0 0 -1
    outer loop
      vertex 53.7015 51.7097 0
      vertex 52.5737 50.9254 0
      vertex 53.5566 51.6834 0
    endloop
  endfacet
  facet normal 0 0 -1
    outer loop
      vertex 52.5737 11.2496 0
      vertex 53.2781 10.5862 0
      vertex 53.1471 10.6535 0
    endloop
  endfacet
  facet normal 0 0 -1
    outer loop
      vertex 53.5566 51.6834 0
      vertex 52.5737 50.9254 0
      vertex 53.415 51.6429 0
    endloop
  endfacet
  facet normal 0 0 -1
    outer loop
      vertex 52.5737 11.2496 0
      vertex 53.1471 10.6535 0
      vertex 53.0233 10.7333 0
    endloop
  endfacet
  facet normal 0 0 -1
    outer loop
      vertex 53.415 51.6429 0
      vertex 52.5737 50.9254 0
      vertex 53.2781 51.5888 0
    endloop
  endfacet
  facet normal 0 0 -1
    outer loop
      vertex 52.5737 11.2496 0
      vertex 53.0233 10.7333 0
      vertex 52.908 10.8248 0
    endloop
  endfacet
  facet normal 0 0 -1
    outer loop
      vertex 53.2781 51.5888 0
      vertex 52.5737 50.9254 0
      vertex 53.1471 51.5215 0
    endloop
  endfacet
  facet normal 0 0 -1
    outer loop
      vertex 52.5737 11.2496 0
      vertex 52.908 10.8248 0
      vertex 52.8022 10.9272 0
    endloop
  endfacet
  facet normal 0 0 -1
    outer loop
      vertex 53.1471 51.5215 0
      vertex 52.5737 50.9254 0
      vertex 53.0233 51.4417 0
    endloop
  endfacet
  facet normal 0 0 -1
    outer loop
      vertex 52.5737 11.2496 0
      vertex 52.8022 10.9272 0
      vertex 52.7069 11.0395 0
    endloop
  endfacet
  facet normal 0 0 -1
    outer loop
      vertex 53.0233 51.4417 0
      vertex 52.5737 50.9254 0
      vertex 52.908 51.3502 0
    endloop
  endfacet
  facet normal 0 0 -1
    outer loop
      vertex 52.5737 11.2496 0
      vertex 52.7069 11.0395 0
      vertex 52.6231 11.1605 0
    endloop
  endfacet
  facet normal 0 0 -1
    outer loop
      vertex 52.908 51.3502 0
      vertex 52.5737 50.9254 0
      vertex 52.8022 51.2478 0
    endloop
  endfacet
  facet normal 0 0 -1
    outer loop
      vertex 52.8022 51.2478 0
      vertex 52.5737 50.9254 0
      vertex 52.7069 51.1355 0
    endloop
  endfacet
  facet normal 0 0 -1
    outer loop
      vertex 52.7069 51.1355 0
      vertex 52.5737 50.9254 0
      vertex 52.6231 51.0145 0
    endloop
  endfacet
  facet normal 0 0 -1
    outer loop
      vertex 52.2166 11.3118 0
      vertex 58.475 15.7 0
      vertex 52.4836 11.2722 0
    endloop
  endfacet
  facet normal 0 0 -1
    outer loop
      vertex 58.475 15.7 0
      vertex 52.4836 50.9028 0
      vertex 52.5737 50.9254 0
    endloop
  endfacet
  facet normal 0 0 -1
    outer loop
      vertex 51.9471 11.325 0
      vertex 58.475 15.7 0
      vertex 52.2166 11.3118 0
    endloop
  endfacet
  facet normal 0 0 -1
    outer loop
      vertex 58.475 15.7 0
      vertex 52.2166 50.8632 0
      vertex 52.4836 50.9028 0
    endloop
  endfacet
  facet normal 0 0 -1
    outer loop
      vertex 51.6776 11.3118 0
      vertex 58.475 15.7 0
      vertex 51.9471 11.325 0
    endloop
  endfacet
  facet normal 0 0 -1
    outer loop
      vertex 58.475 15.7 0
      vertex 51.9471 50.85 0
      vertex 52.2166 50.8632 0
    endloop
  endfacet
  facet normal 0 0 -1
    outer loop
      vertex 51.4106 11.2722 0
      vertex 58.475 15.7 0
      vertex 51.6776 11.3118 0
    endloop
  endfacet
  facet normal 0 0 -1
    outer loop
      vertex 58.475 15.7 0
      vertex 51.6776 50.8632 0
      vertex 51.9471 50.85 0
    endloop
  endfacet
  facet normal 0 0 -1
    outer loop
      vertex 51.3205 11.2496 0
      vertex 58.475 15.7 0
      vertex 51.4106 11.2722 0
    endloop
  endfacet
  facet normal 0 0 -1
    outer loop
      vertex 58.475 15.7 0
      vertex 51.4106 50.9028 0
      vertex 51.6776 50.8632 0
    endloop
  endfacet
  facet normal 0 0 -1
    outer loop
      vertex 51.3205 50.9254 0
      vertex 58.475 15.7 0
      vertex 51.3205 11.2496 0
    endloop
  endfacet
  facet normal 0 0 -1
    outer loop
      vertex 58.475 15.7 0
      vertex 51.3205 50.9254 0
      vertex 51.4106 50.9028 0
    endloop
  endfacet
  facet normal 0 0 -1
    outer loop
      vertex 51.1873 11.0395 0
      vertex 51.3205 11.2496 0
      vertex 51.2711 11.1605 0
    endloop
  endfacet
  facet normal -0 0 -1
    outer loop
      vertex 51.3205 11.2496 0
      vertex 49.944 10.4549 0
      vertex 51.3205 50.9254 0
    endloop
  endfacet
  facet normal 0 0 -1
    outer loop
      vertex 51.3205 11.2496 0
      vertex 51.1873 11.0395 0
      vertex 49.944 10.4549 0
    endloop
  endfacet
  facet normal 0 0 -1
    outer loop
      vertex 49.944 51.7201 0
      vertex 51.3205 50.9254 0
      vertex 49.944 10.4549 0
    endloop
  endfacet
  facet normal 0 0 -1
    outer loop
      vertex 49.944 10.4549 0
      vertex 51.1873 11.0395 0
      vertex 51.092 10.9272 0
    endloop
  endfacet
  facet normal -0 -0 -1
    outer loop
      vertex 51.1873 51.1355 0
      vertex 51.3205 50.9254 0
      vertex 49.944 51.7201 0
    endloop
  endfacet
  facet normal 0 0 -1
    outer loop
      vertex 49.944 10.4549 0
      vertex 51.092 10.9272 0
      vertex 50.9862 10.8248 0
    endloop
  endfacet
  facet normal 0 0 -1
    outer loop
      vertex 51.3205 50.9254 0
      vertex 51.1873 51.1355 0
      vertex 51.2711 51.0145 0
    endloop
  endfacet
  facet normal 0 0 -1
    outer loop
      vertex 49.944 10.4549 0
      vertex 50.9862 10.8248 0
      vertex 50.8709 10.7333 0
    endloop
  endfacet
  facet normal 0 0 -1
    outer loop
      vertex 51.1873 51.1355 0
      vertex 49.944 51.7201 0
      vertex 51.092 51.2478 0
    endloop
  endfacet
  facet normal 0 0 -1
    outer loop
      vertex 49.944 10.4549 0
      vertex 50.8709 10.7333 0
      vertex 50.7471 10.6535 0
    endloop
  endfacet
  facet normal 0 0 -1
    outer loop
      vertex 51.092 51.2478 0
      vertex 49.944 51.7201 0
      vertex 50.9862 51.3502 0
    endloop
  endfacet
  facet normal 0 0 -1
    outer loop
      vertex 49.944 10.4549 0
      vertex 50.7471 10.6535 0
      vertex 50.6161 10.5862 0
    endloop
  endfacet
  facet normal 0 0 -1
    outer loop
      vertex 50.9862 51.3502 0
      vertex 49.944 51.7201 0
      vertex 50.8709 51.4417 0
    endloop
  endfacet
  facet normal 0 0 -1
    outer loop
      vertex 49.944 10.4549 0
      vertex 50.6161 10.5862 0
      vertex 50.4792 10.5321 0
    endloop
  endfacet
  facet normal 0 0 -1
    outer loop
      vertex 50.8709 51.4417 0
      vertex 49.944 51.7201 0
      vertex 50.7471 51.5215 0
    endloop
  endfacet
  facet normal 0 0 -1
    outer loop
      vertex 49.944 10.4549 0
      vertex 50.4792 10.5321 0
      vertex 50.3376 10.4916 0
    endloop
  endfacet
  facet normal 0 0 -1
    outer loop
      vertex 50.7471 51.5215 0
      vertex 49.944 51.7201 0
      vertex 50.6161 51.5888 0
    endloop
  endfacet
  facet normal 0 0 -1
    outer loop
      vertex 49.944 10.4549 0
      vertex 50.3376 10.4916 0
      vertex 50.1927 10.4653 0
    endloop
  endfacet
  facet normal 0 0 -1
    outer loop
      vertex 50.6161 51.5888 0
      vertex 49.944 51.7201 0
      vertex 50.4792 51.6429 0
    endloop
  endfacet
  facet normal 0 0 -1
    outer loop
      vertex 49.944 10.4549 0
      vertex 50.1927 10.4653 0
      vertex 50.046 10.4532 0
    endloop
  endfacet
  facet normal 0 0 -1
    outer loop
      vertex 50.4792 51.6429 0
      vertex 49.944 51.7201 0
      vertex 50.3376 51.6834 0
    endloop
  endfacet
  facet normal 0 0 -1
    outer loop
      vertex 50.3376 51.6834 0
      vertex 49.944 51.7201 0
      vertex 50.1927 51.7097 0
    endloop
  endfacet
  facet normal 0 0 -1
    outer loop
      vertex 50.1927 51.7097 0
      vertex 49.944 51.7201 0
      vertex 50.046 51.7218 0
    endloop
  endfacet
  facet normal 0 0 -1
    outer loop
      vertex 49.8213 10.3196 0
      vertex 49.944 51.7201 0
      vertex 49.944 10.4549 0
    endloop
  endfacet
  facet normal 0 0 -1
    outer loop
      vertex 49.8213 10.3196 0
      vertex 49.8213 51.8554 0
      vertex 49.944 51.7201 0
    endloop
  endfacet
  facet normal 0 0 -1
    outer loop
      vertex 49.6606 10.1028 0
      vertex 49.8213 51.8554 0
      vertex 49.8213 10.3196 0
    endloop
  endfacet
  facet normal 0 0 -1
    outer loop
      vertex 49.6606 10.1028 0
      vertex 49.6606 52.0722 0
      vertex 49.8213 51.8554 0
    endloop
  endfacet
  facet normal 0 0 -1
    outer loop
      vertex 25.0972 69.5056 0
      vertex 49.6606 10.1028 0
      vertex 49.5218 9.87134 0
    endloop
  endfacet
  facet normal 0 0 -1
    outer loop
      vertex 49.6606 10.1028 0
      vertex 26.0491 69.2672 0
      vertex 49.6606 52.0722 0
    endloop
  endfacet
  facet normal 0 0 -1
    outer loop
      vertex 25.0972 69.5056 0
      vertex 49.5218 9.87134 0
      vertex 49.4064 9.62738 0
    endloop
  endfacet
  facet normal 0 0 -1
    outer loop
      vertex 49.6606 52.0722 0
      vertex 26.0491 69.2672 0
      vertex 49.5218 52.3037 0
    endloop
  endfacet
  facet normal 0 0 -1
    outer loop
      vertex 24.1732 69.8362 0
      vertex 49.4064 9.62738 0
      vertex 49.3155 9.37328 0
    endloop
  endfacet
  facet normal -0 -0 -1
    outer loop
      vertex 27.0198 69.1232 0
      vertex 49.5218 52.3037 0
      vertex 26.0491 69.2672 0
    endloop
  endfacet
  facet normal 0 0 -1
    outer loop
      vertex -49.3155 9.37314 0
      vertex 49.3155 9.37314 0
      vertex -49.3155 7.77686 0
    endloop
  endfacet
  facet normal 0 0 -1
    outer loop
      vertex 49.5218 52.3037 0
      vertex 27.0198 69.1232 0
      vertex 49.4064 52.5476 0
    endloop
  endfacet
  facet normal 0 0 -1
    outer loop
      vertex 54.4613 8.00081 0
      vertex 54.5787 7.77686 0
      vertex 54.5243 7.8677 0
    endloop
  endfacet
  facet normal 0 0 -1
    outer loop
      vertex 54.5787 7.77686 0
      vertex 54.4613 8.00081 0
      vertex 54.5787 9.37314 0
    endloop
  endfacet
  facet normal 0 0 -1
    outer loop
      vertex 54.4613 9.14919 0
      vertex 54.5787 9.37314 0
      vertex 54.4613 8.00081 0
    endloop
  endfacet
  facet normal 0 0 -1
    outer loop
      vertex 54.5787 9.37314 0
      vertex 54.4613 9.14919 0
      vertex 54.5243 9.2823 0
    endloop
  endfacet
  facet normal 0 0 -1
    outer loop
      vertex 54.4117 8.13945 0
      vertex 54.4613 9.14919 0
      vertex 54.4613 8.00081 0
    endloop
  endfacet
  facet normal 0 0 -1
    outer loop
      vertex 54.4117 8.13945 0
      vertex 54.4117 9.01055 0
      vertex 54.4613 9.14919 0
    endloop
  endfacet
  facet normal 0 0 -1
    outer loop
      vertex 54.3759 8.28228 0
      vertex 54.4117 9.01055 0
      vertex 54.4117 8.13945 0
    endloop
  endfacet
  facet normal 0 0 -1
    outer loop
      vertex 54.3759 8.28228 0
      vertex 54.3759 8.86772 0
      vertex 54.4117 9.01055 0
    endloop
  endfacet
  facet normal 0 0 -1
    outer loop
      vertex 54.3543 8.42793 0
      vertex 54.3759 8.86772 0
      vertex 54.3759 8.28228 0
    endloop
  endfacet
  facet normal 0 0 -1
    outer loop
      vertex 54.3543 8.42793 0
      vertex 54.3543 8.72207 0
      vertex 54.3759 8.86772 0
    endloop
  endfacet
  facet normal 0 -0 -1
    outer loop
      vertex 54.3543 8.72207 0
      vertex 54.3543 8.42793 0
      vertex 54.3471 8.575 0
    endloop
  endfacet
  facet normal 0 0 -1
    outer loop
      vertex 46.925 -70.475 0
      vertex 58.475 -55.7 0
      vertex 58.475 -58.925 0
    endloop
  endfacet
  facet normal -0 0 -1
    outer loop
      vertex 58.475 -55.7 0
      vertex 46.925 -70.475 0
      vertex 58.475 -54.5 0
    endloop
  endfacet
  facet normal -0 0 -1
    outer loop
      vertex 58.475 -54.5 0
      vertex 46.925 -70.475 0
      vertex 58.475 -45.5 0
    endloop
  endfacet
  facet normal -0 0 -1
    outer loop
      vertex 58.475 -45.5 0
      vertex 46.925 -70.475 0
      vertex 58.475 -44.3 0
    endloop
  endfacet
  facet normal -0 0 -1
    outer loop
      vertex 58.475 -44.3 0
      vertex 46.925 -70.475 0
      vertex 58.475 -25.7 0
    endloop
  endfacet
  facet normal 0 0 -1
    outer loop
      vertex -46.925 -70.475 0
      vertex 58.475 -25.7 0
      vertex 46.925 -70.475 0
    endloop
  endfacet
  facet normal 0 0 -1
    outer loop
      vertex -58.475 -48.3 0
      vertex 58.475 -25.7 0
      vertex -46.925 -70.475 0
    endloop
  endfacet
  facet normal 0 -0 -1
    outer loop
      vertex -49.6606 7.04718 0
      vertex 58.475 -25.7 0
      vertex -49.8213 6.83042 0
    endloop
  endfacet
  facet normal -0 -0 -1
    outer loop
      vertex 51.9471 5.825 0
      vertex 58.475 -14.3 0
      vertex 51.6776 5.83824 0
    endloop
  endfacet
  facet normal 0 -0 -1
    outer loop
      vertex 52.4836 5.87784 0
      vertex 58.475 4.3 0
      vertex 52.2166 5.83824 0
    endloop
  endfacet
  facet normal 0 -0 -1
    outer loop
      vertex 54.4878 7.52262 0
      vertex 58.475 5.5 0
      vertex 54.3724 7.27866 0
    endloop
  endfacet
  facet normal 0 0 -1
    outer loop
      vertex 54.5787 7.77686 0
      vertex 58.475 5.5 0
      vertex 54.5787 7.77672 0
    endloop
  endfacet
  facet normal 0 0 -1
    outer loop
      vertex 46.925 -70.475 0
      vertex 58.475 -58.925 0
      vertex 58.4402 -61.6299 0
    endloop
  endfacet
  facet normal 0 0 -1
    outer loop
      vertex 54.5787 9.37328 0
      vertex 58.475 14.5 0
      vertex 54.5787 9.37314 0
    endloop
  endfacet
  facet normal 0 0 -1
    outer loop
      vertex 49.6299 -70.4402 0
      vertex 58.4402 -61.6299 0
      vertex 58.3358 -63.0839 0
    endloop
  endfacet
  facet normal 0 0 -1
    outer loop
      vertex 54.4878 9.62738 0
      vertex 58.475 14.5 0
      vertex 54.5787 9.37328 0
    endloop
  endfacet
  facet normal 0 0 -1
    outer loop
      vertex 51.0839 -70.3358 0
      vertex 58.3358 -63.0839 0
      vertex 58.1616 -64.2565 0
    endloop
  endfacet
  facet normal 0 0 -1
    outer loop
      vertex 58.475 15.7 0
      vertex 54.5787 52.8019 0
      vertex 58.475 58.925 0
    endloop
  endfacet
  facet normal 0 0 -1
    outer loop
      vertex 52.2565 -70.1616 0
      vertex 58.1616 -64.2565 0
      vertex 57.9174 -65.2616 0
    endloop
  endfacet
  facet normal 0 0 -1
    outer loop
      vertex 54.5787 54.3981 0
      vertex 58.475 58.925 0
      vertex 54.5787 52.8019 0
    endloop
  endfacet
  facet normal 0 0 -1
    outer loop
      vertex 53.2616 -69.9174 0
      vertex 57.9174 -65.2616 0
      vertex 57.6026 -66.1435 0
    endloop
  endfacet
  facet normal 0 0 -1
    outer loop
      vertex 54.5787 54.3983 0
      vertex 58.475 58.925 0
      vertex 54.5787 54.3981 0
    endloop
  endfacet
  facet normal 0 0 -1
    outer loop
      vertex 54.1435 -69.6026 0
      vertex 57.6026 -66.1435 0
      vertex 57.2167 -66.9241 0
    endloop
  endfacet
  facet normal 0 0 -1
    outer loop
      vertex 54.4878 54.6524 0
      vertex 58.475 58.925 0
      vertex 54.5787 54.3983 0
    endloop
  endfacet
  facet normal 0 0 -1
    outer loop
      vertex 54.1435 -69.6026 0
      vertex 57.2167 -66.9241 0
      vertex 56.7583 -67.6157 0
    endloop
  endfacet
  facet normal 0 0 -1
    outer loop
      vertex 54.3724 54.8963 0
      vertex 58.475 58.925 0
      vertex 54.4878 54.6524 0
    endloop
  endfacet
  facet normal 0 0 -1
    outer loop
      vertex 54.1435 -69.6026 0
      vertex 56.7583 -67.6157 0
      vertex 56.2256 -68.2256 0
    endloop
  endfacet
  facet normal 0 0 -1
    outer loop
      vertex 54.2336 55.1278 0
      vertex 58.475 58.925 0
      vertex 54.3724 54.8963 0
    endloop
  endfacet
  facet normal 0 0 -1
    outer loop
      vertex 54.1435 -69.6026 0
      vertex 56.2256 -68.2256 0
      vertex 55.6157 -68.7583 0
    endloop
  endfacet
  facet normal 0 0 -1
    outer loop
      vertex 54.0729 55.3446 0
      vertex 58.475 58.925 0
      vertex 54.2336 55.1278 0
    endloop
  endfacet
  facet normal 0 0 -1
    outer loop
      vertex 54.1435 -69.6026 0
      vertex 55.6157 -68.7583 0
      vertex 54.9241 -69.2167 0
    endloop
  endfacet
  facet normal 0 0 -1
    outer loop
      vertex 53.9502 55.4799 0
      vertex 58.475 58.925 0
      vertex 54.0729 55.3446 0
    endloop
  endfacet
  facet normal 0 0 -1
    outer loop
      vertex 52.5737 56.2746 0
      vertex 58.475 58.925 0
      vertex 53.9502 55.4799 0
    endloop
  endfacet
  facet normal 0 0 -1
    outer loop
      vertex 58.475 5.5 0
      vertex 54.5787 9.37314 0
      vertex 58.475 14.5 0
    endloop
  endfacet
  facet normal 0 0 -1
    outer loop
      vertex 54.5787 9.37314 0
      vertex 58.475 5.5 0
      vertex 54.5787 7.77686 0
    endloop
  endfacet
  facet normal 0 -0 -1
    outer loop
      vertex 54.5787 7.77672 0
      vertex 58.475 5.5 0
      vertex 54.4878 7.52262 0
    endloop
  endfacet
  facet normal 0 0 -1
    outer loop
      vertex 58.475 5.5 0
      vertex 54.2336 7.04718 0
      vertex 54.3724 7.27866 0
    endloop
  endfacet
  facet normal 0 0 -1
    outer loop
      vertex 57.6026 -66.1435 0
      vertex 54.1435 -69.6026 0
      vertex 53.2616 -69.9174 0
    endloop
  endfacet
  facet normal 0 0 -1
    outer loop
      vertex 58.475 5.5 0
      vertex 54.0729 6.83042 0
      vertex 54.2336 7.04718 0
    endloop
  endfacet
  facet normal 0 0 -1
    outer loop
      vertex 58.475 5.5 0
      vertex 53.9502 6.69509 0
      vertex 54.0729 6.83042 0
    endloop
  endfacet
  facet normal 0 0 -1
    outer loop
      vertex 58.475 4.3 0
      vertex 53.9502 6.69509 0
      vertex 58.475 5.5 0
    endloop
  endfacet
  facet normal 0 -0 -1
    outer loop
      vertex 53.7015 6.68472 0
      vertex 53.9502 6.69509 0
      vertex 52.5737 5.9004 0
    endloop
  endfacet
  facet normal -0 0 -1
    outer loop
      vertex 53.9502 6.69509 0
      vertex 53.7015 6.68472 0
      vertex 53.8482 6.69676 0
    endloop
  endfacet
  facet normal 0 0 -1
    outer loop
      vertex 53.7015 6.68472 0
      vertex 52.5737 5.9004 0
      vertex 53.5566 6.65836 0
    endloop
  endfacet
  facet normal 0 0 -1
    outer loop
      vertex 53.5566 6.65836 0
      vertex 52.5737 5.9004 0
      vertex 53.415 6.61793 0
    endloop
  endfacet
  facet normal 0 0 -1
    outer loop
      vertex 57.9174 -65.2616 0
      vertex 53.2616 -69.9174 0
      vertex 52.2565 -70.1616 0
    endloop
  endfacet
  facet normal 0 0 -1
    outer loop
      vertex 53.415 6.61793 0
      vertex 52.5737 5.9004 0
      vertex 53.2781 6.56382 0
    endloop
  endfacet
  facet normal 0 0 -1
    outer loop
      vertex 53.2781 6.56382 0
      vertex 52.5737 5.9004 0
      vertex 53.1471 6.49654 0
    endloop
  endfacet
  facet normal 0 0 -1
    outer loop
      vertex 53.1471 6.49654 0
      vertex 52.5737 5.9004 0
      vertex 53.0233 6.41675 0
    endloop
  endfacet
  facet normal 0 0 -1
    outer loop
      vertex 53.0233 6.41675 0
      vertex 52.5737 5.9004 0
      vertex 52.908 6.32521 0
    endloop
  endfacet
  facet normal 0 0 -1
    outer loop
      vertex 52.908 6.32521 0
      vertex 52.5737 5.9004 0
      vertex 52.8022 6.22281 0
    endloop
  endfacet
  facet normal 0 0 -1
    outer loop
      vertex 52.8022 6.22281 0
      vertex 52.5737 5.9004 0
      vertex 52.7069 6.11053 0
    endloop
  endfacet
  facet normal 0 0 -1
    outer loop
      vertex 52.7069 6.11053 0
      vertex 52.5737 5.9004 0
      vertex 52.6231 5.98946 0
    endloop
  endfacet
  facet normal 0 -0 -1
    outer loop
      vertex 53.9502 6.69509 0
      vertex 58.475 4.3 0
      vertex 52.5737 5.9004 0
    endloop
  endfacet
  facet normal 0 0 -1
    outer loop
      vertex 58.1616 -64.2565 0
      vertex 52.2565 -70.1616 0
      vertex 51.0839 -70.3358 0
    endloop
  endfacet
  facet normal 0 -0 -1
    outer loop
      vertex 52.5737 5.9004 0
      vertex 58.475 4.3 0
      vertex 52.4836 5.87784 0
    endloop
  endfacet
  facet normal 0 0 -1
    outer loop
      vertex 58.475 -14.3 0
      vertex 52.2166 5.83824 0
      vertex 58.475 4.3 0
    endloop
  endfacet
  facet normal 0 -0 -1
    outer loop
      vertex 52.2166 5.83824 0
      vertex 58.475 -14.3 0
      vertex 51.9471 5.825 0
    endloop
  endfacet
  facet normal 0 0 -1
    outer loop
      vertex 58.475 -25.7 0
      vertex -49.6606 7.04718 0
      vertex 58.475 -24.5 0
    endloop
  endfacet
  facet normal 0 0 -1
    outer loop
      vertex 58.475 -14.3 0
      vertex 51.4106 5.87784 0
      vertex 51.6776 5.83824 0
    endloop
  endfacet
  facet normal 0 0 -1
    outer loop
      vertex 58.475 -14.3 0
      vertex 51.3205 5.9004 0
      vertex 51.4106 5.87784 0
    endloop
  endfacet
  facet normal 0 0 -1
    outer loop
      vertex 58.475 -14.3 0
      vertex 49.944 6.69509 0
      vertex 51.3205 5.9004 0
    endloop
  endfacet
  facet normal -0 -0 -1
    outer loop
      vertex 51.1873 6.11053 0
      vertex 51.3205 5.9004 0
      vertex 49.944 6.69509 0
    endloop
  endfacet
  facet normal 0 0 -1
    outer loop
      vertex 58.3358 -63.0839 0
      vertex 51.0839 -70.3358 0
      vertex 49.6299 -70.4402 0
    endloop
  endfacet
  facet normal 0 0 -1
    outer loop
      vertex 58.4402 -61.6299 0
      vertex 49.6299 -70.4402 0
      vertex 46.925 -70.475 0
    endloop
  endfacet
  facet normal 0 0 -1
    outer loop
      vertex 51.3205 5.9004 0
      vertex 51.1873 6.11053 0
      vertex 51.2711 5.98946 0
    endloop
  endfacet
  facet normal 0 0 -1
    outer loop
      vertex 51.1873 6.11053 0
      vertex 49.944 6.69509 0
      vertex 51.092 6.22281 0
    endloop
  endfacet
  facet normal 0 0 -1
    outer loop
      vertex 51.092 6.22281 0
      vertex 49.944 6.69509 0
      vertex 50.9862 6.32521 0
    endloop
  endfacet
  facet normal 0 0 -1
    outer loop
      vertex 50.9862 6.32521 0
      vertex 49.944 6.69509 0
      vertex 50.8709 6.41675 0
    endloop
  endfacet
  facet normal 0 0 -1
    outer loop
      vertex 50.8709 6.41675 0
      vertex 49.944 6.69509 0
      vertex 50.7471 6.49654 0
    endloop
  endfacet
  facet normal 0 0 -1
    outer loop
      vertex 50.7471 6.49654 0
      vertex 49.944 6.69509 0
      vertex 50.6161 6.56382 0
    endloop
  endfacet
  facet normal 0 0 -1
    outer loop
      vertex 50.3376 6.65836 0
      vertex 49.944 6.69509 0
      vertex 50.1927 6.68472 0
    endloop
  endfacet
  facet normal 0 0 -1
    outer loop
      vertex 50.1927 6.68472 0
      vertex 49.944 6.69509 0
      vertex 50.046 6.69676 0
    endloop
  endfacet
  facet normal 0 0 -1
    outer loop
      vertex 50.6161 6.56382 0
      vertex 49.944 6.69509 0
      vertex 50.4792 6.61793 0
    endloop
  endfacet
  facet normal 0 0 -1
    outer loop
      vertex 50.4792 6.61793 0
      vertex 49.944 6.69509 0
      vertex 50.3376 6.65836 0
    endloop
  endfacet
  facet normal 0 0 -1
    outer loop
      vertex 58.475 -15.5 0
      vertex 49.944 6.69509 0
      vertex 58.475 -14.3 0
    endloop
  endfacet
  facet normal -0 -0 -1
    outer loop
      vertex 49.944 6.69509 0
      vertex 58.475 -15.5 0
      vertex 49.8213 6.83042 0
    endloop
  endfacet
  facet normal -0 -0 -1
    outer loop
      vertex 49.8213 6.83042 0
      vertex 58.475 -15.5 0
      vertex 49.6606 7.04718 0
    endloop
  endfacet
  facet normal 0 0 -1
    outer loop
      vertex 49.6606 7.04718 0
      vertex -49.6606 7.04718 0
      vertex 49.5218 7.27866 0
    endloop
  endfacet
  facet normal 0 -0 -1
    outer loop
      vertex -49.5218 7.27866 0
      vertex 49.5218 7.27866 0
      vertex -49.6606 7.04718 0
    endloop
  endfacet
  facet normal 0 0 -1
    outer loop
      vertex -49.3155 7.77686 0
      vertex 49.3155 9.37314 0
      vertex 49.3155 7.77686 0
    endloop
  endfacet
  facet normal 0 0 -1
    outer loop
      vertex 49.4064 52.5476 0
      vertex 27.0198 69.1232 0
      vertex 49.3155 52.8017 0
    endloop
  endfacet
  facet normal 0 -0 -1
    outer loop
      vertex -49.4064 7.52262 0
      vertex 49.4064 7.52262 0
      vertex -49.5218 7.27866 0
    endloop
  endfacet
  facet normal 0 0 -1
    outer loop
      vertex 49.5218 7.27866 0
      vertex -49.5218 7.27866 0
      vertex 49.4064 7.52262 0
    endloop
  endfacet
  facet normal 0 0 -1
    outer loop
      vertex 58.475 -55.7 0
      vertex 60.075 -54.5 0
      vertex 60.075 -55.7 0
    endloop
  endfacet
  facet normal -0 0 -1
    outer loop
      vertex 60.075 -54.5 0
      vertex 58.475 -55.7 0
      vertex 58.475 -54.5 0
    endloop
  endfacet
  facet normal 0 0 -1
    outer loop
      vertex 58.475 -45.5 0
      vertex 60.075 -44.3 0
      vertex 60.075 -45.5 0
    endloop
  endfacet
  facet normal -0 0 -1
    outer loop
      vertex 60.075 -44.3 0
      vertex 58.475 -45.5 0
      vertex 58.475 -44.3 0
    endloop
  endfacet
  facet normal 0 0 -1
    outer loop
      vertex 58.475 -25.7 0
      vertex 60.075 -24.5 0
      vertex 60.075 -25.7 0
    endloop
  endfacet
  facet normal -0 0 -1
    outer loop
      vertex 60.075 -24.5 0
      vertex 58.475 -25.7 0
      vertex 58.475 -24.5 0
    endloop
  endfacet
  facet normal 0 0 -1
    outer loop
      vertex 58.475 -15.5 0
      vertex 60.075 -14.3 0
      vertex 60.075 -15.5 0
    endloop
  endfacet
  facet normal -0 0 -1
    outer loop
      vertex 60.075 -14.3 0
      vertex 58.475 -15.5 0
      vertex 58.475 -14.3 0
    endloop
  endfacet
  facet normal 0 0 -1
    outer loop
      vertex 58.475 4.3 0
      vertex 60.075 5.5 0
      vertex 60.075 4.3 0
    endloop
  endfacet
  facet normal -0 0 -1
    outer loop
      vertex 60.075 5.5 0
      vertex 58.475 4.3 0
      vertex 58.475 5.5 0
    endloop
  endfacet
  facet normal 0 0 -1
    outer loop
      vertex 58.475 14.5 0
      vertex 60.075 15.7 0
      vertex 60.075 14.5 0
    endloop
  endfacet
  facet normal -0 0 -1
    outer loop
      vertex 60.075 15.7 0
      vertex 58.475 14.5 0
      vertex 58.475 15.7 0
    endloop
  endfacet
  facet normal -0 0 -1
    outer loop
      vertex 58.475 58.925 0
      vertex 52.5737 56.2746 0
      vertex 58.4402 61.6299 0
    endloop
  endfacet
  facet normal 0 0 -1
    outer loop
      vertex 52.4836 56.2972 0
      vertex 58.4402 61.6299 0
      vertex 52.5737 56.2746 0
    endloop
  endfacet
  facet normal 0 0 -1
    outer loop
      vertex 52.2166 56.3368 0
      vertex 58.4402 61.6299 0
      vertex 52.4836 56.2972 0
    endloop
  endfacet
  facet normal -0 0 -1
    outer loop
      vertex 58.4402 61.6299 0
      vertex 52.2166 56.3368 0
      vertex 58.3358 63.0839 0
    endloop
  endfacet
  facet normal 0 0 -1
    outer loop
      vertex 51.9471 56.35 0
      vertex 58.3358 63.0839 0
      vertex 52.2166 56.3368 0
    endloop
  endfacet
  facet normal -0 0 -1
    outer loop
      vertex 58.3358 63.0839 0
      vertex 51.9471 56.35 0
      vertex 58.1616 64.2565 0
    endloop
  endfacet
  facet normal -0 0 -1
    outer loop
      vertex 58.1616 64.2565 0
      vertex 51.9471 56.35 0
      vertex 57.9174 65.2616 0
    endloop
  endfacet
  facet normal 0 0 -1
    outer loop
      vertex 51.6776 56.3368 0
      vertex 57.9174 65.2616 0
      vertex 51.9471 56.35 0
    endloop
  endfacet
  facet normal 0 -0 -1
    outer loop
      vertex 53.2616 69.9174 0
      vertex 57.9174 65.2616 0
      vertex 51.6776 56.3368 0
    endloop
  endfacet
  facet normal 0 0 -1
    outer loop
      vertex 57.9174 65.2616 0
      vertex 53.2616 69.9174 0
      vertex 57.6026 66.1435 0
    endloop
  endfacet
  facet normal 0 0 -1
    outer loop
      vertex 53.7015 55.4903 0
      vertex 53.9502 55.4799 0
      vertex 53.8482 55.4782 0
    endloop
  endfacet
  facet normal 0 0 -1
    outer loop
      vertex 53.9502 55.4799 0
      vertex 53.7015 55.4903 0
      vertex 52.5737 56.2746 0
    endloop
  endfacet
  facet normal 0 0 -1
    outer loop
      vertex 52.5737 56.2746 0
      vertex 53.7015 55.4903 0
      vertex 53.5566 55.5166 0
    endloop
  endfacet
  facet normal 0 0 -1
    outer loop
      vertex 52.5737 56.2746 0
      vertex 53.5566 55.5166 0
      vertex 53.415 55.5571 0
    endloop
  endfacet
  facet normal 0 0 -1
    outer loop
      vertex 52.5737 56.2746 0
      vertex 53.415 55.5571 0
      vertex 53.2781 55.6112 0
    endloop
  endfacet
  facet normal 0 0 -1
    outer loop
      vertex 57.6026 66.1435 0
      vertex 54.1435 69.6026 0
      vertex 57.2167 66.9241 0
    endloop
  endfacet
  facet normal 0 0 -1
    outer loop
      vertex 52.5737 56.2746 0
      vertex 53.2781 55.6112 0
      vertex 53.1471 55.6785 0
    endloop
  endfacet
  facet normal 0 0 -1
    outer loop
      vertex 52.5737 56.2746 0
      vertex 53.1471 55.6785 0
      vertex 53.0233 55.7583 0
    endloop
  endfacet
  facet normal 0 0 -1
    outer loop
      vertex 52.5737 56.2746 0
      vertex 53.0233 55.7583 0
      vertex 52.908 55.8498 0
    endloop
  endfacet
  facet normal 0 0 -1
    outer loop
      vertex 52.5737 56.2746 0
      vertex 52.908 55.8498 0
      vertex 52.8022 55.9522 0
    endloop
  endfacet
  facet normal 0 0 -1
    outer loop
      vertex 52.5737 56.2746 0
      vertex 52.8022 55.9522 0
      vertex 52.7069 56.0645 0
    endloop
  endfacet
  facet normal 0 0 -1
    outer loop
      vertex 52.5737 56.2746 0
      vertex 52.7069 56.0645 0
      vertex 52.6231 56.1855 0
    endloop
  endfacet
  facet normal 0 0 -1
    outer loop
      vertex 57.2167 66.9241 0
      vertex 54.9241 69.2167 0
      vertex 56.7583 67.6157 0
    endloop
  endfacet
  facet normal 0 0 -1
    outer loop
      vertex 56.2256 68.2256 0
      vertex 54.9241 69.2167 0
      vertex 55.6157 68.7583 0
    endloop
  endfacet
  facet normal 0 0 -1
    outer loop
      vertex 56.7583 67.6157 0
      vertex 54.9241 69.2167 0
      vertex 56.2256 68.2256 0
    endloop
  endfacet
  facet normal -0 -0 -1
    outer loop
      vertex 54.9241 69.2167 0
      vertex 57.2167 66.9241 0
      vertex 54.1435 69.6026 0
    endloop
  endfacet
  facet normal 0 0 -1
    outer loop
      vertex 57.6026 66.1435 0
      vertex 53.2616 69.9174 0
      vertex 54.1435 69.6026 0
    endloop
  endfacet
  facet normal -0 0 -1
    outer loop
      vertex 53.2616 69.9174 0
      vertex 51.6776 56.3368 0
      vertex 52.2565 70.1616 0
    endloop
  endfacet
  facet normal 0 0 -1
    outer loop
      vertex 51.0839 70.3358 0
      vertex 51.6776 56.3368 0
      vertex 51.4106 56.2972 0
    endloop
  endfacet
  facet normal 0 0 -1
    outer loop
      vertex 49.6299 70.4402 0
      vertex 51.4106 56.2972 0
      vertex 51.3205 56.2746 0
    endloop
  endfacet
  facet normal 0 0 -1
    outer loop
      vertex 51.1873 56.0645 0
      vertex 51.3205 56.2746 0
      vertex 51.2711 56.1855 0
    endloop
  endfacet
  facet normal 0 0 -1
    outer loop
      vertex 51.3205 56.2746 0
      vertex 51.1873 56.0645 0
      vertex 49.944 55.4799 0
    endloop
  endfacet
  facet normal 0 0 -1
    outer loop
      vertex 49.944 55.4799 0
      vertex 51.1873 56.0645 0
      vertex 51.092 55.9522 0
    endloop
  endfacet
  facet normal 0 0 -1
    outer loop
      vertex 51.6776 56.3368 0
      vertex 51.0839 70.3358 0
      vertex 52.2565 70.1616 0
    endloop
  endfacet
  facet normal 0 0 -1
    outer loop
      vertex 49.944 55.4799 0
      vertex 51.092 55.9522 0
      vertex 50.9862 55.8498 0
    endloop
  endfacet
  facet normal 0 0 -1
    outer loop
      vertex 49.944 55.4799 0
      vertex 50.9862 55.8498 0
      vertex 50.8709 55.7583 0
    endloop
  endfacet
  facet normal 0 0 -1
    outer loop
      vertex 49.944 55.4799 0
      vertex 50.8709 55.7583 0
      vertex 50.7471 55.6785 0
    endloop
  endfacet
  facet normal 0 0 -1
    outer loop
      vertex 49.944 55.4799 0
      vertex 50.7471 55.6785 0
      vertex 50.6161 55.6112 0
    endloop
  endfacet
  facet normal 0 0 -1
    outer loop
      vertex 49.944 55.4799 0
      vertex 50.6161 55.6112 0
      vertex 50.4792 55.5571 0
    endloop
  endfacet
  facet normal 0 0 -1
    outer loop
      vertex 49.944 55.4799 0
      vertex 50.4792 55.5571 0
      vertex 50.3376 55.5166 0
    endloop
  endfacet
  facet normal 0 0 -1
    outer loop
      vertex 49.944 55.4799 0
      vertex 50.3376 55.5166 0
      vertex 50.1927 55.4903 0
    endloop
  endfacet
  facet normal 0 0 -1
    outer loop
      vertex 49.944 55.4799 0
      vertex 50.1927 55.4903 0
      vertex 50.046 55.4782 0
    endloop
  endfacet
  facet normal -0 0 -1
    outer loop
      vertex 51.3205 56.2746 0
      vertex 49.944 55.4799 0
      vertex 46.925 70.475 0
    endloop
  endfacet
  facet normal 0 0 -1
    outer loop
      vertex 46.925 70.475 0
      vertex 49.944 55.4799 0
      vertex 49.8213 55.3446 0
    endloop
  endfacet
  facet normal 0 0 -1
    outer loop
      vertex 46.925 70.475 0
      vertex 49.8213 55.3446 0
      vertex 49.6606 55.1278 0
    endloop
  endfacet
  facet normal 0 0 -1
    outer loop
      vertex 51.4106 56.2972 0
      vertex 49.6299 70.4402 0
      vertex 51.0839 70.3358 0
    endloop
  endfacet
  facet normal 0 0 -1
    outer loop
      vertex 33.0797 70.475 0
      vertex 49.6606 55.1278 0
      vertex 49.5218 54.8963 0
    endloop
  endfacet
  facet normal 0 0 -1
    outer loop
      vertex 32.714 70.2558 0
      vertex 49.5218 54.8963 0
      vertex 49.4064 54.6524 0
    endloop
  endfacet
  facet normal 0 0 -1
    outer loop
      vertex 32.714 70.2558 0
      vertex 49.4064 54.6524 0
      vertex 49.3155 54.3983 0
    endloop
  endfacet
  facet normal 0 0 -1
    outer loop
      vertex 31.8268 69.8362 0
      vertex 49.3155 54.3983 0
      vertex 49.3155 54.3981 0
    endloop
  endfacet
  facet normal 0 0 -1
    outer loop
      vertex 51.3205 56.2746 0
      vertex 46.925 70.475 0
      vertex 49.6299 70.4402 0
    endloop
  endfacet
  facet normal 0 0 -1
    outer loop
      vertex 49.3155 9.37314 0
      vertex -49.3155 9.37314 0
      vertex 49.3155 9.37328 0
    endloop
  endfacet
  facet normal 0 -0 -1
    outer loop
      vertex 30.9028 69.5056 0
      vertex 49.3155 54.3981 0
      vertex 29.9509 69.2672 0
    endloop
  endfacet
  facet normal 0 0 -1
    outer loop
      vertex 49.6606 55.1278 0
      vertex 33.0797 70.475 0
      vertex 46.925 70.475 0
    endloop
  endfacet
  facet normal 0 0 -1
    outer loop
      vertex 49.5218 54.8963 0
      vertex 32.714 70.2558 0
      vertex 33.0797 70.475 0
    endloop
  endfacet
  facet normal 0 0 -1
    outer loop
      vertex 49.3155 54.3983 0
      vertex 31.8268 69.8362 0
      vertex 32.714 70.2558 0
    endloop
  endfacet
  facet normal 0 -0 -1
    outer loop
      vertex 31.8268 69.8362 0
      vertex 49.3155 54.3981 0
      vertex 30.9028 69.5056 0
    endloop
  endfacet
  facet normal 0 0 -1
    outer loop
      vertex 49.3155 52.8019 0
      vertex 29.9509 69.2672 0
      vertex 49.3155 54.3981 0
    endloop
  endfacet
  facet normal 0 -0 -1
    outer loop
      vertex 29.9509 69.2672 0
      vertex 49.3155 52.8019 0
      vertex 28.9802 69.1232 0
    endloop
  endfacet
  facet normal 0 -0 -1
    outer loop
      vertex 28.9802 69.1232 0
      vertex 49.3155 52.8019 0
      vertex 28 69.075 0
    endloop
  endfacet
  facet normal 0 0 -1
    outer loop
      vertex 49.6606 10.1028 0
      vertex 25.0972 69.5056 0
      vertex 26.0491 69.2672 0
    endloop
  endfacet
  facet normal 0 0 -1
    outer loop
      vertex 49.3155 52.8017 0
      vertex 28 69.075 0
      vertex 49.3155 52.8019 0
    endloop
  endfacet
  facet normal -0 -0 -1
    outer loop
      vertex 28 69.075 0
      vertex 49.3155 52.8017 0
      vertex 27.0198 69.1232 0
    endloop
  endfacet
  facet normal 0 0 -1
    outer loop
      vertex 49.4064 9.62738 0
      vertex 24.1732 69.8362 0
      vertex 25.0972 69.5056 0
    endloop
  endfacet
  facet normal 0 0 -1
    outer loop
      vertex 49.3155 9.37328 0
      vertex 23.286 70.2558 0
      vertex 24.1732 69.8362 0
    endloop
  endfacet
  facet normal 0 0 -1
    outer loop
      vertex 58.475 -24.5 0
      vertex 49.6606 7.04718 0
      vertex 58.475 -15.5 0
    endloop
  endfacet
  facet normal 0 0 -1
    outer loop
      vertex 49.3155 7.77672 0
      vertex -49.3155 7.77672 0
      vertex 49.3155 7.77686 0
    endloop
  endfacet
  facet normal 0 0 -1
    outer loop
      vertex 49.3155 9.37328 0
      vertex -49.3155 9.37328 0
      vertex 23.286 70.2558 0
    endloop
  endfacet
  facet normal 0 0 -1
    outer loop
      vertex -49.3155 9.37328 0
      vertex 49.3155 9.37328 0
      vertex -49.3155 9.37314 0
    endloop
  endfacet
  facet normal -0 0 -1
    outer loop
      vertex 49.3155 7.77686 0
      vertex -49.3155 7.77672 0
      vertex -49.3155 7.77686 0
    endloop
  endfacet
  facet normal 0 -0 -1
    outer loop
      vertex -49.3155 7.77672 0
      vertex 49.3155 7.77672 0
      vertex -49.4064 7.52262 0
    endloop
  endfacet
  facet normal 0 0 -1
    outer loop
      vertex -58.475 -48.3 0
      vertex -49.6299 -70.4402 0
      vertex -54.9241 -69.2167 0
    endloop
  endfacet
  facet normal 0 0 -1
    outer loop
      vertex 49.4064 7.52262 0
      vertex -49.4064 7.52262 0
      vertex 49.3155 7.77672 0
    endloop
  endfacet
  facet normal -0 -0 -1
    outer loop
      vertex 49.6606 7.04718 0
      vertex 58.475 -24.5 0
      vertex -49.6606 7.04718 0
    endloop
  endfacet
  facet normal -0 0 -1
    outer loop
      vertex 58.475 -25.7 0
      vertex -58.475 -48.3 0
      vertex -49.8213 6.83042 0
    endloop
  endfacet
  facet normal 0 0 -1
    outer loop
      vertex -49.8213 6.83042 0
      vertex -58.475 -48.3 0
      vertex -49.944 6.69509 0
    endloop
  endfacet
  facet normal 0 -0 -1
    outer loop
      vertex -50.1927 6.68472 0
      vertex -49.944 6.69509 0
      vertex -51.3205 5.9004 0
    endloop
  endfacet
  facet normal -0 0 -1
    outer loop
      vertex -49.944 6.69509 0
      vertex -50.1927 6.68472 0
      vertex -50.046 6.69676 0
    endloop
  endfacet
  facet normal 0 0 -1
    outer loop
      vertex -50.1927 6.68472 0
      vertex -51.3205 5.9004 0
      vertex -50.3376 6.65836 0
    endloop
  endfacet
  facet normal 0 0 -1
    outer loop
      vertex -50.3376 6.65836 0
      vertex -51.3205 5.9004 0
      vertex -50.4792 6.61793 0
    endloop
  endfacet
  facet normal 0 0 -1
    outer loop
      vertex -50.4792 6.61793 0
      vertex -51.3205 5.9004 0
      vertex -50.6161 6.56382 0
    endloop
  endfacet
  facet normal 0 0 -1
    outer loop
      vertex -50.6161 6.56382 0
      vertex -51.3205 5.9004 0
      vertex -50.7471 6.49654 0
    endloop
  endfacet
  facet normal 0 0 -1
    outer loop
      vertex -50.7471 6.49654 0
      vertex -51.3205 5.9004 0
      vertex -50.8709 6.41675 0
    endloop
  endfacet
  facet normal 0 0 -1
    outer loop
      vertex -54.9241 -69.2167 0
      vertex -49.6299 -70.4402 0
      vertex -51.0839 -70.3358 0
    endloop
  endfacet
  facet normal 0 0 -1
    outer loop
      vertex -50.8709 6.41675 0
      vertex -51.3205 5.9004 0
      vertex -50.9862 6.32521 0
    endloop
  endfacet
  facet normal 0 0 -1
    outer loop
      vertex -50.9862 6.32521 0
      vertex -51.3205 5.9004 0
      vertex -51.092 6.22281 0
    endloop
  endfacet
  facet normal 0 0 -1
    outer loop
      vertex -51.092 6.22281 0
      vertex -51.3205 5.9004 0
      vertex -51.1873 6.11053 0
    endloop
  endfacet
  facet normal 0 0 -1
    outer loop
      vertex -51.1873 6.11053 0
      vertex -51.3205 5.9004 0
      vertex -51.2711 5.98946 0
    endloop
  endfacet
  facet normal 0 0 -1
    outer loop
      vertex -58.475 -0.7 0
      vertex -49.944 6.69509 0
      vertex -58.475 -48.3 0
    endloop
  endfacet
  facet normal 0 0 -1
    outer loop
      vertex -49.6299 -70.4402 0
      vertex -58.475 -48.3 0
      vertex -46.925 -70.475 0
    endloop
  endfacet
  facet normal 0 0 -1
    outer loop
      vertex -49.944 6.69509 0
      vertex -58.475 -0.7 0
      vertex -51.3205 5.9004 0
    endloop
  endfacet
  facet normal 0 0 -1
    outer loop
      vertex -51.3205 5.9004 0
      vertex -58.475 -0.7 0
      vertex -51.4106 5.87784 0
    endloop
  endfacet
  facet normal 0 0 -1
    outer loop
      vertex -54.9241 -69.2167 0
      vertex -51.0839 -70.3358 0
      vertex -52.2565 -70.1616 0
    endloop
  endfacet
  facet normal 0 0 -1
    outer loop
      vertex -51.4106 5.87784 0
      vertex -58.475 -0.7 0
      vertex -51.6776 5.83824 0
    endloop
  endfacet
  facet normal 0 0 -1
    outer loop
      vertex -51.6776 5.83824 0
      vertex -58.475 -0.7 0
      vertex -51.9471 5.825 0
    endloop
  endfacet
  facet normal -0 0 -1
    outer loop
      vertex -51.9471 5.825 0
      vertex -58.475 -0.7 0
      vertex -52.2166 5.83824 0
    endloop
  endfacet
  facet normal 0 0 -1
    outer loop
      vertex -58.475 0.5 0
      vertex -52.2166 5.83824 0
      vertex -58.475 -0.7 0
    endloop
  endfacet
  facet normal -0 -0 -1
    outer loop
      vertex -52.7069 6.11053 0
      vertex -52.5737 5.9004 0
      vertex -53.9502 6.69509 0
    endloop
  endfacet
  facet normal 0 0 -1
    outer loop
      vertex -52.5737 5.9004 0
      vertex -52.7069 6.11053 0
      vertex -52.6231 5.98946 0
    endloop
  endfacet
  facet normal 0 0 -1
    outer loop
      vertex -52.7069 6.11053 0
      vertex -53.9502 6.69509 0
      vertex -52.8022 6.22281 0
    endloop
  endfacet
  facet normal 0 0 -1
    outer loop
      vertex -52.8022 6.22281 0
      vertex -53.9502 6.69509 0
      vertex -52.908 6.32521 0
    endloop
  endfacet
  facet normal 0 0 -1
    outer loop
      vertex -54.9241 -69.2167 0
      vertex -52.2565 -70.1616 0
      vertex -53.2616 -69.9174 0
    endloop
  endfacet
  facet normal 0 0 -1
    outer loop
      vertex -52.908 6.32521 0
      vertex -53.9502 6.69509 0
      vertex -53.0233 6.41675 0
    endloop
  endfacet
  facet normal 0 0 -1
    outer loop
      vertex -53.0233 6.41675 0
      vertex -53.9502 6.69509 0
      vertex -53.1471 6.49654 0
    endloop
  endfacet
  facet normal 0 0 -1
    outer loop
      vertex -53.1471 6.49654 0
      vertex -53.9502 6.69509 0
      vertex -53.2781 6.56382 0
    endloop
  endfacet
  facet normal 0 0 -1
    outer loop
      vertex -53.2781 6.56382 0
      vertex -53.9502 6.69509 0
      vertex -53.415 6.61793 0
    endloop
  endfacet
  facet normal 0 0 -1
    outer loop
      vertex -53.415 6.61793 0
      vertex -53.9502 6.69509 0
      vertex -53.5566 6.65836 0
    endloop
  endfacet
  facet normal 0 0 -1
    outer loop
      vertex -53.5566 6.65836 0
      vertex -53.9502 6.69509 0
      vertex -53.7015 6.68472 0
    endloop
  endfacet
  facet normal 0 0 -1
    outer loop
      vertex -53.7015 6.68472 0
      vertex -53.9502 6.69509 0
      vertex -53.8482 6.69676 0
    endloop
  endfacet
  facet normal 0 0 -1
    outer loop
      vertex -54.9241 -69.2167 0
      vertex -53.2616 -69.9174 0
      vertex -54.1435 -69.6026 0
    endloop
  endfacet
  facet normal -0 0 -1
    outer loop
      vertex -52.2166 5.83824 0
      vertex -58.475 0.5 0
      vertex -52.4836 5.87784 0
    endloop
  endfacet
  facet normal -0 0 -1
    outer loop
      vertex -52.4836 5.87784 0
      vertex -58.475 0.5 0
      vertex -52.5737 5.9004 0
    endloop
  endfacet
  facet normal -0 0 -1
    outer loop
      vertex -52.5737 5.9004 0
      vertex -58.475 0.5 0
      vertex -53.9502 6.69509 0
    endloop
  endfacet
  facet normal -0 0 -1
    outer loop
      vertex -53.9502 6.69509 0
      vertex -58.475 0.5 0
      vertex -54.0729 6.83042 0
    endloop
  endfacet
  facet normal -0 0 -1
    outer loop
      vertex -54.0729 6.83042 0
      vertex -58.475 0.5 0
      vertex -54.2336 7.04718 0
    endloop
  endfacet
  facet normal 0 0 -1
    outer loop
      vertex -54.9241 69.2167 0
      vertex -54.5787 9.37314 0
      vertex -54.5787 7.77686 0
    endloop
  endfacet
  facet normal 0 0 -1
    outer loop
      vertex -54.5787 9.37314 0
      vertex -54.9241 69.2167 0
      vertex -54.5787 52.8019 0
    endloop
  endfacet
  facet normal 0 0 -1
    outer loop
      vertex -58.475 9.5 0
      vertex -54.3724 7.27866 0
      vertex -58.475 0.5 0
    endloop
  endfacet
  facet normal -0 0 -1
    outer loop
      vertex -54.2336 7.04718 0
      vertex -58.475 0.5 0
      vertex -54.3724 7.27866 0
    endloop
  endfacet
  facet normal 0 0 -1
    outer loop
      vertex 49.5399 8.42793 0
      vertex 49.5399 8.72207 0
      vertex 49.5471 8.575 0
    endloop
  endfacet
  facet normal 0 0 -1
    outer loop
      vertex 49.5183 8.28228 0
      vertex 49.5399 8.72207 0
      vertex 49.5399 8.42793 0
    endloop
  endfacet
  facet normal 0 0 -1
    outer loop
      vertex 49.5183 8.28228 0
      vertex 49.5183 8.86772 0
      vertex 49.5399 8.72207 0
    endloop
  endfacet
  facet normal 0 0 -1
    outer loop
      vertex 49.4825 8.13945 0
      vertex 49.5183 8.86772 0
      vertex 49.5183 8.28228 0
    endloop
  endfacet
  facet normal 0 0 -1
    outer loop
      vertex 49.4825 8.13945 0
      vertex 49.4825 9.01055 0
      vertex 49.5183 8.86772 0
    endloop
  endfacet
  facet normal 0 0 -1
    outer loop
      vertex 49.4329 8.00081 0
      vertex 49.4825 9.01055 0
      vertex 49.4825 8.13945 0
    endloop
  endfacet
  facet normal 0 0 -1
    outer loop
      vertex 49.4329 8.00081 0
      vertex 49.4329 9.14919 0
      vertex 49.4825 9.01055 0
    endloop
  endfacet
  facet normal 0 0 -1
    outer loop
      vertex 49.3155 7.77686 0
      vertex 49.4329 8.00081 0
      vertex 49.3699 7.8677 0
    endloop
  endfacet
  facet normal -0 0 -1
    outer loop
      vertex 49.4329 8.00081 0
      vertex 49.3155 7.77686 0
      vertex 49.4329 9.14919 0
    endloop
  endfacet
  facet normal 0 0 -1
    outer loop
      vertex 49.3155 9.37314 0
      vertex 49.4329 9.14919 0
      vertex 49.3155 7.77686 0
    endloop
  endfacet
  facet normal 0 0 -1
    outer loop
      vertex 49.4329 9.14919 0
      vertex 49.3155 9.37314 0
      vertex 49.3699 9.2823 0
    endloop
  endfacet
  facet normal 0 0 -1
    outer loop
      vertex 49.5399 53.4529 0
      vertex 49.5399 53.7471 0
      vertex 49.5471 53.6 0
    endloop
  endfacet
  facet normal 0 0 -1
    outer loop
      vertex 49.5183 53.3073 0
      vertex 49.5399 53.7471 0
      vertex 49.5399 53.4529 0
    endloop
  endfacet
  facet normal 0 0 -1
    outer loop
      vertex 49.5183 53.3073 0
      vertex 49.5183 53.8927 0
      vertex 49.5399 53.7471 0
    endloop
  endfacet
  facet normal 0 0 -1
    outer loop
      vertex 49.4825 53.1644 0
      vertex 49.5183 53.8927 0
      vertex 49.5183 53.3073 0
    endloop
  endfacet
  facet normal 0 0 -1
    outer loop
      vertex 49.4825 53.1644 0
      vertex 49.4825 54.0355 0
      vertex 49.5183 53.8927 0
    endloop
  endfacet
  facet normal 0 0 -1
    outer loop
      vertex 49.4329 53.0258 0
      vertex 49.4825 54.0355 0
      vertex 49.4825 53.1644 0
    endloop
  endfacet
  facet normal 0 0 -1
    outer loop
      vertex 49.4329 53.0258 0
      vertex 49.4329 54.1742 0
      vertex 49.4825 54.0355 0
    endloop
  endfacet
  facet normal 0 0 -1
    outer loop
      vertex 49.3155 52.8019 0
      vertex 49.4329 53.0258 0
      vertex 49.3699 52.8927 0
    endloop
  endfacet
  facet normal -0 0 -1
    outer loop
      vertex 49.4329 53.0258 0
      vertex 49.3155 52.8019 0
      vertex 49.4329 54.1742 0
    endloop
  endfacet
  facet normal 0 0 -1
    outer loop
      vertex 49.3155 54.3981 0
      vertex 49.4329 54.1742 0
      vertex 49.3155 52.8019 0
    endloop
  endfacet
  facet normal 0 0 -1
    outer loop
      vertex 49.4329 54.1742 0
      vertex 49.3155 54.3981 0
      vertex 49.3699 54.3073 0
    endloop
  endfacet
  facet normal 0.236093 -0.971731 0
    outer loop
      vertex -53.2616 69.9174 -8
      vertex -52.2565 70.1616 0
      vertex -53.2616 69.9174 0
    endloop
  endfacet
  facet normal 0.236093 -0.971731 0
    outer loop
      vertex -52.2565 70.1616 0
      vertex -53.2616 69.9174 -8
      vertex -52.2565 70.1616 -8
    endloop
  endfacet
  facet normal -0.989145 -0.146946 0
    outer loop
      vertex 58.3358 63.0839 -8
      vertex 58.1616 64.2565 0
      vertex 58.1616 64.2565 -8
    endloop
  endfacet
  facet normal -0.989145 -0.146946 0
    outer loop
      vertex 58.1616 64.2565 0
      vertex 58.3358 63.0839 -8
      vertex 58.3358 63.0839 0
    endloop
  endfacet
  facet normal -0.941797 0.336181 0
    outer loop
      vertex 57.6026 -66.1435 -8
      vertex 57.9174 -65.2616 0
      vertex 57.9174 -65.2616 -8
    endloop
  endfacet
  facet normal -0.941797 0.336181 0
    outer loop
      vertex 57.9174 -65.2616 0
      vertex 57.6026 -66.1435 -8
      vertex 57.6026 -66.1435 0
    endloop
  endfacet
  facet normal -0.552473 -0.833531 0
    outer loop
      vertex 54.9241 69.2167 -8
      vertex 55.6157 68.7583 0
      vertex 54.9241 69.2167 0
    endloop
  endfacet
  facet normal -0.552473 -0.833531 -0
    outer loop
      vertex 55.6157 68.7583 0
      vertex 54.9241 69.2167 -8
      vertex 55.6157 68.7583 -8
    endloop
  endfacet
  facet normal 0.0128645 0.999917 -0
    outer loop
      vertex -46.925 -70.475 -8
      vertex -49.6299 -70.4402 0
      vertex -46.925 -70.475 0
    endloop
  endfacet
  facet normal 0.0128645 0.999917 0
    outer loop
      vertex -49.6299 -70.4402 0
      vertex -46.925 -70.475 -8
      vertex -49.6299 -70.4402 -8
    endloop
  endfacet
  facet normal -0.0716176 -0.997432 0
    outer loop
      vertex 49.6299 70.4402 -8
      vertex 51.0839 70.3358 0
      vertex 49.6299 70.4402 0
    endloop
  endfacet
  facet normal -0.0716176 -0.997432 -0
    outer loop
      vertex 51.0839 70.3358 0
      vertex 49.6299 70.4402 -8
      vertex 51.0839 70.3358 -8
    endloop
  endfacet
  facet normal 0.336181 -0.941797 0
    outer loop
      vertex -54.1435 69.6026 -8
      vertex -53.2616 69.9174 0
      vertex -54.1435 69.6026 0
    endloop
  endfacet
  facet normal 0.336181 -0.941797 0
    outer loop
      vertex -53.2616 69.9174 0
      vertex -54.1435 69.6026 -8
      vertex -53.2616 69.9174 -8
    endloop
  endfacet
  facet normal 0.443167 -0.896439 0
    outer loop
      vertex -54.9241 69.2167 -8
      vertex -54.1435 69.6026 0
      vertex -54.9241 69.2167 0
    endloop
  endfacet
  facet normal 0.443167 -0.896439 0
    outer loop
      vertex -54.1435 69.6026 0
      vertex -54.9241 69.2167 -8
      vertex -54.1435 69.6026 -8
    endloop
  endfacet
  facet normal 0.833531 0.552473 0
    outer loop
      vertex -56.7583 -67.6157 0
      vertex -57.2167 -66.9241 -8
      vertex -57.2167 -66.9241 0
    endloop
  endfacet
  facet normal 0.833531 0.552473 0
    outer loop
      vertex -57.2167 -66.9241 -8
      vertex -56.7583 -67.6157 0
      vertex -56.7583 -67.6157 -8
    endloop
  endfacet
  facet normal 0.989145 0.146946 0
    outer loop
      vertex -58.1616 -64.2565 0
      vertex -58.3358 -63.0839 -8
      vertex -58.3358 -63.0839 0
    endloop
  endfacet
  facet normal 0.989145 0.146946 0
    outer loop
      vertex -58.3358 -63.0839 -8
      vertex -58.1616 -64.2565 0
      vertex -58.1616 -64.2565 -8
    endloop
  endfacet
  facet normal 0.971731 0.236093 0
    outer loop
      vertex -57.9174 -65.2616 0
      vertex -58.1616 -64.2565 -8
      vertex -58.1616 -64.2565 0
    endloop
  endfacet
  facet normal 0.971731 0.236093 0
    outer loop
      vertex -58.1616 -64.2565 -8
      vertex -57.9174 -65.2616 0
      vertex -57.9174 -65.2616 -8
    endloop
  endfacet
  facet normal -0.997432 0.0716176 0
    outer loop
      vertex 58.3358 -63.0839 -8
      vertex 58.4402 -61.6299 0
      vertex 58.4402 -61.6299 -8
    endloop
  endfacet
  facet normal -0.997432 0.0716176 0
    outer loop
      vertex 58.4402 -61.6299 0
      vertex 58.3358 -63.0839 -8
      vertex 58.3358 -63.0839 0
    endloop
  endfacet
  facet normal -0.833531 0.552473 0
    outer loop
      vertex 56.7583 -67.6157 -8
      vertex 57.2167 -66.9241 0
      vertex 57.2167 -66.9241 -8
    endloop
  endfacet
  facet normal -0.833531 0.552473 0
    outer loop
      vertex 57.2167 -66.9241 0
      vertex 56.7583 -67.6157 -8
      vertex 56.7583 -67.6157 0
    endloop
  endfacet
  facet normal 1 -0 0
    outer loop
      vertex -57.875 -58.5 -5.79999
      vertex -57.875 -49.5 -7
      vertex -57.875 -49.5 -5.79999
    endloop
  endfacet
  facet normal 1 0 0
    outer loop
      vertex -57.875 -49.5 -7
      vertex -57.875 -58.5 -5.79999
      vertex -57.875 -58.5 -7
    endloop
  endfacet
  facet normal 0 1 -0
    outer loop
      vertex -58.475 -49.5 -5.2
      vertex -60.075 -49.5 0
      vertex -58.475 -49.5 0
    endloop
  endfacet
  facet normal 0 1 -0
    outer loop
      vertex -57.875 -49.5 -7
      vertex -58.475 -49.5 -5.2
      vertex -57.875 -49.5 -5.79999
    endloop
  endfacet
  facet normal 0 1 0
    outer loop
      vertex -58.475 -49.5 -7.59999
      vertex -58.475 -49.5 -5.2
      vertex -57.875 -49.5 -7
    endloop
  endfacet
  facet normal 0 1 0
    outer loop
      vertex -60.075 -49.5 -8
      vertex -58.475 -49.5 -5.2
      vertex -58.475 -49.5 -7.59999
    endloop
  endfacet
  facet normal 0 1 0
    outer loop
      vertex -60.075 -49.5 -8
      vertex -58.475 -49.5 -7.59999
      vertex -58.475 -49.5 -8
    endloop
  endfacet
  facet normal 0 1 0
    outer loop
      vertex -58.475 -49.5 -5.2
      vertex -60.075 -49.5 -8
      vertex -60.075 -49.5 0
    endloop
  endfacet
  facet normal 0.707101 -0 0.707113
    outer loop
      vertex -58.475 -58.5 -5.2
      vertex -57.875 -49.5 -5.79999
      vertex -58.475 -49.5 -5.2
    endloop
  endfacet
  facet normal 0.707101 0 0.707113
    outer loop
      vertex -57.875 -49.5 -5.79999
      vertex -58.475 -58.5 -5.2
      vertex -57.875 -58.5 -5.79999
    endloop
  endfacet
  facet normal 0 -1 0
    outer loop
      vertex -60.075 -58.5 0
      vertex -58.475 -58.5 -5.2
      vertex -58.475 -58.5 0
    endloop
  endfacet
  facet normal 0 -1 0
    outer loop
      vertex -58.475 -58.5 -5.2
      vertex -57.875 -58.5 -7
      vertex -57.875 -58.5 -5.79999
    endloop
  endfacet
  facet normal 0 -1 0
    outer loop
      vertex -58.475 -58.5 -5.2
      vertex -58.475 -58.5 -7.59999
      vertex -57.875 -58.5 -7
    endloop
  endfacet
  facet normal 0 -1 0
    outer loop
      vertex -60.075 -58.5 -8
      vertex -58.475 -58.5 -5.2
      vertex -60.075 -58.5 0
    endloop
  endfacet
  facet normal 0 -1 -0
    outer loop
      vertex -58.475 -58.5 -5.2
      vertex -60.075 -58.5 -8
      vertex -58.475 -58.5 -7.59999
    endloop
  endfacet
  facet normal 0 -1 -0
    outer loop
      vertex -58.475 -58.5 -7.59999
      vertex -60.075 -58.5 -8
      vertex -58.475 -58.5 -8
    endloop
  endfacet
  facet normal 0.707101 0 -0.707113
    outer loop
      vertex -57.875 -58.5 -7
      vertex -58.475 -49.5 -7.59999
      vertex -57.875 -49.5 -7
    endloop
  endfacet
  facet normal 0.707101 0 -0.707113
    outer loop
      vertex -58.475 -49.5 -7.59999
      vertex -57.875 -58.5 -7
      vertex -58.475 -58.5 -7.59999
    endloop
  endfacet
  facet normal 1 -0 0
    outer loop
      vertex -57.875 0.5 -5.79999
      vertex -57.875 9.5 -7
      vertex -57.875 9.5 -5.79999
    endloop
  endfacet
  facet normal 1 0 0
    outer loop
      vertex -57.875 9.5 -7
      vertex -57.875 0.5 -5.79999
      vertex -57.875 0.5 -7
    endloop
  endfacet
  facet normal 0 1 -0
    outer loop
      vertex -58.475 9.5 -5.2
      vertex -60.075 9.5 0
      vertex -58.475 9.5 0
    endloop
  endfacet
  facet normal 0 1 -0
    outer loop
      vertex -57.875 9.5 -7
      vertex -58.475 9.5 -5.2
      vertex -57.875 9.5 -5.79999
    endloop
  endfacet
  facet normal 0 1 0
    outer loop
      vertex -58.475 9.5 -7.59999
      vertex -58.475 9.5 -5.2
      vertex -57.875 9.5 -7
    endloop
  endfacet
  facet normal 0 1 0
    outer loop
      vertex -60.075 9.5 -8
      vertex -58.475 9.5 -5.2
      vertex -58.475 9.5 -7.59999
    endloop
  endfacet
  facet normal 0 1 0
    outer loop
      vertex -60.075 9.5 -8
      vertex -58.475 9.5 -7.59999
      vertex -58.475 9.5 -8
    endloop
  endfacet
  facet normal 0 1 0
    outer loop
      vertex -58.475 9.5 -5.2
      vertex -60.075 9.5 -8
      vertex -60.075 9.5 0
    endloop
  endfacet
  facet normal 0.707101 -0 0.707113
    outer loop
      vertex -58.475 0.5 -5.2
      vertex -57.875 9.5 -5.79999
      vertex -58.475 9.5 -5.2
    endloop
  endfacet
  facet normal 0.707101 0 0.707113
    outer loop
      vertex -57.875 9.5 -5.79999
      vertex -58.475 0.5 -5.2
      vertex -57.875 0.5 -5.79999
    endloop
  endfacet
  facet normal 0 -1 0
    outer loop
      vertex -60.075 0.5 0
      vertex -58.475 0.5 -5.2
      vertex -58.475 0.5 0
    endloop
  endfacet
  facet normal 0 -1 0
    outer loop
      vertex -58.475 0.5 -5.2
      vertex -57.875 0.5 -7
      vertex -57.875 0.5 -5.79999
    endloop
  endfacet
  facet normal 0 -1 0
    outer loop
      vertex -58.475 0.5 -5.2
      vertex -58.475 0.5 -7.59999
      vertex -57.875 0.5 -7
    endloop
  endfacet
  facet normal 0 -1 0
    outer loop
      vertex -60.075 0.5 -8
      vertex -58.475 0.5 -5.2
      vertex -60.075 0.5 0
    endloop
  endfacet
  facet normal 0 -1 -0
    outer loop
      vertex -58.475 0.5 -5.2
      vertex -60.075 0.5 -8
      vertex -58.475 0.5 -7.59999
    endloop
  endfacet
  facet normal 0 -1 -0
    outer loop
      vertex -58.475 0.5 -7.59999
      vertex -60.075 0.5 -8
      vertex -58.475 0.5 -8
    endloop
  endfacet
  facet normal 0.707101 0 -0.707113
    outer loop
      vertex -57.875 0.5 -7
      vertex -58.475 9.5 -7.59999
      vertex -57.875 9.5 -7
    endloop
  endfacet
  facet normal 0.707101 0 -0.707113
    outer loop
      vertex -58.475 9.5 -7.59999
      vertex -57.875 0.5 -7
      vertex -58.475 0.5 -7.59999
    endloop
  endfacet
  facet normal 1 -0 0
    outer loop
      vertex -57.875 35.5 -5.79999
      vertex -57.875 44.5 -7
      vertex -57.875 44.5 -5.79999
    endloop
  endfacet
  facet normal 1 0 0
    outer loop
      vertex -57.875 44.5 -7
      vertex -57.875 35.5 -5.79999
      vertex -57.875 35.5 -7
    endloop
  endfacet
  facet normal 0 1 -0
    outer loop
      vertex -58.475 44.5 -5.2
      vertex -60.075 44.5 0
      vertex -58.475 44.5 0
    endloop
  endfacet
  facet normal 0 1 -0
    outer loop
      vertex -57.875 44.5 -7
      vertex -58.475 44.5 -5.2
      vertex -57.875 44.5 -5.79999
    endloop
  endfacet
  facet normal 0 1 0
    outer loop
      vertex -58.475 44.5 -7.59999
      vertex -58.475 44.5 -5.2
      vertex -57.875 44.5 -7
    endloop
  endfacet
  facet normal 0 1 0
    outer loop
      vertex -60.075 44.5 -8
      vertex -58.475 44.5 -5.2
      vertex -58.475 44.5 -7.59999
    endloop
  endfacet
  facet normal 0 1 0
    outer loop
      vertex -60.075 44.5 -8
      vertex -58.475 44.5 -7.59999
      vertex -58.475 44.5 -8
    endloop
  endfacet
  facet normal 0 1 0
    outer loop
      vertex -58.475 44.5 -5.2
      vertex -60.075 44.5 -8
      vertex -60.075 44.5 0
    endloop
  endfacet
  facet normal 0.707101 -0 0.707113
    outer loop
      vertex -58.475 35.5 -5.2
      vertex -57.875 44.5 -5.79999
      vertex -58.475 44.5 -5.2
    endloop
  endfacet
  facet normal 0.707101 0 0.707113
    outer loop
      vertex -57.875 44.5 -5.79999
      vertex -58.475 35.5 -5.2
      vertex -57.875 35.5 -5.79999
    endloop
  endfacet
  facet normal 0 -1 0
    outer loop
      vertex -60.075 35.5 0
      vertex -58.475 35.5 -5.2
      vertex -58.475 35.5 0
    endloop
  endfacet
  facet normal 0 -1 0
    outer loop
      vertex -58.475 35.5 -5.2
      vertex -57.875 35.5 -7
      vertex -57.875 35.5 -5.79999
    endloop
  endfacet
  facet normal 0 -1 0
    outer loop
      vertex -58.475 35.5 -5.2
      vertex -58.475 35.5 -7.59999
      vertex -57.875 35.5 -7
    endloop
  endfacet
  facet normal 0 -1 0
    outer loop
      vertex -60.075 35.5 -8
      vertex -58.475 35.5 -5.2
      vertex -60.075 35.5 0
    endloop
  endfacet
  facet normal 0 -1 -0
    outer loop
      vertex -58.475 35.5 -5.2
      vertex -60.075 35.5 -8
      vertex -58.475 35.5 -7.59999
    endloop
  endfacet
  facet normal 0 -1 -0
    outer loop
      vertex -58.475 35.5 -7.59999
      vertex -60.075 35.5 -8
      vertex -58.475 35.5 -8
    endloop
  endfacet
  facet normal 0.707101 0 -0.707113
    outer loop
      vertex -57.875 35.5 -7
      vertex -58.475 44.5 -7.59999
      vertex -57.875 44.5 -7
    endloop
  endfacet
  facet normal 0.707101 0 -0.707113
    outer loop
      vertex -58.475 44.5 -7.59999
      vertex -57.875 35.5 -7
      vertex -58.475 35.5 -7.59999
    endloop
  endfacet
  facet normal 0 1 0
    outer loop
      vertex 60.075 -45.5 0
      vertex 58.475 -45.5 -5.2
      vertex 58.475 -45.5 0
    endloop
  endfacet
  facet normal 0 1 0
    outer loop
      vertex 58.475 -45.5 -5.2
      vertex 57.875 -45.5 -7
      vertex 57.875 -45.5 -5.79999
    endloop
  endfacet
  facet normal 0 1 0
    outer loop
      vertex 58.475 -45.5 -5.2
      vertex 58.475 -45.5 -7.59999
      vertex 57.875 -45.5 -7
    endloop
  endfacet
  facet normal 0 1 -0
    outer loop
      vertex 60.075 -45.5 -8
      vertex 58.475 -45.5 -5.2
      vertex 60.075 -45.5 0
    endloop
  endfacet
  facet normal 0 1 0
    outer loop
      vertex 58.475 -45.5 -5.2
      vertex 60.075 -45.5 -8
      vertex 58.475 -45.5 -7.59999
    endloop
  endfacet
  facet normal 0 1 0
    outer loop
      vertex 58.475 -45.5 -7.59999
      vertex 60.075 -45.5 -8
      vertex 58.475 -45.5 -8
    endloop
  endfacet
  facet normal -0.707101 0 -0.707113
    outer loop
      vertex 58.475 -54.5 -7.59999
      vertex 57.875 -45.5 -7
      vertex 58.475 -45.5 -7.59999
    endloop
  endfacet
  facet normal -0.707101 -0 -0.707113
    outer loop
      vertex 57.875 -45.5 -7
      vertex 58.475 -54.5 -7.59999
      vertex 57.875 -54.5 -7
    endloop
  endfacet
  facet normal -1 0 0
    outer loop
      vertex 57.875 -54.5 -7
      vertex 57.875 -45.5 -5.79999
      vertex 57.875 -45.5 -7
    endloop
  endfacet
  facet normal -1 -0 0
    outer loop
      vertex 57.875 -45.5 -5.79999
      vertex 57.875 -54.5 -7
      vertex 57.875 -54.5 -5.79999
    endloop
  endfacet
  facet normal -0.707101 0 0.707113
    outer loop
      vertex 57.875 -54.5 -5.79999
      vertex 58.475 -45.5 -5.2
      vertex 57.875 -45.5 -5.79999
    endloop
  endfacet
  facet normal -0.707101 0 0.707113
    outer loop
      vertex 58.475 -45.5 -5.2
      vertex 57.875 -54.5 -5.79999
      vertex 58.475 -54.5 -5.2
    endloop
  endfacet
  facet normal 0 -1 0
    outer loop
      vertex 58.475 -54.5 -5.2
      vertex 60.075 -54.5 0
      vertex 58.475 -54.5 0
    endloop
  endfacet
  facet normal 0 -1 0
    outer loop
      vertex 57.875 -54.5 -7
      vertex 58.475 -54.5 -5.2
      vertex 57.875 -54.5 -5.79999
    endloop
  endfacet
  facet normal 0 -1 0
    outer loop
      vertex 58.475 -54.5 -7.59999
      vertex 58.475 -54.5 -5.2
      vertex 57.875 -54.5 -7
    endloop
  endfacet
  facet normal 0 -1 0
    outer loop
      vertex 60.075 -54.5 -8
      vertex 58.475 -54.5 -5.2
      vertex 58.475 -54.5 -7.59999
    endloop
  endfacet
  facet normal 0 -1 0
    outer loop
      vertex 60.075 -54.5 -8
      vertex 58.475 -54.5 -7.59999
      vertex 58.475 -54.5 -8
    endloop
  endfacet
  facet normal 0 -1 0
    outer loop
      vertex 58.475 -54.5 -5.2
      vertex 60.075 -54.5 -8
      vertex 60.075 -54.5 0
    endloop
  endfacet
  facet normal 0 1 0
    outer loop
      vertex 60.075 -15.5 0
      vertex 58.475 -15.5 -5.2
      vertex 58.475 -15.5 0
    endloop
  endfacet
  facet normal 0 1 0
    outer loop
      vertex 58.475 -15.5 -5.2
      vertex 57.875 -15.5 -7
      vertex 57.875 -15.5 -5.79999
    endloop
  endfacet
  facet normal 0 1 0
    outer loop
      vertex 58.475 -15.5 -5.2
      vertex 58.475 -15.5 -7.59999
      vertex 57.875 -15.5 -7
    endloop
  endfacet
  facet normal 0 1 -0
    outer loop
      vertex 60.075 -15.5 -8
      vertex 58.475 -15.5 -5.2
      vertex 60.075 -15.5 0
    endloop
  endfacet
  facet normal 0 1 0
    outer loop
      vertex 58.475 -15.5 -5.2
      vertex 60.075 -15.5 -8
      vertex 58.475 -15.5 -7.59999
    endloop
  endfacet
  facet normal 0 1 0
    outer loop
      vertex 58.475 -15.5 -7.59999
      vertex 60.075 -15.5 -8
      vertex 58.475 -15.5 -8
    endloop
  endfacet
  facet normal 0 -1 0
    outer loop
      vertex 58.475 -24.5 -5.2
      vertex 60.075 -24.5 0
      vertex 58.475 -24.5 0
    endloop
  endfacet
  facet normal 0 -1 0
    outer loop
      vertex 57.875 -24.5 -7
      vertex 58.475 -24.5 -5.2
      vertex 57.875 -24.5 -5.79999
    endloop
  endfacet
  facet normal 0 -1 0
    outer loop
      vertex 58.475 -24.5 -7.59999
      vertex 58.475 -24.5 -5.2
      vertex 57.875 -24.5 -7
    endloop
  endfacet
  facet normal 0 -1 0
    outer loop
      vertex 60.075 -24.5 -8
      vertex 58.475 -24.5 -5.2
      vertex 58.475 -24.5 -7.59999
    endloop
  endfacet
  facet normal 0 -1 0
    outer loop
      vertex 60.075 -24.5 -8
      vertex 58.475 -24.5 -7.59999
      vertex 58.475 -24.5 -8
    endloop
  endfacet
  facet normal 0 -1 0
    outer loop
      vertex 58.475 -24.5 -5.2
      vertex 60.075 -24.5 -8
      vertex 60.075 -24.5 0
    endloop
  endfacet
  facet normal -0.707101 0 -0.707113
    outer loop
      vertex 58.475 -24.5 -7.59999
      vertex 57.875 -15.5 -7
      vertex 58.475 -15.5 -7.59999
    endloop
  endfacet
  facet normal -0.707101 -0 -0.707113
    outer loop
      vertex 57.875 -15.5 -7
      vertex 58.475 -24.5 -7.59999
      vertex 57.875 -24.5 -7
    endloop
  endfacet
  facet normal -0.707101 0 0.707113
    outer loop
      vertex 57.875 -24.5 -5.79999
      vertex 58.475 -15.5 -5.2
      vertex 57.875 -15.5 -5.79999
    endloop
  endfacet
  facet normal -0.707101 0 0.707113
    outer loop
      vertex 58.475 -15.5 -5.2
      vertex 57.875 -24.5 -5.79999
      vertex 58.475 -24.5 -5.2
    endloop
  endfacet
  facet normal -1 0 0
    outer loop
      vertex 57.875 -24.5 -7
      vertex 57.875 -15.5 -5.79999
      vertex 57.875 -15.5 -7
    endloop
  endfacet
  facet normal -1 -0 0
    outer loop
      vertex 57.875 -15.5 -5.79999
      vertex 57.875 -24.5 -7
      vertex 57.875 -24.5 -5.79999
    endloop
  endfacet
  facet normal 0 1 0
    outer loop
      vertex 60.075 14.5 0
      vertex 58.475 14.5 -5.2
      vertex 58.475 14.5 0
    endloop
  endfacet
  facet normal 0 1 0
    outer loop
      vertex 58.475 14.5 -5.2
      vertex 57.875 14.5 -7
      vertex 57.875 14.5 -5.79999
    endloop
  endfacet
  facet normal 0 1 0
    outer loop
      vertex 58.475 14.5 -5.2
      vertex 58.475 14.5 -7.59999
      vertex 57.875 14.5 -7
    endloop
  endfacet
  facet normal 0 1 -0
    outer loop
      vertex 60.075 14.5 -8
      vertex 58.475 14.5 -5.2
      vertex 60.075 14.5 0
    endloop
  endfacet
  facet normal 0 1 0
    outer loop
      vertex 58.475 14.5 -5.2
      vertex 60.075 14.5 -8
      vertex 58.475 14.5 -7.59999
    endloop
  endfacet
  facet normal 0 1 0
    outer loop
      vertex 58.475 14.5 -7.59999
      vertex 60.075 14.5 -8
      vertex 58.475 14.5 -8
    endloop
  endfacet
  facet normal -0.707101 0 -0.707113
    outer loop
      vertex 58.475 5.5 -7.59999
      vertex 57.875 14.5 -7
      vertex 58.475 14.5 -7.59999
    endloop
  endfacet
  facet normal -0.707101 -0 -0.707113
    outer loop
      vertex 57.875 14.5 -7
      vertex 58.475 5.5 -7.59999
      vertex 57.875 5.5 -7
    endloop
  endfacet
  facet normal -0.707101 0 0.707113
    outer loop
      vertex 57.875 5.5 -5.79999
      vertex 58.475 14.5 -5.2
      vertex 57.875 14.5 -5.79999
    endloop
  endfacet
  facet normal -0.707101 0 0.707113
    outer loop
      vertex 58.475 14.5 -5.2
      vertex 57.875 5.5 -5.79999
      vertex 58.475 5.5 -5.2
    endloop
  endfacet
  facet normal 0 -1 0
    outer loop
      vertex 58.475 5.5 -5.2
      vertex 60.075 5.5 0
      vertex 58.475 5.5 0
    endloop
  endfacet
  facet normal 0 -1 0
    outer loop
      vertex 57.875 5.5 -7
      vertex 58.475 5.5 -5.2
      vertex 57.875 5.5 -5.79999
    endloop
  endfacet
  facet normal 0 -1 0
    outer loop
      vertex 58.475 5.5 -7.59999
      vertex 58.475 5.5 -5.2
      vertex 57.875 5.5 -7
    endloop
  endfacet
  facet normal 0 -1 0
    outer loop
      vertex 60.075 5.5 -8
      vertex 58.475 5.5 -5.2
      vertex 58.475 5.5 -7.59999
    endloop
  endfacet
  facet normal 0 -1 0
    outer loop
      vertex 60.075 5.5 -8
      vertex 58.475 5.5 -7.59999
      vertex 58.475 5.5 -8
    endloop
  endfacet
  facet normal 0 -1 0
    outer loop
      vertex 58.475 5.5 -5.2
      vertex 60.075 5.5 -8
      vertex 60.075 5.5 0
    endloop
  endfacet
  facet normal -1 0 0
    outer loop
      vertex 57.875 5.5 -7
      vertex 57.875 14.5 -5.79999
      vertex 57.875 14.5 -7
    endloop
  endfacet
  facet normal -1 -0 0
    outer loop
      vertex 57.875 14.5 -5.79999
      vertex 57.875 5.5 -7
      vertex 57.875 5.5 -5.79999
    endloop
  endfacet
  facet normal 0 1 -0
    outer loop
      vertex -58.465 -59.7 -8
      vertex -60.065 -59.7 0
      vertex -58.465 -59.7 0
    endloop
  endfacet
  facet normal 0 1 0
    outer loop
      vertex -60.065 -59.7 0
      vertex -58.465 -59.7 -8
      vertex -60.065 -59.7 -8
    endloop
  endfacet
  facet normal 0 -1 0
    outer loop
      vertex -60.075 -48.3 -8
      vertex -58.475 -48.3 0
      vertex -60.075 -48.3 0
    endloop
  endfacet
  facet normal 0 -1 -0
    outer loop
      vertex -58.475 -48.3 0
      vertex -60.075 -48.3 -8
      vertex -58.475 -48.3 -8
    endloop
  endfacet
  facet normal 0 1 -0
    outer loop
      vertex -58.475 -0.7 -8
      vertex -60.075 -0.7 0
      vertex -58.475 -0.7 0
    endloop
  endfacet
  facet normal 0 1 0
    outer loop
      vertex -60.075 -0.7 0
      vertex -58.475 -0.7 -8
      vertex -60.075 -0.7 -8
    endloop
  endfacet
  facet normal 0 -1 0
    outer loop
      vertex -60.075 10.7 -8
      vertex -58.475 10.7 0
      vertex -60.075 10.7 0
    endloop
  endfacet
  facet normal 0 -1 -0
    outer loop
      vertex -58.475 10.7 0
      vertex -60.075 10.7 -8
      vertex -58.475 10.7 -8
    endloop
  endfacet
  facet normal 0 1 -0
    outer loop
      vertex -58.475 34.3 -8
      vertex -60.075 34.3 0
      vertex -58.475 34.3 0
    endloop
  endfacet
  facet normal 0 1 0
    outer loop
      vertex -60.075 34.3 0
      vertex -58.475 34.3 -8
      vertex -60.075 34.3 -8
    endloop
  endfacet
  facet normal 0 -1 0
    outer loop
      vertex -60.075 45.7 -8
      vertex -58.475 45.7 0
      vertex -60.075 45.7 0
    endloop
  endfacet
  facet normal 0 -1 -0
    outer loop
      vertex -58.475 45.7 0
      vertex -60.075 45.7 -8
      vertex -58.475 45.7 -8
    endloop
  endfacet
  facet normal 0 1 -0
    outer loop
      vertex 60.075 -55.7 -8
      vertex 58.475 -55.7 0
      vertex 60.075 -55.7 0
    endloop
  endfacet
  facet normal 0 1 0
    outer loop
      vertex 58.475 -55.7 0
      vertex 60.075 -55.7 -8
      vertex 58.475 -55.7 -8
    endloop
  endfacet
  facet normal 0 -1 0
    outer loop
      vertex 58.475 -44.3 -8
      vertex 60.075 -44.3 0
      vertex 58.475 -44.3 0
    endloop
  endfacet
  facet normal 0 -1 -0
    outer loop
      vertex 60.075 -44.3 0
      vertex 58.475 -44.3 -8
      vertex 60.075 -44.3 -8
    endloop
  endfacet
  facet normal 0 1 -0
    outer loop
      vertex 60.075 -25.7 -8
      vertex 58.475 -25.7 0
      vertex 60.075 -25.7 0
    endloop
  endfacet
  facet normal 0 1 0
    outer loop
      vertex 58.475 -25.7 0
      vertex 60.075 -25.7 -8
      vertex 58.475 -25.7 -8
    endloop
  endfacet
  facet normal 0 -1 0
    outer loop
      vertex 58.475 -14.3 -8
      vertex 60.075 -14.3 0
      vertex 58.475 -14.3 0
    endloop
  endfacet
  facet normal 0 -1 -0
    outer loop
      vertex 60.075 -14.3 0
      vertex 58.475 -14.3 -8
      vertex 60.075 -14.3 -8
    endloop
  endfacet
  facet normal 0 1 -0
    outer loop
      vertex 60.075 4.3 -8
      vertex 58.475 4.3 0
      vertex 60.075 4.3 0
    endloop
  endfacet
  facet normal 0 1 0
    outer loop
      vertex 58.475 4.3 0
      vertex 60.075 4.3 -8
      vertex 58.475 4.3 -8
    endloop
  endfacet
  facet normal 0 -1 0
    outer loop
      vertex 58.475 15.7 -8
      vertex 60.075 15.7 0
      vertex 58.475 15.7 0
    endloop
  endfacet
  facet normal 0 -1 -0
    outer loop
      vertex 60.075 15.7 0
      vertex 58.475 15.7 -8
      vertex 60.075 15.7 -8
    endloop
  endfacet
  facet normal -0.857926 0.513773 0
    outer loop
      vertex -49.3699 9.2823 0
      vertex -49.3155 9.37314 2.15
      vertex -49.3155 9.37314 0
    endloop
  endfacet
  facet normal -0.857926 0.513773 0
    outer loop
      vertex -49.3155 9.37314 2.15
      vertex -49.3699 9.2823 0
      vertex -49.3699 9.2823 2.15
    endloop
  endfacet
  facet normal -0.998804 -0.0488977 0
    outer loop
      vertex -49.5399 8.42793 0
      vertex -49.5471 8.575 2.15
      vertex -49.5471 8.575 0
    endloop
  endfacet
  facet normal -0.998804 -0.0488977 0
    outer loop
      vertex -49.5471 8.575 2.15
      vertex -49.5399 8.42793 0
      vertex -49.5399 8.42793 2.15
    endloop
  endfacet
  facet normal -0.969995 0.243127 0
    outer loop
      vertex -49.5183 8.86772 0
      vertex -49.4825 9.01055 2.15
      vertex -49.4825 9.01055 0
    endloop
  endfacet
  facet normal -0.969995 0.243127 0
    outer loop
      vertex -49.4825 9.01055 2.15
      vertex -49.5183 8.86772 0
      vertex -49.5183 8.86772 2.15
    endloop
  endfacet
  facet normal -0.969995 -0.243127 0
    outer loop
      vertex -49.4825 8.13945 0
      vertex -49.5183 8.28228 2.15
      vertex -49.5183 8.28228 0
    endloop
  endfacet
  facet normal -0.969995 -0.243127 0
    outer loop
      vertex -49.5183 8.28228 2.15
      vertex -49.4825 8.13945 0
      vertex -49.4825 8.13945 2.15
    endloop
  endfacet
  facet normal -0.941557 -0.336853 0
    outer loop
      vertex -49.4329 8.00081 0
      vertex -49.4825 8.13945 2.15
      vertex -49.4825 8.13945 0
    endloop
  endfacet
  facet normal -0.941557 -0.336853 0
    outer loop
      vertex -49.4825 8.13945 2.15
      vertex -49.4329 8.00081 0
      vertex -49.4329 8.00081 2.15
    endloop
  endfacet
  facet normal -0.903875 -0.427797 0
    outer loop
      vertex -49.3699 7.8677 0
      vertex -49.4329 8.00081 2.15
      vertex -49.4329 8.00081 0
    endloop
  endfacet
  facet normal -0.903875 -0.427797 0
    outer loop
      vertex -49.4329 8.00081 2.15
      vertex -49.3699 7.8677 0
      vertex -49.3699 7.8677 2.15
    endloop
  endfacet
  facet normal -0.989182 0.146696 0
    outer loop
      vertex -49.5399 8.72207 0
      vertex -49.5183 8.86772 2.15
      vertex -49.5183 8.86772 0
    endloop
  endfacet
  facet normal -0.989182 0.146696 0
    outer loop
      vertex -49.5183 8.86772 2.15
      vertex -49.5399 8.72207 0
      vertex -49.5399 8.72207 2.15
    endloop
  endfacet
  facet normal -0.857926 -0.513773 0
    outer loop
      vertex -49.3155 7.77686 0
      vertex -49.3699 7.8677 2.15
      vertex -49.3699 7.8677 0
    endloop
  endfacet
  facet normal -0.857926 -0.513773 0
    outer loop
      vertex -49.3699 7.8677 2.15
      vertex -49.3155 7.77686 0
      vertex -49.3155 7.77686 2.15
    endloop
  endfacet
  facet normal -0.941557 0.336853 0
    outer loop
      vertex -49.4825 9.01055 0
      vertex -49.4329 9.14919 2.15
      vertex -49.4329 9.14919 0
    endloop
  endfacet
  facet normal -0.941557 0.336853 0
    outer loop
      vertex -49.4329 9.14919 2.15
      vertex -49.4825 9.01055 0
      vertex -49.4825 9.01055 2.15
    endloop
  endfacet
  facet normal -0.989182 -0.146696 0
    outer loop
      vertex -49.5183 8.28228 0
      vertex -49.5399 8.42793 2.15
      vertex -49.5399 8.42793 0
    endloop
  endfacet
  facet normal -0.989182 -0.146696 0
    outer loop
      vertex -49.5399 8.42793 2.15
      vertex -49.5183 8.28228 0
      vertex -49.5183 8.28228 2.15
    endloop
  endfacet
  facet normal -0.903875 0.427797 0
    outer loop
      vertex -49.4329 9.14919 0
      vertex -49.3699 9.2823 2.15
      vertex -49.3699 9.2823 0
    endloop
  endfacet
  facet normal -0.903875 0.427797 0
    outer loop
      vertex -49.3699 9.2823 2.15
      vertex -49.4329 9.14919 0
      vertex -49.4329 9.14919 2.15
    endloop
  endfacet
  facet normal -0.998804 0.0488977 0
    outer loop
      vertex -49.5471 8.575 0
      vertex -49.5399 8.72207 2.15
      vertex -49.5399 8.72207 0
    endloop
  endfacet
  facet normal -0.998804 0.0488977 0
    outer loop
      vertex -49.5399 8.72207 2.15
      vertex -49.5471 8.575 0
      vertex -49.5471 8.575 2.15
    endloop
  endfacet
  facet normal -0.874574 -0.484893 0
    outer loop
      vertex -51.2711 11.1605 0
      vertex -51.3205 11.2496 2.15
      vertex -51.3205 11.2496 0
    endloop
  endfacet
  facet normal -0.874574 -0.484893 0
    outer loop
      vertex -51.3205 11.2496 2.15
      vertex -51.2711 11.1605 0
      vertex -51.2711 11.1605 2.15
    endloop
  endfacet
  facet normal -0.178587 -0.983924 0
    outer loop
      vertex -50.3376 10.4916 0
      vertex -50.1927 10.4653 2.15
      vertex -50.3376 10.4916 2.15
    endloop
  endfacet
  facet normal -0.178587 -0.983924 -0
    outer loop
      vertex -50.1927 10.4653 2.15
      vertex -50.3376 10.4916 0
      vertex -50.1927 10.4653 0
    endloop
  endfacet
  facet normal -0.822094 -0.569351 0
    outer loop
      vertex -51.1873 11.0395 0
      vertex -51.2711 11.1605 2.15
      vertex -51.2711 11.1605 0
    endloop
  endfacet
  facet normal -0.822094 -0.569351 0
    outer loop
      vertex -51.2711 11.1605 2.15
      vertex -51.1873 11.0395 0
      vertex -51.1873 11.0395 2.15
    endloop
  endfacet
  facet normal -0.541787 -0.840516 0
    outer loop
      vertex -50.8709 10.7333 0
      vertex -50.7471 10.6535 2.15
      vertex -50.8709 10.7333 2.15
    endloop
  endfacet
  facet normal -0.541787 -0.840516 -0
    outer loop
      vertex -50.7471 10.6535 2.15
      vertex -50.8709 10.7333 0
      vertex -50.7471 10.6535 0
    endloop
  endfacet
  facet normal -0.695467 -0.718558 0
    outer loop
      vertex -51.092 10.9272 0
      vertex -50.9862 10.8248 2.15
      vertex -51.092 10.9272 2.15
    endloop
  endfacet
  facet normal -0.695467 -0.718558 -0
    outer loop
      vertex -50.9862 10.8248 2.15
      vertex -51.092 10.9272 0
      vertex -50.9862 10.8248 0
    endloop
  endfacet
  facet normal -0.456964 -0.889485 0
    outer loop
      vertex -50.7471 10.6535 0
      vertex -50.6161 10.5862 2.15
      vertex -50.7471 10.6535 2.15
    endloop
  endfacet
  facet normal -0.456964 -0.889485 -0
    outer loop
      vertex -50.6161 10.5862 2.15
      vertex -50.7471 10.6535 0
      vertex -50.6161 10.5862 0
    endloop
  endfacet
  facet normal -0.367522 -0.930015 0
    outer loop
      vertex -50.6161 10.5862 0
      vertex -50.4792 10.5321 2.15
      vertex -50.6161 10.5862 2.15
    endloop
  endfacet
  facet normal -0.367522 -0.930015 -0
    outer loop
      vertex -50.4792 10.5321 2.15
      vertex -50.6161 10.5862 0
      vertex -50.4792 10.5321 0
    endloop
  endfacet
  facet normal -0.0822021 -0.996616 0
    outer loop
      vertex -50.1927 10.4653 0
      vertex -50.046 10.4532 2.15
      vertex -50.1927 10.4653 2.15
    endloop
  endfacet
  facet normal -0.0822021 -0.996616 -0
    outer loop
      vertex -50.046 10.4532 2.15
      vertex -50.1927 10.4653 0
      vertex -50.046 10.4532 0
    endloop
  endfacet
  facet normal -0.27499 -0.961447 0
    outer loop
      vertex -50.4792 10.5321 0
      vertex -50.3376 10.4916 2.15
      vertex -50.4792 10.5321 2.15
    endloop
  endfacet
  facet normal -0.27499 -0.961447 -0
    outer loop
      vertex -50.3376 10.4916 2.15
      vertex -50.4792 10.5321 0
      vertex -50.3376 10.4916 0
    endloop
  endfacet
  facet normal 0.0166644 -0.999861 0
    outer loop
      vertex -50.046 10.4532 0
      vertex -49.944 10.4549 2.15
      vertex -50.046 10.4532 2.15
    endloop
  endfacet
  facet normal 0.0166644 -0.999861 0
    outer loop
      vertex -49.944 10.4549 2.15
      vertex -50.046 10.4532 0
      vertex -49.944 10.4549 0
    endloop
  endfacet
  facet normal -0.762458 -0.647037 0
    outer loop
      vertex -51.092 10.9272 0
      vertex -51.1873 11.0395 2.15
      vertex -51.1873 11.0395 0
    endloop
  endfacet
  facet normal -0.762458 -0.647037 0
    outer loop
      vertex -51.1873 11.0395 2.15
      vertex -51.092 10.9272 0
      vertex -51.092 10.9272 2.15
    endloop
  endfacet
  facet normal -0.621625 -0.783315 0
    outer loop
      vertex -50.9862 10.8248 0
      vertex -50.8709 10.7333 2.15
      vertex -50.9862 10.8248 2.15
    endloop
  endfacet
  facet normal -0.621625 -0.783315 -0
    outer loop
      vertex -50.8709 10.7333 2.15
      vertex -50.9862 10.8248 0
      vertex -50.8709 10.7333 0
    endloop
  endfacet
  facet normal 0.822094 -0.569351 0
    outer loop
      vertex -52.7069 11.0395 2.15
      vertex -52.6231 11.1605 0
      vertex -52.6231 11.1605 2.15
    endloop
  endfacet
  facet normal 0.822094 -0.569351 0
    outer loop
      vertex -52.6231 11.1605 0
      vertex -52.7069 11.0395 2.15
      vertex -52.7069 11.0395 0
    endloop
  endfacet
  facet normal 0.541787 -0.840516 0
    outer loop
      vertex -53.1471 10.6535 0
      vertex -53.0233 10.7333 2.15
      vertex -53.1471 10.6535 2.15
    endloop
  endfacet
  facet normal 0.541787 -0.840516 0
    outer loop
      vertex -53.0233 10.7333 2.15
      vertex -53.1471 10.6535 0
      vertex -53.0233 10.7333 0
    endloop
  endfacet
  facet normal 0.695467 -0.718558 0
    outer loop
      vertex -52.908 10.8248 0
      vertex -52.8022 10.9272 2.15
      vertex -52.908 10.8248 2.15
    endloop
  endfacet
  facet normal 0.695467 -0.718558 0
    outer loop
      vertex -52.8022 10.9272 2.15
      vertex -52.908 10.8248 0
      vertex -52.8022 10.9272 0
    endloop
  endfacet
  facet normal 0.367522 -0.930015 0
    outer loop
      vertex -53.415 10.5321 0
      vertex -53.2781 10.5862 2.15
      vertex -53.415 10.5321 2.15
    endloop
  endfacet
  facet normal 0.367522 -0.930015 0
    outer loop
      vertex -53.2781 10.5862 2.15
      vertex -53.415 10.5321 0
      vertex -53.2781 10.5862 0
    endloop
  endfacet
  facet normal 0.762458 -0.647037 0
    outer loop
      vertex -52.8022 10.9272 2.15
      vertex -52.7069 11.0395 0
      vertex -52.7069 11.0395 2.15
    endloop
  endfacet
  facet normal 0.762458 -0.647037 0
    outer loop
      vertex -52.7069 11.0395 0
      vertex -52.8022 10.9272 2.15
      vertex -52.8022 10.9272 0
    endloop
  endfacet
  facet normal 0.874574 -0.484893 0
    outer loop
      vertex -52.6231 11.1605 2.15
      vertex -52.5737 11.2496 0
      vertex -52.5737 11.2496 2.15
    endloop
  endfacet
  facet normal 0.874574 -0.484893 0
    outer loop
      vertex -52.5737 11.2496 0
      vertex -52.6231 11.1605 2.15
      vertex -52.6231 11.1605 0
    endloop
  endfacet
  facet normal 0.178587 -0.983924 0
    outer loop
      vertex -53.7015 10.4653 0
      vertex -53.5566 10.4916 2.15
      vertex -53.7015 10.4653 2.15
    endloop
  endfacet
  facet normal 0.178587 -0.983924 0
    outer loop
      vertex -53.5566 10.4916 2.15
      vertex -53.7015 10.4653 0
      vertex -53.5566 10.4916 0
    endloop
  endfacet
  facet normal 0.27499 -0.961447 0
    outer loop
      vertex -53.5566 10.4916 0
      vertex -53.415 10.5321 2.15
      vertex -53.5566 10.4916 2.15
    endloop
  endfacet
  facet normal 0.27499 -0.961447 0
    outer loop
      vertex -53.415 10.5321 2.15
      vertex -53.5566 10.4916 0
      vertex -53.415 10.5321 0
    endloop
  endfacet
  facet normal 0.621625 -0.783315 0
    outer loop
      vertex -53.0233 10.7333 0
      vertex -52.908 10.8248 2.15
      vertex -53.0233 10.7333 2.15
    endloop
  endfacet
  facet normal 0.621625 -0.783315 0
    outer loop
      vertex -52.908 10.8248 2.15
      vertex -53.0233 10.7333 0
      vertex -52.908 10.8248 0
    endloop
  endfacet
  facet normal 0.0822021 -0.996616 0
    outer loop
      vertex -53.8482 10.4532 0
      vertex -53.7015 10.4653 2.15
      vertex -53.8482 10.4532 2.15
    endloop
  endfacet
  facet normal 0.0822021 -0.996616 0
    outer loop
      vertex -53.7015 10.4653 2.15
      vertex -53.8482 10.4532 0
      vertex -53.7015 10.4653 0
    endloop
  endfacet
  facet normal 0.456964 -0.889485 0
    outer loop
      vertex -53.2781 10.5862 0
      vertex -53.1471 10.6535 2.15
      vertex -53.2781 10.5862 2.15
    endloop
  endfacet
  facet normal 0.456964 -0.889485 0
    outer loop
      vertex -53.1471 10.6535 2.15
      vertex -53.2781 10.5862 0
      vertex -53.1471 10.6535 0
    endloop
  endfacet
  facet normal -0.0166644 -0.999861 0
    outer loop
      vertex -53.9502 10.4549 0
      vertex -53.8482 10.4532 2.15
      vertex -53.9502 10.4549 2.15
    endloop
  endfacet
  facet normal -0.0166644 -0.999861 -0
    outer loop
      vertex -53.8482 10.4532 2.15
      vertex -53.9502 10.4549 0
      vertex -53.8482 10.4532 0
    endloop
  endfacet
  facet normal 0.941557 0.336853 0
    outer loop
      vertex -54.4117 9.01055 2.15
      vertex -54.4613 9.14919 0
      vertex -54.4613 9.14919 2.15
    endloop
  endfacet
  facet normal 0.941557 0.336853 0
    outer loop
      vertex -54.4613 9.14919 0
      vertex -54.4117 9.01055 2.15
      vertex -54.4117 9.01055 0
    endloop
  endfacet
  facet normal 0.989182 -0.146696 0
    outer loop
      vertex -54.3759 8.28228 2.15
      vertex -54.3543 8.42793 0
      vertex -54.3543 8.42793 2.15
    endloop
  endfacet
  facet normal 0.989182 -0.146696 0
    outer loop
      vertex -54.3543 8.42793 0
      vertex -54.3759 8.28228 2.15
      vertex -54.3759 8.28228 0
    endloop
  endfacet
  facet normal 0.969995 -0.243127 0
    outer loop
      vertex -54.4117 8.13945 2.15
      vertex -54.3759 8.28228 0
      vertex -54.3759 8.28228 2.15
    endloop
  endfacet
  facet normal 0.969995 -0.243127 0
    outer loop
      vertex -54.3759 8.28228 0
      vertex -54.4117 8.13945 2.15
      vertex -54.4117 8.13945 0
    endloop
  endfacet
  facet normal 0.969995 0.243127 0
    outer loop
      vertex -54.3759 8.86772 2.15
      vertex -54.4117 9.01055 0
      vertex -54.4117 9.01055 2.15
    endloop
  endfacet
  facet normal 0.969995 0.243127 0
    outer loop
      vertex -54.4117 9.01055 0
      vertex -54.3759 8.86772 2.15
      vertex -54.3759 8.86772 0
    endloop
  endfacet
  facet normal 0.941557 -0.336853 0
    outer loop
      vertex -54.4613 8.00081 2.15
      vertex -54.4117 8.13945 0
      vertex -54.4117 8.13945 2.15
    endloop
  endfacet
  facet normal 0.941557 -0.336853 0
    outer loop
      vertex -54.4117 8.13945 0
      vertex -54.4613 8.00081 2.15
      vertex -54.4613 8.00081 0
    endloop
  endfacet
  facet normal 0.857926 -0.513773 0
    outer loop
      vertex -54.5787 7.77686 2.15
      vertex -54.5243 7.8677 0
      vertex -54.5243 7.8677 2.15
    endloop
  endfacet
  facet normal 0.857926 -0.513773 0
    outer loop
      vertex -54.5243 7.8677 0
      vertex -54.5787 7.77686 2.15
      vertex -54.5787 7.77686 0
    endloop
  endfacet
  facet normal 0.903875 0.427797 0
    outer loop
      vertex -54.4613 9.14919 2.15
      vertex -54.5243 9.2823 0
      vertex -54.5243 9.2823 2.15
    endloop
  endfacet
  facet normal 0.903875 0.427797 0
    outer loop
      vertex -54.5243 9.2823 0
      vertex -54.4613 9.14919 2.15
      vertex -54.4613 9.14919 0
    endloop
  endfacet
  facet normal 0.857926 0.513773 0
    outer loop
      vertex -54.5243 9.2823 2.15
      vertex -54.5787 9.37314 0
      vertex -54.5787 9.37314 2.15
    endloop
  endfacet
  facet normal 0.857926 0.513773 0
    outer loop
      vertex -54.5787 9.37314 0
      vertex -54.5243 9.2823 2.15
      vertex -54.5243 9.2823 0
    endloop
  endfacet
  facet normal 0.989182 0.146696 0
    outer loop
      vertex -54.3543 8.72207 2.15
      vertex -54.3759 8.86772 0
      vertex -54.3759 8.86772 2.15
    endloop
  endfacet
  facet normal 0.989182 0.146696 0
    outer loop
      vertex -54.3759 8.86772 0
      vertex -54.3543 8.72207 2.15
      vertex -54.3543 8.72207 0
    endloop
  endfacet
  facet normal 0.998804 0.0488977 0
    outer loop
      vertex -54.3471 8.575 2.15
      vertex -54.3543 8.72207 0
      vertex -54.3543 8.72207 2.15
    endloop
  endfacet
  facet normal 0.998804 0.0488977 0
    outer loop
      vertex -54.3543 8.72207 0
      vertex -54.3471 8.575 2.15
      vertex -54.3471 8.575 0
    endloop
  endfacet
  facet normal 0.903875 -0.427797 0
    outer loop
      vertex -54.5243 7.8677 2.15
      vertex -54.4613 8.00081 0
      vertex -54.4613 8.00081 2.15
    endloop
  endfacet
  facet normal 0.903875 -0.427797 0
    outer loop
      vertex -54.4613 8.00081 0
      vertex -54.5243 7.8677 2.15
      vertex -54.5243 7.8677 0
    endloop
  endfacet
  facet normal 0.998804 -0.0488977 0
    outer loop
      vertex -54.3543 8.42793 2.15
      vertex -54.3471 8.575 0
      vertex -54.3471 8.575 2.15
    endloop
  endfacet
  facet normal 0.998804 -0.0488977 0
    outer loop
      vertex -54.3471 8.575 0
      vertex -54.3543 8.42793 2.15
      vertex -54.3543 8.42793 0
    endloop
  endfacet
  facet normal 0.874481 0.485059 0
    outer loop
      vertex -52.5737 5.9004 2.15
      vertex -52.6231 5.98946 0
      vertex -52.6231 5.98946 2.15
    endloop
  endfacet
  facet normal 0.874481 0.485059 0
    outer loop
      vertex -52.6231 5.98946 0
      vertex -52.5737 5.9004 2.15
      vertex -52.5737 5.9004 0
    endloop
  endfacet
  facet normal 0.621791 0.783183 -0
    outer loop
      vertex -52.908 6.32521 0
      vertex -53.0233 6.41675 2.15
      vertex -52.908 6.32521 2.15
    endloop
  endfacet
  facet normal 0.621791 0.783183 0
    outer loop
      vertex -53.0233 6.41675 2.15
      vertex -52.908 6.32521 0
      vertex -53.0233 6.41675 0
    endloop
  endfacet
  facet normal 0.822248 0.569129 0
    outer loop
      vertex -52.6231 5.98946 2.15
      vertex -52.7069 6.11053 0
      vertex -52.7069 6.11053 2.15
    endloop
  endfacet
  facet normal 0.822248 0.569129 0
    outer loop
      vertex -52.7069 6.11053 0
      vertex -52.6231 5.98946 2.15
      vertex -52.6231 5.98946 0
    endloop
  endfacet
  facet normal 0.541739 0.840547 -0
    outer loop
      vertex -53.0233 6.41675 0
      vertex -53.1471 6.49654 2.15
      vertex -53.0233 6.41675 2.15
    endloop
  endfacet
  facet normal 0.541739 0.840547 0
    outer loop
      vertex -53.1471 6.49654 2.15
      vertex -53.0233 6.41675 0
      vertex -53.1471 6.49654 0
    endloop
  endfacet
  facet normal 0.695467 0.718558 -0
    outer loop
      vertex -52.8022 6.22281 0
      vertex -52.908 6.32521 2.15
      vertex -52.8022 6.22281 2.15
    endloop
  endfacet
  facet normal 0.695467 0.718558 0
    outer loop
      vertex -52.908 6.32521 2.15
      vertex -52.8022 6.22281 0
      vertex -52.908 6.32521 0
    endloop
  endfacet
  facet normal 0.456857 0.88954 -0
    outer loop
      vertex -53.1471 6.49654 0
      vertex -53.2781 6.56382 2.15
      vertex -53.1471 6.49654 2.15
    endloop
  endfacet
  facet normal 0.456857 0.88954 0
    outer loop
      vertex -53.2781 6.56382 2.15
      vertex -53.1471 6.49654 0
      vertex -53.2781 6.56382 0
    endloop
  endfacet
  facet normal 0.274551 0.961573 -0
    outer loop
      vertex -53.415 6.61793 0
      vertex -53.5566 6.65836 2.15
      vertex -53.415 6.61793 2.15
    endloop
  endfacet
  facet normal 0.274551 0.961573 0
    outer loop
      vertex -53.5566 6.65836 2.15
      vertex -53.415 6.61793 0
      vertex -53.5566 6.65836 0
    endloop
  endfacet
  facet normal 0.367581 0.929992 -0
    outer loop
      vertex -53.2781 6.56382 0
      vertex -53.415 6.61793 2.15
      vertex -53.2781 6.56382 2.15
    endloop
  endfacet
  facet normal 0.367581 0.929992 0
    outer loop
      vertex -53.415 6.61793 2.15
      vertex -53.2781 6.56382 0
      vertex -53.415 6.61793 0
    endloop
  endfacet
  facet normal 0.178981 0.983853 -0
    outer loop
      vertex -53.5566 6.65836 0
      vertex -53.7015 6.68472 2.15
      vertex -53.5566 6.65836 2.15
    endloop
  endfacet
  facet normal 0.178981 0.983853 0
    outer loop
      vertex -53.7015 6.68472 2.15
      vertex -53.5566 6.65836 0
      vertex -53.7015 6.68472 0
    endloop
  endfacet
  facet normal -0.0163704 0.999866 0
    outer loop
      vertex -53.8482 6.69676 0
      vertex -53.9502 6.69509 2.15
      vertex -53.8482 6.69676 2.15
    endloop
  endfacet
  facet normal -0.0163704 0.999866 0
    outer loop
      vertex -53.9502 6.69509 2.15
      vertex -53.8482 6.69676 0
      vertex -53.9502 6.69509 0
    endloop
  endfacet
  facet normal 0.762402 0.647104 0
    outer loop
      vertex -52.7069 6.11053 2.15
      vertex -52.8022 6.22281 0
      vertex -52.8022 6.22281 2.15
    endloop
  endfacet
  facet normal 0.762402 0.647104 0
    outer loop
      vertex -52.8022 6.22281 0
      vertex -52.7069 6.11053 2.15
      vertex -52.7069 6.11053 0
    endloop
  endfacet
  facet normal 0.0817972 0.996649 -0
    outer loop
      vertex -53.7015 6.68472 0
      vertex -53.8482 6.69676 2.15
      vertex -53.7015 6.68472 2.15
    endloop
  endfacet
  facet normal 0.0817972 0.996649 0
    outer loop
      vertex -53.8482 6.69676 2.15
      vertex -53.7015 6.68472 0
      vertex -53.8482 6.69676 0
    endloop
  endfacet
  facet normal -0.762402 0.647104 0
    outer loop
      vertex -51.1873 6.11053 0
      vertex -51.092 6.22281 2.15
      vertex -51.092 6.22281 0
    endloop
  endfacet
  facet normal -0.762402 0.647104 0
    outer loop
      vertex -51.092 6.22281 2.15
      vertex -51.1873 6.11053 0
      vertex -51.1873 6.11053 2.15
    endloop
  endfacet
  facet normal -0.695467 0.718558 0
    outer loop
      vertex -50.9862 6.32521 0
      vertex -51.092 6.22281 2.15
      vertex -50.9862 6.32521 2.15
    endloop
  endfacet
  facet normal -0.695467 0.718558 0
    outer loop
      vertex -51.092 6.22281 2.15
      vertex -50.9862 6.32521 0
      vertex -51.092 6.22281 0
    endloop
  endfacet
  facet normal -0.456857 0.88954 0
    outer loop
      vertex -50.6161 6.56382 0
      vertex -50.7471 6.49654 2.15
      vertex -50.6161 6.56382 2.15
    endloop
  endfacet
  facet normal -0.456857 0.88954 0
    outer loop
      vertex -50.7471 6.49654 2.15
      vertex -50.6161 6.56382 0
      vertex -50.7471 6.49654 0
    endloop
  endfacet
  facet normal -0.874481 0.485059 0
    outer loop
      vertex -51.3205 5.9004 0
      vertex -51.2711 5.98946 2.15
      vertex -51.2711 5.98946 0
    endloop
  endfacet
  facet normal -0.874481 0.485059 0
    outer loop
      vertex -51.2711 5.98946 2.15
      vertex -51.3205 5.9004 0
      vertex -51.3205 5.9004 2.15
    endloop
  endfacet
  facet normal -0.178981 0.983853 0
    outer loop
      vertex -50.1927 6.68472 0
      vertex -50.3376 6.65836 2.15
      vertex -50.1927 6.68472 2.15
    endloop
  endfacet
  facet normal -0.178981 0.983853 0
    outer loop
      vertex -50.3376 6.65836 2.15
      vertex -50.1927 6.68472 0
      vertex -50.3376 6.65836 0
    endloop
  endfacet
  facet normal -0.621791 0.783183 0
    outer loop
      vertex -50.8709 6.41675 0
      vertex -50.9862 6.32521 2.15
      vertex -50.8709 6.41675 2.15
    endloop
  endfacet
  facet normal -0.621791 0.783183 0
    outer loop
      vertex -50.9862 6.32521 2.15
      vertex -50.8709 6.41675 0
      vertex -50.9862 6.32521 0
    endloop
  endfacet
  facet normal -0.274551 0.961573 0
    outer loop
      vertex -50.3376 6.65836 0
      vertex -50.4792 6.61793 2.15
      vertex -50.3376 6.65836 2.15
    endloop
  endfacet
  facet normal -0.274551 0.961573 0
    outer loop
      vertex -50.4792 6.61793 2.15
      vertex -50.3376 6.65836 0
      vertex -50.4792 6.61793 0
    endloop
  endfacet
  facet normal -0.541739 0.840547 0
    outer loop
      vertex -50.7471 6.49654 0
      vertex -50.8709 6.41675 2.15
      vertex -50.7471 6.49654 2.15
    endloop
  endfacet
  facet normal -0.541739 0.840547 0
    outer loop
      vertex -50.8709 6.41675 2.15
      vertex -50.7471 6.49654 0
      vertex -50.8709 6.41675 0
    endloop
  endfacet
  facet normal -0.0817972 0.996649 0
    outer loop
      vertex -50.046 6.69676 0
      vertex -50.1927 6.68472 2.15
      vertex -50.046 6.69676 2.15
    endloop
  endfacet
  facet normal -0.0817972 0.996649 0
    outer loop
      vertex -50.1927 6.68472 2.15
      vertex -50.046 6.69676 0
      vertex -50.1927 6.68472 0
    endloop
  endfacet
  facet normal -0.822248 0.569129 0
    outer loop
      vertex -51.2711 5.98946 0
      vertex -51.1873 6.11053 2.15
      vertex -51.1873 6.11053 0
    endloop
  endfacet
  facet normal -0.822248 0.569129 0
    outer loop
      vertex -51.1873 6.11053 2.15
      vertex -51.2711 5.98946 0
      vertex -51.2711 5.98946 2.15
    endloop
  endfacet
  facet normal -0.367581 0.929992 0
    outer loop
      vertex -50.4792 6.61793 0
      vertex -50.6161 6.56382 2.15
      vertex -50.4792 6.61793 2.15
    endloop
  endfacet
  facet normal -0.367581 0.929992 0
    outer loop
      vertex -50.6161 6.56382 2.15
      vertex -50.4792 6.61793 0
      vertex -50.6161 6.56382 0
    endloop
  endfacet
  facet normal 0.0163704 0.999866 -0
    outer loop
      vertex -49.944 6.69509 0
      vertex -50.046 6.69676 2.15
      vertex -49.944 6.69509 2.15
    endloop
  endfacet
  facet normal 0.0163704 0.999866 0
    outer loop
      vertex -50.046 6.69676 2.15
      vertex -49.944 6.69509 0
      vertex -50.046 6.69676 0
    endloop
  endfacet
  facet normal -1 0 0
    outer loop
      vertex -49.3155 9.37314 0
      vertex -49.3155 9.37328 2.15
      vertex -49.3155 9.37328 0
    endloop
  endfacet
  facet normal -1 -0 0
    outer loop
      vertex -49.3155 9.37328 2.15
      vertex -49.3155 9.37314 0
      vertex -49.3155 9.37314 2.15
    endloop
  endfacet
  facet normal 0.0489209 -0.998803 0
    outer loop
      vertex -52.2166 11.3118 0
      vertex -51.9471 11.325 2.15
      vertex -52.2166 11.3118 2.15
    endloop
  endfacet
  facet normal 0.0489209 -0.998803 0
    outer loop
      vertex -51.9471 11.325 2.15
      vertex -52.2166 11.3118 0
      vertex -51.9471 11.325 0
    endloop
  endfacet
  facet normal -0.740757 -0.671773 0
    outer loop
      vertex -49.8213 10.3196 0
      vertex -49.944 10.4549 2.15
      vertex -49.944 10.4549 0
    endloop
  endfacet
  facet normal -0.740757 -0.671773 0
    outer loop
      vertex -49.944 10.4549 2.15
      vertex -49.8213 10.3196 0
      vertex -49.8213 10.3196 2.15
    endloop
  endfacet
  facet normal 0.14671 0.98918 -0
    outer loop
      vertex -52.2166 5.83824 0
      vertex -52.4836 5.87784 2.15
      vertex -52.2166 5.83824 2.15
    endloop
  endfacet
  facet normal 0.14671 0.98918 0
    outer loop
      vertex -52.4836 5.87784 2.15
      vertex -52.2166 5.83824 0
      vertex -52.4836 5.87784 0
    endloop
  endfacet
  facet normal 0.14671 -0.98918 0
    outer loop
      vertex -52.4836 11.2722 0
      vertex -52.2166 11.3118 2.15
      vertex -52.4836 11.2722 2.15
    endloop
  endfacet
  facet normal 0.14671 -0.98918 0
    outer loop
      vertex -52.2166 11.3118 2.15
      vertex -52.4836 11.2722 0
      vertex -52.2166 11.3118 0
    endloop
  endfacet
  facet normal -0.24289 0.970054 0
    outer loop
      vertex -51.3205 5.9004 0
      vertex -51.4106 5.87784 2.15
      vertex -51.3205 5.9004 2.15
    endloop
  endfacet
  facet normal -0.24289 0.970054 0
    outer loop
      vertex -51.4106 5.87784 2.15
      vertex -51.3205 5.9004 0
      vertex -51.4106 5.87784 0
    endloop
  endfacet
  facet normal 0.903967 -0.427602 0
    outer loop
      vertex -54.4878 9.62738 2.15
      vertex -54.3724 9.87134 0
      vertex -54.3724 9.87134 2.15
    endloop
  endfacet
  facet normal 0.903967 -0.427602 0
    outer loop
      vertex -54.3724 9.87134 0
      vertex -54.4878 9.62738 2.15
      vertex -54.4878 9.62738 0
    endloop
  endfacet
  facet normal 0.903967 0.427602 0
    outer loop
      vertex -54.3724 7.27866 2.15
      vertex -54.4878 7.52262 0
      vertex -54.4878 7.52262 2.15
    endloop
  endfacet
  facet normal 0.903967 0.427602 0
    outer loop
      vertex -54.4878 7.52262 0
      vertex -54.3724 7.27866 2.15
      vertex -54.3724 7.27866 0
    endloop
  endfacet
  facet normal -1 0 0
    outer loop
      vertex -49.3155 7.77672 0
      vertex -49.3155 7.77686 2.15
      vertex -49.3155 7.77686 0
    endloop
  endfacet
  facet normal -1 -0 0
    outer loop
      vertex -49.3155 7.77686 2.15
      vertex -49.3155 7.77672 0
      vertex -49.3155 7.77672 2.15
    endloop
  endfacet
  facet normal 0.941566 0.336829 0
    outer loop
      vertex -54.4878 7.52262 2.15
      vertex -54.5787 7.77672 0
      vertex -54.5787 7.77672 2.15
    endloop
  endfacet
  facet normal 0.941566 0.336829 0
    outer loop
      vertex -54.5787 7.77672 0
      vertex -54.4878 7.52262 2.15
      vertex -54.4878 7.52262 0
    endloop
  endfacet
  facet normal -0.243295 -0.969952 0
    outer loop
      vertex -51.4106 11.2722 0
      vertex -51.3205 11.2496 2.15
      vertex -51.4106 11.2722 2.15
    endloop
  endfacet
  facet normal -0.243295 -0.969952 -0
    outer loop
      vertex -51.3205 11.2496 2.15
      vertex -51.4106 11.2722 0
      vertex -51.3205 11.2496 0
    endloop
  endfacet
  facet normal 0.740757 -0.671773 0
    outer loop
      vertex -54.0729 10.3196 2.15
      vertex -53.9502 10.4549 0
      vertex -53.9502 10.4549 2.15
    endloop
  endfacet
  facet normal 0.740757 -0.671773 0
    outer loop
      vertex -53.9502 10.4549 0
      vertex -54.0729 10.3196 2.15
      vertex -54.0729 10.3196 0
    endloop
  endfacet
  facet normal -0.0490688 0.998795 0
    outer loop
      vertex -51.6776 5.83824 0
      vertex -51.9471 5.825 2.15
      vertex -51.6776 5.83824 2.15
    endloop
  endfacet
  facet normal -0.0490688 0.998795 0
    outer loop
      vertex -51.9471 5.825 2.15
      vertex -51.6776 5.83824 0
      vertex -51.9471 5.825 0
    endloop
  endfacet
  facet normal -0.803367 -0.595485 0
    outer loop
      vertex -49.6606 10.1028 0
      vertex -49.8213 10.3196 2.15
      vertex -49.8213 10.3196 0
    endloop
  endfacet
  facet normal -0.803367 -0.595485 0
    outer loop
      vertex -49.8213 10.3196 2.15
      vertex -49.6606 10.1028 0
      vertex -49.6606 10.1028 2.15
    endloop
  endfacet
  facet normal 1 -0 0
    outer loop
      vertex -54.5787 7.77672 2.15
      vertex -54.5787 7.77686 0
      vertex -54.5787 7.77686 2.15
    endloop
  endfacet
  facet normal 1 0 0
    outer loop
      vertex -54.5787 7.77686 0
      vertex -54.5787 7.77672 2.15
      vertex -54.5787 7.77672 0
    endloop
  endfacet
  facet normal 0.941566 -0.336829 0
    outer loop
      vertex -54.5787 9.37328 2.15
      vertex -54.4878 9.62738 0
      vertex -54.4878 9.62738 2.15
    endloop
  endfacet
  facet normal 0.941566 -0.336829 0
    outer loop
      vertex -54.4878 9.62738 0
      vertex -54.5787 9.37328 2.15
      vertex -54.5787 9.37328 0
    endloop
  endfacet
  facet normal -0.903967 0.427602 0
    outer loop
      vertex -49.5218 7.27866 0
      vertex -49.4064 7.52262 2.15
      vertex -49.4064 7.52262 0
    endloop
  endfacet
  facet normal -0.903967 0.427602 0
    outer loop
      vertex -49.4064 7.52262 2.15
      vertex -49.5218 7.27866 0
      vertex -49.5218 7.27866 2.15
    endloop
  endfacet
  facet normal -0.14671 0.98918 0
    outer loop
      vertex -51.4106 5.87784 0
      vertex -51.6776 5.83824 2.15
      vertex -51.4106 5.87784 2.15
    endloop
  endfacet
  facet normal -0.14671 0.98918 0
    outer loop
      vertex -51.6776 5.83824 2.15
      vertex -51.4106 5.87784 0
      vertex -51.6776 5.83824 0
    endloop
  endfacet
  facet normal -0.941566 -0.336829 0
    outer loop
      vertex -49.3155 9.37328 0
      vertex -49.4064 9.62738 2.15
      vertex -49.4064 9.62738 0
    endloop
  endfacet
  facet normal -0.941566 -0.336829 0
    outer loop
      vertex -49.4064 9.62738 2.15
      vertex -49.3155 9.37328 0
      vertex -49.3155 9.37328 2.15
    endloop
  endfacet
  facet normal -0.803314 0.595555 0
    outer loop
      vertex -49.8213 6.83042 0
      vertex -49.6606 7.04718 2.15
      vertex -49.6606 7.04718 0
    endloop
  endfacet
  facet normal -0.803314 0.595555 0
    outer loop
      vertex -49.6606 7.04718 2.15
      vertex -49.8213 6.83042 0
      vertex -49.8213 6.83042 2.15
    endloop
  endfacet
  facet normal -0.857637 0.514256 0
    outer loop
      vertex -49.6606 7.04718 0
      vertex -49.5218 7.27866 2.15
      vertex -49.5218 7.27866 0
    endloop
  endfacet
  facet normal -0.857637 0.514256 0
    outer loop
      vertex -49.5218 7.27866 2.15
      vertex -49.6606 7.04718 0
      vertex -49.6606 7.04718 2.15
    endloop
  endfacet
  facet normal 0.243295 -0.969952 0
    outer loop
      vertex -52.5737 11.2496 0
      vertex -52.4836 11.2722 2.15
      vertex -52.5737 11.2496 2.15
    endloop
  endfacet
  facet normal 0.243295 -0.969952 0
    outer loop
      vertex -52.4836 11.2722 2.15
      vertex -52.5737 11.2496 0
      vertex -52.4836 11.2722 0
    endloop
  endfacet
  facet normal -0.941566 0.336829 0
    outer loop
      vertex -49.4064 7.52262 0
      vertex -49.3155 7.77672 2.15
      vertex -49.3155 7.77672 0
    endloop
  endfacet
  facet normal -0.941566 0.336829 0
    outer loop
      vertex -49.3155 7.77672 2.15
      vertex -49.4064 7.52262 0
      vertex -49.4064 7.52262 2.15
    endloop
  endfacet
  facet normal -0.0489209 -0.998803 0
    outer loop
      vertex -51.9471 11.325 0
      vertex -51.6776 11.3118 2.15
      vertex -51.9471 11.325 2.15
    endloop
  endfacet
  facet normal -0.0489209 -0.998803 -0
    outer loop
      vertex -51.6776 11.3118 2.15
      vertex -51.9471 11.325 0
      vertex -51.6776 11.3118 0
    endloop
  endfacet
  facet normal -0.903967 -0.427602 0
    outer loop
      vertex -49.4064 9.62738 0
      vertex -49.5218 9.87134 2.15
      vertex -49.5218 9.87134 0
    endloop
  endfacet
  facet normal -0.903967 -0.427602 0
    outer loop
      vertex -49.5218 9.87134 2.15
      vertex -49.4064 9.62738 0
      vertex -49.4064 9.62738 2.15
    endloop
  endfacet
  facet normal -0.14671 -0.98918 0
    outer loop
      vertex -51.6776 11.3118 0
      vertex -51.4106 11.2722 2.15
      vertex -51.6776 11.3118 2.15
    endloop
  endfacet
  facet normal -0.14671 -0.98918 -0
    outer loop
      vertex -51.4106 11.2722 2.15
      vertex -51.6776 11.3118 0
      vertex -51.4106 11.2722 0
    endloop
  endfacet
  facet normal 0.24289 0.970054 -0
    outer loop
      vertex -52.4836 5.87784 0
      vertex -52.5737 5.9004 2.15
      vertex -52.4836 5.87784 2.15
    endloop
  endfacet
  facet normal 0.24289 0.970054 0
    outer loop
      vertex -52.5737 5.9004 2.15
      vertex -52.4836 5.87784 0
      vertex -52.5737 5.9004 0
    endloop
  endfacet
  facet normal 0.857637 0.514256 0
    outer loop
      vertex -54.2336 7.04718 2.15
      vertex -54.3724 7.27866 0
      vertex -54.3724 7.27866 2.15
    endloop
  endfacet
  facet normal 0.857637 0.514256 0
    outer loop
      vertex -54.3724 7.27866 0
      vertex -54.2336 7.04718 2.15
      vertex -54.2336 7.04718 0
    endloop
  endfacet
  facet normal -0.857617 -0.514289 0
    outer loop
      vertex -49.5218 9.87134 0
      vertex -49.6606 10.1028 2.15
      vertex -49.6606 10.1028 0
    endloop
  endfacet
  facet normal -0.857617 -0.514289 0
    outer loop
      vertex -49.6606 10.1028 2.15
      vertex -49.5218 9.87134 0
      vertex -49.5218 9.87134 2.15
    endloop
  endfacet
  facet normal 0.740831 0.671691 0
    outer loop
      vertex -53.9502 6.69509 2.15
      vertex -54.0729 6.83042 0
      vertex -54.0729 6.83042 2.15
    endloop
  endfacet
  facet normal 0.740831 0.671691 0
    outer loop
      vertex -54.0729 6.83042 0
      vertex -53.9502 6.69509 2.15
      vertex -53.9502 6.69509 0
    endloop
  endfacet
  facet normal 1 -0 0
    outer loop
      vertex -54.5787 9.37314 2.15
      vertex -54.5787 9.37328 0
      vertex -54.5787 9.37328 2.15
    endloop
  endfacet
  facet normal 1 0 0
    outer loop
      vertex -54.5787 9.37328 0
      vertex -54.5787 9.37314 2.15
      vertex -54.5787 9.37314 0
    endloop
  endfacet
  facet normal 0.803314 0.595555 0
    outer loop
      vertex -54.0729 6.83042 2.15
      vertex -54.2336 7.04718 0
      vertex -54.2336 7.04718 2.15
    endloop
  endfacet
  facet normal 0.803314 0.595555 0
    outer loop
      vertex -54.2336 7.04718 0
      vertex -54.0729 6.83042 2.15
      vertex -54.0729 6.83042 0
    endloop
  endfacet
  facet normal 0.803367 -0.595485 0
    outer loop
      vertex -54.2336 10.1028 2.15
      vertex -54.0729 10.3196 0
      vertex -54.0729 10.3196 2.15
    endloop
  endfacet
  facet normal 0.803367 -0.595485 0
    outer loop
      vertex -54.0729 10.3196 0
      vertex -54.2336 10.1028 2.15
      vertex -54.2336 10.1028 0
    endloop
  endfacet
  facet normal 0.857617 -0.514289 0
    outer loop
      vertex -54.3724 9.87134 2.15
      vertex -54.2336 10.1028 0
      vertex -54.2336 10.1028 2.15
    endloop
  endfacet
  facet normal 0.857617 -0.514289 0
    outer loop
      vertex -54.2336 10.1028 0
      vertex -54.3724 9.87134 2.15
      vertex -54.3724 9.87134 0
    endloop
  endfacet
  facet normal 0 0 -1
    outer loop
      vertex -49.3155 7.77672 2.15
      vertex -49.3699 7.8677 2.15
      vertex -49.3155 7.77686 2.15
    endloop
  endfacet
  facet normal 0 0 -1
    outer loop
      vertex -49.4064 7.52262 2.15
      vertex -49.3699 7.8677 2.15
      vertex -49.3155 7.77672 2.15
    endloop
  endfacet
  facet normal 0 0 -1
    outer loop
      vertex -49.4064 7.52262 2.15
      vertex -49.4329 8.00081 2.15
      vertex -49.3699 7.8677 2.15
    endloop
  endfacet
  facet normal 0 0 -1
    outer loop
      vertex -49.5218 7.27866 2.15
      vertex -49.4329 8.00081 2.15
      vertex -49.4064 7.52262 2.15
    endloop
  endfacet
  facet normal -0 0 -1
    outer loop
      vertex -49.4329 8.00081 2.15
      vertex -49.5218 7.27866 2.15
      vertex -49.4825 8.13945 2.15
    endloop
  endfacet
  facet normal 0 0 -1
    outer loop
      vertex -50.3376 6.65836 2.15
      vertex -49.4825 8.13945 2.15
      vertex -49.5218 7.27866 2.15
    endloop
  endfacet
  facet normal -0 0 -1
    outer loop
      vertex -49.4825 8.13945 2.15
      vertex -50.3376 6.65836 2.15
      vertex -49.5183 8.28228 2.15
    endloop
  endfacet
  facet normal 0 0 -1
    outer loop
      vertex -50.4792 6.61793 2.15
      vertex -49.5183 8.28228 2.15
      vertex -50.3376 6.65836 2.15
    endloop
  endfacet
  facet normal 0 0 -1
    outer loop
      vertex -50.3376 6.65836 2.15
      vertex -49.5218 7.27866 2.15
      vertex -49.6606 7.04718 2.15
    endloop
  endfacet
  facet normal 0 0 -1
    outer loop
      vertex -49.3699 9.2823 2.15
      vertex -49.3155 9.37328 2.15
      vertex -49.3155 9.37314 2.15
    endloop
  endfacet
  facet normal 0 0 -1
    outer loop
      vertex -49.3699 9.2823 2.15
      vertex -49.4064 9.62738 2.15
      vertex -49.3155 9.37328 2.15
    endloop
  endfacet
  facet normal 0 0 -1
    outer loop
      vertex -49.4329 9.14919 2.15
      vertex -49.4064 9.62738 2.15
      vertex -49.3699 9.2823 2.15
    endloop
  endfacet
  facet normal 0 0 -1
    outer loop
      vertex -49.5218 9.87134 2.15
      vertex -49.4329 9.14919 2.15
      vertex -49.4825 9.01055 2.15
    endloop
  endfacet
  facet normal 0 0 -1
    outer loop
      vertex -50.3376 10.4916 2.15
      vertex -49.4825 9.01055 2.15
      vertex -49.5183 8.86772 2.15
    endloop
  endfacet
  facet normal 0 0 -1
    outer loop
      vertex -49.4329 9.14919 2.15
      vertex -49.5218 9.87134 2.15
      vertex -49.4064 9.62738 2.15
    endloop
  endfacet
  facet normal 0 0 -1
    outer loop
      vertex -50.4792 10.5321 2.15
      vertex -49.5183 8.86772 2.15
      vertex -49.5399 8.72207 2.15
    endloop
  endfacet
  facet normal 0 0 -1
    outer loop
      vertex -50.6161 10.5862 2.15
      vertex -49.5399 8.72207 2.15
      vertex -49.5471 8.575 2.15
    endloop
  endfacet
  facet normal -0 0 -1
    outer loop
      vertex -49.5183 8.28228 2.15
      vertex -50.4792 6.61793 2.15
      vertex -49.5399 8.42793 2.15
    endloop
  endfacet
  facet normal -0 0 -1
    outer loop
      vertex -49.5399 8.42793 2.15
      vertex -50.6161 6.56382 2.15
      vertex -49.5471 8.575 2.15
    endloop
  endfacet
  facet normal 0 0 -1
    outer loop
      vertex -50.1927 6.68472 2.15
      vertex -49.6606 7.04718 2.15
      vertex -49.8213 6.83042 2.15
    endloop
  endfacet
  facet normal 0 0 -1
    outer loop
      vertex -50.6161 6.56382 2.15
      vertex -49.5399 8.42793 2.15
      vertex -50.4792 6.61793 2.15
    endloop
  endfacet
  facet normal 0 0 -1
    outer loop
      vertex -50.046 6.69676 2.15
      vertex -49.8213 6.83042 2.15
      vertex -49.944 6.69509 2.15
    endloop
  endfacet
  facet normal 0 0 -1
    outer loop
      vertex -50.1927 6.68472 2.15
      vertex -49.8213 6.83042 2.15
      vertex -50.046 6.69676 2.15
    endloop
  endfacet
  facet normal 0 0 -1
    outer loop
      vertex -49.6606 7.04718 2.15
      vertex -50.1927 6.68472 2.15
      vertex -50.3376 6.65836 2.15
    endloop
  endfacet
  facet normal 0 0 -1
    outer loop
      vertex -49.8213 10.3196 2.15
      vertex -50.046 10.4532 2.15
      vertex -49.944 10.4549 2.15
    endloop
  endfacet
  facet normal 0 0 -1
    outer loop
      vertex -49.5183 8.86772 2.15
      vertex -50.4792 10.5321 2.15
      vertex -50.3376 10.4916 2.15
    endloop
  endfacet
  facet normal 0 0 -1
    outer loop
      vertex -49.8213 10.3196 2.15
      vertex -50.1927 10.4653 2.15
      vertex -50.046 10.4532 2.15
    endloop
  endfacet
  facet normal -0 -0 -1
    outer loop
      vertex -50.1927 10.4653 2.15
      vertex -49.6606 10.1028 2.15
      vertex -50.3376 10.4916 2.15
    endloop
  endfacet
  facet normal 0 0 -1
    outer loop
      vertex -49.6606 10.1028 2.15
      vertex -50.1927 10.4653 2.15
      vertex -49.8213 10.3196 2.15
    endloop
  endfacet
  facet normal 0 0 -1
    outer loop
      vertex -49.4825 9.01055 2.15
      vertex -50.3376 10.4916 2.15
      vertex -49.5218 9.87134 2.15
    endloop
  endfacet
  facet normal 0 0 -1
    outer loop
      vertex -49.5218 9.87134 2.15
      vertex -50.3376 10.4916 2.15
      vertex -49.6606 10.1028 2.15
    endloop
  endfacet
  facet normal 0 0 -1
    outer loop
      vertex -50.7471 6.49654 2.15
      vertex -49.5471 8.575 2.15
      vertex -50.6161 6.56382 2.15
    endloop
  endfacet
  facet normal 0 0 -1
    outer loop
      vertex -49.5399 8.72207 2.15
      vertex -50.6161 10.5862 2.15
      vertex -50.4792 10.5321 2.15
    endloop
  endfacet
  facet normal 0 0 -1
    outer loop
      vertex -50.7471 10.6535 2.15
      vertex -49.5471 8.575 2.15
      vertex -50.7471 6.49654 2.15
    endloop
  endfacet
  facet normal 0 0 -1
    outer loop
      vertex -49.5471 8.575 2.15
      vertex -50.7471 10.6535 2.15
      vertex -50.6161 10.5862 2.15
    endloop
  endfacet
  facet normal 0 0 -1
    outer loop
      vertex -53.1471 6.49654 2.15
      vertex -50.7471 6.49654 2.15
      vertex -50.8709 6.41675 2.15
    endloop
  endfacet
  facet normal 0 0 -1
    outer loop
      vertex -50.7471 6.49654 2.15
      vertex -53.1471 6.49654 2.15
      vertex -50.7471 10.6535 2.15
    endloop
  endfacet
  facet normal 0 0 -1
    outer loop
      vertex -53.0233 6.41675 2.15
      vertex -50.8709 6.41675 2.15
      vertex -50.9862 6.32521 2.15
    endloop
  endfacet
  facet normal 0 0 -1
    outer loop
      vertex -53.1471 10.6535 2.15
      vertex -50.7471 10.6535 2.15
      vertex -53.1471 6.49654 2.15
    endloop
  endfacet
  facet normal 0 0 -1
    outer loop
      vertex -52.908 6.32521 2.15
      vertex -50.9862 6.32521 2.15
      vertex -51.092 6.22281 2.15
    endloop
  endfacet
  facet normal 0 0 -1
    outer loop
      vertex -50.7471 10.6535 2.15
      vertex -53.1471 10.6535 2.15
      vertex -50.8709 10.7333 2.15
    endloop
  endfacet
  facet normal 0 0 -1
    outer loop
      vertex -51.9471 5.825 2.15
      vertex -51.092 6.22281 2.15
      vertex -51.1873 6.11053 2.15
    endloop
  endfacet
  facet normal 0 0 -1
    outer loop
      vertex -50.8709 6.41675 2.15
      vertex -53.0233 6.41675 2.15
      vertex -53.1471 6.49654 2.15
    endloop
  endfacet
  facet normal 0 0 -1
    outer loop
      vertex -51.6776 5.83824 2.15
      vertex -51.1873 6.11053 2.15
      vertex -51.2711 5.98946 2.15
    endloop
  endfacet
  facet normal 0 -0 -1
    outer loop
      vertex -53.0233 10.7333 2.15
      vertex -50.8709 10.7333 2.15
      vertex -53.1471 10.6535 2.15
    endloop
  endfacet
  facet normal 0 0 -1
    outer loop
      vertex -51.4106 5.87784 2.15
      vertex -51.2711 5.98946 2.15
      vertex -51.3205 5.9004 2.15
    endloop
  endfacet
  facet normal 0 0 -1
    outer loop
      vertex -50.9862 10.8248 2.15
      vertex -52.908 10.8248 2.15
      vertex -51.092 10.9272 2.15
    endloop
  endfacet
  facet normal 0 0 -1
    outer loop
      vertex -51.6776 5.83824 2.15
      vertex -51.2711 5.98946 2.15
      vertex -51.4106 5.87784 2.15
    endloop
  endfacet
  facet normal 0 -0 -1
    outer loop
      vertex -52.8022 10.9272 2.15
      vertex -51.092 10.9272 2.15
      vertex -52.908 10.8248 2.15
    endloop
  endfacet
  facet normal 0 0 -1
    outer loop
      vertex -51.1873 6.11053 2.15
      vertex -51.6776 5.83824 2.15
      vertex -51.9471 5.825 2.15
    endloop
  endfacet
  facet normal 0 -0 -1
    outer loop
      vertex -51.9471 11.325 2.15
      vertex -51.092 10.9272 2.15
      vertex -52.8022 10.9272 2.15
    endloop
  endfacet
  facet normal -0 0 -1
    outer loop
      vertex -51.092 6.22281 2.15
      vertex -51.9471 5.825 2.15
      vertex -52.8022 6.22281 2.15
    endloop
  endfacet
  facet normal 0 0 -1
    outer loop
      vertex -50.9862 6.32521 2.15
      vertex -52.908 6.32521 2.15
      vertex -53.0233 6.41675 2.15
    endloop
  endfacet
  facet normal 0 0 -1
    outer loop
      vertex -52.7069 6.11053 2.15
      vertex -51.9471 5.825 2.15
      vertex -52.2166 5.83824 2.15
    endloop
  endfacet
  facet normal 0 0 -1
    outer loop
      vertex -51.092 10.9272 2.15
      vertex -51.9471 11.325 2.15
      vertex -51.1873 11.0395 2.15
    endloop
  endfacet
  facet normal 0 0 -1
    outer loop
      vertex -52.6231 5.98946 2.15
      vertex -52.2166 5.83824 2.15
      vertex -52.4836 5.87784 2.15
    endloop
  endfacet
  facet normal 0 0 -1
    outer loop
      vertex -51.9471 5.825 2.15
      vertex -52.7069 6.11053 2.15
      vertex -52.8022 6.22281 2.15
    endloop
  endfacet
  facet normal 0 0 -1
    outer loop
      vertex -52.6231 5.98946 2.15
      vertex -52.4836 5.87784 2.15
      vertex -52.5737 5.9004 2.15
    endloop
  endfacet
  facet normal 0 0 -1
    outer loop
      vertex -52.2166 5.83824 2.15
      vertex -52.6231 5.98946 2.15
      vertex -52.7069 6.11053 2.15
    endloop
  endfacet
  facet normal 0 0 -1
    outer loop
      vertex -51.092 6.22281 2.15
      vertex -52.8022 6.22281 2.15
      vertex -52.908 6.32521 2.15
    endloop
  endfacet
  facet normal 0 0 -1
    outer loop
      vertex -52.4836 11.2722 2.15
      vertex -52.6231 11.1605 2.15
      vertex -52.5737 11.2496 2.15
    endloop
  endfacet
  facet normal 0 -0 -1
    outer loop
      vertex -52.6231 11.1605 2.15
      vertex -52.2166 11.3118 2.15
      vertex -52.7069 11.0395 2.15
    endloop
  endfacet
  facet normal 0 0 -1
    outer loop
      vertex -52.2166 11.3118 2.15
      vertex -52.6231 11.1605 2.15
      vertex -52.4836 11.2722 2.15
    endloop
  endfacet
  facet normal -0 -0 -1
    outer loop
      vertex -51.6776 11.3118 2.15
      vertex -51.1873 11.0395 2.15
      vertex -51.9471 11.325 2.15
    endloop
  endfacet
  facet normal 0 0 -1
    outer loop
      vertex -51.9471 11.325 2.15
      vertex -52.7069 11.0395 2.15
      vertex -52.2166 11.3118 2.15
    endloop
  endfacet
  facet normal 0 0 -1
    outer loop
      vertex -51.1873 11.0395 2.15
      vertex -51.6776 11.3118 2.15
      vertex -51.2711 11.1605 2.15
    endloop
  endfacet
  facet normal 0 -0 -1
    outer loop
      vertex -52.7069 11.0395 2.15
      vertex -51.9471 11.325 2.15
      vertex -52.8022 10.9272 2.15
    endloop
  endfacet
  facet normal 0 0 -1
    outer loop
      vertex -51.2711 11.1605 2.15
      vertex -51.4106 11.2722 2.15
      vertex -51.3205 11.2496 2.15
    endloop
  endfacet
  facet normal 0 0 -1
    outer loop
      vertex -51.2711 11.1605 2.15
      vertex -51.6776 11.3118 2.15
      vertex -51.4106 11.2722 2.15
    endloop
  endfacet
  facet normal 0 0 -1
    outer loop
      vertex -50.8709 10.7333 2.15
      vertex -53.0233 10.7333 2.15
      vertex -50.9862 10.8248 2.15
    endloop
  endfacet
  facet normal 0 -0 -1
    outer loop
      vertex -52.908 10.8248 2.15
      vertex -50.9862 10.8248 2.15
      vertex -53.0233 10.7333 2.15
    endloop
  endfacet
  facet normal 0 0 -1
    outer loop
      vertex -54.3471 8.575 2.15
      vertex -53.1471 6.49654 2.15
      vertex -53.2781 6.56382 2.15
    endloop
  endfacet
  facet normal 0 0 -1
    outer loop
      vertex -53.1471 6.49654 2.15
      vertex -54.3471 8.575 2.15
      vertex -53.1471 10.6535 2.15
    endloop
  endfacet
  facet normal 0 0 -1
    outer loop
      vertex -54.3543 8.42793 2.15
      vertex -53.2781 6.56382 2.15
      vertex -53.415 6.61793 2.15
    endloop
  endfacet
  facet normal 0 0 -1
    outer loop
      vertex -53.1471 10.6535 2.15
      vertex -54.3471 8.575 2.15
      vertex -53.2781 10.5862 2.15
    endloop
  endfacet
  facet normal 0 0 -1
    outer loop
      vertex -54.3759 8.28228 2.15
      vertex -53.415 6.61793 2.15
      vertex -53.5566 6.65836 2.15
    endloop
  endfacet
  facet normal 0 0 -1
    outer loop
      vertex -54.3543 8.72207 2.15
      vertex -53.2781 10.5862 2.15
      vertex -54.3471 8.575 2.15
    endloop
  endfacet
  facet normal 0 0 -1
    outer loop
      vertex -54.2336 7.04718 2.15
      vertex -53.5566 6.65836 2.15
      vertex -53.7015 6.68472 2.15
    endloop
  endfacet
  facet normal 0 0 -1
    outer loop
      vertex -53.2781 10.5862 2.15
      vertex -54.3543 8.72207 2.15
      vertex -53.415 10.5321 2.15
    endloop
  endfacet
  facet normal 0 0 -1
    outer loop
      vertex -54.0729 6.83042 2.15
      vertex -53.7015 6.68472 2.15
      vertex -53.8482 6.69676 2.15
    endloop
  endfacet
  facet normal 0 0 -1
    outer loop
      vertex -54.3759 8.86772 2.15
      vertex -53.415 10.5321 2.15
      vertex -54.3543 8.72207 2.15
    endloop
  endfacet
  facet normal 0 0 -1
    outer loop
      vertex -54.0729 6.83042 2.15
      vertex -53.8482 6.69676 2.15
      vertex -53.9502 6.69509 2.15
    endloop
  endfacet
  facet normal 0 0 -1
    outer loop
      vertex -53.415 10.5321 2.15
      vertex -54.3759 8.86772 2.15
      vertex -53.5566 10.4916 2.15
    endloop
  endfacet
  facet normal 0 0 -1
    outer loop
      vertex -53.7015 6.68472 2.15
      vertex -54.0729 6.83042 2.15
      vertex -54.2336 7.04718 2.15
    endloop
  endfacet
  facet normal 0 0 -1
    outer loop
      vertex -54.4117 9.01055 2.15
      vertex -53.5566 10.4916 2.15
      vertex -54.3759 8.86772 2.15
    endloop
  endfacet
  facet normal 0 0 -1
    outer loop
      vertex -53.5566 6.65836 2.15
      vertex -54.2336 7.04718 2.15
      vertex -54.3724 7.27866 2.15
    endloop
  endfacet
  facet normal 0 -0 -1
    outer loop
      vertex -54.3724 9.87134 2.15
      vertex -53.5566 10.4916 2.15
      vertex -54.4117 9.01055 2.15
    endloop
  endfacet
  facet normal 0 -0 -1
    outer loop
      vertex -54.2336 10.1028 2.15
      vertex -53.5566 10.4916 2.15
      vertex -54.3724 9.87134 2.15
    endloop
  endfacet
  facet normal 0 0 -1
    outer loop
      vertex -53.2781 6.56382 2.15
      vertex -54.3543 8.42793 2.15
      vertex -54.3471 8.575 2.15
    endloop
  endfacet
  facet normal 0 0 -1
    outer loop
      vertex -53.5566 6.65836 2.15
      vertex -54.3724 7.27866 2.15
      vertex -54.4117 8.13945 2.15
    endloop
  endfacet
  facet normal 0 0 -1
    outer loop
      vertex -53.415 6.61793 2.15
      vertex -54.3759 8.28228 2.15
      vertex -54.3543 8.42793 2.15
    endloop
  endfacet
  facet normal 0 0 -1
    outer loop
      vertex -53.5566 6.65836 2.15
      vertex -54.4117 8.13945 2.15
      vertex -54.3759 8.28228 2.15
    endloop
  endfacet
  facet normal 0 0 -1
    outer loop
      vertex -54.3724 7.27866 2.15
      vertex -54.4613 8.00081 2.15
      vertex -54.4117 8.13945 2.15
    endloop
  endfacet
  facet normal 0 0 -1
    outer loop
      vertex -54.4878 7.52262 2.15
      vertex -54.4613 8.00081 2.15
      vertex -54.3724 7.27866 2.15
    endloop
  endfacet
  facet normal 0 0 -1
    outer loop
      vertex -54.4878 7.52262 2.15
      vertex -54.5243 7.8677 2.15
      vertex -54.4613 8.00081 2.15
    endloop
  endfacet
  facet normal 0 0 -1
    outer loop
      vertex -54.5787 7.77672 2.15
      vertex -54.5243 7.8677 2.15
      vertex -54.4878 7.52262 2.15
    endloop
  endfacet
  facet normal 0 0 -1
    outer loop
      vertex -54.5243 7.8677 2.15
      vertex -54.5787 7.77672 2.15
      vertex -54.5787 7.77686 2.15
    endloop
  endfacet
  facet normal -0 0 -1
    outer loop
      vertex -53.8482 10.4532 2.15
      vertex -54.0729 10.3196 2.15
      vertex -53.9502 10.4549 2.15
    endloop
  endfacet
  facet normal 0 -0 -1
    outer loop
      vertex -54.0729 10.3196 2.15
      vertex -53.7015 10.4653 2.15
      vertex -54.2336 10.1028 2.15
    endloop
  endfacet
  facet normal 0 0 -1
    outer loop
      vertex -53.7015 10.4653 2.15
      vertex -54.0729 10.3196 2.15
      vertex -53.8482 10.4532 2.15
    endloop
  endfacet
  facet normal 0 0 -1
    outer loop
      vertex -53.5566 10.4916 2.15
      vertex -54.2336 10.1028 2.15
      vertex -53.7015 10.4653 2.15
    endloop
  endfacet
  facet normal 0 0 -1
    outer loop
      vertex -54.4613 9.14919 2.15
      vertex -54.3724 9.87134 2.15
      vertex -54.4117 9.01055 2.15
    endloop
  endfacet
  facet normal 0 0 -1
    outer loop
      vertex -54.4613 9.14919 2.15
      vertex -54.4878 9.62738 2.15
      vertex -54.3724 9.87134 2.15
    endloop
  endfacet
  facet normal 0 0 -1
    outer loop
      vertex -54.5243 9.2823 2.15
      vertex -54.4878 9.62738 2.15
      vertex -54.4613 9.14919 2.15
    endloop
  endfacet
  facet normal 0 0 -1
    outer loop
      vertex -54.5243 9.2823 2.15
      vertex -54.5787 9.37328 2.15
      vertex -54.4878 9.62738 2.15
    endloop
  endfacet
  facet normal 0 0 -1
    outer loop
      vertex -54.5787 9.37328 2.15
      vertex -54.5243 9.2823 2.15
      vertex -54.5787 9.37314 2.15
    endloop
  endfacet
  facet normal 0.0490688 0.998795 -0
    outer loop
      vertex -51.9471 5.825 0
      vertex -52.2166 5.83824 2.15
      vertex -51.9471 5.825 2.15
    endloop
  endfacet
  facet normal 0.0490688 0.998795 0
    outer loop
      vertex -52.2166 5.83824 2.15
      vertex -51.9471 5.825 0
      vertex -52.2166 5.83824 0
    endloop
  endfacet
  facet normal -0.740831 0.671691 0
    outer loop
      vertex -49.944 6.69509 0
      vertex -49.8213 6.83042 2.15
      vertex -49.8213 6.83042 0
    endloop
  endfacet
  facet normal -0.740831 0.671691 0
    outer loop
      vertex -49.8213 6.83042 2.15
      vertex -49.944 6.69509 0
      vertex -49.944 6.69509 2.15
    endloop
  endfacet
  facet normal -0.857926 0.513773 0
    outer loop
      vertex 54.5243 9.2823 0
      vertex 54.5787 9.37314 2.15
      vertex 54.5787 9.37314 0
    endloop
  endfacet
  facet normal -0.857926 0.513773 0
    outer loop
      vertex 54.5787 9.37314 2.15
      vertex 54.5243 9.2823 0
      vertex 54.5243 9.2823 2.15
    endloop
  endfacet
  facet normal -0.998804 -0.0488977 0
    outer loop
      vertex 54.3543 8.42793 0
      vertex 54.3471 8.575 2.15
      vertex 54.3471 8.575 0
    endloop
  endfacet
  facet normal -0.998804 -0.0488977 0
    outer loop
      vertex 54.3471 8.575 2.15
      vertex 54.3543 8.42793 0
      vertex 54.3543 8.42793 2.15
    endloop
  endfacet
  facet normal -0.969995 0.243127 0
    outer loop
      vertex 54.3759 8.86772 0
      vertex 54.4117 9.01055 2.15
      vertex 54.4117 9.01055 0
    endloop
  endfacet
  facet normal -0.969995 0.243127 0
    outer loop
      vertex 54.4117 9.01055 2.15
      vertex 54.3759 8.86772 0
      vertex 54.3759 8.86772 2.15
    endloop
  endfacet
  facet normal -0.969995 -0.243127 0
    outer loop
      vertex 54.4117 8.13945 0
      vertex 54.3759 8.28228 2.15
      vertex 54.3759 8.28228 0
    endloop
  endfacet
  facet normal -0.969995 -0.243127 0
    outer loop
      vertex 54.3759 8.28228 2.15
      vertex 54.4117 8.13945 0
      vertex 54.4117 8.13945 2.15
    endloop
  endfacet
  facet normal -0.941557 -0.336853 0
    outer loop
      vertex 54.4613 8.00081 0
      vertex 54.4117 8.13945 2.15
      vertex 54.4117 8.13945 0
    endloop
  endfacet
  facet normal -0.941557 -0.336853 0
    outer loop
      vertex 54.4117 8.13945 2.15
      vertex 54.4613 8.00081 0
      vertex 54.4613 8.00081 2.15
    endloop
  endfacet
  facet normal -0.903875 -0.427797 0
    outer loop
      vertex 54.5243 7.8677 0
      vertex 54.4613 8.00081 2.15
      vertex 54.4613 8.00081 0
    endloop
  endfacet
  facet normal -0.903875 -0.427797 0
    outer loop
      vertex 54.4613 8.00081 2.15
      vertex 54.5243 7.8677 0
      vertex 54.5243 7.8677 2.15
    endloop
  endfacet
  facet normal -0.989182 0.146696 0
    outer loop
      vertex 54.3543 8.72207 0
      vertex 54.3759 8.86772 2.15
      vertex 54.3759 8.86772 0
    endloop
  endfacet
  facet normal -0.989182 0.146696 0
    outer loop
      vertex 54.3759 8.86772 2.15
      vertex 54.3543 8.72207 0
      vertex 54.3543 8.72207 2.15
    endloop
  endfacet
  facet normal -0.857926 -0.513773 0
    outer loop
      vertex 54.5787 7.77686 0
      vertex 54.5243 7.8677 2.15
      vertex 54.5243 7.8677 0
    endloop
  endfacet
  facet normal -0.857926 -0.513773 0
    outer loop
      vertex 54.5243 7.8677 2.15
      vertex 54.5787 7.77686 0
      vertex 54.5787 7.77686 2.15
    endloop
  endfacet
  facet normal -0.941557 0.336853 0
    outer loop
      vertex 54.4117 9.01055 0
      vertex 54.4613 9.14919 2.15
      vertex 54.4613 9.14919 0
    endloop
  endfacet
  facet normal -0.941557 0.336853 0
    outer loop
      vertex 54.4613 9.14919 2.15
      vertex 54.4117 9.01055 0
      vertex 54.4117 9.01055 2.15
    endloop
  endfacet
  facet normal -0.989182 -0.146696 0
    outer loop
      vertex 54.3759 8.28228 0
      vertex 54.3543 8.42793 2.15
      vertex 54.3543 8.42793 0
    endloop
  endfacet
  facet normal -0.989182 -0.146696 0
    outer loop
      vertex 54.3543 8.42793 2.15
      vertex 54.3759 8.28228 0
      vertex 54.3759 8.28228 2.15
    endloop
  endfacet
  facet normal -0.903875 0.427797 0
    outer loop
      vertex 54.4613 9.14919 0
      vertex 54.5243 9.2823 2.15
      vertex 54.5243 9.2823 0
    endloop
  endfacet
  facet normal -0.903875 0.427797 0
    outer loop
      vertex 54.5243 9.2823 2.15
      vertex 54.4613 9.14919 0
      vertex 54.4613 9.14919 2.15
    endloop
  endfacet
  facet normal -0.998804 0.0488977 0
    outer loop
      vertex 54.3471 8.575 0
      vertex 54.3543 8.72207 2.15
      vertex 54.3543 8.72207 0
    endloop
  endfacet
  facet normal -0.998804 0.0488977 0
    outer loop
      vertex 54.3543 8.72207 2.15
      vertex 54.3471 8.575 0
      vertex 54.3471 8.575 2.15
    endloop
  endfacet
  facet normal -0.874574 -0.484893 0
    outer loop
      vertex 52.6231 11.1605 0
      vertex 52.5737 11.2496 2.15
      vertex 52.5737 11.2496 0
    endloop
  endfacet
  facet normal -0.874574 -0.484893 0
    outer loop
      vertex 52.5737 11.2496 2.15
      vertex 52.6231 11.1605 0
      vertex 52.6231 11.1605 2.15
    endloop
  endfacet
  facet normal -0.178587 -0.983924 0
    outer loop
      vertex 53.5566 10.4916 0
      vertex 53.7015 10.4653 2.15
      vertex 53.5566 10.4916 2.15
    endloop
  endfacet
  facet normal -0.178587 -0.983924 -0
    outer loop
      vertex 53.7015 10.4653 2.15
      vertex 53.5566 10.4916 0
      vertex 53.7015 10.4653 0
    endloop
  endfacet
  facet normal -0.822094 -0.569351 0
    outer loop
      vertex 52.7069 11.0395 0
      vertex 52.6231 11.1605 2.15
      vertex 52.6231 11.1605 0
    endloop
  endfacet
  facet normal -0.822094 -0.569351 0
    outer loop
      vertex 52.6231 11.1605 2.15
      vertex 52.7069 11.0395 0
      vertex 52.7069 11.0395 2.15
    endloop
  endfacet
  facet normal -0.541787 -0.840516 0
    outer loop
      vertex 53.0233 10.7333 0
      vertex 53.1471 10.6535 2.15
      vertex 53.0233 10.7333 2.15
    endloop
  endfacet
  facet normal -0.541787 -0.840516 -0
    outer loop
      vertex 53.1471 10.6535 2.15
      vertex 53.0233 10.7333 0
      vertex 53.1471 10.6535 0
    endloop
  endfacet
  facet normal -0.695467 -0.718558 0
    outer loop
      vertex 52.8022 10.9272 0
      vertex 52.908 10.8248 2.15
      vertex 52.8022 10.9272 2.15
    endloop
  endfacet
  facet normal -0.695467 -0.718558 -0
    outer loop
      vertex 52.908 10.8248 2.15
      vertex 52.8022 10.9272 0
      vertex 52.908 10.8248 0
    endloop
  endfacet
  facet normal -0.456964 -0.889485 0
    outer loop
      vertex 53.1471 10.6535 0
      vertex 53.2781 10.5862 2.15
      vertex 53.1471 10.6535 2.15
    endloop
  endfacet
  facet normal -0.456964 -0.889485 -0
    outer loop
      vertex 53.2781 10.5862 2.15
      vertex 53.1471 10.6535 0
      vertex 53.2781 10.5862 0
    endloop
  endfacet
  facet normal -0.367522 -0.930015 0
    outer loop
      vertex 53.2781 10.5862 0
      vertex 53.415 10.5321 2.15
      vertex 53.2781 10.5862 2.15
    endloop
  endfacet
  facet normal -0.367522 -0.930015 -0
    outer loop
      vertex 53.415 10.5321 2.15
      vertex 53.2781 10.5862 0
      vertex 53.415 10.5321 0
    endloop
  endfacet
  facet normal -0.0822021 -0.996616 0
    outer loop
      vertex 53.7015 10.4653 0
      vertex 53.8482 10.4532 2.15
      vertex 53.7015 10.4653 2.15
    endloop
  endfacet
  facet normal -0.0822021 -0.996616 -0
    outer loop
      vertex 53.8482 10.4532 2.15
      vertex 53.7015 10.4653 0
      vertex 53.8482 10.4532 0
    endloop
  endfacet
  facet normal -0.27499 -0.961447 0
    outer loop
      vertex 53.415 10.5321 0
      vertex 53.5566 10.4916 2.15
      vertex 53.415 10.5321 2.15
    endloop
  endfacet
  facet normal -0.27499 -0.961447 -0
    outer loop
      vertex 53.5566 10.4916 2.15
      vertex 53.415 10.5321 0
      vertex 53.5566 10.4916 0
    endloop
  endfacet
  facet normal 0.0166644 -0.999861 0
    outer loop
      vertex 53.8482 10.4532 0
      vertex 53.9502 10.4549 2.15
      vertex 53.8482 10.4532 2.15
    endloop
  endfacet
  facet normal 0.0166644 -0.999861 0
    outer loop
      vertex 53.9502 10.4549 2.15
      vertex 53.8482 10.4532 0
      vertex 53.9502 10.4549 0
    endloop
  endfacet
  facet normal -0.762458 -0.647037 0
    outer loop
      vertex 52.8022 10.9272 0
      vertex 52.7069 11.0395 2.15
      vertex 52.7069 11.0395 0
    endloop
  endfacet
  facet normal -0.762458 -0.647037 0
    outer loop
      vertex 52.7069 11.0395 2.15
      vertex 52.8022 10.9272 0
      vertex 52.8022 10.9272 2.15
    endloop
  endfacet
  facet normal -0.621625 -0.783315 0
    outer loop
      vertex 52.908 10.8248 0
      vertex 53.0233 10.7333 2.15
      vertex 52.908 10.8248 2.15
    endloop
  endfacet
  facet normal -0.621625 -0.783315 -0
    outer loop
      vertex 53.0233 10.7333 2.15
      vertex 52.908 10.8248 0
      vertex 53.0233 10.7333 0
    endloop
  endfacet
  facet normal 0.822094 -0.569351 0
    outer loop
      vertex 51.1873 11.0395 2.15
      vertex 51.2711 11.1605 0
      vertex 51.2711 11.1605 2.15
    endloop
  endfacet
  facet normal 0.822094 -0.569351 0
    outer loop
      vertex 51.2711 11.1605 0
      vertex 51.1873 11.0395 2.15
      vertex 51.1873 11.0395 0
    endloop
  endfacet
  facet normal 0.541787 -0.840516 0
    outer loop
      vertex 50.7471 10.6535 0
      vertex 50.8709 10.7333 2.15
      vertex 50.7471 10.6535 2.15
    endloop
  endfacet
  facet normal 0.541787 -0.840516 0
    outer loop
      vertex 50.8709 10.7333 2.15
      vertex 50.7471 10.6535 0
      vertex 50.8709 10.7333 0
    endloop
  endfacet
  facet normal 0.695467 -0.718558 0
    outer loop
      vertex 50.9862 10.8248 0
      vertex 51.092 10.9272 2.15
      vertex 50.9862 10.8248 2.15
    endloop
  endfacet
  facet normal 0.695467 -0.718558 0
    outer loop
      vertex 51.092 10.9272 2.15
      vertex 50.9862 10.8248 0
      vertex 51.092 10.9272 0
    endloop
  endfacet
  facet normal 0.367522 -0.930015 0
    outer loop
      vertex 50.4792 10.5321 0
      vertex 50.6161 10.5862 2.15
      vertex 50.4792 10.5321 2.15
    endloop
  endfacet
  facet normal 0.367522 -0.930015 0
    outer loop
      vertex 50.6161 10.5862 2.15
      vertex 50.4792 10.5321 0
      vertex 50.6161 10.5862 0
    endloop
  endfacet
  facet normal 0.762458 -0.647037 0
    outer loop
      vertex 51.092 10.9272 2.15
      vertex 51.1873 11.0395 0
      vertex 51.1873 11.0395 2.15
    endloop
  endfacet
  facet normal 0.762458 -0.647037 0
    outer loop
      vertex 51.1873 11.0395 0
      vertex 51.092 10.9272 2.15
      vertex 51.092 10.9272 0
    endloop
  endfacet
  facet normal 0.874574 -0.484893 0
    outer loop
      vertex 51.2711 11.1605 2.15
      vertex 51.3205 11.2496 0
      vertex 51.3205 11.2496 2.15
    endloop
  endfacet
  facet normal 0.874574 -0.484893 0
    outer loop
      vertex 51.3205 11.2496 0
      vertex 51.2711 11.1605 2.15
      vertex 51.2711 11.1605 0
    endloop
  endfacet
  facet normal 0.178587 -0.983924 0
    outer loop
      vertex 50.1927 10.4653 0
      vertex 50.3376 10.4916 2.15
      vertex 50.1927 10.4653 2.15
    endloop
  endfacet
  facet normal 0.178587 -0.983924 0
    outer loop
      vertex 50.3376 10.4916 2.15
      vertex 50.1927 10.4653 0
      vertex 50.3376 10.4916 0
    endloop
  endfacet
  facet normal 0.27499 -0.961447 0
    outer loop
      vertex 50.3376 10.4916 0
      vertex 50.4792 10.5321 2.15
      vertex 50.3376 10.4916 2.15
    endloop
  endfacet
  facet normal 0.27499 -0.961447 0
    outer loop
      vertex 50.4792 10.5321 2.15
      vertex 50.3376 10.4916 0
      vertex 50.4792 10.5321 0
    endloop
  endfacet
  facet normal 0.621625 -0.783315 0
    outer loop
      vertex 50.8709 10.7333 0
      vertex 50.9862 10.8248 2.15
      vertex 50.8709 10.7333 2.15
    endloop
  endfacet
  facet normal 0.621625 -0.783315 0
    outer loop
      vertex 50.9862 10.8248 2.15
      vertex 50.8709 10.7333 0
      vertex 50.9862 10.8248 0
    endloop
  endfacet
  facet normal 0.0822021 -0.996616 0
    outer loop
      vertex 50.046 10.4532 0
      vertex 50.1927 10.4653 2.15
      vertex 50.046 10.4532 2.15
    endloop
  endfacet
  facet normal 0.0822021 -0.996616 0
    outer loop
      vertex 50.1927 10.4653 2.15
      vertex 50.046 10.4532 0
      vertex 50.1927 10.4653 0
    endloop
  endfacet
  facet normal 0.456964 -0.889485 0
    outer loop
      vertex 50.6161 10.5862 0
      vertex 50.7471 10.6535 2.15
      vertex 50.6161 10.5862 2.15
    endloop
  endfacet
  facet normal 0.456964 -0.889485 0
    outer loop
      vertex 50.7471 10.6535 2.15
      vertex 50.6161 10.5862 0
      vertex 50.7471 10.6535 0
    endloop
  endfacet
  facet normal -0.0166644 -0.999861 0
    outer loop
      vertex 49.944 10.4549 0
      vertex 50.046 10.4532 2.15
      vertex 49.944 10.4549 2.15
    endloop
  endfacet
  facet normal -0.0166644 -0.999861 -0
    outer loop
      vertex 50.046 10.4532 2.15
      vertex 49.944 10.4549 0
      vertex 50.046 10.4532 0
    endloop
  endfacet
  facet normal 0.941557 0.336853 0
    outer loop
      vertex 49.4825 9.01055 2.15
      vertex 49.4329 9.14919 0
      vertex 49.4329 9.14919 2.15
    endloop
  endfacet
  facet normal 0.941557 0.336853 0
    outer loop
      vertex 49.4329 9.14919 0
      vertex 49.4825 9.01055 2.15
      vertex 49.4825 9.01055 0
    endloop
  endfacet
  facet normal 0.989182 -0.146696 0
    outer loop
      vertex 49.5183 8.28228 2.15
      vertex 49.5399 8.42793 0
      vertex 49.5399 8.42793 2.15
    endloop
  endfacet
  facet normal 0.989182 -0.146696 0
    outer loop
      vertex 49.5399 8.42793 0
      vertex 49.5183 8.28228 2.15
      vertex 49.5183 8.28228 0
    endloop
  endfacet
  facet normal 0.969995 -0.243127 0
    outer loop
      vertex 49.4825 8.13945 2.15
      vertex 49.5183 8.28228 0
      vertex 49.5183 8.28228 2.15
    endloop
  endfacet
  facet normal 0.969995 -0.243127 0
    outer loop
      vertex 49.5183 8.28228 0
      vertex 49.4825 8.13945 2.15
      vertex 49.4825 8.13945 0
    endloop
  endfacet
  facet normal 0.969995 0.243127 0
    outer loop
      vertex 49.5183 8.86772 2.15
      vertex 49.4825 9.01055 0
      vertex 49.4825 9.01055 2.15
    endloop
  endfacet
  facet normal 0.969995 0.243127 0
    outer loop
      vertex 49.4825 9.01055 0
      vertex 49.5183 8.86772 2.15
      vertex 49.5183 8.86772 0
    endloop
  endfacet
  facet normal 0.941557 -0.336853 0
    outer loop
      vertex 49.4329 8.00081 2.15
      vertex 49.4825 8.13945 0
      vertex 49.4825 8.13945 2.15
    endloop
  endfacet
  facet normal 0.941557 -0.336853 0
    outer loop
      vertex 49.4825 8.13945 0
      vertex 49.4329 8.00081 2.15
      vertex 49.4329 8.00081 0
    endloop
  endfacet
  facet normal 0.857926 -0.513773 0
    outer loop
      vertex 49.3155 7.77686 2.15
      vertex 49.3699 7.8677 0
      vertex 49.3699 7.8677 2.15
    endloop
  endfacet
  facet normal 0.857926 -0.513773 0
    outer loop
      vertex 49.3699 7.8677 0
      vertex 49.3155 7.77686 2.15
      vertex 49.3155 7.77686 0
    endloop
  endfacet
  facet normal 0.903875 0.427797 0
    outer loop
      vertex 49.4329 9.14919 2.15
      vertex 49.3699 9.2823 0
      vertex 49.3699 9.2823 2.15
    endloop
  endfacet
  facet normal 0.903875 0.427797 0
    outer loop
      vertex 49.3699 9.2823 0
      vertex 49.4329 9.14919 2.15
      vertex 49.4329 9.14919 0
    endloop
  endfacet
  facet normal 0.857926 0.513773 0
    outer loop
      vertex 49.3699 9.2823 2.15
      vertex 49.3155 9.37314 0
      vertex 49.3155 9.37314 2.15
    endloop
  endfacet
  facet normal 0.857926 0.513773 0
    outer loop
      vertex 49.3155 9.37314 0
      vertex 49.3699 9.2823 2.15
      vertex 49.3699 9.2823 0
    endloop
  endfacet
  facet normal 0.989182 0.146696 0
    outer loop
      vertex 49.5399 8.72207 2.15
      vertex 49.5183 8.86772 0
      vertex 49.5183 8.86772 2.15
    endloop
  endfacet
  facet normal 0.989182 0.146696 0
    outer loop
      vertex 49.5183 8.86772 0
      vertex 49.5399 8.72207 2.15
      vertex 49.5399 8.72207 0
    endloop
  endfacet
  facet normal 0.998804 0.0488977 0
    outer loop
      vertex 49.5471 8.575 2.15
      vertex 49.5399 8.72207 0
      vertex 49.5399 8.72207 2.15
    endloop
  endfacet
  facet normal 0.998804 0.0488977 0
    outer loop
      vertex 49.5399 8.72207 0
      vertex 49.5471 8.575 2.15
      vertex 49.5471 8.575 0
    endloop
  endfacet
  facet normal 0.903875 -0.427797 0
    outer loop
      vertex 49.3699 7.8677 2.15
      vertex 49.4329 8.00081 0
      vertex 49.4329 8.00081 2.15
    endloop
  endfacet
  facet normal 0.903875 -0.427797 0
    outer loop
      vertex 49.4329 8.00081 0
      vertex 49.3699 7.8677 2.15
      vertex 49.3699 7.8677 0
    endloop
  endfacet
  facet normal 0.998804 -0.0488977 0
    outer loop
      vertex 49.5399 8.42793 2.15
      vertex 49.5471 8.575 0
      vertex 49.5471 8.575 2.15
    endloop
  endfacet
  facet normal 0.998804 -0.0488977 0
    outer loop
      vertex 49.5471 8.575 0
      vertex 49.5399 8.42793 2.15
      vertex 49.5399 8.42793 0
    endloop
  endfacet
  facet normal 0.874481 0.485059 0
    outer loop
      vertex 51.3205 5.9004 2.15
      vertex 51.2711 5.98946 0
      vertex 51.2711 5.98946 2.15
    endloop
  endfacet
  facet normal 0.874481 0.485059 0
    outer loop
      vertex 51.2711 5.98946 0
      vertex 51.3205 5.9004 2.15
      vertex 51.3205 5.9004 0
    endloop
  endfacet
  facet normal 0.621791 0.783183 -0
    outer loop
      vertex 50.9862 6.32521 0
      vertex 50.8709 6.41675 2.15
      vertex 50.9862 6.32521 2.15
    endloop
  endfacet
  facet normal 0.621791 0.783183 0
    outer loop
      vertex 50.8709 6.41675 2.15
      vertex 50.9862 6.32521 0
      vertex 50.8709 6.41675 0
    endloop
  endfacet
  facet normal 0.822248 0.569129 0
    outer loop
      vertex 51.2711 5.98946 2.15
      vertex 51.1873 6.11053 0
      vertex 51.1873 6.11053 2.15
    endloop
  endfacet
  facet normal 0.822248 0.569129 0
    outer loop
      vertex 51.1873 6.11053 0
      vertex 51.2711 5.98946 2.15
      vertex 51.2711 5.98946 0
    endloop
  endfacet
  facet normal 0.541739 0.840547 -0
    outer loop
      vertex 50.8709 6.41675 0
      vertex 50.7471 6.49654 2.15
      vertex 50.8709 6.41675 2.15
    endloop
  endfacet
  facet normal 0.541739 0.840547 0
    outer loop
      vertex 50.7471 6.49654 2.15
      vertex 50.8709 6.41675 0
      vertex 50.7471 6.49654 0
    endloop
  endfacet
  facet normal 0.695467 0.718558 -0
    outer loop
      vertex 51.092 6.22281 0
      vertex 50.9862 6.32521 2.15
      vertex 51.092 6.22281 2.15
    endloop
  endfacet
  facet normal 0.695467 0.718558 0
    outer loop
      vertex 50.9862 6.32521 2.15
      vertex 51.092 6.22281 0
      vertex 50.9862 6.32521 0
    endloop
  endfacet
  facet normal 0.456857 0.88954 -0
    outer loop
      vertex 50.7471 6.49654 0
      vertex 50.6161 6.56382 2.15
      vertex 50.7471 6.49654 2.15
    endloop
  endfacet
  facet normal 0.456857 0.88954 0
    outer loop
      vertex 50.6161 6.56382 2.15
      vertex 50.7471 6.49654 0
      vertex 50.6161 6.56382 0
    endloop
  endfacet
  facet normal 0.274551 0.961573 -0
    outer loop
      vertex 50.4792 6.61793 0
      vertex 50.3376 6.65836 2.15
      vertex 50.4792 6.61793 2.15
    endloop
  endfacet
  facet normal 0.274551 0.961573 0
    outer loop
      vertex 50.3376 6.65836 2.15
      vertex 50.4792 6.61793 0
      vertex 50.3376 6.65836 0
    endloop
  endfacet
  facet normal 0.367581 0.929992 -0
    outer loop
      vertex 50.6161 6.56382 0
      vertex 50.4792 6.61793 2.15
      vertex 50.6161 6.56382 2.15
    endloop
  endfacet
  facet normal 0.367581 0.929992 0
    outer loop
      vertex 50.4792 6.61793 2.15
      vertex 50.6161 6.56382 0
      vertex 50.4792 6.61793 0
    endloop
  endfacet
  facet normal 0.178981 0.983853 -0
    outer loop
      vertex 50.3376 6.65836 0
      vertex 50.1927 6.68472 2.15
      vertex 50.3376 6.65836 2.15
    endloop
  endfacet
  facet normal 0.178981 0.983853 0
    outer loop
      vertex 50.1927 6.68472 2.15
      vertex 50.3376 6.65836 0
      vertex 50.1927 6.68472 0
    endloop
  endfacet
  facet normal -0.0163704 0.999866 0
    outer loop
      vertex 50.046 6.69676 0
      vertex 49.944 6.69509 2.15
      vertex 50.046 6.69676 2.15
    endloop
  endfacet
  facet normal -0.0163704 0.999866 0
    outer loop
      vertex 49.944 6.69509 2.15
      vertex 50.046 6.69676 0
      vertex 49.944 6.69509 0
    endloop
  endfacet
  facet normal 0.762402 0.647104 0
    outer loop
      vertex 51.1873 6.11053 2.15
      vertex 51.092 6.22281 0
      vertex 51.092 6.22281 2.15
    endloop
  endfacet
  facet normal 0.762402 0.647104 0
    outer loop
      vertex 51.092 6.22281 0
      vertex 51.1873 6.11053 2.15
      vertex 51.1873 6.11053 0
    endloop
  endfacet
  facet normal 0.0817972 0.996649 -0
    outer loop
      vertex 50.1927 6.68472 0
      vertex 50.046 6.69676 2.15
      vertex 50.1927 6.68472 2.15
    endloop
  endfacet
  facet normal 0.0817972 0.996649 0
    outer loop
      vertex 50.046 6.69676 2.15
      vertex 50.1927 6.68472 0
      vertex 50.046 6.69676 0
    endloop
  endfacet
  facet normal -0.762402 0.647104 0
    outer loop
      vertex 52.7069 6.11053 0
      vertex 52.8022 6.22281 2.15
      vertex 52.8022 6.22281 0
    endloop
  endfacet
  facet normal -0.762402 0.647104 0
    outer loop
      vertex 52.8022 6.22281 2.15
      vertex 52.7069 6.11053 0
      vertex 52.7069 6.11053 2.15
    endloop
  endfacet
  facet normal -0.695467 0.718558 0
    outer loop
      vertex 52.908 6.32521 0
      vertex 52.8022 6.22281 2.15
      vertex 52.908 6.32521 2.15
    endloop
  endfacet
  facet normal -0.695467 0.718558 0
    outer loop
      vertex 52.8022 6.22281 2.15
      vertex 52.908 6.32521 0
      vertex 52.8022 6.22281 0
    endloop
  endfacet
  facet normal -0.456857 0.88954 0
    outer loop
      vertex 53.2781 6.56382 0
      vertex 53.1471 6.49654 2.15
      vertex 53.2781 6.56382 2.15
    endloop
  endfacet
  facet normal -0.456857 0.88954 0
    outer loop
      vertex 53.1471 6.49654 2.15
      vertex 53.2781 6.56382 0
      vertex 53.1471 6.49654 0
    endloop
  endfacet
  facet normal -0.874481 0.485059 0
    outer loop
      vertex 52.5737 5.9004 0
      vertex 52.6231 5.98946 2.15
      vertex 52.6231 5.98946 0
    endloop
  endfacet
  facet normal -0.874481 0.485059 0
    outer loop
      vertex 52.6231 5.98946 2.15
      vertex 52.5737 5.9004 0
      vertex 52.5737 5.9004 2.15
    endloop
  endfacet
  facet normal -0.178981 0.983853 0
    outer loop
      vertex 53.7015 6.68472 0
      vertex 53.5566 6.65836 2.15
      vertex 53.7015 6.68472 2.15
    endloop
  endfacet
  facet normal -0.178981 0.983853 0
    outer loop
      vertex 53.5566 6.65836 2.15
      vertex 53.7015 6.68472 0
      vertex 53.5566 6.65836 0
    endloop
  endfacet
  facet normal -0.621791 0.783183 0
    outer loop
      vertex 53.0233 6.41675 0
      vertex 52.908 6.32521 2.15
      vertex 53.0233 6.41675 2.15
    endloop
  endfacet
  facet normal -0.621791 0.783183 0
    outer loop
      vertex 52.908 6.32521 2.15
      vertex 53.0233 6.41675 0
      vertex 52.908 6.32521 0
    endloop
  endfacet
  facet normal -0.274551 0.961573 0
    outer loop
      vertex 53.5566 6.65836 0
      vertex 53.415 6.61793 2.15
      vertex 53.5566 6.65836 2.15
    endloop
  endfacet
  facet normal -0.274551 0.961573 0
    outer loop
      vertex 53.415 6.61793 2.15
      vertex 53.5566 6.65836 0
      vertex 53.415 6.61793 0
    endloop
  endfacet
  facet normal -0.541739 0.840547 0
    outer loop
      vertex 53.1471 6.49654 0
      vertex 53.0233 6.41675 2.15
      vertex 53.1471 6.49654 2.15
    endloop
  endfacet
  facet normal -0.541739 0.840547 0
    outer loop
      vertex 53.0233 6.41675 2.15
      vertex 53.1471 6.49654 0
      vertex 53.0233 6.41675 0
    endloop
  endfacet
  facet normal -0.0817972 0.996649 0
    outer loop
      vertex 53.8482 6.69676 0
      vertex 53.7015 6.68472 2.15
      vertex 53.8482 6.69676 2.15
    endloop
  endfacet
  facet normal -0.0817972 0.996649 0
    outer loop
      vertex 53.7015 6.68472 2.15
      vertex 53.8482 6.69676 0
      vertex 53.7015 6.68472 0
    endloop
  endfacet
  facet normal -0.822248 0.569129 0
    outer loop
      vertex 52.6231 5.98946 0
      vertex 52.7069 6.11053 2.15
      vertex 52.7069 6.11053 0
    endloop
  endfacet
  facet normal -0.822248 0.569129 0
    outer loop
      vertex 52.7069 6.11053 2.15
      vertex 52.6231 5.98946 0
      vertex 52.6231 5.98946 2.15
    endloop
  endfacet
  facet normal -0.367581 0.929992 0
    outer loop
      vertex 53.415 6.61793 0
      vertex 53.2781 6.56382 2.15
      vertex 53.415 6.61793 2.15
    endloop
  endfacet
  facet normal -0.367581 0.929992 0
    outer loop
      vertex 53.2781 6.56382 2.15
      vertex 53.415 6.61793 0
      vertex 53.2781 6.56382 0
    endloop
  endfacet
  facet normal 0.0163704 0.999866 -0
    outer loop
      vertex 53.9502 6.69509 0
      vertex 53.8482 6.69676 2.15
      vertex 53.9502 6.69509 2.15
    endloop
  endfacet
  facet normal 0.0163704 0.999866 0
    outer loop
      vertex 53.8482 6.69676 2.15
      vertex 53.9502 6.69509 0
      vertex 53.8482 6.69676 0
    endloop
  endfacet
  facet normal -1 0 0
    outer loop
      vertex 54.5787 9.37314 0
      vertex 54.5787 9.37328 2.15
      vertex 54.5787 9.37328 0
    endloop
  endfacet
  facet normal -1 -0 0
    outer loop
      vertex 54.5787 9.37328 2.15
      vertex 54.5787 9.37314 0
      vertex 54.5787 9.37314 2.15
    endloop
  endfacet
  facet normal 0.0489209 -0.998803 0
    outer loop
      vertex 51.6776 11.3118 0
      vertex 51.9471 11.325 2.15
      vertex 51.6776 11.3118 2.15
    endloop
  endfacet
  facet normal 0.0489209 -0.998803 0
    outer loop
      vertex 51.9471 11.325 2.15
      vertex 51.6776 11.3118 0
      vertex 51.9471 11.325 0
    endloop
  endfacet
  facet normal -0.740757 -0.671773 0
    outer loop
      vertex 54.0729 10.3196 0
      vertex 53.9502 10.4549 2.15
      vertex 53.9502 10.4549 0
    endloop
  endfacet
  facet normal -0.740757 -0.671773 0
    outer loop
      vertex 53.9502 10.4549 2.15
      vertex 54.0729 10.3196 0
      vertex 54.0729 10.3196 2.15
    endloop
  endfacet
  facet normal 0.14671 0.98918 -0
    outer loop
      vertex 51.6776 5.83824 0
      vertex 51.4106 5.87784 2.15
      vertex 51.6776 5.83824 2.15
    endloop
  endfacet
  facet normal 0.14671 0.98918 0
    outer loop
      vertex 51.4106 5.87784 2.15
      vertex 51.6776 5.83824 0
      vertex 51.4106 5.87784 0
    endloop
  endfacet
  facet normal 0.14671 -0.98918 0
    outer loop
      vertex 51.4106 11.2722 0
      vertex 51.6776 11.3118 2.15
      vertex 51.4106 11.2722 2.15
    endloop
  endfacet
  facet normal 0.14671 -0.98918 0
    outer loop
      vertex 51.6776 11.3118 2.15
      vertex 51.4106 11.2722 0
      vertex 51.6776 11.3118 0
    endloop
  endfacet
  facet normal -0.24289 0.970054 0
    outer loop
      vertex 52.5737 5.9004 0
      vertex 52.4836 5.87784 2.15
      vertex 52.5737 5.9004 2.15
    endloop
  endfacet
  facet normal -0.24289 0.970054 0
    outer loop
      vertex 52.4836 5.87784 2.15
      vertex 52.5737 5.9004 0
      vertex 52.4836 5.87784 0
    endloop
  endfacet
  facet normal 0.903967 -0.427602 0
    outer loop
      vertex 49.4064 9.62738 2.15
      vertex 49.5218 9.87134 0
      vertex 49.5218 9.87134 2.15
    endloop
  endfacet
  facet normal 0.903967 -0.427602 0
    outer loop
      vertex 49.5218 9.87134 0
      vertex 49.4064 9.62738 2.15
      vertex 49.4064 9.62738 0
    endloop
  endfacet
  facet normal 0.903967 0.427602 0
    outer loop
      vertex 49.5218 7.27866 2.15
      vertex 49.4064 7.52262 0
      vertex 49.4064 7.52262 2.15
    endloop
  endfacet
  facet normal 0.903967 0.427602 0
    outer loop
      vertex 49.4064 7.52262 0
      vertex 49.5218 7.27866 2.15
      vertex 49.5218 7.27866 0
    endloop
  endfacet
  facet normal -1 0 0
    outer loop
      vertex 54.5787 7.77672 0
      vertex 54.5787 7.77686 2.15
      vertex 54.5787 7.77686 0
    endloop
  endfacet
  facet normal -1 -0 0
    outer loop
      vertex 54.5787 7.77686 2.15
      vertex 54.5787 7.77672 0
      vertex 54.5787 7.77672 2.15
    endloop
  endfacet
  facet normal 0.941566 0.336829 0
    outer loop
      vertex 49.4064 7.52262 2.15
      vertex 49.3155 7.77672 0
      vertex 49.3155 7.77672 2.15
    endloop
  endfacet
  facet normal 0.941566 0.336829 0
    outer loop
      vertex 49.3155 7.77672 0
      vertex 49.4064 7.52262 2.15
      vertex 49.4064 7.52262 0
    endloop
  endfacet
  facet normal -0.243295 -0.969952 0
    outer loop
      vertex 52.4836 11.2722 0
      vertex 52.5737 11.2496 2.15
      vertex 52.4836 11.2722 2.15
    endloop
  endfacet
  facet normal -0.243295 -0.969952 -0
    outer loop
      vertex 52.5737 11.2496 2.15
      vertex 52.4836 11.2722 0
      vertex 52.5737 11.2496 0
    endloop
  endfacet
  facet normal 0.740757 -0.671773 0
    outer loop
      vertex 49.8213 10.3196 2.15
      vertex 49.944 10.4549 0
      vertex 49.944 10.4549 2.15
    endloop
  endfacet
  facet normal 0.740757 -0.671773 0
    outer loop
      vertex 49.944 10.4549 0
      vertex 49.8213 10.3196 2.15
      vertex 49.8213 10.3196 0
    endloop
  endfacet
  facet normal -0.0490688 0.998795 0
    outer loop
      vertex 52.2166 5.83824 0
      vertex 51.9471 5.825 2.15
      vertex 52.2166 5.83824 2.15
    endloop
  endfacet
  facet normal -0.0490688 0.998795 0
    outer loop
      vertex 51.9471 5.825 2.15
      vertex 52.2166 5.83824 0
      vertex 51.9471 5.825 0
    endloop
  endfacet
  facet normal -0.803367 -0.595485 0
    outer loop
      vertex 54.2336 10.1028 0
      vertex 54.0729 10.3196 2.15
      vertex 54.0729 10.3196 0
    endloop
  endfacet
  facet normal -0.803367 -0.595485 0
    outer loop
      vertex 54.0729 10.3196 2.15
      vertex 54.2336 10.1028 0
      vertex 54.2336 10.1028 2.15
    endloop
  endfacet
  facet normal 1 -0 0
    outer loop
      vertex 49.3155 7.77672 2.15
      vertex 49.3155 7.77686 0
      vertex 49.3155 7.77686 2.15
    endloop
  endfacet
  facet normal 1 0 0
    outer loop
      vertex 49.3155 7.77686 0
      vertex 49.3155 7.77672 2.15
      vertex 49.3155 7.77672 0
    endloop
  endfacet
  facet normal 0.941566 -0.336829 0
    outer loop
      vertex 49.3155 9.37328 2.15
      vertex 49.4064 9.62738 0
      vertex 49.4064 9.62738 2.15
    endloop
  endfacet
  facet normal 0.941566 -0.336829 0
    outer loop
      vertex 49.4064 9.62738 0
      vertex 49.3155 9.37328 2.15
      vertex 49.3155 9.37328 0
    endloop
  endfacet
  facet normal -0.903967 0.427602 0
    outer loop
      vertex 54.3724 7.27866 0
      vertex 54.4878 7.52262 2.15
      vertex 54.4878 7.52262 0
    endloop
  endfacet
  facet normal -0.903967 0.427602 0
    outer loop
      vertex 54.4878 7.52262 2.15
      vertex 54.3724 7.27866 0
      vertex 54.3724 7.27866 2.15
    endloop
  endfacet
  facet normal -0.14671 0.98918 0
    outer loop
      vertex 52.4836 5.87784 0
      vertex 52.2166 5.83824 2.15
      vertex 52.4836 5.87784 2.15
    endloop
  endfacet
  facet normal -0.14671 0.98918 0
    outer loop
      vertex 52.2166 5.83824 2.15
      vertex 52.4836 5.87784 0
      vertex 52.2166 5.83824 0
    endloop
  endfacet
  facet normal -0.941566 -0.336829 0
    outer loop
      vertex 54.5787 9.37328 0
      vertex 54.4878 9.62738 2.15
      vertex 54.4878 9.62738 0
    endloop
  endfacet
  facet normal -0.941566 -0.336829 0
    outer loop
      vertex 54.4878 9.62738 2.15
      vertex 54.5787 9.37328 0
      vertex 54.5787 9.37328 2.15
    endloop
  endfacet
  facet normal -0.803314 0.595555 0
    outer loop
      vertex 54.0729 6.83042 0
      vertex 54.2336 7.04718 2.15
      vertex 54.2336 7.04718 0
    endloop
  endfacet
  facet normal -0.803314 0.595555 0
    outer loop
      vertex 54.2336 7.04718 2.15
      vertex 54.0729 6.83042 0
      vertex 54.0729 6.83042 2.15
    endloop
  endfacet
  facet normal -0.857637 0.514256 0
    outer loop
      vertex 54.2336 7.04718 0
      vertex 54.3724 7.27866 2.15
      vertex 54.3724 7.27866 0
    endloop
  endfacet
  facet normal -0.857637 0.514256 0
    outer loop
      vertex 54.3724 7.27866 2.15
      vertex 54.2336 7.04718 0
      vertex 54.2336 7.04718 2.15
    endloop
  endfacet
  facet normal 0.243295 -0.969952 0
    outer loop
      vertex 51.3205 11.2496 0
      vertex 51.4106 11.2722 2.15
      vertex 51.3205 11.2496 2.15
    endloop
  endfacet
  facet normal 0.243295 -0.969952 0
    outer loop
      vertex 51.4106 11.2722 2.15
      vertex 51.3205 11.2496 0
      vertex 51.4106 11.2722 0
    endloop
  endfacet
  facet normal -0.941566 0.336829 0
    outer loop
      vertex 54.4878 7.52262 0
      vertex 54.5787 7.77672 2.15
      vertex 54.5787 7.77672 0
    endloop
  endfacet
  facet normal -0.941566 0.336829 0
    outer loop
      vertex 54.5787 7.77672 2.15
      vertex 54.4878 7.52262 0
      vertex 54.4878 7.52262 2.15
    endloop
  endfacet
  facet normal -0.0489209 -0.998803 0
    outer loop
      vertex 51.9471 11.325 0
      vertex 52.2166 11.3118 2.15
      vertex 51.9471 11.325 2.15
    endloop
  endfacet
  facet normal -0.0489209 -0.998803 -0
    outer loop
      vertex 52.2166 11.3118 2.15
      vertex 51.9471 11.325 0
      vertex 52.2166 11.3118 0
    endloop
  endfacet
  facet normal -0.903967 -0.427602 0
    outer loop
      vertex 54.4878 9.62738 0
      vertex 54.3724 9.87134 2.15
      vertex 54.3724 9.87134 0
    endloop
  endfacet
  facet normal -0.903967 -0.427602 0
    outer loop
      vertex 54.3724 9.87134 2.15
      vertex 54.4878 9.62738 0
      vertex 54.4878 9.62738 2.15
    endloop
  endfacet
  facet normal -0.14671 -0.98918 0
    outer loop
      vertex 52.2166 11.3118 0
      vertex 52.4836 11.2722 2.15
      vertex 52.2166 11.3118 2.15
    endloop
  endfacet
  facet normal -0.14671 -0.98918 -0
    outer loop
      vertex 52.4836 11.2722 2.15
      vertex 52.2166 11.3118 0
      vertex 52.4836 11.2722 0
    endloop
  endfacet
  facet normal 0.24289 0.970054 -0
    outer loop
      vertex 51.4106 5.87784 0
      vertex 51.3205 5.9004 2.15
      vertex 51.4106 5.87784 2.15
    endloop
  endfacet
  facet normal 0.24289 0.970054 0
    outer loop
      vertex 51.3205 5.9004 2.15
      vertex 51.4106 5.87784 0
      vertex 51.3205 5.9004 0
    endloop
  endfacet
  facet normal 0.857637 0.514256 0
    outer loop
      vertex 49.6606 7.04718 2.15
      vertex 49.5218 7.27866 0
      vertex 49.5218 7.27866 2.15
    endloop
  endfacet
  facet normal 0.857637 0.514256 0
    outer loop
      vertex 49.5218 7.27866 0
      vertex 49.6606 7.04718 2.15
      vertex 49.6606 7.04718 0
    endloop
  endfacet
  facet normal -0.857617 -0.514289 0
    outer loop
      vertex 54.3724 9.87134 0
      vertex 54.2336 10.1028 2.15
      vertex 54.2336 10.1028 0
    endloop
  endfacet
  facet normal -0.857617 -0.514289 0
    outer loop
      vertex 54.2336 10.1028 2.15
      vertex 54.3724 9.87134 0
      vertex 54.3724 9.87134 2.15
    endloop
  endfacet
  facet normal 0.740831 0.671691 0
    outer loop
      vertex 49.944 6.69509 2.15
      vertex 49.8213 6.83042 0
      vertex 49.8213 6.83042 2.15
    endloop
  endfacet
  facet normal 0.740831 0.671691 0
    outer loop
      vertex 49.8213 6.83042 0
      vertex 49.944 6.69509 2.15
      vertex 49.944 6.69509 0
    endloop
  endfacet
  facet normal 1 -0 0
    outer loop
      vertex 49.3155 9.37314 2.15
      vertex 49.3155 9.37328 0
      vertex 49.3155 9.37328 2.15
    endloop
  endfacet
  facet normal 1 0 0
    outer loop
      vertex 49.3155 9.37328 0
      vertex 49.3155 9.37314 2.15
      vertex 49.3155 9.37314 0
    endloop
  endfacet
  facet normal 0.803314 0.595555 0
    outer loop
      vertex 49.8213 6.83042 2.15
      vertex 49.6606 7.04718 0
      vertex 49.6606 7.04718 2.15
    endloop
  endfacet
  facet normal 0.803314 0.595555 0
    outer loop
      vertex 49.6606 7.04718 0
      vertex 49.8213 6.83042 2.15
      vertex 49.8213 6.83042 0
    endloop
  endfacet
  facet normal 0.803367 -0.595485 0
    outer loop
      vertex 49.6606 10.1028 2.15
      vertex 49.8213 10.3196 0
      vertex 49.8213 10.3196 2.15
    endloop
  endfacet
  facet normal 0.803367 -0.595485 0
    outer loop
      vertex 49.8213 10.3196 0
      vertex 49.6606 10.1028 2.15
      vertex 49.6606 10.1028 0
    endloop
  endfacet
  facet normal 0.857617 -0.514289 0
    outer loop
      vertex 49.5218 9.87134 2.15
      vertex 49.6606 10.1028 0
      vertex 49.6606 10.1028 2.15
    endloop
  endfacet
  facet normal 0.857617 -0.514289 0
    outer loop
      vertex 49.6606 10.1028 0
      vertex 49.5218 9.87134 2.15
      vertex 49.5218 9.87134 0
    endloop
  endfacet
  facet normal 0 0 -1
    outer loop
      vertex 54.5787 7.77672 2.15
      vertex 54.5243 7.8677 2.15
      vertex 54.5787 7.77686 2.15
    endloop
  endfacet
  facet normal 0 0 -1
    outer loop
      vertex 54.4878 7.52262 2.15
      vertex 54.5243 7.8677 2.15
      vertex 54.5787 7.77672 2.15
    endloop
  endfacet
  facet normal 0 0 -1
    outer loop
      vertex 54.4878 7.52262 2.15
      vertex 54.4613 8.00081 2.15
      vertex 54.5243 7.8677 2.15
    endloop
  endfacet
  facet normal 0 0 -1
    outer loop
      vertex 54.3724 7.27866 2.15
      vertex 54.4613 8.00081 2.15
      vertex 54.4878 7.52262 2.15
    endloop
  endfacet
  facet normal -0 0 -1
    outer loop
      vertex 54.4613 8.00081 2.15
      vertex 54.3724 7.27866 2.15
      vertex 54.4117 8.13945 2.15
    endloop
  endfacet
  facet normal 0 0 -1
    outer loop
      vertex 53.5566 6.65836 2.15
      vertex 54.4117 8.13945 2.15
      vertex 54.3724 7.27866 2.15
    endloop
  endfacet
  facet normal -0 0 -1
    outer loop
      vertex 54.4117 8.13945 2.15
      vertex 53.5566 6.65836 2.15
      vertex 54.3759 8.28228 2.15
    endloop
  endfacet
  facet normal 0 0 -1
    outer loop
      vertex 53.415 6.61793 2.15
      vertex 54.3759 8.28228 2.15
      vertex 53.5566 6.65836 2.15
    endloop
  endfacet
  facet normal 0 0 -1
    outer loop
      vertex 53.5566 6.65836 2.15
      vertex 54.3724 7.27866 2.15
      vertex 54.2336 7.04718 2.15
    endloop
  endfacet
  facet normal 0 0 -1
    outer loop
      vertex 54.5243 9.2823 2.15
      vertex 54.5787 9.37328 2.15
      vertex 54.5787 9.37314 2.15
    endloop
  endfacet
  facet normal 0 0 -1
    outer loop
      vertex 54.5243 9.2823 2.15
      vertex 54.4878 9.62738 2.15
      vertex 54.5787 9.37328 2.15
    endloop
  endfacet
  facet normal 0 0 -1
    outer loop
      vertex 54.4613 9.14919 2.15
      vertex 54.4878 9.62738 2.15
      vertex 54.5243 9.2823 2.15
    endloop
  endfacet
  facet normal 0 0 -1
    outer loop
      vertex 54.3724 9.87134 2.15
      vertex 54.4613 9.14919 2.15
      vertex 54.4117 9.01055 2.15
    endloop
  endfacet
  facet normal 0 0 -1
    outer loop
      vertex 53.5566 10.4916 2.15
      vertex 54.4117 9.01055 2.15
      vertex 54.3759 8.86772 2.15
    endloop
  endfacet
  facet normal 0 0 -1
    outer loop
      vertex 54.4613 9.14919 2.15
      vertex 54.3724 9.87134 2.15
      vertex 54.4878 9.62738 2.15
    endloop
  endfacet
  facet normal 0 0 -1
    outer loop
      vertex 53.415 10.5321 2.15
      vertex 54.3759 8.86772 2.15
      vertex 54.3543 8.72207 2.15
    endloop
  endfacet
  facet normal 0 0 -1
    outer loop
      vertex 53.2781 10.5862 2.15
      vertex 54.3543 8.72207 2.15
      vertex 54.3471 8.575 2.15
    endloop
  endfacet
  facet normal -0 0 -1
    outer loop
      vertex 54.3759 8.28228 2.15
      vertex 53.415 6.61793 2.15
      vertex 54.3543 8.42793 2.15
    endloop
  endfacet
  facet normal -0 0 -1
    outer loop
      vertex 54.3543 8.42793 2.15
      vertex 53.2781 6.56382 2.15
      vertex 54.3471 8.575 2.15
    endloop
  endfacet
  facet normal 0 0 -1
    outer loop
      vertex 53.7015 6.68472 2.15
      vertex 54.2336 7.04718 2.15
      vertex 54.0729 6.83042 2.15
    endloop
  endfacet
  facet normal 0 0 -1
    outer loop
      vertex 53.2781 6.56382 2.15
      vertex 54.3543 8.42793 2.15
      vertex 53.415 6.61793 2.15
    endloop
  endfacet
  facet normal 0 0 -1
    outer loop
      vertex 53.8482 6.69676 2.15
      vertex 54.0729 6.83042 2.15
      vertex 53.9502 6.69509 2.15
    endloop
  endfacet
  facet normal 0 0 -1
    outer loop
      vertex 53.7015 6.68472 2.15
      vertex 54.0729 6.83042 2.15
      vertex 53.8482 6.69676 2.15
    endloop
  endfacet
  facet normal 0 0 -1
    outer loop
      vertex 54.2336 7.04718 2.15
      vertex 53.7015 6.68472 2.15
      vertex 53.5566 6.65836 2.15
    endloop
  endfacet
  facet normal 0 0 -1
    outer loop
      vertex 54.0729 10.3196 2.15
      vertex 53.8482 10.4532 2.15
      vertex 53.9502 10.4549 2.15
    endloop
  endfacet
  facet normal 0 0 -1
    outer loop
      vertex 54.3759 8.86772 2.15
      vertex 53.415 10.5321 2.15
      vertex 53.5566 10.4916 2.15
    endloop
  endfacet
  facet normal 0 0 -1
    outer loop
      vertex 54.0729 10.3196 2.15
      vertex 53.7015 10.4653 2.15
      vertex 53.8482 10.4532 2.15
    endloop
  endfacet
  facet normal -0 -0 -1
    outer loop
      vertex 53.7015 10.4653 2.15
      vertex 54.2336 10.1028 2.15
      vertex 53.5566 10.4916 2.15
    endloop
  endfacet
  facet normal 0 0 -1
    outer loop
      vertex 54.2336 10.1028 2.15
      vertex 53.7015 10.4653 2.15
      vertex 54.0729 10.3196 2.15
    endloop
  endfacet
  facet normal 0 0 -1
    outer loop
      vertex 54.4117 9.01055 2.15
      vertex 53.5566 10.4916 2.15
      vertex 54.3724 9.87134 2.15
    endloop
  endfacet
  facet normal 0 0 -1
    outer loop
      vertex 54.3724 9.87134 2.15
      vertex 53.5566 10.4916 2.15
      vertex 54.2336 10.1028 2.15
    endloop
  endfacet
  facet normal 0 0 -1
    outer loop
      vertex 53.1471 6.49654 2.15
      vertex 54.3471 8.575 2.15
      vertex 53.2781 6.56382 2.15
    endloop
  endfacet
  facet normal 0 0 -1
    outer loop
      vertex 54.3543 8.72207 2.15
      vertex 53.2781 10.5862 2.15
      vertex 53.415 10.5321 2.15
    endloop
  endfacet
  facet normal 0 0 -1
    outer loop
      vertex 53.1471 10.6535 2.15
      vertex 54.3471 8.575 2.15
      vertex 53.1471 6.49654 2.15
    endloop
  endfacet
  facet normal 0 0 -1
    outer loop
      vertex 54.3471 8.575 2.15
      vertex 53.1471 10.6535 2.15
      vertex 53.2781 10.5862 2.15
    endloop
  endfacet
  facet normal 0 0 -1
    outer loop
      vertex 50.7471 6.49654 2.15
      vertex 53.1471 6.49654 2.15
      vertex 53.0233 6.41675 2.15
    endloop
  endfacet
  facet normal 0 0 -1
    outer loop
      vertex 53.1471 6.49654 2.15
      vertex 50.7471 6.49654 2.15
      vertex 53.1471 10.6535 2.15
    endloop
  endfacet
  facet normal 0 0 -1
    outer loop
      vertex 50.8709 6.41675 2.15
      vertex 53.0233 6.41675 2.15
      vertex 52.908 6.32521 2.15
    endloop
  endfacet
  facet normal 0 0 -1
    outer loop
      vertex 50.7471 10.6535 2.15
      vertex 53.1471 10.6535 2.15
      vertex 50.7471 6.49654 2.15
    endloop
  endfacet
  facet normal 0 0 -1
    outer loop
      vertex 50.9862 6.32521 2.15
      vertex 52.908 6.32521 2.15
      vertex 52.8022 6.22281 2.15
    endloop
  endfacet
  facet normal 0 0 -1
    outer loop
      vertex 53.1471 10.6535 2.15
      vertex 50.7471 10.6535 2.15
      vertex 53.0233 10.7333 2.15
    endloop
  endfacet
  facet normal 0 0 -1
    outer loop
      vertex 51.9471 5.825 2.15
      vertex 52.8022 6.22281 2.15
      vertex 52.7069 6.11053 2.15
    endloop
  endfacet
  facet normal 0 0 -1
    outer loop
      vertex 53.0233 6.41675 2.15
      vertex 50.8709 6.41675 2.15
      vertex 50.7471 6.49654 2.15
    endloop
  endfacet
  facet normal 0 0 -1
    outer loop
      vertex 52.2166 5.83824 2.15
      vertex 52.7069 6.11053 2.15
      vertex 52.6231 5.98946 2.15
    endloop
  endfacet
  facet normal 0 -0 -1
    outer loop
      vertex 50.8709 10.7333 2.15
      vertex 53.0233 10.7333 2.15
      vertex 50.7471 10.6535 2.15
    endloop
  endfacet
  facet normal 0 0 -1
    outer loop
      vertex 52.4836 5.87784 2.15
      vertex 52.6231 5.98946 2.15
      vertex 52.5737 5.9004 2.15
    endloop
  endfacet
  facet normal 0 0 -1
    outer loop
      vertex 52.908 10.8248 2.15
      vertex 50.9862 10.8248 2.15
      vertex 52.8022 10.9272 2.15
    endloop
  endfacet
  facet normal 0 0 -1
    outer loop
      vertex 52.2166 5.83824 2.15
      vertex 52.6231 5.98946 2.15
      vertex 52.4836 5.87784 2.15
    endloop
  endfacet
  facet normal 0 -0 -1
    outer loop
      vertex 51.092 10.9272 2.15
      vertex 52.8022 10.9272 2.15
      vertex 50.9862 10.8248 2.15
    endloop
  endfacet
  facet normal 0 0 -1
    outer loop
      vertex 52.7069 6.11053 2.15
      vertex 52.2166 5.83824 2.15
      vertex 51.9471 5.825 2.15
    endloop
  endfacet
  facet normal 0 -0 -1
    outer loop
      vertex 51.9471 11.325 2.15
      vertex 52.8022 10.9272 2.15
      vertex 51.092 10.9272 2.15
    endloop
  endfacet
  facet normal -0 0 -1
    outer loop
      vertex 52.8022 6.22281 2.15
      vertex 51.9471 5.825 2.15
      vertex 51.092 6.22281 2.15
    endloop
  endfacet
  facet normal 0 0 -1
    outer loop
      vertex 52.908 6.32521 2.15
      vertex 50.9862 6.32521 2.15
      vertex 50.8709 6.41675 2.15
    endloop
  endfacet
  facet normal 0 0 -1
    outer loop
      vertex 51.1873 6.11053 2.15
      vertex 51.9471 5.825 2.15
      vertex 51.6776 5.83824 2.15
    endloop
  endfacet
  facet normal 0 0 -1
    outer loop
      vertex 52.8022 10.9272 2.15
      vertex 51.9471 11.325 2.15
      vertex 52.7069 11.0395 2.15
    endloop
  endfacet
  facet normal 0 0 -1
    outer loop
      vertex 51.2711 5.98946 2.15
      vertex 51.6776 5.83824 2.15
      vertex 51.4106 5.87784 2.15
    endloop
  endfacet
  facet normal 0 0 -1
    outer loop
      vertex 51.9471 5.825 2.15
      vertex 51.1873 6.11053 2.15
      vertex 51.092 6.22281 2.15
    endloop
  endfacet
  facet normal 0 0 -1
    outer loop
      vertex 51.2711 5.98946 2.15
      vertex 51.4106 5.87784 2.15
      vertex 51.3205 5.9004 2.15
    endloop
  endfacet
  facet normal 0 0 -1
    outer loop
      vertex 51.6776 5.83824 2.15
      vertex 51.2711 5.98946 2.15
      vertex 51.1873 6.11053 2.15
    endloop
  endfacet
  facet normal 0 0 -1
    outer loop
      vertex 52.8022 6.22281 2.15
      vertex 51.092 6.22281 2.15
      vertex 50.9862 6.32521 2.15
    endloop
  endfacet
  facet normal 0 0 -1
    outer loop
      vertex 51.4106 11.2722 2.15
      vertex 51.2711 11.1605 2.15
      vertex 51.3205 11.2496 2.15
    endloop
  endfacet
  facet normal 0 -0 -1
    outer loop
      vertex 51.2711 11.1605 2.15
      vertex 51.6776 11.3118 2.15
      vertex 51.1873 11.0395 2.15
    endloop
  endfacet
  facet normal 0 0 -1
    outer loop
      vertex 51.6776 11.3118 2.15
      vertex 51.2711 11.1605 2.15
      vertex 51.4106 11.2722 2.15
    endloop
  endfacet
  facet normal -0 -0 -1
    outer loop
      vertex 52.2166 11.3118 2.15
      vertex 52.7069 11.0395 2.15
      vertex 51.9471 11.325 2.15
    endloop
  endfacet
  facet normal 0 0 -1
    outer loop
      vertex 51.9471 11.325 2.15
      vertex 51.1873 11.0395 2.15
      vertex 51.6776 11.3118 2.15
    endloop
  endfacet
  facet normal 0 0 -1
    outer loop
      vertex 52.7069 11.0395 2.15
      vertex 52.2166 11.3118 2.15
      vertex 52.6231 11.1605 2.15
    endloop
  endfacet
  facet normal 0 -0 -1
    outer loop
      vertex 51.1873 11.0395 2.15
      vertex 51.9471 11.325 2.15
      vertex 51.092 10.9272 2.15
    endloop
  endfacet
  facet normal 0 0 -1
    outer loop
      vertex 52.6231 11.1605 2.15
      vertex 52.4836 11.2722 2.15
      vertex 52.5737 11.2496 2.15
    endloop
  endfacet
  facet normal 0 0 -1
    outer loop
      vertex 52.6231 11.1605 2.15
      vertex 52.2166 11.3118 2.15
      vertex 52.4836 11.2722 2.15
    endloop
  endfacet
  facet normal 0 0 -1
    outer loop
      vertex 53.0233 10.7333 2.15
      vertex 50.8709 10.7333 2.15
      vertex 52.908 10.8248 2.15
    endloop
  endfacet
  facet normal 0 -0 -1
    outer loop
      vertex 50.9862 10.8248 2.15
      vertex 52.908 10.8248 2.15
      vertex 50.8709 10.7333 2.15
    endloop
  endfacet
  facet normal 0 0 -1
    outer loop
      vertex 49.5471 8.575 2.15
      vertex 50.7471 6.49654 2.15
      vertex 50.6161 6.56382 2.15
    endloop
  endfacet
  facet normal 0 0 -1
    outer loop
      vertex 50.7471 6.49654 2.15
      vertex 49.5471 8.575 2.15
      vertex 50.7471 10.6535 2.15
    endloop
  endfacet
  facet normal 0 0 -1
    outer loop
      vertex 49.5399 8.42793 2.15
      vertex 50.6161 6.56382 2.15
      vertex 50.4792 6.61793 2.15
    endloop
  endfacet
  facet normal 0 0 -1
    outer loop
      vertex 50.7471 10.6535 2.15
      vertex 49.5471 8.575 2.15
      vertex 50.6161 10.5862 2.15
    endloop
  endfacet
  facet normal 0 0 -1
    outer loop
      vertex 49.5183 8.28228 2.15
      vertex 50.4792 6.61793 2.15
      vertex 50.3376 6.65836 2.15
    endloop
  endfacet
  facet normal 0 0 -1
    outer loop
      vertex 49.5399 8.72207 2.15
      vertex 50.6161 10.5862 2.15
      vertex 49.5471 8.575 2.15
    endloop
  endfacet
  facet normal 0 0 -1
    outer loop
      vertex 49.6606 7.04718 2.15
      vertex 50.3376 6.65836 2.15
      vertex 50.1927 6.68472 2.15
    endloop
  endfacet
  facet normal 0 0 -1
    outer loop
      vertex 50.6161 10.5862 2.15
      vertex 49.5399 8.72207 2.15
      vertex 50.4792 10.5321 2.15
    endloop
  endfacet
  facet normal 0 0 -1
    outer loop
      vertex 49.8213 6.83042 2.15
      vertex 50.1927 6.68472 2.15
      vertex 50.046 6.69676 2.15
    endloop
  endfacet
  facet normal 0 0 -1
    outer loop
      vertex 49.5183 8.86772 2.15
      vertex 50.4792 10.5321 2.15
      vertex 49.5399 8.72207 2.15
    endloop
  endfacet
  facet normal 0 0 -1
    outer loop
      vertex 49.8213 6.83042 2.15
      vertex 50.046 6.69676 2.15
      vertex 49.944 6.69509 2.15
    endloop
  endfacet
  facet normal 0 0 -1
    outer loop
      vertex 50.4792 10.5321 2.15
      vertex 49.5183 8.86772 2.15
      vertex 50.3376 10.4916 2.15
    endloop
  endfacet
  facet normal 0 0 -1
    outer loop
      vertex 50.1927 6.68472 2.15
      vertex 49.8213 6.83042 2.15
      vertex 49.6606 7.04718 2.15
    endloop
  endfacet
  facet normal 0 0 -1
    outer loop
      vertex 49.4825 9.01055 2.15
      vertex 50.3376 10.4916 2.15
      vertex 49.5183 8.86772 2.15
    endloop
  endfacet
  facet normal 0 0 -1
    outer loop
      vertex 50.3376 6.65836 2.15
      vertex 49.6606 7.04718 2.15
      vertex 49.5218 7.27866 2.15
    endloop
  endfacet
  facet normal 0 -0 -1
    outer loop
      vertex 49.5218 9.87134 2.15
      vertex 50.3376 10.4916 2.15
      vertex 49.4825 9.01055 2.15
    endloop
  endfacet
  facet normal 0 -0 -1
    outer loop
      vertex 49.6606 10.1028 2.15
      vertex 50.3376 10.4916 2.15
      vertex 49.5218 9.87134 2.15
    endloop
  endfacet
  facet normal 0 0 -1
    outer loop
      vertex 50.6161 6.56382 2.15
      vertex 49.5399 8.42793 2.15
      vertex 49.5471 8.575 2.15
    endloop
  endfacet
  facet normal 0 0 -1
    outer loop
      vertex 50.3376 6.65836 2.15
      vertex 49.5218 7.27866 2.15
      vertex 49.4825 8.13945 2.15
    endloop
  endfacet
  facet normal 0 0 -1
    outer loop
      vertex 50.4792 6.61793 2.15
      vertex 49.5183 8.28228 2.15
      vertex 49.5399 8.42793 2.15
    endloop
  endfacet
  facet normal 0 0 -1
    outer loop
      vertex 50.3376 6.65836 2.15
      vertex 49.4825 8.13945 2.15
      vertex 49.5183 8.28228 2.15
    endloop
  endfacet
  facet normal 0 0 -1
    outer loop
      vertex 49.5218 7.27866 2.15
      vertex 49.4329 8.00081 2.15
      vertex 49.4825 8.13945 2.15
    endloop
  endfacet
  facet normal 0 0 -1
    outer loop
      vertex 49.4064 7.52262 2.15
      vertex 49.4329 8.00081 2.15
      vertex 49.5218 7.27866 2.15
    endloop
  endfacet
  facet normal 0 0 -1
    outer loop
      vertex 49.4064 7.52262 2.15
      vertex 49.3699 7.8677 2.15
      vertex 49.4329 8.00081 2.15
    endloop
  endfacet
  facet normal 0 0 -1
    outer loop
      vertex 49.3155 7.77672 2.15
      vertex 49.3699 7.8677 2.15
      vertex 49.4064 7.52262 2.15
    endloop
  endfacet
  facet normal 0 0 -1
    outer loop
      vertex 49.3699 7.8677 2.15
      vertex 49.3155 7.77672 2.15
      vertex 49.3155 7.77686 2.15
    endloop
  endfacet
  facet normal -0 0 -1
    outer loop
      vertex 50.046 10.4532 2.15
      vertex 49.8213 10.3196 2.15
      vertex 49.944 10.4549 2.15
    endloop
  endfacet
  facet normal 0 -0 -1
    outer loop
      vertex 49.8213 10.3196 2.15
      vertex 50.1927 10.4653 2.15
      vertex 49.6606 10.1028 2.15
    endloop
  endfacet
  facet normal 0 0 -1
    outer loop
      vertex 50.1927 10.4653 2.15
      vertex 49.8213 10.3196 2.15
      vertex 50.046 10.4532 2.15
    endloop
  endfacet
  facet normal 0 0 -1
    outer loop
      vertex 50.3376 10.4916 2.15
      vertex 49.6606 10.1028 2.15
      vertex 50.1927 10.4653 2.15
    endloop
  endfacet
  facet normal 0 0 -1
    outer loop
      vertex 49.4329 9.14919 2.15
      vertex 49.5218 9.87134 2.15
      vertex 49.4825 9.01055 2.15
    endloop
  endfacet
  facet normal 0 0 -1
    outer loop
      vertex 49.4329 9.14919 2.15
      vertex 49.4064 9.62738 2.15
      vertex 49.5218 9.87134 2.15
    endloop
  endfacet
  facet normal 0 0 -1
    outer loop
      vertex 49.3699 9.2823 2.15
      vertex 49.4064 9.62738 2.15
      vertex 49.4329 9.14919 2.15
    endloop
  endfacet
  facet normal 0 0 -1
    outer loop
      vertex 49.3699 9.2823 2.15
      vertex 49.3155 9.37328 2.15
      vertex 49.4064 9.62738 2.15
    endloop
  endfacet
  facet normal 0 0 -1
    outer loop
      vertex 49.3155 9.37328 2.15
      vertex 49.3699 9.2823 2.15
      vertex 49.3155 9.37314 2.15
    endloop
  endfacet
  facet normal 0.0490688 0.998795 -0
    outer loop
      vertex 51.9471 5.825 0
      vertex 51.6776 5.83824 2.15
      vertex 51.9471 5.825 2.15
    endloop
  endfacet
  facet normal 0.0490688 0.998795 0
    outer loop
      vertex 51.6776 5.83824 2.15
      vertex 51.9471 5.825 0
      vertex 51.6776 5.83824 0
    endloop
  endfacet
  facet normal -0.740831 0.671691 0
    outer loop
      vertex 53.9502 6.69509 0
      vertex 54.0729 6.83042 2.15
      vertex 54.0729 6.83042 0
    endloop
  endfacet
  facet normal -0.740831 0.671691 0
    outer loop
      vertex 54.0729 6.83042 2.15
      vertex 53.9502 6.69509 0
      vertex 53.9502 6.69509 2.15
    endloop
  endfacet
  facet normal -0.857826 0.51394 0
    outer loop
      vertex -49.3699 54.3073 0
      vertex -49.3155 54.3981 2.15
      vertex -49.3155 54.3981 0
    endloop
  endfacet
  facet normal -0.857826 0.51394 0
    outer loop
      vertex -49.3155 54.3981 2.15
      vertex -49.3699 54.3073 0
      vertex -49.3699 54.3073 2.15
    endloop
  endfacet
  facet normal -0.998804 -0.0488878 0
    outer loop
      vertex -49.5399 53.4529 0
      vertex -49.5471 53.6 2.15
      vertex -49.5471 53.6 0
    endloop
  endfacet
  facet normal -0.998804 -0.0488878 0
    outer loop
      vertex -49.5471 53.6 2.15
      vertex -49.5399 53.4529 0
      vertex -49.5399 53.4529 2.15
    endloop
  endfacet
  facet normal -0.969982 0.243175 0
    outer loop
      vertex -49.5183 53.8927 0
      vertex -49.4825 54.0355 2.15
      vertex -49.4825 54.0355 0
    endloop
  endfacet
  facet normal -0.969982 0.243175 0
    outer loop
      vertex -49.4825 54.0355 2.15
      vertex -49.5183 53.8927 0
      vertex -49.5183 53.8927 2.15
    endloop
  endfacet
  facet normal -0.970023 -0.243015 0
    outer loop
      vertex -49.4825 53.1644 0
      vertex -49.5183 53.3073 2.15
      vertex -49.5183 53.3073 0
    endloop
  endfacet
  facet normal -0.970023 -0.243015 0
    outer loop
      vertex -49.5183 53.3073 2.15
      vertex -49.4825 53.1644 0
      vertex -49.4825 53.1644 2.15
    endloop
  endfacet
  facet normal -0.941527 -0.336939 0
    outer loop
      vertex -49.4329 53.0258 0
      vertex -49.4825 53.1644 2.15
      vertex -49.4825 53.1644 0
    endloop
  endfacet
  facet normal -0.941527 -0.336939 0
    outer loop
      vertex -49.4825 53.1644 2.15
      vertex -49.4329 53.0258 0
      vertex -49.4329 53.0258 2.15
    endloop
  endfacet
  facet normal -0.903862 -0.427824 0
    outer loop
      vertex -49.3699 52.8927 0
      vertex -49.4329 53.0258 2.15
      vertex -49.4329 53.0258 0
    endloop
  endfacet
  facet normal -0.903862 -0.427824 0
    outer loop
      vertex -49.4329 53.0258 2.15
      vertex -49.3699 52.8927 0
      vertex -49.3699 52.8927 2.15
    endloop
  endfacet
  facet normal -0.989174 0.146746 0
    outer loop
      vertex -49.5399 53.7471 0
      vertex -49.5183 53.8927 2.15
      vertex -49.5183 53.8927 0
    endloop
  endfacet
  facet normal -0.989174 0.146746 0
    outer loop
      vertex -49.5183 53.8927 2.15
      vertex -49.5399 53.7471 0
      vertex -49.5399 53.7471 2.15
    endloop
  endfacet
  facet normal -0.857826 -0.51394 0
    outer loop
      vertex -49.3155 52.8019 0
      vertex -49.3699 52.8927 2.15
      vertex -49.3699 52.8927 0
    endloop
  endfacet
  facet normal -0.857826 -0.51394 0
    outer loop
      vertex -49.3699 52.8927 2.15
      vertex -49.3155 52.8019 0
      vertex -49.3155 52.8019 2.15
    endloop
  endfacet
  facet normal -0.941604 0.336723 0
    outer loop
      vertex -49.4825 54.0355 0
      vertex -49.4329 54.1742 2.15
      vertex -49.4329 54.1742 0
    endloop
  endfacet
  facet normal -0.941604 0.336723 0
    outer loop
      vertex -49.4329 54.1742 2.15
      vertex -49.4825 54.0355 0
      vertex -49.4825 54.0355 2.15
    endloop
  endfacet
  facet normal -0.989174 -0.146746 0
    outer loop
      vertex -49.5183 53.3073 0
      vertex -49.5399 53.4529 2.15
      vertex -49.5399 53.4529 0
    endloop
  endfacet
  facet normal -0.989174 -0.146746 0
    outer loop
      vertex -49.5399 53.4529 2.15
      vertex -49.5183 53.3073 0
      vertex -49.5183 53.3073 2.15
    endloop
  endfacet
  facet normal -0.903862 0.427824 0
    outer loop
      vertex -49.4329 54.1742 0
      vertex -49.3699 54.3073 2.15
      vertex -49.3699 54.3073 0
    endloop
  endfacet
  facet normal -0.903862 0.427824 0
    outer loop
      vertex -49.3699 54.3073 2.15
      vertex -49.4329 54.1742 0
      vertex -49.4329 54.1742 2.15
    endloop
  endfacet
  facet normal -0.998804 0.0488878 0
    outer loop
      vertex -49.5471 53.6 0
      vertex -49.5399 53.7471 2.15
      vertex -49.5399 53.7471 0
    endloop
  endfacet
  facet normal -0.998804 0.0488878 0
    outer loop
      vertex -49.5399 53.7471 2.15
      vertex -49.5471 53.6 0
      vertex -49.5471 53.6 2.15
    endloop
  endfacet
  facet normal -0.874574 -0.484893 0
    outer loop
      vertex -51.2711 56.1855 0
      vertex -51.3205 56.2746 2.15
      vertex -51.3205 56.2746 0
    endloop
  endfacet
  facet normal -0.874574 -0.484893 0
    outer loop
      vertex -51.3205 56.2746 2.15
      vertex -51.2711 56.1855 0
      vertex -51.2711 56.1855 2.15
    endloop
  endfacet
  facet normal -0.178587 -0.983924 0
    outer loop
      vertex -50.3376 55.5166 0
      vertex -50.1927 55.4903 2.15
      vertex -50.3376 55.5166 2.15
    endloop
  endfacet
  facet normal -0.178587 -0.983924 -0
    outer loop
      vertex -50.1927 55.4903 2.15
      vertex -50.3376 55.5166 0
      vertex -50.1927 55.4903 0
    endloop
  endfacet
  facet normal -0.822094 -0.569351 0
    outer loop
      vertex -51.1873 56.0645 0
      vertex -51.2711 56.1855 2.15
      vertex -51.2711 56.1855 0
    endloop
  endfacet
  facet normal -0.822094 -0.569351 0
    outer loop
      vertex -51.2711 56.1855 2.15
      vertex -51.1873 56.0645 0
      vertex -51.1873 56.0645 2.15
    endloop
  endfacet
  facet normal -0.541787 -0.840516 0
    outer loop
      vertex -50.8709 55.7583 0
      vertex -50.7471 55.6785 2.15
      vertex -50.8709 55.7583 2.15
    endloop
  endfacet
  facet normal -0.541787 -0.840516 -0
    outer loop
      vertex -50.7471 55.6785 2.15
      vertex -50.8709 55.7583 0
      vertex -50.7471 55.6785 0
    endloop
  endfacet
  facet normal -0.695467 -0.718558 0
    outer loop
      vertex -51.092 55.9522 0
      vertex -50.9862 55.8498 2.15
      vertex -51.092 55.9522 2.15
    endloop
  endfacet
  facet normal -0.695467 -0.718558 -0
    outer loop
      vertex -50.9862 55.8498 2.15
      vertex -51.092 55.9522 0
      vertex -50.9862 55.8498 0
    endloop
  endfacet
  facet normal -0.456964 -0.889485 0
    outer loop
      vertex -50.7471 55.6785 0
      vertex -50.6161 55.6112 2.15
      vertex -50.7471 55.6785 2.15
    endloop
  endfacet
  facet normal -0.456964 -0.889485 -0
    outer loop
      vertex -50.6161 55.6112 2.15
      vertex -50.7471 55.6785 0
      vertex -50.6161 55.6112 0
    endloop
  endfacet
  facet normal -0.367522 -0.930015 0
    outer loop
      vertex -50.6161 55.6112 0
      vertex -50.4792 55.5571 2.15
      vertex -50.6161 55.6112 2.15
    endloop
  endfacet
  facet normal -0.367522 -0.930015 -0
    outer loop
      vertex -50.4792 55.5571 2.15
      vertex -50.6161 55.6112 0
      vertex -50.4792 55.5571 0
    endloop
  endfacet
  facet normal -0.0822021 -0.996616 0
    outer loop
      vertex -50.1927 55.4903 0
      vertex -50.046 55.4782 2.15
      vertex -50.1927 55.4903 2.15
    endloop
  endfacet
  facet normal -0.0822021 -0.996616 -0
    outer loop
      vertex -50.046 55.4782 2.15
      vertex -50.1927 55.4903 0
      vertex -50.046 55.4782 0
    endloop
  endfacet
  facet normal -0.27499 -0.961447 0
    outer loop
      vertex -50.4792 55.5571 0
      vertex -50.3376 55.5166 2.15
      vertex -50.4792 55.5571 2.15
    endloop
  endfacet
  facet normal -0.27499 -0.961447 -0
    outer loop
      vertex -50.3376 55.5166 2.15
      vertex -50.4792 55.5571 0
      vertex -50.3376 55.5166 0
    endloop
  endfacet
  facet normal 0.0166644 -0.999861 0
    outer loop
      vertex -50.046 55.4782 0
      vertex -49.944 55.4799 2.15
      vertex -50.046 55.4782 2.15
    endloop
  endfacet
  facet normal 0.0166644 -0.999861 0
    outer loop
      vertex -49.944 55.4799 2.15
      vertex -50.046 55.4782 0
      vertex -49.944 55.4799 0
    endloop
  endfacet
  facet normal -0.762458 -0.647037 0
    outer loop
      vertex -51.092 55.9522 0
      vertex -51.1873 56.0645 2.15
      vertex -51.1873 56.0645 0
    endloop
  endfacet
  facet normal -0.762458 -0.647037 0
    outer loop
      vertex -51.1873 56.0645 2.15
      vertex -51.092 55.9522 0
      vertex -51.092 55.9522 2.15
    endloop
  endfacet
  facet normal -0.621625 -0.783315 0
    outer loop
      vertex -50.9862 55.8498 0
      vertex -50.8709 55.7583 2.15
      vertex -50.9862 55.8498 2.15
    endloop
  endfacet
  facet normal -0.621625 -0.783315 -0
    outer loop
      vertex -50.8709 55.7583 2.15
      vertex -50.9862 55.8498 0
      vertex -50.8709 55.7583 0
    endloop
  endfacet
  facet normal 0.822094 -0.569351 0
    outer loop
      vertex -52.7069 56.0645 2.15
      vertex -52.6231 56.1855 0
      vertex -52.6231 56.1855 2.15
    endloop
  endfacet
  facet normal 0.822094 -0.569351 0
    outer loop
      vertex -52.6231 56.1855 0
      vertex -52.7069 56.0645 2.15
      vertex -52.7069 56.0645 0
    endloop
  endfacet
  facet normal 0.541787 -0.840516 0
    outer loop
      vertex -53.1471 55.6785 0
      vertex -53.0233 55.7583 2.15
      vertex -53.1471 55.6785 2.15
    endloop
  endfacet
  facet normal 0.541787 -0.840516 0
    outer loop
      vertex -53.0233 55.7583 2.15
      vertex -53.1471 55.6785 0
      vertex -53.0233 55.7583 0
    endloop
  endfacet
  facet normal 0.695467 -0.718558 0
    outer loop
      vertex -52.908 55.8498 0
      vertex -52.8022 55.9522 2.15
      vertex -52.908 55.8498 2.15
    endloop
  endfacet
  facet normal 0.695467 -0.718558 0
    outer loop
      vertex -52.8022 55.9522 2.15
      vertex -52.908 55.8498 0
      vertex -52.8022 55.9522 0
    endloop
  endfacet
  facet normal 0.367522 -0.930015 0
    outer loop
      vertex -53.415 55.5571 0
      vertex -53.2781 55.6112 2.15
      vertex -53.415 55.5571 2.15
    endloop
  endfacet
  facet normal 0.367522 -0.930015 0
    outer loop
      vertex -53.2781 55.6112 2.15
      vertex -53.415 55.5571 0
      vertex -53.2781 55.6112 0
    endloop
  endfacet
  facet normal 0.762458 -0.647037 0
    outer loop
      vertex -52.8022 55.9522 2.15
      vertex -52.7069 56.0645 0
      vertex -52.7069 56.0645 2.15
    endloop
  endfacet
  facet normal 0.762458 -0.647037 0
    outer loop
      vertex -52.7069 56.0645 0
      vertex -52.8022 55.9522 2.15
      vertex -52.8022 55.9522 0
    endloop
  endfacet
  facet normal 0.874574 -0.484893 0
    outer loop
      vertex -52.6231 56.1855 2.15
      vertex -52.5737 56.2746 0
      vertex -52.5737 56.2746 2.15
    endloop
  endfacet
  facet normal 0.874574 -0.484893 0
    outer loop
      vertex -52.5737 56.2746 0
      vertex -52.6231 56.1855 2.15
      vertex -52.6231 56.1855 0
    endloop
  endfacet
  facet normal 0.178587 -0.983924 0
    outer loop
      vertex -53.7015 55.4903 0
      vertex -53.5566 55.5166 2.15
      vertex -53.7015 55.4903 2.15
    endloop
  endfacet
  facet normal 0.178587 -0.983924 0
    outer loop
      vertex -53.5566 55.5166 2.15
      vertex -53.7015 55.4903 0
      vertex -53.5566 55.5166 0
    endloop
  endfacet
  facet normal 0.27499 -0.961447 0
    outer loop
      vertex -53.5566 55.5166 0
      vertex -53.415 55.5571 2.15
      vertex -53.5566 55.5166 2.15
    endloop
  endfacet
  facet normal 0.27499 -0.961447 0
    outer loop
      vertex -53.415 55.5571 2.15
      vertex -53.5566 55.5166 0
      vertex -53.415 55.5571 0
    endloop
  endfacet
  facet normal 0.621625 -0.783315 0
    outer loop
      vertex -53.0233 55.7583 0
      vertex -52.908 55.8498 2.15
      vertex -53.0233 55.7583 2.15
    endloop
  endfacet
  facet normal 0.621625 -0.783315 0
    outer loop
      vertex -52.908 55.8498 2.15
      vertex -53.0233 55.7583 0
      vertex -52.908 55.8498 0
    endloop
  endfacet
  facet normal 0.0822021 -0.996616 0
    outer loop
      vertex -53.8482 55.4782 0
      vertex -53.7015 55.4903 2.15
      vertex -53.8482 55.4782 2.15
    endloop
  endfacet
  facet normal 0.0822021 -0.996616 0
    outer loop
      vertex -53.7015 55.4903 2.15
      vertex -53.8482 55.4782 0
      vertex -53.7015 55.4903 0
    endloop
  endfacet
  facet normal 0.456964 -0.889485 0
    outer loop
      vertex -53.2781 55.6112 0
      vertex -53.1471 55.6785 2.15
      vertex -53.2781 55.6112 2.15
    endloop
  endfacet
  facet normal 0.456964 -0.889485 0
    outer loop
      vertex -53.1471 55.6785 2.15
      vertex -53.2781 55.6112 0
      vertex -53.1471 55.6785 0
    endloop
  endfacet
  facet normal -0.0166644 -0.999861 0
    outer loop
      vertex -53.9502 55.4799 0
      vertex -53.8482 55.4782 2.15
      vertex -53.9502 55.4799 2.15
    endloop
  endfacet
  facet normal -0.0166644 -0.999861 -0
    outer loop
      vertex -53.8482 55.4782 2.15
      vertex -53.9502 55.4799 0
      vertex -53.8482 55.4782 0
    endloop
  endfacet
  facet normal 0.941604 0.336723 0
    outer loop
      vertex -54.4117 54.0355 2.15
      vertex -54.4613 54.1742 0
      vertex -54.4613 54.1742 2.15
    endloop
  endfacet
  facet normal 0.941604 0.336723 0
    outer loop
      vertex -54.4613 54.1742 0
      vertex -54.4117 54.0355 2.15
      vertex -54.4117 54.0355 0
    endloop
  endfacet
  facet normal 0.989174 -0.146746 0
    outer loop
      vertex -54.3759 53.3073 2.15
      vertex -54.3543 53.4529 0
      vertex -54.3543 53.4529 2.15
    endloop
  endfacet
  facet normal 0.989174 -0.146746 0
    outer loop
      vertex -54.3543 53.4529 0
      vertex -54.3759 53.3073 2.15
      vertex -54.3759 53.3073 0
    endloop
  endfacet
  facet normal 0.970023 -0.243015 0
    outer loop
      vertex -54.4117 53.1644 2.15
      vertex -54.3759 53.3073 0
      vertex -54.3759 53.3073 2.15
    endloop
  endfacet
  facet normal 0.970023 -0.243015 0
    outer loop
      vertex -54.3759 53.3073 0
      vertex -54.4117 53.1644 2.15
      vertex -54.4117 53.1644 0
    endloop
  endfacet
  facet normal 0.969982 0.243175 0
    outer loop
      vertex -54.3759 53.8927 2.15
      vertex -54.4117 54.0355 0
      vertex -54.4117 54.0355 2.15
    endloop
  endfacet
  facet normal 0.969982 0.243175 0
    outer loop
      vertex -54.4117 54.0355 0
      vertex -54.3759 53.8927 2.15
      vertex -54.3759 53.8927 0
    endloop
  endfacet
  facet normal 0.941527 -0.336939 0
    outer loop
      vertex -54.4613 53.0258 2.15
      vertex -54.4117 53.1644 0
      vertex -54.4117 53.1644 2.15
    endloop
  endfacet
  facet normal 0.941527 -0.336939 0
    outer loop
      vertex -54.4117 53.1644 0
      vertex -54.4613 53.0258 2.15
      vertex -54.4613 53.0258 0
    endloop
  endfacet
  facet normal 0.857826 -0.51394 0
    outer loop
      vertex -54.5787 52.8019 2.15
      vertex -54.5243 52.8927 0
      vertex -54.5243 52.8927 2.15
    endloop
  endfacet
  facet normal 0.857826 -0.51394 0
    outer loop
      vertex -54.5243 52.8927 0
      vertex -54.5787 52.8019 2.15
      vertex -54.5787 52.8019 0
    endloop
  endfacet
  facet normal 0.903862 0.427824 0
    outer loop
      vertex -54.4613 54.1742 2.15
      vertex -54.5243 54.3073 0
      vertex -54.5243 54.3073 2.15
    endloop
  endfacet
  facet normal 0.903862 0.427824 0
    outer loop
      vertex -54.5243 54.3073 0
      vertex -54.4613 54.1742 2.15
      vertex -54.4613 54.1742 0
    endloop
  endfacet
  facet normal 0.857826 0.51394 0
    outer loop
      vertex -54.5243 54.3073 2.15
      vertex -54.5787 54.3981 0
      vertex -54.5787 54.3981 2.15
    endloop
  endfacet
  facet normal 0.857826 0.51394 0
    outer loop
      vertex -54.5787 54.3981 0
      vertex -54.5243 54.3073 2.15
      vertex -54.5243 54.3073 0
    endloop
  endfacet
  facet normal 0.989174 0.146746 0
    outer loop
      vertex -54.3543 53.7471 2.15
      vertex -54.3759 53.8927 0
      vertex -54.3759 53.8927 2.15
    endloop
  endfacet
  facet normal 0.989174 0.146746 0
    outer loop
      vertex -54.3759 53.8927 0
      vertex -54.3543 53.7471 2.15
      vertex -54.3543 53.7471 0
    endloop
  endfacet
  facet normal 0.998804 0.0488878 0
    outer loop
      vertex -54.3471 53.6 2.15
      vertex -54.3543 53.7471 0
      vertex -54.3543 53.7471 2.15
    endloop
  endfacet
  facet normal 0.998804 0.0488878 0
    outer loop
      vertex -54.3543 53.7471 0
      vertex -54.3471 53.6 2.15
      vertex -54.3471 53.6 0
    endloop
  endfacet
  facet normal 0.903862 -0.427824 0
    outer loop
      vertex -54.5243 52.8927 2.15
      vertex -54.4613 53.0258 0
      vertex -54.4613 53.0258 2.15
    endloop
  endfacet
  facet normal 0.903862 -0.427824 0
    outer loop
      vertex -54.4613 53.0258 0
      vertex -54.5243 52.8927 2.15
      vertex -54.5243 52.8927 0
    endloop
  endfacet
  facet normal 0.998804 -0.0488878 0
    outer loop
      vertex -54.3543 53.4529 2.15
      vertex -54.3471 53.6 0
      vertex -54.3471 53.6 2.15
    endloop
  endfacet
  facet normal 0.998804 -0.0488878 0
    outer loop
      vertex -54.3471 53.6 0
      vertex -54.3543 53.4529 2.15
      vertex -54.3543 53.4529 0
    endloop
  endfacet
  facet normal 0.874574 0.484893 0
    outer loop
      vertex -52.5737 50.9254 2.15
      vertex -52.6231 51.0145 0
      vertex -52.6231 51.0145 2.15
    endloop
  endfacet
  facet normal 0.874574 0.484893 0
    outer loop
      vertex -52.6231 51.0145 0
      vertex -52.5737 50.9254 2.15
      vertex -52.5737 50.9254 0
    endloop
  endfacet
  facet normal 0.621625 0.783315 -0
    outer loop
      vertex -52.908 51.3502 0
      vertex -53.0233 51.4417 2.15
      vertex -52.908 51.3502 2.15
    endloop
  endfacet
  facet normal 0.621625 0.783315 0
    outer loop
      vertex -53.0233 51.4417 2.15
      vertex -52.908 51.3502 0
      vertex -53.0233 51.4417 0
    endloop
  endfacet
  facet normal 0.822094 0.569351 0
    outer loop
      vertex -52.6231 51.0145 2.15
      vertex -52.7069 51.1355 0
      vertex -52.7069 51.1355 2.15
    endloop
  endfacet
  facet normal 0.822094 0.569351 0
    outer loop
      vertex -52.7069 51.1355 0
      vertex -52.6231 51.0145 2.15
      vertex -52.6231 51.0145 0
    endloop
  endfacet
  facet normal 0.541787 0.840516 -0
    outer loop
      vertex -53.0233 51.4417 0
      vertex -53.1471 51.5215 2.15
      vertex -53.0233 51.4417 2.15
    endloop
  endfacet
  facet normal 0.541787 0.840516 0
    outer loop
      vertex -53.1471 51.5215 2.15
      vertex -53.0233 51.4417 0
      vertex -53.1471 51.5215 0
    endloop
  endfacet
  facet normal 0.695467 0.718558 -0
    outer loop
      vertex -52.8022 51.2478 0
      vertex -52.908 51.3502 2.15
      vertex -52.8022 51.2478 2.15
    endloop
  endfacet
  facet normal 0.695467 0.718558 0
    outer loop
      vertex -52.908 51.3502 2.15
      vertex -52.8022 51.2478 0
      vertex -52.908 51.3502 0
    endloop
  endfacet
  facet normal 0.456964 0.889485 -0
    outer loop
      vertex -53.1471 51.5215 0
      vertex -53.2781 51.5888 2.15
      vertex -53.1471 51.5215 2.15
    endloop
  endfacet
  facet normal 0.456964 0.889485 0
    outer loop
      vertex -53.2781 51.5888 2.15
      vertex -53.1471 51.5215 0
      vertex -53.2781 51.5888 0
    endloop
  endfacet
  facet normal 0.27499 0.961447 -0
    outer loop
      vertex -53.415 51.6429 0
      vertex -53.5566 51.6834 2.15
      vertex -53.415 51.6429 2.15
    endloop
  endfacet
  facet normal 0.27499 0.961447 0
    outer loop
      vertex -53.5566 51.6834 2.15
      vertex -53.415 51.6429 0
      vertex -53.5566 51.6834 0
    endloop
  endfacet
  facet normal 0.367522 0.930015 -0
    outer loop
      vertex -53.2781 51.5888 0
      vertex -53.415 51.6429 2.15
      vertex -53.2781 51.5888 2.15
    endloop
  endfacet
  facet normal 0.367522 0.930015 0
    outer loop
      vertex -53.415 51.6429 2.15
      vertex -53.2781 51.5888 0
      vertex -53.415 51.6429 0
    endloop
  endfacet
  facet normal 0.178587 0.983924 -0
    outer loop
      vertex -53.5566 51.6834 0
      vertex -53.7015 51.7097 2.15
      vertex -53.5566 51.6834 2.15
    endloop
  endfacet
  facet normal 0.178587 0.983924 0
    outer loop
      vertex -53.7015 51.7097 2.15
      vertex -53.5566 51.6834 0
      vertex -53.7015 51.7097 0
    endloop
  endfacet
  facet normal -0.0166644 0.999861 0
    outer loop
      vertex -53.8482 51.7218 0
      vertex -53.9502 51.7201 2.15
      vertex -53.8482 51.7218 2.15
    endloop
  endfacet
  facet normal -0.0166644 0.999861 0
    outer loop
      vertex -53.9502 51.7201 2.15
      vertex -53.8482 51.7218 0
      vertex -53.9502 51.7201 0
    endloop
  endfacet
  facet normal 0.762458 0.647037 0
    outer loop
      vertex -52.7069 51.1355 2.15
      vertex -52.8022 51.2478 0
      vertex -52.8022 51.2478 2.15
    endloop
  endfacet
  facet normal 0.762458 0.647037 0
    outer loop
      vertex -52.8022 51.2478 0
      vertex -52.7069 51.1355 2.15
      vertex -52.7069 51.1355 0
    endloop
  endfacet
  facet normal 0.0822021 0.996616 -0
    outer loop
      vertex -53.7015 51.7097 0
      vertex -53.8482 51.7218 2.15
      vertex -53.7015 51.7097 2.15
    endloop
  endfacet
  facet normal 0.0822021 0.996616 0
    outer loop
      vertex -53.8482 51.7218 2.15
      vertex -53.7015 51.7097 0
      vertex -53.8482 51.7218 0
    endloop
  endfacet
  facet normal -0.762458 0.647037 0
    outer loop
      vertex -51.1873 51.1355 0
      vertex -51.092 51.2478 2.15
      vertex -51.092 51.2478 0
    endloop
  endfacet
  facet normal -0.762458 0.647037 0
    outer loop
      vertex -51.092 51.2478 2.15
      vertex -51.1873 51.1355 0
      vertex -51.1873 51.1355 2.15
    endloop
  endfacet
  facet normal -0.695467 0.718558 0
    outer loop
      vertex -50.9862 51.3502 0
      vertex -51.092 51.2478 2.15
      vertex -50.9862 51.3502 2.15
    endloop
  endfacet
  facet normal -0.695467 0.718558 0
    outer loop
      vertex -51.092 51.2478 2.15
      vertex -50.9862 51.3502 0
      vertex -51.092 51.2478 0
    endloop
  endfacet
  facet normal -0.456964 0.889485 0
    outer loop
      vertex -50.6161 51.5888 0
      vertex -50.7471 51.5215 2.15
      vertex -50.6161 51.5888 2.15
    endloop
  endfacet
  facet normal -0.456964 0.889485 0
    outer loop
      vertex -50.7471 51.5215 2.15
      vertex -50.6161 51.5888 0
      vertex -50.7471 51.5215 0
    endloop
  endfacet
  facet normal -0.874574 0.484893 0
    outer loop
      vertex -51.3205 50.9254 0
      vertex -51.2711 51.0145 2.15
      vertex -51.2711 51.0145 0
    endloop
  endfacet
  facet normal -0.874574 0.484893 0
    outer loop
      vertex -51.2711 51.0145 2.15
      vertex -51.3205 50.9254 0
      vertex -51.3205 50.9254 2.15
    endloop
  endfacet
  facet normal -0.178587 0.983924 0
    outer loop
      vertex -50.1927 51.7097 0
      vertex -50.3376 51.6834 2.15
      vertex -50.1927 51.7097 2.15
    endloop
  endfacet
  facet normal -0.178587 0.983924 0
    outer loop
      vertex -50.3376 51.6834 2.15
      vertex -50.1927 51.7097 0
      vertex -50.3376 51.6834 0
    endloop
  endfacet
  facet normal -0.621625 0.783315 0
    outer loop
      vertex -50.8709 51.4417 0
      vertex -50.9862 51.3502 2.15
      vertex -50.8709 51.4417 2.15
    endloop
  endfacet
  facet normal -0.621625 0.783315 0
    outer loop
      vertex -50.9862 51.3502 2.15
      vertex -50.8709 51.4417 0
      vertex -50.9862 51.3502 0
    endloop
  endfacet
  facet normal -0.27499 0.961447 0
    outer loop
      vertex -50.3376 51.6834 0
      vertex -50.4792 51.6429 2.15
      vertex -50.3376 51.6834 2.15
    endloop
  endfacet
  facet normal -0.27499 0.961447 0
    outer loop
      vertex -50.4792 51.6429 2.15
      vertex -50.3376 51.6834 0
      vertex -50.4792 51.6429 0
    endloop
  endfacet
  facet normal -0.541787 0.840516 0
    outer loop
      vertex -50.7471 51.5215 0
      vertex -50.8709 51.4417 2.15
      vertex -50.7471 51.5215 2.15
    endloop
  endfacet
  facet normal -0.541787 0.840516 0
    outer loop
      vertex -50.8709 51.4417 2.15
      vertex -50.7471 51.5215 0
      vertex -50.8709 51.4417 0
    endloop
  endfacet
  facet normal -0.0822021 0.996616 0
    outer loop
      vertex -50.046 51.7218 0
      vertex -50.1927 51.7097 2.15
      vertex -50.046 51.7218 2.15
    endloop
  endfacet
  facet normal -0.0822021 0.996616 0
    outer loop
      vertex -50.1927 51.7097 2.15
      vertex -50.046 51.7218 0
      vertex -50.1927 51.7097 0
    endloop
  endfacet
  facet normal -0.822094 0.569351 0
    outer loop
      vertex -51.2711 51.0145 0
      vertex -51.1873 51.1355 2.15
      vertex -51.1873 51.1355 0
    endloop
  endfacet
  facet normal -0.822094 0.569351 0
    outer loop
      vertex -51.1873 51.1355 2.15
      vertex -51.2711 51.0145 0
      vertex -51.2711 51.0145 2.15
    endloop
  endfacet
  facet normal -0.367522 0.930015 0
    outer loop
      vertex -50.4792 51.6429 0
      vertex -50.6161 51.5888 2.15
      vertex -50.4792 51.6429 2.15
    endloop
  endfacet
  facet normal -0.367522 0.930015 0
    outer loop
      vertex -50.6161 51.5888 2.15
      vertex -50.4792 51.6429 0
      vertex -50.6161 51.5888 0
    endloop
  endfacet
  facet normal 0.0166644 0.999861 -0
    outer loop
      vertex -49.944 51.7201 0
      vertex -50.046 51.7218 2.15
      vertex -49.944 51.7201 2.15
    endloop
  endfacet
  facet normal 0.0166644 0.999861 0
    outer loop
      vertex -50.046 51.7218 2.15
      vertex -49.944 51.7201 0
      vertex -50.046 51.7218 0
    endloop
  endfacet
  facet normal -1 0 0
    outer loop
      vertex -49.3155 54.3981 0
      vertex -49.3155 54.3983 2.15
      vertex -49.3155 54.3983 0
    endloop
  endfacet
  facet normal -1 -0 0
    outer loop
      vertex -49.3155 54.3983 2.15
      vertex -49.3155 54.3981 0
      vertex -49.3155 54.3981 2.15
    endloop
  endfacet
  facet normal 0.0489209 -0.998803 0
    outer loop
      vertex -52.2166 56.3368 0
      vertex -51.9471 56.35 2.15
      vertex -52.2166 56.3368 2.15
    endloop
  endfacet
  facet normal 0.0489209 -0.998803 0
    outer loop
      vertex -51.9471 56.35 2.15
      vertex -52.2166 56.3368 0
      vertex -51.9471 56.35 0
    endloop
  endfacet
  facet normal -0.740757 -0.671773 0
    outer loop
      vertex -49.8213 55.3446 0
      vertex -49.944 55.4799 2.15
      vertex -49.944 55.4799 0
    endloop
  endfacet
  facet normal -0.740757 -0.671773 0
    outer loop
      vertex -49.944 55.4799 2.15
      vertex -49.8213 55.3446 0
      vertex -49.8213 55.3446 2.15
    endloop
  endfacet
  facet normal 0.14671 0.98918 -0
    outer loop
      vertex -52.2166 50.8632 0
      vertex -52.4836 50.9028 2.15
      vertex -52.2166 50.8632 2.15
    endloop
  endfacet
  facet normal 0.14671 0.98918 0
    outer loop
      vertex -52.4836 50.9028 2.15
      vertex -52.2166 50.8632 0
      vertex -52.4836 50.9028 0
    endloop
  endfacet
  facet normal 0.14671 -0.98918 0
    outer loop
      vertex -52.4836 56.2972 0
      vertex -52.2166 56.3368 2.15
      vertex -52.4836 56.2972 2.15
    endloop
  endfacet
  facet normal 0.14671 -0.98918 0
    outer loop
      vertex -52.2166 56.3368 2.15
      vertex -52.4836 56.2972 0
      vertex -52.2166 56.3368 0
    endloop
  endfacet
  facet normal -0.243295 0.969952 0
    outer loop
      vertex -51.3205 50.9254 0
      vertex -51.4106 50.9028 2.15
      vertex -51.3205 50.9254 2.15
    endloop
  endfacet
  facet normal -0.243295 0.969952 0
    outer loop
      vertex -51.4106 50.9028 2.15
      vertex -51.3205 50.9254 0
      vertex -51.4106 50.9028 0
    endloop
  endfacet
  facet normal 0.903926 -0.427688 0
    outer loop
      vertex -54.4878 54.6524 2.15
      vertex -54.3724 54.8963 0
      vertex -54.3724 54.8963 2.15
    endloop
  endfacet
  facet normal 0.903926 -0.427688 0
    outer loop
      vertex -54.3724 54.8963 0
      vertex -54.4878 54.6524 2.15
      vertex -54.4878 54.6524 0
    endloop
  endfacet
  facet normal 0.903926 0.427688 0
    outer loop
      vertex -54.3724 52.3037 2.15
      vertex -54.4878 52.5476 0
      vertex -54.4878 52.5476 2.15
    endloop
  endfacet
  facet normal 0.903926 0.427688 0
    outer loop
      vertex -54.4878 52.5476 0
      vertex -54.3724 52.3037 2.15
      vertex -54.3724 52.3037 0
    endloop
  endfacet
  facet normal -1 0 0
    outer loop
      vertex -49.3155 52.8017 0
      vertex -49.3155 52.8019 2.15
      vertex -49.3155 52.8019 0
    endloop
  endfacet
  facet normal -1 -0 0
    outer loop
      vertex -49.3155 52.8019 2.15
      vertex -49.3155 52.8017 0
      vertex -49.3155 52.8017 2.15
    endloop
  endfacet
  facet normal 0.941566 0.336829 0
    outer loop
      vertex -54.4878 52.5476 2.15
      vertex -54.5787 52.8017 0
      vertex -54.5787 52.8017 2.15
    endloop
  endfacet
  facet normal 0.941566 0.336829 0
    outer loop
      vertex -54.5787 52.8017 0
      vertex -54.4878 52.5476 2.15
      vertex -54.4878 52.5476 0
    endloop
  endfacet
  facet normal -0.243295 -0.969952 0
    outer loop
      vertex -51.4106 56.2972 0
      vertex -51.3205 56.2746 2.15
      vertex -51.4106 56.2972 2.15
    endloop
  endfacet
  facet normal -0.243295 -0.969952 -0
    outer loop
      vertex -51.3205 56.2746 2.15
      vertex -51.4106 56.2972 0
      vertex -51.3205 56.2746 0
    endloop
  endfacet
  facet normal 0.740757 -0.671773 0
    outer loop
      vertex -54.0729 55.3446 2.15
      vertex -53.9502 55.4799 0
      vertex -53.9502 55.4799 2.15
    endloop
  endfacet
  facet normal 0.740757 -0.671773 0
    outer loop
      vertex -53.9502 55.4799 0
      vertex -54.0729 55.3446 2.15
      vertex -54.0729 55.3446 0
    endloop
  endfacet
  facet normal -0.0489209 0.998803 0
    outer loop
      vertex -51.6776 50.8632 0
      vertex -51.9471 50.85 2.15
      vertex -51.6776 50.8632 2.15
    endloop
  endfacet
  facet normal -0.0489209 0.998803 0
    outer loop
      vertex -51.9471 50.85 2.15
      vertex -51.6776 50.8632 0
      vertex -51.9471 50.85 0
    endloop
  endfacet
  facet normal -0.803367 -0.595485 0
    outer loop
      vertex -49.6606 55.1278 0
      vertex -49.8213 55.3446 2.15
      vertex -49.8213 55.3446 0
    endloop
  endfacet
  facet normal -0.803367 -0.595485 0
    outer loop
      vertex -49.8213 55.3446 2.15
      vertex -49.6606 55.1278 0
      vertex -49.6606 55.1278 2.15
    endloop
  endfacet
  facet normal 1 -0 0
    outer loop
      vertex -54.5787 52.8017 2.15
      vertex -54.5787 52.8019 0
      vertex -54.5787 52.8019 2.15
    endloop
  endfacet
  facet normal 1 0 0
    outer loop
      vertex -54.5787 52.8019 0
      vertex -54.5787 52.8017 2.15
      vertex -54.5787 52.8017 0
    endloop
  endfacet
  facet normal 0.941566 -0.336829 0
    outer loop
      vertex -54.5787 54.3983 2.15
      vertex -54.4878 54.6524 0
      vertex -54.4878 54.6524 2.15
    endloop
  endfacet
  facet normal 0.941566 -0.336829 0
    outer loop
      vertex -54.4878 54.6524 0
      vertex -54.5787 54.3983 2.15
      vertex -54.5787 54.3983 0
    endloop
  endfacet
  facet normal -0.903926 0.427688 0
    outer loop
      vertex -49.5218 52.3037 0
      vertex -49.4064 52.5476 2.15
      vertex -49.4064 52.5476 0
    endloop
  endfacet
  facet normal -0.903926 0.427688 0
    outer loop
      vertex -49.4064 52.5476 2.15
      vertex -49.5218 52.3037 0
      vertex -49.5218 52.3037 2.15
    endloop
  endfacet
  facet normal -0.14671 0.98918 0
    outer loop
      vertex -51.4106 50.9028 0
      vertex -51.6776 50.8632 2.15
      vertex -51.4106 50.9028 2.15
    endloop
  endfacet
  facet normal -0.14671 0.98918 0
    outer loop
      vertex -51.6776 50.8632 2.15
      vertex -51.4106 50.9028 0
      vertex -51.6776 50.8632 0
    endloop
  endfacet
  facet normal -0.941566 -0.336829 0
    outer loop
      vertex -49.3155 54.3983 0
      vertex -49.4064 54.6524 2.15
      vertex -49.4064 54.6524 0
    endloop
  endfacet
  facet normal -0.941566 -0.336829 0
    outer loop
      vertex -49.4064 54.6524 2.15
      vertex -49.3155 54.3983 0
      vertex -49.3155 54.3983 2.15
    endloop
  endfacet
  facet normal -0.803367 0.595485 0
    outer loop
      vertex -49.8213 51.8554 0
      vertex -49.6606 52.0722 2.15
      vertex -49.6606 52.0722 0
    endloop
  endfacet
  facet normal -0.803367 0.595485 0
    outer loop
      vertex -49.6606 52.0722 2.15
      vertex -49.8213 51.8554 0
      vertex -49.8213 51.8554 2.15
    endloop
  endfacet
  facet normal -0.857656 0.514223 0
    outer loop
      vertex -49.6606 52.0722 0
      vertex -49.5218 52.3037 2.15
      vertex -49.5218 52.3037 0
    endloop
  endfacet
  facet normal -0.857656 0.514223 0
    outer loop
      vertex -49.5218 52.3037 2.15
      vertex -49.6606 52.0722 0
      vertex -49.6606 52.0722 2.15
    endloop
  endfacet
  facet normal 0.243295 -0.969952 0
    outer loop
      vertex -52.5737 56.2746 0
      vertex -52.4836 56.2972 2.15
      vertex -52.5737 56.2746 2.15
    endloop
  endfacet
  facet normal 0.243295 -0.969952 0
    outer loop
      vertex -52.4836 56.2972 2.15
      vertex -52.5737 56.2746 0
      vertex -52.4836 56.2972 0
    endloop
  endfacet
  facet normal -0.941566 0.336829 0
    outer loop
      vertex -49.4064 52.5476 0
      vertex -49.3155 52.8017 2.15
      vertex -49.3155 52.8017 0
    endloop
  endfacet
  facet normal -0.941566 0.336829 0
    outer loop
      vertex -49.3155 52.8017 2.15
      vertex -49.4064 52.5476 0
      vertex -49.4064 52.5476 2.15
    endloop
  endfacet
  facet normal -0.0489209 -0.998803 0
    outer loop
      vertex -51.9471 56.35 0
      vertex -51.6776 56.3368 2.15
      vertex -51.9471 56.35 2.15
    endloop
  endfacet
  facet normal -0.0489209 -0.998803 -0
    outer loop
      vertex -51.6776 56.3368 2.15
      vertex -51.9471 56.35 0
      vertex -51.6776 56.3368 0
    endloop
  endfacet
  facet normal -0.903926 -0.427688 0
    outer loop
      vertex -49.4064 54.6524 0
      vertex -49.5218 54.8963 2.15
      vertex -49.5218 54.8963 0
    endloop
  endfacet
  facet normal -0.903926 -0.427688 0
    outer loop
      vertex -49.5218 54.8963 2.15
      vertex -49.4064 54.6524 0
      vertex -49.4064 54.6524 2.15
    endloop
  endfacet
  facet normal -0.14671 -0.98918 0
    outer loop
      vertex -51.6776 56.3368 0
      vertex -51.4106 56.2972 2.15
      vertex -51.6776 56.3368 2.15
    endloop
  endfacet
  facet normal -0.14671 -0.98918 -0
    outer loop
      vertex -51.4106 56.2972 2.15
      vertex -51.6776 56.3368 0
      vertex -51.4106 56.2972 0
    endloop
  endfacet
  facet normal 0.243295 0.969952 -0
    outer loop
      vertex -52.4836 50.9028 0
      vertex -52.5737 50.9254 2.15
      vertex -52.4836 50.9028 2.15
    endloop
  endfacet
  facet normal 0.243295 0.969952 0
    outer loop
      vertex -52.5737 50.9254 2.15
      vertex -52.4836 50.9028 0
      vertex -52.5737 50.9254 0
    endloop
  endfacet
  facet normal 0.857656 0.514223 0
    outer loop
      vertex -54.2336 52.0722 2.15
      vertex -54.3724 52.3037 0
      vertex -54.3724 52.3037 2.15
    endloop
  endfacet
  facet normal 0.857656 0.514223 0
    outer loop
      vertex -54.3724 52.3037 0
      vertex -54.2336 52.0722 2.15
      vertex -54.2336 52.0722 0
    endloop
  endfacet
  facet normal -0.857656 -0.514223 0
    outer loop
      vertex -49.5218 54.8963 0
      vertex -49.6606 55.1278 2.15
      vertex -49.6606 55.1278 0
    endloop
  endfacet
  facet normal -0.857656 -0.514223 0
    outer loop
      vertex -49.6606 55.1278 2.15
      vertex -49.5218 54.8963 0
      vertex -49.5218 54.8963 2.15
    endloop
  endfacet
  facet normal 0.740757 0.671773 0
    outer loop
      vertex -53.9502 51.7201 2.15
      vertex -54.0729 51.8554 0
      vertex -54.0729 51.8554 2.15
    endloop
  endfacet
  facet normal 0.740757 0.671773 0
    outer loop
      vertex -54.0729 51.8554 0
      vertex -53.9502 51.7201 2.15
      vertex -53.9502 51.7201 0
    endloop
  endfacet
  facet normal 1 -0 0
    outer loop
      vertex -54.5787 54.3981 2.15
      vertex -54.5787 54.3983 0
      vertex -54.5787 54.3983 2.15
    endloop
  endfacet
  facet normal 1 0 0
    outer loop
      vertex -54.5787 54.3983 0
      vertex -54.5787 54.3981 2.15
      vertex -54.5787 54.3981 0
    endloop
  endfacet
  facet normal 0.803367 0.595485 0
    outer loop
      vertex -54.0729 51.8554 2.15
      vertex -54.2336 52.0722 0
      vertex -54.2336 52.0722 2.15
    endloop
  endfacet
  facet normal 0.803367 0.595485 0
    outer loop
      vertex -54.2336 52.0722 0
      vertex -54.0729 51.8554 2.15
      vertex -54.0729 51.8554 0
    endloop
  endfacet
  facet normal 0.803367 -0.595485 0
    outer loop
      vertex -54.2336 55.1278 2.15
      vertex -54.0729 55.3446 0
      vertex -54.0729 55.3446 2.15
    endloop
  endfacet
  facet normal 0.803367 -0.595485 0
    outer loop
      vertex -54.0729 55.3446 0
      vertex -54.2336 55.1278 2.15
      vertex -54.2336 55.1278 0
    endloop
  endfacet
  facet normal 0.857656 -0.514223 0
    outer loop
      vertex -54.3724 54.8963 2.15
      vertex -54.2336 55.1278 0
      vertex -54.2336 55.1278 2.15
    endloop
  endfacet
  facet normal 0.857656 -0.514223 0
    outer loop
      vertex -54.2336 55.1278 0
      vertex -54.3724 54.8963 2.15
      vertex -54.3724 54.8963 0
    endloop
  endfacet
  facet normal 0 0 -1
    outer loop
      vertex -49.3155 52.8017 2.15
      vertex -49.3699 52.8927 2.15
      vertex -49.3155 52.8019 2.15
    endloop
  endfacet
  facet normal 0 0 -1
    outer loop
      vertex -49.4064 52.5476 2.15
      vertex -49.3699 52.8927 2.15
      vertex -49.3155 52.8017 2.15
    endloop
  endfacet
  facet normal 0 0 -1
    outer loop
      vertex -49.4064 52.5476 2.15
      vertex -49.4329 53.0258 2.15
      vertex -49.3699 52.8927 2.15
    endloop
  endfacet
  facet normal 0 0 -1
    outer loop
      vertex -49.5218 52.3037 2.15
      vertex -49.4329 53.0258 2.15
      vertex -49.4064 52.5476 2.15
    endloop
  endfacet
  facet normal -0 0 -1
    outer loop
      vertex -49.4329 53.0258 2.15
      vertex -49.5218 52.3037 2.15
      vertex -49.4825 53.1644 2.15
    endloop
  endfacet
  facet normal 0 0 -1
    outer loop
      vertex -50.3376 51.6834 2.15
      vertex -49.4825 53.1644 2.15
      vertex -49.5218 52.3037 2.15
    endloop
  endfacet
  facet normal -0 0 -1
    outer loop
      vertex -49.4825 53.1644 2.15
      vertex -50.3376 51.6834 2.15
      vertex -49.5183 53.3073 2.15
    endloop
  endfacet
  facet normal 0 0 -1
    outer loop
      vertex -50.4792 51.6429 2.15
      vertex -49.5183 53.3073 2.15
      vertex -50.3376 51.6834 2.15
    endloop
  endfacet
  facet normal 0 0 -1
    outer loop
      vertex -50.3376 51.6834 2.15
      vertex -49.5218 52.3037 2.15
      vertex -49.6606 52.0722 2.15
    endloop
  endfacet
  facet normal 0 0 -1
    outer loop
      vertex -49.3699 54.3073 2.15
      vertex -49.3155 54.3983 2.15
      vertex -49.3155 54.3981 2.15
    endloop
  endfacet
  facet normal 0 0 -1
    outer loop
      vertex -49.3699 54.3073 2.15
      vertex -49.4064 54.6524 2.15
      vertex -49.3155 54.3983 2.15
    endloop
  endfacet
  facet normal 0 0 -1
    outer loop
      vertex -49.4329 54.1742 2.15
      vertex -49.4064 54.6524 2.15
      vertex -49.3699 54.3073 2.15
    endloop
  endfacet
  facet normal 0 0 -1
    outer loop
      vertex -49.5218 54.8963 2.15
      vertex -49.4329 54.1742 2.15
      vertex -49.4825 54.0355 2.15
    endloop
  endfacet
  facet normal 0 0 -1
    outer loop
      vertex -50.3376 55.5166 2.15
      vertex -49.4825 54.0355 2.15
      vertex -49.5183 53.8927 2.15
    endloop
  endfacet
  facet normal 0 0 -1
    outer loop
      vertex -49.4329 54.1742 2.15
      vertex -49.5218 54.8963 2.15
      vertex -49.4064 54.6524 2.15
    endloop
  endfacet
  facet normal 0 0 -1
    outer loop
      vertex -50.4792 55.5571 2.15
      vertex -49.5183 53.8927 2.15
      vertex -49.5399 53.7471 2.15
    endloop
  endfacet
  facet normal 0 0 -1
    outer loop
      vertex -50.6161 55.6112 2.15
      vertex -49.5399 53.7471 2.15
      vertex -49.5471 53.6 2.15
    endloop
  endfacet
  facet normal -0 0 -1
    outer loop
      vertex -49.5183 53.3073 2.15
      vertex -50.4792 51.6429 2.15
      vertex -49.5399 53.4529 2.15
    endloop
  endfacet
  facet normal -0 0 -1
    outer loop
      vertex -49.5399 53.4529 2.15
      vertex -50.6161 51.5888 2.15
      vertex -49.5471 53.6 2.15
    endloop
  endfacet
  facet normal 0 0 -1
    outer loop
      vertex -50.1927 51.7097 2.15
      vertex -49.6606 52.0722 2.15
      vertex -49.8213 51.8554 2.15
    endloop
  endfacet
  facet normal 0 0 -1
    outer loop
      vertex -50.6161 51.5888 2.15
      vertex -49.5399 53.4529 2.15
      vertex -50.4792 51.6429 2.15
    endloop
  endfacet
  facet normal 0 0 -1
    outer loop
      vertex -50.046 51.7218 2.15
      vertex -49.8213 51.8554 2.15
      vertex -49.944 51.7201 2.15
    endloop
  endfacet
  facet normal 0 0 -1
    outer loop
      vertex -50.1927 51.7097 2.15
      vertex -49.8213 51.8554 2.15
      vertex -50.046 51.7218 2.15
    endloop
  endfacet
  facet normal 0 0 -1
    outer loop
      vertex -49.6606 52.0722 2.15
      vertex -50.1927 51.7097 2.15
      vertex -50.3376 51.6834 2.15
    endloop
  endfacet
  facet normal 0 0 -1
    outer loop
      vertex -49.8213 55.3446 2.15
      vertex -50.046 55.4782 2.15
      vertex -49.944 55.4799 2.15
    endloop
  endfacet
  facet normal 0 0 -1
    outer loop
      vertex -49.5183 53.8927 2.15
      vertex -50.4792 55.5571 2.15
      vertex -50.3376 55.5166 2.15
    endloop
  endfacet
  facet normal 0 0 -1
    outer loop
      vertex -49.8213 55.3446 2.15
      vertex -50.1927 55.4903 2.15
      vertex -50.046 55.4782 2.15
    endloop
  endfacet
  facet normal -0 -0 -1
    outer loop
      vertex -50.1927 55.4903 2.15
      vertex -49.6606 55.1278 2.15
      vertex -50.3376 55.5166 2.15
    endloop
  endfacet
  facet normal 0 0 -1
    outer loop
      vertex -49.6606 55.1278 2.15
      vertex -50.1927 55.4903 2.15
      vertex -49.8213 55.3446 2.15
    endloop
  endfacet
  facet normal 0 0 -1
    outer loop
      vertex -49.4825 54.0355 2.15
      vertex -50.3376 55.5166 2.15
      vertex -49.5218 54.8963 2.15
    endloop
  endfacet
  facet normal 0 0 -1
    outer loop
      vertex -49.5218 54.8963 2.15
      vertex -50.3376 55.5166 2.15
      vertex -49.6606 55.1278 2.15
    endloop
  endfacet
  facet normal 0 0 -1
    outer loop
      vertex -50.7471 51.5215 2.15
      vertex -49.5471 53.6 2.15
      vertex -50.6161 51.5888 2.15
    endloop
  endfacet
  facet normal 0 0 -1
    outer loop
      vertex -49.5399 53.7471 2.15
      vertex -50.6161 55.6112 2.15
      vertex -50.4792 55.5571 2.15
    endloop
  endfacet
  facet normal 0 0 -1
    outer loop
      vertex -50.7471 55.6785 2.15
      vertex -49.5471 53.6 2.15
      vertex -50.7471 51.5215 2.15
    endloop
  endfacet
  facet normal 0 0 -1
    outer loop
      vertex -49.5471 53.6 2.15
      vertex -50.7471 55.6785 2.15
      vertex -50.6161 55.6112 2.15
    endloop
  endfacet
  facet normal 0 0 -1
    outer loop
      vertex -53.1471 51.5215 2.15
      vertex -50.7471 51.5215 2.15
      vertex -50.8709 51.4417 2.15
    endloop
  endfacet
  facet normal 0 0 -1
    outer loop
      vertex -50.7471 51.5215 2.15
      vertex -53.1471 51.5215 2.15
      vertex -50.7471 55.6785 2.15
    endloop
  endfacet
  facet normal 0 0 -1
    outer loop
      vertex -53.0233 51.4417 2.15
      vertex -50.8709 51.4417 2.15
      vertex -50.9862 51.3502 2.15
    endloop
  endfacet
  facet normal 0 0 -1
    outer loop
      vertex -53.1471 55.6785 2.15
      vertex -50.7471 55.6785 2.15
      vertex -53.1471 51.5215 2.15
    endloop
  endfacet
  facet normal 0 0 -1
    outer loop
      vertex -52.908 51.3502 2.15
      vertex -50.9862 51.3502 2.15
      vertex -51.092 51.2478 2.15
    endloop
  endfacet
  facet normal 0 0 -1
    outer loop
      vertex -50.7471 55.6785 2.15
      vertex -53.1471 55.6785 2.15
      vertex -50.8709 55.7583 2.15
    endloop
  endfacet
  facet normal 0 0 -1
    outer loop
      vertex -51.9471 50.85 2.15
      vertex -51.092 51.2478 2.15
      vertex -51.1873 51.1355 2.15
    endloop
  endfacet
  facet normal 0 0 -1
    outer loop
      vertex -50.8709 51.4417 2.15
      vertex -53.0233 51.4417 2.15
      vertex -53.1471 51.5215 2.15
    endloop
  endfacet
  facet normal 0 0 -1
    outer loop
      vertex -51.6776 50.8632 2.15
      vertex -51.1873 51.1355 2.15
      vertex -51.2711 51.0145 2.15
    endloop
  endfacet
  facet normal 0 -0 -1
    outer loop
      vertex -53.0233 55.7583 2.15
      vertex -50.8709 55.7583 2.15
      vertex -53.1471 55.6785 2.15
    endloop
  endfacet
  facet normal 0 0 -1
    outer loop
      vertex -51.4106 50.9028 2.15
      vertex -51.2711 51.0145 2.15
      vertex -51.3205 50.9254 2.15
    endloop
  endfacet
  facet normal 0 0 -1
    outer loop
      vertex -50.9862 55.8498 2.15
      vertex -52.908 55.8498 2.15
      vertex -51.092 55.9522 2.15
    endloop
  endfacet
  facet normal 0 0 -1
    outer loop
      vertex -51.6776 50.8632 2.15
      vertex -51.2711 51.0145 2.15
      vertex -51.4106 50.9028 2.15
    endloop
  endfacet
  facet normal 0 -0 -1
    outer loop
      vertex -52.8022 55.9522 2.15
      vertex -51.092 55.9522 2.15
      vertex -52.908 55.8498 2.15
    endloop
  endfacet
  facet normal 0 0 -1
    outer loop
      vertex -51.1873 51.1355 2.15
      vertex -51.6776 50.8632 2.15
      vertex -51.9471 50.85 2.15
    endloop
  endfacet
  facet normal 0 -0 -1
    outer loop
      vertex -51.9471 56.35 2.15
      vertex -51.092 55.9522 2.15
      vertex -52.8022 55.9522 2.15
    endloop
  endfacet
  facet normal -0 0 -1
    outer loop
      vertex -51.092 51.2478 2.15
      vertex -51.9471 50.85 2.15
      vertex -52.8022 51.2478 2.15
    endloop
  endfacet
  facet normal 0 0 -1
    outer loop
      vertex -50.9862 51.3502 2.15
      vertex -52.908 51.3502 2.15
      vertex -53.0233 51.4417 2.15
    endloop
  endfacet
  facet normal 0 0 -1
    outer loop
      vertex -52.7069 51.1355 2.15
      vertex -51.9471 50.85 2.15
      vertex -52.2166 50.8632 2.15
    endloop
  endfacet
  facet normal 0 0 -1
    outer loop
      vertex -51.092 55.9522 2.15
      vertex -51.9471 56.35 2.15
      vertex -51.1873 56.0645 2.15
    endloop
  endfacet
  facet normal 0 0 -1
    outer loop
      vertex -52.6231 51.0145 2.15
      vertex -52.2166 50.8632 2.15
      vertex -52.4836 50.9028 2.15
    endloop
  endfacet
  facet normal 0 0 -1
    outer loop
      vertex -51.9471 50.85 2.15
      vertex -52.7069 51.1355 2.15
      vertex -52.8022 51.2478 2.15
    endloop
  endfacet
  facet normal 0 0 -1
    outer loop
      vertex -52.6231 51.0145 2.15
      vertex -52.4836 50.9028 2.15
      vertex -52.5737 50.9254 2.15
    endloop
  endfacet
  facet normal 0 0 -1
    outer loop
      vertex -52.2166 50.8632 2.15
      vertex -52.6231 51.0145 2.15
      vertex -52.7069 51.1355 2.15
    endloop
  endfacet
  facet normal 0 0 -1
    outer loop
      vertex -51.092 51.2478 2.15
      vertex -52.8022 51.2478 2.15
      vertex -52.908 51.3502 2.15
    endloop
  endfacet
  facet normal 0 0 -1
    outer loop
      vertex -52.4836 56.2972 2.15
      vertex -52.6231 56.1855 2.15
      vertex -52.5737 56.2746 2.15
    endloop
  endfacet
  facet normal 0 -0 -1
    outer loop
      vertex -52.6231 56.1855 2.15
      vertex -52.2166 56.3368 2.15
      vertex -52.7069 56.0645 2.15
    endloop
  endfacet
  facet normal 0 0 -1
    outer loop
      vertex -52.2166 56.3368 2.15
      vertex -52.6231 56.1855 2.15
      vertex -52.4836 56.2972 2.15
    endloop
  endfacet
  facet normal -0 -0 -1
    outer loop
      vertex -51.6776 56.3368 2.15
      vertex -51.1873 56.0645 2.15
      vertex -51.9471 56.35 2.15
    endloop
  endfacet
  facet normal 0 0 -1
    outer loop
      vertex -51.9471 56.35 2.15
      vertex -52.7069 56.0645 2.15
      vertex -52.2166 56.3368 2.15
    endloop
  endfacet
  facet normal 0 0 -1
    outer loop
      vertex -51.1873 56.0645 2.15
      vertex -51.6776 56.3368 2.15
      vertex -51.2711 56.1855 2.15
    endloop
  endfacet
  facet normal 0 -0 -1
    outer loop
      vertex -52.7069 56.0645 2.15
      vertex -51.9471 56.35 2.15
      vertex -52.8022 55.9522 2.15
    endloop
  endfacet
  facet normal 0 0 -1
    outer loop
      vertex -51.2711 56.1855 2.15
      vertex -51.4106 56.2972 2.15
      vertex -51.3205 56.2746 2.15
    endloop
  endfacet
  facet normal 0 0 -1
    outer loop
      vertex -51.2711 56.1855 2.15
      vertex -51.6776 56.3368 2.15
      vertex -51.4106 56.2972 2.15
    endloop
  endfacet
  facet normal 0 0 -1
    outer loop
      vertex -50.8709 55.7583 2.15
      vertex -53.0233 55.7583 2.15
      vertex -50.9862 55.8498 2.15
    endloop
  endfacet
  facet normal 0 -0 -1
    outer loop
      vertex -52.908 55.8498 2.15
      vertex -50.9862 55.8498 2.15
      vertex -53.0233 55.7583 2.15
    endloop
  endfacet
  facet normal 0 0 -1
    outer loop
      vertex -54.3471 53.6 2.15
      vertex -53.1471 51.5215 2.15
      vertex -53.2781 51.5888 2.15
    endloop
  endfacet
  facet normal 0 0 -1
    outer loop
      vertex -53.1471 51.5215 2.15
      vertex -54.3471 53.6 2.15
      vertex -53.1471 55.6785 2.15
    endloop
  endfacet
  facet normal 0 0 -1
    outer loop
      vertex -54.3543 53.4529 2.15
      vertex -53.2781 51.5888 2.15
      vertex -53.415 51.6429 2.15
    endloop
  endfacet
  facet normal 0 0 -1
    outer loop
      vertex -53.1471 55.6785 2.15
      vertex -54.3471 53.6 2.15
      vertex -53.2781 55.6112 2.15
    endloop
  endfacet
  facet normal 0 0 -1
    outer loop
      vertex -54.3759 53.3073 2.15
      vertex -53.415 51.6429 2.15
      vertex -53.5566 51.6834 2.15
    endloop
  endfacet
  facet normal 0 0 -1
    outer loop
      vertex -54.3543 53.7471 2.15
      vertex -53.2781 55.6112 2.15
      vertex -54.3471 53.6 2.15
    endloop
  endfacet
  facet normal 0 0 -1
    outer loop
      vertex -54.2336 52.0722 2.15
      vertex -53.5566 51.6834 2.15
      vertex -53.7015 51.7097 2.15
    endloop
  endfacet
  facet normal 0 0 -1
    outer loop
      vertex -53.2781 55.6112 2.15
      vertex -54.3543 53.7471 2.15
      vertex -53.415 55.5571 2.15
    endloop
  endfacet
  facet normal 0 0 -1
    outer loop
      vertex -54.0729 51.8554 2.15
      vertex -53.7015 51.7097 2.15
      vertex -53.8482 51.7218 2.15
    endloop
  endfacet
  facet normal 0 0 -1
    outer loop
      vertex -54.3759 53.8927 2.15
      vertex -53.415 55.5571 2.15
      vertex -54.3543 53.7471 2.15
    endloop
  endfacet
  facet normal 0 0 -1
    outer loop
      vertex -54.0729 51.8554 2.15
      vertex -53.8482 51.7218 2.15
      vertex -53.9502 51.7201 2.15
    endloop
  endfacet
  facet normal 0 0 -1
    outer loop
      vertex -53.415 55.5571 2.15
      vertex -54.3759 53.8927 2.15
      vertex -53.5566 55.5166 2.15
    endloop
  endfacet
  facet normal 0 0 -1
    outer loop
      vertex -53.7015 51.7097 2.15
      vertex -54.0729 51.8554 2.15
      vertex -54.2336 52.0722 2.15
    endloop
  endfacet
  facet normal 0 0 -1
    outer loop
      vertex -54.4117 54.0355 2.15
      vertex -53.5566 55.5166 2.15
      vertex -54.3759 53.8927 2.15
    endloop
  endfacet
  facet normal 0 0 -1
    outer loop
      vertex -53.5566 51.6834 2.15
      vertex -54.2336 52.0722 2.15
      vertex -54.3724 52.3037 2.15
    endloop
  endfacet
  facet normal 0 -0 -1
    outer loop
      vertex -54.3724 54.8963 2.15
      vertex -53.5566 55.5166 2.15
      vertex -54.4117 54.0355 2.15
    endloop
  endfacet
  facet normal 0 -0 -1
    outer loop
      vertex -54.2336 55.1278 2.15
      vertex -53.5566 55.5166 2.15
      vertex -54.3724 54.8963 2.15
    endloop
  endfacet
  facet normal 0 0 -1
    outer loop
      vertex -53.2781 51.5888 2.15
      vertex -54.3543 53.4529 2.15
      vertex -54.3471 53.6 2.15
    endloop
  endfacet
  facet normal 0 0 -1
    outer loop
      vertex -53.5566 51.6834 2.15
      vertex -54.3724 52.3037 2.15
      vertex -54.4117 53.1644 2.15
    endloop
  endfacet
  facet normal 0 0 -1
    outer loop
      vertex -53.415 51.6429 2.15
      vertex -54.3759 53.3073 2.15
      vertex -54.3543 53.4529 2.15
    endloop
  endfacet
  facet normal 0 0 -1
    outer loop
      vertex -53.5566 51.6834 2.15
      vertex -54.4117 53.1644 2.15
      vertex -54.3759 53.3073 2.15
    endloop
  endfacet
  facet normal 0 0 -1
    outer loop
      vertex -54.3724 52.3037 2.15
      vertex -54.4613 53.0258 2.15
      vertex -54.4117 53.1644 2.15
    endloop
  endfacet
  facet normal 0 0 -1
    outer loop
      vertex -54.4878 52.5476 2.15
      vertex -54.4613 53.0258 2.15
      vertex -54.3724 52.3037 2.15
    endloop
  endfacet
  facet normal 0 0 -1
    outer loop
      vertex -54.4878 52.5476 2.15
      vertex -54.5243 52.8927 2.15
      vertex -54.4613 53.0258 2.15
    endloop
  endfacet
  facet normal 0 0 -1
    outer loop
      vertex -54.5787 52.8017 2.15
      vertex -54.5243 52.8927 2.15
      vertex -54.4878 52.5476 2.15
    endloop
  endfacet
  facet normal 0 0 -1
    outer loop
      vertex -54.5243 52.8927 2.15
      vertex -54.5787 52.8017 2.15
      vertex -54.5787 52.8019 2.15
    endloop
  endfacet
  facet normal -0 0 -1
    outer loop
      vertex -53.8482 55.4782 2.15
      vertex -54.0729 55.3446 2.15
      vertex -53.9502 55.4799 2.15
    endloop
  endfacet
  facet normal 0 -0 -1
    outer loop
      vertex -54.0729 55.3446 2.15
      vertex -53.7015 55.4903 2.15
      vertex -54.2336 55.1278 2.15
    endloop
  endfacet
  facet normal 0 0 -1
    outer loop
      vertex -53.7015 55.4903 2.15
      vertex -54.0729 55.3446 2.15
      vertex -53.8482 55.4782 2.15
    endloop
  endfacet
  facet normal 0 0 -1
    outer loop
      vertex -53.5566 55.5166 2.15
      vertex -54.2336 55.1278 2.15
      vertex -53.7015 55.4903 2.15
    endloop
  endfacet
  facet normal 0 0 -1
    outer loop
      vertex -54.4613 54.1742 2.15
      vertex -54.3724 54.8963 2.15
      vertex -54.4117 54.0355 2.15
    endloop
  endfacet
  facet normal 0 0 -1
    outer loop
      vertex -54.4613 54.1742 2.15
      vertex -54.4878 54.6524 2.15
      vertex -54.3724 54.8963 2.15
    endloop
  endfacet
  facet normal 0 0 -1
    outer loop
      vertex -54.5243 54.3073 2.15
      vertex -54.4878 54.6524 2.15
      vertex -54.4613 54.1742 2.15
    endloop
  endfacet
  facet normal 0 0 -1
    outer loop
      vertex -54.5243 54.3073 2.15
      vertex -54.5787 54.3983 2.15
      vertex -54.4878 54.6524 2.15
    endloop
  endfacet
  facet normal 0 0 -1
    outer loop
      vertex -54.5787 54.3983 2.15
      vertex -54.5243 54.3073 2.15
      vertex -54.5787 54.3981 2.15
    endloop
  endfacet
  facet normal 0.0489209 0.998803 -0
    outer loop
      vertex -51.9471 50.85 0
      vertex -52.2166 50.8632 2.15
      vertex -51.9471 50.85 2.15
    endloop
  endfacet
  facet normal 0.0489209 0.998803 0
    outer loop
      vertex -52.2166 50.8632 2.15
      vertex -51.9471 50.85 0
      vertex -52.2166 50.8632 0
    endloop
  endfacet
  facet normal -0.740757 0.671773 0
    outer loop
      vertex -49.944 51.7201 0
      vertex -49.8213 51.8554 2.15
      vertex -49.8213 51.8554 0
    endloop
  endfacet
  facet normal -0.740757 0.671773 0
    outer loop
      vertex -49.8213 51.8554 2.15
      vertex -49.944 51.7201 0
      vertex -49.944 51.7201 2.15
    endloop
  endfacet
  facet normal -0.857826 0.51394 0
    outer loop
      vertex 54.5243 54.3073 0
      vertex 54.5787 54.3981 2.15
      vertex 54.5787 54.3981 0
    endloop
  endfacet
  facet normal -0.857826 0.51394 0
    outer loop
      vertex 54.5787 54.3981 2.15
      vertex 54.5243 54.3073 0
      vertex 54.5243 54.3073 2.15
    endloop
  endfacet
  facet normal -0.998804 -0.0488878 0
    outer loop
      vertex 54.3543 53.4529 0
      vertex 54.3471 53.6 2.15
      vertex 54.3471 53.6 0
    endloop
  endfacet
  facet normal -0.998804 -0.0488878 0
    outer loop
      vertex 54.3471 53.6 2.15
      vertex 54.3543 53.4529 0
      vertex 54.3543 53.4529 2.15
    endloop
  endfacet
  facet normal -0.969982 0.243175 0
    outer loop
      vertex 54.3759 53.8927 0
      vertex 54.4117 54.0355 2.15
      vertex 54.4117 54.0355 0
    endloop
  endfacet
  facet normal -0.969982 0.243175 0
    outer loop
      vertex 54.4117 54.0355 2.15
      vertex 54.3759 53.8927 0
      vertex 54.3759 53.8927 2.15
    endloop
  endfacet
  facet normal -0.970023 -0.243015 0
    outer loop
      vertex 54.4117 53.1644 0
      vertex 54.3759 53.3073 2.15
      vertex 54.3759 53.3073 0
    endloop
  endfacet
  facet normal -0.970023 -0.243015 0
    outer loop
      vertex 54.3759 53.3073 2.15
      vertex 54.4117 53.1644 0
      vertex 54.4117 53.1644 2.15
    endloop
  endfacet
  facet normal -0.941527 -0.336939 0
    outer loop
      vertex 54.4613 53.0258 0
      vertex 54.4117 53.1644 2.15
      vertex 54.4117 53.1644 0
    endloop
  endfacet
  facet normal -0.941527 -0.336939 0
    outer loop
      vertex 54.4117 53.1644 2.15
      vertex 54.4613 53.0258 0
      vertex 54.4613 53.0258 2.15
    endloop
  endfacet
  facet normal -0.903862 -0.427824 0
    outer loop
      vertex 54.5243 52.8927 0
      vertex 54.4613 53.0258 2.15
      vertex 54.4613 53.0258 0
    endloop
  endfacet
  facet normal -0.903862 -0.427824 0
    outer loop
      vertex 54.4613 53.0258 2.15
      vertex 54.5243 52.8927 0
      vertex 54.5243 52.8927 2.15
    endloop
  endfacet
  facet normal -0.989174 0.146746 0
    outer loop
      vertex 54.3543 53.7471 0
      vertex 54.3759 53.8927 2.15
      vertex 54.3759 53.8927 0
    endloop
  endfacet
  facet normal -0.989174 0.146746 0
    outer loop
      vertex 54.3759 53.8927 2.15
      vertex 54.3543 53.7471 0
      vertex 54.3543 53.7471 2.15
    endloop
  endfacet
  facet normal -0.857826 -0.51394 0
    outer loop
      vertex 54.5787 52.8019 0
      vertex 54.5243 52.8927 2.15
      vertex 54.5243 52.8927 0
    endloop
  endfacet
  facet normal -0.857826 -0.51394 0
    outer loop
      vertex 54.5243 52.8927 2.15
      vertex 54.5787 52.8019 0
      vertex 54.5787 52.8019 2.15
    endloop
  endfacet
  facet normal -0.941604 0.336723 0
    outer loop
      vertex 54.4117 54.0355 0
      vertex 54.4613 54.1742 2.15
      vertex 54.4613 54.1742 0
    endloop
  endfacet
  facet normal -0.941604 0.336723 0
    outer loop
      vertex 54.4613 54.1742 2.15
      vertex 54.4117 54.0355 0
      vertex 54.4117 54.0355 2.15
    endloop
  endfacet
  facet normal -0.989174 -0.146746 0
    outer loop
      vertex 54.3759 53.3073 0
      vertex 54.3543 53.4529 2.15
      vertex 54.3543 53.4529 0
    endloop
  endfacet
  facet normal -0.989174 -0.146746 0
    outer loop
      vertex 54.3543 53.4529 2.15
      vertex 54.3759 53.3073 0
      vertex 54.3759 53.3073 2.15
    endloop
  endfacet
  facet normal -0.903862 0.427824 0
    outer loop
      vertex 54.4613 54.1742 0
      vertex 54.5243 54.3073 2.15
      vertex 54.5243 54.3073 0
    endloop
  endfacet
  facet normal -0.903862 0.427824 0
    outer loop
      vertex 54.5243 54.3073 2.15
      vertex 54.4613 54.1742 0
      vertex 54.4613 54.1742 2.15
    endloop
  endfacet
  facet normal -0.998804 0.0488878 0
    outer loop
      vertex 54.3471 53.6 0
      vertex 54.3543 53.7471 2.15
      vertex 54.3543 53.7471 0
    endloop
  endfacet
  facet normal -0.998804 0.0488878 0
    outer loop
      vertex 54.3543 53.7471 2.15
      vertex 54.3471 53.6 0
      vertex 54.3471 53.6 2.15
    endloop
  endfacet
  facet normal -0.874574 -0.484893 0
    outer loop
      vertex 52.6231 56.1855 0
      vertex 52.5737 56.2746 2.15
      vertex 52.5737 56.2746 0
    endloop
  endfacet
  facet normal -0.874574 -0.484893 0
    outer loop
      vertex 52.5737 56.2746 2.15
      vertex 52.6231 56.1855 0
      vertex 52.6231 56.1855 2.15
    endloop
  endfacet
  facet normal -0.178587 -0.983924 0
    outer loop
      vertex 53.5566 55.5166 0
      vertex 53.7015 55.4903 2.15
      vertex 53.5566 55.5166 2.15
    endloop
  endfacet
  facet normal -0.178587 -0.983924 -0
    outer loop
      vertex 53.7015 55.4903 2.15
      vertex 53.5566 55.5166 0
      vertex 53.7015 55.4903 0
    endloop
  endfacet
  facet normal -0.822094 -0.569351 0
    outer loop
      vertex 52.7069 56.0645 0
      vertex 52.6231 56.1855 2.15
      vertex 52.6231 56.1855 0
    endloop
  endfacet
  facet normal -0.822094 -0.569351 0
    outer loop
      vertex 52.6231 56.1855 2.15
      vertex 52.7069 56.0645 0
      vertex 52.7069 56.0645 2.15
    endloop
  endfacet
  facet normal -0.541787 -0.840516 0
    outer loop
      vertex 53.0233 55.7583 0
      vertex 53.1471 55.6785 2.15
      vertex 53.0233 55.7583 2.15
    endloop
  endfacet
  facet normal -0.541787 -0.840516 -0
    outer loop
      vertex 53.1471 55.6785 2.15
      vertex 53.0233 55.7583 0
      vertex 53.1471 55.6785 0
    endloop
  endfacet
  facet normal -0.695467 -0.718558 0
    outer loop
      vertex 52.8022 55.9522 0
      vertex 52.908 55.8498 2.15
      vertex 52.8022 55.9522 2.15
    endloop
  endfacet
  facet normal -0.695467 -0.718558 -0
    outer loop
      vertex 52.908 55.8498 2.15
      vertex 52.8022 55.9522 0
      vertex 52.908 55.8498 0
    endloop
  endfacet
  facet normal -0.456964 -0.889485 0
    outer loop
      vertex 53.1471 55.6785 0
      vertex 53.2781 55.6112 2.15
      vertex 53.1471 55.6785 2.15
    endloop
  endfacet
  facet normal -0.456964 -0.889485 -0
    outer loop
      vertex 53.2781 55.6112 2.15
      vertex 53.1471 55.6785 0
      vertex 53.2781 55.6112 0
    endloop
  endfacet
  facet normal -0.367522 -0.930015 0
    outer loop
      vertex 53.2781 55.6112 0
      vertex 53.415 55.5571 2.15
      vertex 53.2781 55.6112 2.15
    endloop
  endfacet
  facet normal -0.367522 -0.930015 -0
    outer loop
      vertex 53.415 55.5571 2.15
      vertex 53.2781 55.6112 0
      vertex 53.415 55.5571 0
    endloop
  endfacet
  facet normal -0.0822021 -0.996616 0
    outer loop
      vertex 53.7015 55.4903 0
      vertex 53.8482 55.4782 2.15
      vertex 53.7015 55.4903 2.15
    endloop
  endfacet
  facet normal -0.0822021 -0.996616 -0
    outer loop
      vertex 53.8482 55.4782 2.15
      vertex 53.7015 55.4903 0
      vertex 53.8482 55.4782 0
    endloop
  endfacet
  facet normal -0.27499 -0.961447 0
    outer loop
      vertex 53.415 55.5571 0
      vertex 53.5566 55.5166 2.15
      vertex 53.415 55.5571 2.15
    endloop
  endfacet
  facet normal -0.27499 -0.961447 -0
    outer loop
      vertex 53.5566 55.5166 2.15
      vertex 53.415 55.5571 0
      vertex 53.5566 55.5166 0
    endloop
  endfacet
  facet normal 0.0166644 -0.999861 0
    outer loop
      vertex 53.8482 55.4782 0
      vertex 53.9502 55.4799 2.15
      vertex 53.8482 55.4782 2.15
    endloop
  endfacet
  facet normal 0.0166644 -0.999861 0
    outer loop
      vertex 53.9502 55.4799 2.15
      vertex 53.8482 55.4782 0
      vertex 53.9502 55.4799 0
    endloop
  endfacet
  facet normal -0.762458 -0.647037 0
    outer loop
      vertex 52.8022 55.9522 0
      vertex 52.7069 56.0645 2.15
      vertex 52.7069 56.0645 0
    endloop
  endfacet
  facet normal -0.762458 -0.647037 0
    outer loop
      vertex 52.7069 56.0645 2.15
      vertex 52.8022 55.9522 0
      vertex 52.8022 55.9522 2.15
    endloop
  endfacet
  facet normal -0.621625 -0.783315 0
    outer loop
      vertex 52.908 55.8498 0
      vertex 53.0233 55.7583 2.15
      vertex 52.908 55.8498 2.15
    endloop
  endfacet
  facet normal -0.621625 -0.783315 -0
    outer loop
      vertex 53.0233 55.7583 2.15
      vertex 52.908 55.8498 0
      vertex 53.0233 55.7583 0
    endloop
  endfacet
  facet normal 0.822094 -0.569351 0
    outer loop
      vertex 51.1873 56.0645 2.15
      vertex 51.2711 56.1855 0
      vertex 51.2711 56.1855 2.15
    endloop
  endfacet
  facet normal 0.822094 -0.569351 0
    outer loop
      vertex 51.2711 56.1855 0
      vertex 51.1873 56.0645 2.15
      vertex 51.1873 56.0645 0
    endloop
  endfacet
  facet normal 0.541787 -0.840516 0
    outer loop
      vertex 50.7471 55.6785 0
      vertex 50.8709 55.7583 2.15
      vertex 50.7471 55.6785 2.15
    endloop
  endfacet
  facet normal 0.541787 -0.840516 0
    outer loop
      vertex 50.8709 55.7583 2.15
      vertex 50.7471 55.6785 0
      vertex 50.8709 55.7583 0
    endloop
  endfacet
  facet normal 0.695467 -0.718558 0
    outer loop
      vertex 50.9862 55.8498 0
      vertex 51.092 55.9522 2.15
      vertex 50.9862 55.8498 2.15
    endloop
  endfacet
  facet normal 0.695467 -0.718558 0
    outer loop
      vertex 51.092 55.9522 2.15
      vertex 50.9862 55.8498 0
      vertex 51.092 55.9522 0
    endloop
  endfacet
  facet normal 0.367522 -0.930015 0
    outer loop
      vertex 50.4792 55.5571 0
      vertex 50.6161 55.6112 2.15
      vertex 50.4792 55.5571 2.15
    endloop
  endfacet
  facet normal 0.367522 -0.930015 0
    outer loop
      vertex 50.6161 55.6112 2.15
      vertex 50.4792 55.5571 0
      vertex 50.6161 55.6112 0
    endloop
  endfacet
  facet normal 0.762458 -0.647037 0
    outer loop
      vertex 51.092 55.9522 2.15
      vertex 51.1873 56.0645 0
      vertex 51.1873 56.0645 2.15
    endloop
  endfacet
  facet normal 0.762458 -0.647037 0
    outer loop
      vertex 51.1873 56.0645 0
      vertex 51.092 55.9522 2.15
      vertex 51.092 55.9522 0
    endloop
  endfacet
  facet normal 0.874574 -0.484893 0
    outer loop
      vertex 51.2711 56.1855 2.15
      vertex 51.3205 56.2746 0
      vertex 51.3205 56.2746 2.15
    endloop
  endfacet
  facet normal 0.874574 -0.484893 0
    outer loop
      vertex 51.3205 56.2746 0
      vertex 51.2711 56.1855 2.15
      vertex 51.2711 56.1855 0
    endloop
  endfacet
  facet normal 0.178587 -0.983924 0
    outer loop
      vertex 50.1927 55.4903 0
      vertex 50.3376 55.5166 2.15
      vertex 50.1927 55.4903 2.15
    endloop
  endfacet
  facet normal 0.178587 -0.983924 0
    outer loop
      vertex 50.3376 55.5166 2.15
      vertex 50.1927 55.4903 0
      vertex 50.3376 55.5166 0
    endloop
  endfacet
  facet normal 0.27499 -0.961447 0
    outer loop
      vertex 50.3376 55.5166 0
      vertex 50.4792 55.5571 2.15
      vertex 50.3376 55.5166 2.15
    endloop
  endfacet
  facet normal 0.27499 -0.961447 0
    outer loop
      vertex 50.4792 55.5571 2.15
      vertex 50.3376 55.5166 0
      vertex 50.4792 55.5571 0
    endloop
  endfacet
  facet normal 0.621625 -0.783315 0
    outer loop
      vertex 50.8709 55.7583 0
      vertex 50.9862 55.8498 2.15
      vertex 50.8709 55.7583 2.15
    endloop
  endfacet
  facet normal 0.621625 -0.783315 0
    outer loop
      vertex 50.9862 55.8498 2.15
      vertex 50.8709 55.7583 0
      vertex 50.9862 55.8498 0
    endloop
  endfacet
  facet normal 0.0822021 -0.996616 0
    outer loop
      vertex 50.046 55.4782 0
      vertex 50.1927 55.4903 2.15
      vertex 50.046 55.4782 2.15
    endloop
  endfacet
  facet normal 0.0822021 -0.996616 0
    outer loop
      vertex 50.1927 55.4903 2.15
      vertex 50.046 55.4782 0
      vertex 50.1927 55.4903 0
    endloop
  endfacet
  facet normal 0.456964 -0.889485 0
    outer loop
      vertex 50.6161 55.6112 0
      vertex 50.7471 55.6785 2.15
      vertex 50.6161 55.6112 2.15
    endloop
  endfacet
  facet normal 0.456964 -0.889485 0
    outer loop
      vertex 50.7471 55.6785 2.15
      vertex 50.6161 55.6112 0
      vertex 50.7471 55.6785 0
    endloop
  endfacet
  facet normal -0.0166644 -0.999861 0
    outer loop
      vertex 49.944 55.4799 0
      vertex 50.046 55.4782 2.15
      vertex 49.944 55.4799 2.15
    endloop
  endfacet
  facet normal -0.0166644 -0.999861 -0
    outer loop
      vertex 50.046 55.4782 2.15
      vertex 49.944 55.4799 0
      vertex 50.046 55.4782 0
    endloop
  endfacet
  facet normal 0.941604 0.336723 0
    outer loop
      vertex 49.4825 54.0355 2.15
      vertex 49.4329 54.1742 0
      vertex 49.4329 54.1742 2.15
    endloop
  endfacet
  facet normal 0.941604 0.336723 0
    outer loop
      vertex 49.4329 54.1742 0
      vertex 49.4825 54.0355 2.15
      vertex 49.4825 54.0355 0
    endloop
  endfacet
  facet normal 0.989174 -0.146746 0
    outer loop
      vertex 49.5183 53.3073 2.15
      vertex 49.5399 53.4529 0
      vertex 49.5399 53.4529 2.15
    endloop
  endfacet
  facet normal 0.989174 -0.146746 0
    outer loop
      vertex 49.5399 53.4529 0
      vertex 49.5183 53.3073 2.15
      vertex 49.5183 53.3073 0
    endloop
  endfacet
  facet normal 0.970023 -0.243015 0
    outer loop
      vertex 49.4825 53.1644 2.15
      vertex 49.5183 53.3073 0
      vertex 49.5183 53.3073 2.15
    endloop
  endfacet
  facet normal 0.970023 -0.243015 0
    outer loop
      vertex 49.5183 53.3073 0
      vertex 49.4825 53.1644 2.15
      vertex 49.4825 53.1644 0
    endloop
  endfacet
  facet normal 0.969982 0.243175 0
    outer loop
      vertex 49.5183 53.8927 2.15
      vertex 49.4825 54.0355 0
      vertex 49.4825 54.0355 2.15
    endloop
  endfacet
  facet normal 0.969982 0.243175 0
    outer loop
      vertex 49.4825 54.0355 0
      vertex 49.5183 53.8927 2.15
      vertex 49.5183 53.8927 0
    endloop
  endfacet
  facet normal 0.941527 -0.336939 0
    outer loop
      vertex 49.4329 53.0258 2.15
      vertex 49.4825 53.1644 0
      vertex 49.4825 53.1644 2.15
    endloop
  endfacet
  facet normal 0.941527 -0.336939 0
    outer loop
      vertex 49.4825 53.1644 0
      vertex 49.4329 53.0258 2.15
      vertex 49.4329 53.0258 0
    endloop
  endfacet
  facet normal 0.857826 -0.51394 0
    outer loop
      vertex 49.3155 52.8019 2.15
      vertex 49.3699 52.8927 0
      vertex 49.3699 52.8927 2.15
    endloop
  endfacet
  facet normal 0.857826 -0.51394 0
    outer loop
      vertex 49.3699 52.8927 0
      vertex 49.3155 52.8019 2.15
      vertex 49.3155 52.8019 0
    endloop
  endfacet
  facet normal 0.903862 0.427824 0
    outer loop
      vertex 49.4329 54.1742 2.15
      vertex 49.3699 54.3073 0
      vertex 49.3699 54.3073 2.15
    endloop
  endfacet
  facet normal 0.903862 0.427824 0
    outer loop
      vertex 49.3699 54.3073 0
      vertex 49.4329 54.1742 2.15
      vertex 49.4329 54.1742 0
    endloop
  endfacet
  facet normal 0.857826 0.51394 0
    outer loop
      vertex 49.3699 54.3073 2.15
      vertex 49.3155 54.3981 0
      vertex 49.3155 54.3981 2.15
    endloop
  endfacet
  facet normal 0.857826 0.51394 0
    outer loop
      vertex 49.3155 54.3981 0
      vertex 49.3699 54.3073 2.15
      vertex 49.3699 54.3073 0
    endloop
  endfacet
  facet normal 0.989174 0.146746 0
    outer loop
      vertex 49.5399 53.7471 2.15
      vertex 49.5183 53.8927 0
      vertex 49.5183 53.8927 2.15
    endloop
  endfacet
  facet normal 0.989174 0.146746 0
    outer loop
      vertex 49.5183 53.8927 0
      vertex 49.5399 53.7471 2.15
      vertex 49.5399 53.7471 0
    endloop
  endfacet
  facet normal 0.998804 0.0488878 0
    outer loop
      vertex 49.5471 53.6 2.15
      vertex 49.5399 53.7471 0
      vertex 49.5399 53.7471 2.15
    endloop
  endfacet
  facet normal 0.998804 0.0488878 0
    outer loop
      vertex 49.5399 53.7471 0
      vertex 49.5471 53.6 2.15
      vertex 49.5471 53.6 0
    endloop
  endfacet
  facet normal 0.903862 -0.427824 0
    outer loop
      vertex 49.3699 52.8927 2.15
      vertex 49.4329 53.0258 0
      vertex 49.4329 53.0258 2.15
    endloop
  endfacet
  facet normal 0.903862 -0.427824 0
    outer loop
      vertex 49.4329 53.0258 0
      vertex 49.3699 52.8927 2.15
      vertex 49.3699 52.8927 0
    endloop
  endfacet
  facet normal 0.998804 -0.0488878 0
    outer loop
      vertex 49.5399 53.4529 2.15
      vertex 49.5471 53.6 0
      vertex 49.5471 53.6 2.15
    endloop
  endfacet
  facet normal 0.998804 -0.0488878 0
    outer loop
      vertex 49.5471 53.6 0
      vertex 49.5399 53.4529 2.15
      vertex 49.5399 53.4529 0
    endloop
  endfacet
  facet normal 0.874574 0.484893 0
    outer loop
      vertex 51.3205 50.9254 2.15
      vertex 51.2711 51.0145 0
      vertex 51.2711 51.0145 2.15
    endloop
  endfacet
  facet normal 0.874574 0.484893 0
    outer loop
      vertex 51.2711 51.0145 0
      vertex 51.3205 50.9254 2.15
      vertex 51.3205 50.9254 0
    endloop
  endfacet
  facet normal 0.621625 0.783315 -0
    outer loop
      vertex 50.9862 51.3502 0
      vertex 50.8709 51.4417 2.15
      vertex 50.9862 51.3502 2.15
    endloop
  endfacet
  facet normal 0.621625 0.783315 0
    outer loop
      vertex 50.8709 51.4417 2.15
      vertex 50.9862 51.3502 0
      vertex 50.8709 51.4417 0
    endloop
  endfacet
  facet normal 0.822094 0.569351 0
    outer loop
      vertex 51.2711 51.0145 2.15
      vertex 51.1873 51.1355 0
      vertex 51.1873 51.1355 2.15
    endloop
  endfacet
  facet normal 0.822094 0.569351 0
    outer loop
      vertex 51.1873 51.1355 0
      vertex 51.2711 51.0145 2.15
      vertex 51.2711 51.0145 0
    endloop
  endfacet
  facet normal 0.541787 0.840516 -0
    outer loop
      vertex 50.8709 51.4417 0
      vertex 50.7471 51.5215 2.15
      vertex 50.8709 51.4417 2.15
    endloop
  endfacet
  facet normal 0.541787 0.840516 0
    outer loop
      vertex 50.7471 51.5215 2.15
      vertex 50.8709 51.4417 0
      vertex 50.7471 51.5215 0
    endloop
  endfacet
  facet normal 0.695467 0.718558 -0
    outer loop
      vertex 51.092 51.2478 0
      vertex 50.9862 51.3502 2.15
      vertex 51.092 51.2478 2.15
    endloop
  endfacet
  facet normal 0.695467 0.718558 0
    outer loop
      vertex 50.9862 51.3502 2.15
      vertex 51.092 51.2478 0
      vertex 50.9862 51.3502 0
    endloop
  endfacet
  facet normal 0.456964 0.889485 -0
    outer loop
      vertex 50.7471 51.5215 0
      vertex 50.6161 51.5888 2.15
      vertex 50.7471 51.5215 2.15
    endloop
  endfacet
  facet normal 0.456964 0.889485 0
    outer loop
      vertex 50.6161 51.5888 2.15
      vertex 50.7471 51.5215 0
      vertex 50.6161 51.5888 0
    endloop
  endfacet
  facet normal 0.27499 0.961447 -0
    outer loop
      vertex 50.4792 51.6429 0
      vertex 50.3376 51.6834 2.15
      vertex 50.4792 51.6429 2.15
    endloop
  endfacet
  facet normal 0.27499 0.961447 0
    outer loop
      vertex 50.3376 51.6834 2.15
      vertex 50.4792 51.6429 0
      vertex 50.3376 51.6834 0
    endloop
  endfacet
  facet normal 0.367522 0.930015 -0
    outer loop
      vertex 50.6161 51.5888 0
      vertex 50.4792 51.6429 2.15
      vertex 50.6161 51.5888 2.15
    endloop
  endfacet
  facet normal 0.367522 0.930015 0
    outer loop
      vertex 50.4792 51.6429 2.15
      vertex 50.6161 51.5888 0
      vertex 50.4792 51.6429 0
    endloop
  endfacet
  facet normal 0.178587 0.983924 -0
    outer loop
      vertex 50.3376 51.6834 0
      vertex 50.1927 51.7097 2.15
      vertex 50.3376 51.6834 2.15
    endloop
  endfacet
  facet normal 0.178587 0.983924 0
    outer loop
      vertex 50.1927 51.7097 2.15
      vertex 50.3376 51.6834 0
      vertex 50.1927 51.7097 0
    endloop
  endfacet
  facet normal -0.0166644 0.999861 0
    outer loop
      vertex 50.046 51.7218 0
      vertex 49.944 51.7201 2.15
      vertex 50.046 51.7218 2.15
    endloop
  endfacet
  facet normal -0.0166644 0.999861 0
    outer loop
      vertex 49.944 51.7201 2.15
      vertex 50.046 51.7218 0
      vertex 49.944 51.7201 0
    endloop
  endfacet
  facet normal 0.762458 0.647037 0
    outer loop
      vertex 51.1873 51.1355 2.15
      vertex 51.092 51.2478 0
      vertex 51.092 51.2478 2.15
    endloop
  endfacet
  facet normal 0.762458 0.647037 0
    outer loop
      vertex 51.092 51.2478 0
      vertex 51.1873 51.1355 2.15
      vertex 51.1873 51.1355 0
    endloop
  endfacet
  facet normal 0.0822021 0.996616 -0
    outer loop
      vertex 50.1927 51.7097 0
      vertex 50.046 51.7218 2.15
      vertex 50.1927 51.7097 2.15
    endloop
  endfacet
  facet normal 0.0822021 0.996616 0
    outer loop
      vertex 50.046 51.7218 2.15
      vertex 50.1927 51.7097 0
      vertex 50.046 51.7218 0
    endloop
  endfacet
  facet normal -0.762458 0.647037 0
    outer loop
      vertex 52.7069 51.1355 0
      vertex 52.8022 51.2478 2.15
      vertex 52.8022 51.2478 0
    endloop
  endfacet
  facet normal -0.762458 0.647037 0
    outer loop
      vertex 52.8022 51.2478 2.15
      vertex 52.7069 51.1355 0
      vertex 52.7069 51.1355 2.15
    endloop
  endfacet
  facet normal -0.695467 0.718558 0
    outer loop
      vertex 52.908 51.3502 0
      vertex 52.8022 51.2478 2.15
      vertex 52.908 51.3502 2.15
    endloop
  endfacet
  facet normal -0.695467 0.718558 0
    outer loop
      vertex 52.8022 51.2478 2.15
      vertex 52.908 51.3502 0
      vertex 52.8022 51.2478 0
    endloop
  endfacet
  facet normal -0.456964 0.889485 0
    outer loop
      vertex 53.2781 51.5888 0
      vertex 53.1471 51.5215 2.15
      vertex 53.2781 51.5888 2.15
    endloop
  endfacet
  facet normal -0.456964 0.889485 0
    outer loop
      vertex 53.1471 51.5215 2.15
      vertex 53.2781 51.5888 0
      vertex 53.1471 51.5215 0
    endloop
  endfacet
  facet normal -0.874574 0.484893 0
    outer loop
      vertex 52.5737 50.9254 0
      vertex 52.6231 51.0145 2.15
      vertex 52.6231 51.0145 0
    endloop
  endfacet
  facet normal -0.874574 0.484893 0
    outer loop
      vertex 52.6231 51.0145 2.15
      vertex 52.5737 50.9254 0
      vertex 52.5737 50.9254 2.15
    endloop
  endfacet
  facet normal -0.178587 0.983924 0
    outer loop
      vertex 53.7015 51.7097 0
      vertex 53.5566 51.6834 2.15
      vertex 53.7015 51.7097 2.15
    endloop
  endfacet
  facet normal -0.178587 0.983924 0
    outer loop
      vertex 53.5566 51.6834 2.15
      vertex 53.7015 51.7097 0
      vertex 53.5566 51.6834 0
    endloop
  endfacet
  facet normal -0.621625 0.783315 0
    outer loop
      vertex 53.0233 51.4417 0
      vertex 52.908 51.3502 2.15
      vertex 53.0233 51.4417 2.15
    endloop
  endfacet
  facet normal -0.621625 0.783315 0
    outer loop
      vertex 52.908 51.3502 2.15
      vertex 53.0233 51.4417 0
      vertex 52.908 51.3502 0
    endloop
  endfacet
  facet normal -0.27499 0.961447 0
    outer loop
      vertex 53.5566 51.6834 0
      vertex 53.415 51.6429 2.15
      vertex 53.5566 51.6834 2.15
    endloop
  endfacet
  facet normal -0.27499 0.961447 0
    outer loop
      vertex 53.415 51.6429 2.15
      vertex 53.5566 51.6834 0
      vertex 53.415 51.6429 0
    endloop
  endfacet
  facet normal -0.541787 0.840516 0
    outer loop
      vertex 53.1471 51.5215 0
      vertex 53.0233 51.4417 2.15
      vertex 53.1471 51.5215 2.15
    endloop
  endfacet
  facet normal -0.541787 0.840516 0
    outer loop
      vertex 53.0233 51.4417 2.15
      vertex 53.1471 51.5215 0
      vertex 53.0233 51.4417 0
    endloop
  endfacet
  facet normal -0.0822021 0.996616 0
    outer loop
      vertex 53.8482 51.7218 0
      vertex 53.7015 51.7097 2.15
      vertex 53.8482 51.7218 2.15
    endloop
  endfacet
  facet normal -0.0822021 0.996616 0
    outer loop
      vertex 53.7015 51.7097 2.15
      vertex 53.8482 51.7218 0
      vertex 53.7015 51.7097 0
    endloop
  endfacet
  facet normal -0.822094 0.569351 0
    outer loop
      vertex 52.6231 51.0145 0
      vertex 52.7069 51.1355 2.15
      vertex 52.7069 51.1355 0
    endloop
  endfacet
  facet normal -0.822094 0.569351 0
    outer loop
      vertex 52.7069 51.1355 2.15
      vertex 52.6231 51.0145 0
      vertex 52.6231 51.0145 2.15
    endloop
  endfacet
  facet normal -0.367522 0.930015 0
    outer loop
      vertex 53.415 51.6429 0
      vertex 53.2781 51.5888 2.15
      vertex 53.415 51.6429 2.15
    endloop
  endfacet
  facet normal -0.367522 0.930015 0
    outer loop
      vertex 53.2781 51.5888 2.15
      vertex 53.415 51.6429 0
      vertex 53.2781 51.5888 0
    endloop
  endfacet
  facet normal 0.0166644 0.999861 -0
    outer loop
      vertex 53.9502 51.7201 0
      vertex 53.8482 51.7218 2.15
      vertex 53.9502 51.7201 2.15
    endloop
  endfacet
  facet normal 0.0166644 0.999861 0
    outer loop
      vertex 53.8482 51.7218 2.15
      vertex 53.9502 51.7201 0
      vertex 53.8482 51.7218 0
    endloop
  endfacet
  facet normal -1 0 0
    outer loop
      vertex 54.5787 54.3981 0
      vertex 54.5787 54.3983 2.15
      vertex 54.5787 54.3983 0
    endloop
  endfacet
  facet normal -1 -0 0
    outer loop
      vertex 54.5787 54.3983 2.15
      vertex 54.5787 54.3981 0
      vertex 54.5787 54.3981 2.15
    endloop
  endfacet
  facet normal 0.0489209 -0.998803 0
    outer loop
      vertex 51.6776 56.3368 0
      vertex 51.9471 56.35 2.15
      vertex 51.6776 56.3368 2.15
    endloop
  endfacet
  facet normal 0.0489209 -0.998803 0
    outer loop
      vertex 51.9471 56.35 2.15
      vertex 51.6776 56.3368 0
      vertex 51.9471 56.35 0
    endloop
  endfacet
  facet normal -0.740757 -0.671773 0
    outer loop
      vertex 54.0729 55.3446 0
      vertex 53.9502 55.4799 2.15
      vertex 53.9502 55.4799 0
    endloop
  endfacet
  facet normal -0.740757 -0.671773 0
    outer loop
      vertex 53.9502 55.4799 2.15
      vertex 54.0729 55.3446 0
      vertex 54.0729 55.3446 2.15
    endloop
  endfacet
  facet normal 0.14671 0.98918 -0
    outer loop
      vertex 51.6776 50.8632 0
      vertex 51.4106 50.9028 2.15
      vertex 51.6776 50.8632 2.15
    endloop
  endfacet
  facet normal 0.14671 0.98918 0
    outer loop
      vertex 51.4106 50.9028 2.15
      vertex 51.6776 50.8632 0
      vertex 51.4106 50.9028 0
    endloop
  endfacet
  facet normal 0.14671 -0.98918 0
    outer loop
      vertex 51.4106 56.2972 0
      vertex 51.6776 56.3368 2.15
      vertex 51.4106 56.2972 2.15
    endloop
  endfacet
  facet normal 0.14671 -0.98918 0
    outer loop
      vertex 51.6776 56.3368 2.15
      vertex 51.4106 56.2972 0
      vertex 51.6776 56.3368 0
    endloop
  endfacet
  facet normal -0.243295 0.969952 0
    outer loop
      vertex 52.5737 50.9254 0
      vertex 52.4836 50.9028 2.15
      vertex 52.5737 50.9254 2.15
    endloop
  endfacet
  facet normal -0.243295 0.969952 0
    outer loop
      vertex 52.4836 50.9028 2.15
      vertex 52.5737 50.9254 0
      vertex 52.4836 50.9028 0
    endloop
  endfacet
  facet normal 0.903926 -0.427688 0
    outer loop
      vertex 49.4064 54.6524 2.15
      vertex 49.5218 54.8963 0
      vertex 49.5218 54.8963 2.15
    endloop
  endfacet
  facet normal 0.903926 -0.427688 0
    outer loop
      vertex 49.5218 54.8963 0
      vertex 49.4064 54.6524 2.15
      vertex 49.4064 54.6524 0
    endloop
  endfacet
  facet normal 0.903926 0.427688 0
    outer loop
      vertex 49.5218 52.3037 2.15
      vertex 49.4064 52.5476 0
      vertex 49.4064 52.5476 2.15
    endloop
  endfacet
  facet normal 0.903926 0.427688 0
    outer loop
      vertex 49.4064 52.5476 0
      vertex 49.5218 52.3037 2.15
      vertex 49.5218 52.3037 0
    endloop
  endfacet
  facet normal -1 0 0
    outer loop
      vertex 54.5787 52.8017 0
      vertex 54.5787 52.8019 2.15
      vertex 54.5787 52.8019 0
    endloop
  endfacet
  facet normal -1 -0 0
    outer loop
      vertex 54.5787 52.8019 2.15
      vertex 54.5787 52.8017 0
      vertex 54.5787 52.8017 2.15
    endloop
  endfacet
  facet normal 0.941566 0.336829 0
    outer loop
      vertex 49.4064 52.5476 2.15
      vertex 49.3155 52.8017 0
      vertex 49.3155 52.8017 2.15
    endloop
  endfacet
  facet normal 0.941566 0.336829 0
    outer loop
      vertex 49.3155 52.8017 0
      vertex 49.4064 52.5476 2.15
      vertex 49.4064 52.5476 0
    endloop
  endfacet
  facet normal -0.243295 -0.969952 0
    outer loop
      vertex 52.4836 56.2972 0
      vertex 52.5737 56.2746 2.15
      vertex 52.4836 56.2972 2.15
    endloop
  endfacet
  facet normal -0.243295 -0.969952 -0
    outer loop
      vertex 52.5737 56.2746 2.15
      vertex 52.4836 56.2972 0
      vertex 52.5737 56.2746 0
    endloop
  endfacet
  facet normal 0.740757 -0.671773 0
    outer loop
      vertex 49.8213 55.3446 2.15
      vertex 49.944 55.4799 0
      vertex 49.944 55.4799 2.15
    endloop
  endfacet
  facet normal 0.740757 -0.671773 0
    outer loop
      vertex 49.944 55.4799 0
      vertex 49.8213 55.3446 2.15
      vertex 49.8213 55.3446 0
    endloop
  endfacet
  facet normal -0.0489209 0.998803 0
    outer loop
      vertex 52.2166 50.8632 0
      vertex 51.9471 50.85 2.15
      vertex 52.2166 50.8632 2.15
    endloop
  endfacet
  facet normal -0.0489209 0.998803 0
    outer loop
      vertex 51.9471 50.85 2.15
      vertex 52.2166 50.8632 0
      vertex 51.9471 50.85 0
    endloop
  endfacet
  facet normal -0.803367 -0.595485 0
    outer loop
      vertex 54.2336 55.1278 0
      vertex 54.0729 55.3446 2.15
      vertex 54.0729 55.3446 0
    endloop
  endfacet
  facet normal -0.803367 -0.595485 0
    outer loop
      vertex 54.0729 55.3446 2.15
      vertex 54.2336 55.1278 0
      vertex 54.2336 55.1278 2.15
    endloop
  endfacet
  facet normal 1 -0 0
    outer loop
      vertex 49.3155 52.8017 2.15
      vertex 49.3155 52.8019 0
      vertex 49.3155 52.8019 2.15
    endloop
  endfacet
  facet normal 1 0 0
    outer loop
      vertex 49.3155 52.8019 0
      vertex 49.3155 52.8017 2.15
      vertex 49.3155 52.8017 0
    endloop
  endfacet
  facet normal 0.941566 -0.336829 0
    outer loop
      vertex 49.3155 54.3983 2.15
      vertex 49.4064 54.6524 0
      vertex 49.4064 54.6524 2.15
    endloop
  endfacet
  facet normal 0.941566 -0.336829 0
    outer loop
      vertex 49.4064 54.6524 0
      vertex 49.3155 54.3983 2.15
      vertex 49.3155 54.3983 0
    endloop
  endfacet
  facet normal -0.903926 0.427688 0
    outer loop
      vertex 54.3724 52.3037 0
      vertex 54.4878 52.5476 2.15
      vertex 54.4878 52.5476 0
    endloop
  endfacet
  facet normal -0.903926 0.427688 0
    outer loop
      vertex 54.4878 52.5476 2.15
      vertex 54.3724 52.3037 0
      vertex 54.3724 52.3037 2.15
    endloop
  endfacet
  facet normal -0.14671 0.98918 0
    outer loop
      vertex 52.4836 50.9028 0
      vertex 52.2166 50.8632 2.15
      vertex 52.4836 50.9028 2.15
    endloop
  endfacet
  facet normal -0.14671 0.98918 0
    outer loop
      vertex 52.2166 50.8632 2.15
      vertex 52.4836 50.9028 0
      vertex 52.2166 50.8632 0
    endloop
  endfacet
  facet normal -0.941566 -0.336829 0
    outer loop
      vertex 54.5787 54.3983 0
      vertex 54.4878 54.6524 2.15
      vertex 54.4878 54.6524 0
    endloop
  endfacet
  facet normal -0.941566 -0.336829 0
    outer loop
      vertex 54.4878 54.6524 2.15
      vertex 54.5787 54.3983 0
      vertex 54.5787 54.3983 2.15
    endloop
  endfacet
  facet normal -0.803367 0.595485 0
    outer loop
      vertex 54.0729 51.8554 0
      vertex 54.2336 52.0722 2.15
      vertex 54.2336 52.0722 0
    endloop
  endfacet
  facet normal -0.803367 0.595485 0
    outer loop
      vertex 54.2336 52.0722 2.15
      vertex 54.0729 51.8554 0
      vertex 54.0729 51.8554 2.15
    endloop
  endfacet
  facet normal -0.857656 0.514223 0
    outer loop
      vertex 54.2336 52.0722 0
      vertex 54.3724 52.3037 2.15
      vertex 54.3724 52.3037 0
    endloop
  endfacet
  facet normal -0.857656 0.514223 0
    outer loop
      vertex 54.3724 52.3037 2.15
      vertex 54.2336 52.0722 0
      vertex 54.2336 52.0722 2.15
    endloop
  endfacet
  facet normal 0.243295 -0.969952 0
    outer loop
      vertex 51.3205 56.2746 0
      vertex 51.4106 56.2972 2.15
      vertex 51.3205 56.2746 2.15
    endloop
  endfacet
  facet normal 0.243295 -0.969952 0
    outer loop
      vertex 51.4106 56.2972 2.15
      vertex 51.3205 56.2746 0
      vertex 51.4106 56.2972 0
    endloop
  endfacet
  facet normal -0.941566 0.336829 0
    outer loop
      vertex 54.4878 52.5476 0
      vertex 54.5787 52.8017 2.15
      vertex 54.5787 52.8017 0
    endloop
  endfacet
  facet normal -0.941566 0.336829 0
    outer loop
      vertex 54.5787 52.8017 2.15
      vertex 54.4878 52.5476 0
      vertex 54.4878 52.5476 2.15
    endloop
  endfacet
  facet normal -0.0489209 -0.998803 0
    outer loop
      vertex 51.9471 56.35 0
      vertex 52.2166 56.3368 2.15
      vertex 51.9471 56.35 2.15
    endloop
  endfacet
  facet normal -0.0489209 -0.998803 -0
    outer loop
      vertex 52.2166 56.3368 2.15
      vertex 51.9471 56.35 0
      vertex 52.2166 56.3368 0
    endloop
  endfacet
  facet normal -0.903926 -0.427688 0
    outer loop
      vertex 54.4878 54.6524 0
      vertex 54.3724 54.8963 2.15
      vertex 54.3724 54.8963 0
    endloop
  endfacet
  facet normal -0.903926 -0.427688 0
    outer loop
      vertex 54.3724 54.8963 2.15
      vertex 54.4878 54.6524 0
      vertex 54.4878 54.6524 2.15
    endloop
  endfacet
  facet normal -0.14671 -0.98918 0
    outer loop
      vertex 52.2166 56.3368 0
      vertex 52.4836 56.2972 2.15
      vertex 52.2166 56.3368 2.15
    endloop
  endfacet
  facet normal -0.14671 -0.98918 -0
    outer loop
      vertex 52.4836 56.2972 2.15
      vertex 52.2166 56.3368 0
      vertex 52.4836 56.2972 0
    endloop
  endfacet
  facet normal 0.243295 0.969952 -0
    outer loop
      vertex 51.4106 50.9028 0
      vertex 51.3205 50.9254 2.15
      vertex 51.4106 50.9028 2.15
    endloop
  endfacet
  facet normal 0.243295 0.969952 0
    outer loop
      vertex 51.3205 50.9254 2.15
      vertex 51.4106 50.9028 0
      vertex 51.3205 50.9254 0
    endloop
  endfacet
  facet normal 0.857656 0.514223 0
    outer loop
      vertex 49.6606 52.0722 2.15
      vertex 49.5218 52.3037 0
      vertex 49.5218 52.3037 2.15
    endloop
  endfacet
  facet normal 0.857656 0.514223 0
    outer loop
      vertex 49.5218 52.3037 0
      vertex 49.6606 52.0722 2.15
      vertex 49.6606 52.0722 0
    endloop
  endfacet
  facet normal -0.857656 -0.514223 0
    outer loop
      vertex 54.3724 54.8963 0
      vertex 54.2336 55.1278 2.15
      vertex 54.2336 55.1278 0
    endloop
  endfacet
  facet normal -0.857656 -0.514223 0
    outer loop
      vertex 54.2336 55.1278 2.15
      vertex 54.3724 54.8963 0
      vertex 54.3724 54.8963 2.15
    endloop
  endfacet
  facet normal 0.740757 0.671773 0
    outer loop
      vertex 49.944 51.7201 2.15
      vertex 49.8213 51.8554 0
      vertex 49.8213 51.8554 2.15
    endloop
  endfacet
  facet normal 0.740757 0.671773 0
    outer loop
      vertex 49.8213 51.8554 0
      vertex 49.944 51.7201 2.15
      vertex 49.944 51.7201 0
    endloop
  endfacet
  facet normal 1 -0 0
    outer loop
      vertex 49.3155 54.3981 2.15
      vertex 49.3155 54.3983 0
      vertex 49.3155 54.3983 2.15
    endloop
  endfacet
  facet normal 1 0 0
    outer loop
      vertex 49.3155 54.3983 0
      vertex 49.3155 54.3981 2.15
      vertex 49.3155 54.3981 0
    endloop
  endfacet
  facet normal 0.803367 0.595485 0
    outer loop
      vertex 49.8213 51.8554 2.15
      vertex 49.6606 52.0722 0
      vertex 49.6606 52.0722 2.15
    endloop
  endfacet
  facet normal 0.803367 0.595485 0
    outer loop
      vertex 49.6606 52.0722 0
      vertex 49.8213 51.8554 2.15
      vertex 49.8213 51.8554 0
    endloop
  endfacet
  facet normal 0.803367 -0.595485 0
    outer loop
      vertex 49.6606 55.1278 2.15
      vertex 49.8213 55.3446 0
      vertex 49.8213 55.3446 2.15
    endloop
  endfacet
  facet normal 0.803367 -0.595485 0
    outer loop
      vertex 49.8213 55.3446 0
      vertex 49.6606 55.1278 2.15
      vertex 49.6606 55.1278 0
    endloop
  endfacet
  facet normal 0.857656 -0.514223 0
    outer loop
      vertex 49.5218 54.8963 2.15
      vertex 49.6606 55.1278 0
      vertex 49.6606 55.1278 2.15
    endloop
  endfacet
  facet normal 0.857656 -0.514223 0
    outer loop
      vertex 49.6606 55.1278 0
      vertex 49.5218 54.8963 2.15
      vertex 49.5218 54.8963 0
    endloop
  endfacet
  facet normal 0 0 -1
    outer loop
      vertex 54.5787 52.8017 2.15
      vertex 54.5243 52.8927 2.15
      vertex 54.5787 52.8019 2.15
    endloop
  endfacet
  facet normal 0 0 -1
    outer loop
      vertex 54.4878 52.5476 2.15
      vertex 54.5243 52.8927 2.15
      vertex 54.5787 52.8017 2.15
    endloop
  endfacet
  facet normal 0 0 -1
    outer loop
      vertex 54.4878 52.5476 2.15
      vertex 54.4613 53.0258 2.15
      vertex 54.5243 52.8927 2.15
    endloop
  endfacet
  facet normal 0 0 -1
    outer loop
      vertex 54.3724 52.3037 2.15
      vertex 54.4613 53.0258 2.15
      vertex 54.4878 52.5476 2.15
    endloop
  endfacet
  facet normal -0 0 -1
    outer loop
      vertex 54.4613 53.0258 2.15
      vertex 54.3724 52.3037 2.15
      vertex 54.4117 53.1644 2.15
    endloop
  endfacet
  facet normal 0 0 -1
    outer loop
      vertex 53.5566 51.6834 2.15
      vertex 54.4117 53.1644 2.15
      vertex 54.3724 52.3037 2.15
    endloop
  endfacet
  facet normal -0 0 -1
    outer loop
      vertex 54.4117 53.1644 2.15
      vertex 53.5566 51.6834 2.15
      vertex 54.3759 53.3073 2.15
    endloop
  endfacet
  facet normal 0 0 -1
    outer loop
      vertex 53.415 51.6429 2.15
      vertex 54.3759 53.3073 2.15
      vertex 53.5566 51.6834 2.15
    endloop
  endfacet
  facet normal 0 0 -1
    outer loop
      vertex 53.5566 51.6834 2.15
      vertex 54.3724 52.3037 2.15
      vertex 54.2336 52.0722 2.15
    endloop
  endfacet
  facet normal 0 0 -1
    outer loop
      vertex 54.5243 54.3073 2.15
      vertex 54.5787 54.3983 2.15
      vertex 54.5787 54.3981 2.15
    endloop
  endfacet
  facet normal 0 0 -1
    outer loop
      vertex 54.5243 54.3073 2.15
      vertex 54.4878 54.6524 2.15
      vertex 54.5787 54.3983 2.15
    endloop
  endfacet
  facet normal 0 0 -1
    outer loop
      vertex 54.4613 54.1742 2.15
      vertex 54.4878 54.6524 2.15
      vertex 54.5243 54.3073 2.15
    endloop
  endfacet
  facet normal 0 0 -1
    outer loop
      vertex 54.3724 54.8963 2.15
      vertex 54.4613 54.1742 2.15
      vertex 54.4117 54.0355 2.15
    endloop
  endfacet
  facet normal 0 0 -1
    outer loop
      vertex 53.5566 55.5166 2.15
      vertex 54.4117 54.0355 2.15
      vertex 54.3759 53.8927 2.15
    endloop
  endfacet
  facet normal 0 0 -1
    outer loop
      vertex 54.4613 54.1742 2.15
      vertex 54.3724 54.8963 2.15
      vertex 54.4878 54.6524 2.15
    endloop
  endfacet
  facet normal 0 0 -1
    outer loop
      vertex 53.415 55.5571 2.15
      vertex 54.3759 53.8927 2.15
      vertex 54.3543 53.7471 2.15
    endloop
  endfacet
  facet normal 0 0 -1
    outer loop
      vertex 53.2781 55.6112 2.15
      vertex 54.3543 53.7471 2.15
      vertex 54.3471 53.6 2.15
    endloop
  endfacet
  facet normal -0 0 -1
    outer loop
      vertex 54.3759 53.3073 2.15
      vertex 53.415 51.6429 2.15
      vertex 54.3543 53.4529 2.15
    endloop
  endfacet
  facet normal -0 0 -1
    outer loop
      vertex 54.3543 53.4529 2.15
      vertex 53.2781 51.5888 2.15
      vertex 54.3471 53.6 2.15
    endloop
  endfacet
  facet normal 0 0 -1
    outer loop
      vertex 53.7015 51.7097 2.15
      vertex 54.2336 52.0722 2.15
      vertex 54.0729 51.8554 2.15
    endloop
  endfacet
  facet normal 0 0 -1
    outer loop
      vertex 53.2781 51.5888 2.15
      vertex 54.3543 53.4529 2.15
      vertex 53.415 51.6429 2.15
    endloop
  endfacet
  facet normal 0 0 -1
    outer loop
      vertex 53.8482 51.7218 2.15
      vertex 54.0729 51.8554 2.15
      vertex 53.9502 51.7201 2.15
    endloop
  endfacet
  facet normal 0 0 -1
    outer loop
      vertex 53.7015 51.7097 2.15
      vertex 54.0729 51.8554 2.15
      vertex 53.8482 51.7218 2.15
    endloop
  endfacet
  facet normal 0 0 -1
    outer loop
      vertex 54.2336 52.0722 2.15
      vertex 53.7015 51.7097 2.15
      vertex 53.5566 51.6834 2.15
    endloop
  endfacet
  facet normal 0 0 -1
    outer loop
      vertex 54.0729 55.3446 2.15
      vertex 53.8482 55.4782 2.15
      vertex 53.9502 55.4799 2.15
    endloop
  endfacet
  facet normal 0 0 -1
    outer loop
      vertex 54.3759 53.8927 2.15
      vertex 53.415 55.5571 2.15
      vertex 53.5566 55.5166 2.15
    endloop
  endfacet
  facet normal 0 0 -1
    outer loop
      vertex 54.0729 55.3446 2.15
      vertex 53.7015 55.4903 2.15
      vertex 53.8482 55.4782 2.15
    endloop
  endfacet
  facet normal -0 -0 -1
    outer loop
      vertex 53.7015 55.4903 2.15
      vertex 54.2336 55.1278 2.15
      vertex 53.5566 55.5166 2.15
    endloop
  endfacet
  facet normal 0 0 -1
    outer loop
      vertex 54.2336 55.1278 2.15
      vertex 53.7015 55.4903 2.15
      vertex 54.0729 55.3446 2.15
    endloop
  endfacet
  facet normal 0 0 -1
    outer loop
      vertex 54.4117 54.0355 2.15
      vertex 53.5566 55.5166 2.15
      vertex 54.3724 54.8963 2.15
    endloop
  endfacet
  facet normal 0 0 -1
    outer loop
      vertex 54.3724 54.8963 2.15
      vertex 53.5566 55.5166 2.15
      vertex 54.2336 55.1278 2.15
    endloop
  endfacet
  facet normal 0 0 -1
    outer loop
      vertex 53.1471 51.5215 2.15
      vertex 54.3471 53.6 2.15
      vertex 53.2781 51.5888 2.15
    endloop
  endfacet
  facet normal 0 0 -1
    outer loop
      vertex 54.3543 53.7471 2.15
      vertex 53.2781 55.6112 2.15
      vertex 53.415 55.5571 2.15
    endloop
  endfacet
  facet normal 0 0 -1
    outer loop
      vertex 53.1471 55.6785 2.15
      vertex 54.3471 53.6 2.15
      vertex 53.1471 51.5215 2.15
    endloop
  endfacet
  facet normal 0 0 -1
    outer loop
      vertex 54.3471 53.6 2.15
      vertex 53.1471 55.6785 2.15
      vertex 53.2781 55.6112 2.15
    endloop
  endfacet
  facet normal 0 0 -1
    outer loop
      vertex 50.7471 51.5215 2.15
      vertex 53.1471 51.5215 2.15
      vertex 53.0233 51.4417 2.15
    endloop
  endfacet
  facet normal 0 0 -1
    outer loop
      vertex 53.1471 51.5215 2.15
      vertex 50.7471 51.5215 2.15
      vertex 53.1471 55.6785 2.15
    endloop
  endfacet
  facet normal 0 0 -1
    outer loop
      vertex 50.8709 51.4417 2.15
      vertex 53.0233 51.4417 2.15
      vertex 52.908 51.3502 2.15
    endloop
  endfacet
  facet normal 0 0 -1
    outer loop
      vertex 50.7471 55.6785 2.15
      vertex 53.1471 55.6785 2.15
      vertex 50.7471 51.5215 2.15
    endloop
  endfacet
  facet normal 0 0 -1
    outer loop
      vertex 50.9862 51.3502 2.15
      vertex 52.908 51.3502 2.15
      vertex 52.8022 51.2478 2.15
    endloop
  endfacet
  facet normal 0 0 -1
    outer loop
      vertex 53.1471 55.6785 2.15
      vertex 50.7471 55.6785 2.15
      vertex 53.0233 55.7583 2.15
    endloop
  endfacet
  facet normal 0 0 -1
    outer loop
      vertex 51.9471 50.85 2.15
      vertex 52.8022 51.2478 2.15
      vertex 52.7069 51.1355 2.15
    endloop
  endfacet
  facet normal 0 0 -1
    outer loop
      vertex 53.0233 51.4417 2.15
      vertex 50.8709 51.4417 2.15
      vertex 50.7471 51.5215 2.15
    endloop
  endfacet
  facet normal 0 0 -1
    outer loop
      vertex 52.2166 50.8632 2.15
      vertex 52.7069 51.1355 2.15
      vertex 52.6231 51.0145 2.15
    endloop
  endfacet
  facet normal 0 -0 -1
    outer loop
      vertex 50.8709 55.7583 2.15
      vertex 53.0233 55.7583 2.15
      vertex 50.7471 55.6785 2.15
    endloop
  endfacet
  facet normal 0 0 -1
    outer loop
      vertex 52.4836 50.9028 2.15
      vertex 52.6231 51.0145 2.15
      vertex 52.5737 50.9254 2.15
    endloop
  endfacet
  facet normal 0 0 -1
    outer loop
      vertex 52.908 55.8498 2.15
      vertex 50.9862 55.8498 2.15
      vertex 52.8022 55.9522 2.15
    endloop
  endfacet
  facet normal 0 0 -1
    outer loop
      vertex 52.2166 50.8632 2.15
      vertex 52.6231 51.0145 2.15
      vertex 52.4836 50.9028 2.15
    endloop
  endfacet
  facet normal 0 -0 -1
    outer loop
      vertex 51.092 55.9522 2.15
      vertex 52.8022 55.9522 2.15
      vertex 50.9862 55.8498 2.15
    endloop
  endfacet
  facet normal 0 0 -1
    outer loop
      vertex 52.7069 51.1355 2.15
      vertex 52.2166 50.8632 2.15
      vertex 51.9471 50.85 2.15
    endloop
  endfacet
  facet normal 0 -0 -1
    outer loop
      vertex 51.9471 56.35 2.15
      vertex 52.8022 55.9522 2.15
      vertex 51.092 55.9522 2.15
    endloop
  endfacet
  facet normal -0 0 -1
    outer loop
      vertex 52.8022 51.2478 2.15
      vertex 51.9471 50.85 2.15
      vertex 51.092 51.2478 2.15
    endloop
  endfacet
  facet normal 0 0 -1
    outer loop
      vertex 52.908 51.3502 2.15
      vertex 50.9862 51.3502 2.15
      vertex 50.8709 51.4417 2.15
    endloop
  endfacet
  facet normal 0 0 -1
    outer loop
      vertex 51.1873 51.1355 2.15
      vertex 51.9471 50.85 2.15
      vertex 51.6776 50.8632 2.15
    endloop
  endfacet
  facet normal 0 0 -1
    outer loop
      vertex 52.8022 55.9522 2.15
      vertex 51.9471 56.35 2.15
      vertex 52.7069 56.0645 2.15
    endloop
  endfacet
  facet normal 0 0 -1
    outer loop
      vertex 51.2711 51.0145 2.15
      vertex 51.6776 50.8632 2.15
      vertex 51.4106 50.9028 2.15
    endloop
  endfacet
  facet normal 0 0 -1
    outer loop
      vertex 51.9471 50.85 2.15
      vertex 51.1873 51.1355 2.15
      vertex 51.092 51.2478 2.15
    endloop
  endfacet
  facet normal 0 0 -1
    outer loop
      vertex 51.2711 51.0145 2.15
      vertex 51.4106 50.9028 2.15
      vertex 51.3205 50.9254 2.15
    endloop
  endfacet
  facet normal 0 0 -1
    outer loop
      vertex 51.6776 50.8632 2.15
      vertex 51.2711 51.0145 2.15
      vertex 51.1873 51.1355 2.15
    endloop
  endfacet
  facet normal 0 0 -1
    outer loop
      vertex 52.8022 51.2478 2.15
      vertex 51.092 51.2478 2.15
      vertex 50.9862 51.3502 2.15
    endloop
  endfacet
  facet normal 0 0 -1
    outer loop
      vertex 51.4106 56.2972 2.15
      vertex 51.2711 56.1855 2.15
      vertex 51.3205 56.2746 2.15
    endloop
  endfacet
  facet normal 0 -0 -1
    outer loop
      vertex 51.2711 56.1855 2.15
      vertex 51.6776 56.3368 2.15
      vertex 51.1873 56.0645 2.15
    endloop
  endfacet
  facet normal 0 0 -1
    outer loop
      vertex 51.6776 56.3368 2.15
      vertex 51.2711 56.1855 2.15
      vertex 51.4106 56.2972 2.15
    endloop
  endfacet
  facet normal -0 -0 -1
    outer loop
      vertex 52.2166 56.3368 2.15
      vertex 52.7069 56.0645 2.15
      vertex 51.9471 56.35 2.15
    endloop
  endfacet
  facet normal 0 0 -1
    outer loop
      vertex 51.9471 56.35 2.15
      vertex 51.1873 56.0645 2.15
      vertex 51.6776 56.3368 2.15
    endloop
  endfacet
  facet normal 0 0 -1
    outer loop
      vertex 52.7069 56.0645 2.15
      vertex 52.2166 56.3368 2.15
      vertex 52.6231 56.1855 2.15
    endloop
  endfacet
  facet normal 0 -0 -1
    outer loop
      vertex 51.1873 56.0645 2.15
      vertex 51.9471 56.35 2.15
      vertex 51.092 55.9522 2.15
    endloop
  endfacet
  facet normal 0 0 -1
    outer loop
      vertex 52.6231 56.1855 2.15
      vertex 52.4836 56.2972 2.15
      vertex 52.5737 56.2746 2.15
    endloop
  endfacet
  facet normal 0 0 -1
    outer loop
      vertex 52.6231 56.1855 2.15
      vertex 52.2166 56.3368 2.15
      vertex 52.4836 56.2972 2.15
    endloop
  endfacet
  facet normal 0 0 -1
    outer loop
      vertex 53.0233 55.7583 2.15
      vertex 50.8709 55.7583 2.15
      vertex 52.908 55.8498 2.15
    endloop
  endfacet
  facet normal 0 -0 -1
    outer loop
      vertex 50.9862 55.8498 2.15
      vertex 52.908 55.8498 2.15
      vertex 50.8709 55.7583 2.15
    endloop
  endfacet
  facet normal 0 0 -1
    outer loop
      vertex 49.5471 53.6 2.15
      vertex 50.7471 51.5215 2.15
      vertex 50.6161 51.5888 2.15
    endloop
  endfacet
  facet normal 0 0 -1
    outer loop
      vertex 50.7471 51.5215 2.15
      vertex 49.5471 53.6 2.15
      vertex 50.7471 55.6785 2.15
    endloop
  endfacet
  facet normal 0 0 -1
    outer loop
      vertex 49.5399 53.4529 2.15
      vertex 50.6161 51.5888 2.15
      vertex 50.4792 51.6429 2.15
    endloop
  endfacet
  facet normal 0 0 -1
    outer loop
      vertex 50.7471 55.6785 2.15
      vertex 49.5471 53.6 2.15
      vertex 50.6161 55.6112 2.15
    endloop
  endfacet
  facet normal 0 0 -1
    outer loop
      vertex 49.5183 53.3073 2.15
      vertex 50.4792 51.6429 2.15
      vertex 50.3376 51.6834 2.15
    endloop
  endfacet
  facet normal 0 0 -1
    outer loop
      vertex 49.5399 53.7471 2.15
      vertex 50.6161 55.6112 2.15
      vertex 49.5471 53.6 2.15
    endloop
  endfacet
  facet normal 0 0 -1
    outer loop
      vertex 49.6606 52.0722 2.15
      vertex 50.3376 51.6834 2.15
      vertex 50.1927 51.7097 2.15
    endloop
  endfacet
  facet normal 0 0 -1
    outer loop
      vertex 50.6161 55.6112 2.15
      vertex 49.5399 53.7471 2.15
      vertex 50.4792 55.5571 2.15
    endloop
  endfacet
  facet normal 0 0 -1
    outer loop
      vertex 49.8213 51.8554 2.15
      vertex 50.1927 51.7097 2.15
      vertex 50.046 51.7218 2.15
    endloop
  endfacet
  facet normal 0 0 -1
    outer loop
      vertex 49.5183 53.8927 2.15
      vertex 50.4792 55.5571 2.15
      vertex 49.5399 53.7471 2.15
    endloop
  endfacet
  facet normal 0 0 -1
    outer loop
      vertex 49.8213 51.8554 2.15
      vertex 50.046 51.7218 2.15
      vertex 49.944 51.7201 2.15
    endloop
  endfacet
  facet normal 0 0 -1
    outer loop
      vertex 50.4792 55.5571 2.15
      vertex 49.5183 53.8927 2.15
      vertex 50.3376 55.5166 2.15
    endloop
  endfacet
  facet normal 0 0 -1
    outer loop
      vertex 50.1927 51.7097 2.15
      vertex 49.8213 51.8554 2.15
      vertex 49.6606 52.0722 2.15
    endloop
  endfacet
  facet normal 0 0 -1
    outer loop
      vertex 49.4825 54.0355 2.15
      vertex 50.3376 55.5166 2.15
      vertex 49.5183 53.8927 2.15
    endloop
  endfacet
  facet normal 0 0 -1
    outer loop
      vertex 50.3376 51.6834 2.15
      vertex 49.6606 52.0722 2.15
      vertex 49.5218 52.3037 2.15
    endloop
  endfacet
  facet normal 0 -0 -1
    outer loop
      vertex 49.5218 54.8963 2.15
      vertex 50.3376 55.5166 2.15
      vertex 49.4825 54.0355 2.15
    endloop
  endfacet
  facet normal 0 -0 -1
    outer loop
      vertex 49.6606 55.1278 2.15
      vertex 50.3376 55.5166 2.15
      vertex 49.5218 54.8963 2.15
    endloop
  endfacet
  facet normal 0 0 -1
    outer loop
      vertex 50.6161 51.5888 2.15
      vertex 49.5399 53.4529 2.15
      vertex 49.5471 53.6 2.15
    endloop
  endfacet
  facet normal 0 0 -1
    outer loop
      vertex 50.3376 51.6834 2.15
      vertex 49.5218 52.3037 2.15
      vertex 49.4825 53.1644 2.15
    endloop
  endfacet
  facet normal 0 0 -1
    outer loop
      vertex 50.4792 51.6429 2.15
      vertex 49.5183 53.3073 2.15
      vertex 49.5399 53.4529 2.15
    endloop
  endfacet
  facet normal 0 0 -1
    outer loop
      vertex 50.3376 51.6834 2.15
      vertex 49.4825 53.1644 2.15
      vertex 49.5183 53.3073 2.15
    endloop
  endfacet
  facet normal 0 0 -1
    outer loop
      vertex 49.5218 52.3037 2.15
      vertex 49.4329 53.0258 2.15
      vertex 49.4825 53.1644 2.15
    endloop
  endfacet
  facet normal 0 0 -1
    outer loop
      vertex 49.4064 52.5476 2.15
      vertex 49.4329 53.0258 2.15
      vertex 49.5218 52.3037 2.15
    endloop
  endfacet
  facet normal 0 0 -1
    outer loop
      vertex 49.4064 52.5476 2.15
      vertex 49.3699 52.8927 2.15
      vertex 49.4329 53.0258 2.15
    endloop
  endfacet
  facet normal 0 0 -1
    outer loop
      vertex 49.3155 52.8017 2.15
      vertex 49.3699 52.8927 2.15
      vertex 49.4064 52.5476 2.15
    endloop
  endfacet
  facet normal 0 0 -1
    outer loop
      vertex 49.3699 52.8927 2.15
      vertex 49.3155 52.8017 2.15
      vertex 49.3155 52.8019 2.15
    endloop
  endfacet
  facet normal -0 0 -1
    outer loop
      vertex 50.046 55.4782 2.15
      vertex 49.8213 55.3446 2.15
      vertex 49.944 55.4799 2.15
    endloop
  endfacet
  facet normal 0 -0 -1
    outer loop
      vertex 49.8213 55.3446 2.15
      vertex 50.1927 55.4903 2.15
      vertex 49.6606 55.1278 2.15
    endloop
  endfacet
  facet normal 0 0 -1
    outer loop
      vertex 50.1927 55.4903 2.15
      vertex 49.8213 55.3446 2.15
      vertex 50.046 55.4782 2.15
    endloop
  endfacet
  facet normal 0 0 -1
    outer loop
      vertex 50.3376 55.5166 2.15
      vertex 49.6606 55.1278 2.15
      vertex 50.1927 55.4903 2.15
    endloop
  endfacet
  facet normal 0 0 -1
    outer loop
      vertex 49.4329 54.1742 2.15
      vertex 49.5218 54.8963 2.15
      vertex 49.4825 54.0355 2.15
    endloop
  endfacet
  facet normal 0 0 -1
    outer loop
      vertex 49.4329 54.1742 2.15
      vertex 49.4064 54.6524 2.15
      vertex 49.5218 54.8963 2.15
    endloop
  endfacet
  facet normal 0 0 -1
    outer loop
      vertex 49.3699 54.3073 2.15
      vertex 49.4064 54.6524 2.15
      vertex 49.4329 54.1742 2.15
    endloop
  endfacet
  facet normal 0 0 -1
    outer loop
      vertex 49.3699 54.3073 2.15
      vertex 49.3155 54.3983 2.15
      vertex 49.4064 54.6524 2.15
    endloop
  endfacet
  facet normal 0 0 -1
    outer loop
      vertex 49.3155 54.3983 2.15
      vertex 49.3699 54.3073 2.15
      vertex 49.3155 54.3981 2.15
    endloop
  endfacet
  facet normal 0.0489209 0.998803 -0
    outer loop
      vertex 51.9471 50.85 0
      vertex 51.6776 50.8632 2.15
      vertex 51.9471 50.85 2.15
    endloop
  endfacet
  facet normal 0.0489209 0.998803 0
    outer loop
      vertex 51.6776 50.8632 2.15
      vertex 51.9471 50.85 0
      vertex 51.6776 50.8632 0
    endloop
  endfacet
  facet normal -0.740757 0.671773 0
    outer loop
      vertex 53.9502 51.7201 0
      vertex 54.0729 51.8554 2.15
      vertex 54.0729 51.8554 0
    endloop
  endfacet
  facet normal -0.740757 0.671773 0
    outer loop
      vertex 54.0729 51.8554 2.15
      vertex 53.9502 51.7201 0
      vertex 53.9502 51.7201 2.15
    endloop
  endfacet
  facet normal 0.242943 0.970041 -0
    outer loop
      vertex 26.0491 69.2672 0
      vertex 25.0972 69.5056 2.95
      vertex 26.0491 69.2672 2.95
    endloop
  endfacet
  facet normal 0.242943 0.970041 0
    outer loop
      vertex 25.0972 69.5056 2.95
      vertex 26.0491 69.2672 0
      vertex 25.0972 69.5056 0
    endloop
  endfacet
  facet normal -0.0491143 0.998793 0
    outer loop
      vertex 28.9802 69.1232 0
      vertex 28 69.075 2.95
      vertex 28.9802 69.1232 2.95
    endloop
  endfacet
  facet normal -0.0491143 0.998793 0
    outer loop
      vertex 28 69.075 2.95
      vertex 28.9802 69.1232 0
      vertex 28 69.075 0
    endloop
  endfacet
  facet normal -0.59572 0.803192 0
    outer loop
      vertex 34.3439 71.3449 -8
      vertex 33.5557 70.7603 2.95
      vertex 34.3439 71.3449 2.95
    endloop
  endfacet
  facet normal -0.59572 0.803192 0
    outer loop
      vertex 33.5557 70.7603 2.95
      vertex 34.3439 71.3449 -8
      vertex 33.5557 70.7603 -8
    endloop
  endfacet
  facet normal 0.741165 0.671323 0
    outer loop
      vertex 20.9289 72.0039 2.95
      vertex 20.8645 72.075 -8
      vertex 20.8645 72.075 2.95
    endloop
  endfacet
  facet normal 0.741165 0.671323 0
    outer loop
      vertex 20.8645 72.075 -8
      vertex 20.9289 72.0039 2.95
      vertex 20.9289 72.0039 -8
    endloop
  endfacet
  facet normal 0.0491143 0.998793 -0
    outer loop
      vertex 28 69.075 0
      vertex 27.0198 69.1232 2.95
      vertex 28 69.075 2.95
    endloop
  endfacet
  facet normal 0.0491143 0.998793 0
    outer loop
      vertex 27.0198 69.1232 2.95
      vertex 28 69.075 0
      vertex 27.0198 69.1232 0
    endloop
  endfacet
  facet normal -0.427543 0.903995 0
    outer loop
      vertex 32.714 70.2558 0
      vertex 31.8268 69.8362 2.95
      vertex 32.714 70.2558 2.95
    endloop
  endfacet
  facet normal -0.427543 0.903995 0
    outer loop
      vertex 31.8268 69.8362 2.95
      vertex 32.714 70.2558 0
      vertex 31.8268 69.8362 0
    endloop
  endfacet
  facet normal -0.146741 0.989175 0
    outer loop
      vertex 29.9509 69.2672 0
      vertex 28.9802 69.1232 2.95
      vertex 29.9509 69.2672 2.95
    endloop
  endfacet
  facet normal -0.146741 0.989175 0
    outer loop
      vertex 28.9802 69.1232 2.95
      vertex 29.9509 69.2672 0
      vertex 28.9802 69.1232 0
    endloop
  endfacet
  facet normal -0.242943 0.970041 0
    outer loop
      vertex 30.9028 69.5056 0
      vertex 29.9509 69.2672 2.95
      vertex 30.9028 69.5056 2.95
    endloop
  endfacet
  facet normal -0.242943 0.970041 0
    outer loop
      vertex 29.9509 69.2672 2.95
      vertex 30.9028 69.5056 0
      vertex 29.9509 69.2672 0
    endloop
  endfacet
  facet normal 0.336879 0.941548 -0
    outer loop
      vertex 25.0972 69.5056 0
      vertex 24.1732 69.8362 2.95
      vertex 25.0972 69.5056 2.95
    endloop
  endfacet
  facet normal 0.336879 0.941548 0
    outer loop
      vertex 24.1732 69.8362 2.95
      vertex 25.0972 69.5056 0
      vertex 24.1732 69.8362 0
    endloop
  endfacet
  facet normal 0.671505 0.741 -0
    outer loop
      vertex 21.6561 71.3449 -8
      vertex 20.9289 72.0039 2.95
      vertex 21.6561 71.3449 2.95
    endloop
  endfacet
  facet normal 0.671505 0.741 0
    outer loop
      vertex 20.9289 72.0039 2.95
      vertex 21.6561 71.3449 -8
      vertex 20.9289 72.0039 -8
    endloop
  endfacet
  facet normal -0.671505 0.741 0
    outer loop
      vertex 35.0711 72.0039 -8
      vertex 34.3439 71.3449 2.95
      vertex 35.0711 72.0039 2.95
    endloop
  endfacet
  facet normal -0.671505 0.741 0
    outer loop
      vertex 34.3439 71.3449 2.95
      vertex 35.0711 72.0039 -8
      vertex 34.3439 71.3449 -8
    endloop
  endfacet
  facet normal 0.514116 0.85772 0
    outer loop
      vertex 22.9203 70.475 0
      vertex 23.286 70.2558 2.95
      vertex 23.286 70.2558 0
    endloop
  endfacet
  facet normal 0.514106 0.857727 1.72373e-06
    outer loop
      vertex 23.286 70.2558 2.95
      vertex 22.9203 70.475 0
      vertex 22.4443 70.7603 2.95
    endloop
  endfacet
  facet normal 0.514098 0.857731 0
    outer loop
      vertex 22.4443 70.7603 -8
      vertex 22.9203 70.475 0
      vertex 22.9203 70.475 -8
    endloop
  endfacet
  facet normal 0.514098 0.857731 0
    outer loop
      vertex 22.9203 70.475 0
      vertex 22.4443 70.7603 -8
      vertex 22.4443 70.7603 2.95
    endloop
  endfacet
  facet normal 0.146741 0.989175 -0
    outer loop
      vertex 27.0198 69.1232 0
      vertex 26.0491 69.2672 2.95
      vertex 27.0198 69.1232 2.95
    endloop
  endfacet
  facet normal 0.146741 0.989175 0
    outer loop
      vertex 26.0491 69.2672 2.95
      vertex 27.0198 69.1232 0
      vertex 26.0491 69.2672 0
    endloop
  endfacet
  facet normal -0.741165 0.671323 0
    outer loop
      vertex 35.0711 72.0039 -8
      vertex 35.1355 72.075 2.95
      vertex 35.1355 72.075 -8
    endloop
  endfacet
  facet normal -0.741165 0.671323 0
    outer loop
      vertex 35.1355 72.075 2.95
      vertex 35.0711 72.0039 -8
      vertex 35.0711 72.0039 2.95
    endloop
  endfacet
  facet normal -0.336879 0.941548 0
    outer loop
      vertex 31.8268 69.8362 0
      vertex 30.9028 69.5056 2.95
      vertex 31.8268 69.8362 2.95
    endloop
  endfacet
  facet normal -0.336879 0.941548 0
    outer loop
      vertex 30.9028 69.5056 2.95
      vertex 31.8268 69.8362 0
      vertex 30.9028 69.5056 0
    endloop
  endfacet
  facet normal -0.514106 0.857727 1.72373e-06
    outer loop
      vertex 33.5557 70.7603 2.95
      vertex 33.0797 70.475 0
      vertex 32.714 70.2558 2.95
    endloop
  endfacet
  facet normal -0.514098 0.857731 0
    outer loop
      vertex 33.5557 70.7603 -8
      vertex 33.0797 70.475 0
      vertex 33.5557 70.7603 2.95
    endloop
  endfacet
  facet normal -0.514098 0.857731 0
    outer loop
      vertex 33.0797 70.475 0
      vertex 33.5557 70.7603 -8
      vertex 33.0797 70.475 -8
    endloop
  endfacet
  facet normal -0.514116 0.85772 0
    outer loop
      vertex 32.714 70.2558 2.95
      vertex 33.0797 70.475 0
      vertex 32.714 70.2558 0
    endloop
  endfacet
  facet normal 0.427543 0.903995 -0
    outer loop
      vertex 24.1732 69.8362 0
      vertex 23.286 70.2558 2.95
      vertex 24.1732 69.8362 2.95
    endloop
  endfacet
  facet normal 0.427543 0.903995 0
    outer loop
      vertex 23.286 70.2558 2.95
      vertex 24.1732 69.8362 0
      vertex 23.286 70.2558 0
    endloop
  endfacet
  facet normal 0.59572 0.803192 -0
    outer loop
      vertex 22.4443 70.7603 -8
      vertex 21.6561 71.3449 2.95
      vertex 22.4443 70.7603 2.95
    endloop
  endfacet
  facet normal 0.59572 0.803192 0
    outer loop
      vertex 21.6561 71.3449 2.95
      vertex 22.4443 70.7603 -8
      vertex 21.6561 71.3449 -8
    endloop
  endfacet
endsolid OpenSCAD_Model
