solid OpenSCAD_Model
  facet normal -0.336982 -0.941511 0
    outer loop
      vertex -12.1061 -1.9391 0
      vertex -12.0322 -1.96555 1.89
      vertex -12.1061 -1.9391 1.89
    endloop
  endfacet
  facet normal -0.336982 -0.941511 -0
    outer loop
      vertex -12.0322 -1.96555 1.89
      vertex -12.1061 -1.9391 0
      vertex -12.0322 -1.96555 0
    endloop
  endfacet
  facet normal 0.740959 -0.67155 0
    outer loop
      vertex -7.63432 -1.76569 1.89
      vertex -7.58159 -1.70751 0
      vertex -7.58159 -1.70751 1.89
    endloop
  endfacet
  facet normal 0.740959 -0.67155 0
    outer loop
      vertex -7.58159 -1.70751 0
      vertex -7.63432 -1.76569 1.89
      vertex -7.63432 -1.76569 0
    endloop
  endfacet
  facet normal 0.740959 0.67155 0
    outer loop
      vertex -7.58159 1.70751 1.89
      vertex -7.63432 1.76569 0
      vertex -7.63432 1.76569 1.89
    endloop
  endfacet
  facet normal 0.740959 0.67155 0
    outer loop
      vertex -7.63432 1.76569 0
      vertex -7.58159 1.70751 1.89
      vertex -7.58159 1.70751 0
    endloop
  endfacet
  facet normal -0.427342 -0.90409 0
    outer loop
      vertex -12.1771 -1.90554 0
      vertex -12.1061 -1.9391 1.89
      vertex -12.1771 -1.90554 1.89
    endloop
  endfacet
  facet normal -0.427342 -0.90409 -0
    outer loop
      vertex -12.1061 -1.9391 1.89
      vertex -12.1771 -1.90554 0
      vertex -12.1061 -1.9391 0
    endloop
  endfacet
  facet normal 0.90402 0.427489 0
    outer loop
      vertex -7.4609 1.50615 1.89
      vertex -7.49446 1.57712 0
      vertex -7.49446 1.57712 1.89
    endloop
  endfacet
  facet normal 0.90402 0.427489 0
    outer loop
      vertex -7.49446 1.57712 0
      vertex -7.4609 1.50615 1.89
      vertex -7.4609 1.50615 0
    endloop
  endfacet
  facet normal -0.741149 -0.67134 0
    outer loop
      vertex -12.3657 -1.76569 0
      vertex -12.4184 -1.70751 1.89
      vertex -12.4184 -1.70751 0
    endloop
  endfacet
  facet normal -0.741149 -0.67134 0
    outer loop
      vertex -12.4184 -1.70751 1.89
      vertex -12.3657 -1.76569 0
      vertex -12.3657 -1.76569 1.89
    endloop
  endfacet
  facet normal -1 0 0
    outer loop
      vertex -12.6 -1.2 0
      vertex -12.6 1.2 1.89
      vertex -12.6 1.2 0
    endloop
  endfacet
  facet normal -1 -0 0
    outer loop
      vertex -12.6 1.2 1.89
      vertex -12.6 -1.2 0
      vertex -12.6 -1.2 1.89
    endloop
  endfacet
  facet normal -0.989213 -0.146484 0
    outer loop
      vertex -12.5846 -1.35607 0
      vertex -12.5961 -1.27841 1.89
      vertex -12.5961 -1.27841 0
    endloop
  endfacet
  facet normal -0.989213 -0.146484 0
    outer loop
      vertex -12.5961 -1.27841 1.89
      vertex -12.5846 -1.35607 0
      vertex -12.5846 -1.35607 1.89
    endloop
  endfacet
  facet normal -0.998765 0.0496771 0
    outer loop
      vertex -12.6 1.2 0
      vertex -12.5961 1.27841 1.89
      vertex -12.5961 1.27841 0
    endloop
  endfacet
  facet normal -0.998765 0.0496771 0
    outer loop
      vertex -12.5961 1.27841 1.89
      vertex -12.6 1.2 0
      vertex -12.6 1.2 1.89
    endloop
  endfacet
  facet normal 0.803153 -0.595773 0
    outer loop
      vertex -7.58159 -1.70751 1.89
      vertex -7.53482 -1.64446 0
      vertex -7.53482 -1.64446 1.89
    endloop
  endfacet
  facet normal 0.803153 -0.595773 0
    outer loop
      vertex -7.53482 -1.64446 0
      vertex -7.58159 -1.70751 1.89
      vertex -7.58159 -1.70751 0
    endloop
  endfacet
  facet normal -0.941338 -0.337466 0
    outer loop
      vertex -12.5391 -1.50615 0
      vertex -12.5656 -1.43223 1.89
      vertex -12.5656 -1.43223 0
    endloop
  endfacet
  facet normal -0.941338 -0.337466 0
    outer loop
      vertex -12.5656 -1.43223 1.89
      vertex -12.5391 -1.50615 0
      vertex -12.5391 -1.50615 1.89
    endloop
  endfacet
  facet normal -0.80297 -0.596019 0
    outer loop
      vertex -12.4184 -1.70751 0
      vertex -12.4652 -1.64446 1.89
      vertex -12.4652 -1.64446 0
    endloop
  endfacet
  facet normal -0.80297 -0.596019 0
    outer loop
      vertex -12.4652 -1.64446 1.89
      vertex -12.4184 -1.70751 0
      vertex -12.4184 -1.70751 1.89
    endloop
  endfacet
  facet normal 0.427489 -0.90402 0
    outer loop
      vertex -7.89385 -1.9391 0
      vertex -7.82288 -1.90554 1.89
      vertex -7.89385 -1.9391 1.89
    endloop
  endfacet
  facet normal 0.427489 -0.90402 0
    outer loop
      vertex -7.82288 -1.90554 1.89
      vertex -7.89385 -1.9391 0
      vertex -7.82288 -1.90554 0
    endloop
  endfacet
  facet normal 0.85774 -0.514084 0
    outer loop
      vertex -7.53482 -1.64446 1.89
      vertex -7.49446 -1.57712 0
      vertex -7.49446 -1.57712 1.89
    endloop
  endfacet
  facet normal 0.85774 -0.514084 0
    outer loop
      vertex -7.49446 -1.57712 0
      vertex -7.53482 -1.64446 1.89
      vertex -7.53482 -1.64446 0
    endloop
  endfacet
  facet normal 0 -1 0
    outer loop
      vertex -11.8 -2 0
      vertex -8.2 -2 1.89
      vertex -11.8 -2 1.89
    endloop
  endfacet
  facet normal 0 -1 -0
    outer loop
      vertex -8.2 -2 1.89
      vertex -11.8 -2 0
      vertex -8.2 -2 0
    endloop
  endfacet
  facet normal -0.049048 0.998796 0
    outer loop
      vertex -11.8 2 0
      vertex -11.8784 1.99615 1.89
      vertex -11.8 2 1.89
    endloop
  endfacet
  facet normal -0.049048 0.998796 0
    outer loop
      vertex -11.8784 1.99615 1.89
      vertex -11.8 2 0
      vertex -11.8784 1.99615 0
    endloop
  endfacet
  facet normal -0.80297 0.596019 0
    outer loop
      vertex -12.4652 1.64446 0
      vertex -12.4184 1.70751 1.89
      vertex -12.4184 1.70751 0
    endloop
  endfacet
  facet normal -0.80297 0.596019 0
    outer loop
      vertex -12.4184 1.70751 1.89
      vertex -12.4652 1.64446 0
      vertex -12.4652 1.64446 1.89
    endloop
  endfacet
  facet normal 0.998797 -0.0490418 0
    outer loop
      vertex -7.40385 -1.27841 1.89
      vertex -7.4 -1.2 0
      vertex -7.4 -1.2 1.89
    endloop
  endfacet
  facet normal 0.998797 -0.0490418 0
    outer loop
      vertex -7.4 -1.2 0
      vertex -7.40385 -1.27841 1.89
      vertex -7.40385 -1.27841 0
    endloop
  endfacet
  facet normal -0.858077 -0.513521 0
    outer loop
      vertex -12.4652 -1.64446 0
      vertex -12.5055 -1.57712 1.89
      vertex -12.5055 -1.57712 0
    endloop
  endfacet
  facet normal -0.858077 -0.513521 0
    outer loop
      vertex -12.5055 -1.57712 1.89
      vertex -12.4652 -1.64446 0
      vertex -12.4652 -1.64446 1.89
    endloop
  endfacet
  facet normal -0.243195 0.969977 0
    outer loop
      vertex -11.9561 1.98463 0
      vertex -12.0322 1.96555 1.89
      vertex -11.9561 1.98463 1.89
    endloop
  endfacet
  facet normal -0.243195 0.969977 0
    outer loop
      vertex -12.0322 1.96555 1.89
      vertex -11.9561 1.98463 0
      vertex -12.0322 1.96555 0
    endloop
  endfacet
  facet normal 0.514084 -0.85774 0
    outer loop
      vertex -7.82288 -1.90554 0
      vertex -7.75554 -1.86518 1.89
      vertex -7.82288 -1.90554 1.89
    endloop
  endfacet
  facet normal 0.514084 -0.85774 0
    outer loop
      vertex -7.75554 -1.86518 1.89
      vertex -7.82288 -1.90554 0
      vertex -7.75554 -1.86518 0
    endloop
  endfacet
  facet normal 0.595773 0.803153 -0
    outer loop
      vertex -7.69249 1.81841 0
      vertex -7.75554 1.86518 1.89
      vertex -7.69249 1.81841 1.89
    endloop
  endfacet
  facet normal 0.595773 0.803153 0
    outer loop
      vertex -7.75554 1.86518 1.89
      vertex -7.69249 1.81841 0
      vertex -7.75554 1.86518 0
    endloop
  endfacet
  facet normal -0.427342 0.90409 0
    outer loop
      vertex -12.1061 1.9391 0
      vertex -12.1771 1.90554 1.89
      vertex -12.1061 1.9391 1.89
    endloop
  endfacet
  facet normal -0.427342 0.90409 0
    outer loop
      vertex -12.1771 1.90554 1.89
      vertex -12.1061 1.9391 0
      vertex -12.1771 1.90554 0
    endloop
  endfacet
  facet normal -0.596078 0.802927 0
    outer loop
      vertex -12.2445 1.86518 0
      vertex -12.3075 1.81841 1.89
      vertex -12.2445 1.86518 1.89
    endloop
  endfacet
  facet normal -0.596078 0.802927 0
    outer loop
      vertex -12.3075 1.81841 1.89
      vertex -12.2445 1.86518 0
      vertex -12.3075 1.81841 0
    endloop
  endfacet
  facet normal -0.741149 0.67134 0
    outer loop
      vertex -12.4184 1.70751 0
      vertex -12.3657 1.76569 1.89
      vertex -12.3657 1.76569 0
    endloop
  endfacet
  facet normal -0.741149 0.67134 0
    outer loop
      vertex -12.3657 1.76569 1.89
      vertex -12.4184 1.70751 0
      vertex -12.4184 1.70751 1.89
    endloop
  endfacet
  facet normal 0.85774 0.514084 0
    outer loop
      vertex -7.49446 1.57712 1.89
      vertex -7.53482 1.64446 0
      vertex -7.53482 1.64446 1.89
    endloop
  endfacet
  facet normal 0.85774 0.514084 0
    outer loop
      vertex -7.53482 1.64446 0
      vertex -7.49446 1.57712 1.89
      vertex -7.49446 1.57712 0
    endloop
  endfacet
  facet normal -0.596078 -0.802927 0
    outer loop
      vertex -12.3075 -1.81841 0
      vertex -12.2445 -1.86518 1.89
      vertex -12.3075 -1.81841 1.89
    endloop
  endfacet
  facet normal -0.596078 -0.802927 -0
    outer loop
      vertex -12.2445 -1.86518 1.89
      vertex -12.3075 -1.81841 0
      vertex -12.2445 -1.86518 0
    endloop
  endfacet
  facet normal 0.94154 -0.336901 0
    outer loop
      vertex -7.4609 -1.50615 1.89
      vertex -7.43445 -1.43223 0
      vertex -7.43445 -1.43223 1.89
    endloop
  endfacet
  facet normal 0.94154 -0.336901 0
    outer loop
      vertex -7.43445 -1.43223 0
      vertex -7.4609 -1.50615 1.89
      vertex -7.4609 -1.50615 0
    endloop
  endfacet
  facet normal 0.671543 -0.740965 0
    outer loop
      vertex -7.69249 -1.81841 0
      vertex -7.63432 -1.76569 1.89
      vertex -7.69249 -1.81841 1.89
    endloop
  endfacet
  facet normal 0.671543 -0.740965 0
    outer loop
      vertex -7.63432 -1.76569 1.89
      vertex -7.69249 -1.81841 0
      vertex -7.63432 -1.76569 0
    endloop
  endfacet
  facet normal -0.671353 -0.741137 0
    outer loop
      vertex -12.3657 -1.76569 0
      vertex -12.3075 -1.81841 1.89
      vertex -12.3657 -1.76569 1.89
    endloop
  endfacet
  facet normal -0.671353 -0.741137 -0
    outer loop
      vertex -12.3075 -1.81841 1.89
      vertex -12.3657 -1.76569 0
      vertex -12.3075 -1.81841 0
    endloop
  endfacet
  facet normal 0.803153 0.595773 0
    outer loop
      vertex -7.53482 1.64446 1.89
      vertex -7.58159 1.70751 0
      vertex -7.58159 1.70751 1.89
    endloop
  endfacet
  facet normal 0.803153 0.595773 0
    outer loop
      vertex -7.58159 1.70751 0
      vertex -7.53482 1.64446 1.89
      vertex -7.53482 1.64446 0
    endloop
  endfacet
  facet normal -0.903823 0.427906 0
    outer loop
      vertex -12.5391 1.50615 0
      vertex -12.5055 1.57712 1.89
      vertex -12.5055 1.57712 0
    endloop
  endfacet
  facet normal -0.903823 0.427906 0
    outer loop
      vertex -12.5055 1.57712 1.89
      vertex -12.5391 1.50615 0
      vertex -12.5391 1.50615 1.89
    endloop
  endfacet
  facet normal -0.970262 0.242056 0
    outer loop
      vertex -12.5846 1.35607 0
      vertex -12.5656 1.43223 1.89
      vertex -12.5656 1.43223 0
    endloop
  endfacet
  facet normal -0.970262 0.242056 0
    outer loop
      vertex -12.5656 1.43223 1.89
      vertex -12.5846 1.35607 0
      vertex -12.5846 1.35607 1.89
    endloop
  endfacet
  facet normal 0.336901 0.94154 -0
    outer loop
      vertex -7.89385 1.9391 0
      vertex -7.96777 1.96555 1.89
      vertex -7.89385 1.9391 1.89
    endloop
  endfacet
  facet normal 0.336901 0.94154 0
    outer loop
      vertex -7.96777 1.96555 1.89
      vertex -7.89385 1.9391 0
      vertex -7.96777 1.96555 0
    endloop
  endfacet
  facet normal 0.998797 0.0490418 0
    outer loop
      vertex -7.4 1.2 1.89
      vertex -7.40385 1.27841 0
      vertex -7.40385 1.27841 1.89
    endloop
  endfacet
  facet normal 0.998797 0.0490418 0
    outer loop
      vertex -7.40385 1.27841 0
      vertex -7.4 1.2 1.89
      vertex -7.4 1.2 0
    endloop
  endfacet
  facet normal -0.671353 0.741137 0
    outer loop
      vertex -12.3075 1.81841 0
      vertex -12.3657 1.76569 1.89
      vertex -12.3075 1.81841 1.89
    endloop
  endfacet
  facet normal -0.671353 0.741137 0
    outer loop
      vertex -12.3657 1.76569 1.89
      vertex -12.3075 1.81841 0
      vertex -12.3657 1.76569 0
    endloop
  endfacet
  facet normal 0.595773 -0.803153 0
    outer loop
      vertex -7.75554 -1.86518 0
      vertex -7.69249 -1.81841 1.89
      vertex -7.75554 -1.86518 1.89
    endloop
  endfacet
  facet normal 0.595773 -0.803153 0
    outer loop
      vertex -7.69249 -1.81841 1.89
      vertex -7.75554 -1.86518 0
      vertex -7.69249 -1.81841 0
    endloop
  endfacet
  facet normal -0.903823 -0.427906 0
    outer loop
      vertex -12.5055 -1.57712 0
      vertex -12.5391 -1.50615 1.89
      vertex -12.5391 -1.50615 0
    endloop
  endfacet
  facet normal -0.903823 -0.427906 0
    outer loop
      vertex -12.5391 -1.50615 1.89
      vertex -12.5055 -1.57712 0
      vertex -12.5055 -1.57712 1.89
    endloop
  endfacet
  facet normal -0.513747 0.857942 0
    outer loop
      vertex -12.1771 1.90554 0
      vertex -12.2445 1.86518 1.89
      vertex -12.1771 1.90554 1.89
    endloop
  endfacet
  facet normal -0.513747 0.857942 0
    outer loop
      vertex -12.2445 1.86518 1.89
      vertex -12.1771 1.90554 0
      vertex -12.2445 1.86518 0
    endloop
  endfacet
  facet normal 0 1 -0
    outer loop
      vertex -8.2 2 0
      vertex -11.8 2 1.89
      vertex -8.2 2 1.89
    endloop
  endfacet
  facet normal 0 1 0
    outer loop
      vertex -11.8 2 1.89
      vertex -8.2 2 0
      vertex -11.8 2 0
    endloop
  endfacet
  facet normal -0.049048 -0.998796 0
    outer loop
      vertex -11.8784 -1.99615 0
      vertex -11.8 -2 1.89
      vertex -11.8784 -1.99615 1.89
    endloop
  endfacet
  facet normal -0.049048 -0.998796 -0
    outer loop
      vertex -11.8 -2 1.89
      vertex -11.8784 -1.99615 0
      vertex -11.8 -2 0
    endloop
  endfacet
  facet normal 1 -0 0
    outer loop
      vertex -7.4 -1.2 1.89
      vertex -7.4 1.2 0
      vertex -7.4 1.2 1.89
    endloop
  endfacet
  facet normal 1 0 0
    outer loop
      vertex -7.4 1.2 0
      vertex -7.4 -1.2 1.89
      vertex -7.4 -1.2 0
    endloop
  endfacet
  facet normal -0.998765 -0.0496771 0
    outer loop
      vertex -12.5961 -1.27841 0
      vertex -12.6 -1.2 1.89
      vertex -12.6 -1.2 0
    endloop
  endfacet
  facet normal -0.998765 -0.0496771 0
    outer loop
      vertex -12.6 -1.2 1.89
      vertex -12.5961 -1.27841 0
      vertex -12.5961 -1.27841 1.89
    endloop
  endfacet
  facet normal -0.336982 0.941511 0
    outer loop
      vertex -12.0322 1.96555 0
      vertex -12.1061 1.9391 1.89
      vertex -12.0322 1.96555 1.89
    endloop
  endfacet
  facet normal -0.336982 0.941511 0
    outer loop
      vertex -12.1061 1.9391 1.89
      vertex -12.0322 1.96555 0
      vertex -12.1061 1.9391 0
    endloop
  endfacet
  facet normal 0.336901 -0.94154 0
    outer loop
      vertex -7.96777 -1.96555 0
      vertex -7.89385 -1.9391 1.89
      vertex -7.96777 -1.96555 1.89
    endloop
  endfacet
  facet normal 0.336901 -0.94154 0
    outer loop
      vertex -7.89385 -1.9391 1.89
      vertex -7.96777 -1.96555 0
      vertex -7.89385 -1.9391 0
    endloop
  endfacet
  facet normal 0.90402 -0.427489 0
    outer loop
      vertex -7.49446 -1.57712 1.89
      vertex -7.4609 -1.50615 0
      vertex -7.4609 -1.50615 1.89
    endloop
  endfacet
  facet normal 0.90402 -0.427489 0
    outer loop
      vertex -7.4609 -1.50615 0
      vertex -7.49446 -1.57712 1.89
      vertex -7.49446 -1.57712 0
    endloop
  endfacet
  facet normal -0.970262 -0.242056 0
    outer loop
      vertex -12.5656 -1.43223 0
      vertex -12.5846 -1.35607 1.89
      vertex -12.5846 -1.35607 0
    endloop
  endfacet
  facet normal -0.970262 -0.242056 0
    outer loop
      vertex -12.5846 -1.35607 1.89
      vertex -12.5656 -1.43223 0
      vertex -12.5656 -1.43223 1.89
    endloop
  endfacet
  facet normal 0.989176 -0.146733 0
    outer loop
      vertex -7.41537 -1.35607 1.89
      vertex -7.40385 -1.27841 0
      vertex -7.40385 -1.27841 1.89
    endloop
  endfacet
  facet normal 0.989176 -0.146733 0
    outer loop
      vertex -7.40385 -1.27841 0
      vertex -7.41537 -1.35607 1.89
      vertex -7.41537 -1.35607 0
    endloop
  endfacet
  facet normal 0.970023 -0.243015 0
    outer loop
      vertex -7.43445 -1.43223 1.89
      vertex -7.41537 -1.35607 0
      vertex -7.41537 -1.35607 1.89
    endloop
  endfacet
  facet normal 0.970023 -0.243015 0
    outer loop
      vertex -7.41537 -1.35607 0
      vertex -7.43445 -1.43223 1.89
      vertex -7.43445 -1.43223 0
    endloop
  endfacet
  facet normal 0.0490418 0.998797 -0
    outer loop
      vertex -8.12159 1.99615 0
      vertex -8.2 2 1.89
      vertex -8.12159 1.99615 1.89
    endloop
  endfacet
  facet normal 0.0490418 0.998797 0
    outer loop
      vertex -8.2 2 1.89
      vertex -8.12159 1.99615 0
      vertex -8.2 2 0
    endloop
  endfacet
  facet normal -0.513747 -0.857942 0
    outer loop
      vertex -12.2445 -1.86518 0
      vertex -12.1771 -1.90554 1.89
      vertex -12.2445 -1.86518 1.89
    endloop
  endfacet
  facet normal -0.513747 -0.857942 -0
    outer loop
      vertex -12.1771 -1.90554 1.89
      vertex -12.2445 -1.86518 0
      vertex -12.1771 -1.90554 0
    endloop
  endfacet
  facet normal -0.243195 -0.969977 0
    outer loop
      vertex -12.0322 -1.96555 0
      vertex -11.9561 -1.98463 1.89
      vertex -12.0322 -1.96555 1.89
    endloop
  endfacet
  facet normal -0.243195 -0.969977 -0
    outer loop
      vertex -11.9561 -1.98463 1.89
      vertex -12.0322 -1.96555 0
      vertex -11.9561 -1.98463 0
    endloop
  endfacet
  facet normal -0.989213 0.146484 0
    outer loop
      vertex -12.5961 1.27841 0
      vertex -12.5846 1.35607 1.89
      vertex -12.5846 1.35607 0
    endloop
  endfacet
  facet normal -0.989213 0.146484 0
    outer loop
      vertex -12.5846 1.35607 1.89
      vertex -12.5961 1.27841 0
      vertex -12.5961 1.27841 1.89
    endloop
  endfacet
  facet normal 0.94154 0.336901 0
    outer loop
      vertex -7.43445 1.43223 1.89
      vertex -7.4609 1.50615 0
      vertex -7.4609 1.50615 1.89
    endloop
  endfacet
  facet normal 0.94154 0.336901 0
    outer loop
      vertex -7.4609 1.50615 0
      vertex -7.43445 1.43223 1.89
      vertex -7.43445 1.43223 0
    endloop
  endfacet
  facet normal -0.941338 0.337466 0
    outer loop
      vertex -12.5656 1.43223 0
      vertex -12.5391 1.50615 1.89
      vertex -12.5391 1.50615 0
    endloop
  endfacet
  facet normal -0.941338 0.337466 0
    outer loop
      vertex -12.5391 1.50615 1.89
      vertex -12.5656 1.43223 0
      vertex -12.5656 1.43223 1.89
    endloop
  endfacet
  facet normal 0.989176 0.146733 0
    outer loop
      vertex -7.40385 1.27841 1.89
      vertex -7.41537 1.35607 0
      vertex -7.41537 1.35607 1.89
    endloop
  endfacet
  facet normal 0.989176 0.146733 0
    outer loop
      vertex -7.41537 1.35607 0
      vertex -7.40385 1.27841 1.89
      vertex -7.40385 1.27841 0
    endloop
  endfacet
  facet normal 0.146733 0.989176 -0
    outer loop
      vertex -8.04393 1.98463 0
      vertex -8.12159 1.99615 1.89
      vertex -8.04393 1.98463 1.89
    endloop
  endfacet
  facet normal 0.146733 0.989176 0
    outer loop
      vertex -8.12159 1.99615 1.89
      vertex -8.04393 1.98463 0
      vertex -8.12159 1.99615 0
    endloop
  endfacet
  facet normal 0.427489 0.90402 -0
    outer loop
      vertex -7.82288 1.90554 0
      vertex -7.89385 1.9391 1.89
      vertex -7.82288 1.90554 1.89
    endloop
  endfacet
  facet normal 0.427489 0.90402 0
    outer loop
      vertex -7.89385 1.9391 1.89
      vertex -7.82288 1.90554 0
      vertex -7.89385 1.9391 0
    endloop
  endfacet
  facet normal 0.243015 -0.970023 0
    outer loop
      vertex -8.04393 -1.98463 0
      vertex -7.96777 -1.96555 1.89
      vertex -8.04393 -1.98463 1.89
    endloop
  endfacet
  facet normal 0.243015 -0.970023 0
    outer loop
      vertex -7.96777 -1.96555 1.89
      vertex -8.04393 -1.98463 0
      vertex -7.96777 -1.96555 0
    endloop
  endfacet
  facet normal 0.671543 0.740965 -0
    outer loop
      vertex -7.63432 1.76569 0
      vertex -7.69249 1.81841 1.89
      vertex -7.63432 1.76569 1.89
    endloop
  endfacet
  facet normal 0.671543 0.740965 0
    outer loop
      vertex -7.69249 1.81841 1.89
      vertex -7.63432 1.76569 0
      vertex -7.69249 1.81841 0
    endloop
  endfacet
  facet normal 0.514084 0.85774 -0
    outer loop
      vertex -7.75554 1.86518 0
      vertex -7.82288 1.90554 1.89
      vertex -7.75554 1.86518 1.89
    endloop
  endfacet
  facet normal 0.514084 0.85774 0
    outer loop
      vertex -7.82288 1.90554 1.89
      vertex -7.75554 1.86518 0
      vertex -7.82288 1.90554 0
    endloop
  endfacet
  facet normal -0.858077 0.513521 0
    outer loop
      vertex -12.5055 1.57712 0
      vertex -12.4652 1.64446 1.89
      vertex -12.4652 1.64446 0
    endloop
  endfacet
  facet normal -0.858077 0.513521 0
    outer loop
      vertex -12.4652 1.64446 1.89
      vertex -12.5055 1.57712 0
      vertex -12.5055 1.57712 1.89
    endloop
  endfacet
  facet normal -0.146659 -0.989187 0
    outer loop
      vertex -11.9561 -1.98463 0
      vertex -11.8784 -1.99615 1.89
      vertex -11.9561 -1.98463 1.89
    endloop
  endfacet
  facet normal -0.146659 -0.989187 -0
    outer loop
      vertex -11.8784 -1.99615 1.89
      vertex -11.9561 -1.98463 0
      vertex -11.8784 -1.99615 0
    endloop
  endfacet
  facet normal 0.146733 -0.989176 0
    outer loop
      vertex -8.12159 -1.99615 0
      vertex -8.04393 -1.98463 1.89
      vertex -8.12159 -1.99615 1.89
    endloop
  endfacet
  facet normal 0.146733 -0.989176 0
    outer loop
      vertex -8.04393 -1.98463 1.89
      vertex -8.12159 -1.99615 0
      vertex -8.04393 -1.98463 0
    endloop
  endfacet
  facet normal 0.0490418 -0.998797 0
    outer loop
      vertex -8.2 -2 0
      vertex -8.12159 -1.99615 1.89
      vertex -8.2 -2 1.89
    endloop
  endfacet
  facet normal 0.0490418 -0.998797 0
    outer loop
      vertex -8.12159 -1.99615 1.89
      vertex -8.2 -2 0
      vertex -8.12159 -1.99615 0
    endloop
  endfacet
  facet normal 0.970023 0.243015 0
    outer loop
      vertex -7.41537 1.35607 1.89
      vertex -7.43445 1.43223 0
      vertex -7.43445 1.43223 1.89
    endloop
  endfacet
  facet normal 0.970023 0.243015 0
    outer loop
      vertex -7.43445 1.43223 0
      vertex -7.41537 1.35607 1.89
      vertex -7.41537 1.35607 0
    endloop
  endfacet
  facet normal -0.146659 0.989187 0
    outer loop
      vertex -11.8784 1.99615 0
      vertex -11.9561 1.98463 1.89
      vertex -11.8784 1.99615 1.89
    endloop
  endfacet
  facet normal -0.146659 0.989187 0
    outer loop
      vertex -11.9561 1.98463 1.89
      vertex -11.8784 1.99615 0
      vertex -11.9561 1.98463 0
    endloop
  endfacet
  facet normal 0.243015 0.970023 -0
    outer loop
      vertex -7.96777 1.96555 0
      vertex -8.04393 1.98463 1.89
      vertex -7.96777 1.96555 1.89
    endloop
  endfacet
  facet normal 0.243015 0.970023 0
    outer loop
      vertex -8.04393 1.98463 1.89
      vertex -7.96777 1.96555 0
      vertex -8.04393 1.98463 0
    endloop
  endfacet
  facet normal 0 0 -1
    outer loop
      vertex -8.2 -2 0
      vertex -7.4 -1.2 0
      vertex -7.40385 -1.27841 0
    endloop
  endfacet
  facet normal -0 0 -1
    outer loop
      vertex -7.4 -1.2 0
      vertex -8.2 -2 0
      vertex -7.4 1.2 0
    endloop
  endfacet
  facet normal 0 0 -1
    outer loop
      vertex -8.2 -2 0
      vertex -7.40385 -1.27841 0
      vertex -7.41537 -1.35607 0
    endloop
  endfacet
  facet normal 0 0 -1
    outer loop
      vertex -8.2 2 0
      vertex -7.4 1.2 0
      vertex -8.2 -2 0
    endloop
  endfacet
  facet normal 0 0 -1
    outer loop
      vertex -8.2 -2 0
      vertex -7.41537 -1.35607 0
      vertex -7.43445 -1.43223 0
    endloop
  endfacet
  facet normal 0 0 -1
    outer loop
      vertex -7.4 1.2 0
      vertex -8.2 2 0
      vertex -7.40385 1.27841 0
    endloop
  endfacet
  facet normal 0 0 -1
    outer loop
      vertex -8.2 -2 0
      vertex -7.43445 -1.43223 0
      vertex -7.4609 -1.50615 0
    endloop
  endfacet
  facet normal 0 0 -1
    outer loop
      vertex -7.40385 1.27841 0
      vertex -8.2 2 0
      vertex -7.41537 1.35607 0
    endloop
  endfacet
  facet normal 0 0 -1
    outer loop
      vertex -8.2 -2 0
      vertex -7.4609 -1.50615 0
      vertex -7.49446 -1.57712 0
    endloop
  endfacet
  facet normal 0 0 -1
    outer loop
      vertex -7.41537 1.35607 0
      vertex -8.2 2 0
      vertex -7.43445 1.43223 0
    endloop
  endfacet
  facet normal 0 0 -1
    outer loop
      vertex -8.2 -2 0
      vertex -7.49446 -1.57712 0
      vertex -7.53482 -1.64446 0
    endloop
  endfacet
  facet normal 0 0 -1
    outer loop
      vertex -7.43445 1.43223 0
      vertex -8.2 2 0
      vertex -7.4609 1.50615 0
    endloop
  endfacet
  facet normal 0 0 -1
    outer loop
      vertex -8.2 -2 0
      vertex -7.53482 -1.64446 0
      vertex -7.58159 -1.70751 0
    endloop
  endfacet
  facet normal 0 0 -1
    outer loop
      vertex -7.4609 1.50615 0
      vertex -8.2 2 0
      vertex -7.49446 1.57712 0
    endloop
  endfacet
  facet normal 0 0 -1
    outer loop
      vertex -8.2 -2 0
      vertex -7.58159 -1.70751 0
      vertex -7.63432 -1.76569 0
    endloop
  endfacet
  facet normal 0 0 -1
    outer loop
      vertex -7.49446 1.57712 0
      vertex -8.2 2 0
      vertex -7.53482 1.64446 0
    endloop
  endfacet
  facet normal 0 0 -1
    outer loop
      vertex -8.2 -2 0
      vertex -7.63432 -1.76569 0
      vertex -7.69249 -1.81841 0
    endloop
  endfacet
  facet normal 0 0 -1
    outer loop
      vertex -7.53482 1.64446 0
      vertex -8.2 2 0
      vertex -7.58159 1.70751 0
    endloop
  endfacet
  facet normal 0 0 -1
    outer loop
      vertex -8.2 -2 0
      vertex -7.69249 -1.81841 0
      vertex -7.75554 -1.86518 0
    endloop
  endfacet
  facet normal 0 0 -1
    outer loop
      vertex -7.58159 1.70751 0
      vertex -8.2 2 0
      vertex -7.63432 1.76569 0
    endloop
  endfacet
  facet normal 0 0 -1
    outer loop
      vertex -8.2 -2 0
      vertex -7.75554 -1.86518 0
      vertex -7.82288 -1.90554 0
    endloop
  endfacet
  facet normal 0 0 -1
    outer loop
      vertex -7.63432 1.76569 0
      vertex -8.2 2 0
      vertex -7.69249 1.81841 0
    endloop
  endfacet
  facet normal 0 0 -1
    outer loop
      vertex -8.2 -2 0
      vertex -7.82288 -1.90554 0
      vertex -7.89385 -1.9391 0
    endloop
  endfacet
  facet normal 0 0 -1
    outer loop
      vertex -7.69249 1.81841 0
      vertex -8.2 2 0
      vertex -7.75554 1.86518 0
    endloop
  endfacet
  facet normal 0 0 -1
    outer loop
      vertex -8.2 -2 0
      vertex -7.89385 -1.9391 0
      vertex -7.96777 -1.96555 0
    endloop
  endfacet
  facet normal 0 0 -1
    outer loop
      vertex -7.75554 1.86518 0
      vertex -8.2 2 0
      vertex -7.82288 1.90554 0
    endloop
  endfacet
  facet normal 0 0 -1
    outer loop
      vertex -8.2 -2 0
      vertex -7.96777 -1.96555 0
      vertex -8.04393 -1.98463 0
    endloop
  endfacet
  facet normal 0 0 -1
    outer loop
      vertex -7.82288 1.90554 0
      vertex -8.2 2 0
      vertex -7.89385 1.9391 0
    endloop
  endfacet
  facet normal 0 0 -1
    outer loop
      vertex -8.2 -2 0
      vertex -8.04393 -1.98463 0
      vertex -8.12159 -1.99615 0
    endloop
  endfacet
  facet normal 0 0 -1
    outer loop
      vertex -7.89385 1.9391 0
      vertex -8.2 2 0
      vertex -7.96777 1.96555 0
    endloop
  endfacet
  facet normal 0 0 -1
    outer loop
      vertex -7.96777 1.96555 0
      vertex -8.2 2 0
      vertex -8.04393 1.98463 0
    endloop
  endfacet
  facet normal 0 0 -1
    outer loop
      vertex -8.04393 1.98463 0
      vertex -8.2 2 0
      vertex -8.12159 1.99615 0
    endloop
  endfacet
  facet normal 0 0 -1
    outer loop
      vertex -11.8 -2 0
      vertex -8.2 2 0
      vertex -8.2 -2 0
    endloop
  endfacet
  facet normal 0 0 -1
    outer loop
      vertex -11.8 -2 0
      vertex -11.8 2 0
      vertex -8.2 2 0
    endloop
  endfacet
  facet normal 0 0 -1
    outer loop
      vertex -12.6 -1.2 0
      vertex -11.8 -2 0
      vertex -11.8784 -1.99615 0
    endloop
  endfacet
  facet normal 0 0 -1
    outer loop
      vertex -11.8 -2 0
      vertex -12.6 -1.2 0
      vertex -11.8 2 0
    endloop
  endfacet
  facet normal 0 0 -1
    outer loop
      vertex -12.6 -1.2 0
      vertex -11.8784 -1.99615 0
      vertex -11.9561 -1.98463 0
    endloop
  endfacet
  facet normal 0 0 -1
    outer loop
      vertex -12.6 1.2 0
      vertex -11.8 2 0
      vertex -12.6 -1.2 0
    endloop
  endfacet
  facet normal 0 0 -1
    outer loop
      vertex -12.6 -1.2 0
      vertex -11.9561 -1.98463 0
      vertex -12.0322 -1.96555 0
    endloop
  endfacet
  facet normal 0 0 -1
    outer loop
      vertex -11.8 2 0
      vertex -12.6 1.2 0
      vertex -11.8784 1.99615 0
    endloop
  endfacet
  facet normal 0 0 -1
    outer loop
      vertex -12.6 -1.2 0
      vertex -12.0322 -1.96555 0
      vertex -12.1061 -1.9391 0
    endloop
  endfacet
  facet normal 0 0 -1
    outer loop
      vertex -11.8784 1.99615 0
      vertex -12.6 1.2 0
      vertex -11.9561 1.98463 0
    endloop
  endfacet
  facet normal 0 0 -1
    outer loop
      vertex -12.6 -1.2 0
      vertex -12.1061 -1.9391 0
      vertex -12.1771 -1.90554 0
    endloop
  endfacet
  facet normal 0 0 -1
    outer loop
      vertex -11.9561 1.98463 0
      vertex -12.6 1.2 0
      vertex -12.0322 1.96555 0
    endloop
  endfacet
  facet normal 0 0 -1
    outer loop
      vertex -12.6 -1.2 0
      vertex -12.1771 -1.90554 0
      vertex -12.2445 -1.86518 0
    endloop
  endfacet
  facet normal 0 0 -1
    outer loop
      vertex -12.0322 1.96555 0
      vertex -12.6 1.2 0
      vertex -12.1061 1.9391 0
    endloop
  endfacet
  facet normal 0 0 -1
    outer loop
      vertex -12.6 -1.2 0
      vertex -12.2445 -1.86518 0
      vertex -12.3075 -1.81841 0
    endloop
  endfacet
  facet normal 0 0 -1
    outer loop
      vertex -12.1061 1.9391 0
      vertex -12.6 1.2 0
      vertex -12.1771 1.90554 0
    endloop
  endfacet
  facet normal 0 0 -1
    outer loop
      vertex -12.6 -1.2 0
      vertex -12.3075 -1.81841 0
      vertex -12.3657 -1.76569 0
    endloop
  endfacet
  facet normal 0 0 -1
    outer loop
      vertex -12.1771 1.90554 0
      vertex -12.6 1.2 0
      vertex -12.2445 1.86518 0
    endloop
  endfacet
  facet normal 0 0 -1
    outer loop
      vertex -12.6 -1.2 0
      vertex -12.3657 -1.76569 0
      vertex -12.4184 -1.70751 0
    endloop
  endfacet
  facet normal 0 0 -1
    outer loop
      vertex -12.2445 1.86518 0
      vertex -12.6 1.2 0
      vertex -12.3075 1.81841 0
    endloop
  endfacet
  facet normal 0 0 -1
    outer loop
      vertex -12.6 -1.2 0
      vertex -12.4184 -1.70751 0
      vertex -12.4652 -1.64446 0
    endloop
  endfacet
  facet normal 0 0 -1
    outer loop
      vertex -12.3075 1.81841 0
      vertex -12.6 1.2 0
      vertex -12.3657 1.76569 0
    endloop
  endfacet
  facet normal 0 0 -1
    outer loop
      vertex -12.6 -1.2 0
      vertex -12.4652 -1.64446 0
      vertex -12.5055 -1.57712 0
    endloop
  endfacet
  facet normal 0 0 -1
    outer loop
      vertex -12.3657 1.76569 0
      vertex -12.6 1.2 0
      vertex -12.4184 1.70751 0
    endloop
  endfacet
  facet normal 0 0 -1
    outer loop
      vertex -12.6 -1.2 0
      vertex -12.5055 -1.57712 0
      vertex -12.5391 -1.50615 0
    endloop
  endfacet
  facet normal 0 0 -1
    outer loop
      vertex -12.4184 1.70751 0
      vertex -12.6 1.2 0
      vertex -12.4652 1.64446 0
    endloop
  endfacet
  facet normal 0 0 -1
    outer loop
      vertex -12.6 -1.2 0
      vertex -12.5391 -1.50615 0
      vertex -12.5656 -1.43223 0
    endloop
  endfacet
  facet normal 0 0 -1
    outer loop
      vertex -12.4652 1.64446 0
      vertex -12.6 1.2 0
      vertex -12.5055 1.57712 0
    endloop
  endfacet
  facet normal 0 0 -1
    outer loop
      vertex -12.6 -1.2 0
      vertex -12.5656 -1.43223 0
      vertex -12.5846 -1.35607 0
    endloop
  endfacet
  facet normal 0 0 -1
    outer loop
      vertex -12.5055 1.57712 0
      vertex -12.6 1.2 0
      vertex -12.5391 1.50615 0
    endloop
  endfacet
  facet normal 0 0 -1
    outer loop
      vertex -12.6 -1.2 0
      vertex -12.5846 -1.35607 0
      vertex -12.5961 -1.27841 0
    endloop
  endfacet
  facet normal 0 0 -1
    outer loop
      vertex -12.5391 1.50615 0
      vertex -12.6 1.2 0
      vertex -12.5656 1.43223 0
    endloop
  endfacet
  facet normal 0 0 -1
    outer loop
      vertex -12.5656 1.43223 0
      vertex -12.6 1.2 0
      vertex -12.5846 1.35607 0
    endloop
  endfacet
  facet normal 0 0 -1
    outer loop
      vertex -12.5846 1.35607 0
      vertex -12.6 1.2 0
      vertex -12.5961 1.27841 0
    endloop
  endfacet
  facet normal 0.857727 -0.514106 0
    outer loop
      vertex -7.16853 -1.95557 2.29
      vertex -7.11808 -1.8714 1.89
      vertex -7.11808 -1.8714 2.29
    endloop
  endfacet
  facet normal 0.857727 -0.514106 0
    outer loop
      vertex -7.11808 -1.8714 1.89
      vertex -7.16853 -1.95557 2.29
      vertex -7.16853 -1.95557 1.89
    endloop
  endfacet
  facet normal 0.242943 -0.970041 0
    outer loop
      vertex -7.80491 -2.38078 1.89
      vertex -7.70972 -2.35694 2.29
      vertex -7.80491 -2.38078 2.29
    endloop
  endfacet
  facet normal 0.242943 -0.970041 0
    outer loop
      vertex -7.70972 -2.35694 2.29
      vertex -7.80491 -2.38078 1.89
      vertex -7.70972 -2.35694 1.89
    endloop
  endfacet
  facet normal 0.0491143 -0.998793 0
    outer loop
      vertex -8 -2.4 1.89
      vertex -7.90198 -2.39518 2.29
      vertex -8 -2.4 2.29
    endloop
  endfacet
  facet normal 0.0491143 -0.998793 0
    outer loop
      vertex -7.90198 -2.39518 2.29
      vertex -8 -2.4 1.89
      vertex -7.90198 -2.39518 1.89
    endloop
  endfacet
  facet normal -0.857951 0.513731 0
    outer loop
      vertex -12.8819 1.8714 1.89
      vertex -12.8315 1.95557 2.29
      vertex -12.8315 1.95557 1.89
    endloop
  endfacet
  facet normal -0.857951 0.513731 0
    outer loop
      vertex -12.8315 1.95557 2.29
      vertex -12.8819 1.8714 1.89
      vertex -12.8819 1.8714 2.29
    endloop
  endfacet
  facet normal 0.941548 -0.336879 0
    outer loop
      vertex -7.07612 -1.78268 2.29
      vertex -7.04306 -1.69028 1.89
      vertex -7.04306 -1.69028 2.29
    endloop
  endfacet
  facet normal 0.941548 -0.336879 0
    outer loop
      vertex -7.04306 -1.69028 1.89
      vertex -7.07612 -1.78268 2.29
      vertex -7.07612 -1.78268 1.89
    endloop
  endfacet
  facet normal 0 1 -0
    outer loop
      vertex -8 2.4 1.89
      vertex -12 2.4 2.29
      vertex -8 2.4 2.29
    endloop
  endfacet
  facet normal 0 1 0
    outer loop
      vertex -12 2.4 2.29
      vertex -8 2.4 1.89
      vertex -12 2.4 1.89
    endloop
  endfacet
  facet normal 0.671505 -0.741 0
    outer loop
      vertex -7.36561 -2.17301 1.89
      vertex -7.29289 -2.10711 2.29
      vertex -7.36561 -2.17301 2.29
    endloop
  endfacet
  facet normal 0.671505 -0.741 0
    outer loop
      vertex -7.29289 -2.10711 2.29
      vertex -7.36561 -2.17301 1.89
      vertex -7.29289 -2.10711 1.89
    endloop
  endfacet
  facet normal -0.998803 0.048911 0
    outer loop
      vertex -13 1.4 1.89
      vertex -12.9952 1.49802 2.29
      vertex -12.9952 1.49802 1.89
    endloop
  endfacet
  facet normal -0.998803 0.048911 0
    outer loop
      vertex -12.9952 1.49802 2.29
      vertex -13 1.4 1.89
      vertex -13 1.4 2.29
    endloop
  endfacet
  facet normal -0.0491243 0.998793 0
    outer loop
      vertex -12 2.4 1.89
      vertex -12.098 2.39518 2.29
      vertex -12 2.4 2.29
    endloop
  endfacet
  facet normal -0.0491243 0.998793 0
    outer loop
      vertex -12.098 2.39518 2.29
      vertex -12 2.4 1.89
      vertex -12.098 2.39518 1.89
    endloop
  endfacet
  facet normal -0.0491243 -0.998793 0
    outer loop
      vertex -12.098 -2.39518 1.89
      vertex -12 -2.4 2.29
      vertex -12.098 -2.39518 2.29
    endloop
  endfacet
  facet normal -0.0491243 -0.998793 -0
    outer loop
      vertex -12 -2.4 2.29
      vertex -12.098 -2.39518 1.89
      vertex -12 -2.4 1.89
    endloop
  endfacet
  facet normal 0.336879 0.941548 -0
    outer loop
      vertex -7.61732 2.32388 1.89
      vertex -7.70972 2.35694 2.29
      vertex -7.61732 2.32388 2.29
    endloop
  endfacet
  facet normal 0.336879 0.941548 0
    outer loop
      vertex -7.70972 2.35694 2.29
      vertex -7.61732 2.32388 1.89
      vertex -7.70972 2.35694 1.89
    endloop
  endfacet
  facet normal -0.802997 0.595983 0
    outer loop
      vertex -12.8315 1.95557 1.89
      vertex -12.773 2.03439 2.29
      vertex -12.773 2.03439 1.89
    endloop
  endfacet
  facet normal -0.802997 0.595983 0
    outer loop
      vertex -12.773 2.03439 2.29
      vertex -12.8315 1.95557 1.89
      vertex -12.8315 1.95557 2.29
    endloop
  endfacet
  facet normal 1 -0 0
    outer loop
      vertex -7 1 2.29
      vertex -7 1.4 1.89
      vertex -7 1.4 2.29
    endloop
  endfacet
  facet normal 1 0 0
    outer loop
      vertex -7 1.4 1.89
      vertex -7 1 2.29
      vertex -7 1 1.89
    endloop
  endfacet
  facet normal 1 -0 0
    outer loop
      vertex -7 -1.4 2.29
      vertex -7 -1 1.89
      vertex -7 -1 2.29
    endloop
  endfacet
  facet normal 1 0 0
    outer loop
      vertex -7 -1 1.89
      vertex -7 -1.4 2.29
      vertex -7 -1.4 1.89
    endloop
  endfacet
  facet normal 0.514106 0.857727 -0
    outer loop
      vertex -7.44443 2.23147 1.89
      vertex -7.5286 2.28192 2.29
      vertex -7.44443 2.23147 2.29
    endloop
  endfacet
  facet normal 0.514106 0.857727 0
    outer loop
      vertex -7.5286 2.28192 2.29
      vertex -7.44443 2.23147 1.89
      vertex -7.5286 2.28192 1.89
    endloop
  endfacet
  facet normal 0 -1 0
    outer loop
      vertex -12 -2.4 1.89
      vertex -8 -2.4 2.29
      vertex -12 -2.4 2.29
    endloop
  endfacet
  facet normal 0 -1 -0
    outer loop
      vertex -8 -2.4 2.29
      vertex -12 -2.4 1.89
      vertex -8 -2.4 1.89
    endloop
  endfacet
  facet normal 0.146741 0.989175 -0
    outer loop
      vertex -7.80491 2.38078 1.89
      vertex -7.90198 2.39518 2.29
      vertex -7.80491 2.38078 2.29
    endloop
  endfacet
  facet normal 0.146741 0.989175 0
    outer loop
      vertex -7.90198 2.39518 2.29
      vertex -7.80491 2.38078 1.89
      vertex -7.90198 2.39518 1.89
    endloop
  endfacet
  facet normal -0.671607 -0.740908 0
    outer loop
      vertex -12.7071 -2.10711 1.89
      vertex -12.6344 -2.17301 2.29
      vertex -12.7071 -2.10711 2.29
    endloop
  endfacet
  facet normal -0.671607 -0.740908 -0
    outer loop
      vertex -12.6344 -2.17301 2.29
      vertex -12.7071 -2.10711 1.89
      vertex -12.6344 -2.17301 1.89
    endloop
  endfacet
  facet normal 0.59572 0.803192 -0
    outer loop
      vertex -7.36561 2.17301 1.89
      vertex -7.44443 2.23147 2.29
      vertex -7.36561 2.17301 2.29
    endloop
  endfacet
  facet normal 0.59572 0.803192 0
    outer loop
      vertex -7.44443 2.23147 2.29
      vertex -7.36561 2.17301 1.89
      vertex -7.44443 2.23147 1.89
    endloop
  endfacet
  facet normal -0.989175 -0.146741 0
    outer loop
      vertex -12.9808 -1.59509 1.89
      vertex -12.9952 -1.49802 2.29
      vertex -12.9952 -1.49802 1.89
    endloop
  endfacet
  facet normal -0.989175 -0.146741 0
    outer loop
      vertex -12.9952 -1.49802 2.29
      vertex -12.9808 -1.59509 1.89
      vertex -12.9808 -1.59509 2.29
    endloop
  endfacet
  facet normal -0.242919 0.970047 0
    outer loop
      vertex -12.1951 2.38078 1.89
      vertex -12.2903 2.35694 2.29
      vertex -12.1951 2.38078 2.29
    endloop
  endfacet
  facet normal -0.242919 0.970047 0
    outer loop
      vertex -12.2903 2.35694 2.29
      vertex -12.1951 2.38078 1.89
      vertex -12.2903 2.35694 1.89
    endloop
  endfacet
  facet normal -0.903837 -0.427876 0
    outer loop
      vertex -12.8819 -1.8714 1.89
      vertex -12.9239 -1.78268 2.29
      vertex -12.9239 -1.78268 1.89
    endloop
  endfacet
  facet normal -0.903837 -0.427876 0
    outer loop
      vertex -12.9239 -1.78268 2.29
      vertex -12.8819 -1.8714 1.89
      vertex -12.8819 -1.8714 2.29
    endloop
  endfacet
  facet normal -0.336879 -0.941548 0
    outer loop
      vertex -12.3827 -2.32388 1.89
      vertex -12.2903 -2.35694 2.29
      vertex -12.3827 -2.32388 2.29
    endloop
  endfacet
  facet normal -0.336879 -0.941548 -0
    outer loop
      vertex -12.2903 -2.35694 2.29
      vertex -12.3827 -2.32388 1.89
      vertex -12.2903 -2.35694 1.89
    endloop
  endfacet
  facet normal 0.989175 0.146741 0
    outer loop
      vertex -7.00482 1.49802 2.29
      vertex -7.01922 1.59509 1.89
      vertex -7.01922 1.59509 2.29
    endloop
  endfacet
  facet normal 0.989175 0.146741 0
    outer loop
      vertex -7.01922 1.59509 1.89
      vertex -7.00482 1.49802 2.29
      vertex -7.00482 1.49802 1.89
    endloop
  endfacet
  facet normal -0.242919 -0.970047 0
    outer loop
      vertex -12.2903 -2.35694 1.89
      vertex -12.1951 -2.38078 2.29
      vertex -12.2903 -2.35694 2.29
    endloop
  endfacet
  facet normal -0.242919 -0.970047 -0
    outer loop
      vertex -12.1951 -2.38078 2.29
      vertex -12.2903 -2.35694 1.89
      vertex -12.1951 -2.38078 1.89
    endloop
  endfacet
  facet normal 0.671505 0.741 -0
    outer loop
      vertex -7.29289 2.10711 1.89
      vertex -7.36561 2.17301 2.29
      vertex -7.29289 2.10711 2.29
    endloop
  endfacet
  facet normal 0.671505 0.741 0
    outer loop
      vertex -7.36561 2.17301 2.29
      vertex -7.29289 2.10711 1.89
      vertex -7.36561 2.17301 1.89
    endloop
  endfacet
  facet normal 0.59572 -0.803192 0
    outer loop
      vertex -7.44443 -2.23147 1.89
      vertex -7.36561 -2.17301 2.29
      vertex -7.44443 -2.23147 2.29
    endloop
  endfacet
  facet normal 0.59572 -0.803192 0
    outer loop
      vertex -7.36561 -2.17301 2.29
      vertex -7.44443 -2.23147 1.89
      vertex -7.36561 -2.17301 1.89
    endloop
  endfacet
  facet normal 0.242943 0.970041 -0
    outer loop
      vertex -7.70972 2.35694 1.89
      vertex -7.80491 2.38078 2.29
      vertex -7.70972 2.35694 2.29
    endloop
  endfacet
  facet normal 0.242943 0.970041 0
    outer loop
      vertex -7.80491 2.38078 2.29
      vertex -7.70972 2.35694 1.89
      vertex -7.80491 2.38078 1.89
    endloop
  endfacet
  facet normal -0.741 0.671505 0
    outer loop
      vertex -12.773 2.03439 1.89
      vertex -12.7071 2.10711 2.29
      vertex -12.7071 2.10711 1.89
    endloop
  endfacet
  facet normal -0.741 0.671505 0
    outer loop
      vertex -12.7071 2.10711 2.29
      vertex -12.773 2.03439 1.89
      vertex -12.773 2.03439 2.29
    endloop
  endfacet
  facet normal 0.514106 -0.857727 0
    outer loop
      vertex -7.5286 -2.28192 1.89
      vertex -7.44443 -2.23147 2.29
      vertex -7.5286 -2.28192 2.29
    endloop
  endfacet
  facet normal 0.514106 -0.857727 0
    outer loop
      vertex -7.44443 -2.23147 2.29
      vertex -7.5286 -2.28192 1.89
      vertex -7.44443 -2.23147 1.89
    endloop
  endfacet
  facet normal 0.803192 0.59572 0
    outer loop
      vertex -7.16853 1.95557 2.29
      vertex -7.22699 2.03439 1.89
      vertex -7.22699 2.03439 2.29
    endloop
  endfacet
  facet normal 0.803192 0.59572 0
    outer loop
      vertex -7.22699 2.03439 1.89
      vertex -7.16853 1.95557 2.29
      vertex -7.16853 1.95557 1.89
    endloop
  endfacet
  facet normal -0.427622 -0.903958 0
    outer loop
      vertex -12.4714 -2.28192 1.89
      vertex -12.3827 -2.32388 2.29
      vertex -12.4714 -2.28192 2.29
    endloop
  endfacet
  facet normal -0.427622 -0.903958 -0
    outer loop
      vertex -12.3827 -2.32388 2.29
      vertex -12.4714 -2.28192 1.89
      vertex -12.3827 -2.32388 1.89
    endloop
  endfacet
  facet normal -0.857951 -0.513731 0
    outer loop
      vertex -12.8315 -1.95557 1.89
      vertex -12.8819 -1.8714 2.29
      vertex -12.8819 -1.8714 1.89
    endloop
  endfacet
  facet normal -0.857951 -0.513731 0
    outer loop
      vertex -12.8819 -1.8714 2.29
      vertex -12.8315 -1.95557 1.89
      vertex -12.8315 -1.95557 2.29
    endloop
  endfacet
  facet normal -0.941742 -0.336336 0
    outer loop
      vertex -12.9239 -1.78268 1.89
      vertex -12.9569 -1.69028 2.29
      vertex -12.9569 -1.69028 1.89
    endloop
  endfacet
  facet normal -0.941742 -0.336336 0
    outer loop
      vertex -12.9569 -1.69028 2.29
      vertex -12.9239 -1.78268 1.89
      vertex -12.9239 -1.78268 2.29
    endloop
  endfacet
  facet normal 0.998793 0.0491143 0
    outer loop
      vertex -7 1.4 2.29
      vertex -7.00482 1.49802 1.89
      vertex -7.00482 1.49802 2.29
    endloop
  endfacet
  facet normal 0.998793 0.0491143 0
    outer loop
      vertex -7.00482 1.49802 1.89
      vertex -7 1.4 2.29
      vertex -7 1.4 1.89
    endloop
  endfacet
  facet normal 0.146741 -0.989175 0
    outer loop
      vertex -7.90198 -2.39518 1.89
      vertex -7.80491 -2.38078 2.29
      vertex -7.90198 -2.39518 2.29
    endloop
  endfacet
  facet normal 0.146741 -0.989175 0
    outer loop
      vertex -7.80491 -2.38078 2.29
      vertex -7.90198 -2.39518 1.89
      vertex -7.80491 -2.38078 1.89
    endloop
  endfacet
  facet normal -0.903837 0.427876 0
    outer loop
      vertex -12.9239 1.78268 1.89
      vertex -12.8819 1.8714 2.29
      vertex -12.8819 1.8714 1.89
    endloop
  endfacet
  facet normal -0.903837 0.427876 0
    outer loop
      vertex -12.8819 1.8714 2.29
      vertex -12.9239 1.78268 1.89
      vertex -12.9239 1.78268 2.29
    endloop
  endfacet
  facet normal -0.146696 0.989182 0
    outer loop
      vertex -12.098 2.39518 1.89
      vertex -12.1951 2.38078 2.29
      vertex -12.098 2.39518 2.29
    endloop
  endfacet
  facet normal -0.146696 0.989182 0
    outer loop
      vertex -12.1951 2.38078 2.29
      vertex -12.098 2.39518 1.89
      vertex -12.1951 2.38078 1.89
    endloop
  endfacet
  facet normal 0.0491143 0.998793 -0
    outer loop
      vertex -7.90198 2.39518 1.89
      vertex -8 2.4 2.29
      vertex -7.90198 2.39518 2.29
    endloop
  endfacet
  facet normal 0.0491143 0.998793 0
    outer loop
      vertex -8 2.4 2.29
      vertex -7.90198 2.39518 1.89
      vertex -8 2.4 1.89
    endloop
  endfacet
  facet normal 0.989175 -0.146741 0
    outer loop
      vertex -7.01922 -1.59509 2.29
      vertex -7.00482 -1.49802 1.89
      vertex -7.00482 -1.49802 2.29
    endloop
  endfacet
  facet normal 0.989175 -0.146741 0
    outer loop
      vertex -7.00482 -1.49802 1.89
      vertex -7.01922 -1.59509 2.29
      vertex -7.01922 -1.59509 1.89
    endloop
  endfacet
  facet normal 0.857727 0.514106 0
    outer loop
      vertex -7.11808 1.8714 2.29
      vertex -7.16853 1.95557 1.89
      vertex -7.16853 1.95557 2.29
    endloop
  endfacet
  facet normal 0.857727 0.514106 0
    outer loop
      vertex -7.16853 1.95557 1.89
      vertex -7.11808 1.8714 2.29
      vertex -7.11808 1.8714 1.89
    endloop
  endfacet
  facet normal -0.595817 -0.80312 0
    outer loop
      vertex -12.6344 -2.17301 1.89
      vertex -12.5556 -2.23147 2.29
      vertex -12.6344 -2.17301 2.29
    endloop
  endfacet
  facet normal -0.595817 -0.80312 -0
    outer loop
      vertex -12.5556 -2.23147 2.29
      vertex -12.6344 -2.17301 1.89
      vertex -12.5556 -2.23147 1.89
    endloop
  endfacet
  facet normal 0.998793 -0.0491143 0
    outer loop
      vertex -7.00482 -1.49802 2.29
      vertex -7 -1.4 1.89
      vertex -7 -1.4 2.29
    endloop
  endfacet
  facet normal 0.998793 -0.0491143 0
    outer loop
      vertex -7 -1.4 1.89
      vertex -7.00482 -1.49802 2.29
      vertex -7.00482 -1.49802 1.89
    endloop
  endfacet
  facet normal -0.989175 0.146741 0
    outer loop
      vertex -12.9952 1.49802 1.89
      vertex -12.9808 1.59509 2.29
      vertex -12.9808 1.59509 1.89
    endloop
  endfacet
  facet normal -0.989175 0.146741 0
    outer loop
      vertex -12.9808 1.59509 2.29
      vertex -12.9952 1.49802 1.89
      vertex -12.9952 1.49802 2.29
    endloop
  endfacet
  facet normal 0.336879 -0.941548 0
    outer loop
      vertex -7.70972 -2.35694 1.89
      vertex -7.61732 -2.32388 2.29
      vertex -7.70972 -2.35694 2.29
    endloop
  endfacet
  facet normal 0.336879 -0.941548 0
    outer loop
      vertex -7.61732 -2.32388 2.29
      vertex -7.70972 -2.35694 1.89
      vertex -7.61732 -2.32388 1.89
    endloop
  endfacet
  facet normal -0.146696 -0.989182 0
    outer loop
      vertex -12.1951 -2.38078 1.89
      vertex -12.098 -2.39518 2.29
      vertex -12.1951 -2.38078 2.29
    endloop
  endfacet
  facet normal -0.146696 -0.989182 -0
    outer loop
      vertex -12.098 -2.39518 2.29
      vertex -12.1951 -2.38078 1.89
      vertex -12.098 -2.39518 1.89
    endloop
  endfacet
  facet normal 0.941548 0.336879 0
    outer loop
      vertex -7.04306 1.69028 2.29
      vertex -7.07612 1.78268 1.89
      vertex -7.07612 1.78268 2.29
    endloop
  endfacet
  facet normal 0.941548 0.336879 0
    outer loop
      vertex -7.07612 1.78268 1.89
      vertex -7.04306 1.69028 2.29
      vertex -7.04306 1.69028 1.89
    endloop
  endfacet
  facet normal -0.671607 0.740908 0
    outer loop
      vertex -12.6344 2.17301 1.89
      vertex -12.7071 2.10711 2.29
      vertex -12.6344 2.17301 2.29
    endloop
  endfacet
  facet normal -0.671607 0.740908 0
    outer loop
      vertex -12.7071 2.10711 2.29
      vertex -12.6344 2.17301 1.89
      vertex -12.7071 2.10711 1.89
    endloop
  endfacet
  facet normal 0.970041 0.242943 0
    outer loop
      vertex -7.01922 1.59509 2.29
      vertex -7.04306 1.69028 1.89
      vertex -7.04306 1.69028 2.29
    endloop
  endfacet
  facet normal 0.970041 0.242943 0
    outer loop
      vertex -7.04306 1.69028 1.89
      vertex -7.01922 1.59509 2.29
      vertex -7.01922 1.59509 1.89
    endloop
  endfacet
  facet normal 0.803192 -0.59572 0
    outer loop
      vertex -7.22699 -2.03439 2.29
      vertex -7.16853 -1.95557 1.89
      vertex -7.16853 -1.95557 2.29
    endloop
  endfacet
  facet normal 0.803192 -0.59572 0
    outer loop
      vertex -7.16853 -1.95557 1.89
      vertex -7.22699 -2.03439 2.29
      vertex -7.22699 -2.03439 1.89
    endloop
  endfacet
  facet normal 0.427543 0.903995 -0
    outer loop
      vertex -7.5286 2.28192 1.89
      vertex -7.61732 2.32388 2.29
      vertex -7.5286 2.28192 2.29
    endloop
  endfacet
  facet normal 0.427543 0.903995 0
    outer loop
      vertex -7.61732 2.32388 2.29
      vertex -7.5286 2.28192 1.89
      vertex -7.61732 2.32388 1.89
    endloop
  endfacet
  facet normal -0.336879 0.941548 0
    outer loop
      vertex -12.2903 2.35694 1.89
      vertex -12.3827 2.32388 2.29
      vertex -12.2903 2.35694 2.29
    endloop
  endfacet
  facet normal -0.336879 0.941548 0
    outer loop
      vertex -12.3827 2.32388 2.29
      vertex -12.2903 2.35694 1.89
      vertex -12.3827 2.32388 1.89
    endloop
  endfacet
  facet normal -0.802997 -0.595983 0
    outer loop
      vertex -12.773 -2.03439 1.89
      vertex -12.8315 -1.95557 2.29
      vertex -12.8315 -1.95557 1.89
    endloop
  endfacet
  facet normal -0.802997 -0.595983 0
    outer loop
      vertex -12.8315 -1.95557 2.29
      vertex -12.773 -2.03439 1.89
      vertex -12.773 -2.03439 2.29
    endloop
  endfacet
  facet normal -0.969896 -0.243518 0
    outer loop
      vertex -12.9569 -1.69028 1.89
      vertex -12.9808 -1.59509 2.29
      vertex -12.9808 -1.59509 1.89
    endloop
  endfacet
  facet normal -0.969896 -0.243518 0
    outer loop
      vertex -12.9808 -1.59509 2.29
      vertex -12.9569 -1.69028 1.89
      vertex -12.9569 -1.69028 2.29
    endloop
  endfacet
  facet normal 0.903995 -0.427543 0
    outer loop
      vertex -7.11808 -1.8714 2.29
      vertex -7.07612 -1.78268 1.89
      vertex -7.07612 -1.78268 2.29
    endloop
  endfacet
  facet normal 0.903995 -0.427543 0
    outer loop
      vertex -7.07612 -1.78268 1.89
      vertex -7.11808 -1.8714 2.29
      vertex -7.11808 -1.8714 1.89
    endloop
  endfacet
  facet normal 0 0 -1
    outer loop
      vertex -7.4 -1.2 1.89
      vertex -7 -1 1.89
      vertex -7 -1.4 1.89
    endloop
  endfacet
  facet normal -0 0 -1
    outer loop
      vertex -7 -1 1.89
      vertex -7.4 -1.2 1.89
      vertex -7 1 1.89
    endloop
  endfacet
  facet normal 0 0 -1
    outer loop
      vertex -7.41537 -1.35607 1.89
      vertex -7 -1.4 1.89
      vertex -7.00482 -1.49802 1.89
    endloop
  endfacet
  facet normal 0 0 -1
    outer loop
      vertex -7.4 1.2 1.89
      vertex -7 1 1.89
      vertex -7.4 -1.2 1.89
    endloop
  endfacet
  facet normal 0 0 -1
    outer loop
      vertex -7.43445 -1.43223 1.89
      vertex -7.00482 -1.49802 1.89
      vertex -7.01922 -1.59509 1.89
    endloop
  endfacet
  facet normal 0 0 -1
    outer loop
      vertex -7 1 1.89
      vertex -7.4 1.2 1.89
      vertex -7 1.4 1.89
    endloop
  endfacet
  facet normal 0 0 -1
    outer loop
      vertex -7.4609 -1.50615 1.89
      vertex -7.01922 -1.59509 1.89
      vertex -7.04306 -1.69028 1.89
    endloop
  endfacet
  facet normal 0 0 -1
    outer loop
      vertex -7.40385 1.27841 1.89
      vertex -7 1.4 1.89
      vertex -7.4 1.2 1.89
    endloop
  endfacet
  facet normal 0 0 -1
    outer loop
      vertex -7.49446 -1.57712 1.89
      vertex -7.04306 -1.69028 1.89
      vertex -7.07612 -1.78268 1.89
    endloop
  endfacet
  facet normal 0 0 -1
    outer loop
      vertex -7.41537 1.35607 1.89
      vertex -7 1.4 1.89
      vertex -7.40385 1.27841 1.89
    endloop
  endfacet
  facet normal 0 0 -1
    outer loop
      vertex -7.49446 -1.57712 1.89
      vertex -7.07612 -1.78268 1.89
      vertex -7.11808 -1.8714 1.89
    endloop
  endfacet
  facet normal -0 0 -1
    outer loop
      vertex -7 1.4 1.89
      vertex -7.41537 1.35607 1.89
      vertex -7.00482 1.49802 1.89
    endloop
  endfacet
  facet normal 0 0 -1
    outer loop
      vertex -7.53482 -1.64446 1.89
      vertex -7.11808 -1.8714 1.89
      vertex -7.16853 -1.95557 1.89
    endloop
  endfacet
  facet normal 0 0 -1
    outer loop
      vertex -7.43445 1.43223 1.89
      vertex -7.00482 1.49802 1.89
      vertex -7.41537 1.35607 1.89
    endloop
  endfacet
  facet normal 0 0 -1
    outer loop
      vertex -7.58159 -1.70751 1.89
      vertex -7.16853 -1.95557 1.89
      vertex -7.22699 -2.03439 1.89
    endloop
  endfacet
  facet normal -0 0 -1
    outer loop
      vertex -7.00482 1.49802 1.89
      vertex -7.43445 1.43223 1.89
      vertex -7.01922 1.59509 1.89
    endloop
  endfacet
  facet normal 0 0 -1
    outer loop
      vertex -7.63432 -1.76569 1.89
      vertex -7.22699 -2.03439 1.89
      vertex -7.29289 -2.10711 1.89
    endloop
  endfacet
  facet normal 0 0 -1
    outer loop
      vertex -7.4609 1.50615 1.89
      vertex -7.01922 1.59509 1.89
      vertex -7.43445 1.43223 1.89
    endloop
  endfacet
  facet normal 0 0 -1
    outer loop
      vertex -7.63432 -1.76569 1.89
      vertex -7.29289 -2.10711 1.89
      vertex -7.36561 -2.17301 1.89
    endloop
  endfacet
  facet normal -0 0 -1
    outer loop
      vertex -7.01922 1.59509 1.89
      vertex -7.4609 1.50615 1.89
      vertex -7.04306 1.69028 1.89
    endloop
  endfacet
  facet normal 0 0 -1
    outer loop
      vertex -7.49446 1.57712 1.89
      vertex -7.04306 1.69028 1.89
      vertex -7.4609 1.50615 1.89
    endloop
  endfacet
  facet normal 0 0 -1
    outer loop
      vertex -7 -1.4 1.89
      vertex -7.40385 -1.27841 1.89
      vertex -7.4 -1.2 1.89
    endloop
  endfacet
  facet normal 0 0 -1
    outer loop
      vertex -7 -1.4 1.89
      vertex -7.41537 -1.35607 1.89
      vertex -7.40385 -1.27841 1.89
    endloop
  endfacet
  facet normal 0 0 -1
    outer loop
      vertex -7.00482 -1.49802 1.89
      vertex -7.43445 -1.43223 1.89
      vertex -7.41537 -1.35607 1.89
    endloop
  endfacet
  facet normal 0 0 -1
    outer loop
      vertex -7.69249 -1.81841 1.89
      vertex -7.36561 -2.17301 1.89
      vertex -7.44443 -2.23147 1.89
    endloop
  endfacet
  facet normal 0 0 -1
    outer loop
      vertex -7.01922 -1.59509 1.89
      vertex -7.4609 -1.50615 1.89
      vertex -7.43445 -1.43223 1.89
    endloop
  endfacet
  facet normal 0 0 -1
    outer loop
      vertex -7.04306 -1.69028 1.89
      vertex -7.49446 -1.57712 1.89
      vertex -7.4609 -1.50615 1.89
    endloop
  endfacet
  facet normal 0 0 -1
    outer loop
      vertex -7.75554 -1.86518 1.89
      vertex -7.44443 -2.23147 1.89
      vertex -7.5286 -2.28192 1.89
    endloop
  endfacet
  facet normal 0 0 -1
    outer loop
      vertex -7.11808 -1.8714 1.89
      vertex -7.53482 -1.64446 1.89
      vertex -7.49446 -1.57712 1.89
    endloop
  endfacet
  facet normal 0 0 -1
    outer loop
      vertex -7.16853 -1.95557 1.89
      vertex -7.58159 -1.70751 1.89
      vertex -7.53482 -1.64446 1.89
    endloop
  endfacet
  facet normal 0 0 -1
    outer loop
      vertex -7.82288 -1.90554 1.89
      vertex -7.5286 -2.28192 1.89
      vertex -7.61732 -2.32388 1.89
    endloop
  endfacet
  facet normal 0 0 -1
    outer loop
      vertex -7.22699 -2.03439 1.89
      vertex -7.63432 -1.76569 1.89
      vertex -7.58159 -1.70751 1.89
    endloop
  endfacet
  facet normal 0 0 -1
    outer loop
      vertex -7.36561 -2.17301 1.89
      vertex -7.69249 -1.81841 1.89
      vertex -7.63432 -1.76569 1.89
    endloop
  endfacet
  facet normal 0 0 -1
    outer loop
      vertex -7.82288 -1.90554 1.89
      vertex -7.61732 -2.32388 1.89
      vertex -7.70972 -2.35694 1.89
    endloop
  endfacet
  facet normal 0 0 -1
    outer loop
      vertex -7.44443 -2.23147 1.89
      vertex -7.75554 -1.86518 1.89
      vertex -7.69249 -1.81841 1.89
    endloop
  endfacet
  facet normal 0 0 -1
    outer loop
      vertex -7.89385 -1.9391 1.89
      vertex -7.70972 -2.35694 1.89
      vertex -7.80491 -2.38078 1.89
    endloop
  endfacet
  facet normal 0 0 -1
    outer loop
      vertex -7.5286 -2.28192 1.89
      vertex -7.82288 -1.90554 1.89
      vertex -7.75554 -1.86518 1.89
    endloop
  endfacet
  facet normal 0 0 -1
    outer loop
      vertex -7.70972 -2.35694 1.89
      vertex -7.89385 -1.9391 1.89
      vertex -7.82288 -1.90554 1.89
    endloop
  endfacet
  facet normal 0 0 -1
    outer loop
      vertex -7.96777 -1.96555 1.89
      vertex -7.80491 -2.38078 1.89
      vertex -7.90198 -2.39518 1.89
    endloop
  endfacet
  facet normal 0 0 -1
    outer loop
      vertex -7.80491 -2.38078 1.89
      vertex -7.96777 -1.96555 1.89
      vertex -7.89385 -1.9391 1.89
    endloop
  endfacet
  facet normal 0 0 -1
    outer loop
      vertex -8.04393 -1.98463 1.89
      vertex -7.90198 -2.39518 1.89
      vertex -8 -2.4 1.89
    endloop
  endfacet
  facet normal 0 0 -1
    outer loop
      vertex -7.90198 -2.39518 1.89
      vertex -8.04393 -1.98463 1.89
      vertex -7.96777 -1.96555 1.89
    endloop
  endfacet
  facet normal 0 0 -1
    outer loop
      vertex -8 -2.4 1.89
      vertex -8.12159 -1.99615 1.89
      vertex -8.04393 -1.98463 1.89
    endloop
  endfacet
  facet normal 0 0 -1
    outer loop
      vertex -8 -2.4 1.89
      vertex -8.2 -2 1.89
      vertex -8.12159 -1.99615 1.89
    endloop
  endfacet
  facet normal 0 0 -1
    outer loop
      vertex -8 -2.4 1.89
      vertex -11.8 -2 1.89
      vertex -8.2 -2 1.89
    endloop
  endfacet
  facet normal 0 0 -1
    outer loop
      vertex -12 -2.4 1.89
      vertex -11.8 -2 1.89
      vertex -8 -2.4 1.89
    endloop
  endfacet
  facet normal -0 0 -1
    outer loop
      vertex -11.8 -2 1.89
      vertex -12 -2.4 1.89
      vertex -11.8784 -1.99615 1.89
    endloop
  endfacet
  facet normal 0 0 -1
    outer loop
      vertex -12 -2.4 1.89
      vertex -11.9561 -1.98463 1.89
      vertex -11.8784 -1.99615 1.89
    endloop
  endfacet
  facet normal 0 0 -1
    outer loop
      vertex -12.098 -2.39518 1.89
      vertex -11.9561 -1.98463 1.89
      vertex -12 -2.4 1.89
    endloop
  endfacet
  facet normal -0 0 -1
    outer loop
      vertex -11.9561 -1.98463 1.89
      vertex -12.098 -2.39518 1.89
      vertex -12.0322 -1.96555 1.89
    endloop
  endfacet
  facet normal 0 0 -1
    outer loop
      vertex -12.1951 -2.38078 1.89
      vertex -12.0322 -1.96555 1.89
      vertex -12.098 -2.39518 1.89
    endloop
  endfacet
  facet normal -0 0 -1
    outer loop
      vertex -12.0322 -1.96555 1.89
      vertex -12.1951 -2.38078 1.89
      vertex -12.1061 -1.9391 1.89
    endloop
  endfacet
  facet normal 0 0 -1
    outer loop
      vertex -12.2903 -2.35694 1.89
      vertex -12.1061 -1.9391 1.89
      vertex -12.1951 -2.38078 1.89
    endloop
  endfacet
  facet normal -0 0 -1
    outer loop
      vertex -12.1061 -1.9391 1.89
      vertex -12.2903 -2.35694 1.89
      vertex -12.1771 -1.90554 1.89
    endloop
  endfacet
  facet normal 0 0 -1
    outer loop
      vertex -12.3827 -2.32388 1.89
      vertex -12.1771 -1.90554 1.89
      vertex -12.2903 -2.35694 1.89
    endloop
  endfacet
  facet normal 0 0 -1
    outer loop
      vertex -12.4714 -2.28192 1.89
      vertex -12.1771 -1.90554 1.89
      vertex -12.3827 -2.32388 1.89
    endloop
  endfacet
  facet normal -0 0 -1
    outer loop
      vertex -12.1771 -1.90554 1.89
      vertex -12.4714 -2.28192 1.89
      vertex -12.2445 -1.86518 1.89
    endloop
  endfacet
  facet normal 0 0 -1
    outer loop
      vertex -12.5556 -2.23147 1.89
      vertex -12.2445 -1.86518 1.89
      vertex -12.4714 -2.28192 1.89
    endloop
  endfacet
  facet normal -0 0 -1
    outer loop
      vertex -12.2445 -1.86518 1.89
      vertex -12.5556 -2.23147 1.89
      vertex -12.3075 -1.81841 1.89
    endloop
  endfacet
  facet normal 0 0 -1
    outer loop
      vertex -12.6344 -2.17301 1.89
      vertex -12.3075 -1.81841 1.89
      vertex -12.5556 -2.23147 1.89
    endloop
  endfacet
  facet normal -0 0 -1
    outer loop
      vertex -12.3075 -1.81841 1.89
      vertex -12.6344 -2.17301 1.89
      vertex -12.3657 -1.76569 1.89
    endloop
  endfacet
  facet normal 0 0 -1
    outer loop
      vertex -12.7071 -2.10711 1.89
      vertex -12.3657 -1.76569 1.89
      vertex -12.6344 -2.17301 1.89
    endloop
  endfacet
  facet normal 0 0 -1
    outer loop
      vertex -12.773 -2.03439 1.89
      vertex -12.3657 -1.76569 1.89
      vertex -12.7071 -2.10711 1.89
    endloop
  endfacet
  facet normal -0 0 -1
    outer loop
      vertex -12.3657 -1.76569 1.89
      vertex -12.773 -2.03439 1.89
      vertex -12.4184 -1.70751 1.89
    endloop
  endfacet
  facet normal 0 0 -1
    outer loop
      vertex -12.8315 -1.95557 1.89
      vertex -12.4184 -1.70751 1.89
      vertex -12.773 -2.03439 1.89
    endloop
  endfacet
  facet normal -0 0 -1
    outer loop
      vertex -12.4184 -1.70751 1.89
      vertex -12.8315 -1.95557 1.89
      vertex -12.4652 -1.64446 1.89
    endloop
  endfacet
  facet normal 0 0 -1
    outer loop
      vertex -12.8819 -1.8714 1.89
      vertex -12.4652 -1.64446 1.89
      vertex -12.8315 -1.95557 1.89
    endloop
  endfacet
  facet normal -0 0 -1
    outer loop
      vertex -12.4652 -1.64446 1.89
      vertex -12.8819 -1.8714 1.89
      vertex -12.5055 -1.57712 1.89
    endloop
  endfacet
  facet normal 0 0 -1
    outer loop
      vertex -12.9569 -1.69028 1.89
      vertex -12.5055 -1.57712 1.89
      vertex -12.9239 -1.78268 1.89
    endloop
  endfacet
  facet normal 0 0 -1
    outer loop
      vertex -12.9239 -1.78268 1.89
      vertex -12.5055 -1.57712 1.89
      vertex -12.8819 -1.8714 1.89
    endloop
  endfacet
  facet normal 0 0 -1
    outer loop
      vertex -7 -1 1.89
      vertex -3 1 1.89
      vertex -3 -1 1.89
    endloop
  endfacet
  facet normal -0 0 -1
    outer loop
      vertex -3 1 1.89
      vertex -7 -1 1.89
      vertex -7 1 1.89
    endloop
  endfacet
  facet normal -0 0 -1
    outer loop
      vertex -7.04306 1.69028 1.89
      vertex -7.49446 1.57712 1.89
      vertex -7.07612 1.78268 1.89
    endloop
  endfacet
  facet normal -0 0 -1
    outer loop
      vertex -7.07612 1.78268 1.89
      vertex -7.49446 1.57712 1.89
      vertex -7.11808 1.8714 1.89
    endloop
  endfacet
  facet normal 0 0 -1
    outer loop
      vertex -7.53482 1.64446 1.89
      vertex -7.11808 1.8714 1.89
      vertex -7.49446 1.57712 1.89
    endloop
  endfacet
  facet normal -0 0 -1
    outer loop
      vertex -7.11808 1.8714 1.89
      vertex -7.53482 1.64446 1.89
      vertex -7.16853 1.95557 1.89
    endloop
  endfacet
  facet normal 0 0 -1
    outer loop
      vertex -7.58159 1.70751 1.89
      vertex -7.16853 1.95557 1.89
      vertex -7.53482 1.64446 1.89
    endloop
  endfacet
  facet normal -0 0 -1
    outer loop
      vertex -7.16853 1.95557 1.89
      vertex -7.58159 1.70751 1.89
      vertex -7.22699 2.03439 1.89
    endloop
  endfacet
  facet normal 0 0 -1
    outer loop
      vertex -7.63432 1.76569 1.89
      vertex -7.22699 2.03439 1.89
      vertex -7.58159 1.70751 1.89
    endloop
  endfacet
  facet normal -0 0 -1
    outer loop
      vertex -7.22699 2.03439 1.89
      vertex -7.63432 1.76569 1.89
      vertex -7.29289 2.10711 1.89
    endloop
  endfacet
  facet normal -0 0 -1
    outer loop
      vertex -7.29289 2.10711 1.89
      vertex -7.63432 1.76569 1.89
      vertex -7.36561 2.17301 1.89
    endloop
  endfacet
  facet normal 0 0 -1
    outer loop
      vertex -7.69249 1.81841 1.89
      vertex -7.36561 2.17301 1.89
      vertex -7.63432 1.76569 1.89
    endloop
  endfacet
  facet normal -0 0 -1
    outer loop
      vertex -7.36561 2.17301 1.89
      vertex -7.69249 1.81841 1.89
      vertex -7.44443 2.23147 1.89
    endloop
  endfacet
  facet normal 0 0 -1
    outer loop
      vertex -7.75554 1.86518 1.89
      vertex -7.44443 2.23147 1.89
      vertex -7.69249 1.81841 1.89
    endloop
  endfacet
  facet normal -0 0 -1
    outer loop
      vertex -7.44443 2.23147 1.89
      vertex -7.75554 1.86518 1.89
      vertex -7.5286 2.28192 1.89
    endloop
  endfacet
  facet normal 0 0 -1
    outer loop
      vertex -7.82288 1.90554 1.89
      vertex -7.5286 2.28192 1.89
      vertex -7.75554 1.86518 1.89
    endloop
  endfacet
  facet normal -0 0 -1
    outer loop
      vertex -7.5286 2.28192 1.89
      vertex -7.82288 1.90554 1.89
      vertex -7.61732 2.32388 1.89
    endloop
  endfacet
  facet normal -0 0 -1
    outer loop
      vertex -7.61732 2.32388 1.89
      vertex -7.82288 1.90554 1.89
      vertex -7.70972 2.35694 1.89
    endloop
  endfacet
  facet normal 0 0 -1
    outer loop
      vertex -7.89385 1.9391 1.89
      vertex -7.70972 2.35694 1.89
      vertex -7.82288 1.90554 1.89
    endloop
  endfacet
  facet normal -0 0 -1
    outer loop
      vertex -7.70972 2.35694 1.89
      vertex -7.89385 1.9391 1.89
      vertex -7.80491 2.38078 1.89
    endloop
  endfacet
  facet normal 0 0 -1
    outer loop
      vertex -7.96777 1.96555 1.89
      vertex -7.80491 2.38078 1.89
      vertex -7.89385 1.9391 1.89
    endloop
  endfacet
  facet normal -0 0 -1
    outer loop
      vertex -7.80491 2.38078 1.89
      vertex -7.96777 1.96555 1.89
      vertex -7.90198 2.39518 1.89
    endloop
  endfacet
  facet normal 0 0 -1
    outer loop
      vertex -8.04393 1.98463 1.89
      vertex -7.90198 2.39518 1.89
      vertex -7.96777 1.96555 1.89
    endloop
  endfacet
  facet normal -0 0 -1
    outer loop
      vertex -7.90198 2.39518 1.89
      vertex -8.04393 1.98463 1.89
      vertex -8 2.4 1.89
    endloop
  endfacet
  facet normal 0 0 -1
    outer loop
      vertex -8.12159 1.99615 1.89
      vertex -8 2.4 1.89
      vertex -8.04393 1.98463 1.89
    endloop
  endfacet
  facet normal 0 0 -1
    outer loop
      vertex -8.2 2 1.89
      vertex -8 2.4 1.89
      vertex -8.12159 1.99615 1.89
    endloop
  endfacet
  facet normal 0 0 -1
    outer loop
      vertex -11.8 2 1.89
      vertex -8 2.4 1.89
      vertex -8.2 2 1.89
    endloop
  endfacet
  facet normal 0 0 -1
    outer loop
      vertex -12 2.4 1.89
      vertex -11.8 2 1.89
      vertex -11.8784 1.99615 1.89
    endloop
  endfacet
  facet normal 0 0 -1
    outer loop
      vertex -11.8 2 1.89
      vertex -12 2.4 1.89
      vertex -8 2.4 1.89
    endloop
  endfacet
  facet normal 0 0 -1
    outer loop
      vertex -11.9561 1.98463 1.89
      vertex -12 2.4 1.89
      vertex -11.8784 1.99615 1.89
    endloop
  endfacet
  facet normal 0 0 -1
    outer loop
      vertex -12.098 2.39518 1.89
      vertex -11.9561 1.98463 1.89
      vertex -12.0322 1.96555 1.89
    endloop
  endfacet
  facet normal 0 0 -1
    outer loop
      vertex -11.9561 1.98463 1.89
      vertex -12.098 2.39518 1.89
      vertex -12 2.4 1.89
    endloop
  endfacet
  facet normal 0 0 -1
    outer loop
      vertex -12.1951 2.38078 1.89
      vertex -12.0322 1.96555 1.89
      vertex -12.1061 1.9391 1.89
    endloop
  endfacet
  facet normal 0 0 -1
    outer loop
      vertex -12.2903 2.35694 1.89
      vertex -12.1061 1.9391 1.89
      vertex -12.1771 1.90554 1.89
    endloop
  endfacet
  facet normal 0 0 -1
    outer loop
      vertex -12.0322 1.96555 1.89
      vertex -12.1951 2.38078 1.89
      vertex -12.098 2.39518 1.89
    endloop
  endfacet
  facet normal 0 0 -1
    outer loop
      vertex -12.4714 2.28192 1.89
      vertex -12.1771 1.90554 1.89
      vertex -12.2445 1.86518 1.89
    endloop
  endfacet
  facet normal 0 0 -1
    outer loop
      vertex -12.1061 1.9391 1.89
      vertex -12.2903 2.35694 1.89
      vertex -12.1951 2.38078 1.89
    endloop
  endfacet
  facet normal 0 0 -1
    outer loop
      vertex -12.5556 2.23147 1.89
      vertex -12.2445 1.86518 1.89
      vertex -12.3075 1.81841 1.89
    endloop
  endfacet
  facet normal 0 0 -1
    outer loop
      vertex -12.6344 2.17301 1.89
      vertex -12.3075 1.81841 1.89
      vertex -12.3657 1.76569 1.89
    endloop
  endfacet
  facet normal 0 0 -1
    outer loop
      vertex -12.1771 1.90554 1.89
      vertex -12.3827 2.32388 1.89
      vertex -12.2903 2.35694 1.89
    endloop
  endfacet
  facet normal 0 0 -1
    outer loop
      vertex -12.773 2.03439 1.89
      vertex -12.3657 1.76569 1.89
      vertex -12.4184 1.70751 1.89
    endloop
  endfacet
  facet normal 0 0 -1
    outer loop
      vertex -12.8315 1.95557 1.89
      vertex -12.4184 1.70751 1.89
      vertex -12.4652 1.64446 1.89
    endloop
  endfacet
  facet normal 0 0 -1
    outer loop
      vertex -12.1771 1.90554 1.89
      vertex -12.4714 2.28192 1.89
      vertex -12.3827 2.32388 1.89
    endloop
  endfacet
  facet normal 0 0 -1
    outer loop
      vertex -12.8819 1.8714 1.89
      vertex -12.4652 1.64446 1.89
      vertex -12.5055 1.57712 1.89
    endloop
  endfacet
  facet normal 0 0 -1
    outer loop
      vertex -12.9569 1.69028 1.89
      vertex -12.5055 1.57712 1.89
      vertex -12.5391 1.50615 1.89
    endloop
  endfacet
  facet normal 0 0 -1
    outer loop
      vertex -12.2445 1.86518 1.89
      vertex -12.5556 2.23147 1.89
      vertex -12.4714 2.28192 1.89
    endloop
  endfacet
  facet normal 0 0 -1
    outer loop
      vertex -12.9808 1.59509 1.89
      vertex -12.5391 1.50615 1.89
      vertex -12.5656 1.43223 1.89
    endloop
  endfacet
  facet normal 0 0 -1
    outer loop
      vertex -12.9952 1.49802 1.89
      vertex -12.5656 1.43223 1.89
      vertex -12.5846 1.35607 1.89
    endloop
  endfacet
  facet normal 0 0 -1
    outer loop
      vertex -13 1.4 1.89
      vertex -12.5846 1.35607 1.89
      vertex -12.5961 1.27841 1.89
    endloop
  endfacet
  facet normal 0 0 -1
    outer loop
      vertex -13 1.4 1.89
      vertex -12.5961 1.27841 1.89
      vertex -12.6 1.2 1.89
    endloop
  endfacet
  facet normal 0 0 -1
    outer loop
      vertex -12.3075 1.81841 1.89
      vertex -12.6344 2.17301 1.89
      vertex -12.5556 2.23147 1.89
    endloop
  endfacet
  facet normal -0 0 -1
    outer loop
      vertex -12.6 -1.2 1.89
      vertex -13 -1.4 1.89
      vertex -12.6 1.2 1.89
    endloop
  endfacet
  facet normal -0 0 -1
    outer loop
      vertex -12.5055 -1.57712 1.89
      vertex -12.9569 -1.69028 1.89
      vertex -12.5391 -1.50615 1.89
    endloop
  endfacet
  facet normal 0 0 -1
    outer loop
      vertex -13 1.4 1.89
      vertex -12.6 1.2 1.89
      vertex -13 -1.4 1.89
    endloop
  endfacet
  facet normal 0 0 -1
    outer loop
      vertex -12.9808 -1.59509 1.89
      vertex -12.5391 -1.50615 1.89
      vertex -12.9569 -1.69028 1.89
    endloop
  endfacet
  facet normal 0 0 -1
    outer loop
      vertex -12.5846 1.35607 1.89
      vertex -13 1.4 1.89
      vertex -12.9952 1.49802 1.89
    endloop
  endfacet
  facet normal -0 0 -1
    outer loop
      vertex -12.5391 -1.50615 1.89
      vertex -12.9808 -1.59509 1.89
      vertex -12.5656 -1.43223 1.89
    endloop
  endfacet
  facet normal 0 0 -1
    outer loop
      vertex -12.3657 1.76569 1.89
      vertex -12.7071 2.10711 1.89
      vertex -12.6344 2.17301 1.89
    endloop
  endfacet
  facet normal 0 0 -1
    outer loop
      vertex -12.9952 -1.49802 1.89
      vertex -12.5656 -1.43223 1.89
      vertex -12.9808 -1.59509 1.89
    endloop
  endfacet
  facet normal 0 0 -1
    outer loop
      vertex -12.3657 1.76569 1.89
      vertex -12.773 2.03439 1.89
      vertex -12.7071 2.10711 1.89
    endloop
  endfacet
  facet normal -0 0 -1
    outer loop
      vertex -12.5656 -1.43223 1.89
      vertex -12.9952 -1.49802 1.89
      vertex -12.5846 -1.35607 1.89
    endloop
  endfacet
  facet normal 0 0 -1
    outer loop
      vertex -12.4184 1.70751 1.89
      vertex -12.8315 1.95557 1.89
      vertex -12.773 2.03439 1.89
    endloop
  endfacet
  facet normal 0 0 -1
    outer loop
      vertex -13 -1.4 1.89
      vertex -12.5846 -1.35607 1.89
      vertex -12.9952 -1.49802 1.89
    endloop
  endfacet
  facet normal 0 0 -1
    outer loop
      vertex -12.4652 1.64446 1.89
      vertex -12.8819 1.8714 1.89
      vertex -12.8315 1.95557 1.89
    endloop
  endfacet
  facet normal -0 0 -1
    outer loop
      vertex -12.5846 -1.35607 1.89
      vertex -13 -1.4 1.89
      vertex -12.5961 -1.27841 1.89
    endloop
  endfacet
  facet normal 0 0 -1
    outer loop
      vertex -12.5055 1.57712 1.89
      vertex -12.9239 1.78268 1.89
      vertex -12.8819 1.8714 1.89
    endloop
  endfacet
  facet normal -0 0 -1
    outer loop
      vertex -12.5961 -1.27841 1.89
      vertex -13 -1.4 1.89
      vertex -12.6 -1.2 1.89
    endloop
  endfacet
  facet normal 0 0 -1
    outer loop
      vertex -12.5055 1.57712 1.89
      vertex -12.9569 1.69028 1.89
      vertex -12.9239 1.78268 1.89
    endloop
  endfacet
  facet normal 0 0 -1
    outer loop
      vertex -12.5391 1.50615 1.89
      vertex -12.9808 1.59509 1.89
      vertex -12.9569 1.69028 1.89
    endloop
  endfacet
  facet normal 0 0 -1
    outer loop
      vertex -12.5656 1.43223 1.89
      vertex -12.9952 1.49802 1.89
      vertex -12.9808 1.59509 1.89
    endloop
  endfacet
  facet normal 0 0 -1
    outer loop
      vertex 2.6 -1.2 1.89
      vertex 3 -1 1.89
      vertex 3 -1.4 1.89
    endloop
  endfacet
  facet normal -0 0 -1
    outer loop
      vertex 3 -1 1.89
      vertex 2.6 -1.2 1.89
      vertex 3 1 1.89
    endloop
  endfacet
  facet normal 0 0 -1
    outer loop
      vertex 2.58463 -1.35607 1.89
      vertex 3 -1.4 1.89
      vertex 2.99518 -1.49802 1.89
    endloop
  endfacet
  facet normal 0 0 -1
    outer loop
      vertex 2.6 1.2 1.89
      vertex 3 1 1.89
      vertex 2.6 -1.2 1.89
    endloop
  endfacet
  facet normal 0 0 -1
    outer loop
      vertex 2.56555 -1.43223 1.89
      vertex 2.99518 -1.49802 1.89
      vertex 2.98078 -1.59509 1.89
    endloop
  endfacet
  facet normal 0 0 -1
    outer loop
      vertex 3 1 1.89
      vertex 2.6 1.2 1.89
      vertex 3 1.4 1.89
    endloop
  endfacet
  facet normal 0 0 -1
    outer loop
      vertex 2.5391 -1.50615 1.89
      vertex 2.98078 -1.59509 1.89
      vertex 2.95694 -1.69028 1.89
    endloop
  endfacet
  facet normal 0 0 -1
    outer loop
      vertex 2.59615 1.27841 1.89
      vertex 3 1.4 1.89
      vertex 2.6 1.2 1.89
    endloop
  endfacet
  facet normal 0 0 -1
    outer loop
      vertex 2.50554 -1.57712 1.89
      vertex 2.95694 -1.69028 1.89
      vertex 2.92388 -1.78268 1.89
    endloop
  endfacet
  facet normal 0 0 -1
    outer loop
      vertex 2.58463 1.35607 1.89
      vertex 3 1.4 1.89
      vertex 2.59615 1.27841 1.89
    endloop
  endfacet
  facet normal 0 0 -1
    outer loop
      vertex 2.50554 -1.57712 1.89
      vertex 2.92388 -1.78268 1.89
      vertex 2.88192 -1.8714 1.89
    endloop
  endfacet
  facet normal -0 0 -1
    outer loop
      vertex 3 1.4 1.89
      vertex 2.58463 1.35607 1.89
      vertex 2.99518 1.49802 1.89
    endloop
  endfacet
  facet normal 0 0 -1
    outer loop
      vertex 2.46518 -1.64446 1.89
      vertex 2.88192 -1.8714 1.89
      vertex 2.83147 -1.95557 1.89
    endloop
  endfacet
  facet normal 0 0 -1
    outer loop
      vertex 2.56555 1.43223 1.89
      vertex 2.99518 1.49802 1.89
      vertex 2.58463 1.35607 1.89
    endloop
  endfacet
  facet normal 0 0 -1
    outer loop
      vertex 2.41841 -1.70751 1.89
      vertex 2.83147 -1.95557 1.89
      vertex 2.77301 -2.03439 1.89
    endloop
  endfacet
  facet normal -0 0 -1
    outer loop
      vertex 2.99518 1.49802 1.89
      vertex 2.56555 1.43223 1.89
      vertex 2.98078 1.59509 1.89
    endloop
  endfacet
  facet normal 0 0 -1
    outer loop
      vertex 2.36568 -1.76569 1.89
      vertex 2.77301 -2.03439 1.89
      vertex 2.70711 -2.10711 1.89
    endloop
  endfacet
  facet normal 0 0 -1
    outer loop
      vertex 2.5391 1.50615 1.89
      vertex 2.98078 1.59509 1.89
      vertex 2.56555 1.43223 1.89
    endloop
  endfacet
  facet normal 0 0 -1
    outer loop
      vertex 2.36568 -1.76569 1.89
      vertex 2.70711 -2.10711 1.89
      vertex 2.63439 -2.17301 1.89
    endloop
  endfacet
  facet normal -0 0 -1
    outer loop
      vertex 2.98078 1.59509 1.89
      vertex 2.5391 1.50615 1.89
      vertex 2.95694 1.69028 1.89
    endloop
  endfacet
  facet normal 0 0 -1
    outer loop
      vertex 2.50554 1.57712 1.89
      vertex 2.95694 1.69028 1.89
      vertex 2.5391 1.50615 1.89
    endloop
  endfacet
  facet normal 0 0 -1
    outer loop
      vertex 3 -1.4 1.89
      vertex 2.59615 -1.27841 1.89
      vertex 2.6 -1.2 1.89
    endloop
  endfacet
  facet normal 0 0 -1
    outer loop
      vertex 3 -1.4 1.89
      vertex 2.58463 -1.35607 1.89
      vertex 2.59615 -1.27841 1.89
    endloop
  endfacet
  facet normal 0 0 -1
    outer loop
      vertex 2.99518 -1.49802 1.89
      vertex 2.56555 -1.43223 1.89
      vertex 2.58463 -1.35607 1.89
    endloop
  endfacet
  facet normal 0 0 -1
    outer loop
      vertex 2.30751 -1.81841 1.89
      vertex 2.63439 -2.17301 1.89
      vertex 2.55557 -2.23147 1.89
    endloop
  endfacet
  facet normal 0 0 -1
    outer loop
      vertex 2.98078 -1.59509 1.89
      vertex 2.5391 -1.50615 1.89
      vertex 2.56555 -1.43223 1.89
    endloop
  endfacet
  facet normal 0 0 -1
    outer loop
      vertex 2.95694 -1.69028 1.89
      vertex 2.50554 -1.57712 1.89
      vertex 2.5391 -1.50615 1.89
    endloop
  endfacet
  facet normal 0 0 -1
    outer loop
      vertex 2.24446 -1.86518 1.89
      vertex 2.55557 -2.23147 1.89
      vertex 2.4714 -2.28192 1.89
    endloop
  endfacet
  facet normal 0 0 -1
    outer loop
      vertex 2.88192 -1.8714 1.89
      vertex 2.46518 -1.64446 1.89
      vertex 2.50554 -1.57712 1.89
    endloop
  endfacet
  facet normal 0 0 -1
    outer loop
      vertex 2.83147 -1.95557 1.89
      vertex 2.41841 -1.70751 1.89
      vertex 2.46518 -1.64446 1.89
    endloop
  endfacet
  facet normal 0 0 -1
    outer loop
      vertex 2.17712 -1.90554 1.89
      vertex 2.4714 -2.28192 1.89
      vertex 2.38268 -2.32388 1.89
    endloop
  endfacet
  facet normal 0 0 -1
    outer loop
      vertex 2.77301 -2.03439 1.89
      vertex 2.36568 -1.76569 1.89
      vertex 2.41841 -1.70751 1.89
    endloop
  endfacet
  facet normal 0 0 -1
    outer loop
      vertex 2.63439 -2.17301 1.89
      vertex 2.30751 -1.81841 1.89
      vertex 2.36568 -1.76569 1.89
    endloop
  endfacet
  facet normal 0 0 -1
    outer loop
      vertex 2.17712 -1.90554 1.89
      vertex 2.38268 -2.32388 1.89
      vertex 2.29028 -2.35694 1.89
    endloop
  endfacet
  facet normal 0 0 -1
    outer loop
      vertex 2.55557 -2.23147 1.89
      vertex 2.24446 -1.86518 1.89
      vertex 2.30751 -1.81841 1.89
    endloop
  endfacet
  facet normal 0 0 -1
    outer loop
      vertex 2.10615 -1.9391 1.89
      vertex 2.29028 -2.35694 1.89
      vertex 2.19509 -2.38078 1.89
    endloop
  endfacet
  facet normal 0 0 -1
    outer loop
      vertex 2.4714 -2.28192 1.89
      vertex 2.17712 -1.90554 1.89
      vertex 2.24446 -1.86518 1.89
    endloop
  endfacet
  facet normal 0 0 -1
    outer loop
      vertex 2.29028 -2.35694 1.89
      vertex 2.10615 -1.9391 1.89
      vertex 2.17712 -1.90554 1.89
    endloop
  endfacet
  facet normal 0 0 -1
    outer loop
      vertex 2.03223 -1.96555 1.89
      vertex 2.19509 -2.38078 1.89
      vertex 2.09802 -2.39518 1.89
    endloop
  endfacet
  facet normal 0 0 -1
    outer loop
      vertex 2.19509 -2.38078 1.89
      vertex 2.03223 -1.96555 1.89
      vertex 2.10615 -1.9391 1.89
    endloop
  endfacet
  facet normal 0 0 -1
    outer loop
      vertex 1.95607 -1.98463 1.89
      vertex 2.09802 -2.39518 1.89
      vertex 2 -2.4 1.89
    endloop
  endfacet
  facet normal 0 0 -1
    outer loop
      vertex 2.09802 -2.39518 1.89
      vertex 1.95607 -1.98463 1.89
      vertex 2.03223 -1.96555 1.89
    endloop
  endfacet
  facet normal 0 0 -1
    outer loop
      vertex 2 -2.4 1.89
      vertex 1.87841 -1.99615 1.89
      vertex 1.95607 -1.98463 1.89
    endloop
  endfacet
  facet normal 0 0 -1
    outer loop
      vertex 2 -2.4 1.89
      vertex 1.8 -2 1.89
      vertex 1.87841 -1.99615 1.89
    endloop
  endfacet
  facet normal 0 0 -1
    outer loop
      vertex 2 -2.4 1.89
      vertex -1.8 -2 1.89
      vertex 1.8 -2 1.89
    endloop
  endfacet
  facet normal 0 0 -1
    outer loop
      vertex -2 -2.4 1.89
      vertex -1.8 -2 1.89
      vertex 2 -2.4 1.89
    endloop
  endfacet
  facet normal -0 0 -1
    outer loop
      vertex -1.8 -2 1.89
      vertex -2 -2.4 1.89
      vertex -1.87841 -1.99615 1.89
    endloop
  endfacet
  facet normal 0 0 -1
    outer loop
      vertex -2 -2.4 1.89
      vertex -1.95607 -1.98463 1.89
      vertex -1.87841 -1.99615 1.89
    endloop
  endfacet
  facet normal 0 0 -1
    outer loop
      vertex -2.09802 -2.39518 1.89
      vertex -1.95607 -1.98463 1.89
      vertex -2 -2.4 1.89
    endloop
  endfacet
  facet normal -0 0 -1
    outer loop
      vertex -1.95607 -1.98463 1.89
      vertex -2.09802 -2.39518 1.89
      vertex -2.03223 -1.96555 1.89
    endloop
  endfacet
  facet normal 0 0 -1
    outer loop
      vertex -2.19509 -2.38078 1.89
      vertex -2.03223 -1.96555 1.89
      vertex -2.09802 -2.39518 1.89
    endloop
  endfacet
  facet normal -0 0 -1
    outer loop
      vertex -2.03223 -1.96555 1.89
      vertex -2.19509 -2.38078 1.89
      vertex -2.10615 -1.9391 1.89
    endloop
  endfacet
  facet normal 0 0 -1
    outer loop
      vertex -2.29028 -2.35694 1.89
      vertex -2.10615 -1.9391 1.89
      vertex -2.19509 -2.38078 1.89
    endloop
  endfacet
  facet normal -0 0 -1
    outer loop
      vertex -2.10615 -1.9391 1.89
      vertex -2.29028 -2.35694 1.89
      vertex -2.17712 -1.90554 1.89
    endloop
  endfacet
  facet normal 0 0 -1
    outer loop
      vertex -2.38268 -2.32388 1.89
      vertex -2.17712 -1.90554 1.89
      vertex -2.29028 -2.35694 1.89
    endloop
  endfacet
  facet normal 0 0 -1
    outer loop
      vertex -2.4714 -2.28192 1.89
      vertex -2.17712 -1.90554 1.89
      vertex -2.38268 -2.32388 1.89
    endloop
  endfacet
  facet normal -0 0 -1
    outer loop
      vertex -2.17712 -1.90554 1.89
      vertex -2.4714 -2.28192 1.89
      vertex -2.24446 -1.86518 1.89
    endloop
  endfacet
  facet normal 0 0 -1
    outer loop
      vertex -2.55557 -2.23147 1.89
      vertex -2.24446 -1.86518 1.89
      vertex -2.4714 -2.28192 1.89
    endloop
  endfacet
  facet normal -0 0 -1
    outer loop
      vertex -2.24446 -1.86518 1.89
      vertex -2.55557 -2.23147 1.89
      vertex -2.30751 -1.81841 1.89
    endloop
  endfacet
  facet normal 0 0 -1
    outer loop
      vertex -2.63439 -2.17301 1.89
      vertex -2.30751 -1.81841 1.89
      vertex -2.55557 -2.23147 1.89
    endloop
  endfacet
  facet normal -0 0 -1
    outer loop
      vertex -2.30751 -1.81841 1.89
      vertex -2.63439 -2.17301 1.89
      vertex -2.36568 -1.76569 1.89
    endloop
  endfacet
  facet normal 0 0 -1
    outer loop
      vertex -2.70711 -2.10711 1.89
      vertex -2.36568 -1.76569 1.89
      vertex -2.63439 -2.17301 1.89
    endloop
  endfacet
  facet normal 0 0 -1
    outer loop
      vertex -2.77301 -2.03439 1.89
      vertex -2.36568 -1.76569 1.89
      vertex -2.70711 -2.10711 1.89
    endloop
  endfacet
  facet normal -0 0 -1
    outer loop
      vertex -2.36568 -1.76569 1.89
      vertex -2.77301 -2.03439 1.89
      vertex -2.41841 -1.70751 1.89
    endloop
  endfacet
  facet normal 0 0 -1
    outer loop
      vertex -2.83147 -1.95557 1.89
      vertex -2.41841 -1.70751 1.89
      vertex -2.77301 -2.03439 1.89
    endloop
  endfacet
  facet normal -0 0 -1
    outer loop
      vertex -2.41841 -1.70751 1.89
      vertex -2.83147 -1.95557 1.89
      vertex -2.46518 -1.64446 1.89
    endloop
  endfacet
  facet normal 0 0 -1
    outer loop
      vertex -2.88192 -1.8714 1.89
      vertex -2.46518 -1.64446 1.89
      vertex -2.83147 -1.95557 1.89
    endloop
  endfacet
  facet normal -0 0 -1
    outer loop
      vertex -2.46518 -1.64446 1.89
      vertex -2.88192 -1.8714 1.89
      vertex -2.50554 -1.57712 1.89
    endloop
  endfacet
  facet normal 0 0 -1
    outer loop
      vertex -2.95694 -1.69028 1.89
      vertex -2.50554 -1.57712 1.89
      vertex -2.92388 -1.78268 1.89
    endloop
  endfacet
  facet normal 0 0 -1
    outer loop
      vertex -2.92388 -1.78268 1.89
      vertex -2.50554 -1.57712 1.89
      vertex -2.88192 -1.8714 1.89
    endloop
  endfacet
  facet normal 0 0 -1
    outer loop
      vertex 3 -1 1.89
      vertex 7 1 1.89
      vertex 7 -1 1.89
    endloop
  endfacet
  facet normal -0 0 -1
    outer loop
      vertex 7 1 1.89
      vertex 3 -1 1.89
      vertex 3 1 1.89
    endloop
  endfacet
  facet normal -0 0 -1
    outer loop
      vertex 2.95694 1.69028 1.89
      vertex 2.50554 1.57712 1.89
      vertex 2.92388 1.78268 1.89
    endloop
  endfacet
  facet normal -0 0 -1
    outer loop
      vertex 2.92388 1.78268 1.89
      vertex 2.50554 1.57712 1.89
      vertex 2.88192 1.8714 1.89
    endloop
  endfacet
  facet normal 0 0 -1
    outer loop
      vertex 2.46518 1.64446 1.89
      vertex 2.88192 1.8714 1.89
      vertex 2.50554 1.57712 1.89
    endloop
  endfacet
  facet normal -0 0 -1
    outer loop
      vertex 2.88192 1.8714 1.89
      vertex 2.46518 1.64446 1.89
      vertex 2.83147 1.95557 1.89
    endloop
  endfacet
  facet normal 0 0 -1
    outer loop
      vertex 2.41841 1.70751 1.89
      vertex 2.83147 1.95557 1.89
      vertex 2.46518 1.64446 1.89
    endloop
  endfacet
  facet normal -0 0 -1
    outer loop
      vertex 2.83147 1.95557 1.89
      vertex 2.41841 1.70751 1.89
      vertex 2.77301 2.03439 1.89
    endloop
  endfacet
  facet normal 0 0 -1
    outer loop
      vertex 2.36568 1.76569 1.89
      vertex 2.77301 2.03439 1.89
      vertex 2.41841 1.70751 1.89
    endloop
  endfacet
  facet normal -0 0 -1
    outer loop
      vertex 2.77301 2.03439 1.89
      vertex 2.36568 1.76569 1.89
      vertex 2.70711 2.10711 1.89
    endloop
  endfacet
  facet normal -0 0 -1
    outer loop
      vertex 2.70711 2.10711 1.89
      vertex 2.36568 1.76569 1.89
      vertex 2.63439 2.17301 1.89
    endloop
  endfacet
  facet normal 0 0 -1
    outer loop
      vertex 2.30751 1.81841 1.89
      vertex 2.63439 2.17301 1.89
      vertex 2.36568 1.76569 1.89
    endloop
  endfacet
  facet normal -0 0 -1
    outer loop
      vertex 2.63439 2.17301 1.89
      vertex 2.30751 1.81841 1.89
      vertex 2.55557 2.23147 1.89
    endloop
  endfacet
  facet normal 0 0 -1
    outer loop
      vertex 2.24446 1.86518 1.89
      vertex 2.55557 2.23147 1.89
      vertex 2.30751 1.81841 1.89
    endloop
  endfacet
  facet normal -0 0 -1
    outer loop
      vertex 2.55557 2.23147 1.89
      vertex 2.24446 1.86518 1.89
      vertex 2.4714 2.28192 1.89
    endloop
  endfacet
  facet normal 0 0 -1
    outer loop
      vertex 2.17712 1.90554 1.89
      vertex 2.4714 2.28192 1.89
      vertex 2.24446 1.86518 1.89
    endloop
  endfacet
  facet normal -0 0 -1
    outer loop
      vertex 2.4714 2.28192 1.89
      vertex 2.17712 1.90554 1.89
      vertex 2.38268 2.32388 1.89
    endloop
  endfacet
  facet normal -0 0 -1
    outer loop
      vertex 2.38268 2.32388 1.89
      vertex 2.17712 1.90554 1.89
      vertex 2.29028 2.35694 1.89
    endloop
  endfacet
  facet normal 0 0 -1
    outer loop
      vertex 2.10615 1.9391 1.89
      vertex 2.29028 2.35694 1.89
      vertex 2.17712 1.90554 1.89
    endloop
  endfacet
  facet normal -0 0 -1
    outer loop
      vertex 2.29028 2.35694 1.89
      vertex 2.10615 1.9391 1.89
      vertex 2.19509 2.38078 1.89
    endloop
  endfacet
  facet normal 0 0 -1
    outer loop
      vertex 2.03223 1.96555 1.89
      vertex 2.19509 2.38078 1.89
      vertex 2.10615 1.9391 1.89
    endloop
  endfacet
  facet normal -0 0 -1
    outer loop
      vertex 2.19509 2.38078 1.89
      vertex 2.03223 1.96555 1.89
      vertex 2.09802 2.39518 1.89
    endloop
  endfacet
  facet normal 0 0 -1
    outer loop
      vertex 1.95607 1.98463 1.89
      vertex 2.09802 2.39518 1.89
      vertex 2.03223 1.96555 1.89
    endloop
  endfacet
  facet normal -0 0 -1
    outer loop
      vertex 2.09802 2.39518 1.89
      vertex 1.95607 1.98463 1.89
      vertex 2 2.4 1.89
    endloop
  endfacet
  facet normal 0 0 -1
    outer loop
      vertex 1.87841 1.99615 1.89
      vertex 2 2.4 1.89
      vertex 1.95607 1.98463 1.89
    endloop
  endfacet
  facet normal 0 0 -1
    outer loop
      vertex 1.8 2 1.89
      vertex 2 2.4 1.89
      vertex 1.87841 1.99615 1.89
    endloop
  endfacet
  facet normal 0 0 -1
    outer loop
      vertex -1.8 2 1.89
      vertex 2 2.4 1.89
      vertex 1.8 2 1.89
    endloop
  endfacet
  facet normal 0 0 -1
    outer loop
      vertex -2 2.4 1.89
      vertex -1.8 2 1.89
      vertex -1.87841 1.99615 1.89
    endloop
  endfacet
  facet normal 0 0 -1
    outer loop
      vertex -1.8 2 1.89
      vertex -2 2.4 1.89
      vertex 2 2.4 1.89
    endloop
  endfacet
  facet normal 0 0 -1
    outer loop
      vertex -1.95607 1.98463 1.89
      vertex -2 2.4 1.89
      vertex -1.87841 1.99615 1.89
    endloop
  endfacet
  facet normal 0 0 -1
    outer loop
      vertex -2.09802 2.39518 1.89
      vertex -1.95607 1.98463 1.89
      vertex -2.03223 1.96555 1.89
    endloop
  endfacet
  facet normal 0 0 -1
    outer loop
      vertex -1.95607 1.98463 1.89
      vertex -2.09802 2.39518 1.89
      vertex -2 2.4 1.89
    endloop
  endfacet
  facet normal 0 0 -1
    outer loop
      vertex -2.19509 2.38078 1.89
      vertex -2.03223 1.96555 1.89
      vertex -2.10615 1.9391 1.89
    endloop
  endfacet
  facet normal 0 0 -1
    outer loop
      vertex -2.29028 2.35694 1.89
      vertex -2.10615 1.9391 1.89
      vertex -2.17712 1.90554 1.89
    endloop
  endfacet
  facet normal 0 0 -1
    outer loop
      vertex -2.03223 1.96555 1.89
      vertex -2.19509 2.38078 1.89
      vertex -2.09802 2.39518 1.89
    endloop
  endfacet
  facet normal 0 0 -1
    outer loop
      vertex -2.4714 2.28192 1.89
      vertex -2.17712 1.90554 1.89
      vertex -2.24446 1.86518 1.89
    endloop
  endfacet
  facet normal 0 0 -1
    outer loop
      vertex -2.10615 1.9391 1.89
      vertex -2.29028 2.35694 1.89
      vertex -2.19509 2.38078 1.89
    endloop
  endfacet
  facet normal 0 0 -1
    outer loop
      vertex -2.55557 2.23147 1.89
      vertex -2.24446 1.86518 1.89
      vertex -2.30751 1.81841 1.89
    endloop
  endfacet
  facet normal 0 0 -1
    outer loop
      vertex -2.63439 2.17301 1.89
      vertex -2.30751 1.81841 1.89
      vertex -2.36568 1.76569 1.89
    endloop
  endfacet
  facet normal 0 0 -1
    outer loop
      vertex -2.17712 1.90554 1.89
      vertex -2.38268 2.32388 1.89
      vertex -2.29028 2.35694 1.89
    endloop
  endfacet
  facet normal 0 0 -1
    outer loop
      vertex -2.77301 2.03439 1.89
      vertex -2.36568 1.76569 1.89
      vertex -2.41841 1.70751 1.89
    endloop
  endfacet
  facet normal 0 0 -1
    outer loop
      vertex -2.83147 1.95557 1.89
      vertex -2.41841 1.70751 1.89
      vertex -2.46518 1.64446 1.89
    endloop
  endfacet
  facet normal 0 0 -1
    outer loop
      vertex -2.17712 1.90554 1.89
      vertex -2.4714 2.28192 1.89
      vertex -2.38268 2.32388 1.89
    endloop
  endfacet
  facet normal 0 0 -1
    outer loop
      vertex -2.88192 1.8714 1.89
      vertex -2.46518 1.64446 1.89
      vertex -2.50554 1.57712 1.89
    endloop
  endfacet
  facet normal 0 0 -1
    outer loop
      vertex -2.95694 1.69028 1.89
      vertex -2.50554 1.57712 1.89
      vertex -2.5391 1.50615 1.89
    endloop
  endfacet
  facet normal 0 0 -1
    outer loop
      vertex -2.24446 1.86518 1.89
      vertex -2.55557 2.23147 1.89
      vertex -2.4714 2.28192 1.89
    endloop
  endfacet
  facet normal 0 0 -1
    outer loop
      vertex -2.98078 1.59509 1.89
      vertex -2.5391 1.50615 1.89
      vertex -2.56555 1.43223 1.89
    endloop
  endfacet
  facet normal 0 0 -1
    outer loop
      vertex -2.99518 1.49802 1.89
      vertex -2.56555 1.43223 1.89
      vertex -2.58463 1.35607 1.89
    endloop
  endfacet
  facet normal 0 0 -1
    outer loop
      vertex -3 1.4 1.89
      vertex -2.58463 1.35607 1.89
      vertex -2.59615 1.27841 1.89
    endloop
  endfacet
  facet normal 0 0 -1
    outer loop
      vertex -3 1.4 1.89
      vertex -2.59615 1.27841 1.89
      vertex -2.6 1.2 1.89
    endloop
  endfacet
  facet normal 0 0 -1
    outer loop
      vertex -2.30751 1.81841 1.89
      vertex -2.63439 2.17301 1.89
      vertex -2.55557 2.23147 1.89
    endloop
  endfacet
  facet normal 0 0 -1
    outer loop
      vertex -2.6 -1.2 1.89
      vertex -3 -1 1.89
      vertex -2.6 1.2 1.89
    endloop
  endfacet
  facet normal -0 0 -1
    outer loop
      vertex -2.50554 -1.57712 1.89
      vertex -2.95694 -1.69028 1.89
      vertex -2.5391 -1.50615 1.89
    endloop
  endfacet
  facet normal 0 0 -1
    outer loop
      vertex -3 1 1.89
      vertex -2.6 1.2 1.89
      vertex -3 -1 1.89
    endloop
  endfacet
  facet normal 0 0 -1
    outer loop
      vertex -2.98078 -1.59509 1.89
      vertex -2.5391 -1.50615 1.89
      vertex -2.95694 -1.69028 1.89
    endloop
  endfacet
  facet normal 0 0 -1
    outer loop
      vertex -3 1.4 1.89
      vertex -2.6 1.2 1.89
      vertex -3 1 1.89
    endloop
  endfacet
  facet normal -0 0 -1
    outer loop
      vertex -2.5391 -1.50615 1.89
      vertex -2.98078 -1.59509 1.89
      vertex -2.56555 -1.43223 1.89
    endloop
  endfacet
  facet normal 0 0 -1
    outer loop
      vertex -2.58463 1.35607 1.89
      vertex -3 1.4 1.89
      vertex -2.99518 1.49802 1.89
    endloop
  endfacet
  facet normal 0 0 -1
    outer loop
      vertex -2.99518 -1.49802 1.89
      vertex -2.56555 -1.43223 1.89
      vertex -2.98078 -1.59509 1.89
    endloop
  endfacet
  facet normal 0 0 -1
    outer loop
      vertex -2.36568 1.76569 1.89
      vertex -2.70711 2.10711 1.89
      vertex -2.63439 2.17301 1.89
    endloop
  endfacet
  facet normal -0 0 -1
    outer loop
      vertex -2.56555 -1.43223 1.89
      vertex -2.99518 -1.49802 1.89
      vertex -2.58463 -1.35607 1.89
    endloop
  endfacet
  facet normal 0 0 -1
    outer loop
      vertex -2.36568 1.76569 1.89
      vertex -2.77301 2.03439 1.89
      vertex -2.70711 2.10711 1.89
    endloop
  endfacet
  facet normal 0 0 -1
    outer loop
      vertex -3 -1.4 1.89
      vertex -2.58463 -1.35607 1.89
      vertex -2.99518 -1.49802 1.89
    endloop
  endfacet
  facet normal 0 0 -1
    outer loop
      vertex -2.41841 1.70751 1.89
      vertex -2.83147 1.95557 1.89
      vertex -2.77301 2.03439 1.89
    endloop
  endfacet
  facet normal -0 0 -1
    outer loop
      vertex -2.58463 -1.35607 1.89
      vertex -3 -1.4 1.89
      vertex -2.59615 -1.27841 1.89
    endloop
  endfacet
  facet normal 0 0 -1
    outer loop
      vertex -2.46518 1.64446 1.89
      vertex -2.88192 1.8714 1.89
      vertex -2.83147 1.95557 1.89
    endloop
  endfacet
  facet normal -0 0 -1
    outer loop
      vertex -2.59615 -1.27841 1.89
      vertex -3 -1.4 1.89
      vertex -2.6 -1.2 1.89
    endloop
  endfacet
  facet normal 0 0 -1
    outer loop
      vertex -2.50554 1.57712 1.89
      vertex -2.92388 1.78268 1.89
      vertex -2.88192 1.8714 1.89
    endloop
  endfacet
  facet normal -0 0 -1
    outer loop
      vertex -2.6 -1.2 1.89
      vertex -3 -1.4 1.89
      vertex -3 -1 1.89
    endloop
  endfacet
  facet normal 0 0 -1
    outer loop
      vertex -2.50554 1.57712 1.89
      vertex -2.95694 1.69028 1.89
      vertex -2.92388 1.78268 1.89
    endloop
  endfacet
  facet normal 0 0 -1
    outer loop
      vertex -2.5391 1.50615 1.89
      vertex -2.98078 1.59509 1.89
      vertex -2.95694 1.69028 1.89
    endloop
  endfacet
  facet normal 0 0 -1
    outer loop
      vertex -2.56555 1.43223 1.89
      vertex -2.99518 1.49802 1.89
      vertex -2.98078 1.59509 1.89
    endloop
  endfacet
  facet normal 0 0 -1
    outer loop
      vertex 12.5846 -1.35607 1.89
      vertex 13 -1.4 1.89
      vertex 12.9952 -1.49802 1.89
    endloop
  endfacet
  facet normal 0 0 -1
    outer loop
      vertex 13 -1.4 1.89
      vertex 12.6 -1.2 1.89
      vertex 13 1.4 1.89
    endloop
  endfacet
  facet normal 0 0 -1
    outer loop
      vertex 12.5656 -1.43223 1.89
      vertex 12.9952 -1.49802 1.89
      vertex 12.9808 -1.59509 1.89
    endloop
  endfacet
  facet normal 0 0 -1
    outer loop
      vertex 12.6 1.2 1.89
      vertex 13 1.4 1.89
      vertex 12.6 -1.2 1.89
    endloop
  endfacet
  facet normal 0 0 -1
    outer loop
      vertex 12.5391 -1.50615 1.89
      vertex 12.9808 -1.59509 1.89
      vertex 12.9569 -1.69028 1.89
    endloop
  endfacet
  facet normal 0 0 -1
    outer loop
      vertex 12.5961 1.27841 1.89
      vertex 13 1.4 1.89
      vertex 12.6 1.2 1.89
    endloop
  endfacet
  facet normal 0 0 -1
    outer loop
      vertex 12.5055 -1.57712 1.89
      vertex 12.9569 -1.69028 1.89
      vertex 12.9239 -1.78268 1.89
    endloop
  endfacet
  facet normal 0 0 -1
    outer loop
      vertex 12.5846 1.35607 1.89
      vertex 13 1.4 1.89
      vertex 12.5961 1.27841 1.89
    endloop
  endfacet
  facet normal 0 0 -1
    outer loop
      vertex 12.5055 -1.57712 1.89
      vertex 12.9239 -1.78268 1.89
      vertex 12.8819 -1.8714 1.89
    endloop
  endfacet
  facet normal -0 0 -1
    outer loop
      vertex 13 1.4 1.89
      vertex 12.5846 1.35607 1.89
      vertex 12.9952 1.49802 1.89
    endloop
  endfacet
  facet normal 0 0 -1
    outer loop
      vertex 12.4652 -1.64446 1.89
      vertex 12.8819 -1.8714 1.89
      vertex 12.8315 -1.95557 1.89
    endloop
  endfacet
  facet normal 0 0 -1
    outer loop
      vertex 12.5656 1.43223 1.89
      vertex 12.9952 1.49802 1.89
      vertex 12.5846 1.35607 1.89
    endloop
  endfacet
  facet normal 0 0 -1
    outer loop
      vertex 12.4184 -1.70751 1.89
      vertex 12.8315 -1.95557 1.89
      vertex 12.773 -2.03439 1.89
    endloop
  endfacet
  facet normal -0 0 -1
    outer loop
      vertex 12.9952 1.49802 1.89
      vertex 12.5656 1.43223 1.89
      vertex 12.9808 1.59509 1.89
    endloop
  endfacet
  facet normal 0 0 -1
    outer loop
      vertex 12.3657 -1.76569 1.89
      vertex 12.773 -2.03439 1.89
      vertex 12.7071 -2.10711 1.89
    endloop
  endfacet
  facet normal 0 0 -1
    outer loop
      vertex 12.5391 1.50615 1.89
      vertex 12.9808 1.59509 1.89
      vertex 12.5656 1.43223 1.89
    endloop
  endfacet
  facet normal 0 0 -1
    outer loop
      vertex 12.3657 -1.76569 1.89
      vertex 12.7071 -2.10711 1.89
      vertex 12.6344 -2.17301 1.89
    endloop
  endfacet
  facet normal -0 0 -1
    outer loop
      vertex 12.9808 1.59509 1.89
      vertex 12.5391 1.50615 1.89
      vertex 12.9569 1.69028 1.89
    endloop
  endfacet
  facet normal 0 0 -1
    outer loop
      vertex 12.5055 1.57712 1.89
      vertex 12.9569 1.69028 1.89
      vertex 12.5391 1.50615 1.89
    endloop
  endfacet
  facet normal 0 0 -1
    outer loop
      vertex 13 -1.4 1.89
      vertex 12.5961 -1.27841 1.89
      vertex 12.6 -1.2 1.89
    endloop
  endfacet
  facet normal 0 0 -1
    outer loop
      vertex 13 -1.4 1.89
      vertex 12.5846 -1.35607 1.89
      vertex 12.5961 -1.27841 1.89
    endloop
  endfacet
  facet normal 0 0 -1
    outer loop
      vertex 12.9952 -1.49802 1.89
      vertex 12.5656 -1.43223 1.89
      vertex 12.5846 -1.35607 1.89
    endloop
  endfacet
  facet normal 0 0 -1
    outer loop
      vertex 12.3075 -1.81841 1.89
      vertex 12.6344 -2.17301 1.89
      vertex 12.5556 -2.23147 1.89
    endloop
  endfacet
  facet normal 0 0 -1
    outer loop
      vertex 12.9808 -1.59509 1.89
      vertex 12.5391 -1.50615 1.89
      vertex 12.5656 -1.43223 1.89
    endloop
  endfacet
  facet normal 0 0 -1
    outer loop
      vertex 12.9569 -1.69028 1.89
      vertex 12.5055 -1.57712 1.89
      vertex 12.5391 -1.50615 1.89
    endloop
  endfacet
  facet normal 0 0 -1
    outer loop
      vertex 12.2445 -1.86518 1.89
      vertex 12.5556 -2.23147 1.89
      vertex 12.4714 -2.28192 1.89
    endloop
  endfacet
  facet normal 0 0 -1
    outer loop
      vertex 12.8819 -1.8714 1.89
      vertex 12.4652 -1.64446 1.89
      vertex 12.5055 -1.57712 1.89
    endloop
  endfacet
  facet normal 0 0 -1
    outer loop
      vertex 12.8315 -1.95557 1.89
      vertex 12.4184 -1.70751 1.89
      vertex 12.4652 -1.64446 1.89
    endloop
  endfacet
  facet normal 0 0 -1
    outer loop
      vertex 12.1771 -1.90554 1.89
      vertex 12.4714 -2.28192 1.89
      vertex 12.3827 -2.32388 1.89
    endloop
  endfacet
  facet normal 0 0 -1
    outer loop
      vertex 12.773 -2.03439 1.89
      vertex 12.3657 -1.76569 1.89
      vertex 12.4184 -1.70751 1.89
    endloop
  endfacet
  facet normal 0 0 -1
    outer loop
      vertex 12.6344 -2.17301 1.89
      vertex 12.3075 -1.81841 1.89
      vertex 12.3657 -1.76569 1.89
    endloop
  endfacet
  facet normal 0 0 -1
    outer loop
      vertex 12.1771 -1.90554 1.89
      vertex 12.3827 -2.32388 1.89
      vertex 12.2903 -2.35694 1.89
    endloop
  endfacet
  facet normal 0 0 -1
    outer loop
      vertex 12.5556 -2.23147 1.89
      vertex 12.2445 -1.86518 1.89
      vertex 12.3075 -1.81841 1.89
    endloop
  endfacet
  facet normal 0 0 -1
    outer loop
      vertex 12.1061 -1.9391 1.89
      vertex 12.2903 -2.35694 1.89
      vertex 12.1951 -2.38078 1.89
    endloop
  endfacet
  facet normal 0 0 -1
    outer loop
      vertex 12.4714 -2.28192 1.89
      vertex 12.1771 -1.90554 1.89
      vertex 12.2445 -1.86518 1.89
    endloop
  endfacet
  facet normal 0 0 -1
    outer loop
      vertex 12.2903 -2.35694 1.89
      vertex 12.1061 -1.9391 1.89
      vertex 12.1771 -1.90554 1.89
    endloop
  endfacet
  facet normal 0 0 -1
    outer loop
      vertex 12.0322 -1.96555 1.89
      vertex 12.1951 -2.38078 1.89
      vertex 12.098 -2.39518 1.89
    endloop
  endfacet
  facet normal 0 0 -1
    outer loop
      vertex 12.1951 -2.38078 1.89
      vertex 12.0322 -1.96555 1.89
      vertex 12.1061 -1.9391 1.89
    endloop
  endfacet
  facet normal 0 0 -1
    outer loop
      vertex 11.9561 -1.98463 1.89
      vertex 12.098 -2.39518 1.89
      vertex 12 -2.4 1.89
    endloop
  endfacet
  facet normal 0 0 -1
    outer loop
      vertex 12.098 -2.39518 1.89
      vertex 11.9561 -1.98463 1.89
      vertex 12.0322 -1.96555 1.89
    endloop
  endfacet
  facet normal 0 0 -1
    outer loop
      vertex 12 -2.4 1.89
      vertex 11.8784 -1.99615 1.89
      vertex 11.9561 -1.98463 1.89
    endloop
  endfacet
  facet normal 0 0 -1
    outer loop
      vertex 12 -2.4 1.89
      vertex 11.8 -2 1.89
      vertex 11.8784 -1.99615 1.89
    endloop
  endfacet
  facet normal 0 0 -1
    outer loop
      vertex 12 -2.4 1.89
      vertex 8.2 -2 1.89
      vertex 11.8 -2 1.89
    endloop
  endfacet
  facet normal 0 0 -1
    outer loop
      vertex 8 -2.4 1.89
      vertex 8.2 -2 1.89
      vertex 12 -2.4 1.89
    endloop
  endfacet
  facet normal -0 0 -1
    outer loop
      vertex 8.2 -2 1.89
      vertex 8 -2.4 1.89
      vertex 8.12159 -1.99615 1.89
    endloop
  endfacet
  facet normal 0 0 -1
    outer loop
      vertex 8 -2.4 1.89
      vertex 8.04393 -1.98463 1.89
      vertex 8.12159 -1.99615 1.89
    endloop
  endfacet
  facet normal 0 0 -1
    outer loop
      vertex 7.90198 -2.39518 1.89
      vertex 8.04393 -1.98463 1.89
      vertex 8 -2.4 1.89
    endloop
  endfacet
  facet normal -0 0 -1
    outer loop
      vertex 8.04393 -1.98463 1.89
      vertex 7.90198 -2.39518 1.89
      vertex 7.96777 -1.96555 1.89
    endloop
  endfacet
  facet normal 0 0 -1
    outer loop
      vertex 7.80491 -2.38078 1.89
      vertex 7.96777 -1.96555 1.89
      vertex 7.90198 -2.39518 1.89
    endloop
  endfacet
  facet normal -0 0 -1
    outer loop
      vertex 7.96777 -1.96555 1.89
      vertex 7.80491 -2.38078 1.89
      vertex 7.89385 -1.9391 1.89
    endloop
  endfacet
  facet normal 0 0 -1
    outer loop
      vertex 7.70972 -2.35694 1.89
      vertex 7.89385 -1.9391 1.89
      vertex 7.80491 -2.38078 1.89
    endloop
  endfacet
  facet normal -0 0 -1
    outer loop
      vertex 7.89385 -1.9391 1.89
      vertex 7.70972 -2.35694 1.89
      vertex 7.82288 -1.90554 1.89
    endloop
  endfacet
  facet normal 0 0 -1
    outer loop
      vertex 7.61732 -2.32388 1.89
      vertex 7.82288 -1.90554 1.89
      vertex 7.70972 -2.35694 1.89
    endloop
  endfacet
  facet normal 0 0 -1
    outer loop
      vertex 7.5286 -2.28192 1.89
      vertex 7.82288 -1.90554 1.89
      vertex 7.61732 -2.32388 1.89
    endloop
  endfacet
  facet normal -0 0 -1
    outer loop
      vertex 7.82288 -1.90554 1.89
      vertex 7.5286 -2.28192 1.89
      vertex 7.75554 -1.86518 1.89
    endloop
  endfacet
  facet normal 0 0 -1
    outer loop
      vertex 7.44443 -2.23147 1.89
      vertex 7.75554 -1.86518 1.89
      vertex 7.5286 -2.28192 1.89
    endloop
  endfacet
  facet normal -0 0 -1
    outer loop
      vertex 7.75554 -1.86518 1.89
      vertex 7.44443 -2.23147 1.89
      vertex 7.69249 -1.81841 1.89
    endloop
  endfacet
  facet normal 0 0 -1
    outer loop
      vertex 7.36561 -2.17301 1.89
      vertex 7.69249 -1.81841 1.89
      vertex 7.44443 -2.23147 1.89
    endloop
  endfacet
  facet normal -0 0 -1
    outer loop
      vertex 7.69249 -1.81841 1.89
      vertex 7.36561 -2.17301 1.89
      vertex 7.63432 -1.76569 1.89
    endloop
  endfacet
  facet normal 0 0 -1
    outer loop
      vertex 7.29289 -2.10711 1.89
      vertex 7.63432 -1.76569 1.89
      vertex 7.36561 -2.17301 1.89
    endloop
  endfacet
  facet normal 0 0 -1
    outer loop
      vertex 7.22699 -2.03439 1.89
      vertex 7.63432 -1.76569 1.89
      vertex 7.29289 -2.10711 1.89
    endloop
  endfacet
  facet normal -0 0 -1
    outer loop
      vertex 7.63432 -1.76569 1.89
      vertex 7.22699 -2.03439 1.89
      vertex 7.58159 -1.70751 1.89
    endloop
  endfacet
  facet normal 0 0 -1
    outer loop
      vertex 7.16853 -1.95557 1.89
      vertex 7.58159 -1.70751 1.89
      vertex 7.22699 -2.03439 1.89
    endloop
  endfacet
  facet normal -0 0 -1
    outer loop
      vertex 7.58159 -1.70751 1.89
      vertex 7.16853 -1.95557 1.89
      vertex 7.53482 -1.64446 1.89
    endloop
  endfacet
  facet normal 0 0 -1
    outer loop
      vertex 7.11808 -1.8714 1.89
      vertex 7.53482 -1.64446 1.89
      vertex 7.16853 -1.95557 1.89
    endloop
  endfacet
  facet normal -0 0 -1
    outer loop
      vertex 7.53482 -1.64446 1.89
      vertex 7.11808 -1.8714 1.89
      vertex 7.49446 -1.57712 1.89
    endloop
  endfacet
  facet normal 0 0 -1
    outer loop
      vertex 7.04306 -1.69028 1.89
      vertex 7.49446 -1.57712 1.89
      vertex 7.07612 -1.78268 1.89
    endloop
  endfacet
  facet normal 0 0 -1
    outer loop
      vertex 7.07612 -1.78268 1.89
      vertex 7.49446 -1.57712 1.89
      vertex 7.11808 -1.8714 1.89
    endloop
  endfacet
  facet normal -0 0 -1
    outer loop
      vertex 12.9569 1.69028 1.89
      vertex 12.5055 1.57712 1.89
      vertex 12.9239 1.78268 1.89
    endloop
  endfacet
  facet normal -0 0 -1
    outer loop
      vertex 12.9239 1.78268 1.89
      vertex 12.5055 1.57712 1.89
      vertex 12.8819 1.8714 1.89
    endloop
  endfacet
  facet normal 0 0 -1
    outer loop
      vertex 12.4652 1.64446 1.89
      vertex 12.8819 1.8714 1.89
      vertex 12.5055 1.57712 1.89
    endloop
  endfacet
  facet normal -0 0 -1
    outer loop
      vertex 12.8819 1.8714 1.89
      vertex 12.4652 1.64446 1.89
      vertex 12.8315 1.95557 1.89
    endloop
  endfacet
  facet normal 0 0 -1
    outer loop
      vertex 12.4184 1.70751 1.89
      vertex 12.8315 1.95557 1.89
      vertex 12.4652 1.64446 1.89
    endloop
  endfacet
  facet normal -0 0 -1
    outer loop
      vertex 12.8315 1.95557 1.89
      vertex 12.4184 1.70751 1.89
      vertex 12.773 2.03439 1.89
    endloop
  endfacet
  facet normal 0 0 -1
    outer loop
      vertex 12.3657 1.76569 1.89
      vertex 12.773 2.03439 1.89
      vertex 12.4184 1.70751 1.89
    endloop
  endfacet
  facet normal -0 0 -1
    outer loop
      vertex 12.773 2.03439 1.89
      vertex 12.3657 1.76569 1.89
      vertex 12.7071 2.10711 1.89
    endloop
  endfacet
  facet normal -0 0 -1
    outer loop
      vertex 12.7071 2.10711 1.89
      vertex 12.3657 1.76569 1.89
      vertex 12.6344 2.17301 1.89
    endloop
  endfacet
  facet normal 0 0 -1
    outer loop
      vertex 12.3075 1.81841 1.89
      vertex 12.6344 2.17301 1.89
      vertex 12.3657 1.76569 1.89
    endloop
  endfacet
  facet normal -0 0 -1
    outer loop
      vertex 12.6344 2.17301 1.89
      vertex 12.3075 1.81841 1.89
      vertex 12.5556 2.23147 1.89
    endloop
  endfacet
  facet normal 0 0 -1
    outer loop
      vertex 12.2445 1.86518 1.89
      vertex 12.5556 2.23147 1.89
      vertex 12.3075 1.81841 1.89
    endloop
  endfacet
  facet normal -0 0 -1
    outer loop
      vertex 12.5556 2.23147 1.89
      vertex 12.2445 1.86518 1.89
      vertex 12.4714 2.28192 1.89
    endloop
  endfacet
  facet normal 0 0 -1
    outer loop
      vertex 12.1771 1.90554 1.89
      vertex 12.4714 2.28192 1.89
      vertex 12.2445 1.86518 1.89
    endloop
  endfacet
  facet normal -0 0 -1
    outer loop
      vertex 12.4714 2.28192 1.89
      vertex 12.1771 1.90554 1.89
      vertex 12.3827 2.32388 1.89
    endloop
  endfacet
  facet normal -0 0 -1
    outer loop
      vertex 12.3827 2.32388 1.89
      vertex 12.1771 1.90554 1.89
      vertex 12.2903 2.35694 1.89
    endloop
  endfacet
  facet normal 0 0 -1
    outer loop
      vertex 12.1061 1.9391 1.89
      vertex 12.2903 2.35694 1.89
      vertex 12.1771 1.90554 1.89
    endloop
  endfacet
  facet normal -0 0 -1
    outer loop
      vertex 12.2903 2.35694 1.89
      vertex 12.1061 1.9391 1.89
      vertex 12.1951 2.38078 1.89
    endloop
  endfacet
  facet normal 0 0 -1
    outer loop
      vertex 12.0322 1.96555 1.89
      vertex 12.1951 2.38078 1.89
      vertex 12.1061 1.9391 1.89
    endloop
  endfacet
  facet normal -0 0 -1
    outer loop
      vertex 12.1951 2.38078 1.89
      vertex 12.0322 1.96555 1.89
      vertex 12.098 2.39518 1.89
    endloop
  endfacet
  facet normal 0 0 -1
    outer loop
      vertex 11.9561 1.98463 1.89
      vertex 12.098 2.39518 1.89
      vertex 12.0322 1.96555 1.89
    endloop
  endfacet
  facet normal -0 0 -1
    outer loop
      vertex 12.098 2.39518 1.89
      vertex 11.9561 1.98463 1.89
      vertex 12 2.4 1.89
    endloop
  endfacet
  facet normal 0 0 -1
    outer loop
      vertex 11.8784 1.99615 1.89
      vertex 12 2.4 1.89
      vertex 11.9561 1.98463 1.89
    endloop
  endfacet
  facet normal 0 0 -1
    outer loop
      vertex 11.8 2 1.89
      vertex 12 2.4 1.89
      vertex 11.8784 1.99615 1.89
    endloop
  endfacet
  facet normal 0 0 -1
    outer loop
      vertex 8.2 2 1.89
      vertex 12 2.4 1.89
      vertex 11.8 2 1.89
    endloop
  endfacet
  facet normal 0 0 -1
    outer loop
      vertex 8 2.4 1.89
      vertex 8.2 2 1.89
      vertex 8.12159 1.99615 1.89
    endloop
  endfacet
  facet normal 0 0 -1
    outer loop
      vertex 8.2 2 1.89
      vertex 8 2.4 1.89
      vertex 12 2.4 1.89
    endloop
  endfacet
  facet normal 0 0 -1
    outer loop
      vertex 8.04393 1.98463 1.89
      vertex 8 2.4 1.89
      vertex 8.12159 1.99615 1.89
    endloop
  endfacet
  facet normal 0 0 -1
    outer loop
      vertex 7.90198 2.39518 1.89
      vertex 8.04393 1.98463 1.89
      vertex 7.96777 1.96555 1.89
    endloop
  endfacet
  facet normal 0 0 -1
    outer loop
      vertex 8.04393 1.98463 1.89
      vertex 7.90198 2.39518 1.89
      vertex 8 2.4 1.89
    endloop
  endfacet
  facet normal 0 0 -1
    outer loop
      vertex 7.80491 2.38078 1.89
      vertex 7.96777 1.96555 1.89
      vertex 7.89385 1.9391 1.89
    endloop
  endfacet
  facet normal 0 0 -1
    outer loop
      vertex 7.70972 2.35694 1.89
      vertex 7.89385 1.9391 1.89
      vertex 7.82288 1.90554 1.89
    endloop
  endfacet
  facet normal 0 0 -1
    outer loop
      vertex 7.96777 1.96555 1.89
      vertex 7.80491 2.38078 1.89
      vertex 7.90198 2.39518 1.89
    endloop
  endfacet
  facet normal 0 0 -1
    outer loop
      vertex 7.5286 2.28192 1.89
      vertex 7.82288 1.90554 1.89
      vertex 7.75554 1.86518 1.89
    endloop
  endfacet
  facet normal 0 0 -1
    outer loop
      vertex 7.89385 1.9391 1.89
      vertex 7.70972 2.35694 1.89
      vertex 7.80491 2.38078 1.89
    endloop
  endfacet
  facet normal 0 0 -1
    outer loop
      vertex 7.44443 2.23147 1.89
      vertex 7.75554 1.86518 1.89
      vertex 7.69249 1.81841 1.89
    endloop
  endfacet
  facet normal 0 0 -1
    outer loop
      vertex 7.36561 2.17301 1.89
      vertex 7.69249 1.81841 1.89
      vertex 7.63432 1.76569 1.89
    endloop
  endfacet
  facet normal 0 0 -1
    outer loop
      vertex 7.82288 1.90554 1.89
      vertex 7.61732 2.32388 1.89
      vertex 7.70972 2.35694 1.89
    endloop
  endfacet
  facet normal 0 0 -1
    outer loop
      vertex 7.22699 2.03439 1.89
      vertex 7.63432 1.76569 1.89
      vertex 7.58159 1.70751 1.89
    endloop
  endfacet
  facet normal 0 0 -1
    outer loop
      vertex 7.16853 1.95557 1.89
      vertex 7.58159 1.70751 1.89
      vertex 7.53482 1.64446 1.89
    endloop
  endfacet
  facet normal 0 0 -1
    outer loop
      vertex 7.82288 1.90554 1.89
      vertex 7.5286 2.28192 1.89
      vertex 7.61732 2.32388 1.89
    endloop
  endfacet
  facet normal 0 0 -1
    outer loop
      vertex 7.11808 1.8714 1.89
      vertex 7.53482 1.64446 1.89
      vertex 7.49446 1.57712 1.89
    endloop
  endfacet
  facet normal 0 0 -1
    outer loop
      vertex 7.04306 1.69028 1.89
      vertex 7.49446 1.57712 1.89
      vertex 7.4609 1.50615 1.89
    endloop
  endfacet
  facet normal 0 0 -1
    outer loop
      vertex 7.75554 1.86518 1.89
      vertex 7.44443 2.23147 1.89
      vertex 7.5286 2.28192 1.89
    endloop
  endfacet
  facet normal 0 0 -1
    outer loop
      vertex 7.01922 1.59509 1.89
      vertex 7.4609 1.50615 1.89
      vertex 7.43445 1.43223 1.89
    endloop
  endfacet
  facet normal 0 0 -1
    outer loop
      vertex 7.00482 1.49802 1.89
      vertex 7.43445 1.43223 1.89
      vertex 7.41537 1.35607 1.89
    endloop
  endfacet
  facet normal 0 0 -1
    outer loop
      vertex 7 1.4 1.89
      vertex 7.41537 1.35607 1.89
      vertex 7.40385 1.27841 1.89
    endloop
  endfacet
  facet normal 0 0 -1
    outer loop
      vertex 7 1.4 1.89
      vertex 7.40385 1.27841 1.89
      vertex 7.4 1.2 1.89
    endloop
  endfacet
  facet normal 0 0 -1
    outer loop
      vertex 7.69249 1.81841 1.89
      vertex 7.36561 2.17301 1.89
      vertex 7.44443 2.23147 1.89
    endloop
  endfacet
  facet normal 0 0 -1
    outer loop
      vertex 7.4 -1.2 1.89
      vertex 7 -1 1.89
      vertex 7.4 1.2 1.89
    endloop
  endfacet
  facet normal -0 0 -1
    outer loop
      vertex 7.49446 -1.57712 1.89
      vertex 7.04306 -1.69028 1.89
      vertex 7.4609 -1.50615 1.89
    endloop
  endfacet
  facet normal 0 0 -1
    outer loop
      vertex 7 1 1.89
      vertex 7.4 1.2 1.89
      vertex 7 -1 1.89
    endloop
  endfacet
  facet normal 0 0 -1
    outer loop
      vertex 7.01922 -1.59509 1.89
      vertex 7.4609 -1.50615 1.89
      vertex 7.04306 -1.69028 1.89
    endloop
  endfacet
  facet normal 0 0 -1
    outer loop
      vertex 7 1.4 1.89
      vertex 7.4 1.2 1.89
      vertex 7 1 1.89
    endloop
  endfacet
  facet normal -0 0 -1
    outer loop
      vertex 7.4609 -1.50615 1.89
      vertex 7.01922 -1.59509 1.89
      vertex 7.43445 -1.43223 1.89
    endloop
  endfacet
  facet normal 0 0 -1
    outer loop
      vertex 7.41537 1.35607 1.89
      vertex 7 1.4 1.89
      vertex 7.00482 1.49802 1.89
    endloop
  endfacet
  facet normal 0 0 -1
    outer loop
      vertex 7.00482 -1.49802 1.89
      vertex 7.43445 -1.43223 1.89
      vertex 7.01922 -1.59509 1.89
    endloop
  endfacet
  facet normal 0 0 -1
    outer loop
      vertex 7.63432 1.76569 1.89
      vertex 7.29289 2.10711 1.89
      vertex 7.36561 2.17301 1.89
    endloop
  endfacet
  facet normal -0 0 -1
    outer loop
      vertex 7.43445 -1.43223 1.89
      vertex 7.00482 -1.49802 1.89
      vertex 7.41537 -1.35607 1.89
    endloop
  endfacet
  facet normal 0 0 -1
    outer loop
      vertex 7.63432 1.76569 1.89
      vertex 7.22699 2.03439 1.89
      vertex 7.29289 2.10711 1.89
    endloop
  endfacet
  facet normal 0 0 -1
    outer loop
      vertex 7 -1.4 1.89
      vertex 7.41537 -1.35607 1.89
      vertex 7.00482 -1.49802 1.89
    endloop
  endfacet
  facet normal 0 0 -1
    outer loop
      vertex 7.58159 1.70751 1.89
      vertex 7.16853 1.95557 1.89
      vertex 7.22699 2.03439 1.89
    endloop
  endfacet
  facet normal -0 0 -1
    outer loop
      vertex 7.41537 -1.35607 1.89
      vertex 7 -1.4 1.89
      vertex 7.40385 -1.27841 1.89
    endloop
  endfacet
  facet normal 0 0 -1
    outer loop
      vertex 7.53482 1.64446 1.89
      vertex 7.11808 1.8714 1.89
      vertex 7.16853 1.95557 1.89
    endloop
  endfacet
  facet normal -0 0 -1
    outer loop
      vertex 7.40385 -1.27841 1.89
      vertex 7 -1.4 1.89
      vertex 7.4 -1.2 1.89
    endloop
  endfacet
  facet normal 0 0 -1
    outer loop
      vertex 7.49446 1.57712 1.89
      vertex 7.07612 1.78268 1.89
      vertex 7.11808 1.8714 1.89
    endloop
  endfacet
  facet normal -0 0 -1
    outer loop
      vertex 7.4 -1.2 1.89
      vertex 7 -1.4 1.89
      vertex 7 -1 1.89
    endloop
  endfacet
  facet normal 0 0 -1
    outer loop
      vertex 7.49446 1.57712 1.89
      vertex 7.04306 1.69028 1.89
      vertex 7.07612 1.78268 1.89
    endloop
  endfacet
  facet normal 0 0 -1
    outer loop
      vertex 7.4609 1.50615 1.89
      vertex 7.01922 1.59509 1.89
      vertex 7.04306 1.69028 1.89
    endloop
  endfacet
  facet normal 0 0 -1
    outer loop
      vertex 7.43445 1.43223 1.89
      vertex 7.00482 1.49802 1.89
      vertex 7.01922 1.59509 1.89
    endloop
  endfacet
  facet normal -0.513971 0.857807 0
    outer loop
      vertex -12.4714 2.28192 1.89
      vertex -12.5556 2.23147 2.29
      vertex -12.4714 2.28192 2.29
    endloop
  endfacet
  facet normal -0.513971 0.857807 0
    outer loop
      vertex -12.5556 2.23147 2.29
      vertex -12.4714 2.28192 1.89
      vertex -12.5556 2.23147 1.89
    endloop
  endfacet
  facet normal 0.903995 0.427543 0
    outer loop
      vertex -7.07612 1.78268 2.29
      vertex -7.11808 1.8714 1.89
      vertex -7.11808 1.8714 2.29
    endloop
  endfacet
  facet normal 0.903995 0.427543 0
    outer loop
      vertex -7.11808 1.8714 1.89
      vertex -7.07612 1.78268 2.29
      vertex -7.07612 1.78268 1.89
    endloop
  endfacet
  facet normal -0.941742 0.336336 0
    outer loop
      vertex -12.9569 1.69028 1.89
      vertex -12.9239 1.78268 2.29
      vertex -12.9239 1.78268 1.89
    endloop
  endfacet
  facet normal -0.941742 0.336336 0
    outer loop
      vertex -12.9239 1.78268 2.29
      vertex -12.9569 1.69028 1.89
      vertex -12.9569 1.69028 2.29
    endloop
  endfacet
  facet normal -0.969896 0.243518 0
    outer loop
      vertex -12.9808 1.59509 1.89
      vertex -12.9569 1.69028 2.29
      vertex -12.9569 1.69028 1.89
    endloop
  endfacet
  facet normal -0.969896 0.243518 0
    outer loop
      vertex -12.9569 1.69028 2.29
      vertex -12.9808 1.59509 1.89
      vertex -12.9808 1.59509 2.29
    endloop
  endfacet
  facet normal -0.998803 -0.048911 0
    outer loop
      vertex -12.9952 -1.49802 1.89
      vertex -13 -1.4 2.29
      vertex -13 -1.4 1.89
    endloop
  endfacet
  facet normal -0.998803 -0.048911 0
    outer loop
      vertex -13 -1.4 2.29
      vertex -12.9952 -1.49802 1.89
      vertex -12.9952 -1.49802 2.29
    endloop
  endfacet
  facet normal 0.970041 -0.242943 0
    outer loop
      vertex -7.04306 -1.69028 2.29
      vertex -7.01922 -1.59509 1.89
      vertex -7.01922 -1.59509 2.29
    endloop
  endfacet
  facet normal 0.970041 -0.242943 0
    outer loop
      vertex -7.01922 -1.59509 1.89
      vertex -7.04306 -1.69028 2.29
      vertex -7.04306 -1.69028 1.89
    endloop
  endfacet
  facet normal 0.741 -0.671505 0
    outer loop
      vertex -7.29289 -2.10711 2.29
      vertex -7.22699 -2.03439 1.89
      vertex -7.22699 -2.03439 2.29
    endloop
  endfacet
  facet normal 0.741 -0.671505 0
    outer loop
      vertex -7.22699 -2.03439 1.89
      vertex -7.29289 -2.10711 2.29
      vertex -7.29289 -2.10711 1.89
    endloop
  endfacet
  facet normal 0.427543 -0.903995 0
    outer loop
      vertex -7.61732 -2.32388 1.89
      vertex -7.5286 -2.28192 2.29
      vertex -7.61732 -2.32388 2.29
    endloop
  endfacet
  facet normal 0.427543 -0.903995 0
    outer loop
      vertex -7.5286 -2.28192 2.29
      vertex -7.61732 -2.32388 1.89
      vertex -7.5286 -2.28192 1.89
    endloop
  endfacet
  facet normal -1 0 0
    outer loop
      vertex -13 -1.4 1.89
      vertex -13 1.4 2.29
      vertex -13 1.4 1.89
    endloop
  endfacet
  facet normal -1 -0 0
    outer loop
      vertex -13 1.4 2.29
      vertex -13 -1.4 1.89
      vertex -13 -1.4 2.29
    endloop
  endfacet
  facet normal 0 0 1
    outer loop
      vertex -8 2.4 2.29
      vertex -7 1.4 2.29
      vertex -7.00482 1.49802 2.29
    endloop
  endfacet
  facet normal 0 0 1
    outer loop
      vertex -8 2.4 2.29
      vertex -7.00482 1.49802 2.29
      vertex -7.01922 1.59509 2.29
    endloop
  endfacet
  facet normal 0 0 1
    outer loop
      vertex -8 2.4 2.29
      vertex -7.01922 1.59509 2.29
      vertex -7.04306 1.69028 2.29
    endloop
  endfacet
  facet normal 0 0 1
    outer loop
      vertex -8 2.4 2.29
      vertex -7.04306 1.69028 2.29
      vertex -7.07612 1.78268 2.29
    endloop
  endfacet
  facet normal 0 0 1
    outer loop
      vertex -8 2.4 2.29
      vertex -7.07612 1.78268 2.29
      vertex -7.11808 1.8714 2.29
    endloop
  endfacet
  facet normal 0 0 1
    outer loop
      vertex -8 2.4 2.29
      vertex -7.11808 1.8714 2.29
      vertex -7.16853 1.95557 2.29
    endloop
  endfacet
  facet normal 0 0 1
    outer loop
      vertex -8 2.4 2.29
      vertex -7.16853 1.95557 2.29
      vertex -7.22699 2.03439 2.29
    endloop
  endfacet
  facet normal 0 0 1
    outer loop
      vertex -8 2.4 2.29
      vertex -7.22699 2.03439 2.29
      vertex -7.29289 2.10711 2.29
    endloop
  endfacet
  facet normal 0 0 1
    outer loop
      vertex -7.44443 2.23147 2.29
      vertex -7.29289 2.10711 2.29
      vertex -7.36561 2.17301 2.29
    endloop
  endfacet
  facet normal 0 0 1
    outer loop
      vertex -7.5286 2.28192 2.29
      vertex -7.29289 2.10711 2.29
      vertex -7.44443 2.23147 2.29
    endloop
  endfacet
  facet normal 0 0 1
    outer loop
      vertex -7.61732 2.32388 2.29
      vertex -7.29289 2.10711 2.29
      vertex -7.5286 2.28192 2.29
    endloop
  endfacet
  facet normal 0 0 1
    outer loop
      vertex -7.70972 2.35694 2.29
      vertex -7.29289 2.10711 2.29
      vertex -7.61732 2.32388 2.29
    endloop
  endfacet
  facet normal 0 0 1
    outer loop
      vertex -7.80491 2.38078 2.29
      vertex -7.29289 2.10711 2.29
      vertex -7.70972 2.35694 2.29
    endloop
  endfacet
  facet normal 0 0 1
    outer loop
      vertex -7.90198 2.39518 2.29
      vertex -7.29289 2.10711 2.29
      vertex -7.80491 2.38078 2.29
    endloop
  endfacet
  facet normal 0 0 1
    outer loop
      vertex -8 2.4 2.29
      vertex -7.29289 2.10711 2.29
      vertex -7.90198 2.39518 2.29
    endloop
  endfacet
  facet normal 0 0 1
    outer loop
      vertex -7 1.4 2.29
      vertex -8 2.4 2.29
      vertex -7 1 2.29
    endloop
  endfacet
  facet normal 0 0 1
    outer loop
      vertex -8 2.4 2.29
      vertex -10 1 2.29
      vertex -7 1 2.29
    endloop
  endfacet
  facet normal -0 0 1
    outer loop
      vertex -13 1.4 2.29
      vertex -10 1 2.29
      vertex -12 2.4 2.29
    endloop
  endfacet
  facet normal -0 0 1
    outer loop
      vertex -12 2.4 2.29
      vertex -10 1 2.29
      vertex -8 2.4 2.29
    endloop
  endfacet
  facet normal 0 0 1
    outer loop
      vertex -8 -2.4 2.29
      vertex -7 -1.4 2.29
      vertex -7 -1 2.29
    endloop
  endfacet
  facet normal 0 0 1
    outer loop
      vertex -7 -1.4 2.29
      vertex -8 -2.4 2.29
      vertex -7.00482 -1.49802 2.29
    endloop
  endfacet
  facet normal 0 0 1
    outer loop
      vertex -7.00482 -1.49802 2.29
      vertex -8 -2.4 2.29
      vertex -7.01922 -1.59509 2.29
    endloop
  endfacet
  facet normal 0 0 1
    outer loop
      vertex -7.01922 -1.59509 2.29
      vertex -8 -2.4 2.29
      vertex -7.04306 -1.69028 2.29
    endloop
  endfacet
  facet normal 0 0 1
    outer loop
      vertex -7.04306 -1.69028 2.29
      vertex -8 -2.4 2.29
      vertex -7.07612 -1.78268 2.29
    endloop
  endfacet
  facet normal 0 0 1
    outer loop
      vertex -7.07612 -1.78268 2.29
      vertex -8 -2.4 2.29
      vertex -7.11808 -1.8714 2.29
    endloop
  endfacet
  facet normal 0 0 1
    outer loop
      vertex -7.11808 -1.8714 2.29
      vertex -8 -2.4 2.29
      vertex -7.16853 -1.95557 2.29
    endloop
  endfacet
  facet normal 0 0 1
    outer loop
      vertex -7.16853 -1.95557 2.29
      vertex -8 -2.4 2.29
      vertex -7.22699 -2.03439 2.29
    endloop
  endfacet
  facet normal 0 0 1
    outer loop
      vertex -7.22699 -2.03439 2.29
      vertex -8 -2.4 2.29
      vertex -7.29289 -2.10711 2.29
    endloop
  endfacet
  facet normal 0 0 1
    outer loop
      vertex -7.29289 -2.10711 2.29
      vertex -7.44443 -2.23147 2.29
      vertex -7.36561 -2.17301 2.29
    endloop
  endfacet
  facet normal 0 0 1
    outer loop
      vertex -7.29289 -2.10711 2.29
      vertex -7.5286 -2.28192 2.29
      vertex -7.44443 -2.23147 2.29
    endloop
  endfacet
  facet normal 0 0 1
    outer loop
      vertex -7.29289 -2.10711 2.29
      vertex -7.61732 -2.32388 2.29
      vertex -7.5286 -2.28192 2.29
    endloop
  endfacet
  facet normal 0 0 1
    outer loop
      vertex -7.29289 -2.10711 2.29
      vertex -7.70972 -2.35694 2.29
      vertex -7.61732 -2.32388 2.29
    endloop
  endfacet
  facet normal 0 0 1
    outer loop
      vertex -7.29289 -2.10711 2.29
      vertex -7.80491 -2.38078 2.29
      vertex -7.70972 -2.35694 2.29
    endloop
  endfacet
  facet normal 0 0 1
    outer loop
      vertex -7.29289 -2.10711 2.29
      vertex -7.90198 -2.39518 2.29
      vertex -7.80491 -2.38078 2.29
    endloop
  endfacet
  facet normal 0 0 1
    outer loop
      vertex -7.29289 -2.10711 2.29
      vertex -8 -2.4 2.29
      vertex -7.90198 -2.39518 2.29
    endloop
  endfacet
  facet normal -0 0 1
    outer loop
      vertex -10 -1 2.29
      vertex -8 -2.4 2.29
      vertex -7 -1 2.29
    endloop
  endfacet
  facet normal 0 0 1
    outer loop
      vertex -10 -1 2.29
      vertex -12 -2.4 2.29
      vertex -8 -2.4 2.29
    endloop
  endfacet
  facet normal 0 0 1
    outer loop
      vertex -10 1 2.29
      vertex -13 1.4 2.29
      vertex -10 -1 2.29
    endloop
  endfacet
  facet normal 0 0 1
    outer loop
      vertex -13 1.4 2.29
      vertex -12 2.4 2.29
      vertex -12.098 2.39518 2.29
    endloop
  endfacet
  facet normal 0 0 1
    outer loop
      vertex -13 -1.4 2.29
      vertex -10 -1 2.29
      vertex -13 1.4 2.29
    endloop
  endfacet
  facet normal 0 0 1
    outer loop
      vertex -13 1.4 2.29
      vertex -12.098 2.39518 2.29
      vertex -12.1951 2.38078 2.29
    endloop
  endfacet
  facet normal 0 0 1
    outer loop
      vertex -10 -1 2.29
      vertex -13 -1.4 2.29
      vertex -12 -2.4 2.29
    endloop
  endfacet
  facet normal 0 0 1
    outer loop
      vertex -13 1.4 2.29
      vertex -12.1951 2.38078 2.29
      vertex -12.2903 2.35694 2.29
    endloop
  endfacet
  facet normal 0 0 1
    outer loop
      vertex -12 -2.4 2.29
      vertex -13 -1.4 2.29
      vertex -12.098 -2.39518 2.29
    endloop
  endfacet
  facet normal 0 0 1
    outer loop
      vertex -13 1.4 2.29
      vertex -12.2903 2.35694 2.29
      vertex -12.3827 2.32388 2.29
    endloop
  endfacet
  facet normal 0 0 1
    outer loop
      vertex -12.098 -2.39518 2.29
      vertex -13 -1.4 2.29
      vertex -12.1951 -2.38078 2.29
    endloop
  endfacet
  facet normal 0 0 1
    outer loop
      vertex -13 1.4 2.29
      vertex -12.3827 2.32388 2.29
      vertex -12.4714 2.28192 2.29
    endloop
  endfacet
  facet normal 0 0 1
    outer loop
      vertex -12.1951 -2.38078 2.29
      vertex -13 -1.4 2.29
      vertex -12.2903 -2.35694 2.29
    endloop
  endfacet
  facet normal 0 0 1
    outer loop
      vertex -13 1.4 2.29
      vertex -12.4714 2.28192 2.29
      vertex -12.5556 2.23147 2.29
    endloop
  endfacet
  facet normal 0 0 1
    outer loop
      vertex -12.2903 -2.35694 2.29
      vertex -13 -1.4 2.29
      vertex -12.3827 -2.32388 2.29
    endloop
  endfacet
  facet normal 0 0 1
    outer loop
      vertex -13 1.4 2.29
      vertex -12.5556 2.23147 2.29
      vertex -12.6344 2.17301 2.29
    endloop
  endfacet
  facet normal 0 0 1
    outer loop
      vertex -12.3827 -2.32388 2.29
      vertex -13 -1.4 2.29
      vertex -12.4714 -2.28192 2.29
    endloop
  endfacet
  facet normal 0 0 1
    outer loop
      vertex -13 1.4 2.29
      vertex -12.6344 2.17301 2.29
      vertex -12.7071 2.10711 2.29
    endloop
  endfacet
  facet normal 0 0 1
    outer loop
      vertex -12.4714 -2.28192 2.29
      vertex -13 -1.4 2.29
      vertex -12.5556 -2.23147 2.29
    endloop
  endfacet
  facet normal 0 0 1
    outer loop
      vertex -13 1.4 2.29
      vertex -12.7071 2.10711 2.29
      vertex -12.773 2.03439 2.29
    endloop
  endfacet
  facet normal 0 0 1
    outer loop
      vertex -12.5556 -2.23147 2.29
      vertex -13 -1.4 2.29
      vertex -12.6344 -2.17301 2.29
    endloop
  endfacet
  facet normal 0 0 1
    outer loop
      vertex -13 1.4 2.29
      vertex -12.773 2.03439 2.29
      vertex -12.8315 1.95557 2.29
    endloop
  endfacet
  facet normal 0 0 1
    outer loop
      vertex -12.6344 -2.17301 2.29
      vertex -13 -1.4 2.29
      vertex -12.7071 -2.10711 2.29
    endloop
  endfacet
  facet normal 0 0 1
    outer loop
      vertex -13 1.4 2.29
      vertex -12.8315 1.95557 2.29
      vertex -12.8819 1.8714 2.29
    endloop
  endfacet
  facet normal 0 0 1
    outer loop
      vertex -12.7071 -2.10711 2.29
      vertex -13 -1.4 2.29
      vertex -12.773 -2.03439 2.29
    endloop
  endfacet
  facet normal 0 0 1
    outer loop
      vertex -13 1.4 2.29
      vertex -12.8819 1.8714 2.29
      vertex -12.9239 1.78268 2.29
    endloop
  endfacet
  facet normal 0 0 1
    outer loop
      vertex -12.773 -2.03439 2.29
      vertex -13 -1.4 2.29
      vertex -12.8315 -1.95557 2.29
    endloop
  endfacet
  facet normal 0 0 1
    outer loop
      vertex -13 1.4 2.29
      vertex -12.9239 1.78268 2.29
      vertex -12.9569 1.69028 2.29
    endloop
  endfacet
  facet normal 0 0 1
    outer loop
      vertex -12.8315 -1.95557 2.29
      vertex -13 -1.4 2.29
      vertex -12.8819 -1.8714 2.29
    endloop
  endfacet
  facet normal 0 0 1
    outer loop
      vertex -13 1.4 2.29
      vertex -12.9569 1.69028 2.29
      vertex -12.9808 1.59509 2.29
    endloop
  endfacet
  facet normal 0 0 1
    outer loop
      vertex -12.8819 -1.8714 2.29
      vertex -13 -1.4 2.29
      vertex -12.9239 -1.78268 2.29
    endloop
  endfacet
  facet normal 0 0 1
    outer loop
      vertex -13 1.4 2.29
      vertex -12.9808 1.59509 2.29
      vertex -12.9952 1.49802 2.29
    endloop
  endfacet
  facet normal 0 0 1
    outer loop
      vertex -12.9239 -1.78268 2.29
      vertex -13 -1.4 2.29
      vertex -12.9569 -1.69028 2.29
    endloop
  endfacet
  facet normal 0 0 1
    outer loop
      vertex -12.9569 -1.69028 2.29
      vertex -13 -1.4 2.29
      vertex -12.9808 -1.59509 2.29
    endloop
  endfacet
  facet normal 0 0 1
    outer loop
      vertex -12.9808 -1.59509 2.29
      vertex -13 -1.4 2.29
      vertex -12.9952 -1.49802 2.29
    endloop
  endfacet
  facet normal -0.595817 0.80312 0
    outer loop
      vertex -12.5556 2.23147 1.89
      vertex -12.6344 2.17301 2.29
      vertex -12.5556 2.23147 2.29
    endloop
  endfacet
  facet normal -0.595817 0.80312 0
    outer loop
      vertex -12.6344 2.17301 2.29
      vertex -12.5556 2.23147 1.89
      vertex -12.6344 2.17301 1.89
    endloop
  endfacet
  facet normal 0.741 0.671505 0
    outer loop
      vertex -7.22699 2.03439 2.29
      vertex -7.29289 2.10711 1.89
      vertex -7.29289 2.10711 2.29
    endloop
  endfacet
  facet normal 0.741 0.671505 0
    outer loop
      vertex -7.29289 2.10711 1.89
      vertex -7.22699 2.03439 2.29
      vertex -7.22699 2.03439 1.89
    endloop
  endfacet
  facet normal -0.427622 0.903958 0
    outer loop
      vertex -12.3827 2.32388 1.89
      vertex -12.4714 2.28192 2.29
      vertex -12.3827 2.32388 2.29
    endloop
  endfacet
  facet normal -0.427622 0.903958 0
    outer loop
      vertex -12.4714 2.28192 2.29
      vertex -12.3827 2.32388 1.89
      vertex -12.4714 2.28192 1.89
    endloop
  endfacet
  facet normal -0.741 -0.671505 0
    outer loop
      vertex -12.7071 -2.10711 1.89
      vertex -12.773 -2.03439 2.29
      vertex -12.773 -2.03439 1.89
    endloop
  endfacet
  facet normal -0.741 -0.671505 0
    outer loop
      vertex -12.773 -2.03439 2.29
      vertex -12.7071 -2.10711 1.89
      vertex -12.7071 -2.10711 2.29
    endloop
  endfacet
  facet normal -0.513971 -0.857807 0
    outer loop
      vertex -12.5556 -2.23147 1.89
      vertex -12.4714 -2.28192 2.29
      vertex -12.5556 -2.23147 2.29
    endloop
  endfacet
  facet normal -0.513971 -0.857807 -0
    outer loop
      vertex -12.4714 -2.28192 2.29
      vertex -12.5556 -2.23147 1.89
      vertex -12.4714 -2.28192 1.89
    endloop
  endfacet
  facet normal -0.427726 -0.903909 0
    outer loop
      vertex -11.4828 -0.929902 2.29
      vertex -11.4296 -0.955076 3.44
      vertex -11.4828 -0.929902 3.44
    endloop
  endfacet
  facet normal -0.427726 -0.903909 -0
    outer loop
      vertex -11.4296 -0.955076 3.44
      vertex -11.4828 -0.929902 2.29
      vertex -11.4296 -0.955076 2.29
    endloop
  endfacet
  facet normal -0.337124 0.94146 0
    outer loop
      vertex -11.3742 0.573414 2.29
      vertex -11.4296 0.553576 3.44
      vertex -11.3742 0.573414 3.44
    endloop
  endfacet
  facet normal -0.337124 0.94146 0
    outer loop
      vertex -11.4296 0.553576 3.44
      vertex -11.3742 0.573414 2.29
      vertex -11.4296 0.553576 2.29
    endloop
  endfacet
  facet normal 0.740892 -0.671624 0
    outer loop
      vertex -8.37574 -0.825013 3.44
      vertex -8.33619 -0.781384 2.29
      vertex -8.33619 -0.781384 3.44
    endloop
  endfacet
  facet normal 0.740892 -0.671624 0
    outer loop
      vertex -8.33619 -0.781384 2.29
      vertex -8.37574 -0.825013 3.44
      vertex -8.37574 -0.825013 2.29
    endloop
  endfacet
  facet normal -0.670959 0.741494 0
    outer loop
      vertex -11.5806 0.463056 2.29
      vertex -11.6243 0.423513 3.44
      vertex -11.5806 0.463056 3.44
    endloop
  endfacet
  facet normal -0.670959 0.741494 0
    outer loop
      vertex -11.6243 0.423513 3.44
      vertex -11.5806 0.463056 2.29
      vertex -11.6243 0.423513 2.29
    endloop
  endfacet
  facet normal 0.857736 0.514091 0
    outer loop
      vertex -8.27085 0.282087 3.44
      vertex -8.30112 0.332591 2.29
      vertex -8.30112 0.332591 3.44
    endloop
  endfacet
  facet normal 0.857736 0.514091 0
    outer loop
      vertex -8.30112 0.332591 2.29
      vertex -8.27085 0.282087 3.44
      vertex -8.27085 0.282087 2.29
    endloop
  endfacet
  facet normal 0.941578 -0.336794 0
    outer loop
      vertex -8.24567 -0.630359 3.44
      vertex -8.22584 -0.57492 2.29
      vertex -8.22584 -0.57492 3.44
    endloop
  endfacet
  facet normal 0.941578 -0.336794 0
    outer loop
      vertex -8.22584 -0.57492 2.29
      vertex -8.24567 -0.630359 3.44
      vertex -8.24567 -0.630359 2.29
    endloop
  endfacet
  facet normal 0 -1 0
    outer loop
      vertex -11.2 -1.00075 2.29
      vertex -8.8 -1.00075 3.44
      vertex -11.2 -1.00075 3.44
    endloop
  endfacet
  facet normal 0 -1 -0
    outer loop
      vertex -8.8 -1.00075 3.44
      vertex -11.2 -1.00075 2.29
      vertex -8.8 -1.00075 2.29
    endloop
  endfacet
  facet normal 0 1 0
    outer loop
      vertex -10 0.599249 2.29
      vertex -8.8 0.599249 3.44
      vertex -8.8 0.599249 2.29
    endloop
  endfacet
  facet normal 0 1 0
    outer loop
      vertex -8.8 0.599249 3.44
      vertex -10 0.599249 2.29
      vertex -11.2 0.599249 3.44
    endloop
  endfacet
  facet normal 0 1 0
    outer loop
      vertex -11.2 0.599249 3.44
      vertex -10 0.599249 2.29
      vertex -11.2 0.599249 2.29
    endloop
  endfacet
  facet normal -0.67095 -0.741503 0
    outer loop
      vertex -11.6243 -0.825013 2.29
      vertex -11.5806 -0.864555 3.44
      vertex -11.6243 -0.825013 3.44
    endloop
  endfacet
  facet normal -0.67095 -0.741503 -0
    outer loop
      vertex -11.5806 -0.864555 3.44
      vertex -11.6243 -0.825013 2.29
      vertex -11.5806 -0.864555 2.29
    endloop
  endfacet
  facet normal 0.595655 -0.803241 0
    outer loop
      vertex -8.46666 -0.899631 2.29
      vertex -8.41936 -0.864555 3.44
      vertex -8.46666 -0.899631 3.44
    endloop
  endfacet
  facet normal 0.595655 -0.803241 0
    outer loop
      vertex -8.41936 -0.864555 3.44
      vertex -8.46666 -0.899631 2.29
      vertex -8.41936 -0.864555 2.29
    endloop
  endfacet
  facet normal -0.595644 0.803249 0
    outer loop
      vertex -11.5333 0.498131 2.29
      vertex -11.5806 0.463056 3.44
      vertex -11.5333 0.498131 3.44
    endloop
  endfacet
  facet normal -0.595644 0.803249 0
    outer loop
      vertex -11.5806 0.463056 3.44
      vertex -11.5333 0.498131 2.29
      vertex -11.5806 0.463056 2.29
    endloop
  endfacet
  facet normal -0.337124 -0.94146 0
    outer loop
      vertex -11.4296 -0.955076 2.29
      vertex -11.3742 -0.974914 3.44
      vertex -11.4296 -0.955076 3.44
    endloop
  endfacet
  facet normal -0.337124 -0.94146 -0
    outer loop
      vertex -11.3742 -0.974914 3.44
      vertex -11.4296 -0.955076 2.29
      vertex -11.3742 -0.974914 2.29
    endloop
  endfacet
  facet normal 0.336909 -0.941537 0
    outer loop
      vertex -8.62583 -0.974914 2.29
      vertex -8.57039 -0.955076 3.44
      vertex -8.62583 -0.974914 3.44
    endloop
  endfacet
  facet normal 0.336909 -0.941537 0
    outer loop
      vertex -8.57039 -0.955076 3.44
      vertex -8.62583 -0.974914 2.29
      vertex -8.57039 -0.955076 2.29
    endloop
  endfacet
  facet normal -0.741315 -0.671158 0
    outer loop
      vertex -11.6243 -0.825013 2.29
      vertex -11.6638 -0.781384 3.44
      vertex -11.6638 -0.781384 2.29
    endloop
  endfacet
  facet normal -0.741315 -0.671158 0
    outer loop
      vertex -11.6638 -0.781384 3.44
      vertex -11.6243 -0.825013 2.29
      vertex -11.6243 -0.825013 3.44
    endloop
  endfacet
  facet normal 0.989175 0.146737 0
    outer loop
      vertex -8.20289 0.0580597 3.44
      vertex -8.21153 0.116303 2.29
      vertex -8.21153 0.116303 3.44
    endloop
  endfacet
  facet normal 0.989175 0.146737 0
    outer loop
      vertex -8.21153 0.116303 2.29
      vertex -8.20289 0.0580597 3.44
      vertex -8.20289 0.0580597 2.29
    endloop
  endfacet
  facet normal 0.0491531 -0.998791 0
    outer loop
      vertex -8.78476 -1 2.29
      vertex -8.8 -1.00075 3.44
      vertex -8.8 -1.00075 2.29
    endloop
  endfacet
  facet normal 0.0490821 -0.998795 -9.43687e-07
    outer loop
      vertex -8.8 -1.00075 3.44
      vertex -8.78476 -1 2.29
      vertex -8.74119 -0.99786 3.44
    endloop
  endfacet
  facet normal 0.0490572 -0.998796 0
    outer loop
      vertex -8.74119 -0.99786 3.44
      vertex -8.78476 -1 2.29
      vertex -8.74119 -0.99786 2.29
    endloop
  endfacet
  facet normal -0.146598 0.989196 0
    outer loop
      vertex -11.2588 0.59636 2.29
      vertex -11.3171 0.58772 3.44
      vertex -11.2588 0.59636 3.44
    endloop
  endfacet
  facet normal -0.146598 0.989196 0
    outer loop
      vertex -11.3171 0.58772 3.44
      vertex -11.2588 0.59636 2.29
      vertex -11.3171 0.58772 2.29
    endloop
  endfacet
  facet normal 0.740884 0.671632 0
    outer loop
      vertex -8.33619 0.379885 3.44
      vertex -8.37574 0.423513 2.29
      vertex -8.37574 0.423513 3.44
    endloop
  endfacet
  facet normal 0.740884 0.671632 0
    outer loop
      vertex -8.37574 0.423513 2.29
      vertex -8.33619 0.379885 3.44
      vertex -8.33619 0.379885 2.29
    endloop
  endfacet
  facet normal -0.741307 0.671166 0
    outer loop
      vertex -11.6638 0.379885 2.29
      vertex -11.6243 0.423513 3.44
      vertex -11.6243 0.423513 2.29
    endloop
  endfacet
  facet normal -0.741307 0.671166 0
    outer loop
      vertex -11.6243 0.423513 3.44
      vertex -11.6638 0.379885 2.29
      vertex -11.6638 0.379885 3.44
    endloop
  endfacet
  facet normal -0.904481 -0.426514 0
    outer loop
      vertex -11.7292 -0.683587 2.29
      vertex -11.7543 -0.630359 3.44
      vertex -11.7543 -0.630359 2.29
    endloop
  endfacet
  facet normal -0.904481 -0.426514 0
    outer loop
      vertex -11.7543 -0.630359 3.44
      vertex -11.7292 -0.683587 2.29
      vertex -11.7292 -0.683587 3.44
    endloop
  endfacet
  facet normal 0.427529 -0.904002 0
    outer loop
      vertex -8.57039 -0.955076 2.29
      vertex -8.51716 -0.929902 3.44
      vertex -8.57039 -0.955076 3.44
    endloop
  endfacet
  facet normal 0.427529 -0.904002 0
    outer loop
      vertex -8.51716 -0.929902 3.44
      vertex -8.57039 -0.955076 2.29
      vertex -8.51716 -0.929902 2.29
    endloop
  endfacet
  facet normal 0.998795 -0.0490821 0
    outer loop
      vertex -8.20289 -0.459559 3.44
      vertex -8.2 -0.400749 2.29
      vertex -8.2 -0.400749 3.44
    endloop
  endfacet
  facet normal 0.998795 -0.0490821 0
    outer loop
      vertex -8.2 -0.400749 2.29
      vertex -8.20289 -0.459559 3.44
      vertex -8.20289 -0.459559 2.29
    endloop
  endfacet
  facet normal 0.903956 0.427625 0
    outer loop
      vertex -8.24567 0.228859 3.44
      vertex -8.27085 0.282087 2.29
      vertex -8.27085 0.282087 3.44
    endloop
  endfacet
  facet normal 0.903956 0.427625 0
    outer loop
      vertex -8.27085 0.282087 2.29
      vertex -8.24567 0.228859 3.44
      vertex -8.24567 0.228859 2.29
    endloop
  endfacet
  facet normal 0.671635 0.740882 -0
    outer loop
      vertex -8.37574 0.423513 2.29
      vertex -8.41936 0.463056 3.44
      vertex -8.37574 0.423513 3.44
    endloop
  endfacet
  facet normal 0.671635 0.740882 0
    outer loop
      vertex -8.41936 0.463056 3.44
      vertex -8.37574 0.423513 2.29
      vertex -8.41936 0.463056 2.29
    endloop
  endfacet
  facet normal 0.803253 0.595638 0
    outer loop
      vertex -8.30112 0.332591 3.44
      vertex -8.33619 0.379885 2.29
      vertex -8.33619 0.379885 3.44
    endloop
  endfacet
  facet normal 0.803253 0.595638 0
    outer loop
      vertex -8.33619 0.379885 2.29
      vertex -8.30112 0.332591 3.44
      vertex -8.30112 0.332591 2.29
    endloop
  endfacet
  facet normal -0.243031 0.970018 0
    outer loop
      vertex -11.3171 0.58772 2.29
      vertex -11.3742 0.573414 3.44
      vertex -11.3171 0.58772 3.44
    endloop
  endfacet
  facet normal -0.243031 0.970018 0
    outer loop
      vertex -11.3742 0.573414 3.44
      vertex -11.3171 0.58772 2.29
      vertex -11.3742 0.573414 2.29
    endloop
  endfacet
  facet normal 0 0 1
    outer loop
      vertex -8.8 0.599249 3.44
      vertex -8.2 -0.000749588 3.44
      vertex -8.20289 0.0580597 3.44
    endloop
  endfacet
  facet normal 0 0 1
    outer loop
      vertex -8.2 -0.000749588 3.44
      vertex -8.8 0.599249 3.44
      vertex -8.2 -0.400749 3.44
    endloop
  endfacet
  facet normal 0 0 1
    outer loop
      vertex -8.8 0.599249 3.44
      vertex -8.20289 0.0580597 3.44
      vertex -8.21153 0.116303 3.44
    endloop
  endfacet
  facet normal 0 0 1
    outer loop
      vertex -8.8 -1.00075 3.44
      vertex -8.2 -0.400749 3.44
      vertex -8.8 0.599249 3.44
    endloop
  endfacet
  facet normal 0 0 1
    outer loop
      vertex -8.8 0.599249 3.44
      vertex -8.21153 0.116303 3.44
      vertex -8.22584 0.17342 3.44
    endloop
  endfacet
  facet normal 0 0 1
    outer loop
      vertex -8.2 -0.400749 3.44
      vertex -8.8 -1.00075 3.44
      vertex -8.20289 -0.459559 3.44
    endloop
  endfacet
  facet normal 0 0 1
    outer loop
      vertex -8.8 0.599249 3.44
      vertex -8.22584 0.17342 3.44
      vertex -8.24567 0.228859 3.44
    endloop
  endfacet
  facet normal 0 0 1
    outer loop
      vertex -8.20289 -0.459559 3.44
      vertex -8.8 -1.00075 3.44
      vertex -8.21153 -0.517803 3.44
    endloop
  endfacet
  facet normal 0 0 1
    outer loop
      vertex -8.8 0.599249 3.44
      vertex -8.24567 0.228859 3.44
      vertex -8.27085 0.282087 3.44
    endloop
  endfacet
  facet normal 0 0 1
    outer loop
      vertex -8.21153 -0.517803 3.44
      vertex -8.8 -1.00075 3.44
      vertex -8.22584 -0.57492 3.44
    endloop
  endfacet
  facet normal 0 0 1
    outer loop
      vertex -8.8 0.599249 3.44
      vertex -8.27085 0.282087 3.44
      vertex -8.30112 0.332591 3.44
    endloop
  endfacet
  facet normal 0 0 1
    outer loop
      vertex -8.22584 -0.57492 3.44
      vertex -8.8 -1.00075 3.44
      vertex -8.24567 -0.630359 3.44
    endloop
  endfacet
  facet normal 0 0 1
    outer loop
      vertex -8.8 0.599249 3.44
      vertex -8.30112 0.332591 3.44
      vertex -8.33619 0.379885 3.44
    endloop
  endfacet
  facet normal 0 0 1
    outer loop
      vertex -8.24567 -0.630359 3.44
      vertex -8.8 -1.00075 3.44
      vertex -8.27085 -0.683587 3.44
    endloop
  endfacet
  facet normal 0 0 1
    outer loop
      vertex -8.8 0.599249 3.44
      vertex -8.33619 0.379885 3.44
      vertex -8.37574 0.423513 3.44
    endloop
  endfacet
  facet normal 0 0 1
    outer loop
      vertex -8.27085 -0.683587 3.44
      vertex -8.8 -1.00075 3.44
      vertex -8.30112 -0.734091 3.44
    endloop
  endfacet
  facet normal 0 0 1
    outer loop
      vertex -8.8 0.599249 3.44
      vertex -8.37574 0.423513 3.44
      vertex -8.41936 0.463056 3.44
    endloop
  endfacet
  facet normal 0 0 1
    outer loop
      vertex -8.30112 -0.734091 3.44
      vertex -8.8 -1.00075 3.44
      vertex -8.33619 -0.781384 3.44
    endloop
  endfacet
  facet normal 0 0 1
    outer loop
      vertex -8.8 0.599249 3.44
      vertex -8.41936 0.463056 3.44
      vertex -8.46666 0.498131 3.44
    endloop
  endfacet
  facet normal 0 0 1
    outer loop
      vertex -8.33619 -0.781384 3.44
      vertex -8.8 -1.00075 3.44
      vertex -8.37574 -0.825013 3.44
    endloop
  endfacet
  facet normal 0 0 1
    outer loop
      vertex -8.8 0.599249 3.44
      vertex -8.46666 0.498131 3.44
      vertex -8.51716 0.528402 3.44
    endloop
  endfacet
  facet normal 0 0 1
    outer loop
      vertex -8.37574 -0.825013 3.44
      vertex -8.8 -1.00075 3.44
      vertex -8.41936 -0.864555 3.44
    endloop
  endfacet
  facet normal 0 0 1
    outer loop
      vertex -8.8 0.599249 3.44
      vertex -8.51716 0.528402 3.44
      vertex -8.57039 0.553576 3.44
    endloop
  endfacet
  facet normal 0 0 1
    outer loop
      vertex -8.41936 -0.864555 3.44
      vertex -8.8 -1.00075 3.44
      vertex -8.46666 -0.899631 3.44
    endloop
  endfacet
  facet normal 0 0 1
    outer loop
      vertex -8.8 0.599249 3.44
      vertex -8.57039 0.553576 3.44
      vertex -8.62583 0.573414 3.44
    endloop
  endfacet
  facet normal 0 0 1
    outer loop
      vertex -8.46666 -0.899631 3.44
      vertex -8.8 -1.00075 3.44
      vertex -8.51716 -0.929902 3.44
    endloop
  endfacet
  facet normal 0 0 1
    outer loop
      vertex -8.8 0.599249 3.44
      vertex -8.62583 0.573414 3.44
      vertex -8.68295 0.58772 3.44
    endloop
  endfacet
  facet normal 0 0 1
    outer loop
      vertex -8.51716 -0.929902 3.44
      vertex -8.8 -1.00075 3.44
      vertex -8.57039 -0.955076 3.44
    endloop
  endfacet
  facet normal 0 0 1
    outer loop
      vertex -8.8 0.599249 3.44
      vertex -8.68295 0.58772 3.44
      vertex -8.74119 0.59636 3.44
    endloop
  endfacet
  facet normal 0 0 1
    outer loop
      vertex -8.57039 -0.955076 3.44
      vertex -8.8 -1.00075 3.44
      vertex -8.62583 -0.974914 3.44
    endloop
  endfacet
  facet normal 0 0 1
    outer loop
      vertex -8.62583 -0.974914 3.44
      vertex -8.8 -1.00075 3.44
      vertex -8.68295 -0.98922 3.44
    endloop
  endfacet
  facet normal 0 0 1
    outer loop
      vertex -8.68295 -0.98922 3.44
      vertex -8.8 -1.00075 3.44
      vertex -8.74119 -0.99786 3.44
    endloop
  endfacet
  facet normal -0 0 1
    outer loop
      vertex -11.2 0.599249 3.44
      vertex -8.8 -1.00075 3.44
      vertex -8.8 0.599249 3.44
    endloop
  endfacet
  facet normal 0 0 1
    outer loop
      vertex -11.2 0.599249 3.44
      vertex -11.2 -1.00075 3.44
      vertex -8.8 -1.00075 3.44
    endloop
  endfacet
  facet normal 0 0 1
    outer loop
      vertex -11.8 -0.000749588 3.44
      vertex -11.2 0.599249 3.44
      vertex -11.2588 0.59636 3.44
    endloop
  endfacet
  facet normal 0 0 1
    outer loop
      vertex -11.2 0.599249 3.44
      vertex -11.8 -0.000749588 3.44
      vertex -11.2 -1.00075 3.44
    endloop
  endfacet
  facet normal 0 0 1
    outer loop
      vertex -11.8 -0.000749588 3.44
      vertex -11.2588 0.59636 3.44
      vertex -11.3171 0.58772 3.44
    endloop
  endfacet
  facet normal -0 0 1
    outer loop
      vertex -11.8 -0.400749 3.44
      vertex -11.2 -1.00075 3.44
      vertex -11.8 -0.000749588 3.44
    endloop
  endfacet
  facet normal 0 0 1
    outer loop
      vertex -11.8 -0.000749588 3.44
      vertex -11.3171 0.58772 3.44
      vertex -11.3742 0.573414 3.44
    endloop
  endfacet
  facet normal 0 0 1
    outer loop
      vertex -11.2 -1.00075 3.44
      vertex -11.8 -0.400749 3.44
      vertex -11.2588 -0.99786 3.44
    endloop
  endfacet
  facet normal 0 0 1
    outer loop
      vertex -11.8 -0.000749588 3.44
      vertex -11.3742 0.573414 3.44
      vertex -11.4296 0.553576 3.44
    endloop
  endfacet
  facet normal 0 0 1
    outer loop
      vertex -11.2588 -0.99786 3.44
      vertex -11.8 -0.400749 3.44
      vertex -11.3171 -0.98922 3.44
    endloop
  endfacet
  facet normal 0 0 1
    outer loop
      vertex -11.8 -0.000749588 3.44
      vertex -11.4296 0.553576 3.44
      vertex -11.4828 0.528402 3.44
    endloop
  endfacet
  facet normal 0 0 1
    outer loop
      vertex -11.3171 -0.98922 3.44
      vertex -11.8 -0.400749 3.44
      vertex -11.3742 -0.974914 3.44
    endloop
  endfacet
  facet normal 0 0 1
    outer loop
      vertex -11.8 -0.000749588 3.44
      vertex -11.4828 0.528402 3.44
      vertex -11.5333 0.498131 3.44
    endloop
  endfacet
  facet normal 0 0 1
    outer loop
      vertex -11.3742 -0.974914 3.44
      vertex -11.8 -0.400749 3.44
      vertex -11.4296 -0.955076 3.44
    endloop
  endfacet
  facet normal 0 0 1
    outer loop
      vertex -11.8 -0.000749588 3.44
      vertex -11.5333 0.498131 3.44
      vertex -11.5806 0.463056 3.44
    endloop
  endfacet
  facet normal 0 0 1
    outer loop
      vertex -11.4296 -0.955076 3.44
      vertex -11.8 -0.400749 3.44
      vertex -11.4828 -0.929902 3.44
    endloop
  endfacet
  facet normal 0 0 1
    outer loop
      vertex -11.8 -0.000749588 3.44
      vertex -11.5806 0.463056 3.44
      vertex -11.6243 0.423513 3.44
    endloop
  endfacet
  facet normal 0 0 1
    outer loop
      vertex -11.4828 -0.929902 3.44
      vertex -11.8 -0.400749 3.44
      vertex -11.5333 -0.899631 3.44
    endloop
  endfacet
  facet normal 0 0 1
    outer loop
      vertex -11.8 -0.000749588 3.44
      vertex -11.6243 0.423513 3.44
      vertex -11.6638 0.379885 3.44
    endloop
  endfacet
  facet normal 0 0 1
    outer loop
      vertex -11.5333 -0.899631 3.44
      vertex -11.8 -0.400749 3.44
      vertex -11.5806 -0.864555 3.44
    endloop
  endfacet
  facet normal 0 0 1
    outer loop
      vertex -11.8 -0.000749588 3.44
      vertex -11.6638 0.379885 3.44
      vertex -11.6989 0.332591 3.44
    endloop
  endfacet
  facet normal 0 0 1
    outer loop
      vertex -11.5806 -0.864555 3.44
      vertex -11.8 -0.400749 3.44
      vertex -11.6243 -0.825013 3.44
    endloop
  endfacet
  facet normal 0 0 1
    outer loop
      vertex -11.8 -0.000749588 3.44
      vertex -11.6989 0.332591 3.44
      vertex -11.7292 0.282087 3.44
    endloop
  endfacet
  facet normal 0 0 1
    outer loop
      vertex -11.6243 -0.825013 3.44
      vertex -11.8 -0.400749 3.44
      vertex -11.6638 -0.781384 3.44
    endloop
  endfacet
  facet normal 0 0 1
    outer loop
      vertex -11.8 -0.000749588 3.44
      vertex -11.7292 0.282087 3.44
      vertex -11.7543 0.228859 3.44
    endloop
  endfacet
  facet normal 0 0 1
    outer loop
      vertex -11.6638 -0.781384 3.44
      vertex -11.8 -0.400749 3.44
      vertex -11.6989 -0.734091 3.44
    endloop
  endfacet
  facet normal 0 0 1
    outer loop
      vertex -11.8 -0.000749588 3.44
      vertex -11.7543 0.228859 3.44
      vertex -11.7742 0.17342 3.44
    endloop
  endfacet
  facet normal 0 0 1
    outer loop
      vertex -11.6989 -0.734091 3.44
      vertex -11.8 -0.400749 3.44
      vertex -11.7292 -0.683587 3.44
    endloop
  endfacet
  facet normal 0 0 1
    outer loop
      vertex -11.8 -0.000749588 3.44
      vertex -11.7742 0.17342 3.44
      vertex -11.7885 0.116303 3.44
    endloop
  endfacet
  facet normal 0 0 1
    outer loop
      vertex -11.7292 -0.683587 3.44
      vertex -11.8 -0.400749 3.44
      vertex -11.7543 -0.630359 3.44
    endloop
  endfacet
  facet normal 0 0 1
    outer loop
      vertex -11.8 -0.000749588 3.44
      vertex -11.7885 0.116303 3.44
      vertex -11.7971 0.0580597 3.44
    endloop
  endfacet
  facet normal 0 0 1
    outer loop
      vertex -11.7543 -0.630359 3.44
      vertex -11.8 -0.400749 3.44
      vertex -11.7742 -0.57492 3.44
    endloop
  endfacet
  facet normal 0 0 1
    outer loop
      vertex -11.7742 -0.57492 3.44
      vertex -11.8 -0.400749 3.44
      vertex -11.7885 -0.517803 3.44
    endloop
  endfacet
  facet normal 0 0 1
    outer loop
      vertex -11.7885 -0.517803 3.44
      vertex -11.8 -0.400749 3.44
      vertex -11.7971 -0.459559 3.44
    endloop
  endfacet
  facet normal -0.989274 0.146073 0
    outer loop
      vertex -11.7971 0.0580597 2.29
      vertex -11.7885 0.116303 3.44
      vertex -11.7885 0.116303 2.29
    endloop
  endfacet
  facet normal -0.989274 0.146073 0
    outer loop
      vertex -11.7885 0.116303 3.44
      vertex -11.7971 0.0580597 2.29
      vertex -11.7971 0.0580597 3.44
    endloop
  endfacet
  facet normal 0.903956 -0.427625 0
    outer loop
      vertex -8.27085 -0.683587 3.44
      vertex -8.24567 -0.630359 2.29
      vertex -8.24567 -0.630359 3.44
    endloop
  endfacet
  facet normal 0.903956 -0.427625 0
    outer loop
      vertex -8.24567 -0.630359 2.29
      vertex -8.27085 -0.683587 3.44
      vertex -8.27085 -0.683587 2.29
    endloop
  endfacet
  facet normal -0.989274 -0.146071 0
    outer loop
      vertex -11.7885 -0.517803 2.29
      vertex -11.7971 -0.459559 3.44
      vertex -11.7971 -0.459559 2.29
    endloop
  endfacet
  facet normal -0.989274 -0.146071 0
    outer loop
      vertex -11.7971 -0.459559 3.44
      vertex -11.7885 -0.517803 2.29
      vertex -11.7885 -0.517803 3.44
    endloop
  endfacet
  facet normal 0.146746 -0.989174 0
    outer loop
      vertex -8.74119 -0.99786 2.29
      vertex -8.68295 -0.98922 3.44
      vertex -8.74119 -0.99786 3.44
    endloop
  endfacet
  facet normal 0.146746 -0.989174 0
    outer loop
      vertex -8.68295 -0.98922 3.44
      vertex -8.74119 -0.99786 2.29
      vertex -8.68295 -0.98922 2.29
    endloop
  endfacet
  facet normal 0.242951 -0.970039 0
    outer loop
      vertex -8.68295 -0.98922 2.29
      vertex -8.62583 -0.974914 3.44
      vertex -8.68295 -0.98922 3.44
    endloop
  endfacet
  facet normal 0.242951 -0.970039 0
    outer loop
      vertex -8.62583 -0.974914 3.44
      vertex -8.68295 -0.98922 2.29
      vertex -8.62583 -0.974914 2.29
    endloop
  endfacet
  facet normal -0.0490735 0.998795 0
    outer loop
      vertex -11.2 0.599249 2.29
      vertex -11.2588 0.59636 3.44
      vertex -11.2 0.599249 3.44
    endloop
  endfacet
  facet normal -0.0490735 0.998795 0
    outer loop
      vertex -11.2588 0.59636 3.44
      vertex -11.2 0.599249 2.29
      vertex -11.2588 0.59636 2.29
    endloop
  endfacet
  facet normal -0.243031 -0.970018 0
    outer loop
      vertex -11.3742 -0.974914 2.29
      vertex -11.3171 -0.98922 3.44
      vertex -11.3742 -0.974914 3.44
    endloop
  endfacet
  facet normal -0.243031 -0.970018 -0
    outer loop
      vertex -11.3171 -0.98922 3.44
      vertex -11.3742 -0.974914 2.29
      vertex -11.3171 -0.98922 2.29
    endloop
  endfacet
  facet normal -0.857511 0.514466 0
    outer loop
      vertex -11.7292 0.282087 2.29
      vertex -11.6989 0.332591 3.44
      vertex -11.6989 0.332591 2.29
    endloop
  endfacet
  facet normal -0.857511 0.514466 0
    outer loop
      vertex -11.6989 0.332591 3.44
      vertex -11.7292 0.282087 2.29
      vertex -11.7292 0.282087 3.44
    endloop
  endfacet
  facet normal -1 0 0
    outer loop
      vertex -11.8 -0.400749 2.29
      vertex -11.8 -0.000749588 3.44
      vertex -11.8 -0.000749588 2.29
    endloop
  endfacet
  facet normal -1 -0 0
    outer loop
      vertex -11.8 -0.000749588 3.44
      vertex -11.8 -0.400749 2.29
      vertex -11.8 -0.400749 3.44
    endloop
  endfacet
  facet normal 0.0490651 0.998796 -0
    outer loop
      vertex -8.74119 0.59636 2.29
      vertex -8.8 0.599249 3.44
      vertex -8.74119 0.59636 3.44
    endloop
  endfacet
  facet normal 0.0490651 0.998796 0
    outer loop
      vertex -8.8 0.599249 3.44
      vertex -8.74119 0.59636 2.29
      vertex -8.8 0.599249 2.29
    endloop
  endfacet
  facet normal 0 0 1
    outer loop
      vertex 10 1 2.29
      vertex 8.8 0.599249 2.29
      vertex 10 0.599249 2.29
    endloop
  endfacet
  facet normal 0 0 1
    outer loop
      vertex 10 1 2.29
      vertex 8.74119 0.59636 2.29
      vertex 8.8 0.599249 2.29
    endloop
  endfacet
  facet normal 0 0 1
    outer loop
      vertex 10 1 2.29
      vertex 8.68295 0.58772 2.29
      vertex 8.74119 0.59636 2.29
    endloop
  endfacet
  facet normal 0 0 1
    outer loop
      vertex 10 1 2.29
      vertex 8.62583 0.573414 2.29
      vertex 8.68295 0.58772 2.29
    endloop
  endfacet
  facet normal 0 0 1
    outer loop
      vertex 8.2 -0.000749588 2.29
      vertex 1.8 -0.000749588 2.29
      vertex 8.2 -0.400749 2.29
    endloop
  endfacet
  facet normal 0 0 1
    outer loop
      vertex 8.20289 0.0580597 2.29
      vertex 1.8 -0.000749588 2.29
      vertex 8.2 -0.000749588 2.29
    endloop
  endfacet
  facet normal 0 0 1
    outer loop
      vertex 1.79711 0.0580597 2.29
      vertex 8.20289 0.0580597 2.29
      vertex 8.21153 0.116303 2.29
    endloop
  endfacet
  facet normal 0 0 1
    outer loop
      vertex 1.78847 0.116303 2.29
      vertex 8.21153 0.116303 2.29
      vertex 8.22584 0.17342 2.29
    endloop
  endfacet
  facet normal 0 0 1
    outer loop
      vertex 1.77416 0.17342 2.29
      vertex 8.22584 0.17342 2.29
      vertex 8.24567 0.228859 2.29
    endloop
  endfacet
  facet normal 0 0 1
    outer loop
      vertex 1.75433 0.228859 2.29
      vertex 8.24567 0.228859 2.29
      vertex 8.27085 0.282087 2.29
    endloop
  endfacet
  facet normal 0 0 1
    outer loop
      vertex 1.72915 0.282087 2.29
      vertex 8.27085 0.282087 2.29
      vertex 8.30112 0.332591 2.29
    endloop
  endfacet
  facet normal 0 0 1
    outer loop
      vertex 1.69888 0.332591 2.29
      vertex 8.30112 0.332591 2.29
      vertex 8.33619 0.379885 2.29
    endloop
  endfacet
  facet normal 0 0 1
    outer loop
      vertex 1.66381 0.379885 2.29
      vertex 8.33619 0.379885 2.29
      vertex 8.37574 0.423513 2.29
    endloop
  endfacet
  facet normal 0 0 1
    outer loop
      vertex 1.62426 0.423513 2.29
      vertex 8.37574 0.423513 2.29
      vertex 8.41936 0.463056 2.29
    endloop
  endfacet
  facet normal 0 0 1
    outer loop
      vertex 1.58064 0.463056 2.29
      vertex 8.41936 0.463056 2.29
      vertex 8.46666 0.498131 2.29
    endloop
  endfacet
  facet normal 0 0 1
    outer loop
      vertex 1.53334 0.498131 2.29
      vertex 8.46666 0.498131 2.29
      vertex 8.51716 0.528402 2.29
    endloop
  endfacet
  facet normal 0 0 1
    outer loop
      vertex 1.48284 0.528402 2.29
      vertex 8.51716 0.528402 2.29
      vertex 8.57039 0.553576 2.29
    endloop
  endfacet
  facet normal 0 0 1
    outer loop
      vertex 1.42961 0.553576 2.29
      vertex 8.57039 0.553576 2.29
      vertex 8.62583 0.573414 2.29
    endloop
  endfacet
  facet normal 0 0 1
    outer loop
      vertex 1.37417 0.573414 2.29
      vertex 8.62583 0.573414 2.29
      vertex 10 1 2.29
    endloop
  endfacet
  facet normal 0 0 1
    outer loop
      vertex 8.20289 0.0580597 2.29
      vertex 1.79711 0.0580597 2.29
      vertex 1.8 -0.000749588 2.29
    endloop
  endfacet
  facet normal 0 0 1
    outer loop
      vertex 8.21153 0.116303 2.29
      vertex 1.78847 0.116303 2.29
      vertex 1.79711 0.0580597 2.29
    endloop
  endfacet
  facet normal 0 0 1
    outer loop
      vertex 8.22584 0.17342 2.29
      vertex 1.77416 0.17342 2.29
      vertex 1.78847 0.116303 2.29
    endloop
  endfacet
  facet normal 0 0 1
    outer loop
      vertex 8.24567 0.228859 2.29
      vertex 1.75433 0.228859 2.29
      vertex 1.77416 0.17342 2.29
    endloop
  endfacet
  facet normal 0 0 1
    outer loop
      vertex 8.27085 0.282087 2.29
      vertex 1.72915 0.282087 2.29
      vertex 1.75433 0.228859 2.29
    endloop
  endfacet
  facet normal 0 0 1
    outer loop
      vertex 8.30112 0.332591 2.29
      vertex 1.69888 0.332591 2.29
      vertex 1.72915 0.282087 2.29
    endloop
  endfacet
  facet normal 0 0 1
    outer loop
      vertex 8.33619 0.379885 2.29
      vertex 1.66381 0.379885 2.29
      vertex 1.69888 0.332591 2.29
    endloop
  endfacet
  facet normal 0 0 1
    outer loop
      vertex 8.37574 0.423513 2.29
      vertex 1.62426 0.423513 2.29
      vertex 1.66381 0.379885 2.29
    endloop
  endfacet
  facet normal 0 0 1
    outer loop
      vertex 8.41936 0.463056 2.29
      vertex 1.58064 0.463056 2.29
      vertex 1.62426 0.423513 2.29
    endloop
  endfacet
  facet normal 0 0 1
    outer loop
      vertex 8.46666 0.498131 2.29
      vertex 1.53334 0.498131 2.29
      vertex 1.58064 0.463056 2.29
    endloop
  endfacet
  facet normal 0 0 1
    outer loop
      vertex 8.51716 0.528402 2.29
      vertex 1.48284 0.528402 2.29
      vertex 1.53334 0.498131 2.29
    endloop
  endfacet
  facet normal 0 0 1
    outer loop
      vertex 8.57039 0.553576 2.29
      vertex 1.42961 0.553576 2.29
      vertex 1.48284 0.528402 2.29
    endloop
  endfacet
  facet normal 0 0 1
    outer loop
      vertex 8.62583 0.573414 2.29
      vertex 1.37417 0.573414 2.29
      vertex 1.42961 0.553576 2.29
    endloop
  endfacet
  facet normal 0 0 1
    outer loop
      vertex 10 1 2.29
      vertex 1.31705 0.58772 2.29
      vertex 1.37417 0.573414 2.29
    endloop
  endfacet
  facet normal 0 0 1
    outer loop
      vertex 10 1 2.29
      vertex 1.25881 0.59636 2.29
      vertex 1.31705 0.58772 2.29
    endloop
  endfacet
  facet normal 0 0 1
    outer loop
      vertex 10 1 2.29
      vertex 1.2 0.599249 2.29
      vertex 1.25881 0.59636 2.29
    endloop
  endfacet
  facet normal 0 0 1
    outer loop
      vertex 10 1 2.29
      vertex -1.2 0.599249 2.29
      vertex 1.2 0.599249 2.29
    endloop
  endfacet
  facet normal 0 0 1
    outer loop
      vertex -1.8 -0.000749588 2.29
      vertex -8.2 -0.000749588 2.29
      vertex -1.8 -0.400749 2.29
    endloop
  endfacet
  facet normal 0 0 1
    outer loop
      vertex -1.79711 0.0580597 2.29
      vertex -8.2 -0.000749588 2.29
      vertex -1.8 -0.000749588 2.29
    endloop
  endfacet
  facet normal 0 0 1
    outer loop
      vertex -8.20289 0.0580597 2.29
      vertex -1.79711 0.0580597 2.29
      vertex -1.78847 0.116303 2.29
    endloop
  endfacet
  facet normal 0 0 1
    outer loop
      vertex -8.21153 0.116303 2.29
      vertex -1.78847 0.116303 2.29
      vertex -1.77416 0.17342 2.29
    endloop
  endfacet
  facet normal 0 0 1
    outer loop
      vertex -8.22584 0.17342 2.29
      vertex -1.77416 0.17342 2.29
      vertex -1.75433 0.228859 2.29
    endloop
  endfacet
  facet normal 0 0 1
    outer loop
      vertex -8.24567 0.228859 2.29
      vertex -1.75433 0.228859 2.29
      vertex -1.72915 0.282087 2.29
    endloop
  endfacet
  facet normal 0 0 1
    outer loop
      vertex -8.27085 0.282087 2.29
      vertex -1.72915 0.282087 2.29
      vertex -1.69888 0.332591 2.29
    endloop
  endfacet
  facet normal 0 0 1
    outer loop
      vertex -8.30112 0.332591 2.29
      vertex -1.69888 0.332591 2.29
      vertex -1.66381 0.379885 2.29
    endloop
  endfacet
  facet normal 0 0 1
    outer loop
      vertex -8.33619 0.379885 2.29
      vertex -1.66381 0.379885 2.29
      vertex -1.62426 0.423513 2.29
    endloop
  endfacet
  facet normal 0 0 1
    outer loop
      vertex -8.37574 0.423513 2.29
      vertex -1.62426 0.423513 2.29
      vertex -1.58064 0.463056 2.29
    endloop
  endfacet
  facet normal 0 0 1
    outer loop
      vertex -8.41936 0.463056 2.29
      vertex -1.58064 0.463056 2.29
      vertex -1.53334 0.498131 2.29
    endloop
  endfacet
  facet normal 0 0 1
    outer loop
      vertex -8.46666 0.498131 2.29
      vertex -1.53334 0.498131 2.29
      vertex -1.48284 0.528402 2.29
    endloop
  endfacet
  facet normal 0 0 1
    outer loop
      vertex -8.51716 0.528402 2.29
      vertex -1.48284 0.528402 2.29
      vertex -1.42961 0.553576 2.29
    endloop
  endfacet
  facet normal 0 0 1
    outer loop
      vertex -8.57039 0.553576 2.29
      vertex -1.42961 0.553576 2.29
      vertex -1.37417 0.573414 2.29
    endloop
  endfacet
  facet normal 0 0 1
    outer loop
      vertex -8.62583 0.573414 2.29
      vertex -1.37417 0.573414 2.29
      vertex -1.31705 0.58772 2.29
    endloop
  endfacet
  facet normal 0 0 1
    outer loop
      vertex -10 1 2.29
      vertex -1.31705 0.58772 2.29
      vertex -1.25881 0.59636 2.29
    endloop
  endfacet
  facet normal 0 0 1
    outer loop
      vertex -1.79711 0.0580597 2.29
      vertex -8.20289 0.0580597 2.29
      vertex -8.2 -0.000749588 2.29
    endloop
  endfacet
  facet normal 0 0 1
    outer loop
      vertex -1.78847 0.116303 2.29
      vertex -8.21153 0.116303 2.29
      vertex -8.20289 0.0580597 2.29
    endloop
  endfacet
  facet normal 0 0 1
    outer loop
      vertex -1.77416 0.17342 2.29
      vertex -8.22584 0.17342 2.29
      vertex -8.21153 0.116303 2.29
    endloop
  endfacet
  facet normal 0 0 1
    outer loop
      vertex -1.75433 0.228859 2.29
      vertex -8.24567 0.228859 2.29
      vertex -8.22584 0.17342 2.29
    endloop
  endfacet
  facet normal 0 0 1
    outer loop
      vertex -1.72915 0.282087 2.29
      vertex -8.27085 0.282087 2.29
      vertex -8.24567 0.228859 2.29
    endloop
  endfacet
  facet normal 0 0 1
    outer loop
      vertex -10 1 2.29
      vertex -1.25881 0.59636 2.29
      vertex -1.2 0.599249 2.29
    endloop
  endfacet
  facet normal 0 0 1
    outer loop
      vertex -1.69888 0.332591 2.29
      vertex -8.30112 0.332591 2.29
      vertex -8.27085 0.282087 2.29
    endloop
  endfacet
  facet normal 0 0 1
    outer loop
      vertex -1.66381 0.379885 2.29
      vertex -8.33619 0.379885 2.29
      vertex -8.30112 0.332591 2.29
    endloop
  endfacet
  facet normal -0 0 1
    outer loop
      vertex -10 1 2.29
      vertex -1.2 0.599249 2.29
      vertex 10 1 2.29
    endloop
  endfacet
  facet normal 0 0 1
    outer loop
      vertex -1.62426 0.423513 2.29
      vertex -8.37574 0.423513 2.29
      vertex -8.33619 0.379885 2.29
    endloop
  endfacet
  facet normal 0 0 1
    outer loop
      vertex -1.58064 0.463056 2.29
      vertex -8.41936 0.463056 2.29
      vertex -8.37574 0.423513 2.29
    endloop
  endfacet
  facet normal 0 0 1
    outer loop
      vertex -1.53334 0.498131 2.29
      vertex -8.46666 0.498131 2.29
      vertex -8.41936 0.463056 2.29
    endloop
  endfacet
  facet normal 0 0 1
    outer loop
      vertex -1.48284 0.528402 2.29
      vertex -8.51716 0.528402 2.29
      vertex -8.46666 0.498131 2.29
    endloop
  endfacet
  facet normal 0 0 1
    outer loop
      vertex -1.42961 0.553576 2.29
      vertex -8.57039 0.553576 2.29
      vertex -8.51716 0.528402 2.29
    endloop
  endfacet
  facet normal 0 0 1
    outer loop
      vertex -1.37417 0.573414 2.29
      vertex -8.62583 0.573414 2.29
      vertex -8.57039 0.553576 2.29
    endloop
  endfacet
  facet normal 0 0 1
    outer loop
      vertex -1.31705 0.58772 2.29
      vertex -10 1 2.29
      vertex -8.62583 0.573414 2.29
    endloop
  endfacet
  facet normal 0 0 1
    outer loop
      vertex -8.62583 0.573414 2.29
      vertex -10 1 2.29
      vertex -8.68295 0.58772 2.29
    endloop
  endfacet
  facet normal 0 0 1
    outer loop
      vertex -8.68295 0.58772 2.29
      vertex -10 1 2.29
      vertex -8.74119 0.59636 2.29
    endloop
  endfacet
  facet normal 0 0 1
    outer loop
      vertex -8.74119 0.59636 2.29
      vertex -10 1 2.29
      vertex -8.8 0.599249 2.29
    endloop
  endfacet
  facet normal 0 0 1
    outer loop
      vertex -8.8 0.599249 2.29
      vertex -10 1 2.29
      vertex -10 0.599249 2.29
    endloop
  endfacet
  facet normal 0 0 1
    outer loop
      vertex 1.8 -0.400749 2.29
      vertex 8.2 -0.400749 2.29
      vertex 1.8 -0.000749588 2.29
    endloop
  endfacet
  facet normal 0 0 1
    outer loop
      vertex 8.2 -0.400749 2.29
      vertex 1.8 -0.400749 2.29
      vertex 8.20289 -0.459559 2.29
    endloop
  endfacet
  facet normal 0 0 1
    outer loop
      vertex 1.79711 -0.459559 2.29
      vertex 8.20289 -0.459559 2.29
      vertex 1.8 -0.400749 2.29
    endloop
  endfacet
  facet normal 0 0 1
    outer loop
      vertex 8.20289 -0.459559 2.29
      vertex 1.79711 -0.459559 2.29
      vertex 8.21153 -0.517803 2.29
    endloop
  endfacet
  facet normal 0 0 1
    outer loop
      vertex 1.78847 -0.517803 2.29
      vertex 8.21153 -0.517803 2.29
      vertex 1.79711 -0.459559 2.29
    endloop
  endfacet
  facet normal 0 0 1
    outer loop
      vertex 8.21153 -0.517803 2.29
      vertex 1.78847 -0.517803 2.29
      vertex 8.22584 -0.57492 2.29
    endloop
  endfacet
  facet normal 0 0 1
    outer loop
      vertex 1.77416 -0.57492 2.29
      vertex 8.22584 -0.57492 2.29
      vertex 1.78847 -0.517803 2.29
    endloop
  endfacet
  facet normal 0 0 1
    outer loop
      vertex 8.22584 -0.57492 2.29
      vertex 1.77416 -0.57492 2.29
      vertex 8.24567 -0.630359 2.29
    endloop
  endfacet
  facet normal 0 0 1
    outer loop
      vertex 1.75433 -0.630359 2.29
      vertex 8.24567 -0.630359 2.29
      vertex 1.77416 -0.57492 2.29
    endloop
  endfacet
  facet normal 0 0 1
    outer loop
      vertex 8.24567 -0.630359 2.29
      vertex 1.75433 -0.630359 2.29
      vertex 8.27085 -0.683587 2.29
    endloop
  endfacet
  facet normal 0 0 1
    outer loop
      vertex 1.72915 -0.683587 2.29
      vertex 8.27085 -0.683587 2.29
      vertex 1.75433 -0.630359 2.29
    endloop
  endfacet
  facet normal 0 0 1
    outer loop
      vertex 8.27085 -0.683587 2.29
      vertex 1.72915 -0.683587 2.29
      vertex 8.30112 -0.734091 2.29
    endloop
  endfacet
  facet normal 0 0 1
    outer loop
      vertex 1.69888 -0.734091 2.29
      vertex 8.30112 -0.734091 2.29
      vertex 1.72915 -0.683587 2.29
    endloop
  endfacet
  facet normal 0 0 1
    outer loop
      vertex 8.30112 -0.734091 2.29
      vertex 1.69888 -0.734091 2.29
      vertex 8.33619 -0.781384 2.29
    endloop
  endfacet
  facet normal 0 0 1
    outer loop
      vertex 1.66381 -0.781384 2.29
      vertex 8.33619 -0.781384 2.29
      vertex 1.69888 -0.734091 2.29
    endloop
  endfacet
  facet normal 0 0 1
    outer loop
      vertex 8.33619 -0.781384 2.29
      vertex 1.66381 -0.781384 2.29
      vertex 8.37574 -0.825013 2.29
    endloop
  endfacet
  facet normal 0 0 1
    outer loop
      vertex 1.62426 -0.825013 2.29
      vertex 8.37574 -0.825013 2.29
      vertex 1.66381 -0.781384 2.29
    endloop
  endfacet
  facet normal 0 0 1
    outer loop
      vertex 8.37574 -0.825013 2.29
      vertex 1.62426 -0.825013 2.29
      vertex 8.41936 -0.864555 2.29
    endloop
  endfacet
  facet normal 0 0 1
    outer loop
      vertex 1.58064 -0.864555 2.29
      vertex 8.41936 -0.864555 2.29
      vertex 1.62426 -0.825013 2.29
    endloop
  endfacet
  facet normal 0 0 1
    outer loop
      vertex 8.41936 -0.864555 2.29
      vertex 1.58064 -0.864555 2.29
      vertex 8.46666 -0.899631 2.29
    endloop
  endfacet
  facet normal 0 0 1
    outer loop
      vertex 1.53334 -0.899631 2.29
      vertex 8.46666 -0.899631 2.29
      vertex 1.58064 -0.864555 2.29
    endloop
  endfacet
  facet normal 0 0 1
    outer loop
      vertex 8.46666 -0.899631 2.29
      vertex 1.53334 -0.899631 2.29
      vertex 8.51716 -0.929902 2.29
    endloop
  endfacet
  facet normal 0 0 1
    outer loop
      vertex 1.48284 -0.929902 2.29
      vertex 8.51716 -0.929902 2.29
      vertex 1.53334 -0.899631 2.29
    endloop
  endfacet
  facet normal 0 0 1
    outer loop
      vertex 8.51716 -0.929902 2.29
      vertex 1.48284 -0.929902 2.29
      vertex 8.57039 -0.955076 2.29
    endloop
  endfacet
  facet normal 0 0 1
    outer loop
      vertex 1.42961 -0.955076 2.29
      vertex 8.57039 -0.955076 2.29
      vertex 1.48284 -0.929902 2.29
    endloop
  endfacet
  facet normal 0 0 1
    outer loop
      vertex 8.57039 -0.955076 2.29
      vertex 1.42961 -0.955076 2.29
      vertex 8.62583 -0.974914 2.29
    endloop
  endfacet
  facet normal 0 0 1
    outer loop
      vertex 1.37417 -0.974914 2.29
      vertex 8.62583 -0.974914 2.29
      vertex 1.42961 -0.955076 2.29
    endloop
  endfacet
  facet normal 0 0 1
    outer loop
      vertex 8.62583 -0.974914 2.29
      vertex 1.37417 -0.974914 2.29
      vertex 8.68295 -0.98922 2.29
    endloop
  endfacet
  facet normal 0 0 1
    outer loop
      vertex 1.31705 -0.98922 2.29
      vertex 8.68295 -0.98922 2.29
      vertex 1.37417 -0.974914 2.29
    endloop
  endfacet
  facet normal 0 0 1
    outer loop
      vertex 8.68295 -0.98922 2.29
      vertex 1.31705 -0.98922 2.29
      vertex 8.74119 -0.99786 2.29
    endloop
  endfacet
  facet normal 0 0 1
    outer loop
      vertex 1.25881 -0.99786 2.29
      vertex 8.74119 -0.99786 2.29
      vertex 1.31705 -0.98922 2.29
    endloop
  endfacet
  facet normal 0 0 1
    outer loop
      vertex 8.74119 -0.99786 2.29
      vertex 1.25881 -0.99786 2.29
      vertex 8.78476 -1 2.29
    endloop
  endfacet
  facet normal 0 0 1
    outer loop
      vertex 8.78476 -1 2.29
      vertex 1.25881 -0.99786 2.29
      vertex 1.21524 -1 2.29
    endloop
  endfacet
  facet normal 0 0 1
    outer loop
      vertex -8.2 -0.400749 2.29
      vertex -1.8 -0.400749 2.29
      vertex -8.2 -0.000749588 2.29
    endloop
  endfacet
  facet normal 0 0 1
    outer loop
      vertex -1.8 -0.400749 2.29
      vertex -8.2 -0.400749 2.29
      vertex -1.79711 -0.459559 2.29
    endloop
  endfacet
  facet normal 0 0 1
    outer loop
      vertex -8.20289 -0.459559 2.29
      vertex -1.79711 -0.459559 2.29
      vertex -8.2 -0.400749 2.29
    endloop
  endfacet
  facet normal 0 0 1
    outer loop
      vertex -1.79711 -0.459559 2.29
      vertex -8.20289 -0.459559 2.29
      vertex -1.78847 -0.517803 2.29
    endloop
  endfacet
  facet normal 0 0 1
    outer loop
      vertex -8.21153 -0.517803 2.29
      vertex -1.78847 -0.517803 2.29
      vertex -8.20289 -0.459559 2.29
    endloop
  endfacet
  facet normal 0 0 1
    outer loop
      vertex -1.78847 -0.517803 2.29
      vertex -8.21153 -0.517803 2.29
      vertex -1.77416 -0.57492 2.29
    endloop
  endfacet
  facet normal 0 0 1
    outer loop
      vertex -8.22584 -0.57492 2.29
      vertex -1.77416 -0.57492 2.29
      vertex -8.21153 -0.517803 2.29
    endloop
  endfacet
  facet normal 0 0 1
    outer loop
      vertex -1.77416 -0.57492 2.29
      vertex -8.22584 -0.57492 2.29
      vertex -1.75433 -0.630359 2.29
    endloop
  endfacet
  facet normal 0 0 1
    outer loop
      vertex -8.24567 -0.630359 2.29
      vertex -1.75433 -0.630359 2.29
      vertex -8.22584 -0.57492 2.29
    endloop
  endfacet
  facet normal 0 0 1
    outer loop
      vertex -1.75433 -0.630359 2.29
      vertex -8.24567 -0.630359 2.29
      vertex -1.72915 -0.683587 2.29
    endloop
  endfacet
  facet normal 0 0 1
    outer loop
      vertex -8.27085 -0.683587 2.29
      vertex -1.72915 -0.683587 2.29
      vertex -8.24567 -0.630359 2.29
    endloop
  endfacet
  facet normal 0 0 1
    outer loop
      vertex -1.72915 -0.683587 2.29
      vertex -8.27085 -0.683587 2.29
      vertex -1.69888 -0.734091 2.29
    endloop
  endfacet
  facet normal 0 0 1
    outer loop
      vertex -8.30112 -0.734091 2.29
      vertex -1.69888 -0.734091 2.29
      vertex -8.27085 -0.683587 2.29
    endloop
  endfacet
  facet normal 0 0 1
    outer loop
      vertex -1.69888 -0.734091 2.29
      vertex -8.30112 -0.734091 2.29
      vertex -1.66381 -0.781384 2.29
    endloop
  endfacet
  facet normal 0 0 1
    outer loop
      vertex -8.33619 -0.781384 2.29
      vertex -1.66381 -0.781384 2.29
      vertex -8.30112 -0.734091 2.29
    endloop
  endfacet
  facet normal 0 0 1
    outer loop
      vertex -1.66381 -0.781384 2.29
      vertex -8.33619 -0.781384 2.29
      vertex -1.62426 -0.825013 2.29
    endloop
  endfacet
  facet normal 0 0 1
    outer loop
      vertex -8.37574 -0.825013 2.29
      vertex -1.62426 -0.825013 2.29
      vertex -8.33619 -0.781384 2.29
    endloop
  endfacet
  facet normal 0 0 1
    outer loop
      vertex -1.62426 -0.825013 2.29
      vertex -8.37574 -0.825013 2.29
      vertex -1.58064 -0.864555 2.29
    endloop
  endfacet
  facet normal 0 0 1
    outer loop
      vertex -8.41936 -0.864555 2.29
      vertex -1.58064 -0.864555 2.29
      vertex -8.37574 -0.825013 2.29
    endloop
  endfacet
  facet normal 0 0 1
    outer loop
      vertex -1.58064 -0.864555 2.29
      vertex -8.41936 -0.864555 2.29
      vertex -1.53334 -0.899631 2.29
    endloop
  endfacet
  facet normal 0 0 1
    outer loop
      vertex -8.46666 -0.899631 2.29
      vertex -1.53334 -0.899631 2.29
      vertex -8.41936 -0.864555 2.29
    endloop
  endfacet
  facet normal 0 0 1
    outer loop
      vertex -1.53334 -0.899631 2.29
      vertex -8.46666 -0.899631 2.29
      vertex -1.48284 -0.929902 2.29
    endloop
  endfacet
  facet normal 0 0 1
    outer loop
      vertex -8.51716 -0.929902 2.29
      vertex -1.48284 -0.929902 2.29
      vertex -8.46666 -0.899631 2.29
    endloop
  endfacet
  facet normal 0 0 1
    outer loop
      vertex -1.48284 -0.929902 2.29
      vertex -8.51716 -0.929902 2.29
      vertex -1.42961 -0.955076 2.29
    endloop
  endfacet
  facet normal 0 0 1
    outer loop
      vertex -8.57039 -0.955076 2.29
      vertex -1.42961 -0.955076 2.29
      vertex -8.51716 -0.929902 2.29
    endloop
  endfacet
  facet normal 0 0 1
    outer loop
      vertex -1.42961 -0.955076 2.29
      vertex -8.57039 -0.955076 2.29
      vertex -1.37417 -0.974914 2.29
    endloop
  endfacet
  facet normal 0 0 1
    outer loop
      vertex -8.62583 -0.974914 2.29
      vertex -1.37417 -0.974914 2.29
      vertex -8.57039 -0.955076 2.29
    endloop
  endfacet
  facet normal 0 0 1
    outer loop
      vertex -1.37417 -0.974914 2.29
      vertex -8.62583 -0.974914 2.29
      vertex -1.31705 -0.98922 2.29
    endloop
  endfacet
  facet normal 0 0 1
    outer loop
      vertex -8.68295 -0.98922 2.29
      vertex -1.31705 -0.98922 2.29
      vertex -8.62583 -0.974914 2.29
    endloop
  endfacet
  facet normal 0 0 1
    outer loop
      vertex -1.31705 -0.98922 2.29
      vertex -8.68295 -0.98922 2.29
      vertex -1.25881 -0.99786 2.29
    endloop
  endfacet
  facet normal 0 0 1
    outer loop
      vertex -8.74119 -0.99786 2.29
      vertex -1.25881 -0.99786 2.29
      vertex -8.68295 -0.98922 2.29
    endloop
  endfacet
  facet normal 0 0 1
    outer loop
      vertex -1.25881 -0.99786 2.29
      vertex -8.74119 -0.99786 2.29
      vertex -1.21524 -1 2.29
    endloop
  endfacet
  facet normal 0 0 1
    outer loop
      vertex -1.21524 -1 2.29
      vertex -8.74119 -0.99786 2.29
      vertex -8.78476 -1 2.29
    endloop
  endfacet
  facet normal 0 0 -1
    outer loop
      vertex -8.8 -1.00075 2.29
      vertex -10 -1 2.29
      vertex -8.78476 -1 2.29
    endloop
  endfacet
  facet normal 0 0 -1
    outer loop
      vertex -11.2 -1.00075 2.29
      vertex -10 -1 2.29
      vertex -8.8 -1.00075 2.29
    endloop
  endfacet
  facet normal 0 0 -1
    outer loop
      vertex -11.2 -1.00075 2.29
      vertex -10 0.599249 2.29
      vertex -10 -1 2.29
    endloop
  endfacet
  facet normal 0 0 -1
    outer loop
      vertex -11.2 -1.00075 2.29
      vertex -11.2 0.599249 2.29
      vertex -10 0.599249 2.29
    endloop
  endfacet
  facet normal 0 0 -1
    outer loop
      vertex -11.8 -0.400749 2.29
      vertex -11.2 -1.00075 2.29
      vertex -11.2588 -0.99786 2.29
    endloop
  endfacet
  facet normal 0 0 -1
    outer loop
      vertex -11.2 -1.00075 2.29
      vertex -11.8 -0.400749 2.29
      vertex -11.2 0.599249 2.29
    endloop
  endfacet
  facet normal 0 0 -1
    outer loop
      vertex -11.8 -0.400749 2.29
      vertex -11.2588 -0.99786 2.29
      vertex -11.3171 -0.98922 2.29
    endloop
  endfacet
  facet normal 0 0 -1
    outer loop
      vertex -11.8 -0.000749588 2.29
      vertex -11.2 0.599249 2.29
      vertex -11.8 -0.400749 2.29
    endloop
  endfacet
  facet normal 0 0 -1
    outer loop
      vertex -11.8 -0.400749 2.29
      vertex -11.3171 -0.98922 2.29
      vertex -11.3742 -0.974914 2.29
    endloop
  endfacet
  facet normal 0 0 -1
    outer loop
      vertex -11.2 0.599249 2.29
      vertex -11.8 -0.000749588 2.29
      vertex -11.2588 0.59636 2.29
    endloop
  endfacet
  facet normal 0 0 -1
    outer loop
      vertex -11.8 -0.400749 2.29
      vertex -11.3742 -0.974914 2.29
      vertex -11.4296 -0.955076 2.29
    endloop
  endfacet
  facet normal 0 0 -1
    outer loop
      vertex -11.2588 0.59636 2.29
      vertex -11.8 -0.000749588 2.29
      vertex -11.3171 0.58772 2.29
    endloop
  endfacet
  facet normal 0 0 -1
    outer loop
      vertex -11.8 -0.400749 2.29
      vertex -11.4296 -0.955076 2.29
      vertex -11.4828 -0.929902 2.29
    endloop
  endfacet
  facet normal 0 0 -1
    outer loop
      vertex -11.3171 0.58772 2.29
      vertex -11.8 -0.000749588 2.29
      vertex -11.3742 0.573414 2.29
    endloop
  endfacet
  facet normal 0 0 -1
    outer loop
      vertex -11.8 -0.400749 2.29
      vertex -11.4828 -0.929902 2.29
      vertex -11.5333 -0.899631 2.29
    endloop
  endfacet
  facet normal 0 0 -1
    outer loop
      vertex -11.3742 0.573414 2.29
      vertex -11.8 -0.000749588 2.29
      vertex -11.4296 0.553576 2.29
    endloop
  endfacet
  facet normal 0 0 -1
    outer loop
      vertex -11.8 -0.400749 2.29
      vertex -11.5333 -0.899631 2.29
      vertex -11.5806 -0.864555 2.29
    endloop
  endfacet
  facet normal 0 0 -1
    outer loop
      vertex -11.4296 0.553576 2.29
      vertex -11.8 -0.000749588 2.29
      vertex -11.4828 0.528402 2.29
    endloop
  endfacet
  facet normal 0 0 -1
    outer loop
      vertex -11.8 -0.400749 2.29
      vertex -11.5806 -0.864555 2.29
      vertex -11.6243 -0.825013 2.29
    endloop
  endfacet
  facet normal 0 0 -1
    outer loop
      vertex -11.4828 0.528402 2.29
      vertex -11.8 -0.000749588 2.29
      vertex -11.5333 0.498131 2.29
    endloop
  endfacet
  facet normal 0 0 -1
    outer loop
      vertex -11.8 -0.400749 2.29
      vertex -11.6243 -0.825013 2.29
      vertex -11.6638 -0.781384 2.29
    endloop
  endfacet
  facet normal 0 0 -1
    outer loop
      vertex -11.5333 0.498131 2.29
      vertex -11.8 -0.000749588 2.29
      vertex -11.5806 0.463056 2.29
    endloop
  endfacet
  facet normal 0 0 -1
    outer loop
      vertex -11.8 -0.400749 2.29
      vertex -11.6638 -0.781384 2.29
      vertex -11.6989 -0.734091 2.29
    endloop
  endfacet
  facet normal 0 0 -1
    outer loop
      vertex -11.5806 0.463056 2.29
      vertex -11.8 -0.000749588 2.29
      vertex -11.6243 0.423513 2.29
    endloop
  endfacet
  facet normal 0 0 -1
    outer loop
      vertex -11.8 -0.400749 2.29
      vertex -11.6989 -0.734091 2.29
      vertex -11.7292 -0.683587 2.29
    endloop
  endfacet
  facet normal 0 0 -1
    outer loop
      vertex -11.6243 0.423513 2.29
      vertex -11.8 -0.000749588 2.29
      vertex -11.6638 0.379885 2.29
    endloop
  endfacet
  facet normal 0 0 -1
    outer loop
      vertex -11.8 -0.400749 2.29
      vertex -11.7292 -0.683587 2.29
      vertex -11.7543 -0.630359 2.29
    endloop
  endfacet
  facet normal 0 0 -1
    outer loop
      vertex -11.6638 0.379885 2.29
      vertex -11.8 -0.000749588 2.29
      vertex -11.6989 0.332591 2.29
    endloop
  endfacet
  facet normal 0 0 -1
    outer loop
      vertex -11.8 -0.400749 2.29
      vertex -11.7543 -0.630359 2.29
      vertex -11.7742 -0.57492 2.29
    endloop
  endfacet
  facet normal 0 0 -1
    outer loop
      vertex -11.6989 0.332591 2.29
      vertex -11.8 -0.000749588 2.29
      vertex -11.7292 0.282087 2.29
    endloop
  endfacet
  facet normal 0 0 -1
    outer loop
      vertex -11.8 -0.400749 2.29
      vertex -11.7742 -0.57492 2.29
      vertex -11.7885 -0.517803 2.29
    endloop
  endfacet
  facet normal 0 0 -1
    outer loop
      vertex -11.7292 0.282087 2.29
      vertex -11.8 -0.000749588 2.29
      vertex -11.7543 0.228859 2.29
    endloop
  endfacet
  facet normal 0 0 -1
    outer loop
      vertex -11.8 -0.400749 2.29
      vertex -11.7885 -0.517803 2.29
      vertex -11.7971 -0.459559 2.29
    endloop
  endfacet
  facet normal 0 0 -1
    outer loop
      vertex -11.7543 0.228859 2.29
      vertex -11.8 -0.000749588 2.29
      vertex -11.7742 0.17342 2.29
    endloop
  endfacet
  facet normal 0 0 -1
    outer loop
      vertex -11.7742 0.17342 2.29
      vertex -11.8 -0.000749588 2.29
      vertex -11.7885 0.116303 2.29
    endloop
  endfacet
  facet normal 0 0 -1
    outer loop
      vertex -11.7885 0.116303 2.29
      vertex -11.8 -0.000749588 2.29
      vertex -11.7971 0.0580597 2.29
    endloop
  endfacet
  facet normal 0 0 -1
    outer loop
      vertex 11.2 -1.00075 2.29
      vertex 11.8 -0.400749 2.29
      vertex 11.7971 -0.459559 2.29
    endloop
  endfacet
  facet normal -0 0 -1
    outer loop
      vertex 11.8 -0.400749 2.29
      vertex 11.2 -1.00075 2.29
      vertex 11.8 -0.000749588 2.29
    endloop
  endfacet
  facet normal 0 0 -1
    outer loop
      vertex 11.2 -1.00075 2.29
      vertex 11.7971 -0.459559 2.29
      vertex 11.7885 -0.517803 2.29
    endloop
  endfacet
  facet normal 0 0 -1
    outer loop
      vertex 11.2 0.599249 2.29
      vertex 11.8 -0.000749588 2.29
      vertex 11.2 -1.00075 2.29
    endloop
  endfacet
  facet normal 0 0 -1
    outer loop
      vertex 11.2 -1.00075 2.29
      vertex 11.7885 -0.517803 2.29
      vertex 11.7742 -0.57492 2.29
    endloop
  endfacet
  facet normal 0 0 -1
    outer loop
      vertex 11.8 -0.000749588 2.29
      vertex 11.2 0.599249 2.29
      vertex 11.7971 0.0580597 2.29
    endloop
  endfacet
  facet normal 0 0 -1
    outer loop
      vertex 11.2 -1.00075 2.29
      vertex 11.7742 -0.57492 2.29
      vertex 11.7543 -0.630359 2.29
    endloop
  endfacet
  facet normal 0 0 -1
    outer loop
      vertex 11.7971 0.0580597 2.29
      vertex 11.2 0.599249 2.29
      vertex 11.7885 0.116303 2.29
    endloop
  endfacet
  facet normal 0 0 -1
    outer loop
      vertex 11.2 -1.00075 2.29
      vertex 11.7543 -0.630359 2.29
      vertex 11.7292 -0.683587 2.29
    endloop
  endfacet
  facet normal 0 0 -1
    outer loop
      vertex 11.7885 0.116303 2.29
      vertex 11.2 0.599249 2.29
      vertex 11.7742 0.17342 2.29
    endloop
  endfacet
  facet normal 0 0 -1
    outer loop
      vertex 11.2 -1.00075 2.29
      vertex 11.7292 -0.683587 2.29
      vertex 11.6989 -0.734091 2.29
    endloop
  endfacet
  facet normal 0 0 -1
    outer loop
      vertex 11.7742 0.17342 2.29
      vertex 11.2 0.599249 2.29
      vertex 11.7543 0.228859 2.29
    endloop
  endfacet
  facet normal 0 0 -1
    outer loop
      vertex 11.2 -1.00075 2.29
      vertex 11.6989 -0.734091 2.29
      vertex 11.6638 -0.781384 2.29
    endloop
  endfacet
  facet normal 0 0 -1
    outer loop
      vertex 11.7543 0.228859 2.29
      vertex 11.2 0.599249 2.29
      vertex 11.7292 0.282087 2.29
    endloop
  endfacet
  facet normal 0 0 -1
    outer loop
      vertex 11.2 -1.00075 2.29
      vertex 11.6638 -0.781384 2.29
      vertex 11.6243 -0.825013 2.29
    endloop
  endfacet
  facet normal 0 0 -1
    outer loop
      vertex 11.7292 0.282087 2.29
      vertex 11.2 0.599249 2.29
      vertex 11.6989 0.332591 2.29
    endloop
  endfacet
  facet normal 0 0 -1
    outer loop
      vertex 11.2 -1.00075 2.29
      vertex 11.6243 -0.825013 2.29
      vertex 11.5806 -0.864555 2.29
    endloop
  endfacet
  facet normal 0 0 -1
    outer loop
      vertex 11.6989 0.332591 2.29
      vertex 11.2 0.599249 2.29
      vertex 11.6638 0.379885 2.29
    endloop
  endfacet
  facet normal 0 0 -1
    outer loop
      vertex 11.2 -1.00075 2.29
      vertex 11.5806 -0.864555 2.29
      vertex 11.5333 -0.899631 2.29
    endloop
  endfacet
  facet normal 0 0 -1
    outer loop
      vertex 11.6638 0.379885 2.29
      vertex 11.2 0.599249 2.29
      vertex 11.6243 0.423513 2.29
    endloop
  endfacet
  facet normal 0 0 -1
    outer loop
      vertex 11.2 -1.00075 2.29
      vertex 11.5333 -0.899631 2.29
      vertex 11.4828 -0.929902 2.29
    endloop
  endfacet
  facet normal 0 0 -1
    outer loop
      vertex 11.6243 0.423513 2.29
      vertex 11.2 0.599249 2.29
      vertex 11.5806 0.463056 2.29
    endloop
  endfacet
  facet normal 0 0 -1
    outer loop
      vertex 11.2 -1.00075 2.29
      vertex 11.4828 -0.929902 2.29
      vertex 11.4296 -0.955076 2.29
    endloop
  endfacet
  facet normal 0 0 -1
    outer loop
      vertex 11.5806 0.463056 2.29
      vertex 11.2 0.599249 2.29
      vertex 11.5333 0.498131 2.29
    endloop
  endfacet
  facet normal 0 0 -1
    outer loop
      vertex 11.2 -1.00075 2.29
      vertex 11.4296 -0.955076 2.29
      vertex 11.3742 -0.974914 2.29
    endloop
  endfacet
  facet normal 0 0 -1
    outer loop
      vertex 11.5333 0.498131 2.29
      vertex 11.2 0.599249 2.29
      vertex 11.4828 0.528402 2.29
    endloop
  endfacet
  facet normal 0 0 -1
    outer loop
      vertex 11.2 -1.00075 2.29
      vertex 11.3742 -0.974914 2.29
      vertex 11.3171 -0.98922 2.29
    endloop
  endfacet
  facet normal 0 0 -1
    outer loop
      vertex 11.4828 0.528402 2.29
      vertex 11.2 0.599249 2.29
      vertex 11.4296 0.553576 2.29
    endloop
  endfacet
  facet normal 0 0 -1
    outer loop
      vertex 11.2 -1.00075 2.29
      vertex 11.3171 -0.98922 2.29
      vertex 11.2588 -0.99786 2.29
    endloop
  endfacet
  facet normal 0 0 -1
    outer loop
      vertex 11.4296 0.553576 2.29
      vertex 11.2 0.599249 2.29
      vertex 11.3742 0.573414 2.29
    endloop
  endfacet
  facet normal 0 0 -1
    outer loop
      vertex 11.3742 0.573414 2.29
      vertex 11.2 0.599249 2.29
      vertex 11.3171 0.58772 2.29
    endloop
  endfacet
  facet normal 0 0 -1
    outer loop
      vertex 11.3171 0.58772 2.29
      vertex 11.2 0.599249 2.29
      vertex 11.2588 0.59636 2.29
    endloop
  endfacet
  facet normal 0 0 -1
    outer loop
      vertex 11.2 -1.00075 2.29
      vertex 10 -1 2.29
      vertex 11.2 0.599249 2.29
    endloop
  endfacet
  facet normal 0 0 -1
    outer loop
      vertex 8.8 -1.00075 2.29
      vertex 10 -1 2.29
      vertex 11.2 -1.00075 2.29
    endloop
  endfacet
  facet normal -0 0 -1
    outer loop
      vertex 10 -1 2.29
      vertex 8.8 -1.00075 2.29
      vertex 8.78476 -1 2.29
    endloop
  endfacet
  facet normal -0 0 -1
    outer loop
      vertex 11.2 0.599249 2.29
      vertex 10 -1 2.29
      vertex 10 0.599249 2.29
    endloop
  endfacet
  facet normal 0 0 -1
    outer loop
      vertex -1.2 -1.00075 2.29
      vertex 1.21524 -1 2.29
      vertex 1.2 -1.00075 2.29
    endloop
  endfacet
  facet normal -0 0 -1
    outer loop
      vertex 1.21524 -1 2.29
      vertex -1.2 -1.00075 2.29
      vertex -1.21524 -1 2.29
    endloop
  endfacet
  facet normal 0.989176 -0.146736 0
    outer loop
      vertex -8.21153 -0.517803 3.44
      vertex -8.20289 -0.459559 2.29
      vertex -8.20289 -0.459559 3.44
    endloop
  endfacet
  facet normal 0.989176 -0.146736 0
    outer loop
      vertex -8.20289 -0.459559 2.29
      vertex -8.21153 -0.517803 3.44
      vertex -8.21153 -0.517803 2.29
    endloop
  endfacet
  facet normal -0.941201 0.337847 0
    outer loop
      vertex -11.7742 0.17342 2.29
      vertex -11.7543 0.228859 3.44
      vertex -11.7543 0.228859 2.29
    endloop
  endfacet
  facet normal -0.941201 0.337847 0
    outer loop
      vertex -11.7543 0.228859 3.44
      vertex -11.7742 0.17342 2.29
      vertex -11.7742 0.17342 3.44
    endloop
  endfacet
  facet normal 0.427529 0.904002 -0
    outer loop
      vertex -8.51716 0.528402 2.29
      vertex -8.57039 0.553576 3.44
      vertex -8.51716 0.528402 3.44
    endloop
  endfacet
  facet normal 0.427529 0.904002 0
    outer loop
      vertex -8.57039 0.553576 3.44
      vertex -8.51716 0.528402 2.29
      vertex -8.57039 0.553576 2.29
    endloop
  endfacet
  facet normal -0.998786 0.0492521 0
    outer loop
      vertex -11.8 -0.000749588 2.29
      vertex -11.7971 0.0580597 3.44
      vertex -11.7971 0.0580597 2.29
    endloop
  endfacet
  facet normal -0.998786 0.0492521 0
    outer loop
      vertex -11.7971 0.0580597 3.44
      vertex -11.8 -0.000749588 2.29
      vertex -11.8 -0.000749588 3.44
    endloop
  endfacet
  facet normal -0.427726 0.903909 0
    outer loop
      vertex -11.4296 0.553576 2.29
      vertex -11.4828 0.528402 3.44
      vertex -11.4296 0.553576 3.44
    endloop
  endfacet
  facet normal -0.427726 0.903909 0
    outer loop
      vertex -11.4828 0.528402 3.44
      vertex -11.4296 0.553576 2.29
      vertex -11.4828 0.528402 2.29
    endloop
  endfacet
  facet normal -0.0490904 -0.998794 0
    outer loop
      vertex -11.2588 -0.99786 2.29
      vertex -11.2 -1.00075 3.44
      vertex -11.2588 -0.99786 3.44
    endloop
  endfacet
  facet normal -0.0490904 -0.998794 -0
    outer loop
      vertex -11.2 -1.00075 3.44
      vertex -11.2588 -0.99786 2.29
      vertex -11.2 -1.00075 2.29
    endloop
  endfacet
  facet normal -0.595655 -0.803241 0
    outer loop
      vertex -11.5806 -0.864555 2.29
      vertex -11.5333 -0.899631 3.44
      vertex -11.5806 -0.864555 3.44
    endloop
  endfacet
  facet normal -0.595655 -0.803241 -0
    outer loop
      vertex -11.5333 -0.899631 3.44
      vertex -11.5806 -0.864555 2.29
      vertex -11.5333 -0.899631 2.29
    endloop
  endfacet
  facet normal 0.671625 -0.740891 0
    outer loop
      vertex -8.41936 -0.864555 2.29
      vertex -8.37574 -0.825013 3.44
      vertex -8.41936 -0.864555 3.44
    endloop
  endfacet
  facet normal 0.671625 -0.740891 0
    outer loop
      vertex -8.37574 -0.825013 3.44
      vertex -8.41936 -0.864555 2.29
      vertex -8.37574 -0.825013 2.29
    endloop
  endfacet
  facet normal -0.146598 -0.989196 0
    outer loop
      vertex -11.3171 -0.98922 2.29
      vertex -11.2588 -0.99786 3.44
      vertex -11.3171 -0.98922 3.44
    endloop
  endfacet
  facet normal -0.146598 -0.989196 -0
    outer loop
      vertex -11.2588 -0.99786 3.44
      vertex -11.3171 -0.98922 2.29
      vertex -11.2588 -0.99786 2.29
    endloop
  endfacet
  facet normal 0.803247 -0.595646 0
    outer loop
      vertex -8.33619 -0.781384 3.44
      vertex -8.30112 -0.734091 2.29
      vertex -8.30112 -0.734091 3.44
    endloop
  endfacet
  facet normal 0.803247 -0.595646 0
    outer loop
      vertex -8.30112 -0.734091 2.29
      vertex -8.33619 -0.781384 3.44
      vertex -8.33619 -0.781384 2.29
    endloop
  endfacet
  facet normal 0.336909 0.941537 -0
    outer loop
      vertex -8.57039 0.553576 2.29
      vertex -8.62583 0.573414 3.44
      vertex -8.57039 0.553576 3.44
    endloop
  endfacet
  facet normal 0.336909 0.941537 0
    outer loop
      vertex -8.62583 0.573414 3.44
      vertex -8.57039 0.553576 2.29
      vertex -8.62583 0.573414 2.29
    endloop
  endfacet
  facet normal 0.595644 0.803249 -0
    outer loop
      vertex -8.41936 0.463056 2.29
      vertex -8.46666 0.498131 3.44
      vertex -8.41936 0.463056 3.44
    endloop
  endfacet
  facet normal 0.595644 0.803249 0
    outer loop
      vertex -8.46666 0.498131 3.44
      vertex -8.41936 0.463056 2.29
      vertex -8.46666 0.498131 2.29
    endloop
  endfacet
  facet normal 1 -0 0
    outer loop
      vertex -8.2 -0.400749 3.44
      vertex -8.2 -0.000749588 2.29
      vertex -8.2 -0.000749588 3.44
    endloop
  endfacet
  facet normal 1 0 0
    outer loop
      vertex -8.2 -0.000749588 2.29
      vertex -8.2 -0.400749 3.44
      vertex -8.2 -0.400749 2.29
    endloop
  endfacet
  facet normal -0.803009 0.595966 0
    outer loop
      vertex -11.6989 0.332591 2.29
      vertex -11.6638 0.379885 3.44
      vertex -11.6638 0.379885 2.29
    endloop
  endfacet
  facet normal -0.803009 0.595966 0
    outer loop
      vertex -11.6638 0.379885 3.44
      vertex -11.6989 0.332591 2.29
      vertex -11.6989 0.332591 3.44
    endloop
  endfacet
  facet normal 0.941578 0.336794 0
    outer loop
      vertex -8.22584 0.17342 3.44
      vertex -8.24567 0.228859 2.29
      vertex -8.24567 0.228859 3.44
    endloop
  endfacet
  facet normal 0.941578 0.336794 0
    outer loop
      vertex -8.24567 0.228859 2.29
      vertex -8.22584 0.17342 3.44
      vertex -8.22584 0.17342 2.29
    endloop
  endfacet
  facet normal -0.97006 -0.242867 0
    outer loop
      vertex -11.7742 -0.57492 2.29
      vertex -11.7885 -0.517803 3.44
      vertex -11.7885 -0.517803 2.29
    endloop
  endfacet
  facet normal -0.97006 -0.242867 0
    outer loop
      vertex -11.7885 -0.517803 3.44
      vertex -11.7742 -0.57492 2.29
      vertex -11.7742 -0.57492 3.44
    endloop
  endfacet
  facet normal -0.998786 -0.0492515 0
    outer loop
      vertex -11.7971 -0.459559 2.29
      vertex -11.8 -0.400749 3.44
      vertex -11.8 -0.400749 2.29
    endloop
  endfacet
  facet normal -0.998786 -0.0492515 0
    outer loop
      vertex -11.8 -0.400749 3.44
      vertex -11.7971 -0.459559 2.29
      vertex -11.7971 -0.459559 3.44
    endloop
  endfacet
  facet normal 0.242951 0.970039 -0
    outer loop
      vertex -8.62583 0.573414 2.29
      vertex -8.68295 0.58772 3.44
      vertex -8.62583 0.573414 3.44
    endloop
  endfacet
  facet normal 0.242951 0.970039 0
    outer loop
      vertex -8.68295 0.58772 3.44
      vertex -8.62583 0.573414 2.29
      vertex -8.68295 0.58772 2.29
    endloop
  endfacet
  facet normal 0.857736 -0.514091 0
    outer loop
      vertex -8.30112 -0.734091 3.44
      vertex -8.27085 -0.683587 2.29
      vertex -8.27085 -0.683587 3.44
    endloop
  endfacet
  facet normal 0.857736 -0.514091 0
    outer loop
      vertex -8.27085 -0.683587 2.29
      vertex -8.30112 -0.734091 3.44
      vertex -8.30112 -0.734091 2.29
    endloop
  endfacet
  facet normal 0.146746 0.989174 -0
    outer loop
      vertex -8.68295 0.58772 2.29
      vertex -8.74119 0.59636 3.44
      vertex -8.68295 0.58772 3.44
    endloop
  endfacet
  facet normal 0.146746 0.989174 0
    outer loop
      vertex -8.74119 0.59636 3.44
      vertex -8.68295 0.58772 2.29
      vertex -8.74119 0.59636 2.29
    endloop
  endfacet
  facet normal 0.514134 0.85771 -0
    outer loop
      vertex -8.46666 0.498131 2.29
      vertex -8.51716 0.528402 3.44
      vertex -8.46666 0.498131 3.44
    endloop
  endfacet
  facet normal 0.514134 0.85771 0
    outer loop
      vertex -8.51716 0.528402 3.44
      vertex -8.46666 0.498131 2.29
      vertex -8.51716 0.528402 2.29
    endloop
  endfacet
  facet normal -0.97006 0.242867 0
    outer loop
      vertex -11.7885 0.116303 2.29
      vertex -11.7742 0.17342 3.44
      vertex -11.7742 0.17342 2.29
    endloop
  endfacet
  facet normal -0.97006 0.242867 0
    outer loop
      vertex -11.7742 0.17342 3.44
      vertex -11.7885 0.116303 2.29
      vertex -11.7885 0.116303 3.44
    endloop
  endfacet
  facet normal 0.970019 -0.243027 0
    outer loop
      vertex -8.22584 -0.57492 3.44
      vertex -8.21153 -0.517803 2.29
      vertex -8.21153 -0.517803 3.44
    endloop
  endfacet
  facet normal 0.970019 -0.243027 0
    outer loop
      vertex -8.21153 -0.517803 2.29
      vertex -8.22584 -0.57492 3.44
      vertex -8.22584 -0.57492 2.29
    endloop
  endfacet
  facet normal 0.998795 0.0490827 0
    outer loop
      vertex -8.2 -0.000749588 3.44
      vertex -8.20289 0.0580597 2.29
      vertex -8.20289 0.0580597 3.44
    endloop
  endfacet
  facet normal 0.998795 0.0490827 0
    outer loop
      vertex -8.20289 0.0580597 2.29
      vertex -8.2 -0.000749588 3.44
      vertex -8.2 -0.000749588 2.29
    endloop
  endfacet
  facet normal 0.514134 -0.85771 0
    outer loop
      vertex -8.51716 -0.929902 2.29
      vertex -8.46666 -0.899631 3.44
      vertex -8.51716 -0.929902 3.44
    endloop
  endfacet
  facet normal 0.514134 -0.85771 0
    outer loop
      vertex -8.46666 -0.899631 3.44
      vertex -8.51716 -0.929902 2.29
      vertex -8.46666 -0.899631 2.29
    endloop
  endfacet
  facet normal -0.514134 0.85771 0
    outer loop
      vertex -11.4828 0.528402 2.29
      vertex -11.5333 0.498131 3.44
      vertex -11.4828 0.528402 3.44
    endloop
  endfacet
  facet normal -0.514134 0.85771 0
    outer loop
      vertex -11.5333 0.498131 3.44
      vertex -11.4828 0.528402 2.29
      vertex -11.5333 0.498131 2.29
    endloop
  endfacet
  facet normal -0.803003 -0.595974 0
    outer loop
      vertex -11.6638 -0.781384 2.29
      vertex -11.6989 -0.734091 3.44
      vertex -11.6989 -0.734091 2.29
    endloop
  endfacet
  facet normal -0.803003 -0.595974 0
    outer loop
      vertex -11.6989 -0.734091 3.44
      vertex -11.6638 -0.781384 2.29
      vertex -11.6638 -0.781384 3.44
    endloop
  endfacet
  facet normal -0.941201 -0.337847 0
    outer loop
      vertex -11.7543 -0.630359 2.29
      vertex -11.7742 -0.57492 3.44
      vertex -11.7742 -0.57492 2.29
    endloop
  endfacet
  facet normal -0.941201 -0.337847 0
    outer loop
      vertex -11.7742 -0.57492 3.44
      vertex -11.7543 -0.630359 2.29
      vertex -11.7543 -0.630359 3.44
    endloop
  endfacet
  facet normal -0.514134 -0.85771 0
    outer loop
      vertex -11.5333 -0.899631 2.29
      vertex -11.4828 -0.929902 3.44
      vertex -11.5333 -0.899631 3.44
    endloop
  endfacet
  facet normal -0.514134 -0.85771 -0
    outer loop
      vertex -11.4828 -0.929902 3.44
      vertex -11.5333 -0.899631 2.29
      vertex -11.4828 -0.929902 2.29
    endloop
  endfacet
  facet normal -0.857511 -0.514466 0
    outer loop
      vertex -11.6989 -0.734091 2.29
      vertex -11.7292 -0.683587 3.44
      vertex -11.7292 -0.683587 2.29
    endloop
  endfacet
  facet normal -0.857511 -0.514466 0
    outer loop
      vertex -11.7292 -0.683587 3.44
      vertex -11.6989 -0.734091 2.29
      vertex -11.6989 -0.734091 3.44
    endloop
  endfacet
  facet normal 0.970019 0.243027 0
    outer loop
      vertex -8.21153 0.116303 3.44
      vertex -8.22584 0.17342 2.29
      vertex -8.22584 0.17342 3.44
    endloop
  endfacet
  facet normal 0.970019 0.243027 0
    outer loop
      vertex -8.22584 0.17342 2.29
      vertex -8.21153 0.116303 3.44
      vertex -8.21153 0.116303 2.29
    endloop
  endfacet
  facet normal -0.904481 0.426514 0
    outer loop
      vertex -11.7543 0.228859 2.29
      vertex -11.7292 0.282087 3.44
      vertex -11.7292 0.282087 2.29
    endloop
  endfacet
  facet normal -0.904481 0.426514 0
    outer loop
      vertex -11.7292 0.282087 3.44
      vertex -11.7543 0.228859 2.29
      vertex -11.7543 0.228859 3.44
    endloop
  endfacet
  facet normal -0.336901 -0.94154 0
    outer loop
      vertex -2.10615 -1.9391 0
      vertex -2.03223 -1.96555 1.89
      vertex -2.10615 -1.9391 1.89
    endloop
  endfacet
  facet normal -0.336901 -0.94154 -0
    outer loop
      vertex -2.03223 -1.96555 1.89
      vertex -2.10615 -1.9391 0
      vertex -2.03223 -1.96555 0
    endloop
  endfacet
  facet normal 0.740959 -0.67155 0
    outer loop
      vertex 2.36568 -1.76569 1.89
      vertex 2.41841 -1.70751 0
      vertex 2.41841 -1.70751 1.89
    endloop
  endfacet
  facet normal 0.740959 -0.67155 0
    outer loop
      vertex 2.41841 -1.70751 0
      vertex 2.36568 -1.76569 1.89
      vertex 2.36568 -1.76569 0
    endloop
  endfacet
  facet normal 0.740959 0.67155 0
    outer loop
      vertex 2.41841 1.70751 1.89
      vertex 2.36568 1.76569 0
      vertex 2.36568 1.76569 1.89
    endloop
  endfacet
  facet normal 0.740959 0.67155 0
    outer loop
      vertex 2.36568 1.76569 0
      vertex 2.41841 1.70751 1.89
      vertex 2.41841 1.70751 0
    endloop
  endfacet
  facet normal -0.427489 -0.90402 0
    outer loop
      vertex -2.17712 -1.90554 0
      vertex -2.10615 -1.9391 1.89
      vertex -2.17712 -1.90554 1.89
    endloop
  endfacet
  facet normal -0.427489 -0.90402 -0
    outer loop
      vertex -2.10615 -1.9391 1.89
      vertex -2.17712 -1.90554 0
      vertex -2.10615 -1.9391 0
    endloop
  endfacet
  facet normal 0.90402 0.427489 0
    outer loop
      vertex 2.5391 1.50615 1.89
      vertex 2.50554 1.57712 0
      vertex 2.50554 1.57712 1.89
    endloop
  endfacet
  facet normal 0.90402 0.427489 0
    outer loop
      vertex 2.50554 1.57712 0
      vertex 2.5391 1.50615 1.89
      vertex 2.5391 1.50615 0
    endloop
  endfacet
  facet normal -0.740959 -0.67155 0
    outer loop
      vertex -2.36568 -1.76569 0
      vertex -2.41841 -1.70751 1.89
      vertex -2.41841 -1.70751 0
    endloop
  endfacet
  facet normal -0.740959 -0.67155 0
    outer loop
      vertex -2.41841 -1.70751 1.89
      vertex -2.36568 -1.76569 0
      vertex -2.36568 -1.76569 1.89
    endloop
  endfacet
  facet normal -1 0 0
    outer loop
      vertex -2.6 -1.2 0
      vertex -2.6 1.2 1.89
      vertex -2.6 1.2 0
    endloop
  endfacet
  facet normal -1 -0 0
    outer loop
      vertex -2.6 1.2 1.89
      vertex -2.6 -1.2 0
      vertex -2.6 -1.2 1.89
    endloop
  endfacet
  facet normal -0.989176 -0.146733 0
    outer loop
      vertex -2.58463 -1.35607 0
      vertex -2.59615 -1.27841 1.89
      vertex -2.59615 -1.27841 0
    endloop
  endfacet
  facet normal -0.989176 -0.146733 0
    outer loop
      vertex -2.59615 -1.27841 1.89
      vertex -2.58463 -1.35607 0
      vertex -2.58463 -1.35607 1.89
    endloop
  endfacet
  facet normal -0.998797 0.0490418 0
    outer loop
      vertex -2.6 1.2 0
      vertex -2.59615 1.27841 1.89
      vertex -2.59615 1.27841 0
    endloop
  endfacet
  facet normal -0.998797 0.0490418 0
    outer loop
      vertex -2.59615 1.27841 1.89
      vertex -2.6 1.2 0
      vertex -2.6 1.2 1.89
    endloop
  endfacet
  facet normal 0.803153 -0.595773 0
    outer loop
      vertex 2.41841 -1.70751 1.89
      vertex 2.46518 -1.64446 0
      vertex 2.46518 -1.64446 1.89
    endloop
  endfacet
  facet normal 0.803153 -0.595773 0
    outer loop
      vertex 2.46518 -1.64446 0
      vertex 2.41841 -1.70751 1.89
      vertex 2.41841 -1.70751 0
    endloop
  endfacet
  facet normal -0.85774 0.514084 0
    outer loop
      vertex -2.50554 1.57712 0
      vertex -2.46518 1.64446 1.89
      vertex -2.46518 1.64446 0
    endloop
  endfacet
  facet normal -0.85774 0.514084 0
    outer loop
      vertex -2.46518 1.64446 1.89
      vertex -2.50554 1.57712 0
      vertex -2.50554 1.57712 1.89
    endloop
  endfacet
  facet normal -0.94154 -0.336901 0
    outer loop
      vertex -2.5391 -1.50615 0
      vertex -2.56555 -1.43223 1.89
      vertex -2.56555 -1.43223 0
    endloop
  endfacet
  facet normal -0.94154 -0.336901 0
    outer loop
      vertex -2.56555 -1.43223 1.89
      vertex -2.5391 -1.50615 0
      vertex -2.5391 -1.50615 1.89
    endloop
  endfacet
  facet normal -0.803153 -0.595773 0
    outer loop
      vertex -2.41841 -1.70751 0
      vertex -2.46518 -1.64446 1.89
      vertex -2.46518 -1.64446 0
    endloop
  endfacet
  facet normal -0.803153 -0.595773 0
    outer loop
      vertex -2.46518 -1.64446 1.89
      vertex -2.41841 -1.70751 0
      vertex -2.41841 -1.70751 1.89
    endloop
  endfacet
  facet normal 0.427489 -0.90402 0
    outer loop
      vertex 2.10615 -1.9391 0
      vertex 2.17712 -1.90554 1.89
      vertex 2.10615 -1.9391 1.89
    endloop
  endfacet
  facet normal 0.427489 -0.90402 0
    outer loop
      vertex 2.17712 -1.90554 1.89
      vertex 2.10615 -1.9391 0
      vertex 2.17712 -1.90554 0
    endloop
  endfacet
  facet normal 0.85774 -0.514084 0
    outer loop
      vertex 2.46518 -1.64446 1.89
      vertex 2.50554 -1.57712 0
      vertex 2.50554 -1.57712 1.89
    endloop
  endfacet
  facet normal 0.85774 -0.514084 0
    outer loop
      vertex 2.50554 -1.57712 0
      vertex 2.46518 -1.64446 1.89
      vertex 2.46518 -1.64446 0
    endloop
  endfacet
  facet normal 0 -1 0
    outer loop
      vertex -1.8 -2 0
      vertex 1.8 -2 1.89
      vertex -1.8 -2 1.89
    endloop
  endfacet
  facet normal 0 -1 -0
    outer loop
      vertex 1.8 -2 1.89
      vertex -1.8 -2 0
      vertex 1.8 -2 0
    endloop
  endfacet
  facet normal -0.0490418 0.998797 0
    outer loop
      vertex -1.8 2 0
      vertex -1.87841 1.99615 1.89
      vertex -1.8 2 1.89
    endloop
  endfacet
  facet normal -0.0490418 0.998797 0
    outer loop
      vertex -1.87841 1.99615 1.89
      vertex -1.8 2 0
      vertex -1.87841 1.99615 0
    endloop
  endfacet
  facet normal -0.803153 0.595773 0
    outer loop
      vertex -2.46518 1.64446 0
      vertex -2.41841 1.70751 1.89
      vertex -2.41841 1.70751 0
    endloop
  endfacet
  facet normal -0.803153 0.595773 0
    outer loop
      vertex -2.41841 1.70751 1.89
      vertex -2.46518 1.64446 0
      vertex -2.46518 1.64446 1.89
    endloop
  endfacet
  facet normal 0.998797 -0.0490418 0
    outer loop
      vertex 2.59615 -1.27841 1.89
      vertex 2.6 -1.2 0
      vertex 2.6 -1.2 1.89
    endloop
  endfacet
  facet normal 0.998797 -0.0490418 0
    outer loop
      vertex 2.6 -1.2 0
      vertex 2.59615 -1.27841 1.89
      vertex 2.59615 -1.27841 0
    endloop
  endfacet
  facet normal -0.85774 -0.514084 0
    outer loop
      vertex -2.46518 -1.64446 0
      vertex -2.50554 -1.57712 1.89
      vertex -2.50554 -1.57712 0
    endloop
  endfacet
  facet normal -0.85774 -0.514084 0
    outer loop
      vertex -2.50554 -1.57712 1.89
      vertex -2.46518 -1.64446 0
      vertex -2.46518 -1.64446 1.89
    endloop
  endfacet
  facet normal -0.243015 0.970023 0
    outer loop
      vertex -1.95607 1.98463 0
      vertex -2.03223 1.96555 1.89
      vertex -1.95607 1.98463 1.89
    endloop
  endfacet
  facet normal -0.243015 0.970023 0
    outer loop
      vertex -2.03223 1.96555 1.89
      vertex -1.95607 1.98463 0
      vertex -2.03223 1.96555 0
    endloop
  endfacet
  facet normal 0.514084 -0.85774 0
    outer loop
      vertex 2.17712 -1.90554 0
      vertex 2.24446 -1.86518 1.89
      vertex 2.17712 -1.90554 1.89
    endloop
  endfacet
  facet normal 0.514084 -0.85774 0
    outer loop
      vertex 2.24446 -1.86518 1.89
      vertex 2.17712 -1.90554 0
      vertex 2.24446 -1.86518 0
    endloop
  endfacet
  facet normal 0.595773 0.803153 -0
    outer loop
      vertex 2.30751 1.81841 0
      vertex 2.24446 1.86518 1.89
      vertex 2.30751 1.81841 1.89
    endloop
  endfacet
  facet normal 0.595773 0.803153 0
    outer loop
      vertex 2.24446 1.86518 1.89
      vertex 2.30751 1.81841 0
      vertex 2.24446 1.86518 0
    endloop
  endfacet
  facet normal -0.427489 0.90402 0
    outer loop
      vertex -2.10615 1.9391 0
      vertex -2.17712 1.90554 1.89
      vertex -2.10615 1.9391 1.89
    endloop
  endfacet
  facet normal -0.427489 0.90402 0
    outer loop
      vertex -2.17712 1.90554 1.89
      vertex -2.10615 1.9391 0
      vertex -2.17712 1.90554 0
    endloop
  endfacet
  facet normal -0.595773 0.803153 0
    outer loop
      vertex -2.24446 1.86518 0
      vertex -2.30751 1.81841 1.89
      vertex -2.24446 1.86518 1.89
    endloop
  endfacet
  facet normal -0.595773 0.803153 0
    outer loop
      vertex -2.30751 1.81841 1.89
      vertex -2.24446 1.86518 0
      vertex -2.30751 1.81841 0
    endloop
  endfacet
  facet normal -0.740959 0.67155 0
    outer loop
      vertex -2.41841 1.70751 0
      vertex -2.36568 1.76569 1.89
      vertex -2.36568 1.76569 0
    endloop
  endfacet
  facet normal -0.740959 0.67155 0
    outer loop
      vertex -2.36568 1.76569 1.89
      vertex -2.41841 1.70751 0
      vertex -2.41841 1.70751 1.89
    endloop
  endfacet
  facet normal 0.85774 0.514084 0
    outer loop
      vertex 2.50554 1.57712 1.89
      vertex 2.46518 1.64446 0
      vertex 2.46518 1.64446 1.89
    endloop
  endfacet
  facet normal 0.85774 0.514084 0
    outer loop
      vertex 2.46518 1.64446 0
      vertex 2.50554 1.57712 1.89
      vertex 2.50554 1.57712 0
    endloop
  endfacet
  facet normal -0.595773 -0.803153 0
    outer loop
      vertex -2.30751 -1.81841 0
      vertex -2.24446 -1.86518 1.89
      vertex -2.30751 -1.81841 1.89
    endloop
  endfacet
  facet normal -0.595773 -0.803153 -0
    outer loop
      vertex -2.24446 -1.86518 1.89
      vertex -2.30751 -1.81841 0
      vertex -2.24446 -1.86518 0
    endloop
  endfacet
  facet normal 0.671543 -0.740965 0
    outer loop
      vertex 2.30751 -1.81841 0
      vertex 2.36568 -1.76569 1.89
      vertex 2.30751 -1.81841 1.89
    endloop
  endfacet
  facet normal 0.671543 -0.740965 0
    outer loop
      vertex 2.36568 -1.76569 1.89
      vertex 2.30751 -1.81841 0
      vertex 2.36568 -1.76569 0
    endloop
  endfacet
  facet normal -0.671543 -0.740965 0
    outer loop
      vertex -2.36568 -1.76569 0
      vertex -2.30751 -1.81841 1.89
      vertex -2.36568 -1.76569 1.89
    endloop
  endfacet
  facet normal -0.671543 -0.740965 -0
    outer loop
      vertex -2.30751 -1.81841 1.89
      vertex -2.36568 -1.76569 0
      vertex -2.30751 -1.81841 0
    endloop
  endfacet
  facet normal 0.803153 0.595773 0
    outer loop
      vertex 2.46518 1.64446 1.89
      vertex 2.41841 1.70751 0
      vertex 2.41841 1.70751 1.89
    endloop
  endfacet
  facet normal 0.803153 0.595773 0
    outer loop
      vertex 2.41841 1.70751 0
      vertex 2.46518 1.64446 1.89
      vertex 2.46518 1.64446 0
    endloop
  endfacet
  facet normal -0.90402 0.427489 0
    outer loop
      vertex -2.5391 1.50615 0
      vertex -2.50554 1.57712 1.89
      vertex -2.50554 1.57712 0
    endloop
  endfacet
  facet normal -0.90402 0.427489 0
    outer loop
      vertex -2.50554 1.57712 1.89
      vertex -2.5391 1.50615 0
      vertex -2.5391 1.50615 1.89
    endloop
  endfacet
  facet normal -0.970023 0.243015 0
    outer loop
      vertex -2.58463 1.35607 0
      vertex -2.56555 1.43223 1.89
      vertex -2.56555 1.43223 0
    endloop
  endfacet
  facet normal -0.970023 0.243015 0
    outer loop
      vertex -2.56555 1.43223 1.89
      vertex -2.58463 1.35607 0
      vertex -2.58463 1.35607 1.89
    endloop
  endfacet
  facet normal 0.336901 0.94154 -0
    outer loop
      vertex 2.10615 1.9391 0
      vertex 2.03223 1.96555 1.89
      vertex 2.10615 1.9391 1.89
    endloop
  endfacet
  facet normal 0.336901 0.94154 0
    outer loop
      vertex 2.03223 1.96555 1.89
      vertex 2.10615 1.9391 0
      vertex 2.03223 1.96555 0
    endloop
  endfacet
  facet normal 0.998797 0.0490418 0
    outer loop
      vertex 2.6 1.2 1.89
      vertex 2.59615 1.27841 0
      vertex 2.59615 1.27841 1.89
    endloop
  endfacet
  facet normal 0.998797 0.0490418 0
    outer loop
      vertex 2.59615 1.27841 0
      vertex 2.6 1.2 1.89
      vertex 2.6 1.2 0
    endloop
  endfacet
  facet normal -0.671543 0.740965 0
    outer loop
      vertex -2.30751 1.81841 0
      vertex -2.36568 1.76569 1.89
      vertex -2.30751 1.81841 1.89
    endloop
  endfacet
  facet normal -0.671543 0.740965 0
    outer loop
      vertex -2.36568 1.76569 1.89
      vertex -2.30751 1.81841 0
      vertex -2.36568 1.76569 0
    endloop
  endfacet
  facet normal 0.595773 -0.803153 0
    outer loop
      vertex 2.24446 -1.86518 0
      vertex 2.30751 -1.81841 1.89
      vertex 2.24446 -1.86518 1.89
    endloop
  endfacet
  facet normal 0.595773 -0.803153 0
    outer loop
      vertex 2.30751 -1.81841 1.89
      vertex 2.24446 -1.86518 0
      vertex 2.30751 -1.81841 0
    endloop
  endfacet
  facet normal -0.90402 -0.427489 0
    outer loop
      vertex -2.50554 -1.57712 0
      vertex -2.5391 -1.50615 1.89
      vertex -2.5391 -1.50615 0
    endloop
  endfacet
  facet normal -0.90402 -0.427489 0
    outer loop
      vertex -2.5391 -1.50615 1.89
      vertex -2.50554 -1.57712 0
      vertex -2.50554 -1.57712 1.89
    endloop
  endfacet
  facet normal -0.514084 0.85774 0
    outer loop
      vertex -2.17712 1.90554 0
      vertex -2.24446 1.86518 1.89
      vertex -2.17712 1.90554 1.89
    endloop
  endfacet
  facet normal -0.514084 0.85774 0
    outer loop
      vertex -2.24446 1.86518 1.89
      vertex -2.17712 1.90554 0
      vertex -2.24446 1.86518 0
    endloop
  endfacet
  facet normal 0 1 -0
    outer loop
      vertex 1.8 2 0
      vertex -1.8 2 1.89
      vertex 1.8 2 1.89
    endloop
  endfacet
  facet normal 0 1 0
    outer loop
      vertex -1.8 2 1.89
      vertex 1.8 2 0
      vertex -1.8 2 0
    endloop
  endfacet
  facet normal -0.0490418 -0.998797 0
    outer loop
      vertex -1.87841 -1.99615 0
      vertex -1.8 -2 1.89
      vertex -1.87841 -1.99615 1.89
    endloop
  endfacet
  facet normal -0.0490418 -0.998797 -0
    outer loop
      vertex -1.8 -2 1.89
      vertex -1.87841 -1.99615 0
      vertex -1.8 -2 0
    endloop
  endfacet
  facet normal 1 -0 0
    outer loop
      vertex 2.6 -1.2 1.89
      vertex 2.6 1.2 0
      vertex 2.6 1.2 1.89
    endloop
  endfacet
  facet normal 1 0 0
    outer loop
      vertex 2.6 1.2 0
      vertex 2.6 -1.2 1.89
      vertex 2.6 -1.2 0
    endloop
  endfacet
  facet normal -0.998797 -0.0490418 0
    outer loop
      vertex -2.59615 -1.27841 0
      vertex -2.6 -1.2 1.89
      vertex -2.6 -1.2 0
    endloop
  endfacet
  facet normal -0.998797 -0.0490418 0
    outer loop
      vertex -2.6 -1.2 1.89
      vertex -2.59615 -1.27841 0
      vertex -2.59615 -1.27841 1.89
    endloop
  endfacet
  facet normal -0.336901 0.94154 0
    outer loop
      vertex -2.03223 1.96555 0
      vertex -2.10615 1.9391 1.89
      vertex -2.03223 1.96555 1.89
    endloop
  endfacet
  facet normal -0.336901 0.94154 0
    outer loop
      vertex -2.10615 1.9391 1.89
      vertex -2.03223 1.96555 0
      vertex -2.10615 1.9391 0
    endloop
  endfacet
  facet normal 0.336901 -0.94154 0
    outer loop
      vertex 2.03223 -1.96555 0
      vertex 2.10615 -1.9391 1.89
      vertex 2.03223 -1.96555 1.89
    endloop
  endfacet
  facet normal 0.336901 -0.94154 0
    outer loop
      vertex 2.10615 -1.9391 1.89
      vertex 2.03223 -1.96555 0
      vertex 2.10615 -1.9391 0
    endloop
  endfacet
  facet normal 0.90402 -0.427489 0
    outer loop
      vertex 2.50554 -1.57712 1.89
      vertex 2.5391 -1.50615 0
      vertex 2.5391 -1.50615 1.89
    endloop
  endfacet
  facet normal 0.90402 -0.427489 0
    outer loop
      vertex 2.5391 -1.50615 0
      vertex 2.50554 -1.57712 1.89
      vertex 2.50554 -1.57712 0
    endloop
  endfacet
  facet normal -0.970023 -0.243015 0
    outer loop
      vertex -2.56555 -1.43223 0
      vertex -2.58463 -1.35607 1.89
      vertex -2.58463 -1.35607 0
    endloop
  endfacet
  facet normal -0.970023 -0.243015 0
    outer loop
      vertex -2.58463 -1.35607 1.89
      vertex -2.56555 -1.43223 0
      vertex -2.56555 -1.43223 1.89
    endloop
  endfacet
  facet normal 0.989176 -0.146733 0
    outer loop
      vertex 2.58463 -1.35607 1.89
      vertex 2.59615 -1.27841 0
      vertex 2.59615 -1.27841 1.89
    endloop
  endfacet
  facet normal 0.989176 -0.146733 0
    outer loop
      vertex 2.59615 -1.27841 0
      vertex 2.58463 -1.35607 1.89
      vertex 2.58463 -1.35607 0
    endloop
  endfacet
  facet normal 0.970023 -0.243015 0
    outer loop
      vertex 2.56555 -1.43223 1.89
      vertex 2.58463 -1.35607 0
      vertex 2.58463 -1.35607 1.89
    endloop
  endfacet
  facet normal 0.970023 -0.243015 0
    outer loop
      vertex 2.58463 -1.35607 0
      vertex 2.56555 -1.43223 1.89
      vertex 2.56555 -1.43223 0
    endloop
  endfacet
  facet normal 0.0490418 0.998797 -0
    outer loop
      vertex 1.87841 1.99615 0
      vertex 1.8 2 1.89
      vertex 1.87841 1.99615 1.89
    endloop
  endfacet
  facet normal 0.0490418 0.998797 0
    outer loop
      vertex 1.8 2 1.89
      vertex 1.87841 1.99615 0
      vertex 1.8 2 0
    endloop
  endfacet
  facet normal -0.514084 -0.85774 0
    outer loop
      vertex -2.24446 -1.86518 0
      vertex -2.17712 -1.90554 1.89
      vertex -2.24446 -1.86518 1.89
    endloop
  endfacet
  facet normal -0.514084 -0.85774 -0
    outer loop
      vertex -2.17712 -1.90554 1.89
      vertex -2.24446 -1.86518 0
      vertex -2.17712 -1.90554 0
    endloop
  endfacet
  facet normal -0.243015 -0.970023 0
    outer loop
      vertex -2.03223 -1.96555 0
      vertex -1.95607 -1.98463 1.89
      vertex -2.03223 -1.96555 1.89
    endloop
  endfacet
  facet normal -0.243015 -0.970023 -0
    outer loop
      vertex -1.95607 -1.98463 1.89
      vertex -2.03223 -1.96555 0
      vertex -1.95607 -1.98463 0
    endloop
  endfacet
  facet normal -0.989176 0.146733 0
    outer loop
      vertex -2.59615 1.27841 0
      vertex -2.58463 1.35607 1.89
      vertex -2.58463 1.35607 0
    endloop
  endfacet
  facet normal -0.989176 0.146733 0
    outer loop
      vertex -2.58463 1.35607 1.89
      vertex -2.59615 1.27841 0
      vertex -2.59615 1.27841 1.89
    endloop
  endfacet
  facet normal 0.94154 0.336901 0
    outer loop
      vertex 2.56555 1.43223 1.89
      vertex 2.5391 1.50615 0
      vertex 2.5391 1.50615 1.89
    endloop
  endfacet
  facet normal 0.94154 0.336901 0
    outer loop
      vertex 2.5391 1.50615 0
      vertex 2.56555 1.43223 1.89
      vertex 2.56555 1.43223 0
    endloop
  endfacet
  facet normal -0.94154 0.336901 0
    outer loop
      vertex -2.56555 1.43223 0
      vertex -2.5391 1.50615 1.89
      vertex -2.5391 1.50615 0
    endloop
  endfacet
  facet normal -0.94154 0.336901 0
    outer loop
      vertex -2.5391 1.50615 1.89
      vertex -2.56555 1.43223 0
      vertex -2.56555 1.43223 1.89
    endloop
  endfacet
  facet normal 0.94154 -0.336901 0
    outer loop
      vertex 2.5391 -1.50615 1.89
      vertex 2.56555 -1.43223 0
      vertex 2.56555 -1.43223 1.89
    endloop
  endfacet
  facet normal 0.94154 -0.336901 0
    outer loop
      vertex 2.56555 -1.43223 0
      vertex 2.5391 -1.50615 1.89
      vertex 2.5391 -1.50615 0
    endloop
  endfacet
  facet normal 0.989176 0.146733 0
    outer loop
      vertex 2.59615 1.27841 1.89
      vertex 2.58463 1.35607 0
      vertex 2.58463 1.35607 1.89
    endloop
  endfacet
  facet normal 0.989176 0.146733 0
    outer loop
      vertex 2.58463 1.35607 0
      vertex 2.59615 1.27841 1.89
      vertex 2.59615 1.27841 0
    endloop
  endfacet
  facet normal 0.0490418 -0.998797 0
    outer loop
      vertex 1.8 -2 0
      vertex 1.87841 -1.99615 1.89
      vertex 1.8 -2 1.89
    endloop
  endfacet
  facet normal 0.0490418 -0.998797 0
    outer loop
      vertex 1.87841 -1.99615 1.89
      vertex 1.8 -2 0
      vertex 1.87841 -1.99615 0
    endloop
  endfacet
  facet normal 0.146733 0.989176 -0
    outer loop
      vertex 1.95607 1.98463 0
      vertex 1.87841 1.99615 1.89
      vertex 1.95607 1.98463 1.89
    endloop
  endfacet
  facet normal 0.146733 0.989176 0
    outer loop
      vertex 1.87841 1.99615 1.89
      vertex 1.95607 1.98463 0
      vertex 1.87841 1.99615 0
    endloop
  endfacet
  facet normal 0.427489 0.90402 -0
    outer loop
      vertex 2.17712 1.90554 0
      vertex 2.10615 1.9391 1.89
      vertex 2.17712 1.90554 1.89
    endloop
  endfacet
  facet normal 0.427489 0.90402 0
    outer loop
      vertex 2.10615 1.9391 1.89
      vertex 2.17712 1.90554 0
      vertex 2.10615 1.9391 0
    endloop
  endfacet
  facet normal 0.243015 -0.970023 0
    outer loop
      vertex 1.95607 -1.98463 0
      vertex 2.03223 -1.96555 1.89
      vertex 1.95607 -1.98463 1.89
    endloop
  endfacet
  facet normal 0.243015 -0.970023 0
    outer loop
      vertex 2.03223 -1.96555 1.89
      vertex 1.95607 -1.98463 0
      vertex 2.03223 -1.96555 0
    endloop
  endfacet
  facet normal 0.671543 0.740965 -0
    outer loop
      vertex 2.36568 1.76569 0
      vertex 2.30751 1.81841 1.89
      vertex 2.36568 1.76569 1.89
    endloop
  endfacet
  facet normal 0.671543 0.740965 0
    outer loop
      vertex 2.30751 1.81841 1.89
      vertex 2.36568 1.76569 0
      vertex 2.30751 1.81841 0
    endloop
  endfacet
  facet normal 0.514084 0.85774 -0
    outer loop
      vertex 2.24446 1.86518 0
      vertex 2.17712 1.90554 1.89
      vertex 2.24446 1.86518 1.89
    endloop
  endfacet
  facet normal 0.514084 0.85774 0
    outer loop
      vertex 2.17712 1.90554 1.89
      vertex 2.24446 1.86518 0
      vertex 2.17712 1.90554 0
    endloop
  endfacet
  facet normal -0.146733 -0.989176 0
    outer loop
      vertex -1.95607 -1.98463 0
      vertex -1.87841 -1.99615 1.89
      vertex -1.95607 -1.98463 1.89
    endloop
  endfacet
  facet normal -0.146733 -0.989176 -0
    outer loop
      vertex -1.87841 -1.99615 1.89
      vertex -1.95607 -1.98463 0
      vertex -1.87841 -1.99615 0
    endloop
  endfacet
  facet normal 0.970023 0.243015 0
    outer loop
      vertex 2.58463 1.35607 1.89
      vertex 2.56555 1.43223 0
      vertex 2.56555 1.43223 1.89
    endloop
  endfacet
  facet normal 0.970023 0.243015 0
    outer loop
      vertex 2.56555 1.43223 0
      vertex 2.58463 1.35607 1.89
      vertex 2.58463 1.35607 0
    endloop
  endfacet
  facet normal 0.146733 -0.989176 0
    outer loop
      vertex 1.87841 -1.99615 0
      vertex 1.95607 -1.98463 1.89
      vertex 1.87841 -1.99615 1.89
    endloop
  endfacet
  facet normal 0.146733 -0.989176 0
    outer loop
      vertex 1.95607 -1.98463 1.89
      vertex 1.87841 -1.99615 0
      vertex 1.95607 -1.98463 0
    endloop
  endfacet
  facet normal -0.146733 0.989176 0
    outer loop
      vertex -1.87841 1.99615 0
      vertex -1.95607 1.98463 1.89
      vertex -1.87841 1.99615 1.89
    endloop
  endfacet
  facet normal -0.146733 0.989176 0
    outer loop
      vertex -1.95607 1.98463 1.89
      vertex -1.87841 1.99615 0
      vertex -1.95607 1.98463 0
    endloop
  endfacet
  facet normal 0.243015 0.970023 -0
    outer loop
      vertex 2.03223 1.96555 0
      vertex 1.95607 1.98463 1.89
      vertex 2.03223 1.96555 1.89
    endloop
  endfacet
  facet normal 0.243015 0.970023 0
    outer loop
      vertex 1.95607 1.98463 1.89
      vertex 2.03223 1.96555 0
      vertex 1.95607 1.98463 0
    endloop
  endfacet
  facet normal 0 0 -1
    outer loop
      vertex 1.8 -2 0
      vertex 2.6 -1.2 0
      vertex 2.59615 -1.27841 0
    endloop
  endfacet
  facet normal -0 0 -1
    outer loop
      vertex 2.6 -1.2 0
      vertex 1.8 -2 0
      vertex 2.6 1.2 0
    endloop
  endfacet
  facet normal 0 0 -1
    outer loop
      vertex 1.8 -2 0
      vertex 2.59615 -1.27841 0
      vertex 2.58463 -1.35607 0
    endloop
  endfacet
  facet normal 0 0 -1
    outer loop
      vertex 1.8 2 0
      vertex 2.6 1.2 0
      vertex 1.8 -2 0
    endloop
  endfacet
  facet normal 0 0 -1
    outer loop
      vertex 1.8 -2 0
      vertex 2.58463 -1.35607 0
      vertex 2.56555 -1.43223 0
    endloop
  endfacet
  facet normal 0 0 -1
    outer loop
      vertex 2.6 1.2 0
      vertex 1.8 2 0
      vertex 2.59615 1.27841 0
    endloop
  endfacet
  facet normal 0 0 -1
    outer loop
      vertex 1.8 -2 0
      vertex 2.56555 -1.43223 0
      vertex 2.5391 -1.50615 0
    endloop
  endfacet
  facet normal 0 0 -1
    outer loop
      vertex 2.59615 1.27841 0
      vertex 1.8 2 0
      vertex 2.58463 1.35607 0
    endloop
  endfacet
  facet normal 0 0 -1
    outer loop
      vertex 1.8 -2 0
      vertex 2.5391 -1.50615 0
      vertex 2.50554 -1.57712 0
    endloop
  endfacet
  facet normal 0 0 -1
    outer loop
      vertex 2.58463 1.35607 0
      vertex 1.8 2 0
      vertex 2.56555 1.43223 0
    endloop
  endfacet
  facet normal 0 0 -1
    outer loop
      vertex 1.8 -2 0
      vertex 2.50554 -1.57712 0
      vertex 2.46518 -1.64446 0
    endloop
  endfacet
  facet normal 0 0 -1
    outer loop
      vertex 2.56555 1.43223 0
      vertex 1.8 2 0
      vertex 2.5391 1.50615 0
    endloop
  endfacet
  facet normal 0 0 -1
    outer loop
      vertex 1.8 -2 0
      vertex 2.46518 -1.64446 0
      vertex 2.41841 -1.70751 0
    endloop
  endfacet
  facet normal 0 0 -1
    outer loop
      vertex 2.5391 1.50615 0
      vertex 1.8 2 0
      vertex 2.50554 1.57712 0
    endloop
  endfacet
  facet normal 0 0 -1
    outer loop
      vertex 1.8 -2 0
      vertex 2.41841 -1.70751 0
      vertex 2.36568 -1.76569 0
    endloop
  endfacet
  facet normal 0 0 -1
    outer loop
      vertex 2.50554 1.57712 0
      vertex 1.8 2 0
      vertex 2.46518 1.64446 0
    endloop
  endfacet
  facet normal 0 0 -1
    outer loop
      vertex 1.8 -2 0
      vertex 2.36568 -1.76569 0
      vertex 2.30751 -1.81841 0
    endloop
  endfacet
  facet normal 0 0 -1
    outer loop
      vertex 2.46518 1.64446 0
      vertex 1.8 2 0
      vertex 2.41841 1.70751 0
    endloop
  endfacet
  facet normal 0 0 -1
    outer loop
      vertex 1.8 -2 0
      vertex 2.30751 -1.81841 0
      vertex 2.24446 -1.86518 0
    endloop
  endfacet
  facet normal 0 0 -1
    outer loop
      vertex 2.41841 1.70751 0
      vertex 1.8 2 0
      vertex 2.36568 1.76569 0
    endloop
  endfacet
  facet normal 0 0 -1
    outer loop
      vertex 1.8 -2 0
      vertex 2.24446 -1.86518 0
      vertex 2.17712 -1.90554 0
    endloop
  endfacet
  facet normal 0 0 -1
    outer loop
      vertex 2.36568 1.76569 0
      vertex 1.8 2 0
      vertex 2.30751 1.81841 0
    endloop
  endfacet
  facet normal 0 0 -1
    outer loop
      vertex 1.8 -2 0
      vertex 2.17712 -1.90554 0
      vertex 2.10615 -1.9391 0
    endloop
  endfacet
  facet normal 0 0 -1
    outer loop
      vertex 2.30751 1.81841 0
      vertex 1.8 2 0
      vertex 2.24446 1.86518 0
    endloop
  endfacet
  facet normal 0 0 -1
    outer loop
      vertex 1.8 -2 0
      vertex 2.10615 -1.9391 0
      vertex 2.03223 -1.96555 0
    endloop
  endfacet
  facet normal 0 0 -1
    outer loop
      vertex 2.24446 1.86518 0
      vertex 1.8 2 0
      vertex 2.17712 1.90554 0
    endloop
  endfacet
  facet normal 0 0 -1
    outer loop
      vertex 1.8 -2 0
      vertex 2.03223 -1.96555 0
      vertex 1.95607 -1.98463 0
    endloop
  endfacet
  facet normal 0 0 -1
    outer loop
      vertex 2.17712 1.90554 0
      vertex 1.8 2 0
      vertex 2.10615 1.9391 0
    endloop
  endfacet
  facet normal 0 0 -1
    outer loop
      vertex 1.8 -2 0
      vertex 1.95607 -1.98463 0
      vertex 1.87841 -1.99615 0
    endloop
  endfacet
  facet normal 0 0 -1
    outer loop
      vertex 2.10615 1.9391 0
      vertex 1.8 2 0
      vertex 2.03223 1.96555 0
    endloop
  endfacet
  facet normal 0 0 -1
    outer loop
      vertex 2.03223 1.96555 0
      vertex 1.8 2 0
      vertex 1.95607 1.98463 0
    endloop
  endfacet
  facet normal 0 0 -1
    outer loop
      vertex 1.95607 1.98463 0
      vertex 1.8 2 0
      vertex 1.87841 1.99615 0
    endloop
  endfacet
  facet normal 0 0 -1
    outer loop
      vertex -1.8 -2 0
      vertex 1.8 2 0
      vertex 1.8 -2 0
    endloop
  endfacet
  facet normal 0 0 -1
    outer loop
      vertex -1.8 -2 0
      vertex -1.8 2 0
      vertex 1.8 2 0
    endloop
  endfacet
  facet normal 0 0 -1
    outer loop
      vertex -2.6 -1.2 0
      vertex -1.8 -2 0
      vertex -1.87841 -1.99615 0
    endloop
  endfacet
  facet normal 0 0 -1
    outer loop
      vertex -1.8 -2 0
      vertex -2.6 -1.2 0
      vertex -1.8 2 0
    endloop
  endfacet
  facet normal 0 0 -1
    outer loop
      vertex -2.6 -1.2 0
      vertex -1.87841 -1.99615 0
      vertex -1.95607 -1.98463 0
    endloop
  endfacet
  facet normal 0 0 -1
    outer loop
      vertex -2.6 1.2 0
      vertex -1.8 2 0
      vertex -2.6 -1.2 0
    endloop
  endfacet
  facet normal 0 0 -1
    outer loop
      vertex -2.6 -1.2 0
      vertex -1.95607 -1.98463 0
      vertex -2.03223 -1.96555 0
    endloop
  endfacet
  facet normal 0 0 -1
    outer loop
      vertex -1.8 2 0
      vertex -2.6 1.2 0
      vertex -1.87841 1.99615 0
    endloop
  endfacet
  facet normal 0 0 -1
    outer loop
      vertex -2.6 -1.2 0
      vertex -2.03223 -1.96555 0
      vertex -2.10615 -1.9391 0
    endloop
  endfacet
  facet normal 0 0 -1
    outer loop
      vertex -1.87841 1.99615 0
      vertex -2.6 1.2 0
      vertex -1.95607 1.98463 0
    endloop
  endfacet
  facet normal 0 0 -1
    outer loop
      vertex -2.6 -1.2 0
      vertex -2.10615 -1.9391 0
      vertex -2.17712 -1.90554 0
    endloop
  endfacet
  facet normal 0 0 -1
    outer loop
      vertex -1.95607 1.98463 0
      vertex -2.6 1.2 0
      vertex -2.03223 1.96555 0
    endloop
  endfacet
  facet normal 0 0 -1
    outer loop
      vertex -2.6 -1.2 0
      vertex -2.17712 -1.90554 0
      vertex -2.24446 -1.86518 0
    endloop
  endfacet
  facet normal 0 0 -1
    outer loop
      vertex -2.03223 1.96555 0
      vertex -2.6 1.2 0
      vertex -2.10615 1.9391 0
    endloop
  endfacet
  facet normal 0 0 -1
    outer loop
      vertex -2.6 -1.2 0
      vertex -2.24446 -1.86518 0
      vertex -2.30751 -1.81841 0
    endloop
  endfacet
  facet normal 0 0 -1
    outer loop
      vertex -2.10615 1.9391 0
      vertex -2.6 1.2 0
      vertex -2.17712 1.90554 0
    endloop
  endfacet
  facet normal 0 0 -1
    outer loop
      vertex -2.6 -1.2 0
      vertex -2.30751 -1.81841 0
      vertex -2.36568 -1.76569 0
    endloop
  endfacet
  facet normal 0 0 -1
    outer loop
      vertex -2.17712 1.90554 0
      vertex -2.6 1.2 0
      vertex -2.24446 1.86518 0
    endloop
  endfacet
  facet normal 0 0 -1
    outer loop
      vertex -2.6 -1.2 0
      vertex -2.36568 -1.76569 0
      vertex -2.41841 -1.70751 0
    endloop
  endfacet
  facet normal 0 0 -1
    outer loop
      vertex -2.24446 1.86518 0
      vertex -2.6 1.2 0
      vertex -2.30751 1.81841 0
    endloop
  endfacet
  facet normal 0 0 -1
    outer loop
      vertex -2.6 -1.2 0
      vertex -2.41841 -1.70751 0
      vertex -2.46518 -1.64446 0
    endloop
  endfacet
  facet normal 0 0 -1
    outer loop
      vertex -2.30751 1.81841 0
      vertex -2.6 1.2 0
      vertex -2.36568 1.76569 0
    endloop
  endfacet
  facet normal 0 0 -1
    outer loop
      vertex -2.6 -1.2 0
      vertex -2.46518 -1.64446 0
      vertex -2.50554 -1.57712 0
    endloop
  endfacet
  facet normal 0 0 -1
    outer loop
      vertex -2.36568 1.76569 0
      vertex -2.6 1.2 0
      vertex -2.41841 1.70751 0
    endloop
  endfacet
  facet normal 0 0 -1
    outer loop
      vertex -2.6 -1.2 0
      vertex -2.50554 -1.57712 0
      vertex -2.5391 -1.50615 0
    endloop
  endfacet
  facet normal 0 0 -1
    outer loop
      vertex -2.41841 1.70751 0
      vertex -2.6 1.2 0
      vertex -2.46518 1.64446 0
    endloop
  endfacet
  facet normal 0 0 -1
    outer loop
      vertex -2.6 -1.2 0
      vertex -2.5391 -1.50615 0
      vertex -2.56555 -1.43223 0
    endloop
  endfacet
  facet normal 0 0 -1
    outer loop
      vertex -2.46518 1.64446 0
      vertex -2.6 1.2 0
      vertex -2.50554 1.57712 0
    endloop
  endfacet
  facet normal 0 0 -1
    outer loop
      vertex -2.6 -1.2 0
      vertex -2.56555 -1.43223 0
      vertex -2.58463 -1.35607 0
    endloop
  endfacet
  facet normal 0 0 -1
    outer loop
      vertex -2.50554 1.57712 0
      vertex -2.6 1.2 0
      vertex -2.5391 1.50615 0
    endloop
  endfacet
  facet normal 0 0 -1
    outer loop
      vertex -2.6 -1.2 0
      vertex -2.58463 -1.35607 0
      vertex -2.59615 -1.27841 0
    endloop
  endfacet
  facet normal 0 0 -1
    outer loop
      vertex -2.5391 1.50615 0
      vertex -2.6 1.2 0
      vertex -2.56555 1.43223 0
    endloop
  endfacet
  facet normal 0 0 -1
    outer loop
      vertex -2.56555 1.43223 0
      vertex -2.6 1.2 0
      vertex -2.58463 1.35607 0
    endloop
  endfacet
  facet normal 0 0 -1
    outer loop
      vertex -2.58463 1.35607 0
      vertex -2.6 1.2 0
      vertex -2.59615 1.27841 0
    endloop
  endfacet
  facet normal 0.857727 -0.514106 0
    outer loop
      vertex 2.83147 -1.95557 2.29
      vertex 2.88192 -1.8714 1.89
      vertex 2.88192 -1.8714 2.29
    endloop
  endfacet
  facet normal 0.857727 -0.514106 0
    outer loop
      vertex 2.88192 -1.8714 1.89
      vertex 2.83147 -1.95557 2.29
      vertex 2.83147 -1.95557 1.89
    endloop
  endfacet
  facet normal 0.242943 -0.970041 0
    outer loop
      vertex 2.19509 -2.38078 1.89
      vertex 2.29028 -2.35694 2.29
      vertex 2.19509 -2.38078 2.29
    endloop
  endfacet
  facet normal 0.242943 -0.970041 0
    outer loop
      vertex 2.29028 -2.35694 2.29
      vertex 2.19509 -2.38078 1.89
      vertex 2.29028 -2.35694 1.89
    endloop
  endfacet
  facet normal 0.0491143 -0.998793 0
    outer loop
      vertex 2 -2.4 1.89
      vertex 2.09802 -2.39518 2.29
      vertex 2 -2.4 2.29
    endloop
  endfacet
  facet normal 0.0491143 -0.998793 0
    outer loop
      vertex 2.09802 -2.39518 2.29
      vertex 2 -2.4 1.89
      vertex 2.09802 -2.39518 1.89
    endloop
  endfacet
  facet normal -0.857727 0.514106 0
    outer loop
      vertex -2.88192 1.8714 1.89
      vertex -2.83147 1.95557 2.29
      vertex -2.83147 1.95557 1.89
    endloop
  endfacet
  facet normal -0.857727 0.514106 0
    outer loop
      vertex -2.83147 1.95557 2.29
      vertex -2.88192 1.8714 1.89
      vertex -2.88192 1.8714 2.29
    endloop
  endfacet
  facet normal 0.941548 -0.336879 0
    outer loop
      vertex 2.92388 -1.78268 2.29
      vertex 2.95694 -1.69028 1.89
      vertex 2.95694 -1.69028 2.29
    endloop
  endfacet
  facet normal 0.941548 -0.336879 0
    outer loop
      vertex 2.95694 -1.69028 1.89
      vertex 2.92388 -1.78268 2.29
      vertex 2.92388 -1.78268 1.89
    endloop
  endfacet
  facet normal 0 1 -0
    outer loop
      vertex 2 2.4 1.89
      vertex -2 2.4 2.29
      vertex 2 2.4 2.29
    endloop
  endfacet
  facet normal 0 1 0
    outer loop
      vertex -2 2.4 2.29
      vertex 2 2.4 1.89
      vertex -2 2.4 1.89
    endloop
  endfacet
  facet normal 0.671505 -0.741 0
    outer loop
      vertex 2.63439 -2.17301 1.89
      vertex 2.70711 -2.10711 2.29
      vertex 2.63439 -2.17301 2.29
    endloop
  endfacet
  facet normal 0.671505 -0.741 0
    outer loop
      vertex 2.70711 -2.10711 2.29
      vertex 2.63439 -2.17301 1.89
      vertex 2.70711 -2.10711 1.89
    endloop
  endfacet
  facet normal -0.998793 0.0491143 0
    outer loop
      vertex -3 1.4 1.89
      vertex -2.99518 1.49802 2.29
      vertex -2.99518 1.49802 1.89
    endloop
  endfacet
  facet normal -0.998793 0.0491143 0
    outer loop
      vertex -2.99518 1.49802 2.29
      vertex -3 1.4 1.89
      vertex -3 1.4 2.29
    endloop
  endfacet
  facet normal -0.0491143 0.998793 0
    outer loop
      vertex -2 2.4 1.89
      vertex -2.09802 2.39518 2.29
      vertex -2 2.4 2.29
    endloop
  endfacet
  facet normal -0.0491143 0.998793 0
    outer loop
      vertex -2.09802 2.39518 2.29
      vertex -2 2.4 1.89
      vertex -2.09802 2.39518 1.89
    endloop
  endfacet
  facet normal -0.0491143 -0.998793 0
    outer loop
      vertex -2.09802 -2.39518 1.89
      vertex -2 -2.4 2.29
      vertex -2.09802 -2.39518 2.29
    endloop
  endfacet
  facet normal -0.0491143 -0.998793 -0
    outer loop
      vertex -2 -2.4 2.29
      vertex -2.09802 -2.39518 1.89
      vertex -2 -2.4 1.89
    endloop
  endfacet
  facet normal 0.336879 0.941548 -0
    outer loop
      vertex 2.38268 2.32388 1.89
      vertex 2.29028 2.35694 2.29
      vertex 2.38268 2.32388 2.29
    endloop
  endfacet
  facet normal 0.336879 0.941548 0
    outer loop
      vertex 2.29028 2.35694 2.29
      vertex 2.38268 2.32388 1.89
      vertex 2.29028 2.35694 1.89
    endloop
  endfacet
  facet normal -0.803192 0.59572 0
    outer loop
      vertex -2.83147 1.95557 1.89
      vertex -2.77301 2.03439 2.29
      vertex -2.77301 2.03439 1.89
    endloop
  endfacet
  facet normal -0.803192 0.59572 0
    outer loop
      vertex -2.77301 2.03439 2.29
      vertex -2.83147 1.95557 1.89
      vertex -2.83147 1.95557 2.29
    endloop
  endfacet
  facet normal 1 -0 0
    outer loop
      vertex 3 1 2.29
      vertex 3 1.4 1.89
      vertex 3 1.4 2.29
    endloop
  endfacet
  facet normal 1 0 0
    outer loop
      vertex 3 1.4 1.89
      vertex 3 1 2.29
      vertex 3 1 1.89
    endloop
  endfacet
  facet normal 1 -0 0
    outer loop
      vertex 3 -1.4 2.29
      vertex 3 -1 1.89
      vertex 3 -1 2.29
    endloop
  endfacet
  facet normal 1 0 0
    outer loop
      vertex 3 -1 1.89
      vertex 3 -1.4 2.29
      vertex 3 -1.4 1.89
    endloop
  endfacet
  facet normal 0.514106 0.857727 -0
    outer loop
      vertex 2.55557 2.23147 1.89
      vertex 2.4714 2.28192 2.29
      vertex 2.55557 2.23147 2.29
    endloop
  endfacet
  facet normal 0.514106 0.857727 0
    outer loop
      vertex 2.4714 2.28192 2.29
      vertex 2.55557 2.23147 1.89
      vertex 2.4714 2.28192 1.89
    endloop
  endfacet
  facet normal 0 -1 0
    outer loop
      vertex -2 -2.4 1.89
      vertex 2 -2.4 2.29
      vertex -2 -2.4 2.29
    endloop
  endfacet
  facet normal 0 -1 -0
    outer loop
      vertex 2 -2.4 2.29
      vertex -2 -2.4 1.89
      vertex 2 -2.4 1.89
    endloop
  endfacet
  facet normal 0.146741 0.989175 -0
    outer loop
      vertex 2.19509 2.38078 1.89
      vertex 2.09802 2.39518 2.29
      vertex 2.19509 2.38078 2.29
    endloop
  endfacet
  facet normal 0.146741 0.989175 0
    outer loop
      vertex 2.09802 2.39518 2.29
      vertex 2.19509 2.38078 1.89
      vertex 2.09802 2.39518 1.89
    endloop
  endfacet
  facet normal -0.671505 -0.741 0
    outer loop
      vertex -2.70711 -2.10711 1.89
      vertex -2.63439 -2.17301 2.29
      vertex -2.70711 -2.10711 2.29
    endloop
  endfacet
  facet normal -0.671505 -0.741 -0
    outer loop
      vertex -2.63439 -2.17301 2.29
      vertex -2.70711 -2.10711 1.89
      vertex -2.63439 -2.17301 1.89
    endloop
  endfacet
  facet normal 0.59572 0.803192 -0
    outer loop
      vertex 2.63439 2.17301 1.89
      vertex 2.55557 2.23147 2.29
      vertex 2.63439 2.17301 2.29
    endloop
  endfacet
  facet normal 0.59572 0.803192 0
    outer loop
      vertex 2.55557 2.23147 2.29
      vertex 2.63439 2.17301 1.89
      vertex 2.55557 2.23147 1.89
    endloop
  endfacet
  facet normal -0.989175 -0.146741 0
    outer loop
      vertex -2.98078 -1.59509 1.89
      vertex -2.99518 -1.49802 2.29
      vertex -2.99518 -1.49802 1.89
    endloop
  endfacet
  facet normal -0.989175 -0.146741 0
    outer loop
      vertex -2.99518 -1.49802 2.29
      vertex -2.98078 -1.59509 1.89
      vertex -2.98078 -1.59509 2.29
    endloop
  endfacet
  facet normal -0.242943 0.970041 0
    outer loop
      vertex -2.19509 2.38078 1.89
      vertex -2.29028 2.35694 2.29
      vertex -2.19509 2.38078 2.29
    endloop
  endfacet
  facet normal -0.242943 0.970041 0
    outer loop
      vertex -2.29028 2.35694 2.29
      vertex -2.19509 2.38078 1.89
      vertex -2.29028 2.35694 1.89
    endloop
  endfacet
  facet normal -0.903995 -0.427543 0
    outer loop
      vertex -2.88192 -1.8714 1.89
      vertex -2.92388 -1.78268 2.29
      vertex -2.92388 -1.78268 1.89
    endloop
  endfacet
  facet normal -0.903995 -0.427543 0
    outer loop
      vertex -2.92388 -1.78268 2.29
      vertex -2.88192 -1.8714 1.89
      vertex -2.88192 -1.8714 2.29
    endloop
  endfacet
  facet normal -0.336879 -0.941548 0
    outer loop
      vertex -2.38268 -2.32388 1.89
      vertex -2.29028 -2.35694 2.29
      vertex -2.38268 -2.32388 2.29
    endloop
  endfacet
  facet normal -0.336879 -0.941548 -0
    outer loop
      vertex -2.29028 -2.35694 2.29
      vertex -2.38268 -2.32388 1.89
      vertex -2.29028 -2.35694 1.89
    endloop
  endfacet
  facet normal 0.989175 0.146741 0
    outer loop
      vertex 2.99518 1.49802 2.29
      vertex 2.98078 1.59509 1.89
      vertex 2.98078 1.59509 2.29
    endloop
  endfacet
  facet normal 0.989175 0.146741 0
    outer loop
      vertex 2.98078 1.59509 1.89
      vertex 2.99518 1.49802 2.29
      vertex 2.99518 1.49802 1.89
    endloop
  endfacet
  facet normal -0.242943 -0.970041 0
    outer loop
      vertex -2.29028 -2.35694 1.89
      vertex -2.19509 -2.38078 2.29
      vertex -2.29028 -2.35694 2.29
    endloop
  endfacet
  facet normal -0.242943 -0.970041 -0
    outer loop
      vertex -2.19509 -2.38078 2.29
      vertex -2.29028 -2.35694 1.89
      vertex -2.19509 -2.38078 1.89
    endloop
  endfacet
  facet normal 0.671505 0.741 -0
    outer loop
      vertex 2.70711 2.10711 1.89
      vertex 2.63439 2.17301 2.29
      vertex 2.70711 2.10711 2.29
    endloop
  endfacet
  facet normal 0.671505 0.741 0
    outer loop
      vertex 2.63439 2.17301 2.29
      vertex 2.70711 2.10711 1.89
      vertex 2.63439 2.17301 1.89
    endloop
  endfacet
  facet normal 0.59572 -0.803192 0
    outer loop
      vertex 2.55557 -2.23147 1.89
      vertex 2.63439 -2.17301 2.29
      vertex 2.55557 -2.23147 2.29
    endloop
  endfacet
  facet normal 0.59572 -0.803192 0
    outer loop
      vertex 2.63439 -2.17301 2.29
      vertex 2.55557 -2.23147 1.89
      vertex 2.63439 -2.17301 1.89
    endloop
  endfacet
  facet normal 0.242943 0.970041 -0
    outer loop
      vertex 2.29028 2.35694 1.89
      vertex 2.19509 2.38078 2.29
      vertex 2.29028 2.35694 2.29
    endloop
  endfacet
  facet normal 0.242943 0.970041 0
    outer loop
      vertex 2.19509 2.38078 2.29
      vertex 2.29028 2.35694 1.89
      vertex 2.19509 2.38078 1.89
    endloop
  endfacet
  facet normal -0.741 0.671505 0
    outer loop
      vertex -2.77301 2.03439 1.89
      vertex -2.70711 2.10711 2.29
      vertex -2.70711 2.10711 1.89
    endloop
  endfacet
  facet normal -0.741 0.671505 0
    outer loop
      vertex -2.70711 2.10711 2.29
      vertex -2.77301 2.03439 1.89
      vertex -2.77301 2.03439 2.29
    endloop
  endfacet
  facet normal 0.514106 -0.857727 0
    outer loop
      vertex 2.4714 -2.28192 1.89
      vertex 2.55557 -2.23147 2.29
      vertex 2.4714 -2.28192 2.29
    endloop
  endfacet
  facet normal 0.514106 -0.857727 0
    outer loop
      vertex 2.55557 -2.23147 2.29
      vertex 2.4714 -2.28192 1.89
      vertex 2.55557 -2.23147 1.89
    endloop
  endfacet
  facet normal 0.803192 0.59572 0
    outer loop
      vertex 2.83147 1.95557 2.29
      vertex 2.77301 2.03439 1.89
      vertex 2.77301 2.03439 2.29
    endloop
  endfacet
  facet normal 0.803192 0.59572 0
    outer loop
      vertex 2.77301 2.03439 1.89
      vertex 2.83147 1.95557 2.29
      vertex 2.83147 1.95557 1.89
    endloop
  endfacet
  facet normal -0.427543 -0.903995 0
    outer loop
      vertex -2.4714 -2.28192 1.89
      vertex -2.38268 -2.32388 2.29
      vertex -2.4714 -2.28192 2.29
    endloop
  endfacet
  facet normal -0.427543 -0.903995 -0
    outer loop
      vertex -2.38268 -2.32388 2.29
      vertex -2.4714 -2.28192 1.89
      vertex -2.38268 -2.32388 1.89
    endloop
  endfacet
  facet normal -0.857727 -0.514106 0
    outer loop
      vertex -2.83147 -1.95557 1.89
      vertex -2.88192 -1.8714 2.29
      vertex -2.88192 -1.8714 1.89
    endloop
  endfacet
  facet normal -0.857727 -0.514106 0
    outer loop
      vertex -2.88192 -1.8714 2.29
      vertex -2.83147 -1.95557 1.89
      vertex -2.83147 -1.95557 2.29
    endloop
  endfacet
  facet normal -0.941548 -0.336879 0
    outer loop
      vertex -2.92388 -1.78268 1.89
      vertex -2.95694 -1.69028 2.29
      vertex -2.95694 -1.69028 1.89
    endloop
  endfacet
  facet normal -0.941548 -0.336879 0
    outer loop
      vertex -2.95694 -1.69028 2.29
      vertex -2.92388 -1.78268 1.89
      vertex -2.92388 -1.78268 2.29
    endloop
  endfacet
  facet normal 0.998793 0.0491143 0
    outer loop
      vertex 3 1.4 2.29
      vertex 2.99518 1.49802 1.89
      vertex 2.99518 1.49802 2.29
    endloop
  endfacet
  facet normal 0.998793 0.0491143 0
    outer loop
      vertex 2.99518 1.49802 1.89
      vertex 3 1.4 2.29
      vertex 3 1.4 1.89
    endloop
  endfacet
  facet normal 0.146741 -0.989175 0
    outer loop
      vertex 2.09802 -2.39518 1.89
      vertex 2.19509 -2.38078 2.29
      vertex 2.09802 -2.39518 2.29
    endloop
  endfacet
  facet normal 0.146741 -0.989175 0
    outer loop
      vertex 2.19509 -2.38078 2.29
      vertex 2.09802 -2.39518 1.89
      vertex 2.19509 -2.38078 1.89
    endloop
  endfacet
  facet normal -0.903995 0.427543 0
    outer loop
      vertex -2.92388 1.78268 1.89
      vertex -2.88192 1.8714 2.29
      vertex -2.88192 1.8714 1.89
    endloop
  endfacet
  facet normal -0.903995 0.427543 0
    outer loop
      vertex -2.88192 1.8714 2.29
      vertex -2.92388 1.78268 1.89
      vertex -2.92388 1.78268 2.29
    endloop
  endfacet
  facet normal -0.146741 0.989175 0
    outer loop
      vertex -2.09802 2.39518 1.89
      vertex -2.19509 2.38078 2.29
      vertex -2.09802 2.39518 2.29
    endloop
  endfacet
  facet normal -0.146741 0.989175 0
    outer loop
      vertex -2.19509 2.38078 2.29
      vertex -2.09802 2.39518 1.89
      vertex -2.19509 2.38078 1.89
    endloop
  endfacet
  facet normal 0.0491143 0.998793 -0
    outer loop
      vertex 2.09802 2.39518 1.89
      vertex 2 2.4 2.29
      vertex 2.09802 2.39518 2.29
    endloop
  endfacet
  facet normal 0.0491143 0.998793 0
    outer loop
      vertex 2 2.4 2.29
      vertex 2.09802 2.39518 1.89
      vertex 2 2.4 1.89
    endloop
  endfacet
  facet normal 0.989175 -0.146741 0
    outer loop
      vertex 2.98078 -1.59509 2.29
      vertex 2.99518 -1.49802 1.89
      vertex 2.99518 -1.49802 2.29
    endloop
  endfacet
  facet normal 0.989175 -0.146741 0
    outer loop
      vertex 2.99518 -1.49802 1.89
      vertex 2.98078 -1.59509 2.29
      vertex 2.98078 -1.59509 1.89
    endloop
  endfacet
  facet normal 0.857727 0.514106 0
    outer loop
      vertex 2.88192 1.8714 2.29
      vertex 2.83147 1.95557 1.89
      vertex 2.83147 1.95557 2.29
    endloop
  endfacet
  facet normal 0.857727 0.514106 0
    outer loop
      vertex 2.83147 1.95557 1.89
      vertex 2.88192 1.8714 2.29
      vertex 2.88192 1.8714 1.89
    endloop
  endfacet
  facet normal -0.59572 -0.803192 0
    outer loop
      vertex -2.63439 -2.17301 1.89
      vertex -2.55557 -2.23147 2.29
      vertex -2.63439 -2.17301 2.29
    endloop
  endfacet
  facet normal -0.59572 -0.803192 -0
    outer loop
      vertex -2.55557 -2.23147 2.29
      vertex -2.63439 -2.17301 1.89
      vertex -2.55557 -2.23147 1.89
    endloop
  endfacet
  facet normal 0.998793 -0.0491143 0
    outer loop
      vertex 2.99518 -1.49802 2.29
      vertex 3 -1.4 1.89
      vertex 3 -1.4 2.29
    endloop
  endfacet
  facet normal 0.998793 -0.0491143 0
    outer loop
      vertex 3 -1.4 1.89
      vertex 2.99518 -1.49802 2.29
      vertex 2.99518 -1.49802 1.89
    endloop
  endfacet
  facet normal -0.989175 0.146741 0
    outer loop
      vertex -2.99518 1.49802 1.89
      vertex -2.98078 1.59509 2.29
      vertex -2.98078 1.59509 1.89
    endloop
  endfacet
  facet normal -0.989175 0.146741 0
    outer loop
      vertex -2.98078 1.59509 2.29
      vertex -2.99518 1.49802 1.89
      vertex -2.99518 1.49802 2.29
    endloop
  endfacet
  facet normal 0.336879 -0.941548 0
    outer loop
      vertex 2.29028 -2.35694 1.89
      vertex 2.38268 -2.32388 2.29
      vertex 2.29028 -2.35694 2.29
    endloop
  endfacet
  facet normal 0.336879 -0.941548 0
    outer loop
      vertex 2.38268 -2.32388 2.29
      vertex 2.29028 -2.35694 1.89
      vertex 2.38268 -2.32388 1.89
    endloop
  endfacet
  facet normal -0.146741 -0.989175 0
    outer loop
      vertex -2.19509 -2.38078 1.89
      vertex -2.09802 -2.39518 2.29
      vertex -2.19509 -2.38078 2.29
    endloop
  endfacet
  facet normal -0.146741 -0.989175 -0
    outer loop
      vertex -2.09802 -2.39518 2.29
      vertex -2.19509 -2.38078 1.89
      vertex -2.09802 -2.39518 1.89
    endloop
  endfacet
  facet normal 0.941548 0.336879 0
    outer loop
      vertex 2.95694 1.69028 2.29
      vertex 2.92388 1.78268 1.89
      vertex 2.92388 1.78268 2.29
    endloop
  endfacet
  facet normal 0.941548 0.336879 0
    outer loop
      vertex 2.92388 1.78268 1.89
      vertex 2.95694 1.69028 2.29
      vertex 2.95694 1.69028 1.89
    endloop
  endfacet
  facet normal -0.671505 0.741 0
    outer loop
      vertex -2.63439 2.17301 1.89
      vertex -2.70711 2.10711 2.29
      vertex -2.63439 2.17301 2.29
    endloop
  endfacet
  facet normal -0.671505 0.741 0
    outer loop
      vertex -2.70711 2.10711 2.29
      vertex -2.63439 2.17301 1.89
      vertex -2.70711 2.10711 1.89
    endloop
  endfacet
  facet normal 0.970041 0.242943 0
    outer loop
      vertex 2.98078 1.59509 2.29
      vertex 2.95694 1.69028 1.89
      vertex 2.95694 1.69028 2.29
    endloop
  endfacet
  facet normal 0.970041 0.242943 0
    outer loop
      vertex 2.95694 1.69028 1.89
      vertex 2.98078 1.59509 2.29
      vertex 2.98078 1.59509 1.89
    endloop
  endfacet
  facet normal 0.427543 0.903995 -0
    outer loop
      vertex 2.4714 2.28192 1.89
      vertex 2.38268 2.32388 2.29
      vertex 2.4714 2.28192 2.29
    endloop
  endfacet
  facet normal 0.427543 0.903995 0
    outer loop
      vertex 2.38268 2.32388 2.29
      vertex 2.4714 2.28192 1.89
      vertex 2.38268 2.32388 1.89
    endloop
  endfacet
  facet normal -0.336879 0.941548 0
    outer loop
      vertex -2.29028 2.35694 1.89
      vertex -2.38268 2.32388 2.29
      vertex -2.29028 2.35694 2.29
    endloop
  endfacet
  facet normal -0.336879 0.941548 0
    outer loop
      vertex -2.38268 2.32388 2.29
      vertex -2.29028 2.35694 1.89
      vertex -2.38268 2.32388 1.89
    endloop
  endfacet
  facet normal -0.803192 -0.59572 0
    outer loop
      vertex -2.77301 -2.03439 1.89
      vertex -2.83147 -1.95557 2.29
      vertex -2.83147 -1.95557 1.89
    endloop
  endfacet
  facet normal -0.803192 -0.59572 0
    outer loop
      vertex -2.83147 -1.95557 2.29
      vertex -2.77301 -2.03439 1.89
      vertex -2.77301 -2.03439 2.29
    endloop
  endfacet
  facet normal -0.970041 -0.242943 0
    outer loop
      vertex -2.95694 -1.69028 1.89
      vertex -2.98078 -1.59509 2.29
      vertex -2.98078 -1.59509 1.89
    endloop
  endfacet
  facet normal -0.970041 -0.242943 0
    outer loop
      vertex -2.98078 -1.59509 2.29
      vertex -2.95694 -1.69028 1.89
      vertex -2.95694 -1.69028 2.29
    endloop
  endfacet
  facet normal 0.903995 -0.427543 0
    outer loop
      vertex 2.88192 -1.8714 2.29
      vertex 2.92388 -1.78268 1.89
      vertex 2.92388 -1.78268 2.29
    endloop
  endfacet
  facet normal 0.903995 -0.427543 0
    outer loop
      vertex 2.92388 -1.78268 1.89
      vertex 2.88192 -1.8714 2.29
      vertex 2.88192 -1.8714 1.89
    endloop
  endfacet
  facet normal -0.514106 0.857727 0
    outer loop
      vertex -2.4714 2.28192 1.89
      vertex -2.55557 2.23147 2.29
      vertex -2.4714 2.28192 2.29
    endloop
  endfacet
  facet normal -0.514106 0.857727 0
    outer loop
      vertex -2.55557 2.23147 2.29
      vertex -2.4714 2.28192 1.89
      vertex -2.55557 2.23147 1.89
    endloop
  endfacet
  facet normal 0.903995 0.427543 0
    outer loop
      vertex 2.92388 1.78268 2.29
      vertex 2.88192 1.8714 1.89
      vertex 2.88192 1.8714 2.29
    endloop
  endfacet
  facet normal 0.903995 0.427543 0
    outer loop
      vertex 2.88192 1.8714 1.89
      vertex 2.92388 1.78268 2.29
      vertex 2.92388 1.78268 1.89
    endloop
  endfacet
  facet normal -0.941548 0.336879 0
    outer loop
      vertex -2.95694 1.69028 1.89
      vertex -2.92388 1.78268 2.29
      vertex -2.92388 1.78268 1.89
    endloop
  endfacet
  facet normal -0.941548 0.336879 0
    outer loop
      vertex -2.92388 1.78268 2.29
      vertex -2.95694 1.69028 1.89
      vertex -2.95694 1.69028 2.29
    endloop
  endfacet
  facet normal -0.970041 0.242943 0
    outer loop
      vertex -2.98078 1.59509 1.89
      vertex -2.95694 1.69028 2.29
      vertex -2.95694 1.69028 1.89
    endloop
  endfacet
  facet normal -0.970041 0.242943 0
    outer loop
      vertex -2.95694 1.69028 2.29
      vertex -2.98078 1.59509 1.89
      vertex -2.98078 1.59509 2.29
    endloop
  endfacet
  facet normal -0.998793 -0.0491143 0
    outer loop
      vertex -2.99518 -1.49802 1.89
      vertex -3 -1.4 2.29
      vertex -3 -1.4 1.89
    endloop
  endfacet
  facet normal -0.998793 -0.0491143 0
    outer loop
      vertex -3 -1.4 2.29
      vertex -2.99518 -1.49802 1.89
      vertex -2.99518 -1.49802 2.29
    endloop
  endfacet
  facet normal -0.427543 0.903995 0
    outer loop
      vertex -2.38268 2.32388 1.89
      vertex -2.4714 2.28192 2.29
      vertex -2.38268 2.32388 2.29
    endloop
  endfacet
  facet normal -0.427543 0.903995 0
    outer loop
      vertex -2.4714 2.28192 2.29
      vertex -2.38268 2.32388 1.89
      vertex -2.4714 2.28192 1.89
    endloop
  endfacet
  facet normal 0.970041 -0.242943 0
    outer loop
      vertex 2.95694 -1.69028 2.29
      vertex 2.98078 -1.59509 1.89
      vertex 2.98078 -1.59509 2.29
    endloop
  endfacet
  facet normal 0.970041 -0.242943 0
    outer loop
      vertex 2.98078 -1.59509 1.89
      vertex 2.95694 -1.69028 2.29
      vertex 2.95694 -1.69028 1.89
    endloop
  endfacet
  facet normal 0.803192 -0.59572 0
    outer loop
      vertex 2.77301 -2.03439 2.29
      vertex 2.83147 -1.95557 1.89
      vertex 2.83147 -1.95557 2.29
    endloop
  endfacet
  facet normal 0.803192 -0.59572 0
    outer loop
      vertex 2.83147 -1.95557 1.89
      vertex 2.77301 -2.03439 2.29
      vertex 2.77301 -2.03439 1.89
    endloop
  endfacet
  facet normal 0.741 -0.671505 0
    outer loop
      vertex 2.70711 -2.10711 2.29
      vertex 2.77301 -2.03439 1.89
      vertex 2.77301 -2.03439 2.29
    endloop
  endfacet
  facet normal 0.741 -0.671505 0
    outer loop
      vertex 2.77301 -2.03439 1.89
      vertex 2.70711 -2.10711 2.29
      vertex 2.70711 -2.10711 1.89
    endloop
  endfacet
  facet normal 0.427543 -0.903995 0
    outer loop
      vertex 2.38268 -2.32388 1.89
      vertex 2.4714 -2.28192 2.29
      vertex 2.38268 -2.32388 2.29
    endloop
  endfacet
  facet normal 0.427543 -0.903995 0
    outer loop
      vertex 2.4714 -2.28192 2.29
      vertex 2.38268 -2.32388 1.89
      vertex 2.4714 -2.28192 1.89
    endloop
  endfacet
  facet normal -1 0 0
    outer loop
      vertex -3 1 1.89
      vertex -3 1.4 2.29
      vertex -3 1.4 1.89
    endloop
  endfacet
  facet normal -1 -0 0
    outer loop
      vertex -3 1.4 2.29
      vertex -3 1 1.89
      vertex -3 1 2.29
    endloop
  endfacet
  facet normal -1 0 0
    outer loop
      vertex -3 -1.4 1.89
      vertex -3 -1 2.29
      vertex -3 -1 1.89
    endloop
  endfacet
  facet normal -1 -0 0
    outer loop
      vertex -3 -1 2.29
      vertex -3 -1.4 1.89
      vertex -3 -1.4 2.29
    endloop
  endfacet
  facet normal 0 0 1
    outer loop
      vertex 2 -2.4 2.29
      vertex 3 -1.4 2.29
      vertex 3 -1 2.29
    endloop
  endfacet
  facet normal 0 0 1
    outer loop
      vertex 3 -1.4 2.29
      vertex 2 -2.4 2.29
      vertex 2.99518 -1.49802 2.29
    endloop
  endfacet
  facet normal 0 0 1
    outer loop
      vertex 2.99518 -1.49802 2.29
      vertex 2 -2.4 2.29
      vertex 2.98078 -1.59509 2.29
    endloop
  endfacet
  facet normal 0 0 1
    outer loop
      vertex 2.98078 -1.59509 2.29
      vertex 2 -2.4 2.29
      vertex 2.95694 -1.69028 2.29
    endloop
  endfacet
  facet normal 0 0 1
    outer loop
      vertex 2.95694 -1.69028 2.29
      vertex 2 -2.4 2.29
      vertex 2.92388 -1.78268 2.29
    endloop
  endfacet
  facet normal 0 0 1
    outer loop
      vertex 2.92388 -1.78268 2.29
      vertex 2 -2.4 2.29
      vertex 2.88192 -1.8714 2.29
    endloop
  endfacet
  facet normal 0 0 1
    outer loop
      vertex 2.88192 -1.8714 2.29
      vertex 2 -2.4 2.29
      vertex 2.83147 -1.95557 2.29
    endloop
  endfacet
  facet normal 0 0 1
    outer loop
      vertex 2.83147 -1.95557 2.29
      vertex 2 -2.4 2.29
      vertex 2.77301 -2.03439 2.29
    endloop
  endfacet
  facet normal 0 0 1
    outer loop
      vertex 2.77301 -2.03439 2.29
      vertex 2 -2.4 2.29
      vertex 2.70711 -2.10711 2.29
    endloop
  endfacet
  facet normal 0 0 1
    outer loop
      vertex 2.70711 -2.10711 2.29
      vertex 2.55557 -2.23147 2.29
      vertex 2.63439 -2.17301 2.29
    endloop
  endfacet
  facet normal 0 0 1
    outer loop
      vertex 2.70711 -2.10711 2.29
      vertex 2.4714 -2.28192 2.29
      vertex 2.55557 -2.23147 2.29
    endloop
  endfacet
  facet normal 0 0 1
    outer loop
      vertex 2.70711 -2.10711 2.29
      vertex 2.38268 -2.32388 2.29
      vertex 2.4714 -2.28192 2.29
    endloop
  endfacet
  facet normal 0 0 1
    outer loop
      vertex 2.70711 -2.10711 2.29
      vertex 2.29028 -2.35694 2.29
      vertex 2.38268 -2.32388 2.29
    endloop
  endfacet
  facet normal 0 0 1
    outer loop
      vertex 2.70711 -2.10711 2.29
      vertex 2.19509 -2.38078 2.29
      vertex 2.29028 -2.35694 2.29
    endloop
  endfacet
  facet normal 0 0 1
    outer loop
      vertex 2.70711 -2.10711 2.29
      vertex 2.09802 -2.39518 2.29
      vertex 2.19509 -2.38078 2.29
    endloop
  endfacet
  facet normal 0 0 1
    outer loop
      vertex 2.70711 -2.10711 2.29
      vertex 2 -2.4 2.29
      vertex 2.09802 -2.39518 2.29
    endloop
  endfacet
  facet normal 0 0 1
    outer loop
      vertex 3 -1 2.29
      vertex -2 -2.4 2.29
      vertex 2 -2.4 2.29
    endloop
  endfacet
  facet normal -0 0 1
    outer loop
      vertex -3 -1 2.29
      vertex -2 -2.4 2.29
      vertex 3 -1 2.29
    endloop
  endfacet
  facet normal -0 0 1
    outer loop
      vertex -3 -1.4 2.29
      vertex -2 -2.4 2.29
      vertex -3 -1 2.29
    endloop
  endfacet
  facet normal 0 0 1
    outer loop
      vertex -2 -2.4 2.29
      vertex -3 -1.4 2.29
      vertex -2.09802 -2.39518 2.29
    endloop
  endfacet
  facet normal 0 0 1
    outer loop
      vertex -2.09802 -2.39518 2.29
      vertex -3 -1.4 2.29
      vertex -2.19509 -2.38078 2.29
    endloop
  endfacet
  facet normal 0 0 1
    outer loop
      vertex -2.19509 -2.38078 2.29
      vertex -3 -1.4 2.29
      vertex -2.29028 -2.35694 2.29
    endloop
  endfacet
  facet normal 0 0 1
    outer loop
      vertex -2.29028 -2.35694 2.29
      vertex -3 -1.4 2.29
      vertex -2.38268 -2.32388 2.29
    endloop
  endfacet
  facet normal 0 0 1
    outer loop
      vertex -2.38268 -2.32388 2.29
      vertex -3 -1.4 2.29
      vertex -2.4714 -2.28192 2.29
    endloop
  endfacet
  facet normal 0 0 1
    outer loop
      vertex -2.4714 -2.28192 2.29
      vertex -3 -1.4 2.29
      vertex -2.55557 -2.23147 2.29
    endloop
  endfacet
  facet normal 0 0 1
    outer loop
      vertex -2.55557 -2.23147 2.29
      vertex -3 -1.4 2.29
      vertex -2.63439 -2.17301 2.29
    endloop
  endfacet
  facet normal 0 0 1
    outer loop
      vertex -2.63439 -2.17301 2.29
      vertex -3 -1.4 2.29
      vertex -2.70711 -2.10711 2.29
    endloop
  endfacet
  facet normal 0 0 1
    outer loop
      vertex -2.70711 -2.10711 2.29
      vertex -3 -1.4 2.29
      vertex -2.77301 -2.03439 2.29
    endloop
  endfacet
  facet normal 0 0 1
    outer loop
      vertex -2.77301 -2.03439 2.29
      vertex -3 -1.4 2.29
      vertex -2.83147 -1.95557 2.29
    endloop
  endfacet
  facet normal 0 0 1
    outer loop
      vertex -2.83147 -1.95557 2.29
      vertex -3 -1.4 2.29
      vertex -2.88192 -1.8714 2.29
    endloop
  endfacet
  facet normal 0 0 1
    outer loop
      vertex -2.88192 -1.8714 2.29
      vertex -3 -1.4 2.29
      vertex -2.92388 -1.78268 2.29
    endloop
  endfacet
  facet normal 0 0 1
    outer loop
      vertex -2.95694 -1.69028 2.29
      vertex -3 -1.4 2.29
      vertex -2.98078 -1.59509 2.29
    endloop
  endfacet
  facet normal 0 0 1
    outer loop
      vertex -2.92388 -1.78268 2.29
      vertex -3 -1.4 2.29
      vertex -2.95694 -1.69028 2.29
    endloop
  endfacet
  facet normal 0 0 1
    outer loop
      vertex -2.98078 -1.59509 2.29
      vertex -3 -1.4 2.29
      vertex -2.99518 -1.49802 2.29
    endloop
  endfacet
  facet normal 0 0 1
    outer loop
      vertex 2 2.4 2.29
      vertex 3 1.4 2.29
      vertex 2.99518 1.49802 2.29
    endloop
  endfacet
  facet normal 0 0 1
    outer loop
      vertex 2 2.4 2.29
      vertex 2.99518 1.49802 2.29
      vertex 2.98078 1.59509 2.29
    endloop
  endfacet
  facet normal 0 0 1
    outer loop
      vertex 2 2.4 2.29
      vertex 2.98078 1.59509 2.29
      vertex 2.95694 1.69028 2.29
    endloop
  endfacet
  facet normal 0 0 1
    outer loop
      vertex 2 2.4 2.29
      vertex 2.95694 1.69028 2.29
      vertex 2.92388 1.78268 2.29
    endloop
  endfacet
  facet normal 0 0 1
    outer loop
      vertex 2 2.4 2.29
      vertex 2.92388 1.78268 2.29
      vertex 2.88192 1.8714 2.29
    endloop
  endfacet
  facet normal 0 0 1
    outer loop
      vertex 2 2.4 2.29
      vertex 2.88192 1.8714 2.29
      vertex 2.83147 1.95557 2.29
    endloop
  endfacet
  facet normal 0 0 1
    outer loop
      vertex 2 2.4 2.29
      vertex 2.83147 1.95557 2.29
      vertex 2.77301 2.03439 2.29
    endloop
  endfacet
  facet normal 0 0 1
    outer loop
      vertex 2 2.4 2.29
      vertex 2.77301 2.03439 2.29
      vertex 2.70711 2.10711 2.29
    endloop
  endfacet
  facet normal 0 0 1
    outer loop
      vertex 2.55557 2.23147 2.29
      vertex 2.70711 2.10711 2.29
      vertex 2.63439 2.17301 2.29
    endloop
  endfacet
  facet normal 0 0 1
    outer loop
      vertex 2.4714 2.28192 2.29
      vertex 2.70711 2.10711 2.29
      vertex 2.55557 2.23147 2.29
    endloop
  endfacet
  facet normal 0 0 1
    outer loop
      vertex 2.38268 2.32388 2.29
      vertex 2.70711 2.10711 2.29
      vertex 2.4714 2.28192 2.29
    endloop
  endfacet
  facet normal 0 0 1
    outer loop
      vertex 2.29028 2.35694 2.29
      vertex 2.70711 2.10711 2.29
      vertex 2.38268 2.32388 2.29
    endloop
  endfacet
  facet normal 0 0 1
    outer loop
      vertex 2.19509 2.38078 2.29
      vertex 2.70711 2.10711 2.29
      vertex 2.29028 2.35694 2.29
    endloop
  endfacet
  facet normal 0 0 1
    outer loop
      vertex 2.09802 2.39518 2.29
      vertex 2.70711 2.10711 2.29
      vertex 2.19509 2.38078 2.29
    endloop
  endfacet
  facet normal 0 0 1
    outer loop
      vertex 2 2.4 2.29
      vertex 2.70711 2.10711 2.29
      vertex 2.09802 2.39518 2.29
    endloop
  endfacet
  facet normal 0 0 1
    outer loop
      vertex 3 1.4 2.29
      vertex 2 2.4 2.29
      vertex 3 1 2.29
    endloop
  endfacet
  facet normal -0 0 1
    outer loop
      vertex -2 2.4 2.29
      vertex 3 1 2.29
      vertex 2 2.4 2.29
    endloop
  endfacet
  facet normal 0 0 1
    outer loop
      vertex -3 1.4 2.29
      vertex -2 2.4 2.29
      vertex -2.09802 2.39518 2.29
    endloop
  endfacet
  facet normal 0 0 1
    outer loop
      vertex -3 1.4 2.29
      vertex -2.09802 2.39518 2.29
      vertex -2.19509 2.38078 2.29
    endloop
  endfacet
  facet normal 0 0 1
    outer loop
      vertex -3 1.4 2.29
      vertex -2.19509 2.38078 2.29
      vertex -2.29028 2.35694 2.29
    endloop
  endfacet
  facet normal 0 0 1
    outer loop
      vertex -3 1.4 2.29
      vertex -2.29028 2.35694 2.29
      vertex -2.38268 2.32388 2.29
    endloop
  endfacet
  facet normal 0 0 1
    outer loop
      vertex -3 1.4 2.29
      vertex -2.38268 2.32388 2.29
      vertex -2.4714 2.28192 2.29
    endloop
  endfacet
  facet normal 0 0 1
    outer loop
      vertex -3 1.4 2.29
      vertex -2.4714 2.28192 2.29
      vertex -2.55557 2.23147 2.29
    endloop
  endfacet
  facet normal 0 0 1
    outer loop
      vertex -3 1.4 2.29
      vertex -2.55557 2.23147 2.29
      vertex -2.63439 2.17301 2.29
    endloop
  endfacet
  facet normal 0 0 1
    outer loop
      vertex -3 1.4 2.29
      vertex -2.63439 2.17301 2.29
      vertex -2.70711 2.10711 2.29
    endloop
  endfacet
  facet normal 0 0 1
    outer loop
      vertex -3 1.4 2.29
      vertex -2.70711 2.10711 2.29
      vertex -2.77301 2.03439 2.29
    endloop
  endfacet
  facet normal 0 0 1
    outer loop
      vertex -3 1.4 2.29
      vertex -2.77301 2.03439 2.29
      vertex -2.83147 1.95557 2.29
    endloop
  endfacet
  facet normal 0 0 1
    outer loop
      vertex -3 1.4 2.29
      vertex -2.83147 1.95557 2.29
      vertex -2.88192 1.8714 2.29
    endloop
  endfacet
  facet normal 0 0 1
    outer loop
      vertex -3 1.4 2.29
      vertex -2.88192 1.8714 2.29
      vertex -2.92388 1.78268 2.29
    endloop
  endfacet
  facet normal 0 0 1
    outer loop
      vertex -3 1.4 2.29
      vertex -2.92388 1.78268 2.29
      vertex -2.95694 1.69028 2.29
    endloop
  endfacet
  facet normal 0 0 1
    outer loop
      vertex -3 1.4 2.29
      vertex -2.95694 1.69028 2.29
      vertex -2.98078 1.59509 2.29
    endloop
  endfacet
  facet normal 0 0 1
    outer loop
      vertex -3 1.4 2.29
      vertex -2.98078 1.59509 2.29
      vertex -2.99518 1.49802 2.29
    endloop
  endfacet
  facet normal 0 0 1
    outer loop
      vertex -2 2.4 2.29
      vertex -3 1.4 2.29
      vertex -3 1 2.29
    endloop
  endfacet
  facet normal 0 0 1
    outer loop
      vertex -2 2.4 2.29
      vertex -3 1 2.29
      vertex 3 1 2.29
    endloop
  endfacet
  facet normal -0.59572 0.803192 0
    outer loop
      vertex -2.55557 2.23147 1.89
      vertex -2.63439 2.17301 2.29
      vertex -2.55557 2.23147 2.29
    endloop
  endfacet
  facet normal -0.59572 0.803192 0
    outer loop
      vertex -2.63439 2.17301 2.29
      vertex -2.55557 2.23147 1.89
      vertex -2.63439 2.17301 1.89
    endloop
  endfacet
  facet normal 0.741 0.671505 0
    outer loop
      vertex 2.77301 2.03439 2.29
      vertex 2.70711 2.10711 1.89
      vertex 2.70711 2.10711 2.29
    endloop
  endfacet
  facet normal 0.741 0.671505 0
    outer loop
      vertex 2.70711 2.10711 1.89
      vertex 2.77301 2.03439 2.29
      vertex 2.77301 2.03439 1.89
    endloop
  endfacet
  facet normal -0.741 -0.671505 0
    outer loop
      vertex -2.70711 -2.10711 1.89
      vertex -2.77301 -2.03439 2.29
      vertex -2.77301 -2.03439 1.89
    endloop
  endfacet
  facet normal -0.741 -0.671505 0
    outer loop
      vertex -2.77301 -2.03439 2.29
      vertex -2.70711 -2.10711 1.89
      vertex -2.70711 -2.10711 2.29
    endloop
  endfacet
  facet normal -0.514106 -0.857727 0
    outer loop
      vertex -2.55557 -2.23147 1.89
      vertex -2.4714 -2.28192 2.29
      vertex -2.55557 -2.23147 2.29
    endloop
  endfacet
  facet normal -0.514106 -0.857727 -0
    outer loop
      vertex -2.4714 -2.28192 2.29
      vertex -2.55557 -2.23147 1.89
      vertex -2.4714 -2.28192 1.89
    endloop
  endfacet
  facet normal -0.427529 -0.904002 0
    outer loop
      vertex -1.48284 -0.929902 2.29
      vertex -1.42961 -0.955076 3.44
      vertex -1.48284 -0.929902 3.44
    endloop
  endfacet
  facet normal -0.427529 -0.904002 -0
    outer loop
      vertex -1.42961 -0.955076 3.44
      vertex -1.48284 -0.929902 2.29
      vertex -1.42961 -0.955076 2.29
    endloop
  endfacet
  facet normal -0.336909 0.941537 0
    outer loop
      vertex -1.37417 0.573414 2.29
      vertex -1.42961 0.553576 3.44
      vertex -1.37417 0.573414 3.44
    endloop
  endfacet
  facet normal -0.336909 0.941537 0
    outer loop
      vertex -1.42961 0.553576 3.44
      vertex -1.37417 0.573414 2.29
      vertex -1.42961 0.553576 2.29
    endloop
  endfacet
  facet normal 0.740892 -0.671624 0
    outer loop
      vertex 1.62426 -0.825013 3.44
      vertex 1.66381 -0.781384 2.29
      vertex 1.66381 -0.781384 3.44
    endloop
  endfacet
  facet normal 0.740892 -0.671624 0
    outer loop
      vertex 1.66381 -0.781384 2.29
      vertex 1.62426 -0.825013 3.44
      vertex 1.62426 -0.825013 2.29
    endloop
  endfacet
  facet normal -0.671635 0.740882 0
    outer loop
      vertex -1.58064 0.463056 2.29
      vertex -1.62426 0.423513 3.44
      vertex -1.58064 0.463056 3.44
    endloop
  endfacet
  facet normal -0.671635 0.740882 0
    outer loop
      vertex -1.62426 0.423513 3.44
      vertex -1.58064 0.463056 2.29
      vertex -1.62426 0.423513 2.29
    endloop
  endfacet
  facet normal 0.857736 0.514091 0
    outer loop
      vertex 1.72915 0.282087 3.44
      vertex 1.69888 0.332591 2.29
      vertex 1.69888 0.332591 3.44
    endloop
  endfacet
  facet normal 0.857736 0.514091 0
    outer loop
      vertex 1.69888 0.332591 2.29
      vertex 1.72915 0.282087 3.44
      vertex 1.72915 0.282087 2.29
    endloop
  endfacet
  facet normal 0.941578 -0.336794 0
    outer loop
      vertex 1.75433 -0.630359 3.44
      vertex 1.77416 -0.57492 2.29
      vertex 1.77416 -0.57492 3.44
    endloop
  endfacet
  facet normal 0.941578 -0.336794 0
    outer loop
      vertex 1.77416 -0.57492 2.29
      vertex 1.75433 -0.630359 3.44
      vertex 1.75433 -0.630359 2.29
    endloop
  endfacet
  facet normal 0 -1 0
    outer loop
      vertex -1.2 -1.00075 2.29
      vertex 1.2 -1.00075 3.44
      vertex -1.2 -1.00075 3.44
    endloop
  endfacet
  facet normal 0 -1 -0
    outer loop
      vertex 1.2 -1.00075 3.44
      vertex -1.2 -1.00075 2.29
      vertex 1.2 -1.00075 2.29
    endloop
  endfacet
  facet normal 0 1 -0
    outer loop
      vertex 1.2 0.599249 2.29
      vertex -1.2 0.599249 3.44
      vertex 1.2 0.599249 3.44
    endloop
  endfacet
  facet normal 0 1 0
    outer loop
      vertex -1.2 0.599249 3.44
      vertex 1.2 0.599249 2.29
      vertex -1.2 0.599249 2.29
    endloop
  endfacet
  facet normal -0.671625 -0.740891 0
    outer loop
      vertex -1.62426 -0.825013 2.29
      vertex -1.58064 -0.864555 3.44
      vertex -1.62426 -0.825013 3.44
    endloop
  endfacet
  facet normal -0.671625 -0.740891 -0
    outer loop
      vertex -1.58064 -0.864555 3.44
      vertex -1.62426 -0.825013 2.29
      vertex -1.58064 -0.864555 2.29
    endloop
  endfacet
  facet normal 0.595655 -0.803241 0
    outer loop
      vertex 1.53334 -0.899631 2.29
      vertex 1.58064 -0.864555 3.44
      vertex 1.53334 -0.899631 3.44
    endloop
  endfacet
  facet normal 0.595655 -0.803241 0
    outer loop
      vertex 1.58064 -0.864555 3.44
      vertex 1.53334 -0.899631 2.29
      vertex 1.58064 -0.864555 2.29
    endloop
  endfacet
  facet normal -0.595644 0.803249 0
    outer loop
      vertex -1.53334 0.498131 2.29
      vertex -1.58064 0.463056 3.44
      vertex -1.53334 0.498131 3.44
    endloop
  endfacet
  facet normal -0.595644 0.803249 0
    outer loop
      vertex -1.58064 0.463056 3.44
      vertex -1.53334 0.498131 2.29
      vertex -1.58064 0.463056 2.29
    endloop
  endfacet
  facet normal -0.336909 -0.941537 0
    outer loop
      vertex -1.42961 -0.955076 2.29
      vertex -1.37417 -0.974914 3.44
      vertex -1.42961 -0.955076 3.44
    endloop
  endfacet
  facet normal -0.336909 -0.941537 -0
    outer loop
      vertex -1.37417 -0.974914 3.44
      vertex -1.42961 -0.955076 2.29
      vertex -1.37417 -0.974914 2.29
    endloop
  endfacet
  facet normal 0.336909 -0.941537 0
    outer loop
      vertex 1.37417 -0.974914 2.29
      vertex 1.42961 -0.955076 3.44
      vertex 1.37417 -0.974914 3.44
    endloop
  endfacet
  facet normal 0.336909 -0.941537 0
    outer loop
      vertex 1.42961 -0.955076 3.44
      vertex 1.37417 -0.974914 2.29
      vertex 1.42961 -0.955076 2.29
    endloop
  endfacet
  facet normal -0.740892 -0.671624 0
    outer loop
      vertex -1.62426 -0.825013 2.29
      vertex -1.66381 -0.781384 3.44
      vertex -1.66381 -0.781384 2.29
    endloop
  endfacet
  facet normal -0.740892 -0.671624 0
    outer loop
      vertex -1.66381 -0.781384 3.44
      vertex -1.62426 -0.825013 2.29
      vertex -1.62426 -0.825013 3.44
    endloop
  endfacet
  facet normal 0.989175 0.146737 0
    outer loop
      vertex 1.79711 0.0580597 3.44
      vertex 1.78847 0.116303 2.29
      vertex 1.78847 0.116303 3.44
    endloop
  endfacet
  facet normal 0.989175 0.146737 0
    outer loop
      vertex 1.78847 0.116303 2.29
      vertex 1.79711 0.0580597 3.44
      vertex 1.79711 0.0580597 2.29
    endloop
  endfacet
  facet normal 0.0491531 -0.998791 0
    outer loop
      vertex 1.21524 -1 2.29
      vertex 1.2 -1.00075 3.44
      vertex 1.2 -1.00075 2.29
    endloop
  endfacet
  facet normal 0.0490821 -0.998795 -9.43687e-07
    outer loop
      vertex 1.2 -1.00075 3.44
      vertex 1.21524 -1 2.29
      vertex 1.25881 -0.99786 3.44
    endloop
  endfacet
  facet normal 0.0490572 -0.998796 0
    outer loop
      vertex 1.25881 -0.99786 3.44
      vertex 1.21524 -1 2.29
      vertex 1.25881 -0.99786 2.29
    endloop
  endfacet
  facet normal 0.740884 0.671632 0
    outer loop
      vertex 1.66381 0.379885 3.44
      vertex 1.62426 0.423513 2.29
      vertex 1.62426 0.423513 3.44
    endloop
  endfacet
  facet normal 0.740884 0.671632 0
    outer loop
      vertex 1.62426 0.423513 2.29
      vertex 1.66381 0.379885 3.44
      vertex 1.66381 0.379885 2.29
    endloop
  endfacet
  facet normal -0.740884 0.671632 0
    outer loop
      vertex -1.66381 0.379885 2.29
      vertex -1.62426 0.423513 3.44
      vertex -1.62426 0.423513 2.29
    endloop
  endfacet
  facet normal -0.740884 0.671632 0
    outer loop
      vertex -1.62426 0.423513 3.44
      vertex -1.66381 0.379885 2.29
      vertex -1.66381 0.379885 3.44
    endloop
  endfacet
  facet normal -0.903956 -0.427625 0
    outer loop
      vertex -1.72915 -0.683587 2.29
      vertex -1.75433 -0.630359 3.44
      vertex -1.75433 -0.630359 2.29
    endloop
  endfacet
  facet normal -0.903956 -0.427625 0
    outer loop
      vertex -1.75433 -0.630359 3.44
      vertex -1.72915 -0.683587 2.29
      vertex -1.72915 -0.683587 3.44
    endloop
  endfacet
  facet normal 0.427529 -0.904002 0
    outer loop
      vertex 1.42961 -0.955076 2.29
      vertex 1.48284 -0.929902 3.44
      vertex 1.42961 -0.955076 3.44
    endloop
  endfacet
  facet normal 0.427529 -0.904002 0
    outer loop
      vertex 1.48284 -0.929902 3.44
      vertex 1.42961 -0.955076 2.29
      vertex 1.48284 -0.929902 2.29
    endloop
  endfacet
  facet normal 0.998795 -0.0490821 0
    outer loop
      vertex 1.79711 -0.459559 3.44
      vertex 1.8 -0.400749 2.29
      vertex 1.8 -0.400749 3.44
    endloop
  endfacet
  facet normal 0.998795 -0.0490821 0
    outer loop
      vertex 1.8 -0.400749 2.29
      vertex 1.79711 -0.459559 3.44
      vertex 1.79711 -0.459559 2.29
    endloop
  endfacet
  facet normal 0.903956 0.427625 0
    outer loop
      vertex 1.75433 0.228859 3.44
      vertex 1.72915 0.282087 2.29
      vertex 1.72915 0.282087 3.44
    endloop
  endfacet
  facet normal 0.903956 0.427625 0
    outer loop
      vertex 1.72915 0.282087 2.29
      vertex 1.75433 0.228859 3.44
      vertex 1.75433 0.228859 2.29
    endloop
  endfacet
  facet normal 0.671635 0.740882 -0
    outer loop
      vertex 1.62426 0.423513 2.29
      vertex 1.58064 0.463056 3.44
      vertex 1.62426 0.423513 3.44
    endloop
  endfacet
  facet normal 0.671635 0.740882 0
    outer loop
      vertex 1.58064 0.463056 3.44
      vertex 1.62426 0.423513 2.29
      vertex 1.58064 0.463056 2.29
    endloop
  endfacet
  facet normal 0.803253 0.595638 0
    outer loop
      vertex 1.69888 0.332591 3.44
      vertex 1.66381 0.379885 2.29
      vertex 1.66381 0.379885 3.44
    endloop
  endfacet
  facet normal 0.803253 0.595638 0
    outer loop
      vertex 1.66381 0.379885 2.29
      vertex 1.69888 0.332591 3.44
      vertex 1.69888 0.332591 2.29
    endloop
  endfacet
  facet normal -0.242951 0.970039 0
    outer loop
      vertex -1.31705 0.58772 2.29
      vertex -1.37417 0.573414 3.44
      vertex -1.31705 0.58772 3.44
    endloop
  endfacet
  facet normal -0.242951 0.970039 0
    outer loop
      vertex -1.37417 0.573414 3.44
      vertex -1.31705 0.58772 2.29
      vertex -1.37417 0.573414 2.29
    endloop
  endfacet
  facet normal 0 0 1
    outer loop
      vertex 1.2 0.599249 3.44
      vertex 1.8 -0.000749588 3.44
      vertex 1.79711 0.0580597 3.44
    endloop
  endfacet
  facet normal 0 0 1
    outer loop
      vertex 1.8 -0.000749588 3.44
      vertex 1.2 0.599249 3.44
      vertex 1.8 -0.400749 3.44
    endloop
  endfacet
  facet normal 0 0 1
    outer loop
      vertex 1.2 0.599249 3.44
      vertex 1.79711 0.0580597 3.44
      vertex 1.78847 0.116303 3.44
    endloop
  endfacet
  facet normal 0 0 1
    outer loop
      vertex 1.2 -1.00075 3.44
      vertex 1.8 -0.400749 3.44
      vertex 1.2 0.599249 3.44
    endloop
  endfacet
  facet normal 0 0 1
    outer loop
      vertex 1.2 0.599249 3.44
      vertex 1.78847 0.116303 3.44
      vertex 1.77416 0.17342 3.44
    endloop
  endfacet
  facet normal 0 0 1
    outer loop
      vertex 1.8 -0.400749 3.44
      vertex 1.2 -1.00075 3.44
      vertex 1.79711 -0.459559 3.44
    endloop
  endfacet
  facet normal 0 0 1
    outer loop
      vertex 1.2 0.599249 3.44
      vertex 1.77416 0.17342 3.44
      vertex 1.75433 0.228859 3.44
    endloop
  endfacet
  facet normal 0 0 1
    outer loop
      vertex 1.79711 -0.459559 3.44
      vertex 1.2 -1.00075 3.44
      vertex 1.78847 -0.517803 3.44
    endloop
  endfacet
  facet normal 0 0 1
    outer loop
      vertex 1.2 0.599249 3.44
      vertex 1.75433 0.228859 3.44
      vertex 1.72915 0.282087 3.44
    endloop
  endfacet
  facet normal 0 0 1
    outer loop
      vertex 1.78847 -0.517803 3.44
      vertex 1.2 -1.00075 3.44
      vertex 1.77416 -0.57492 3.44
    endloop
  endfacet
  facet normal 0 0 1
    outer loop
      vertex 1.2 0.599249 3.44
      vertex 1.72915 0.282087 3.44
      vertex 1.69888 0.332591 3.44
    endloop
  endfacet
  facet normal 0 0 1
    outer loop
      vertex 1.77416 -0.57492 3.44
      vertex 1.2 -1.00075 3.44
      vertex 1.75433 -0.630359 3.44
    endloop
  endfacet
  facet normal 0 0 1
    outer loop
      vertex 1.2 0.599249 3.44
      vertex 1.69888 0.332591 3.44
      vertex 1.66381 0.379885 3.44
    endloop
  endfacet
  facet normal 0 0 1
    outer loop
      vertex 1.75433 -0.630359 3.44
      vertex 1.2 -1.00075 3.44
      vertex 1.72915 -0.683587 3.44
    endloop
  endfacet
  facet normal 0 0 1
    outer loop
      vertex 1.2 0.599249 3.44
      vertex 1.66381 0.379885 3.44
      vertex 1.62426 0.423513 3.44
    endloop
  endfacet
  facet normal 0 0 1
    outer loop
      vertex 1.72915 -0.683587 3.44
      vertex 1.2 -1.00075 3.44
      vertex 1.69888 -0.734091 3.44
    endloop
  endfacet
  facet normal 0 0 1
    outer loop
      vertex 1.2 0.599249 3.44
      vertex 1.62426 0.423513 3.44
      vertex 1.58064 0.463056 3.44
    endloop
  endfacet
  facet normal 0 0 1
    outer loop
      vertex 1.69888 -0.734091 3.44
      vertex 1.2 -1.00075 3.44
      vertex 1.66381 -0.781384 3.44
    endloop
  endfacet
  facet normal 0 0 1
    outer loop
      vertex 1.2 0.599249 3.44
      vertex 1.58064 0.463056 3.44
      vertex 1.53334 0.498131 3.44
    endloop
  endfacet
  facet normal 0 0 1
    outer loop
      vertex 1.66381 -0.781384 3.44
      vertex 1.2 -1.00075 3.44
      vertex 1.62426 -0.825013 3.44
    endloop
  endfacet
  facet normal 0 0 1
    outer loop
      vertex 1.2 0.599249 3.44
      vertex 1.53334 0.498131 3.44
      vertex 1.48284 0.528402 3.44
    endloop
  endfacet
  facet normal 0 0 1
    outer loop
      vertex 1.62426 -0.825013 3.44
      vertex 1.2 -1.00075 3.44
      vertex 1.58064 -0.864555 3.44
    endloop
  endfacet
  facet normal 0 0 1
    outer loop
      vertex 1.2 0.599249 3.44
      vertex 1.48284 0.528402 3.44
      vertex 1.42961 0.553576 3.44
    endloop
  endfacet
  facet normal 0 0 1
    outer loop
      vertex 1.58064 -0.864555 3.44
      vertex 1.2 -1.00075 3.44
      vertex 1.53334 -0.899631 3.44
    endloop
  endfacet
  facet normal 0 0 1
    outer loop
      vertex 1.2 0.599249 3.44
      vertex 1.42961 0.553576 3.44
      vertex 1.37417 0.573414 3.44
    endloop
  endfacet
  facet normal 0 0 1
    outer loop
      vertex 1.53334 -0.899631 3.44
      vertex 1.2 -1.00075 3.44
      vertex 1.48284 -0.929902 3.44
    endloop
  endfacet
  facet normal 0 0 1
    outer loop
      vertex 1.2 0.599249 3.44
      vertex 1.37417 0.573414 3.44
      vertex 1.31705 0.58772 3.44
    endloop
  endfacet
  facet normal 0 0 1
    outer loop
      vertex 1.48284 -0.929902 3.44
      vertex 1.2 -1.00075 3.44
      vertex 1.42961 -0.955076 3.44
    endloop
  endfacet
  facet normal 0 0 1
    outer loop
      vertex 1.2 0.599249 3.44
      vertex 1.31705 0.58772 3.44
      vertex 1.25881 0.59636 3.44
    endloop
  endfacet
  facet normal 0 0 1
    outer loop
      vertex 1.42961 -0.955076 3.44
      vertex 1.2 -1.00075 3.44
      vertex 1.37417 -0.974914 3.44
    endloop
  endfacet
  facet normal 0 0 1
    outer loop
      vertex 1.37417 -0.974914 3.44
      vertex 1.2 -1.00075 3.44
      vertex 1.31705 -0.98922 3.44
    endloop
  endfacet
  facet normal 0 0 1
    outer loop
      vertex 1.31705 -0.98922 3.44
      vertex 1.2 -1.00075 3.44
      vertex 1.25881 -0.99786 3.44
    endloop
  endfacet
  facet normal -0 0 1
    outer loop
      vertex -1.2 0.599249 3.44
      vertex 1.2 -1.00075 3.44
      vertex 1.2 0.599249 3.44
    endloop
  endfacet
  facet normal 0 0 1
    outer loop
      vertex -1.2 0.599249 3.44
      vertex -1.2 -1.00075 3.44
      vertex 1.2 -1.00075 3.44
    endloop
  endfacet
  facet normal 0 0 1
    outer loop
      vertex -1.8 -0.000749588 3.44
      vertex -1.2 0.599249 3.44
      vertex -1.25881 0.59636 3.44
    endloop
  endfacet
  facet normal 0 0 1
    outer loop
      vertex -1.2 0.599249 3.44
      vertex -1.8 -0.000749588 3.44
      vertex -1.2 -1.00075 3.44
    endloop
  endfacet
  facet normal 0 0 1
    outer loop
      vertex -1.8 -0.000749588 3.44
      vertex -1.25881 0.59636 3.44
      vertex -1.31705 0.58772 3.44
    endloop
  endfacet
  facet normal -0 0 1
    outer loop
      vertex -1.8 -0.400749 3.44
      vertex -1.2 -1.00075 3.44
      vertex -1.8 -0.000749588 3.44
    endloop
  endfacet
  facet normal 0 0 1
    outer loop
      vertex -1.8 -0.000749588 3.44
      vertex -1.31705 0.58772 3.44
      vertex -1.37417 0.573414 3.44
    endloop
  endfacet
  facet normal 0 0 1
    outer loop
      vertex -1.2 -1.00075 3.44
      vertex -1.8 -0.400749 3.44
      vertex -1.25881 -0.99786 3.44
    endloop
  endfacet
  facet normal 0 0 1
    outer loop
      vertex -1.8 -0.000749588 3.44
      vertex -1.37417 0.573414 3.44
      vertex -1.42961 0.553576 3.44
    endloop
  endfacet
  facet normal 0 0 1
    outer loop
      vertex -1.25881 -0.99786 3.44
      vertex -1.8 -0.400749 3.44
      vertex -1.31705 -0.98922 3.44
    endloop
  endfacet
  facet normal 0 0 1
    outer loop
      vertex -1.8 -0.000749588 3.44
      vertex -1.42961 0.553576 3.44
      vertex -1.48284 0.528402 3.44
    endloop
  endfacet
  facet normal 0 0 1
    outer loop
      vertex -1.31705 -0.98922 3.44
      vertex -1.8 -0.400749 3.44
      vertex -1.37417 -0.974914 3.44
    endloop
  endfacet
  facet normal 0 0 1
    outer loop
      vertex -1.8 -0.000749588 3.44
      vertex -1.48284 0.528402 3.44
      vertex -1.53334 0.498131 3.44
    endloop
  endfacet
  facet normal 0 0 1
    outer loop
      vertex -1.37417 -0.974914 3.44
      vertex -1.8 -0.400749 3.44
      vertex -1.42961 -0.955076 3.44
    endloop
  endfacet
  facet normal 0 0 1
    outer loop
      vertex -1.8 -0.000749588 3.44
      vertex -1.53334 0.498131 3.44
      vertex -1.58064 0.463056 3.44
    endloop
  endfacet
  facet normal 0 0 1
    outer loop
      vertex -1.42961 -0.955076 3.44
      vertex -1.8 -0.400749 3.44
      vertex -1.48284 -0.929902 3.44
    endloop
  endfacet
  facet normal 0 0 1
    outer loop
      vertex -1.8 -0.000749588 3.44
      vertex -1.58064 0.463056 3.44
      vertex -1.62426 0.423513 3.44
    endloop
  endfacet
  facet normal 0 0 1
    outer loop
      vertex -1.48284 -0.929902 3.44
      vertex -1.8 -0.400749 3.44
      vertex -1.53334 -0.899631 3.44
    endloop
  endfacet
  facet normal 0 0 1
    outer loop
      vertex -1.8 -0.000749588 3.44
      vertex -1.62426 0.423513 3.44
      vertex -1.66381 0.379885 3.44
    endloop
  endfacet
  facet normal 0 0 1
    outer loop
      vertex -1.53334 -0.899631 3.44
      vertex -1.8 -0.400749 3.44
      vertex -1.58064 -0.864555 3.44
    endloop
  endfacet
  facet normal 0 0 1
    outer loop
      vertex -1.8 -0.000749588 3.44
      vertex -1.66381 0.379885 3.44
      vertex -1.69888 0.332591 3.44
    endloop
  endfacet
  facet normal 0 0 1
    outer loop
      vertex -1.58064 -0.864555 3.44
      vertex -1.8 -0.400749 3.44
      vertex -1.62426 -0.825013 3.44
    endloop
  endfacet
  facet normal 0 0 1
    outer loop
      vertex -1.8 -0.000749588 3.44
      vertex -1.69888 0.332591 3.44
      vertex -1.72915 0.282087 3.44
    endloop
  endfacet
  facet normal 0 0 1
    outer loop
      vertex -1.62426 -0.825013 3.44
      vertex -1.8 -0.400749 3.44
      vertex -1.66381 -0.781384 3.44
    endloop
  endfacet
  facet normal 0 0 1
    outer loop
      vertex -1.8 -0.000749588 3.44
      vertex -1.72915 0.282087 3.44
      vertex -1.75433 0.228859 3.44
    endloop
  endfacet
  facet normal 0 0 1
    outer loop
      vertex -1.66381 -0.781384 3.44
      vertex -1.8 -0.400749 3.44
      vertex -1.69888 -0.734091 3.44
    endloop
  endfacet
  facet normal 0 0 1
    outer loop
      vertex -1.8 -0.000749588 3.44
      vertex -1.75433 0.228859 3.44
      vertex -1.77416 0.17342 3.44
    endloop
  endfacet
  facet normal 0 0 1
    outer loop
      vertex -1.69888 -0.734091 3.44
      vertex -1.8 -0.400749 3.44
      vertex -1.72915 -0.683587 3.44
    endloop
  endfacet
  facet normal 0 0 1
    outer loop
      vertex -1.8 -0.000749588 3.44
      vertex -1.77416 0.17342 3.44
      vertex -1.78847 0.116303 3.44
    endloop
  endfacet
  facet normal 0 0 1
    outer loop
      vertex -1.72915 -0.683587 3.44
      vertex -1.8 -0.400749 3.44
      vertex -1.75433 -0.630359 3.44
    endloop
  endfacet
  facet normal 0 0 1
    outer loop
      vertex -1.8 -0.000749588 3.44
      vertex -1.78847 0.116303 3.44
      vertex -1.79711 0.0580597 3.44
    endloop
  endfacet
  facet normal 0 0 1
    outer loop
      vertex -1.75433 -0.630359 3.44
      vertex -1.8 -0.400749 3.44
      vertex -1.77416 -0.57492 3.44
    endloop
  endfacet
  facet normal 0 0 1
    outer loop
      vertex -1.77416 -0.57492 3.44
      vertex -1.8 -0.400749 3.44
      vertex -1.78847 -0.517803 3.44
    endloop
  endfacet
  facet normal 0 0 1
    outer loop
      vertex -1.78847 -0.517803 3.44
      vertex -1.8 -0.400749 3.44
      vertex -1.79711 -0.459559 3.44
    endloop
  endfacet
  facet normal -0.989175 0.146737 0
    outer loop
      vertex -1.79711 0.0580597 2.29
      vertex -1.78847 0.116303 3.44
      vertex -1.78847 0.116303 2.29
    endloop
  endfacet
  facet normal -0.989175 0.146737 0
    outer loop
      vertex -1.78847 0.116303 3.44
      vertex -1.79711 0.0580597 2.29
      vertex -1.79711 0.0580597 3.44
    endloop
  endfacet
  facet normal 0.903956 -0.427625 0
    outer loop
      vertex 1.72915 -0.683587 3.44
      vertex 1.75433 -0.630359 2.29
      vertex 1.75433 -0.630359 3.44
    endloop
  endfacet
  facet normal 0.903956 -0.427625 0
    outer loop
      vertex 1.75433 -0.630359 2.29
      vertex 1.72915 -0.683587 3.44
      vertex 1.72915 -0.683587 2.29
    endloop
  endfacet
  facet normal -0.989176 -0.146736 0
    outer loop
      vertex -1.78847 -0.517803 2.29
      vertex -1.79711 -0.459559 3.44
      vertex -1.79711 -0.459559 2.29
    endloop
  endfacet
  facet normal -0.989176 -0.146736 0
    outer loop
      vertex -1.79711 -0.459559 3.44
      vertex -1.78847 -0.517803 2.29
      vertex -1.78847 -0.517803 3.44
    endloop
  endfacet
  facet normal 0.146746 -0.989174 0
    outer loop
      vertex 1.25881 -0.99786 2.29
      vertex 1.31705 -0.98922 3.44
      vertex 1.25881 -0.99786 3.44
    endloop
  endfacet
  facet normal 0.146746 -0.989174 0
    outer loop
      vertex 1.31705 -0.98922 3.44
      vertex 1.25881 -0.99786 2.29
      vertex 1.31705 -0.98922 2.29
    endloop
  endfacet
  facet normal 0.242951 -0.970039 0
    outer loop
      vertex 1.31705 -0.98922 2.29
      vertex 1.37417 -0.974914 3.44
      vertex 1.31705 -0.98922 3.44
    endloop
  endfacet
  facet normal 0.242951 -0.970039 0
    outer loop
      vertex 1.37417 -0.974914 3.44
      vertex 1.31705 -0.98922 2.29
      vertex 1.37417 -0.974914 2.29
    endloop
  endfacet
  facet normal -0.0490651 0.998796 0
    outer loop
      vertex -1.2 0.599249 2.29
      vertex -1.25881 0.59636 3.44
      vertex -1.2 0.599249 3.44
    endloop
  endfacet
  facet normal -0.0490651 0.998796 0
    outer loop
      vertex -1.25881 0.59636 3.44
      vertex -1.2 0.599249 2.29
      vertex -1.25881 0.59636 2.29
    endloop
  endfacet
  facet normal -0.242951 -0.970039 0
    outer loop
      vertex -1.37417 -0.974914 2.29
      vertex -1.31705 -0.98922 3.44
      vertex -1.37417 -0.974914 3.44
    endloop
  endfacet
  facet normal -0.242951 -0.970039 -0
    outer loop
      vertex -1.31705 -0.98922 3.44
      vertex -1.37417 -0.974914 2.29
      vertex -1.31705 -0.98922 2.29
    endloop
  endfacet
  facet normal -0.857736 0.514091 0
    outer loop
      vertex -1.72915 0.282087 2.29
      vertex -1.69888 0.332591 3.44
      vertex -1.69888 0.332591 2.29
    endloop
  endfacet
  facet normal -0.857736 0.514091 0
    outer loop
      vertex -1.69888 0.332591 3.44
      vertex -1.72915 0.282087 2.29
      vertex -1.72915 0.282087 3.44
    endloop
  endfacet
  facet normal -1 0 0
    outer loop
      vertex -1.8 -0.400749 2.29
      vertex -1.8 -0.000749588 3.44
      vertex -1.8 -0.000749588 2.29
    endloop
  endfacet
  facet normal -1 -0 0
    outer loop
      vertex -1.8 -0.000749588 3.44
      vertex -1.8 -0.400749 2.29
      vertex -1.8 -0.400749 3.44
    endloop
  endfacet
  facet normal 0.0490651 0.998796 -0
    outer loop
      vertex 1.25881 0.59636 2.29
      vertex 1.2 0.599249 3.44
      vertex 1.25881 0.59636 3.44
    endloop
  endfacet
  facet normal 0.0490651 0.998796 0
    outer loop
      vertex 1.2 0.599249 3.44
      vertex 1.25881 0.59636 2.29
      vertex 1.2 0.599249 2.29
    endloop
  endfacet
  facet normal 0.989176 -0.146736 0
    outer loop
      vertex 1.78847 -0.517803 3.44
      vertex 1.79711 -0.459559 2.29
      vertex 1.79711 -0.459559 3.44
    endloop
  endfacet
  facet normal 0.989176 -0.146736 0
    outer loop
      vertex 1.79711 -0.459559 2.29
      vertex 1.78847 -0.517803 3.44
      vertex 1.78847 -0.517803 2.29
    endloop
  endfacet
  facet normal -0.941578 0.336794 0
    outer loop
      vertex -1.77416 0.17342 2.29
      vertex -1.75433 0.228859 3.44
      vertex -1.75433 0.228859 2.29
    endloop
  endfacet
  facet normal -0.941578 0.336794 0
    outer loop
      vertex -1.75433 0.228859 3.44
      vertex -1.77416 0.17342 2.29
      vertex -1.77416 0.17342 3.44
    endloop
  endfacet
  facet normal 0.427529 0.904002 -0
    outer loop
      vertex 1.48284 0.528402 2.29
      vertex 1.42961 0.553576 3.44
      vertex 1.48284 0.528402 3.44
    endloop
  endfacet
  facet normal 0.427529 0.904002 0
    outer loop
      vertex 1.42961 0.553576 3.44
      vertex 1.48284 0.528402 2.29
      vertex 1.42961 0.553576 2.29
    endloop
  endfacet
  facet normal -0.998795 0.0490827 0
    outer loop
      vertex -1.8 -0.000749588 2.29
      vertex -1.79711 0.0580597 3.44
      vertex -1.79711 0.0580597 2.29
    endloop
  endfacet
  facet normal -0.998795 0.0490827 0
    outer loop
      vertex -1.79711 0.0580597 3.44
      vertex -1.8 -0.000749588 2.29
      vertex -1.8 -0.000749588 3.44
    endloop
  endfacet
  facet normal -0.427529 0.904002 0
    outer loop
      vertex -1.42961 0.553576 2.29
      vertex -1.48284 0.528402 3.44
      vertex -1.42961 0.553576 3.44
    endloop
  endfacet
  facet normal -0.427529 0.904002 0
    outer loop
      vertex -1.48284 0.528402 3.44
      vertex -1.42961 0.553576 2.29
      vertex -1.48284 0.528402 2.29
    endloop
  endfacet
  facet normal -0.0490572 -0.998796 0
    outer loop
      vertex -1.21524 -1 2.29
      vertex -1.25881 -0.99786 3.44
      vertex -1.25881 -0.99786 2.29
    endloop
  endfacet
  facet normal -0.0490821 -0.998795 -9.43687e-07
    outer loop
      vertex -1.25881 -0.99786 3.44
      vertex -1.21524 -1 2.29
      vertex -1.2 -1.00075 3.44
    endloop
  endfacet
  facet normal -0.0491531 -0.998791 -0
    outer loop
      vertex -1.2 -1.00075 3.44
      vertex -1.21524 -1 2.29
      vertex -1.2 -1.00075 2.29
    endloop
  endfacet
  facet normal -0.595655 -0.803241 0
    outer loop
      vertex -1.58064 -0.864555 2.29
      vertex -1.53334 -0.899631 3.44
      vertex -1.58064 -0.864555 3.44
    endloop
  endfacet
  facet normal -0.595655 -0.803241 -0
    outer loop
      vertex -1.53334 -0.899631 3.44
      vertex -1.58064 -0.864555 2.29
      vertex -1.53334 -0.899631 2.29
    endloop
  endfacet
  facet normal 0.671625 -0.740891 0
    outer loop
      vertex 1.58064 -0.864555 2.29
      vertex 1.62426 -0.825013 3.44
      vertex 1.58064 -0.864555 3.44
    endloop
  endfacet
  facet normal 0.671625 -0.740891 0
    outer loop
      vertex 1.62426 -0.825013 3.44
      vertex 1.58064 -0.864555 2.29
      vertex 1.62426 -0.825013 2.29
    endloop
  endfacet
  facet normal -0.146746 -0.989174 0
    outer loop
      vertex -1.31705 -0.98922 2.29
      vertex -1.25881 -0.99786 3.44
      vertex -1.31705 -0.98922 3.44
    endloop
  endfacet
  facet normal -0.146746 -0.989174 -0
    outer loop
      vertex -1.25881 -0.99786 3.44
      vertex -1.31705 -0.98922 2.29
      vertex -1.25881 -0.99786 2.29
    endloop
  endfacet
  facet normal 0.803247 -0.595646 0
    outer loop
      vertex 1.66381 -0.781384 3.44
      vertex 1.69888 -0.734091 2.29
      vertex 1.69888 -0.734091 3.44
    endloop
  endfacet
  facet normal 0.803247 -0.595646 0
    outer loop
      vertex 1.69888 -0.734091 2.29
      vertex 1.66381 -0.781384 3.44
      vertex 1.66381 -0.781384 2.29
    endloop
  endfacet
  facet normal 0.336909 0.941537 -0
    outer loop
      vertex 1.42961 0.553576 2.29
      vertex 1.37417 0.573414 3.44
      vertex 1.42961 0.553576 3.44
    endloop
  endfacet
  facet normal 0.336909 0.941537 0
    outer loop
      vertex 1.37417 0.573414 3.44
      vertex 1.42961 0.553576 2.29
      vertex 1.37417 0.573414 2.29
    endloop
  endfacet
  facet normal 0.595644 0.803249 -0
    outer loop
      vertex 1.58064 0.463056 2.29
      vertex 1.53334 0.498131 3.44
      vertex 1.58064 0.463056 3.44
    endloop
  endfacet
  facet normal 0.595644 0.803249 0
    outer loop
      vertex 1.53334 0.498131 3.44
      vertex 1.58064 0.463056 2.29
      vertex 1.53334 0.498131 2.29
    endloop
  endfacet
  facet normal 1 -0 0
    outer loop
      vertex 1.8 -0.400749 3.44
      vertex 1.8 -0.000749588 2.29
      vertex 1.8 -0.000749588 3.44
    endloop
  endfacet
  facet normal 1 0 0
    outer loop
      vertex 1.8 -0.000749588 2.29
      vertex 1.8 -0.400749 3.44
      vertex 1.8 -0.400749 2.29
    endloop
  endfacet
  facet normal -0.803253 0.595638 0
    outer loop
      vertex -1.69888 0.332591 2.29
      vertex -1.66381 0.379885 3.44
      vertex -1.66381 0.379885 2.29
    endloop
  endfacet
  facet normal -0.803253 0.595638 0
    outer loop
      vertex -1.66381 0.379885 3.44
      vertex -1.69888 0.332591 2.29
      vertex -1.69888 0.332591 3.44
    endloop
  endfacet
  facet normal 0.941578 0.336794 0
    outer loop
      vertex 1.77416 0.17342 3.44
      vertex 1.75433 0.228859 2.29
      vertex 1.75433 0.228859 3.44
    endloop
  endfacet
  facet normal 0.941578 0.336794 0
    outer loop
      vertex 1.75433 0.228859 2.29
      vertex 1.77416 0.17342 3.44
      vertex 1.77416 0.17342 2.29
    endloop
  endfacet
  facet normal -0.970019 -0.243027 0
    outer loop
      vertex -1.77416 -0.57492 2.29
      vertex -1.78847 -0.517803 3.44
      vertex -1.78847 -0.517803 2.29
    endloop
  endfacet
  facet normal -0.970019 -0.243027 0
    outer loop
      vertex -1.78847 -0.517803 3.44
      vertex -1.77416 -0.57492 2.29
      vertex -1.77416 -0.57492 3.44
    endloop
  endfacet
  facet normal -0.998795 -0.0490821 0
    outer loop
      vertex -1.79711 -0.459559 2.29
      vertex -1.8 -0.400749 3.44
      vertex -1.8 -0.400749 2.29
    endloop
  endfacet
  facet normal -0.998795 -0.0490821 0
    outer loop
      vertex -1.8 -0.400749 3.44
      vertex -1.79711 -0.459559 2.29
      vertex -1.79711 -0.459559 3.44
    endloop
  endfacet
  facet normal -0.803247 -0.595646 0
    outer loop
      vertex -1.66381 -0.781384 2.29
      vertex -1.69888 -0.734091 3.44
      vertex -1.69888 -0.734091 2.29
    endloop
  endfacet
  facet normal -0.803247 -0.595646 0
    outer loop
      vertex -1.69888 -0.734091 3.44
      vertex -1.66381 -0.781384 2.29
      vertex -1.66381 -0.781384 3.44
    endloop
  endfacet
  facet normal 0.242951 0.970039 -0
    outer loop
      vertex 1.37417 0.573414 2.29
      vertex 1.31705 0.58772 3.44
      vertex 1.37417 0.573414 3.44
    endloop
  endfacet
  facet normal 0.242951 0.970039 0
    outer loop
      vertex 1.31705 0.58772 3.44
      vertex 1.37417 0.573414 2.29
      vertex 1.31705 0.58772 2.29
    endloop
  endfacet
  facet normal 0.857736 -0.514091 0
    outer loop
      vertex 1.69888 -0.734091 3.44
      vertex 1.72915 -0.683587 2.29
      vertex 1.72915 -0.683587 3.44
    endloop
  endfacet
  facet normal 0.857736 -0.514091 0
    outer loop
      vertex 1.72915 -0.683587 2.29
      vertex 1.69888 -0.734091 3.44
      vertex 1.69888 -0.734091 2.29
    endloop
  endfacet
  facet normal 0.146746 0.989174 -0
    outer loop
      vertex 1.31705 0.58772 2.29
      vertex 1.25881 0.59636 3.44
      vertex 1.31705 0.58772 3.44
    endloop
  endfacet
  facet normal 0.146746 0.989174 0
    outer loop
      vertex 1.25881 0.59636 3.44
      vertex 1.31705 0.58772 2.29
      vertex 1.25881 0.59636 2.29
    endloop
  endfacet
  facet normal 0.514134 0.85771 -0
    outer loop
      vertex 1.53334 0.498131 2.29
      vertex 1.48284 0.528402 3.44
      vertex 1.53334 0.498131 3.44
    endloop
  endfacet
  facet normal 0.514134 0.85771 0
    outer loop
      vertex 1.48284 0.528402 3.44
      vertex 1.53334 0.498131 2.29
      vertex 1.48284 0.528402 2.29
    endloop
  endfacet
  facet normal -0.970019 0.243027 0
    outer loop
      vertex -1.78847 0.116303 2.29
      vertex -1.77416 0.17342 3.44
      vertex -1.77416 0.17342 2.29
    endloop
  endfacet
  facet normal -0.970019 0.243027 0
    outer loop
      vertex -1.77416 0.17342 3.44
      vertex -1.78847 0.116303 2.29
      vertex -1.78847 0.116303 3.44
    endloop
  endfacet
  facet normal 0.970019 -0.243027 0
    outer loop
      vertex 1.77416 -0.57492 3.44
      vertex 1.78847 -0.517803 2.29
      vertex 1.78847 -0.517803 3.44
    endloop
  endfacet
  facet normal 0.970019 -0.243027 0
    outer loop
      vertex 1.78847 -0.517803 2.29
      vertex 1.77416 -0.57492 3.44
      vertex 1.77416 -0.57492 2.29
    endloop
  endfacet
  facet normal 0.998795 0.0490827 0
    outer loop
      vertex 1.8 -0.000749588 3.44
      vertex 1.79711 0.0580597 2.29
      vertex 1.79711 0.0580597 3.44
    endloop
  endfacet
  facet normal 0.998795 0.0490827 0
    outer loop
      vertex 1.79711 0.0580597 2.29
      vertex 1.8 -0.000749588 3.44
      vertex 1.8 -0.000749588 2.29
    endloop
  endfacet
  facet normal 0.514134 -0.85771 0
    outer loop
      vertex 1.48284 -0.929902 2.29
      vertex 1.53334 -0.899631 3.44
      vertex 1.48284 -0.929902 3.44
    endloop
  endfacet
  facet normal 0.514134 -0.85771 0
    outer loop
      vertex 1.53334 -0.899631 3.44
      vertex 1.48284 -0.929902 2.29
      vertex 1.53334 -0.899631 2.29
    endloop
  endfacet
  facet normal -0.514134 0.85771 0
    outer loop
      vertex -1.48284 0.528402 2.29
      vertex -1.53334 0.498131 3.44
      vertex -1.48284 0.528402 3.44
    endloop
  endfacet
  facet normal -0.514134 0.85771 0
    outer loop
      vertex -1.53334 0.498131 3.44
      vertex -1.48284 0.528402 2.29
      vertex -1.53334 0.498131 2.29
    endloop
  endfacet
  facet normal -0.941578 -0.336794 0
    outer loop
      vertex -1.75433 -0.630359 2.29
      vertex -1.77416 -0.57492 3.44
      vertex -1.77416 -0.57492 2.29
    endloop
  endfacet
  facet normal -0.941578 -0.336794 0
    outer loop
      vertex -1.77416 -0.57492 3.44
      vertex -1.75433 -0.630359 2.29
      vertex -1.75433 -0.630359 3.44
    endloop
  endfacet
  facet normal -0.514134 -0.85771 0
    outer loop
      vertex -1.53334 -0.899631 2.29
      vertex -1.48284 -0.929902 3.44
      vertex -1.53334 -0.899631 3.44
    endloop
  endfacet
  facet normal -0.514134 -0.85771 -0
    outer loop
      vertex -1.48284 -0.929902 3.44
      vertex -1.53334 -0.899631 2.29
      vertex -1.48284 -0.929902 2.29
    endloop
  endfacet
  facet normal -0.857736 -0.514091 0
    outer loop
      vertex -1.69888 -0.734091 2.29
      vertex -1.72915 -0.683587 3.44
      vertex -1.72915 -0.683587 2.29
    endloop
  endfacet
  facet normal -0.857736 -0.514091 0
    outer loop
      vertex -1.72915 -0.683587 3.44
      vertex -1.69888 -0.734091 2.29
      vertex -1.69888 -0.734091 3.44
    endloop
  endfacet
  facet normal 0.970019 0.243027 0
    outer loop
      vertex 1.78847 0.116303 3.44
      vertex 1.77416 0.17342 2.29
      vertex 1.77416 0.17342 3.44
    endloop
  endfacet
  facet normal 0.970019 0.243027 0
    outer loop
      vertex 1.77416 0.17342 2.29
      vertex 1.78847 0.116303 3.44
      vertex 1.78847 0.116303 2.29
    endloop
  endfacet
  facet normal -0.903956 0.427625 0
    outer loop
      vertex -1.75433 0.228859 2.29
      vertex -1.72915 0.282087 3.44
      vertex -1.72915 0.282087 2.29
    endloop
  endfacet
  facet normal -0.903956 0.427625 0
    outer loop
      vertex -1.72915 0.282087 3.44
      vertex -1.75433 0.228859 2.29
      vertex -1.75433 0.228859 3.44
    endloop
  endfacet
  facet normal -0.146746 0.989174 0
    outer loop
      vertex -1.25881 0.59636 2.29
      vertex -1.31705 0.58772 3.44
      vertex -1.25881 0.59636 3.44
    endloop
  endfacet
  facet normal -0.146746 0.989174 0
    outer loop
      vertex -1.31705 0.58772 3.44
      vertex -1.25881 0.59636 2.29
      vertex -1.31705 0.58772 2.29
    endloop
  endfacet
  facet normal -0.336901 -0.94154 0
    outer loop
      vertex 7.89385 -1.9391 0
      vertex 7.96777 -1.96555 1.89
      vertex 7.89385 -1.9391 1.89
    endloop
  endfacet
  facet normal -0.336901 -0.94154 -0
    outer loop
      vertex 7.96777 -1.96555 1.89
      vertex 7.89385 -1.9391 0
      vertex 7.96777 -1.96555 0
    endloop
  endfacet
  facet normal 0.741149 -0.67134 0
    outer loop
      vertex 12.3657 -1.76569 1.89
      vertex 12.4184 -1.70751 0
      vertex 12.4184 -1.70751 1.89
    endloop
  endfacet
  facet normal 0.741149 -0.67134 0
    outer loop
      vertex 12.4184 -1.70751 0
      vertex 12.3657 -1.76569 1.89
      vertex 12.3657 -1.76569 0
    endloop
  endfacet
  facet normal 0.741149 0.67134 0
    outer loop
      vertex 12.4184 1.70751 1.89
      vertex 12.3657 1.76569 0
      vertex 12.3657 1.76569 1.89
    endloop
  endfacet
  facet normal 0.741149 0.67134 0
    outer loop
      vertex 12.3657 1.76569 0
      vertex 12.4184 1.70751 1.89
      vertex 12.4184 1.70751 0
    endloop
  endfacet
  facet normal -0.427489 -0.90402 0
    outer loop
      vertex 7.82288 -1.90554 0
      vertex 7.89385 -1.9391 1.89
      vertex 7.82288 -1.90554 1.89
    endloop
  endfacet
  facet normal -0.427489 -0.90402 -0
    outer loop
      vertex 7.89385 -1.9391 1.89
      vertex 7.82288 -1.90554 0
      vertex 7.89385 -1.9391 0
    endloop
  endfacet
  facet normal 0.903823 0.427906 0
    outer loop
      vertex 12.5391 1.50615 1.89
      vertex 12.5055 1.57712 0
      vertex 12.5055 1.57712 1.89
    endloop
  endfacet
  facet normal 0.903823 0.427906 0
    outer loop
      vertex 12.5055 1.57712 0
      vertex 12.5391 1.50615 1.89
      vertex 12.5391 1.50615 0
    endloop
  endfacet
  facet normal -0.740959 -0.67155 0
    outer loop
      vertex 7.63432 -1.76569 0
      vertex 7.58159 -1.70751 1.89
      vertex 7.58159 -1.70751 0
    endloop
  endfacet
  facet normal -0.740959 -0.67155 0
    outer loop
      vertex 7.58159 -1.70751 1.89
      vertex 7.63432 -1.76569 0
      vertex 7.63432 -1.76569 1.89
    endloop
  endfacet
  facet normal -1 0 0
    outer loop
      vertex 7.4 -1.2 0
      vertex 7.4 1.2 1.89
      vertex 7.4 1.2 0
    endloop
  endfacet
  facet normal -1 -0 0
    outer loop
      vertex 7.4 1.2 1.89
      vertex 7.4 -1.2 0
      vertex 7.4 -1.2 1.89
    endloop
  endfacet
  facet normal -0.989176 -0.146733 0
    outer loop
      vertex 7.41537 -1.35607 0
      vertex 7.40385 -1.27841 1.89
      vertex 7.40385 -1.27841 0
    endloop
  endfacet
  facet normal -0.989176 -0.146733 0
    outer loop
      vertex 7.40385 -1.27841 1.89
      vertex 7.41537 -1.35607 0
      vertex 7.41537 -1.35607 1.89
    endloop
  endfacet
  facet normal -0.998797 0.0490418 0
    outer loop
      vertex 7.4 1.2 0
      vertex 7.40385 1.27841 1.89
      vertex 7.40385 1.27841 0
    endloop
  endfacet
  facet normal -0.998797 0.0490418 0
    outer loop
      vertex 7.40385 1.27841 1.89
      vertex 7.4 1.2 0
      vertex 7.4 1.2 1.89
    endloop
  endfacet
  facet normal 0.80297 -0.596019 0
    outer loop
      vertex 12.4184 -1.70751 1.89
      vertex 12.4652 -1.64446 0
      vertex 12.4652 -1.64446 1.89
    endloop
  endfacet
  facet normal 0.80297 -0.596019 0
    outer loop
      vertex 12.4652 -1.64446 0
      vertex 12.4184 -1.70751 1.89
      vertex 12.4184 -1.70751 0
    endloop
  endfacet
  facet normal -0.94154 -0.336901 0
    outer loop
      vertex 7.4609 -1.50615 0
      vertex 7.43445 -1.43223 1.89
      vertex 7.43445 -1.43223 0
    endloop
  endfacet
  facet normal -0.94154 -0.336901 0
    outer loop
      vertex 7.43445 -1.43223 1.89
      vertex 7.4609 -1.50615 0
      vertex 7.4609 -1.50615 1.89
    endloop
  endfacet
  facet normal -0.803153 -0.595773 0
    outer loop
      vertex 7.58159 -1.70751 0
      vertex 7.53482 -1.64446 1.89
      vertex 7.53482 -1.64446 0
    endloop
  endfacet
  facet normal -0.803153 -0.595773 0
    outer loop
      vertex 7.53482 -1.64446 1.89
      vertex 7.58159 -1.70751 0
      vertex 7.58159 -1.70751 1.89
    endloop
  endfacet
  facet normal 0.427342 -0.90409 0
    outer loop
      vertex 12.1061 -1.9391 0
      vertex 12.1771 -1.90554 1.89
      vertex 12.1061 -1.9391 1.89
    endloop
  endfacet
  facet normal 0.427342 -0.90409 0
    outer loop
      vertex 12.1771 -1.90554 1.89
      vertex 12.1061 -1.9391 0
      vertex 12.1771 -1.90554 0
    endloop
  endfacet
  facet normal 0.858077 -0.513521 0
    outer loop
      vertex 12.4652 -1.64446 1.89
      vertex 12.5055 -1.57712 0
      vertex 12.5055 -1.57712 1.89
    endloop
  endfacet
  facet normal 0.858077 -0.513521 0
    outer loop
      vertex 12.5055 -1.57712 0
      vertex 12.4652 -1.64446 1.89
      vertex 12.4652 -1.64446 0
    endloop
  endfacet
  facet normal 0 -1 0
    outer loop
      vertex 8.2 -2 0
      vertex 11.8 -2 1.89
      vertex 8.2 -2 1.89
    endloop
  endfacet
  facet normal 0 -1 -0
    outer loop
      vertex 11.8 -2 1.89
      vertex 8.2 -2 0
      vertex 11.8 -2 0
    endloop
  endfacet
  facet normal -0.0490418 0.998797 0
    outer loop
      vertex 8.2 2 0
      vertex 8.12159 1.99615 1.89
      vertex 8.2 2 1.89
    endloop
  endfacet
  facet normal -0.0490418 0.998797 0
    outer loop
      vertex 8.12159 1.99615 1.89
      vertex 8.2 2 0
      vertex 8.12159 1.99615 0
    endloop
  endfacet
  facet normal -0.803153 0.595773 0
    outer loop
      vertex 7.53482 1.64446 0
      vertex 7.58159 1.70751 1.89
      vertex 7.58159 1.70751 0
    endloop
  endfacet
  facet normal -0.803153 0.595773 0
    outer loop
      vertex 7.58159 1.70751 1.89
      vertex 7.53482 1.64446 0
      vertex 7.53482 1.64446 1.89
    endloop
  endfacet
  facet normal 0.998765 -0.0496771 0
    outer loop
      vertex 12.5961 -1.27841 1.89
      vertex 12.6 -1.2 0
      vertex 12.6 -1.2 1.89
    endloop
  endfacet
  facet normal 0.998765 -0.0496771 0
    outer loop
      vertex 12.6 -1.2 0
      vertex 12.5961 -1.27841 1.89
      vertex 12.5961 -1.27841 0
    endloop
  endfacet
  facet normal -0.85774 -0.514084 0
    outer loop
      vertex 7.53482 -1.64446 0
      vertex 7.49446 -1.57712 1.89
      vertex 7.49446 -1.57712 0
    endloop
  endfacet
  facet normal -0.85774 -0.514084 0
    outer loop
      vertex 7.49446 -1.57712 1.89
      vertex 7.53482 -1.64446 0
      vertex 7.53482 -1.64446 1.89
    endloop
  endfacet
  facet normal -0.243015 0.970023 0
    outer loop
      vertex 8.04393 1.98463 0
      vertex 7.96777 1.96555 1.89
      vertex 8.04393 1.98463 1.89
    endloop
  endfacet
  facet normal -0.243015 0.970023 0
    outer loop
      vertex 7.96777 1.96555 1.89
      vertex 8.04393 1.98463 0
      vertex 7.96777 1.96555 0
    endloop
  endfacet
  facet normal 0.513747 -0.857942 0
    outer loop
      vertex 12.1771 -1.90554 0
      vertex 12.2445 -1.86518 1.89
      vertex 12.1771 -1.90554 1.89
    endloop
  endfacet
  facet normal 0.513747 -0.857942 0
    outer loop
      vertex 12.2445 -1.86518 1.89
      vertex 12.1771 -1.90554 0
      vertex 12.2445 -1.86518 0
    endloop
  endfacet
  facet normal 0.596078 0.802927 -0
    outer loop
      vertex 12.3075 1.81841 0
      vertex 12.2445 1.86518 1.89
      vertex 12.3075 1.81841 1.89
    endloop
  endfacet
  facet normal 0.596078 0.802927 0
    outer loop
      vertex 12.2445 1.86518 1.89
      vertex 12.3075 1.81841 0
      vertex 12.2445 1.86518 0
    endloop
  endfacet
  facet normal -0.427489 0.90402 0
    outer loop
      vertex 7.89385 1.9391 0
      vertex 7.82288 1.90554 1.89
      vertex 7.89385 1.9391 1.89
    endloop
  endfacet
  facet normal -0.427489 0.90402 0
    outer loop
      vertex 7.82288 1.90554 1.89
      vertex 7.89385 1.9391 0
      vertex 7.82288 1.90554 0
    endloop
  endfacet
  facet normal -0.595773 0.803153 0
    outer loop
      vertex 7.75554 1.86518 0
      vertex 7.69249 1.81841 1.89
      vertex 7.75554 1.86518 1.89
    endloop
  endfacet
  facet normal -0.595773 0.803153 0
    outer loop
      vertex 7.69249 1.81841 1.89
      vertex 7.75554 1.86518 0
      vertex 7.69249 1.81841 0
    endloop
  endfacet
  facet normal -0.740959 0.67155 0
    outer loop
      vertex 7.58159 1.70751 0
      vertex 7.63432 1.76569 1.89
      vertex 7.63432 1.76569 0
    endloop
  endfacet
  facet normal -0.740959 0.67155 0
    outer loop
      vertex 7.63432 1.76569 1.89
      vertex 7.58159 1.70751 0
      vertex 7.58159 1.70751 1.89
    endloop
  endfacet
  facet normal 0.858077 0.513521 0
    outer loop
      vertex 12.5055 1.57712 1.89
      vertex 12.4652 1.64446 0
      vertex 12.4652 1.64446 1.89
    endloop
  endfacet
  facet normal 0.858077 0.513521 0
    outer loop
      vertex 12.4652 1.64446 0
      vertex 12.5055 1.57712 1.89
      vertex 12.5055 1.57712 0
    endloop
  endfacet
  facet normal -0.595773 -0.803153 0
    outer loop
      vertex 7.69249 -1.81841 0
      vertex 7.75554 -1.86518 1.89
      vertex 7.69249 -1.81841 1.89
    endloop
  endfacet
  facet normal -0.595773 -0.803153 -0
    outer loop
      vertex 7.75554 -1.86518 1.89
      vertex 7.69249 -1.81841 0
      vertex 7.75554 -1.86518 0
    endloop
  endfacet
  facet normal 0.941338 -0.337466 0
    outer loop
      vertex 12.5391 -1.50615 1.89
      vertex 12.5656 -1.43223 0
      vertex 12.5656 -1.43223 1.89
    endloop
  endfacet
  facet normal 0.941338 -0.337466 0
    outer loop
      vertex 12.5656 -1.43223 0
      vertex 12.5391 -1.50615 1.89
      vertex 12.5391 -1.50615 0
    endloop
  endfacet
  facet normal 0.671353 -0.741137 0
    outer loop
      vertex 12.3075 -1.81841 0
      vertex 12.3657 -1.76569 1.89
      vertex 12.3075 -1.81841 1.89
    endloop
  endfacet
  facet normal 0.671353 -0.741137 0
    outer loop
      vertex 12.3657 -1.76569 1.89
      vertex 12.3075 -1.81841 0
      vertex 12.3657 -1.76569 0
    endloop
  endfacet
  facet normal -0.671543 -0.740965 0
    outer loop
      vertex 7.63432 -1.76569 0
      vertex 7.69249 -1.81841 1.89
      vertex 7.63432 -1.76569 1.89
    endloop
  endfacet
  facet normal -0.671543 -0.740965 -0
    outer loop
      vertex 7.69249 -1.81841 1.89
      vertex 7.63432 -1.76569 0
      vertex 7.69249 -1.81841 0
    endloop
  endfacet
  facet normal 0.80297 0.596019 0
    outer loop
      vertex 12.4652 1.64446 1.89
      vertex 12.4184 1.70751 0
      vertex 12.4184 1.70751 1.89
    endloop
  endfacet
  facet normal 0.80297 0.596019 0
    outer loop
      vertex 12.4184 1.70751 0
      vertex 12.4652 1.64446 1.89
      vertex 12.4652 1.64446 0
    endloop
  endfacet
  facet normal -0.90402 0.427489 0
    outer loop
      vertex 7.4609 1.50615 0
      vertex 7.49446 1.57712 1.89
      vertex 7.49446 1.57712 0
    endloop
  endfacet
  facet normal -0.90402 0.427489 0
    outer loop
      vertex 7.49446 1.57712 1.89
      vertex 7.4609 1.50615 0
      vertex 7.4609 1.50615 1.89
    endloop
  endfacet
  facet normal -0.970023 0.243015 0
    outer loop
      vertex 7.41537 1.35607 0
      vertex 7.43445 1.43223 1.89
      vertex 7.43445 1.43223 0
    endloop
  endfacet
  facet normal -0.970023 0.243015 0
    outer loop
      vertex 7.43445 1.43223 1.89
      vertex 7.41537 1.35607 0
      vertex 7.41537 1.35607 1.89
    endloop
  endfacet
  facet normal 0.336982 0.941511 -0
    outer loop
      vertex 12.1061 1.9391 0
      vertex 12.0322 1.96555 1.89
      vertex 12.1061 1.9391 1.89
    endloop
  endfacet
  facet normal 0.336982 0.941511 0
    outer loop
      vertex 12.0322 1.96555 1.89
      vertex 12.1061 1.9391 0
      vertex 12.0322 1.96555 0
    endloop
  endfacet
  facet normal 0.998765 0.0496771 0
    outer loop
      vertex 12.6 1.2 1.89
      vertex 12.5961 1.27841 0
      vertex 12.5961 1.27841 1.89
    endloop
  endfacet
  facet normal 0.998765 0.0496771 0
    outer loop
      vertex 12.5961 1.27841 0
      vertex 12.6 1.2 1.89
      vertex 12.6 1.2 0
    endloop
  endfacet
  facet normal -0.671543 0.740965 0
    outer loop
      vertex 7.69249 1.81841 0
      vertex 7.63432 1.76569 1.89
      vertex 7.69249 1.81841 1.89
    endloop
  endfacet
  facet normal -0.671543 0.740965 0
    outer loop
      vertex 7.63432 1.76569 1.89
      vertex 7.69249 1.81841 0
      vertex 7.63432 1.76569 0
    endloop
  endfacet
  facet normal 0.596078 -0.802927 0
    outer loop
      vertex 12.2445 -1.86518 0
      vertex 12.3075 -1.81841 1.89
      vertex 12.2445 -1.86518 1.89
    endloop
  endfacet
  facet normal 0.596078 -0.802927 0
    outer loop
      vertex 12.3075 -1.81841 1.89
      vertex 12.2445 -1.86518 0
      vertex 12.3075 -1.81841 0
    endloop
  endfacet
  facet normal -0.90402 -0.427489 0
    outer loop
      vertex 7.49446 -1.57712 0
      vertex 7.4609 -1.50615 1.89
      vertex 7.4609 -1.50615 0
    endloop
  endfacet
  facet normal -0.90402 -0.427489 0
    outer loop
      vertex 7.4609 -1.50615 1.89
      vertex 7.49446 -1.57712 0
      vertex 7.49446 -1.57712 1.89
    endloop
  endfacet
  facet normal -0.514084 0.85774 0
    outer loop
      vertex 7.82288 1.90554 0
      vertex 7.75554 1.86518 1.89
      vertex 7.82288 1.90554 1.89
    endloop
  endfacet
  facet normal -0.514084 0.85774 0
    outer loop
      vertex 7.75554 1.86518 1.89
      vertex 7.82288 1.90554 0
      vertex 7.75554 1.86518 0
    endloop
  endfacet
  facet normal 0 1 -0
    outer loop
      vertex 11.8 2 0
      vertex 8.2 2 1.89
      vertex 11.8 2 1.89
    endloop
  endfacet
  facet normal 0 1 0
    outer loop
      vertex 8.2 2 1.89
      vertex 11.8 2 0
      vertex 8.2 2 0
    endloop
  endfacet
  facet normal -0.0490418 -0.998797 0
    outer loop
      vertex 8.12159 -1.99615 0
      vertex 8.2 -2 1.89
      vertex 8.12159 -1.99615 1.89
    endloop
  endfacet
  facet normal -0.0490418 -0.998797 -0
    outer loop
      vertex 8.2 -2 1.89
      vertex 8.12159 -1.99615 0
      vertex 8.2 -2 0
    endloop
  endfacet
  facet normal 1 -0 0
    outer loop
      vertex 12.6 -1.2 1.89
      vertex 12.6 1.2 0
      vertex 12.6 1.2 1.89
    endloop
  endfacet
  facet normal 1 0 0
    outer loop
      vertex 12.6 1.2 0
      vertex 12.6 -1.2 1.89
      vertex 12.6 -1.2 0
    endloop
  endfacet
  facet normal -0.998797 -0.0490418 0
    outer loop
      vertex 7.40385 -1.27841 0
      vertex 7.4 -1.2 1.89
      vertex 7.4 -1.2 0
    endloop
  endfacet
  facet normal -0.998797 -0.0490418 0
    outer loop
      vertex 7.4 -1.2 1.89
      vertex 7.40385 -1.27841 0
      vertex 7.40385 -1.27841 1.89
    endloop
  endfacet
  facet normal -0.336901 0.94154 0
    outer loop
      vertex 7.96777 1.96555 0
      vertex 7.89385 1.9391 1.89
      vertex 7.96777 1.96555 1.89
    endloop
  endfacet
  facet normal -0.336901 0.94154 0
    outer loop
      vertex 7.89385 1.9391 1.89
      vertex 7.96777 1.96555 0
      vertex 7.89385 1.9391 0
    endloop
  endfacet
  facet normal 0.336982 -0.941511 0
    outer loop
      vertex 12.0322 -1.96555 0
      vertex 12.1061 -1.9391 1.89
      vertex 12.0322 -1.96555 1.89
    endloop
  endfacet
  facet normal 0.336982 -0.941511 0
    outer loop
      vertex 12.1061 -1.9391 1.89
      vertex 12.0322 -1.96555 0
      vertex 12.1061 -1.9391 0
    endloop
  endfacet
  facet normal -0.970023 -0.243015 0
    outer loop
      vertex 7.43445 -1.43223 0
      vertex 7.41537 -1.35607 1.89
      vertex 7.41537 -1.35607 0
    endloop
  endfacet
  facet normal -0.970023 -0.243015 0
    outer loop
      vertex 7.41537 -1.35607 1.89
      vertex 7.43445 -1.43223 0
      vertex 7.43445 -1.43223 1.89
    endloop
  endfacet
  facet normal 0.989213 -0.146484 0
    outer loop
      vertex 12.5846 -1.35607 1.89
      vertex 12.5961 -1.27841 0
      vertex 12.5961 -1.27841 1.89
    endloop
  endfacet
  facet normal 0.989213 -0.146484 0
    outer loop
      vertex 12.5961 -1.27841 0
      vertex 12.5846 -1.35607 1.89
      vertex 12.5846 -1.35607 0
    endloop
  endfacet
  facet normal 0.970262 -0.242056 0
    outer loop
      vertex 12.5656 -1.43223 1.89
      vertex 12.5846 -1.35607 0
      vertex 12.5846 -1.35607 1.89
    endloop
  endfacet
  facet normal 0.970262 -0.242056 0
    outer loop
      vertex 12.5846 -1.35607 0
      vertex 12.5656 -1.43223 1.89
      vertex 12.5656 -1.43223 0
    endloop
  endfacet
  facet normal 0.049048 0.998796 -0
    outer loop
      vertex 11.8784 1.99615 0
      vertex 11.8 2 1.89
      vertex 11.8784 1.99615 1.89
    endloop
  endfacet
  facet normal 0.049048 0.998796 0
    outer loop
      vertex 11.8 2 1.89
      vertex 11.8784 1.99615 0
      vertex 11.8 2 0
    endloop
  endfacet
  facet normal -0.514084 -0.85774 0
    outer loop
      vertex 7.75554 -1.86518 0
      vertex 7.82288 -1.90554 1.89
      vertex 7.75554 -1.86518 1.89
    endloop
  endfacet
  facet normal -0.514084 -0.85774 -0
    outer loop
      vertex 7.82288 -1.90554 1.89
      vertex 7.75554 -1.86518 0
      vertex 7.82288 -1.90554 0
    endloop
  endfacet
  facet normal -0.243015 -0.970023 0
    outer loop
      vertex 7.96777 -1.96555 0
      vertex 8.04393 -1.98463 1.89
      vertex 7.96777 -1.96555 1.89
    endloop
  endfacet
  facet normal -0.243015 -0.970023 -0
    outer loop
      vertex 8.04393 -1.98463 1.89
      vertex 7.96777 -1.96555 0
      vertex 8.04393 -1.98463 0
    endloop
  endfacet
  facet normal -0.989176 0.146733 0
    outer loop
      vertex 7.40385 1.27841 0
      vertex 7.41537 1.35607 1.89
      vertex 7.41537 1.35607 0
    endloop
  endfacet
  facet normal -0.989176 0.146733 0
    outer loop
      vertex 7.41537 1.35607 1.89
      vertex 7.40385 1.27841 0
      vertex 7.40385 1.27841 1.89
    endloop
  endfacet
  facet normal 0.941338 0.337466 0
    outer loop
      vertex 12.5656 1.43223 1.89
      vertex 12.5391 1.50615 0
      vertex 12.5391 1.50615 1.89
    endloop
  endfacet
  facet normal 0.941338 0.337466 0
    outer loop
      vertex 12.5391 1.50615 0
      vertex 12.5656 1.43223 1.89
      vertex 12.5656 1.43223 0
    endloop
  endfacet
  facet normal -0.94154 0.336901 0
    outer loop
      vertex 7.43445 1.43223 0
      vertex 7.4609 1.50615 1.89
      vertex 7.4609 1.50615 0
    endloop
  endfacet
  facet normal -0.94154 0.336901 0
    outer loop
      vertex 7.4609 1.50615 1.89
      vertex 7.43445 1.43223 0
      vertex 7.43445 1.43223 1.89
    endloop
  endfacet
  facet normal 0.989213 0.146484 0
    outer loop
      vertex 12.5961 1.27841 1.89
      vertex 12.5846 1.35607 0
      vertex 12.5846 1.35607 1.89
    endloop
  endfacet
  facet normal 0.989213 0.146484 0
    outer loop
      vertex 12.5846 1.35607 0
      vertex 12.5961 1.27841 1.89
      vertex 12.5961 1.27841 0
    endloop
  endfacet
  facet normal 0.146659 0.989187 -0
    outer loop
      vertex 11.9561 1.98463 0
      vertex 11.8784 1.99615 1.89
      vertex 11.9561 1.98463 1.89
    endloop
  endfacet
  facet normal 0.146659 0.989187 0
    outer loop
      vertex 11.8784 1.99615 1.89
      vertex 11.9561 1.98463 0
      vertex 11.8784 1.99615 0
    endloop
  endfacet
  facet normal 0.427342 0.90409 -0
    outer loop
      vertex 12.1771 1.90554 0
      vertex 12.1061 1.9391 1.89
      vertex 12.1771 1.90554 1.89
    endloop
  endfacet
  facet normal 0.427342 0.90409 0
    outer loop
      vertex 12.1061 1.9391 1.89
      vertex 12.1771 1.90554 0
      vertex 12.1061 1.9391 0
    endloop
  endfacet
  facet normal 0.243195 -0.969977 0
    outer loop
      vertex 11.9561 -1.98463 0
      vertex 12.0322 -1.96555 1.89
      vertex 11.9561 -1.98463 1.89
    endloop
  endfacet
  facet normal 0.243195 -0.969977 0
    outer loop
      vertex 12.0322 -1.96555 1.89
      vertex 11.9561 -1.98463 0
      vertex 12.0322 -1.96555 0
    endloop
  endfacet
  facet normal 0.671353 0.741137 -0
    outer loop
      vertex 12.3657 1.76569 0
      vertex 12.3075 1.81841 1.89
      vertex 12.3657 1.76569 1.89
    endloop
  endfacet
  facet normal 0.671353 0.741137 0
    outer loop
      vertex 12.3075 1.81841 1.89
      vertex 12.3657 1.76569 0
      vertex 12.3075 1.81841 0
    endloop
  endfacet
  facet normal 0.513747 0.857942 -0
    outer loop
      vertex 12.2445 1.86518 0
      vertex 12.1771 1.90554 1.89
      vertex 12.2445 1.86518 1.89
    endloop
  endfacet
  facet normal 0.513747 0.857942 0
    outer loop
      vertex 12.1771 1.90554 1.89
      vertex 12.2445 1.86518 0
      vertex 12.1771 1.90554 0
    endloop
  endfacet
  facet normal -0.85774 0.514084 0
    outer loop
      vertex 7.49446 1.57712 0
      vertex 7.53482 1.64446 1.89
      vertex 7.53482 1.64446 0
    endloop
  endfacet
  facet normal -0.85774 0.514084 0
    outer loop
      vertex 7.53482 1.64446 1.89
      vertex 7.49446 1.57712 0
      vertex 7.49446 1.57712 1.89
    endloop
  endfacet
  facet normal 0.903823 -0.427906 0
    outer loop
      vertex 12.5055 -1.57712 1.89
      vertex 12.5391 -1.50615 0
      vertex 12.5391 -1.50615 1.89
    endloop
  endfacet
  facet normal 0.903823 -0.427906 0
    outer loop
      vertex 12.5391 -1.50615 0
      vertex 12.5055 -1.57712 1.89
      vertex 12.5055 -1.57712 0
    endloop
  endfacet
  facet normal -0.146733 -0.989176 0
    outer loop
      vertex 8.04393 -1.98463 0
      vertex 8.12159 -1.99615 1.89
      vertex 8.04393 -1.98463 1.89
    endloop
  endfacet
  facet normal -0.146733 -0.989176 -0
    outer loop
      vertex 8.12159 -1.99615 1.89
      vertex 8.04393 -1.98463 0
      vertex 8.12159 -1.99615 0
    endloop
  endfacet
  facet normal 0.970262 0.242056 0
    outer loop
      vertex 12.5846 1.35607 1.89
      vertex 12.5656 1.43223 0
      vertex 12.5656 1.43223 1.89
    endloop
  endfacet
  facet normal 0.970262 0.242056 0
    outer loop
      vertex 12.5656 1.43223 0
      vertex 12.5846 1.35607 1.89
      vertex 12.5846 1.35607 0
    endloop
  endfacet
  facet normal 0.146659 -0.989187 0
    outer loop
      vertex 11.8784 -1.99615 0
      vertex 11.9561 -1.98463 1.89
      vertex 11.8784 -1.99615 1.89
    endloop
  endfacet
  facet normal 0.146659 -0.989187 0
    outer loop
      vertex 11.9561 -1.98463 1.89
      vertex 11.8784 -1.99615 0
      vertex 11.9561 -1.98463 0
    endloop
  endfacet
  facet normal 0.049048 -0.998796 0
    outer loop
      vertex 11.8 -2 0
      vertex 11.8784 -1.99615 1.89
      vertex 11.8 -2 1.89
    endloop
  endfacet
  facet normal 0.049048 -0.998796 0
    outer loop
      vertex 11.8784 -1.99615 1.89
      vertex 11.8 -2 0
      vertex 11.8784 -1.99615 0
    endloop
  endfacet
  facet normal -0.146733 0.989176 0
    outer loop
      vertex 8.12159 1.99615 0
      vertex 8.04393 1.98463 1.89
      vertex 8.12159 1.99615 1.89
    endloop
  endfacet
  facet normal -0.146733 0.989176 0
    outer loop
      vertex 8.04393 1.98463 1.89
      vertex 8.12159 1.99615 0
      vertex 8.04393 1.98463 0
    endloop
  endfacet
  facet normal 0.243195 0.969977 -0
    outer loop
      vertex 12.0322 1.96555 0
      vertex 11.9561 1.98463 1.89
      vertex 12.0322 1.96555 1.89
    endloop
  endfacet
  facet normal 0.243195 0.969977 0
    outer loop
      vertex 11.9561 1.98463 1.89
      vertex 12.0322 1.96555 0
      vertex 11.9561 1.98463 0
    endloop
  endfacet
  facet normal 0 0 -1
    outer loop
      vertex 11.8 -2 0
      vertex 12.6 -1.2 0
      vertex 12.5961 -1.27841 0
    endloop
  endfacet
  facet normal -0 0 -1
    outer loop
      vertex 12.6 -1.2 0
      vertex 11.8 -2 0
      vertex 12.6 1.2 0
    endloop
  endfacet
  facet normal 0 0 -1
    outer loop
      vertex 11.8 -2 0
      vertex 12.5961 -1.27841 0
      vertex 12.5846 -1.35607 0
    endloop
  endfacet
  facet normal 0 0 -1
    outer loop
      vertex 11.8 2 0
      vertex 12.6 1.2 0
      vertex 11.8 -2 0
    endloop
  endfacet
  facet normal 0 0 -1
    outer loop
      vertex 11.8 -2 0
      vertex 12.5846 -1.35607 0
      vertex 12.5656 -1.43223 0
    endloop
  endfacet
  facet normal 0 0 -1
    outer loop
      vertex 12.6 1.2 0
      vertex 11.8 2 0
      vertex 12.5961 1.27841 0
    endloop
  endfacet
  facet normal 0 0 -1
    outer loop
      vertex 11.8 -2 0
      vertex 12.5656 -1.43223 0
      vertex 12.5391 -1.50615 0
    endloop
  endfacet
  facet normal 0 0 -1
    outer loop
      vertex 12.5961 1.27841 0
      vertex 11.8 2 0
      vertex 12.5846 1.35607 0
    endloop
  endfacet
  facet normal 0 0 -1
    outer loop
      vertex 11.8 -2 0
      vertex 12.5391 -1.50615 0
      vertex 12.5055 -1.57712 0
    endloop
  endfacet
  facet normal 0 0 -1
    outer loop
      vertex 12.5846 1.35607 0
      vertex 11.8 2 0
      vertex 12.5656 1.43223 0
    endloop
  endfacet
  facet normal 0 0 -1
    outer loop
      vertex 11.8 -2 0
      vertex 12.5055 -1.57712 0
      vertex 12.4652 -1.64446 0
    endloop
  endfacet
  facet normal 0 0 -1
    outer loop
      vertex 12.5656 1.43223 0
      vertex 11.8 2 0
      vertex 12.5391 1.50615 0
    endloop
  endfacet
  facet normal 0 0 -1
    outer loop
      vertex 11.8 -2 0
      vertex 12.4652 -1.64446 0
      vertex 12.4184 -1.70751 0
    endloop
  endfacet
  facet normal 0 0 -1
    outer loop
      vertex 12.5391 1.50615 0
      vertex 11.8 2 0
      vertex 12.5055 1.57712 0
    endloop
  endfacet
  facet normal 0 0 -1
    outer loop
      vertex 11.8 -2 0
      vertex 12.4184 -1.70751 0
      vertex 12.3657 -1.76569 0
    endloop
  endfacet
  facet normal 0 0 -1
    outer loop
      vertex 12.5055 1.57712 0
      vertex 11.8 2 0
      vertex 12.4652 1.64446 0
    endloop
  endfacet
  facet normal 0 0 -1
    outer loop
      vertex 11.8 -2 0
      vertex 12.3657 -1.76569 0
      vertex 12.3075 -1.81841 0
    endloop
  endfacet
  facet normal 0 0 -1
    outer loop
      vertex 12.4652 1.64446 0
      vertex 11.8 2 0
      vertex 12.4184 1.70751 0
    endloop
  endfacet
  facet normal 0 0 -1
    outer loop
      vertex 11.8 -2 0
      vertex 12.3075 -1.81841 0
      vertex 12.2445 -1.86518 0
    endloop
  endfacet
  facet normal 0 0 -1
    outer loop
      vertex 12.4184 1.70751 0
      vertex 11.8 2 0
      vertex 12.3657 1.76569 0
    endloop
  endfacet
  facet normal 0 0 -1
    outer loop
      vertex 11.8 -2 0
      vertex 12.2445 -1.86518 0
      vertex 12.1771 -1.90554 0
    endloop
  endfacet
  facet normal 0 0 -1
    outer loop
      vertex 12.3657 1.76569 0
      vertex 11.8 2 0
      vertex 12.3075 1.81841 0
    endloop
  endfacet
  facet normal 0 0 -1
    outer loop
      vertex 11.8 -2 0
      vertex 12.1771 -1.90554 0
      vertex 12.1061 -1.9391 0
    endloop
  endfacet
  facet normal 0 0 -1
    outer loop
      vertex 12.3075 1.81841 0
      vertex 11.8 2 0
      vertex 12.2445 1.86518 0
    endloop
  endfacet
  facet normal 0 0 -1
    outer loop
      vertex 11.8 -2 0
      vertex 12.1061 -1.9391 0
      vertex 12.0322 -1.96555 0
    endloop
  endfacet
  facet normal 0 0 -1
    outer loop
      vertex 12.2445 1.86518 0
      vertex 11.8 2 0
      vertex 12.1771 1.90554 0
    endloop
  endfacet
  facet normal 0 0 -1
    outer loop
      vertex 11.8 -2 0
      vertex 12.0322 -1.96555 0
      vertex 11.9561 -1.98463 0
    endloop
  endfacet
  facet normal 0 0 -1
    outer loop
      vertex 12.1771 1.90554 0
      vertex 11.8 2 0
      vertex 12.1061 1.9391 0
    endloop
  endfacet
  facet normal 0 0 -1
    outer loop
      vertex 11.8 -2 0
      vertex 11.9561 -1.98463 0
      vertex 11.8784 -1.99615 0
    endloop
  endfacet
  facet normal 0 0 -1
    outer loop
      vertex 12.1061 1.9391 0
      vertex 11.8 2 0
      vertex 12.0322 1.96555 0
    endloop
  endfacet
  facet normal 0 0 -1
    outer loop
      vertex 12.0322 1.96555 0
      vertex 11.8 2 0
      vertex 11.9561 1.98463 0
    endloop
  endfacet
  facet normal 0 0 -1
    outer loop
      vertex 11.9561 1.98463 0
      vertex 11.8 2 0
      vertex 11.8784 1.99615 0
    endloop
  endfacet
  facet normal 0 0 -1
    outer loop
      vertex 8.2 -2 0
      vertex 11.8 2 0
      vertex 11.8 -2 0
    endloop
  endfacet
  facet normal 0 0 -1
    outer loop
      vertex 8.2 -2 0
      vertex 8.2 2 0
      vertex 11.8 2 0
    endloop
  endfacet
  facet normal 0 0 -1
    outer loop
      vertex 7.4 -1.2 0
      vertex 8.2 -2 0
      vertex 8.12159 -1.99615 0
    endloop
  endfacet
  facet normal 0 0 -1
    outer loop
      vertex 8.2 -2 0
      vertex 7.4 -1.2 0
      vertex 8.2 2 0
    endloop
  endfacet
  facet normal 0 0 -1
    outer loop
      vertex 7.4 -1.2 0
      vertex 8.12159 -1.99615 0
      vertex 8.04393 -1.98463 0
    endloop
  endfacet
  facet normal 0 0 -1
    outer loop
      vertex 7.4 1.2 0
      vertex 8.2 2 0
      vertex 7.4 -1.2 0
    endloop
  endfacet
  facet normal 0 0 -1
    outer loop
      vertex 7.4 -1.2 0
      vertex 8.04393 -1.98463 0
      vertex 7.96777 -1.96555 0
    endloop
  endfacet
  facet normal 0 0 -1
    outer loop
      vertex 8.2 2 0
      vertex 7.4 1.2 0
      vertex 8.12159 1.99615 0
    endloop
  endfacet
  facet normal 0 0 -1
    outer loop
      vertex 7.4 -1.2 0
      vertex 7.96777 -1.96555 0
      vertex 7.89385 -1.9391 0
    endloop
  endfacet
  facet normal 0 0 -1
    outer loop
      vertex 8.12159 1.99615 0
      vertex 7.4 1.2 0
      vertex 8.04393 1.98463 0
    endloop
  endfacet
  facet normal 0 0 -1
    outer loop
      vertex 7.4 -1.2 0
      vertex 7.89385 -1.9391 0
      vertex 7.82288 -1.90554 0
    endloop
  endfacet
  facet normal 0 0 -1
    outer loop
      vertex 8.04393 1.98463 0
      vertex 7.4 1.2 0
      vertex 7.96777 1.96555 0
    endloop
  endfacet
  facet normal 0 0 -1
    outer loop
      vertex 7.4 -1.2 0
      vertex 7.82288 -1.90554 0
      vertex 7.75554 -1.86518 0
    endloop
  endfacet
  facet normal 0 0 -1
    outer loop
      vertex 7.96777 1.96555 0
      vertex 7.4 1.2 0
      vertex 7.89385 1.9391 0
    endloop
  endfacet
  facet normal 0 0 -1
    outer loop
      vertex 7.4 -1.2 0
      vertex 7.75554 -1.86518 0
      vertex 7.69249 -1.81841 0
    endloop
  endfacet
  facet normal 0 0 -1
    outer loop
      vertex 7.89385 1.9391 0
      vertex 7.4 1.2 0
      vertex 7.82288 1.90554 0
    endloop
  endfacet
  facet normal 0 0 -1
    outer loop
      vertex 7.4 -1.2 0
      vertex 7.69249 -1.81841 0
      vertex 7.63432 -1.76569 0
    endloop
  endfacet
  facet normal 0 0 -1
    outer loop
      vertex 7.82288 1.90554 0
      vertex 7.4 1.2 0
      vertex 7.75554 1.86518 0
    endloop
  endfacet
  facet normal 0 0 -1
    outer loop
      vertex 7.4 -1.2 0
      vertex 7.63432 -1.76569 0
      vertex 7.58159 -1.70751 0
    endloop
  endfacet
  facet normal 0 0 -1
    outer loop
      vertex 7.75554 1.86518 0
      vertex 7.4 1.2 0
      vertex 7.69249 1.81841 0
    endloop
  endfacet
  facet normal 0 0 -1
    outer loop
      vertex 7.4 -1.2 0
      vertex 7.58159 -1.70751 0
      vertex 7.53482 -1.64446 0
    endloop
  endfacet
  facet normal 0 0 -1
    outer loop
      vertex 7.69249 1.81841 0
      vertex 7.4 1.2 0
      vertex 7.63432 1.76569 0
    endloop
  endfacet
  facet normal 0 0 -1
    outer loop
      vertex 7.4 -1.2 0
      vertex 7.53482 -1.64446 0
      vertex 7.49446 -1.57712 0
    endloop
  endfacet
  facet normal 0 0 -1
    outer loop
      vertex 7.63432 1.76569 0
      vertex 7.4 1.2 0
      vertex 7.58159 1.70751 0
    endloop
  endfacet
  facet normal 0 0 -1
    outer loop
      vertex 7.4 -1.2 0
      vertex 7.49446 -1.57712 0
      vertex 7.4609 -1.50615 0
    endloop
  endfacet
  facet normal 0 0 -1
    outer loop
      vertex 7.58159 1.70751 0
      vertex 7.4 1.2 0
      vertex 7.53482 1.64446 0
    endloop
  endfacet
  facet normal 0 0 -1
    outer loop
      vertex 7.4 -1.2 0
      vertex 7.4609 -1.50615 0
      vertex 7.43445 -1.43223 0
    endloop
  endfacet
  facet normal 0 0 -1
    outer loop
      vertex 7.53482 1.64446 0
      vertex 7.4 1.2 0
      vertex 7.49446 1.57712 0
    endloop
  endfacet
  facet normal 0 0 -1
    outer loop
      vertex 7.4 -1.2 0
      vertex 7.43445 -1.43223 0
      vertex 7.41537 -1.35607 0
    endloop
  endfacet
  facet normal 0 0 -1
    outer loop
      vertex 7.49446 1.57712 0
      vertex 7.4 1.2 0
      vertex 7.4609 1.50615 0
    endloop
  endfacet
  facet normal 0 0 -1
    outer loop
      vertex 7.4 -1.2 0
      vertex 7.41537 -1.35607 0
      vertex 7.40385 -1.27841 0
    endloop
  endfacet
  facet normal 0 0 -1
    outer loop
      vertex 7.4609 1.50615 0
      vertex 7.4 1.2 0
      vertex 7.43445 1.43223 0
    endloop
  endfacet
  facet normal 0 0 -1
    outer loop
      vertex 7.43445 1.43223 0
      vertex 7.4 1.2 0
      vertex 7.41537 1.35607 0
    endloop
  endfacet
  facet normal 0 0 -1
    outer loop
      vertex 7.41537 1.35607 0
      vertex 7.4 1.2 0
      vertex 7.40385 1.27841 0
    endloop
  endfacet
  facet normal 0.857951 -0.513731 0
    outer loop
      vertex 12.8315 -1.95557 2.29
      vertex 12.8819 -1.8714 1.89
      vertex 12.8819 -1.8714 2.29
    endloop
  endfacet
  facet normal 0.857951 -0.513731 0
    outer loop
      vertex 12.8819 -1.8714 1.89
      vertex 12.8315 -1.95557 2.29
      vertex 12.8315 -1.95557 1.89
    endloop
  endfacet
  facet normal 0.242919 -0.970047 0
    outer loop
      vertex 12.1951 -2.38078 1.89
      vertex 12.2903 -2.35694 2.29
      vertex 12.1951 -2.38078 2.29
    endloop
  endfacet
  facet normal 0.242919 -0.970047 0
    outer loop
      vertex 12.2903 -2.35694 2.29
      vertex 12.1951 -2.38078 1.89
      vertex 12.2903 -2.35694 1.89
    endloop
  endfacet
  facet normal 0.0491243 -0.998793 0
    outer loop
      vertex 12 -2.4 1.89
      vertex 12.098 -2.39518 2.29
      vertex 12 -2.4 2.29
    endloop
  endfacet
  facet normal 0.0491243 -0.998793 0
    outer loop
      vertex 12.098 -2.39518 2.29
      vertex 12 -2.4 1.89
      vertex 12.098 -2.39518 1.89
    endloop
  endfacet
  facet normal -0.857727 0.514106 0
    outer loop
      vertex 7.11808 1.8714 1.89
      vertex 7.16853 1.95557 2.29
      vertex 7.16853 1.95557 1.89
    endloop
  endfacet
  facet normal -0.857727 0.514106 0
    outer loop
      vertex 7.16853 1.95557 2.29
      vertex 7.11808 1.8714 1.89
      vertex 7.11808 1.8714 2.29
    endloop
  endfacet
  facet normal 0.941742 -0.336336 0
    outer loop
      vertex 12.9239 -1.78268 2.29
      vertex 12.9569 -1.69028 1.89
      vertex 12.9569 -1.69028 2.29
    endloop
  endfacet
  facet normal 0.941742 -0.336336 0
    outer loop
      vertex 12.9569 -1.69028 1.89
      vertex 12.9239 -1.78268 2.29
      vertex 12.9239 -1.78268 1.89
    endloop
  endfacet
  facet normal 0 1 -0
    outer loop
      vertex 12 2.4 1.89
      vertex 8 2.4 2.29
      vertex 12 2.4 2.29
    endloop
  endfacet
  facet normal 0 1 0
    outer loop
      vertex 8 2.4 2.29
      vertex 12 2.4 1.89
      vertex 8 2.4 1.89
    endloop
  endfacet
  facet normal 0.671607 -0.740908 0
    outer loop
      vertex 12.6344 -2.17301 1.89
      vertex 12.7071 -2.10711 2.29
      vertex 12.6344 -2.17301 2.29
    endloop
  endfacet
  facet normal 0.671607 -0.740908 0
    outer loop
      vertex 12.7071 -2.10711 2.29
      vertex 12.6344 -2.17301 1.89
      vertex 12.7071 -2.10711 1.89
    endloop
  endfacet
  facet normal -0.998793 0.0491143 0
    outer loop
      vertex 7 1.4 1.89
      vertex 7.00482 1.49802 2.29
      vertex 7.00482 1.49802 1.89
    endloop
  endfacet
  facet normal -0.998793 0.0491143 0
    outer loop
      vertex 7.00482 1.49802 2.29
      vertex 7 1.4 1.89
      vertex 7 1.4 2.29
    endloop
  endfacet
  facet normal -0.0491143 0.998793 0
    outer loop
      vertex 8 2.4 1.89
      vertex 7.90198 2.39518 2.29
      vertex 8 2.4 2.29
    endloop
  endfacet
  facet normal -0.0491143 0.998793 0
    outer loop
      vertex 7.90198 2.39518 2.29
      vertex 8 2.4 1.89
      vertex 7.90198 2.39518 1.89
    endloop
  endfacet
  facet normal -0.0491143 -0.998793 0
    outer loop
      vertex 7.90198 -2.39518 1.89
      vertex 8 -2.4 2.29
      vertex 7.90198 -2.39518 2.29
    endloop
  endfacet
  facet normal -0.0491143 -0.998793 -0
    outer loop
      vertex 8 -2.4 2.29
      vertex 7.90198 -2.39518 1.89
      vertex 8 -2.4 1.89
    endloop
  endfacet
  facet normal 0.336879 0.941548 -0
    outer loop
      vertex 12.3827 2.32388 1.89
      vertex 12.2903 2.35694 2.29
      vertex 12.3827 2.32388 2.29
    endloop
  endfacet
  facet normal 0.336879 0.941548 0
    outer loop
      vertex 12.2903 2.35694 2.29
      vertex 12.3827 2.32388 1.89
      vertex 12.2903 2.35694 1.89
    endloop
  endfacet
  facet normal -0.803192 0.59572 0
    outer loop
      vertex 7.16853 1.95557 1.89
      vertex 7.22699 2.03439 2.29
      vertex 7.22699 2.03439 1.89
    endloop
  endfacet
  facet normal -0.803192 0.59572 0
    outer loop
      vertex 7.22699 2.03439 2.29
      vertex 7.16853 1.95557 1.89
      vertex 7.16853 1.95557 2.29
    endloop
  endfacet
  facet normal 1 -0 0
    outer loop
      vertex 13 -1.4 2.29
      vertex 13 1.4 1.89
      vertex 13 1.4 2.29
    endloop
  endfacet
  facet normal 1 0 0
    outer loop
      vertex 13 1.4 1.89
      vertex 13 -1.4 2.29
      vertex 13 -1.4 1.89
    endloop
  endfacet
  facet normal 0.513971 0.857807 -0
    outer loop
      vertex 12.5556 2.23147 1.89
      vertex 12.4714 2.28192 2.29
      vertex 12.5556 2.23147 2.29
    endloop
  endfacet
  facet normal 0.513971 0.857807 0
    outer loop
      vertex 12.4714 2.28192 2.29
      vertex 12.5556 2.23147 1.89
      vertex 12.4714 2.28192 1.89
    endloop
  endfacet
  facet normal 0 -1 0
    outer loop
      vertex 8 -2.4 1.89
      vertex 12 -2.4 2.29
      vertex 8 -2.4 2.29
    endloop
  endfacet
  facet normal 0 -1 -0
    outer loop
      vertex 12 -2.4 2.29
      vertex 8 -2.4 1.89
      vertex 12 -2.4 1.89
    endloop
  endfacet
  facet normal 0.146696 0.989182 -0
    outer loop
      vertex 12.1951 2.38078 1.89
      vertex 12.098 2.39518 2.29
      vertex 12.1951 2.38078 2.29
    endloop
  endfacet
  facet normal 0.146696 0.989182 0
    outer loop
      vertex 12.098 2.39518 2.29
      vertex 12.1951 2.38078 1.89
      vertex 12.098 2.39518 1.89
    endloop
  endfacet
  facet normal -0.671505 -0.741 0
    outer loop
      vertex 7.29289 -2.10711 1.89
      vertex 7.36561 -2.17301 2.29
      vertex 7.29289 -2.10711 2.29
    endloop
  endfacet
  facet normal -0.671505 -0.741 -0
    outer loop
      vertex 7.36561 -2.17301 2.29
      vertex 7.29289 -2.10711 1.89
      vertex 7.36561 -2.17301 1.89
    endloop
  endfacet
  facet normal 0.595817 0.80312 -0
    outer loop
      vertex 12.6344 2.17301 1.89
      vertex 12.5556 2.23147 2.29
      vertex 12.6344 2.17301 2.29
    endloop
  endfacet
  facet normal 0.595817 0.80312 0
    outer loop
      vertex 12.5556 2.23147 2.29
      vertex 12.6344 2.17301 1.89
      vertex 12.5556 2.23147 1.89
    endloop
  endfacet
  facet normal -0.989175 -0.146741 0
    outer loop
      vertex 7.01922 -1.59509 1.89
      vertex 7.00482 -1.49802 2.29
      vertex 7.00482 -1.49802 1.89
    endloop
  endfacet
  facet normal -0.989175 -0.146741 0
    outer loop
      vertex 7.00482 -1.49802 2.29
      vertex 7.01922 -1.59509 1.89
      vertex 7.01922 -1.59509 2.29
    endloop
  endfacet
  facet normal -0.242943 0.970041 0
    outer loop
      vertex 7.80491 2.38078 1.89
      vertex 7.70972 2.35694 2.29
      vertex 7.80491 2.38078 2.29
    endloop
  endfacet
  facet normal -0.242943 0.970041 0
    outer loop
      vertex 7.70972 2.35694 2.29
      vertex 7.80491 2.38078 1.89
      vertex 7.70972 2.35694 1.89
    endloop
  endfacet
  facet normal -0.903995 -0.427543 0
    outer loop
      vertex 7.11808 -1.8714 1.89
      vertex 7.07612 -1.78268 2.29
      vertex 7.07612 -1.78268 1.89
    endloop
  endfacet
  facet normal -0.903995 -0.427543 0
    outer loop
      vertex 7.07612 -1.78268 2.29
      vertex 7.11808 -1.8714 1.89
      vertex 7.11808 -1.8714 2.29
    endloop
  endfacet
  facet normal -0.336879 -0.941548 0
    outer loop
      vertex 7.61732 -2.32388 1.89
      vertex 7.70972 -2.35694 2.29
      vertex 7.61732 -2.32388 2.29
    endloop
  endfacet
  facet normal -0.336879 -0.941548 -0
    outer loop
      vertex 7.70972 -2.35694 2.29
      vertex 7.61732 -2.32388 1.89
      vertex 7.70972 -2.35694 1.89
    endloop
  endfacet
  facet normal 0.989175 0.146741 0
    outer loop
      vertex 12.9952 1.49802 2.29
      vertex 12.9808 1.59509 1.89
      vertex 12.9808 1.59509 2.29
    endloop
  endfacet
  facet normal 0.989175 0.146741 0
    outer loop
      vertex 12.9808 1.59509 1.89
      vertex 12.9952 1.49802 2.29
      vertex 12.9952 1.49802 1.89
    endloop
  endfacet
  facet normal -0.242943 -0.970041 0
    outer loop
      vertex 7.70972 -2.35694 1.89
      vertex 7.80491 -2.38078 2.29
      vertex 7.70972 -2.35694 2.29
    endloop
  endfacet
  facet normal -0.242943 -0.970041 -0
    outer loop
      vertex 7.80491 -2.38078 2.29
      vertex 7.70972 -2.35694 1.89
      vertex 7.80491 -2.38078 1.89
    endloop
  endfacet
  facet normal 0.671607 0.740908 -0
    outer loop
      vertex 12.7071 2.10711 1.89
      vertex 12.6344 2.17301 2.29
      vertex 12.7071 2.10711 2.29
    endloop
  endfacet
  facet normal 0.671607 0.740908 0
    outer loop
      vertex 12.6344 2.17301 2.29
      vertex 12.7071 2.10711 1.89
      vertex 12.6344 2.17301 1.89
    endloop
  endfacet
  facet normal -0.803192 -0.59572 0
    outer loop
      vertex 7.22699 -2.03439 1.89
      vertex 7.16853 -1.95557 2.29
      vertex 7.16853 -1.95557 1.89
    endloop
  endfacet
  facet normal -0.803192 -0.59572 0
    outer loop
      vertex 7.16853 -1.95557 2.29
      vertex 7.22699 -2.03439 1.89
      vertex 7.22699 -2.03439 2.29
    endloop
  endfacet
  facet normal 0.595817 -0.80312 0
    outer loop
      vertex 12.5556 -2.23147 1.89
      vertex 12.6344 -2.17301 2.29
      vertex 12.5556 -2.23147 2.29
    endloop
  endfacet
  facet normal 0.595817 -0.80312 0
    outer loop
      vertex 12.6344 -2.17301 2.29
      vertex 12.5556 -2.23147 1.89
      vertex 12.6344 -2.17301 1.89
    endloop
  endfacet
  facet normal 0.242919 0.970047 -0
    outer loop
      vertex 12.2903 2.35694 1.89
      vertex 12.1951 2.38078 2.29
      vertex 12.2903 2.35694 2.29
    endloop
  endfacet
  facet normal 0.242919 0.970047 0
    outer loop
      vertex 12.1951 2.38078 2.29
      vertex 12.2903 2.35694 1.89
      vertex 12.1951 2.38078 1.89
    endloop
  endfacet
  facet normal -0.741 0.671505 0
    outer loop
      vertex 7.22699 2.03439 1.89
      vertex 7.29289 2.10711 2.29
      vertex 7.29289 2.10711 1.89
    endloop
  endfacet
  facet normal -0.741 0.671505 0
    outer loop
      vertex 7.29289 2.10711 2.29
      vertex 7.22699 2.03439 1.89
      vertex 7.22699 2.03439 2.29
    endloop
  endfacet
  facet normal 0.513971 -0.857807 0
    outer loop
      vertex 12.4714 -2.28192 1.89
      vertex 12.5556 -2.23147 2.29
      vertex 12.4714 -2.28192 2.29
    endloop
  endfacet
  facet normal 0.513971 -0.857807 0
    outer loop
      vertex 12.5556 -2.23147 2.29
      vertex 12.4714 -2.28192 1.89
      vertex 12.5556 -2.23147 1.89
    endloop
  endfacet
  facet normal -0.427543 -0.903995 0
    outer loop
      vertex 7.5286 -2.28192 1.89
      vertex 7.61732 -2.32388 2.29
      vertex 7.5286 -2.28192 2.29
    endloop
  endfacet
  facet normal -0.427543 -0.903995 -0
    outer loop
      vertex 7.61732 -2.32388 2.29
      vertex 7.5286 -2.28192 1.89
      vertex 7.61732 -2.32388 1.89
    endloop
  endfacet
  facet normal -0.857727 -0.514106 0
    outer loop
      vertex 7.16853 -1.95557 1.89
      vertex 7.11808 -1.8714 2.29
      vertex 7.11808 -1.8714 1.89
    endloop
  endfacet
  facet normal -0.857727 -0.514106 0
    outer loop
      vertex 7.11808 -1.8714 2.29
      vertex 7.16853 -1.95557 1.89
      vertex 7.16853 -1.95557 2.29
    endloop
  endfacet
  facet normal -0.941548 -0.336879 0
    outer loop
      vertex 7.07612 -1.78268 1.89
      vertex 7.04306 -1.69028 2.29
      vertex 7.04306 -1.69028 1.89
    endloop
  endfacet
  facet normal -0.941548 -0.336879 0
    outer loop
      vertex 7.04306 -1.69028 2.29
      vertex 7.07612 -1.78268 1.89
      vertex 7.07612 -1.78268 2.29
    endloop
  endfacet
  facet normal 0.998803 0.048911 0
    outer loop
      vertex 13 1.4 2.29
      vertex 12.9952 1.49802 1.89
      vertex 12.9952 1.49802 2.29
    endloop
  endfacet
  facet normal 0.998803 0.048911 0
    outer loop
      vertex 12.9952 1.49802 1.89
      vertex 13 1.4 2.29
      vertex 13 1.4 1.89
    endloop
  endfacet
  facet normal 0.146696 -0.989182 0
    outer loop
      vertex 12.098 -2.39518 1.89
      vertex 12.1951 -2.38078 2.29
      vertex 12.098 -2.39518 2.29
    endloop
  endfacet
  facet normal 0.146696 -0.989182 0
    outer loop
      vertex 12.1951 -2.38078 2.29
      vertex 12.098 -2.39518 1.89
      vertex 12.1951 -2.38078 1.89
    endloop
  endfacet
  facet normal -0.903995 0.427543 0
    outer loop
      vertex 7.07612 1.78268 1.89
      vertex 7.11808 1.8714 2.29
      vertex 7.11808 1.8714 1.89
    endloop
  endfacet
  facet normal -0.903995 0.427543 0
    outer loop
      vertex 7.11808 1.8714 2.29
      vertex 7.07612 1.78268 1.89
      vertex 7.07612 1.78268 2.29
    endloop
  endfacet
  facet normal -0.146741 0.989175 0
    outer loop
      vertex 7.90198 2.39518 1.89
      vertex 7.80491 2.38078 2.29
      vertex 7.90198 2.39518 2.29
    endloop
  endfacet
  facet normal -0.146741 0.989175 0
    outer loop
      vertex 7.80491 2.38078 2.29
      vertex 7.90198 2.39518 1.89
      vertex 7.80491 2.38078 1.89
    endloop
  endfacet
  facet normal 0.0491243 0.998793 -0
    outer loop
      vertex 12.098 2.39518 1.89
      vertex 12 2.4 2.29
      vertex 12.098 2.39518 2.29
    endloop
  endfacet
  facet normal 0.0491243 0.998793 0
    outer loop
      vertex 12 2.4 2.29
      vertex 12.098 2.39518 1.89
      vertex 12 2.4 1.89
    endloop
  endfacet
  facet normal 0.989175 -0.146741 0
    outer loop
      vertex 12.9808 -1.59509 2.29
      vertex 12.9952 -1.49802 1.89
      vertex 12.9952 -1.49802 2.29
    endloop
  endfacet
  facet normal 0.989175 -0.146741 0
    outer loop
      vertex 12.9952 -1.49802 1.89
      vertex 12.9808 -1.59509 2.29
      vertex 12.9808 -1.59509 1.89
    endloop
  endfacet
  facet normal 0.857951 0.513731 0
    outer loop
      vertex 12.8819 1.8714 2.29
      vertex 12.8315 1.95557 1.89
      vertex 12.8315 1.95557 2.29
    endloop
  endfacet
  facet normal 0.857951 0.513731 0
    outer loop
      vertex 12.8315 1.95557 1.89
      vertex 12.8819 1.8714 2.29
      vertex 12.8819 1.8714 1.89
    endloop
  endfacet
  facet normal -0.671505 0.741 0
    outer loop
      vertex 7.36561 2.17301 1.89
      vertex 7.29289 2.10711 2.29
      vertex 7.36561 2.17301 2.29
    endloop
  endfacet
  facet normal -0.671505 0.741 0
    outer loop
      vertex 7.29289 2.10711 2.29
      vertex 7.36561 2.17301 1.89
      vertex 7.29289 2.10711 1.89
    endloop
  endfacet
  facet normal -0.59572 -0.803192 0
    outer loop
      vertex 7.36561 -2.17301 1.89
      vertex 7.44443 -2.23147 2.29
      vertex 7.36561 -2.17301 2.29
    endloop
  endfacet
  facet normal -0.59572 -0.803192 -0
    outer loop
      vertex 7.44443 -2.23147 2.29
      vertex 7.36561 -2.17301 1.89
      vertex 7.44443 -2.23147 1.89
    endloop
  endfacet
  facet normal 0.998803 -0.048911 0
    outer loop
      vertex 12.9952 -1.49802 2.29
      vertex 13 -1.4 1.89
      vertex 13 -1.4 2.29
    endloop
  endfacet
  facet normal 0.998803 -0.048911 0
    outer loop
      vertex 13 -1.4 1.89
      vertex 12.9952 -1.49802 2.29
      vertex 12.9952 -1.49802 1.89
    endloop
  endfacet
  facet normal -0.989175 0.146741 0
    outer loop
      vertex 7.00482 1.49802 1.89
      vertex 7.01922 1.59509 2.29
      vertex 7.01922 1.59509 1.89
    endloop
  endfacet
  facet normal -0.989175 0.146741 0
    outer loop
      vertex 7.01922 1.59509 2.29
      vertex 7.00482 1.49802 1.89
      vertex 7.00482 1.49802 2.29
    endloop
  endfacet
  facet normal 0.336879 -0.941548 0
    outer loop
      vertex 12.2903 -2.35694 1.89
      vertex 12.3827 -2.32388 2.29
      vertex 12.2903 -2.35694 2.29
    endloop
  endfacet
  facet normal 0.336879 -0.941548 0
    outer loop
      vertex 12.3827 -2.32388 2.29
      vertex 12.2903 -2.35694 1.89
      vertex 12.3827 -2.32388 1.89
    endloop
  endfacet
  facet normal -0.146741 -0.989175 0
    outer loop
      vertex 7.80491 -2.38078 1.89
      vertex 7.90198 -2.39518 2.29
      vertex 7.80491 -2.38078 2.29
    endloop
  endfacet
  facet normal -0.146741 -0.989175 -0
    outer loop
      vertex 7.90198 -2.39518 2.29
      vertex 7.80491 -2.38078 1.89
      vertex 7.90198 -2.39518 1.89
    endloop
  endfacet
  facet normal 0.941742 0.336336 0
    outer loop
      vertex 12.9569 1.69028 2.29
      vertex 12.9239 1.78268 1.89
      vertex 12.9239 1.78268 2.29
    endloop
  endfacet
  facet normal 0.941742 0.336336 0
    outer loop
      vertex 12.9239 1.78268 1.89
      vertex 12.9569 1.69028 2.29
      vertex 12.9569 1.69028 1.89
    endloop
  endfacet
  facet normal 0.969896 0.243518 0
    outer loop
      vertex 12.9808 1.59509 2.29
      vertex 12.9569 1.69028 1.89
      vertex 12.9569 1.69028 2.29
    endloop
  endfacet
  facet normal 0.969896 0.243518 0
    outer loop
      vertex 12.9569 1.69028 1.89
      vertex 12.9808 1.59509 2.29
      vertex 12.9808 1.59509 1.89
    endloop
  endfacet
  facet normal 0.802997 -0.595983 0
    outer loop
      vertex 12.773 -2.03439 2.29
      vertex 12.8315 -1.95557 1.89
      vertex 12.8315 -1.95557 2.29
    endloop
  endfacet
  facet normal 0.802997 -0.595983 0
    outer loop
      vertex 12.8315 -1.95557 1.89
      vertex 12.773 -2.03439 2.29
      vertex 12.773 -2.03439 1.89
    endloop
  endfacet
  facet normal 0.427622 0.903958 -0
    outer loop
      vertex 12.4714 2.28192 1.89
      vertex 12.3827 2.32388 2.29
      vertex 12.4714 2.28192 2.29
    endloop
  endfacet
  facet normal 0.427622 0.903958 0
    outer loop
      vertex 12.3827 2.32388 2.29
      vertex 12.4714 2.28192 1.89
      vertex 12.3827 2.32388 1.89
    endloop
  endfacet
  facet normal -0.336879 0.941548 0
    outer loop
      vertex 7.70972 2.35694 1.89
      vertex 7.61732 2.32388 2.29
      vertex 7.70972 2.35694 2.29
    endloop
  endfacet
  facet normal -0.336879 0.941548 0
    outer loop
      vertex 7.61732 2.32388 2.29
      vertex 7.70972 2.35694 1.89
      vertex 7.61732 2.32388 1.89
    endloop
  endfacet
  facet normal -0.970041 -0.242943 0
    outer loop
      vertex 7.04306 -1.69028 1.89
      vertex 7.01922 -1.59509 2.29
      vertex 7.01922 -1.59509 1.89
    endloop
  endfacet
  facet normal -0.970041 -0.242943 0
    outer loop
      vertex 7.01922 -1.59509 2.29
      vertex 7.04306 -1.69028 1.89
      vertex 7.04306 -1.69028 2.29
    endloop
  endfacet
  facet normal 0.903837 -0.427876 0
    outer loop
      vertex 12.8819 -1.8714 2.29
      vertex 12.9239 -1.78268 1.89
      vertex 12.9239 -1.78268 2.29
    endloop
  endfacet
  facet normal 0.903837 -0.427876 0
    outer loop
      vertex 12.9239 -1.78268 1.89
      vertex 12.8819 -1.8714 2.29
      vertex 12.8819 -1.8714 1.89
    endloop
  endfacet
  facet normal -0.514106 0.857727 0
    outer loop
      vertex 7.5286 2.28192 1.89
      vertex 7.44443 2.23147 2.29
      vertex 7.5286 2.28192 2.29
    endloop
  endfacet
  facet normal -0.514106 0.857727 0
    outer loop
      vertex 7.44443 2.23147 2.29
      vertex 7.5286 2.28192 1.89
      vertex 7.44443 2.23147 1.89
    endloop
  endfacet
  facet normal 0.903837 0.427876 0
    outer loop
      vertex 12.9239 1.78268 2.29
      vertex 12.8819 1.8714 1.89
      vertex 12.8819 1.8714 2.29
    endloop
  endfacet
  facet normal 0.903837 0.427876 0
    outer loop
      vertex 12.8819 1.8714 1.89
      vertex 12.9239 1.78268 2.29
      vertex 12.9239 1.78268 1.89
    endloop
  endfacet
  facet normal -0.941548 0.336879 0
    outer loop
      vertex 7.04306 1.69028 1.89
      vertex 7.07612 1.78268 2.29
      vertex 7.07612 1.78268 1.89
    endloop
  endfacet
  facet normal -0.941548 0.336879 0
    outer loop
      vertex 7.07612 1.78268 2.29
      vertex 7.04306 1.69028 1.89
      vertex 7.04306 1.69028 2.29
    endloop
  endfacet
  facet normal -0.970041 0.242943 0
    outer loop
      vertex 7.01922 1.59509 1.89
      vertex 7.04306 1.69028 2.29
      vertex 7.04306 1.69028 1.89
    endloop
  endfacet
  facet normal -0.970041 0.242943 0
    outer loop
      vertex 7.04306 1.69028 2.29
      vertex 7.01922 1.59509 1.89
      vertex 7.01922 1.59509 2.29
    endloop
  endfacet
  facet normal -0.998793 -0.0491143 0
    outer loop
      vertex 7.00482 -1.49802 1.89
      vertex 7 -1.4 2.29
      vertex 7 -1.4 1.89
    endloop
  endfacet
  facet normal -0.998793 -0.0491143 0
    outer loop
      vertex 7 -1.4 2.29
      vertex 7.00482 -1.49802 1.89
      vertex 7.00482 -1.49802 2.29
    endloop
  endfacet
  facet normal -0.427543 0.903995 0
    outer loop
      vertex 7.61732 2.32388 1.89
      vertex 7.5286 2.28192 2.29
      vertex 7.61732 2.32388 2.29
    endloop
  endfacet
  facet normal -0.427543 0.903995 0
    outer loop
      vertex 7.5286 2.28192 2.29
      vertex 7.61732 2.32388 1.89
      vertex 7.5286 2.28192 1.89
    endloop
  endfacet
  facet normal 0.802997 0.595983 0
    outer loop
      vertex 12.8315 1.95557 2.29
      vertex 12.773 2.03439 1.89
      vertex 12.773 2.03439 2.29
    endloop
  endfacet
  facet normal 0.802997 0.595983 0
    outer loop
      vertex 12.773 2.03439 1.89
      vertex 12.8315 1.95557 2.29
      vertex 12.8315 1.95557 1.89
    endloop
  endfacet
  facet normal 0.969896 -0.243518 0
    outer loop
      vertex 12.9569 -1.69028 2.29
      vertex 12.9808 -1.59509 1.89
      vertex 12.9808 -1.59509 2.29
    endloop
  endfacet
  facet normal 0.969896 -0.243518 0
    outer loop
      vertex 12.9808 -1.59509 1.89
      vertex 12.9569 -1.69028 2.29
      vertex 12.9569 -1.69028 1.89
    endloop
  endfacet
  facet normal 0.741 -0.671505 0
    outer loop
      vertex 12.7071 -2.10711 2.29
      vertex 12.773 -2.03439 1.89
      vertex 12.773 -2.03439 2.29
    endloop
  endfacet
  facet normal 0.741 -0.671505 0
    outer loop
      vertex 12.773 -2.03439 1.89
      vertex 12.7071 -2.10711 2.29
      vertex 12.7071 -2.10711 1.89
    endloop
  endfacet
  facet normal 0.427622 -0.903958 0
    outer loop
      vertex 12.3827 -2.32388 1.89
      vertex 12.4714 -2.28192 2.29
      vertex 12.3827 -2.32388 2.29
    endloop
  endfacet
  facet normal 0.427622 -0.903958 0
    outer loop
      vertex 12.4714 -2.28192 2.29
      vertex 12.3827 -2.32388 1.89
      vertex 12.4714 -2.28192 1.89
    endloop
  endfacet
  facet normal -1 0 0
    outer loop
      vertex 7 1 1.89
      vertex 7 1.4 2.29
      vertex 7 1.4 1.89
    endloop
  endfacet
  facet normal -1 -0 0
    outer loop
      vertex 7 1.4 2.29
      vertex 7 1 1.89
      vertex 7 1 2.29
    endloop
  endfacet
  facet normal -1 0 0
    outer loop
      vertex 7 -1.4 1.89
      vertex 7 -1 2.29
      vertex 7 -1 1.89
    endloop
  endfacet
  facet normal -1 -0 0
    outer loop
      vertex 7 -1 2.29
      vertex 7 -1.4 1.89
      vertex 7 -1.4 2.29
    endloop
  endfacet
  facet normal 0 0 1
    outer loop
      vertex 12 2.4 2.29
      vertex 13 1.4 2.29
      vertex 12.9952 1.49802 2.29
    endloop
  endfacet
  facet normal 0 0 1
    outer loop
      vertex 13 1.4 2.29
      vertex 10 1 2.29
      vertex 13 -1.4 2.29
    endloop
  endfacet
  facet normal 0 0 1
    outer loop
      vertex 12 2.4 2.29
      vertex 12.9952 1.49802 2.29
      vertex 12.9808 1.59509 2.29
    endloop
  endfacet
  facet normal -0 0 1
    outer loop
      vertex 10 -1 2.29
      vertex 13 -1.4 2.29
      vertex 10 1 2.29
    endloop
  endfacet
  facet normal 0 0 1
    outer loop
      vertex 12 2.4 2.29
      vertex 12.9808 1.59509 2.29
      vertex 12.9569 1.69028 2.29
    endloop
  endfacet
  facet normal 0 -0 1
    outer loop
      vertex 12 -2.4 2.29
      vertex 13 -1.4 2.29
      vertex 10 -1 2.29
    endloop
  endfacet
  facet normal 0 0 1
    outer loop
      vertex 12 2.4 2.29
      vertex 12.9569 1.69028 2.29
      vertex 12.9239 1.78268 2.29
    endloop
  endfacet
  facet normal 0 0 1
    outer loop
      vertex 13 -1.4 2.29
      vertex 12 -2.4 2.29
      vertex 12.9952 -1.49802 2.29
    endloop
  endfacet
  facet normal 0 0 1
    outer loop
      vertex 12 2.4 2.29
      vertex 12.9239 1.78268 2.29
      vertex 12.8819 1.8714 2.29
    endloop
  endfacet
  facet normal 0 0 1
    outer loop
      vertex 12.9952 -1.49802 2.29
      vertex 12 -2.4 2.29
      vertex 12.9808 -1.59509 2.29
    endloop
  endfacet
  facet normal 0 0 1
    outer loop
      vertex 12 2.4 2.29
      vertex 12.8819 1.8714 2.29
      vertex 12.8315 1.95557 2.29
    endloop
  endfacet
  facet normal 0 0 1
    outer loop
      vertex 12.9808 -1.59509 2.29
      vertex 12 -2.4 2.29
      vertex 12.9569 -1.69028 2.29
    endloop
  endfacet
  facet normal 0 0 1
    outer loop
      vertex 12 2.4 2.29
      vertex 12.8315 1.95557 2.29
      vertex 12.773 2.03439 2.29
    endloop
  endfacet
  facet normal 0 0 1
    outer loop
      vertex 12.9569 -1.69028 2.29
      vertex 12 -2.4 2.29
      vertex 12.9239 -1.78268 2.29
    endloop
  endfacet
  facet normal 0 0 1
    outer loop
      vertex 12 2.4 2.29
      vertex 12.773 2.03439 2.29
      vertex 12.7071 2.10711 2.29
    endloop
  endfacet
  facet normal 0 0 1
    outer loop
      vertex 12.9239 -1.78268 2.29
      vertex 12 -2.4 2.29
      vertex 12.8819 -1.8714 2.29
    endloop
  endfacet
  facet normal 0 0 1
    outer loop
      vertex 12 2.4 2.29
      vertex 12.7071 2.10711 2.29
      vertex 12.6344 2.17301 2.29
    endloop
  endfacet
  facet normal 0 0 1
    outer loop
      vertex 12.8819 -1.8714 2.29
      vertex 12 -2.4 2.29
      vertex 12.8315 -1.95557 2.29
    endloop
  endfacet
  facet normal 0 0 1
    outer loop
      vertex 12 2.4 2.29
      vertex 12.6344 2.17301 2.29
      vertex 12.5556 2.23147 2.29
    endloop
  endfacet
  facet normal 0 0 1
    outer loop
      vertex 12.8315 -1.95557 2.29
      vertex 12 -2.4 2.29
      vertex 12.773 -2.03439 2.29
    endloop
  endfacet
  facet normal 0 0 1
    outer loop
      vertex 12 2.4 2.29
      vertex 12.5556 2.23147 2.29
      vertex 12.4714 2.28192 2.29
    endloop
  endfacet
  facet normal 0 0 1
    outer loop
      vertex 12.773 -2.03439 2.29
      vertex 12 -2.4 2.29
      vertex 12.7071 -2.10711 2.29
    endloop
  endfacet
  facet normal 0 0 1
    outer loop
      vertex 12 2.4 2.29
      vertex 12.4714 2.28192 2.29
      vertex 12.3827 2.32388 2.29
    endloop
  endfacet
  facet normal 0 0 1
    outer loop
      vertex 12.7071 -2.10711 2.29
      vertex 12 -2.4 2.29
      vertex 12.6344 -2.17301 2.29
    endloop
  endfacet
  facet normal 0 0 1
    outer loop
      vertex 12 2.4 2.29
      vertex 12.3827 2.32388 2.29
      vertex 12.2903 2.35694 2.29
    endloop
  endfacet
  facet normal 0 0 1
    outer loop
      vertex 12.6344 -2.17301 2.29
      vertex 12 -2.4 2.29
      vertex 12.5556 -2.23147 2.29
    endloop
  endfacet
  facet normal 0 0 1
    outer loop
      vertex 12 2.4 2.29
      vertex 12.2903 2.35694 2.29
      vertex 12.1951 2.38078 2.29
    endloop
  endfacet
  facet normal 0 0 1
    outer loop
      vertex 12.5556 -2.23147 2.29
      vertex 12 -2.4 2.29
      vertex 12.4714 -2.28192 2.29
    endloop
  endfacet
  facet normal 0 0 1
    outer loop
      vertex 12 2.4 2.29
      vertex 12.1951 2.38078 2.29
      vertex 12.098 2.39518 2.29
    endloop
  endfacet
  facet normal 0 0 1
    outer loop
      vertex 12.4714 -2.28192 2.29
      vertex 12 -2.4 2.29
      vertex 12.3827 -2.32388 2.29
    endloop
  endfacet
  facet normal 0 0 1
    outer loop
      vertex 13 1.4 2.29
      vertex 12 2.4 2.29
      vertex 10 1 2.29
    endloop
  endfacet
  facet normal 0 0 1
    outer loop
      vertex 12.3827 -2.32388 2.29
      vertex 12 -2.4 2.29
      vertex 12.2903 -2.35694 2.29
    endloop
  endfacet
  facet normal 0 0 1
    outer loop
      vertex 12.2903 -2.35694 2.29
      vertex 12 -2.4 2.29
      vertex 12.1951 -2.38078 2.29
    endloop
  endfacet
  facet normal -0 0 1
    outer loop
      vertex 8 2.4 2.29
      vertex 10 1 2.29
      vertex 12 2.4 2.29
    endloop
  endfacet
  facet normal 0 0 1
    outer loop
      vertex 7 1.4 2.29
      vertex 8 2.4 2.29
      vertex 7.90198 2.39518 2.29
    endloop
  endfacet
  facet normal 0 0 1
    outer loop
      vertex 7 1.4 2.29
      vertex 7.90198 2.39518 2.29
      vertex 7.80491 2.38078 2.29
    endloop
  endfacet
  facet normal 0 0 1
    outer loop
      vertex 7 1.4 2.29
      vertex 7.80491 2.38078 2.29
      vertex 7.70972 2.35694 2.29
    endloop
  endfacet
  facet normal 0 0 1
    outer loop
      vertex 7 1.4 2.29
      vertex 7.70972 2.35694 2.29
      vertex 7.61732 2.32388 2.29
    endloop
  endfacet
  facet normal 0 0 1
    outer loop
      vertex 7 1.4 2.29
      vertex 7.61732 2.32388 2.29
      vertex 7.5286 2.28192 2.29
    endloop
  endfacet
  facet normal 0 0 1
    outer loop
      vertex 7 1.4 2.29
      vertex 7.5286 2.28192 2.29
      vertex 7.44443 2.23147 2.29
    endloop
  endfacet
  facet normal 0 0 1
    outer loop
      vertex 7 1.4 2.29
      vertex 7.44443 2.23147 2.29
      vertex 7.36561 2.17301 2.29
    endloop
  endfacet
  facet normal 0 0 1
    outer loop
      vertex 7 1.4 2.29
      vertex 7.36561 2.17301 2.29
      vertex 7.29289 2.10711 2.29
    endloop
  endfacet
  facet normal 0 0 1
    outer loop
      vertex 7 1.4 2.29
      vertex 7.29289 2.10711 2.29
      vertex 7.22699 2.03439 2.29
    endloop
  endfacet
  facet normal 0 0 1
    outer loop
      vertex 7 1.4 2.29
      vertex 7.22699 2.03439 2.29
      vertex 7.16853 1.95557 2.29
    endloop
  endfacet
  facet normal 0 0 1
    outer loop
      vertex 7 1.4 2.29
      vertex 7.16853 1.95557 2.29
      vertex 7.11808 1.8714 2.29
    endloop
  endfacet
  facet normal 0 0 1
    outer loop
      vertex 7 1.4 2.29
      vertex 7.11808 1.8714 2.29
      vertex 7.07612 1.78268 2.29
    endloop
  endfacet
  facet normal 0 0 1
    outer loop
      vertex 7 1.4 2.29
      vertex 7.07612 1.78268 2.29
      vertex 7.04306 1.69028 2.29
    endloop
  endfacet
  facet normal 0 0 1
    outer loop
      vertex 7 1.4 2.29
      vertex 7.04306 1.69028 2.29
      vertex 7.01922 1.59509 2.29
    endloop
  endfacet
  facet normal 0 0 1
    outer loop
      vertex 7 1.4 2.29
      vertex 7.01922 1.59509 2.29
      vertex 7.00482 1.49802 2.29
    endloop
  endfacet
  facet normal 0 0 1
    outer loop
      vertex 8 2.4 2.29
      vertex 7 1.4 2.29
      vertex 7 1 2.29
    endloop
  endfacet
  facet normal 0 0 1
    outer loop
      vertex 8 2.4 2.29
      vertex 7 1 2.29
      vertex 10 1 2.29
    endloop
  endfacet
  facet normal 0 0 1
    outer loop
      vertex 12.1951 -2.38078 2.29
      vertex 12 -2.4 2.29
      vertex 12.098 -2.39518 2.29
    endloop
  endfacet
  facet normal 0 0 1
    outer loop
      vertex 10 -1 2.29
      vertex 8 -2.4 2.29
      vertex 12 -2.4 2.29
    endloop
  endfacet
  facet normal -0 0 1
    outer loop
      vertex 7 -1 2.29
      vertex 8 -2.4 2.29
      vertex 10 -1 2.29
    endloop
  endfacet
  facet normal -0 0 1
    outer loop
      vertex 7 -1.4 2.29
      vertex 8 -2.4 2.29
      vertex 7 -1 2.29
    endloop
  endfacet
  facet normal 0 0 1
    outer loop
      vertex 8 -2.4 2.29
      vertex 7 -1.4 2.29
      vertex 7.90198 -2.39518 2.29
    endloop
  endfacet
  facet normal 0 0 1
    outer loop
      vertex 7.90198 -2.39518 2.29
      vertex 7 -1.4 2.29
      vertex 7.80491 -2.38078 2.29
    endloop
  endfacet
  facet normal 0 0 1
    outer loop
      vertex 7.80491 -2.38078 2.29
      vertex 7 -1.4 2.29
      vertex 7.70972 -2.35694 2.29
    endloop
  endfacet
  facet normal 0 0 1
    outer loop
      vertex 7.70972 -2.35694 2.29
      vertex 7 -1.4 2.29
      vertex 7.61732 -2.32388 2.29
    endloop
  endfacet
  facet normal 0 0 1
    outer loop
      vertex 7.61732 -2.32388 2.29
      vertex 7 -1.4 2.29
      vertex 7.5286 -2.28192 2.29
    endloop
  endfacet
  facet normal 0 0 1
    outer loop
      vertex 7.5286 -2.28192 2.29
      vertex 7 -1.4 2.29
      vertex 7.44443 -2.23147 2.29
    endloop
  endfacet
  facet normal 0 0 1
    outer loop
      vertex 7.36561 -2.17301 2.29
      vertex 7 -1.4 2.29
      vertex 7.29289 -2.10711 2.29
    endloop
  endfacet
  facet normal 0 0 1
    outer loop
      vertex 7.29289 -2.10711 2.29
      vertex 7 -1.4 2.29
      vertex 7.22699 -2.03439 2.29
    endloop
  endfacet
  facet normal 0 0 1
    outer loop
      vertex 7.22699 -2.03439 2.29
      vertex 7 -1.4 2.29
      vertex 7.16853 -1.95557 2.29
    endloop
  endfacet
  facet normal 0 0 1
    outer loop
      vertex 7.16853 -1.95557 2.29
      vertex 7 -1.4 2.29
      vertex 7.11808 -1.8714 2.29
    endloop
  endfacet
  facet normal 0 0 1
    outer loop
      vertex 7.11808 -1.8714 2.29
      vertex 7 -1.4 2.29
      vertex 7.07612 -1.78268 2.29
    endloop
  endfacet
  facet normal 0 0 1
    outer loop
      vertex 7.07612 -1.78268 2.29
      vertex 7 -1.4 2.29
      vertex 7.04306 -1.69028 2.29
    endloop
  endfacet
  facet normal 0 0 1
    outer loop
      vertex 7.04306 -1.69028 2.29
      vertex 7 -1.4 2.29
      vertex 7.01922 -1.59509 2.29
    endloop
  endfacet
  facet normal 0 0 1
    outer loop
      vertex 7.44443 -2.23147 2.29
      vertex 7 -1.4 2.29
      vertex 7.36561 -2.17301 2.29
    endloop
  endfacet
  facet normal 0 0 1
    outer loop
      vertex 7.01922 -1.59509 2.29
      vertex 7 -1.4 2.29
      vertex 7.00482 -1.49802 2.29
    endloop
  endfacet
  facet normal -0.59572 0.803192 0
    outer loop
      vertex 7.44443 2.23147 1.89
      vertex 7.36561 2.17301 2.29
      vertex 7.44443 2.23147 2.29
    endloop
  endfacet
  facet normal -0.59572 0.803192 0
    outer loop
      vertex 7.36561 2.17301 2.29
      vertex 7.44443 2.23147 1.89
      vertex 7.36561 2.17301 1.89
    endloop
  endfacet
  facet normal 0.741 0.671505 0
    outer loop
      vertex 12.773 2.03439 2.29
      vertex 12.7071 2.10711 1.89
      vertex 12.7071 2.10711 2.29
    endloop
  endfacet
  facet normal 0.741 0.671505 0
    outer loop
      vertex 12.7071 2.10711 1.89
      vertex 12.773 2.03439 2.29
      vertex 12.773 2.03439 1.89
    endloop
  endfacet
  facet normal -0.741 -0.671505 0
    outer loop
      vertex 7.29289 -2.10711 1.89
      vertex 7.22699 -2.03439 2.29
      vertex 7.22699 -2.03439 1.89
    endloop
  endfacet
  facet normal -0.741 -0.671505 0
    outer loop
      vertex 7.22699 -2.03439 2.29
      vertex 7.29289 -2.10711 1.89
      vertex 7.29289 -2.10711 2.29
    endloop
  endfacet
  facet normal -0.514106 -0.857727 0
    outer loop
      vertex 7.44443 -2.23147 1.89
      vertex 7.5286 -2.28192 2.29
      vertex 7.44443 -2.23147 2.29
    endloop
  endfacet
  facet normal -0.514106 -0.857727 -0
    outer loop
      vertex 7.5286 -2.28192 2.29
      vertex 7.44443 -2.23147 1.89
      vertex 7.5286 -2.28192 1.89
    endloop
  endfacet
  facet normal -0.427529 -0.904002 0
    outer loop
      vertex 8.51716 -0.929902 2.29
      vertex 8.57039 -0.955076 3.44
      vertex 8.51716 -0.929902 3.44
    endloop
  endfacet
  facet normal -0.427529 -0.904002 -0
    outer loop
      vertex 8.57039 -0.955076 3.44
      vertex 8.51716 -0.929902 2.29
      vertex 8.57039 -0.955076 2.29
    endloop
  endfacet
  facet normal -0.336909 0.941537 0
    outer loop
      vertex 8.62583 0.573414 2.29
      vertex 8.57039 0.553576 3.44
      vertex 8.62583 0.573414 3.44
    endloop
  endfacet
  facet normal -0.336909 0.941537 0
    outer loop
      vertex 8.57039 0.553576 3.44
      vertex 8.62583 0.573414 2.29
      vertex 8.57039 0.553576 2.29
    endloop
  endfacet
  facet normal 0.741315 -0.671158 0
    outer loop
      vertex 11.6243 -0.825013 3.44
      vertex 11.6638 -0.781384 2.29
      vertex 11.6638 -0.781384 3.44
    endloop
  endfacet
  facet normal 0.741315 -0.671158 0
    outer loop
      vertex 11.6638 -0.781384 2.29
      vertex 11.6243 -0.825013 3.44
      vertex 11.6243 -0.825013 2.29
    endloop
  endfacet
  facet normal -0.671635 0.740882 0
    outer loop
      vertex 8.41936 0.463056 2.29
      vertex 8.37574 0.423513 3.44
      vertex 8.41936 0.463056 3.44
    endloop
  endfacet
  facet normal -0.671635 0.740882 0
    outer loop
      vertex 8.37574 0.423513 3.44
      vertex 8.41936 0.463056 2.29
      vertex 8.37574 0.423513 2.29
    endloop
  endfacet
  facet normal 0.857511 0.514466 0
    outer loop
      vertex 11.7292 0.282087 3.44
      vertex 11.6989 0.332591 2.29
      vertex 11.6989 0.332591 3.44
    endloop
  endfacet
  facet normal 0.857511 0.514466 0
    outer loop
      vertex 11.6989 0.332591 2.29
      vertex 11.7292 0.282087 3.44
      vertex 11.7292 0.282087 2.29
    endloop
  endfacet
  facet normal 0.941201 -0.337847 0
    outer loop
      vertex 11.7543 -0.630359 3.44
      vertex 11.7742 -0.57492 2.29
      vertex 11.7742 -0.57492 3.44
    endloop
  endfacet
  facet normal 0.941201 -0.337847 0
    outer loop
      vertex 11.7742 -0.57492 2.29
      vertex 11.7543 -0.630359 3.44
      vertex 11.7543 -0.630359 2.29
    endloop
  endfacet
  facet normal 0 -1 0
    outer loop
      vertex 8.8 -1.00075 2.29
      vertex 11.2 -1.00075 3.44
      vertex 8.8 -1.00075 3.44
    endloop
  endfacet
  facet normal 0 -1 -0
    outer loop
      vertex 11.2 -1.00075 3.44
      vertex 8.8 -1.00075 2.29
      vertex 11.2 -1.00075 2.29
    endloop
  endfacet
  facet normal 0 1 0
    outer loop
      vertex 10 0.599249 2.29
      vertex 11.2 0.599249 3.44
      vertex 11.2 0.599249 2.29
    endloop
  endfacet
  facet normal 0 1 0
    outer loop
      vertex 11.2 0.599249 3.44
      vertex 10 0.599249 2.29
      vertex 8.8 0.599249 3.44
    endloop
  endfacet
  facet normal 0 1 0
    outer loop
      vertex 8.8 0.599249 3.44
      vertex 10 0.599249 2.29
      vertex 8.8 0.599249 2.29
    endloop
  endfacet
  facet normal -0.671625 -0.740891 0
    outer loop
      vertex 8.37574 -0.825013 2.29
      vertex 8.41936 -0.864555 3.44
      vertex 8.37574 -0.825013 3.44
    endloop
  endfacet
  facet normal -0.671625 -0.740891 -0
    outer loop
      vertex 8.41936 -0.864555 3.44
      vertex 8.37574 -0.825013 2.29
      vertex 8.41936 -0.864555 2.29
    endloop
  endfacet
  facet normal 0.595655 -0.803241 0
    outer loop
      vertex 11.5333 -0.899631 2.29
      vertex 11.5806 -0.864555 3.44
      vertex 11.5333 -0.899631 3.44
    endloop
  endfacet
  facet normal 0.595655 -0.803241 0
    outer loop
      vertex 11.5806 -0.864555 3.44
      vertex 11.5333 -0.899631 2.29
      vertex 11.5806 -0.864555 2.29
    endloop
  endfacet
  facet normal -0.595644 0.803249 0
    outer loop
      vertex 8.46666 0.498131 2.29
      vertex 8.41936 0.463056 3.44
      vertex 8.46666 0.498131 3.44
    endloop
  endfacet
  facet normal -0.595644 0.803249 0
    outer loop
      vertex 8.41936 0.463056 3.44
      vertex 8.46666 0.498131 2.29
      vertex 8.41936 0.463056 2.29
    endloop
  endfacet
  facet normal -0.336909 -0.941537 0
    outer loop
      vertex 8.57039 -0.955076 2.29
      vertex 8.62583 -0.974914 3.44
      vertex 8.57039 -0.955076 3.44
    endloop
  endfacet
  facet normal -0.336909 -0.941537 -0
    outer loop
      vertex 8.62583 -0.974914 3.44
      vertex 8.57039 -0.955076 2.29
      vertex 8.62583 -0.974914 2.29
    endloop
  endfacet
  facet normal 0.337124 -0.94146 0
    outer loop
      vertex 11.3742 -0.974914 2.29
      vertex 11.4296 -0.955076 3.44
      vertex 11.3742 -0.974914 3.44
    endloop
  endfacet
  facet normal 0.337124 -0.94146 0
    outer loop
      vertex 11.4296 -0.955076 3.44
      vertex 11.3742 -0.974914 2.29
      vertex 11.4296 -0.955076 2.29
    endloop
  endfacet
  facet normal -0.740892 -0.671624 0
    outer loop
      vertex 8.37574 -0.825013 2.29
      vertex 8.33619 -0.781384 3.44
      vertex 8.33619 -0.781384 2.29
    endloop
  endfacet
  facet normal -0.740892 -0.671624 0
    outer loop
      vertex 8.33619 -0.781384 3.44
      vertex 8.37574 -0.825013 2.29
      vertex 8.37574 -0.825013 3.44
    endloop
  endfacet
  facet normal 0.989274 0.146073 0
    outer loop
      vertex 11.7971 0.0580597 3.44
      vertex 11.7885 0.116303 2.29
      vertex 11.7885 0.116303 3.44
    endloop
  endfacet
  facet normal 0.989274 0.146073 0
    outer loop
      vertex 11.7885 0.116303 2.29
      vertex 11.7971 0.0580597 3.44
      vertex 11.7971 0.0580597 2.29
    endloop
  endfacet
  facet normal 0.0490904 -0.998794 0
    outer loop
      vertex 11.2 -1.00075 2.29
      vertex 11.2588 -0.99786 3.44
      vertex 11.2 -1.00075 3.44
    endloop
  endfacet
  facet normal 0.0490904 -0.998794 0
    outer loop
      vertex 11.2588 -0.99786 3.44
      vertex 11.2 -1.00075 2.29
      vertex 11.2588 -0.99786 2.29
    endloop
  endfacet
  facet normal -0.146746 0.989174 0
    outer loop
      vertex 8.74119 0.59636 2.29
      vertex 8.68295 0.58772 3.44
      vertex 8.74119 0.59636 3.44
    endloop
  endfacet
  facet normal -0.146746 0.989174 0
    outer loop
      vertex 8.68295 0.58772 3.44
      vertex 8.74119 0.59636 2.29
      vertex 8.68295 0.58772 2.29
    endloop
  endfacet
  facet normal 0.741307 0.671166 0
    outer loop
      vertex 11.6638 0.379885 3.44
      vertex 11.6243 0.423513 2.29
      vertex 11.6243 0.423513 3.44
    endloop
  endfacet
  facet normal 0.741307 0.671166 0
    outer loop
      vertex 11.6243 0.423513 2.29
      vertex 11.6638 0.379885 3.44
      vertex 11.6638 0.379885 2.29
    endloop
  endfacet
  facet normal -0.740884 0.671632 0
    outer loop
      vertex 8.33619 0.379885 2.29
      vertex 8.37574 0.423513 3.44
      vertex 8.37574 0.423513 2.29
    endloop
  endfacet
  facet normal -0.740884 0.671632 0
    outer loop
      vertex 8.37574 0.423513 3.44
      vertex 8.33619 0.379885 2.29
      vertex 8.33619 0.379885 3.44
    endloop
  endfacet
  facet normal -0.903956 -0.427625 0
    outer loop
      vertex 8.27085 -0.683587 2.29
      vertex 8.24567 -0.630359 3.44
      vertex 8.24567 -0.630359 2.29
    endloop
  endfacet
  facet normal -0.903956 -0.427625 0
    outer loop
      vertex 8.24567 -0.630359 3.44
      vertex 8.27085 -0.683587 2.29
      vertex 8.27085 -0.683587 3.44
    endloop
  endfacet
  facet normal 0.427726 -0.903909 0
    outer loop
      vertex 11.4296 -0.955076 2.29
      vertex 11.4828 -0.929902 3.44
      vertex 11.4296 -0.955076 3.44
    endloop
  endfacet
  facet normal 0.427726 -0.903909 0
    outer loop
      vertex 11.4828 -0.929902 3.44
      vertex 11.4296 -0.955076 2.29
      vertex 11.4828 -0.929902 2.29
    endloop
  endfacet
  facet normal 0.998786 -0.0492515 0
    outer loop
      vertex 11.7971 -0.459559 3.44
      vertex 11.8 -0.400749 2.29
      vertex 11.8 -0.400749 3.44
    endloop
  endfacet
  facet normal 0.998786 -0.0492515 0
    outer loop
      vertex 11.8 -0.400749 2.29
      vertex 11.7971 -0.459559 3.44
      vertex 11.7971 -0.459559 2.29
    endloop
  endfacet
  facet normal 0.904481 0.426514 0
    outer loop
      vertex 11.7543 0.228859 3.44
      vertex 11.7292 0.282087 2.29
      vertex 11.7292 0.282087 3.44
    endloop
  endfacet
  facet normal 0.904481 0.426514 0
    outer loop
      vertex 11.7292 0.282087 2.29
      vertex 11.7543 0.228859 3.44
      vertex 11.7543 0.228859 2.29
    endloop
  endfacet
  facet normal 0.670959 0.741494 -0
    outer loop
      vertex 11.6243 0.423513 2.29
      vertex 11.5806 0.463056 3.44
      vertex 11.6243 0.423513 3.44
    endloop
  endfacet
  facet normal 0.670959 0.741494 0
    outer loop
      vertex 11.5806 0.463056 3.44
      vertex 11.6243 0.423513 2.29
      vertex 11.5806 0.463056 2.29
    endloop
  endfacet
  facet normal 0.803009 0.595966 0
    outer loop
      vertex 11.6989 0.332591 3.44
      vertex 11.6638 0.379885 2.29
      vertex 11.6638 0.379885 3.44
    endloop
  endfacet
  facet normal 0.803009 0.595966 0
    outer loop
      vertex 11.6638 0.379885 2.29
      vertex 11.6989 0.332591 3.44
      vertex 11.6989 0.332591 2.29
    endloop
  endfacet
  facet normal -0.242951 0.970039 0
    outer loop
      vertex 8.68295 0.58772 2.29
      vertex 8.62583 0.573414 3.44
      vertex 8.68295 0.58772 3.44
    endloop
  endfacet
  facet normal -0.242951 0.970039 0
    outer loop
      vertex 8.62583 0.573414 3.44
      vertex 8.68295 0.58772 2.29
      vertex 8.62583 0.573414 2.29
    endloop
  endfacet
  facet normal 0 0 1
    outer loop
      vertex 11.2 0.599249 3.44
      vertex 11.8 -0.000749588 3.44
      vertex 11.7971 0.0580597 3.44
    endloop
  endfacet
  facet normal 0 0 1
    outer loop
      vertex 11.8 -0.000749588 3.44
      vertex 11.2 0.599249 3.44
      vertex 11.8 -0.400749 3.44
    endloop
  endfacet
  facet normal 0 0 1
    outer loop
      vertex 11.2 0.599249 3.44
      vertex 11.7971 0.0580597 3.44
      vertex 11.7885 0.116303 3.44
    endloop
  endfacet
  facet normal 0 0 1
    outer loop
      vertex 11.2 -1.00075 3.44
      vertex 11.8 -0.400749 3.44
      vertex 11.2 0.599249 3.44
    endloop
  endfacet
  facet normal 0 0 1
    outer loop
      vertex 11.2 0.599249 3.44
      vertex 11.7885 0.116303 3.44
      vertex 11.7742 0.17342 3.44
    endloop
  endfacet
  facet normal 0 0 1
    outer loop
      vertex 11.8 -0.400749 3.44
      vertex 11.2 -1.00075 3.44
      vertex 11.7971 -0.459559 3.44
    endloop
  endfacet
  facet normal 0 0 1
    outer loop
      vertex 11.2 0.599249 3.44
      vertex 11.7742 0.17342 3.44
      vertex 11.7543 0.228859 3.44
    endloop
  endfacet
  facet normal 0 0 1
    outer loop
      vertex 11.7971 -0.459559 3.44
      vertex 11.2 -1.00075 3.44
      vertex 11.7885 -0.517803 3.44
    endloop
  endfacet
  facet normal 0 0 1
    outer loop
      vertex 11.2 0.599249 3.44
      vertex 11.7543 0.228859 3.44
      vertex 11.7292 0.282087 3.44
    endloop
  endfacet
  facet normal 0 0 1
    outer loop
      vertex 11.7885 -0.517803 3.44
      vertex 11.2 -1.00075 3.44
      vertex 11.7742 -0.57492 3.44
    endloop
  endfacet
  facet normal 0 0 1
    outer loop
      vertex 11.2 0.599249 3.44
      vertex 11.7292 0.282087 3.44
      vertex 11.6989 0.332591 3.44
    endloop
  endfacet
  facet normal 0 0 1
    outer loop
      vertex 11.7742 -0.57492 3.44
      vertex 11.2 -1.00075 3.44
      vertex 11.7543 -0.630359 3.44
    endloop
  endfacet
  facet normal 0 0 1
    outer loop
      vertex 11.2 0.599249 3.44
      vertex 11.6989 0.332591 3.44
      vertex 11.6638 0.379885 3.44
    endloop
  endfacet
  facet normal 0 0 1
    outer loop
      vertex 11.7543 -0.630359 3.44
      vertex 11.2 -1.00075 3.44
      vertex 11.7292 -0.683587 3.44
    endloop
  endfacet
  facet normal 0 0 1
    outer loop
      vertex 11.2 0.599249 3.44
      vertex 11.6638 0.379885 3.44
      vertex 11.6243 0.423513 3.44
    endloop
  endfacet
  facet normal 0 0 1
    outer loop
      vertex 11.7292 -0.683587 3.44
      vertex 11.2 -1.00075 3.44
      vertex 11.6989 -0.734091 3.44
    endloop
  endfacet
  facet normal 0 0 1
    outer loop
      vertex 11.2 0.599249 3.44
      vertex 11.6243 0.423513 3.44
      vertex 11.5806 0.463056 3.44
    endloop
  endfacet
  facet normal 0 0 1
    outer loop
      vertex 11.6989 -0.734091 3.44
      vertex 11.2 -1.00075 3.44
      vertex 11.6638 -0.781384 3.44
    endloop
  endfacet
  facet normal 0 0 1
    outer loop
      vertex 11.2 0.599249 3.44
      vertex 11.5806 0.463056 3.44
      vertex 11.5333 0.498131 3.44
    endloop
  endfacet
  facet normal 0 0 1
    outer loop
      vertex 11.6638 -0.781384 3.44
      vertex 11.2 -1.00075 3.44
      vertex 11.6243 -0.825013 3.44
    endloop
  endfacet
  facet normal 0 0 1
    outer loop
      vertex 11.2 0.599249 3.44
      vertex 11.5333 0.498131 3.44
      vertex 11.4828 0.528402 3.44
    endloop
  endfacet
  facet normal 0 0 1
    outer loop
      vertex 11.6243 -0.825013 3.44
      vertex 11.2 -1.00075 3.44
      vertex 11.5806 -0.864555 3.44
    endloop
  endfacet
  facet normal 0 0 1
    outer loop
      vertex 11.2 0.599249 3.44
      vertex 11.4828 0.528402 3.44
      vertex 11.4296 0.553576 3.44
    endloop
  endfacet
  facet normal 0 0 1
    outer loop
      vertex 11.5806 -0.864555 3.44
      vertex 11.2 -1.00075 3.44
      vertex 11.5333 -0.899631 3.44
    endloop
  endfacet
  facet normal 0 0 1
    outer loop
      vertex 11.2 0.599249 3.44
      vertex 11.4296 0.553576 3.44
      vertex 11.3742 0.573414 3.44
    endloop
  endfacet
  facet normal 0 0 1
    outer loop
      vertex 11.5333 -0.899631 3.44
      vertex 11.2 -1.00075 3.44
      vertex 11.4828 -0.929902 3.44
    endloop
  endfacet
  facet normal 0 0 1
    outer loop
      vertex 11.2 0.599249 3.44
      vertex 11.3742 0.573414 3.44
      vertex 11.3171 0.58772 3.44
    endloop
  endfacet
  facet normal 0 0 1
    outer loop
      vertex 11.4828 -0.929902 3.44
      vertex 11.2 -1.00075 3.44
      vertex 11.4296 -0.955076 3.44
    endloop
  endfacet
  facet normal 0 0 1
    outer loop
      vertex 11.2 0.599249 3.44
      vertex 11.3171 0.58772 3.44
      vertex 11.2588 0.59636 3.44
    endloop
  endfacet
  facet normal 0 0 1
    outer loop
      vertex 11.4296 -0.955076 3.44
      vertex 11.2 -1.00075 3.44
      vertex 11.3742 -0.974914 3.44
    endloop
  endfacet
  facet normal 0 0 1
    outer loop
      vertex 11.3742 -0.974914 3.44
      vertex 11.2 -1.00075 3.44
      vertex 11.3171 -0.98922 3.44
    endloop
  endfacet
  facet normal 0 0 1
    outer loop
      vertex 11.3171 -0.98922 3.44
      vertex 11.2 -1.00075 3.44
      vertex 11.2588 -0.99786 3.44
    endloop
  endfacet
  facet normal -0 0 1
    outer loop
      vertex 8.8 0.599249 3.44
      vertex 11.2 -1.00075 3.44
      vertex 11.2 0.599249 3.44
    endloop
  endfacet
  facet normal 0 0 1
    outer loop
      vertex 8.8 0.599249 3.44
      vertex 8.8 -1.00075 3.44
      vertex 11.2 -1.00075 3.44
    endloop
  endfacet
  facet normal 0 0 1
    outer loop
      vertex 8.2 -0.000749588 3.44
      vertex 8.8 0.599249 3.44
      vertex 8.74119 0.59636 3.44
    endloop
  endfacet
  facet normal 0 0 1
    outer loop
      vertex 8.8 0.599249 3.44
      vertex 8.2 -0.000749588 3.44
      vertex 8.8 -1.00075 3.44
    endloop
  endfacet
  facet normal 0 0 1
    outer loop
      vertex 8.2 -0.000749588 3.44
      vertex 8.74119 0.59636 3.44
      vertex 8.68295 0.58772 3.44
    endloop
  endfacet
  facet normal -0 0 1
    outer loop
      vertex 8.2 -0.400749 3.44
      vertex 8.8 -1.00075 3.44
      vertex 8.2 -0.000749588 3.44
    endloop
  endfacet
  facet normal 0 0 1
    outer loop
      vertex 8.2 -0.000749588 3.44
      vertex 8.68295 0.58772 3.44
      vertex 8.62583 0.573414 3.44
    endloop
  endfacet
  facet normal 0 0 1
    outer loop
      vertex 8.8 -1.00075 3.44
      vertex 8.2 -0.400749 3.44
      vertex 8.74119 -0.99786 3.44
    endloop
  endfacet
  facet normal 0 0 1
    outer loop
      vertex 8.2 -0.000749588 3.44
      vertex 8.62583 0.573414 3.44
      vertex 8.57039 0.553576 3.44
    endloop
  endfacet
  facet normal 0 0 1
    outer loop
      vertex 8.74119 -0.99786 3.44
      vertex 8.2 -0.400749 3.44
      vertex 8.68295 -0.98922 3.44
    endloop
  endfacet
  facet normal 0 0 1
    outer loop
      vertex 8.2 -0.000749588 3.44
      vertex 8.57039 0.553576 3.44
      vertex 8.51716 0.528402 3.44
    endloop
  endfacet
  facet normal 0 0 1
    outer loop
      vertex 8.68295 -0.98922 3.44
      vertex 8.2 -0.400749 3.44
      vertex 8.62583 -0.974914 3.44
    endloop
  endfacet
  facet normal 0 0 1
    outer loop
      vertex 8.2 -0.000749588 3.44
      vertex 8.51716 0.528402 3.44
      vertex 8.46666 0.498131 3.44
    endloop
  endfacet
  facet normal 0 0 1
    outer loop
      vertex 8.62583 -0.974914 3.44
      vertex 8.2 -0.400749 3.44
      vertex 8.57039 -0.955076 3.44
    endloop
  endfacet
  facet normal 0 0 1
    outer loop
      vertex 8.2 -0.000749588 3.44
      vertex 8.46666 0.498131 3.44
      vertex 8.41936 0.463056 3.44
    endloop
  endfacet
  facet normal 0 0 1
    outer loop
      vertex 8.57039 -0.955076 3.44
      vertex 8.2 -0.400749 3.44
      vertex 8.51716 -0.929902 3.44
    endloop
  endfacet
  facet normal 0 0 1
    outer loop
      vertex 8.2 -0.000749588 3.44
      vertex 8.41936 0.463056 3.44
      vertex 8.37574 0.423513 3.44
    endloop
  endfacet
  facet normal 0 0 1
    outer loop
      vertex 8.51716 -0.929902 3.44
      vertex 8.2 -0.400749 3.44
      vertex 8.46666 -0.899631 3.44
    endloop
  endfacet
  facet normal 0 0 1
    outer loop
      vertex 8.2 -0.000749588 3.44
      vertex 8.37574 0.423513 3.44
      vertex 8.33619 0.379885 3.44
    endloop
  endfacet
  facet normal 0 0 1
    outer loop
      vertex 8.46666 -0.899631 3.44
      vertex 8.2 -0.400749 3.44
      vertex 8.41936 -0.864555 3.44
    endloop
  endfacet
  facet normal 0 0 1
    outer loop
      vertex 8.2 -0.000749588 3.44
      vertex 8.33619 0.379885 3.44
      vertex 8.30112 0.332591 3.44
    endloop
  endfacet
  facet normal 0 0 1
    outer loop
      vertex 8.41936 -0.864555 3.44
      vertex 8.2 -0.400749 3.44
      vertex 8.37574 -0.825013 3.44
    endloop
  endfacet
  facet normal 0 0 1
    outer loop
      vertex 8.2 -0.000749588 3.44
      vertex 8.30112 0.332591 3.44
      vertex 8.27085 0.282087 3.44
    endloop
  endfacet
  facet normal 0 0 1
    outer loop
      vertex 8.37574 -0.825013 3.44
      vertex 8.2 -0.400749 3.44
      vertex 8.33619 -0.781384 3.44
    endloop
  endfacet
  facet normal 0 0 1
    outer loop
      vertex 8.2 -0.000749588 3.44
      vertex 8.27085 0.282087 3.44
      vertex 8.24567 0.228859 3.44
    endloop
  endfacet
  facet normal 0 0 1
    outer loop
      vertex 8.33619 -0.781384 3.44
      vertex 8.2 -0.400749 3.44
      vertex 8.30112 -0.734091 3.44
    endloop
  endfacet
  facet normal 0 0 1
    outer loop
      vertex 8.2 -0.000749588 3.44
      vertex 8.24567 0.228859 3.44
      vertex 8.22584 0.17342 3.44
    endloop
  endfacet
  facet normal 0 0 1
    outer loop
      vertex 8.30112 -0.734091 3.44
      vertex 8.2 -0.400749 3.44
      vertex 8.27085 -0.683587 3.44
    endloop
  endfacet
  facet normal 0 0 1
    outer loop
      vertex 8.2 -0.000749588 3.44
      vertex 8.22584 0.17342 3.44
      vertex 8.21153 0.116303 3.44
    endloop
  endfacet
  facet normal 0 0 1
    outer loop
      vertex 8.27085 -0.683587 3.44
      vertex 8.2 -0.400749 3.44
      vertex 8.24567 -0.630359 3.44
    endloop
  endfacet
  facet normal 0 0 1
    outer loop
      vertex 8.2 -0.000749588 3.44
      vertex 8.21153 0.116303 3.44
      vertex 8.20289 0.0580597 3.44
    endloop
  endfacet
  facet normal 0 0 1
    outer loop
      vertex 8.24567 -0.630359 3.44
      vertex 8.2 -0.400749 3.44
      vertex 8.22584 -0.57492 3.44
    endloop
  endfacet
  facet normal 0 0 1
    outer loop
      vertex 8.22584 -0.57492 3.44
      vertex 8.2 -0.400749 3.44
      vertex 8.21153 -0.517803 3.44
    endloop
  endfacet
  facet normal 0 0 1
    outer loop
      vertex 8.21153 -0.517803 3.44
      vertex 8.2 -0.400749 3.44
      vertex 8.20289 -0.459559 3.44
    endloop
  endfacet
  facet normal -0.989175 0.146737 0
    outer loop
      vertex 8.20289 0.0580597 2.29
      vertex 8.21153 0.116303 3.44
      vertex 8.21153 0.116303 2.29
    endloop
  endfacet
  facet normal -0.989175 0.146737 0
    outer loop
      vertex 8.21153 0.116303 3.44
      vertex 8.20289 0.0580597 2.29
      vertex 8.20289 0.0580597 3.44
    endloop
  endfacet
  facet normal 0.904481 -0.426514 0
    outer loop
      vertex 11.7292 -0.683587 3.44
      vertex 11.7543 -0.630359 2.29
      vertex 11.7543 -0.630359 3.44
    endloop
  endfacet
  facet normal 0.904481 -0.426514 0
    outer loop
      vertex 11.7543 -0.630359 2.29
      vertex 11.7292 -0.683587 3.44
      vertex 11.7292 -0.683587 2.29
    endloop
  endfacet
  facet normal -0.989176 -0.146736 0
    outer loop
      vertex 8.21153 -0.517803 2.29
      vertex 8.20289 -0.459559 3.44
      vertex 8.20289 -0.459559 2.29
    endloop
  endfacet
  facet normal -0.989176 -0.146736 0
    outer loop
      vertex 8.20289 -0.459559 3.44
      vertex 8.21153 -0.517803 2.29
      vertex 8.21153 -0.517803 3.44
    endloop
  endfacet
  facet normal 0.146598 -0.989196 0
    outer loop
      vertex 11.2588 -0.99786 2.29
      vertex 11.3171 -0.98922 3.44
      vertex 11.2588 -0.99786 3.44
    endloop
  endfacet
  facet normal 0.146598 -0.989196 0
    outer loop
      vertex 11.3171 -0.98922 3.44
      vertex 11.2588 -0.99786 2.29
      vertex 11.3171 -0.98922 2.29
    endloop
  endfacet
  facet normal 0.243031 -0.970018 0
    outer loop
      vertex 11.3171 -0.98922 2.29
      vertex 11.3742 -0.974914 3.44
      vertex 11.3171 -0.98922 3.44
    endloop
  endfacet
  facet normal 0.243031 -0.970018 0
    outer loop
      vertex 11.3742 -0.974914 3.44
      vertex 11.3171 -0.98922 2.29
      vertex 11.3742 -0.974914 2.29
    endloop
  endfacet
  facet normal -0.0490651 0.998796 0
    outer loop
      vertex 8.8 0.599249 2.29
      vertex 8.74119 0.59636 3.44
      vertex 8.8 0.599249 3.44
    endloop
  endfacet
  facet normal -0.0490651 0.998796 0
    outer loop
      vertex 8.74119 0.59636 3.44
      vertex 8.8 0.599249 2.29
      vertex 8.74119 0.59636 2.29
    endloop
  endfacet
  facet normal -0.242951 -0.970039 0
    outer loop
      vertex 8.62583 -0.974914 2.29
      vertex 8.68295 -0.98922 3.44
      vertex 8.62583 -0.974914 3.44
    endloop
  endfacet
  facet normal -0.242951 -0.970039 -0
    outer loop
      vertex 8.68295 -0.98922 3.44
      vertex 8.62583 -0.974914 2.29
      vertex 8.68295 -0.98922 2.29
    endloop
  endfacet
  facet normal -0.857736 0.514091 0
    outer loop
      vertex 8.27085 0.282087 2.29
      vertex 8.30112 0.332591 3.44
      vertex 8.30112 0.332591 2.29
    endloop
  endfacet
  facet normal -0.857736 0.514091 0
    outer loop
      vertex 8.30112 0.332591 3.44
      vertex 8.27085 0.282087 2.29
      vertex 8.27085 0.282087 3.44
    endloop
  endfacet
  facet normal -1 0 0
    outer loop
      vertex 8.2 -0.400749 2.29
      vertex 8.2 -0.000749588 3.44
      vertex 8.2 -0.000749588 2.29
    endloop
  endfacet
  facet normal -1 -0 0
    outer loop
      vertex 8.2 -0.000749588 3.44
      vertex 8.2 -0.400749 2.29
      vertex 8.2 -0.400749 3.44
    endloop
  endfacet
  facet normal 0.0490735 0.998795 -0
    outer loop
      vertex 11.2588 0.59636 2.29
      vertex 11.2 0.599249 3.44
      vertex 11.2588 0.59636 3.44
    endloop
  endfacet
  facet normal 0.0490735 0.998795 0
    outer loop
      vertex 11.2 0.599249 3.44
      vertex 11.2588 0.59636 2.29
      vertex 11.2 0.599249 2.29
    endloop
  endfacet
  facet normal 0.989274 -0.146071 0
    outer loop
      vertex 11.7885 -0.517803 3.44
      vertex 11.7971 -0.459559 2.29
      vertex 11.7971 -0.459559 3.44
    endloop
  endfacet
  facet normal 0.989274 -0.146071 0
    outer loop
      vertex 11.7971 -0.459559 2.29
      vertex 11.7885 -0.517803 3.44
      vertex 11.7885 -0.517803 2.29
    endloop
  endfacet
  facet normal -0.941578 0.336794 0
    outer loop
      vertex 8.22584 0.17342 2.29
      vertex 8.24567 0.228859 3.44
      vertex 8.24567 0.228859 2.29
    endloop
  endfacet
  facet normal -0.941578 0.336794 0
    outer loop
      vertex 8.24567 0.228859 3.44
      vertex 8.22584 0.17342 2.29
      vertex 8.22584 0.17342 3.44
    endloop
  endfacet
  facet normal 0.427726 0.903909 -0
    outer loop
      vertex 11.4828 0.528402 2.29
      vertex 11.4296 0.553576 3.44
      vertex 11.4828 0.528402 3.44
    endloop
  endfacet
  facet normal 0.427726 0.903909 0
    outer loop
      vertex 11.4296 0.553576 3.44
      vertex 11.4828 0.528402 2.29
      vertex 11.4296 0.553576 2.29
    endloop
  endfacet
  facet normal -0.998795 0.0490827 0
    outer loop
      vertex 8.2 -0.000749588 2.29
      vertex 8.20289 0.0580597 3.44
      vertex 8.20289 0.0580597 2.29
    endloop
  endfacet
  facet normal -0.998795 0.0490827 0
    outer loop
      vertex 8.20289 0.0580597 3.44
      vertex 8.2 -0.000749588 2.29
      vertex 8.2 -0.000749588 3.44
    endloop
  endfacet
  facet normal -0.427529 0.904002 0
    outer loop
      vertex 8.57039 0.553576 2.29
      vertex 8.51716 0.528402 3.44
      vertex 8.57039 0.553576 3.44
    endloop
  endfacet
  facet normal -0.427529 0.904002 0
    outer loop
      vertex 8.51716 0.528402 3.44
      vertex 8.57039 0.553576 2.29
      vertex 8.51716 0.528402 2.29
    endloop
  endfacet
  facet normal -0.0490572 -0.998796 0
    outer loop
      vertex 8.78476 -1 2.29
      vertex 8.74119 -0.99786 3.44
      vertex 8.74119 -0.99786 2.29
    endloop
  endfacet
  facet normal -0.0490821 -0.998795 -9.43687e-07
    outer loop
      vertex 8.74119 -0.99786 3.44
      vertex 8.78476 -1 2.29
      vertex 8.8 -1.00075 3.44
    endloop
  endfacet
  facet normal -0.0491531 -0.998791 -0
    outer loop
      vertex 8.8 -1.00075 3.44
      vertex 8.78476 -1 2.29
      vertex 8.8 -1.00075 2.29
    endloop
  endfacet
  facet normal -0.595655 -0.803241 0
    outer loop
      vertex 8.41936 -0.864555 2.29
      vertex 8.46666 -0.899631 3.44
      vertex 8.41936 -0.864555 3.44
    endloop
  endfacet
  facet normal -0.595655 -0.803241 -0
    outer loop
      vertex 8.46666 -0.899631 3.44
      vertex 8.41936 -0.864555 2.29
      vertex 8.46666 -0.899631 2.29
    endloop
  endfacet
  facet normal 0.67095 -0.741503 0
    outer loop
      vertex 11.5806 -0.864555 2.29
      vertex 11.6243 -0.825013 3.44
      vertex 11.5806 -0.864555 3.44
    endloop
  endfacet
  facet normal 0.67095 -0.741503 0
    outer loop
      vertex 11.6243 -0.825013 3.44
      vertex 11.5806 -0.864555 2.29
      vertex 11.6243 -0.825013 2.29
    endloop
  endfacet
  facet normal -0.146746 -0.989174 0
    outer loop
      vertex 8.68295 -0.98922 2.29
      vertex 8.74119 -0.99786 3.44
      vertex 8.68295 -0.98922 3.44
    endloop
  endfacet
  facet normal -0.146746 -0.989174 -0
    outer loop
      vertex 8.74119 -0.99786 3.44
      vertex 8.68295 -0.98922 2.29
      vertex 8.74119 -0.99786 2.29
    endloop
  endfacet
  facet normal 0.803003 -0.595974 0
    outer loop
      vertex 11.6638 -0.781384 3.44
      vertex 11.6989 -0.734091 2.29
      vertex 11.6989 -0.734091 3.44
    endloop
  endfacet
  facet normal 0.803003 -0.595974 0
    outer loop
      vertex 11.6989 -0.734091 2.29
      vertex 11.6638 -0.781384 3.44
      vertex 11.6638 -0.781384 2.29
    endloop
  endfacet
  facet normal 0.337124 0.94146 -0
    outer loop
      vertex 11.4296 0.553576 2.29
      vertex 11.3742 0.573414 3.44
      vertex 11.4296 0.553576 3.44
    endloop
  endfacet
  facet normal 0.337124 0.94146 0
    outer loop
      vertex 11.3742 0.573414 3.44
      vertex 11.4296 0.553576 2.29
      vertex 11.3742 0.573414 2.29
    endloop
  endfacet
  facet normal 0.595644 0.803249 -0
    outer loop
      vertex 11.5806 0.463056 2.29
      vertex 11.5333 0.498131 3.44
      vertex 11.5806 0.463056 3.44
    endloop
  endfacet
  facet normal 0.595644 0.803249 0
    outer loop
      vertex 11.5333 0.498131 3.44
      vertex 11.5806 0.463056 2.29
      vertex 11.5333 0.498131 2.29
    endloop
  endfacet
  facet normal 1 -0 0
    outer loop
      vertex 11.8 -0.400749 3.44
      vertex 11.8 -0.000749588 2.29
      vertex 11.8 -0.000749588 3.44
    endloop
  endfacet
  facet normal 1 0 0
    outer loop
      vertex 11.8 -0.000749588 2.29
      vertex 11.8 -0.400749 3.44
      vertex 11.8 -0.400749 2.29
    endloop
  endfacet
  facet normal -0.803253 0.595638 0
    outer loop
      vertex 8.30112 0.332591 2.29
      vertex 8.33619 0.379885 3.44
      vertex 8.33619 0.379885 2.29
    endloop
  endfacet
  facet normal -0.803253 0.595638 0
    outer loop
      vertex 8.33619 0.379885 3.44
      vertex 8.30112 0.332591 2.29
      vertex 8.30112 0.332591 3.44
    endloop
  endfacet
  facet normal 0.941201 0.337847 0
    outer loop
      vertex 11.7742 0.17342 3.44
      vertex 11.7543 0.228859 2.29
      vertex 11.7543 0.228859 3.44
    endloop
  endfacet
  facet normal 0.941201 0.337847 0
    outer loop
      vertex 11.7543 0.228859 2.29
      vertex 11.7742 0.17342 3.44
      vertex 11.7742 0.17342 2.29
    endloop
  endfacet
  facet normal -0.970019 -0.243027 0
    outer loop
      vertex 8.22584 -0.57492 2.29
      vertex 8.21153 -0.517803 3.44
      vertex 8.21153 -0.517803 2.29
    endloop
  endfacet
  facet normal -0.970019 -0.243027 0
    outer loop
      vertex 8.21153 -0.517803 3.44
      vertex 8.22584 -0.57492 2.29
      vertex 8.22584 -0.57492 3.44
    endloop
  endfacet
  facet normal -0.998795 -0.0490821 0
    outer loop
      vertex 8.20289 -0.459559 2.29
      vertex 8.2 -0.400749 3.44
      vertex 8.2 -0.400749 2.29
    endloop
  endfacet
  facet normal -0.998795 -0.0490821 0
    outer loop
      vertex 8.2 -0.400749 3.44
      vertex 8.20289 -0.459559 2.29
      vertex 8.20289 -0.459559 3.44
    endloop
  endfacet
  facet normal -0.803247 -0.595646 0
    outer loop
      vertex 8.33619 -0.781384 2.29
      vertex 8.30112 -0.734091 3.44
      vertex 8.30112 -0.734091 2.29
    endloop
  endfacet
  facet normal -0.803247 -0.595646 0
    outer loop
      vertex 8.30112 -0.734091 3.44
      vertex 8.33619 -0.781384 2.29
      vertex 8.33619 -0.781384 3.44
    endloop
  endfacet
  facet normal 0.243031 0.970018 -0
    outer loop
      vertex 11.3742 0.573414 2.29
      vertex 11.3171 0.58772 3.44
      vertex 11.3742 0.573414 3.44
    endloop
  endfacet
  facet normal 0.243031 0.970018 0
    outer loop
      vertex 11.3171 0.58772 3.44
      vertex 11.3742 0.573414 2.29
      vertex 11.3171 0.58772 2.29
    endloop
  endfacet
  facet normal 0.857511 -0.514466 0
    outer loop
      vertex 11.6989 -0.734091 3.44
      vertex 11.7292 -0.683587 2.29
      vertex 11.7292 -0.683587 3.44
    endloop
  endfacet
  facet normal 0.857511 -0.514466 0
    outer loop
      vertex 11.7292 -0.683587 2.29
      vertex 11.6989 -0.734091 3.44
      vertex 11.6989 -0.734091 2.29
    endloop
  endfacet
  facet normal 0.146598 0.989196 -0
    outer loop
      vertex 11.3171 0.58772 2.29
      vertex 11.2588 0.59636 3.44
      vertex 11.3171 0.58772 3.44
    endloop
  endfacet
  facet normal 0.146598 0.989196 0
    outer loop
      vertex 11.2588 0.59636 3.44
      vertex 11.3171 0.58772 2.29
      vertex 11.2588 0.59636 2.29
    endloop
  endfacet
  facet normal 0.514134 0.85771 -0
    outer loop
      vertex 11.5333 0.498131 2.29
      vertex 11.4828 0.528402 3.44
      vertex 11.5333 0.498131 3.44
    endloop
  endfacet
  facet normal 0.514134 0.85771 0
    outer loop
      vertex 11.4828 0.528402 3.44
      vertex 11.5333 0.498131 2.29
      vertex 11.4828 0.528402 2.29
    endloop
  endfacet
  facet normal -0.970019 0.243027 0
    outer loop
      vertex 8.21153 0.116303 2.29
      vertex 8.22584 0.17342 3.44
      vertex 8.22584 0.17342 2.29
    endloop
  endfacet
  facet normal -0.970019 0.243027 0
    outer loop
      vertex 8.22584 0.17342 3.44
      vertex 8.21153 0.116303 2.29
      vertex 8.21153 0.116303 3.44
    endloop
  endfacet
  facet normal 0.97006 -0.242867 0
    outer loop
      vertex 11.7742 -0.57492 3.44
      vertex 11.7885 -0.517803 2.29
      vertex 11.7885 -0.517803 3.44
    endloop
  endfacet
  facet normal 0.97006 -0.242867 0
    outer loop
      vertex 11.7885 -0.517803 2.29
      vertex 11.7742 -0.57492 3.44
      vertex 11.7742 -0.57492 2.29
    endloop
  endfacet
  facet normal 0.998786 0.0492521 0
    outer loop
      vertex 11.8 -0.000749588 3.44
      vertex 11.7971 0.0580597 2.29
      vertex 11.7971 0.0580597 3.44
    endloop
  endfacet
  facet normal 0.998786 0.0492521 0
    outer loop
      vertex 11.7971 0.0580597 2.29
      vertex 11.8 -0.000749588 3.44
      vertex 11.8 -0.000749588 2.29
    endloop
  endfacet
  facet normal 0.514134 -0.85771 0
    outer loop
      vertex 11.4828 -0.929902 2.29
      vertex 11.5333 -0.899631 3.44
      vertex 11.4828 -0.929902 3.44
    endloop
  endfacet
  facet normal 0.514134 -0.85771 0
    outer loop
      vertex 11.5333 -0.899631 3.44
      vertex 11.4828 -0.929902 2.29
      vertex 11.5333 -0.899631 2.29
    endloop
  endfacet
  facet normal -0.514134 0.85771 0
    outer loop
      vertex 8.51716 0.528402 2.29
      vertex 8.46666 0.498131 3.44
      vertex 8.51716 0.528402 3.44
    endloop
  endfacet
  facet normal -0.514134 0.85771 0
    outer loop
      vertex 8.46666 0.498131 3.44
      vertex 8.51716 0.528402 2.29
      vertex 8.46666 0.498131 2.29
    endloop
  endfacet
  facet normal -0.941578 -0.336794 0
    outer loop
      vertex 8.24567 -0.630359 2.29
      vertex 8.22584 -0.57492 3.44
      vertex 8.22584 -0.57492 2.29
    endloop
  endfacet
  facet normal -0.941578 -0.336794 0
    outer loop
      vertex 8.22584 -0.57492 3.44
      vertex 8.24567 -0.630359 2.29
      vertex 8.24567 -0.630359 3.44
    endloop
  endfacet
  facet normal -0.514134 -0.85771 0
    outer loop
      vertex 8.46666 -0.899631 2.29
      vertex 8.51716 -0.929902 3.44
      vertex 8.46666 -0.899631 3.44
    endloop
  endfacet
  facet normal -0.514134 -0.85771 -0
    outer loop
      vertex 8.51716 -0.929902 3.44
      vertex 8.46666 -0.899631 2.29
      vertex 8.51716 -0.929902 2.29
    endloop
  endfacet
  facet normal -0.857736 -0.514091 0
    outer loop
      vertex 8.30112 -0.734091 2.29
      vertex 8.27085 -0.683587 3.44
      vertex 8.27085 -0.683587 2.29
    endloop
  endfacet
  facet normal -0.857736 -0.514091 0
    outer loop
      vertex 8.27085 -0.683587 3.44
      vertex 8.30112 -0.734091 2.29
      vertex 8.30112 -0.734091 3.44
    endloop
  endfacet
  facet normal 0.97006 0.242867 0
    outer loop
      vertex 11.7885 0.116303 3.44
      vertex 11.7742 0.17342 2.29
      vertex 11.7742 0.17342 3.44
    endloop
  endfacet
  facet normal 0.97006 0.242867 0
    outer loop
      vertex 11.7742 0.17342 2.29
      vertex 11.7885 0.116303 3.44
      vertex 11.7885 0.116303 2.29
    endloop
  endfacet
  facet normal -0.903956 0.427625 0
    outer loop
      vertex 8.24567 0.228859 2.29
      vertex 8.27085 0.282087 3.44
      vertex 8.27085 0.282087 2.29
    endloop
  endfacet
  facet normal -0.903956 0.427625 0
    outer loop
      vertex 8.27085 0.282087 3.44
      vertex 8.24567 0.228859 2.29
      vertex 8.24567 0.228859 3.44
    endloop
  endfacet
  facet normal 0 0 0
    outer loop
      vertex -10 -1 2.29
      vertex -10 0.599249 2.29
      vertex -10 1 2.29
    endloop
  endfacet
  facet normal 0 1 -0
    outer loop
      vertex -3 1 1.89
      vertex -7 1 2.29
      vertex -3 1 2.29
    endloop
  endfacet
  facet normal 0 1 0
    outer loop
      vertex -7 1 2.29
      vertex -3 1 1.89
      vertex -7 1 1.89
    endloop
  endfacet
  facet normal 0 1 -0
    outer loop
      vertex 7 1 1.89
      vertex 3 1 2.29
      vertex 7 1 2.29
    endloop
  endfacet
  facet normal 0 1 0
    outer loop
      vertex 3 1 2.29
      vertex 7 1 1.89
      vertex 3 1 1.89
    endloop
  endfacet
  facet normal 0 0 0
    outer loop
      vertex 10 1 2.29
      vertex 7 1 2.29
      vertex -10 1 2.29
    endloop
  endfacet
  facet normal 0 0 -0
    outer loop
      vertex 3 1 2.29
      vertex -10 1 2.29
      vertex 7 1 2.29
    endloop
  endfacet
  facet normal 0 0 -0
    outer loop
      vertex -3 1 2.29
      vertex -10 1 2.29
      vertex 3 1 2.29
    endloop
  endfacet
  facet normal 0 0 -0
    outer loop
      vertex -7 1 2.29
      vertex -10 1 2.29
      vertex -3 1 2.29
    endloop
  endfacet
  facet normal 0 -1 0
    outer loop
      vertex 3 -1 1.89
      vertex 7 -1 2.29
      vertex 3 -1 2.29
    endloop
  endfacet
  facet normal 0 -1 -0
    outer loop
      vertex 7 -1 2.29
      vertex 3 -1 1.89
      vertex 7 -1 1.89
    endloop
  endfacet
  facet normal 0 -1 0
    outer loop
      vertex -7 -1 1.89
      vertex -3 -1 2.29
      vertex -7 -1 2.29
    endloop
  endfacet
  facet normal 0 -1 -0
    outer loop
      vertex -3 -1 2.29
      vertex -7 -1 1.89
      vertex -3 -1 1.89
    endloop
  endfacet
  facet normal 0 0 0
    outer loop
      vertex -8.78476 -1 2.29
      vertex -7 -1 2.29
      vertex -1.21524 -1 2.29
    endloop
  endfacet
  facet normal 0 -0 0
    outer loop
      vertex -3 -1 2.29
      vertex -1.21524 -1 2.29
      vertex -7 -1 2.29
    endloop
  endfacet
  facet normal 0 0 -0
    outer loop
      vertex -1.21524 -1 2.29
      vertex -3 -1 2.29
      vertex 1.21524 -1 2.29
    endloop
  endfacet
  facet normal 0 0 -0
    outer loop
      vertex -8.78476 -1 2.29
      vertex -10 -1 2.29
      vertex -7 -1 2.29
    endloop
  endfacet
  facet normal 0 0 0
    outer loop
      vertex 3 -1 2.29
      vertex 1.21524 -1 2.29
      vertex -3 -1 2.29
    endloop
  endfacet
  facet normal 0 0 0
    outer loop
      vertex 1.21524 -1 2.29
      vertex 3 -1 2.29
      vertex 8.78476 -1 2.29
    endloop
  endfacet
  facet normal 0 -0 0
    outer loop
      vertex 7 -1 2.29
      vertex 8.78476 -1 2.29
      vertex 3 -1 2.29
    endloop
  endfacet
  facet normal 0 0 0
    outer loop
      vertex 10 -1 2.29
      vertex 8.78476 -1 2.29
      vertex 7 -1 2.29
    endloop
  endfacet
  facet normal -0 0 0
    outer loop
      vertex 10 0.599249 2.29
      vertex 10 -1 2.29
      vertex 10 1 2.29
    endloop
  endfacet
endsolid OpenSCAD_Model
