solid OpenSCAD_Model
  facet normal 0.337057 0.941484 -0
    outer loop
      vertex -79.582 -72.0153 0
      vertex -79.7806 -71.9442 6.01
      vertex -79.582 -72.0153 6.01
    endloop
  endfacet
  facet normal 0.337057 0.941484 0
    outer loop
      vertex -79.7806 -71.9442 6.01
      vertex -79.582 -72.0153 0
      vertex -79.7806 -71.9442 0
    endloop
  endfacet
  facet normal -0.989147 -0.146927 0
    outer loop
      vertex -76.8182 -69.7471 0
      vertex -76.8492 -69.5384 6.01
      vertex -76.8492 -69.5384 0
    endloop
  endfacet
  facet normal -0.989147 -0.146927 0
    outer loop
      vertex -76.8492 -69.5384 6.01
      vertex -76.8182 -69.7471 0
      vertex -76.8182 -69.7471 6.01
    endloop
  endfacet
  facet normal -0.998808 -0.0488033 0
    outer loop
      vertex -76.8079 -69.9579 0
      vertex -76.8182 -69.7471 6.01
      vertex -76.8182 -69.7471 0
    endloop
  endfacet
  facet normal -0.998808 -0.0488033 0
    outer loop
      vertex -76.8182 -69.7471 6.01
      vertex -76.8079 -69.9579 0
      vertex -76.8079 -69.9579 6.01
    endloop
  endfacet
  facet normal -0.970115 -0.242647 0
    outer loop
      vertex -76.8492 -69.5384 0
      vertex -76.9004 -69.3337 6.01
      vertex -76.9004 -69.3337 0
    endloop
  endfacet
  facet normal -0.970115 -0.242647 0
    outer loop
      vertex -76.9004 -69.3337 6.01
      vertex -76.8492 -69.5384 0
      vertex -76.8492 -69.5384 6.01
    endloop
  endfacet
  facet normal 0.989216 -0.146463 0
    outer loop
      vertex -81.0975 -69.7471 6.01
      vertex -81.0666 -69.5384 0
      vertex -81.0666 -69.5384 6.01
    endloop
  endfacet
  facet normal 0.989216 -0.146463 0
    outer loop
      vertex -81.0666 -69.5384 0
      vertex -81.0975 -69.7471 6.01
      vertex -81.0975 -69.7471 0
    endloop
  endfacet
  facet normal 0.243093 0.970003 -0
    outer loop
      vertex -79.3773 -72.0666 0
      vertex -79.582 -72.0153 6.01
      vertex -79.3773 -72.0666 6.01
    endloop
  endfacet
  facet normal 0.243093 0.970003 0
    outer loop
      vertex -79.582 -72.0153 6.01
      vertex -79.3773 -72.0666 0
      vertex -79.582 -72.0153 0
    endloop
  endfacet
  facet normal -0.337057 -0.941484 0
    outer loop
      vertex -78.3337 -67.9004 0
      vertex -78.1351 -67.9715 6.01
      vertex -78.3337 -67.9004 6.01
    endloop
  endfacet
  facet normal -0.337057 -0.941484 -0
    outer loop
      vertex -78.1351 -67.9715 6.01
      vertex -78.3337 -67.9004 0
      vertex -78.1351 -67.9715 0
    endloop
  endfacet
  facet normal 0.514356 -0.857577 0
    outer loop
      vertex -80.1523 -68.1702 0
      vertex -79.9714 -68.0617 6.01
      vertex -80.1523 -68.1702 6.01
    endloop
  endfacet
  facet normal 0.514356 -0.857577 0
    outer loop
      vertex -79.9714 -68.0617 6.01
      vertex -80.1523 -68.1702 0
      vertex -79.9714 -68.0617 0
    endloop
  endfacet
  facet normal 0.904066 0.427394 0
    outer loop
      vertex -80.854 -70.9714 6.01
      vertex -80.9442 -70.7806 0
      vertex -80.9442 -70.7806 6.01
    endloop
  endfacet
  facet normal 0.904066 0.427394 0
    outer loop
      vertex -80.9442 -70.7806 0
      vertex -80.854 -70.9714 6.01
      vertex -80.854 -70.9714 0
    endloop
  endfacet
  facet normal 0.242647 -0.970115 0
    outer loop
      vertex -79.582 -67.9004 0
      vertex -79.3773 -67.8492 6.01
      vertex -79.582 -67.9004 6.01
    endloop
  endfacet
  facet normal 0.242647 -0.970115 0
    outer loop
      vertex -79.3773 -67.8492 6.01
      vertex -79.582 -67.9004 0
      vertex -79.3773 -67.8492 0
    endloop
  endfacet
  facet normal 0.857577 0.514356 0
    outer loop
      vertex -80.7455 -71.1523 6.01
      vertex -80.854 -70.9714 0
      vertex -80.854 -70.9714 6.01
    endloop
  endfacet
  facet normal 0.857577 0.514356 0
    outer loop
      vertex -80.854 -70.9714 0
      vertex -80.7455 -71.1523 6.01
      vertex -80.7455 -71.1523 0
    endloop
  endfacet
  facet normal -0.243093 0.970003 0
    outer loop
      vertex -78.3337 -72.0153 0
      vertex -78.5384 -72.0666 6.01
      vertex -78.3337 -72.0153 6.01
    endloop
  endfacet
  facet normal -0.243093 0.970003 0
    outer loop
      vertex -78.5384 -72.0666 6.01
      vertex -78.3337 -72.0153 0
      vertex -78.5384 -72.0666 0
    endloop
  endfacet
  facet normal 0.595669 0.80323 -0
    outer loop
      vertex -80.1523 -71.7455 0
      vertex -80.3218 -71.6198 6.01
      vertex -80.1523 -71.7455 6.01
    endloop
  endfacet
  facet normal 0.595669 0.80323 0
    outer loop
      vertex -80.3218 -71.6198 6.01
      vertex -80.1523 -71.7455 0
      vertex -80.3218 -71.6198 0
    endloop
  endfacet
  facet normal -0.514147 0.857702 0
    outer loop
      vertex -77.7634 -71.7455 0
      vertex -77.9444 -71.854 6.01
      vertex -77.7634 -71.7455 6.01
    endloop
  endfacet
  facet normal -0.514147 0.857702 0
    outer loop
      vertex -77.9444 -71.854 6.01
      vertex -77.7634 -71.7455 0
      vertex -77.9444 -71.854 0
    endloop
  endfacet
  facet normal -0.80323 0.595669 0
    outer loop
      vertex -77.2959 -71.3218 0
      vertex -77.1702 -71.1523 6.01
      vertex -77.1702 -71.1523 0
    endloop
  endfacet
  facet normal -0.80323 0.595669 0
    outer loop
      vertex -77.1702 -71.1523 6.01
      vertex -77.2959 -71.3218 0
      vertex -77.2959 -71.3218 6.01
    endloop
  endfacet
  facet normal -0.146927 -0.989147 0
    outer loop
      vertex -78.7471 -67.8182 0
      vertex -78.5384 -67.8492 6.01
      vertex -78.7471 -67.8182 6.01
    endloop
  endfacet
  facet normal -0.146927 -0.989147 -0
    outer loop
      vertex -78.5384 -67.8492 6.01
      vertex -78.7471 -67.8182 0
      vertex -78.5384 -67.8492 0
    endloop
  endfacet
  facet normal 0.595669 -0.80323 0
    outer loop
      vertex -80.3218 -68.2959 0
      vertex -80.1523 -68.1702 6.01
      vertex -80.3218 -68.2959 6.01
    endloop
  endfacet
  facet normal 0.595669 -0.80323 0
    outer loop
      vertex -80.1523 -68.1702 6.01
      vertex -80.3218 -68.2959 0
      vertex -80.1523 -68.1702 0
    endloop
  endfacet
  facet normal -0.427577 0.903979 0
    outer loop
      vertex -77.9444 -71.854 0
      vertex -78.1351 -71.9442 6.01
      vertex -77.9444 -71.854 6.01
    endloop
  endfacet
  facet normal -0.427577 0.903979 0
    outer loop
      vertex -78.1351 -71.9442 6.01
      vertex -77.9444 -71.854 0
      vertex -78.1351 -71.9442 0
    endloop
  endfacet
  facet normal 0.80323 -0.595669 0
    outer loop
      vertex -80.7455 -68.7634 6.01
      vertex -80.6198 -68.5939 0
      vertex -80.6198 -68.5939 6.01
    endloop
  endfacet
  facet normal 0.80323 -0.595669 0
    outer loop
      vertex -80.6198 -68.5939 0
      vertex -80.7455 -68.7634 6.01
      vertex -80.7455 -68.7634 0
    endloop
  endfacet
  facet normal -0.989147 0.146927 0
    outer loop
      vertex -76.8492 -70.3773 0
      vertex -76.8182 -70.1686 6.01
      vertex -76.8182 -70.1686 0
    endloop
  endfacet
  facet normal -0.989147 0.146927 0
    outer loop
      vertex -76.8182 -70.1686 6.01
      vertex -76.8492 -70.3773 0
      vertex -76.8492 -70.3773 6.01
    endloop
  endfacet
  facet normal 0.941484 -0.337057 0
    outer loop
      vertex -81.0153 -69.3337 6.01
      vertex -80.9442 -69.1351 0
      vertex -80.9442 -69.1351 6.01
    endloop
  endfacet
  facet normal 0.941484 -0.337057 0
    outer loop
      vertex -80.9442 -69.1351 0
      vertex -81.0153 -69.3337 6.01
      vertex -81.0153 -69.3337 0
    endloop
  endfacet
  facet normal -0.427577 -0.903979 0
    outer loop
      vertex -78.1351 -67.9715 0
      vertex -77.9444 -68.0617 6.01
      vertex -78.1351 -67.9715 6.01
    endloop
  endfacet
  facet normal -0.427577 -0.903979 -0
    outer loop
      vertex -77.9444 -68.0617 6.01
      vertex -78.1351 -67.9715 0
      vertex -77.9444 -68.0617 0
    endloop
  endfacet
  facet normal 0.941484 0.337057 0
    outer loop
      vertex -80.9442 -70.7806 6.01
      vertex -81.0153 -70.582 0
      vertex -81.0153 -70.582 6.01
    endloop
  endfacet
  facet normal 0.941484 0.337057 0
    outer loop
      vertex -81.0153 -70.582 0
      vertex -80.9442 -70.7806 6.01
      vertex -80.9442 -70.7806 0
    endloop
  endfacet
  facet normal -0.970115 0.242647 0
    outer loop
      vertex -76.9004 -70.582 0
      vertex -76.8492 -70.3773 6.01
      vertex -76.8492 -70.3773 0
    endloop
  endfacet
  facet normal -0.970115 0.242647 0
    outer loop
      vertex -76.8492 -70.3773 6.01
      vertex -76.9004 -70.582 0
      vertex -76.9004 -70.582 6.01
    endloop
  endfacet
  facet normal 0.0488264 -0.998807 0
    outer loop
      vertex -79.1686 -67.8182 0
      vertex -78.9579 -67.8079 6.01
      vertex -79.1686 -67.8182 6.01
    endloop
  endfacet
  facet normal 0.0488264 -0.998807 0
    outer loop
      vertex -78.9579 -67.8079 6.01
      vertex -79.1686 -67.8182 0
      vertex -78.9579 -67.8079 0
    endloop
  endfacet
  facet normal 0.427394 -0.904066 0
    outer loop
      vertex -79.9714 -68.0617 0
      vertex -79.7806 -67.9715 6.01
      vertex -79.9714 -68.0617 6.01
    endloop
  endfacet
  facet normal 0.427394 -0.904066 0
    outer loop
      vertex -79.7806 -67.9715 6.01
      vertex -79.9714 -68.0617 0
      vertex -79.7806 -67.9715 0
    endloop
  endfacet
  facet normal 0.671658 -0.740862 0
    outer loop
      vertex -80.4781 -68.4376 0
      vertex -80.3218 -68.2959 6.01
      vertex -80.4781 -68.4376 6.01
    endloop
  endfacet
  facet normal 0.671658 -0.740862 0
    outer loop
      vertex -80.3218 -68.2959 6.01
      vertex -80.4781 -68.4376 0
      vertex -80.3218 -68.2959 0
    endloop
  endfacet
  facet normal -0.337057 0.941484 0
    outer loop
      vertex -78.1351 -71.9442 0
      vertex -78.3337 -72.0153 6.01
      vertex -78.1351 -71.9442 6.01
    endloop
  endfacet
  facet normal -0.337057 0.941484 0
    outer loop
      vertex -78.3337 -72.0153 6.01
      vertex -78.1351 -71.9442 0
      vertex -78.3337 -72.0153 0
    endloop
  endfacet
  facet normal 0.337057 -0.941484 0
    outer loop
      vertex -79.7806 -67.9715 0
      vertex -79.582 -67.9004 6.01
      vertex -79.7806 -67.9715 6.01
    endloop
  endfacet
  facet normal 0.337057 -0.941484 0
    outer loop
      vertex -79.582 -67.9004 6.01
      vertex -79.7806 -67.9715 0
      vertex -79.582 -67.9004 0
    endloop
  endfacet
  facet normal -0.80323 -0.595669 0
    outer loop
      vertex -77.1702 -68.7634 0
      vertex -77.2959 -68.5939 6.01
      vertex -77.2959 -68.5939 0
    endloop
  endfacet
  facet normal -0.80323 -0.595669 0
    outer loop
      vertex -77.2959 -68.5939 6.01
      vertex -77.1702 -68.7634 0
      vertex -77.1702 -68.7634 6.01
    endloop
  endfacet
  facet normal 0.857702 -0.514147 0
    outer loop
      vertex -80.854 -68.9444 6.01
      vertex -80.7455 -68.7634 0
      vertex -80.7455 -68.7634 6.01
    endloop
  endfacet
  facet normal 0.857702 -0.514147 0
    outer loop
      vertex -80.7455 -68.7634 0
      vertex -80.854 -68.9444 6.01
      vertex -80.854 -68.9444 0
    endloop
  endfacet
  facet normal -0.998807 0.0488264 0
    outer loop
      vertex -76.8182 -70.1686 0
      vertex -76.8079 -69.9579 6.01
      vertex -76.8079 -69.9579 0
    endloop
  endfacet
  facet normal -0.998807 0.0488264 0
    outer loop
      vertex -76.8079 -69.9579 6.01
      vertex -76.8182 -70.1686 0
      vertex -76.8182 -70.1686 6.01
    endloop
  endfacet
  facet normal -0.904066 0.427394 0
    outer loop
      vertex -77.0617 -70.9714 0
      vertex -76.9715 -70.7806 6.01
      vertex -76.9715 -70.7806 0
    endloop
  endfacet
  facet normal -0.904066 0.427394 0
    outer loop
      vertex -76.9715 -70.7806 6.01
      vertex -77.0617 -70.9714 0
      vertex -77.0617 -70.9714 6.01
    endloop
  endfacet
  facet normal -0.857702 -0.514147 0
    outer loop
      vertex -77.0617 -68.9444 0
      vertex -77.1702 -68.7634 6.01
      vertex -77.1702 -68.7634 0
    endloop
  endfacet
  facet normal -0.857702 -0.514147 0
    outer loop
      vertex -77.1702 -68.7634 6.01
      vertex -77.0617 -68.9444 0
      vertex -77.0617 -68.9444 6.01
    endloop
  endfacet
  facet normal 0 0 -1
    outer loop
      vertex -76.8182 -70.1686 6.01
      vertex -76.8182 -69.7471 6.01
      vertex -76.8079 -69.9579 6.01
    endloop
  endfacet
  facet normal 0 0 -1
    outer loop
      vertex -76.8492 -70.3773 6.01
      vertex -76.8182 -69.7471 6.01
      vertex -76.8182 -70.1686 6.01
    endloop
  endfacet
  facet normal 0 0 -1
    outer loop
      vertex -76.8492 -70.3773 6.01
      vertex -76.8492 -69.5384 6.01
      vertex -76.8182 -69.7471 6.01
    endloop
  endfacet
  facet normal 0 0 -1
    outer loop
      vertex -76.9004 -70.582 6.01
      vertex -76.8492 -69.5384 6.01
      vertex -76.8492 -70.3773 6.01
    endloop
  endfacet
  facet normal 0 0 -1
    outer loop
      vertex -76.9004 -70.582 6.01
      vertex -76.9004 -69.3337 6.01
      vertex -76.8492 -69.5384 6.01
    endloop
  endfacet
  facet normal 0 0 -1
    outer loop
      vertex -76.9715 -70.7806 6.01
      vertex -76.9004 -69.3337 6.01
      vertex -76.9004 -70.582 6.01
    endloop
  endfacet
  facet normal 0 0 -1
    outer loop
      vertex -76.9715 -70.7806 6.01
      vertex -76.9715 -69.1351 6.01
      vertex -76.9004 -69.3337 6.01
    endloop
  endfacet
  facet normal 0 0 -1
    outer loop
      vertex -77.0617 -70.9714 6.01
      vertex -76.9715 -69.1351 6.01
      vertex -76.9715 -70.7806 6.01
    endloop
  endfacet
  facet normal 0 0 -1
    outer loop
      vertex -77.0617 -70.9714 6.01
      vertex -77.0617 -68.9444 6.01
      vertex -76.9715 -69.1351 6.01
    endloop
  endfacet
  facet normal 0 0 -1
    outer loop
      vertex -77.1702 -71.1523 6.01
      vertex -77.0617 -68.9444 6.01
      vertex -77.0617 -70.9714 6.01
    endloop
  endfacet
  facet normal 0 0 -1
    outer loop
      vertex -77.1702 -71.1523 6.01
      vertex -77.1702 -68.7634 6.01
      vertex -77.0617 -68.9444 6.01
    endloop
  endfacet
  facet normal 0 0 -1
    outer loop
      vertex -77.2959 -71.3218 6.01
      vertex -77.1702 -68.7634 6.01
      vertex -77.1702 -71.1523 6.01
    endloop
  endfacet
  facet normal 0 0 -1
    outer loop
      vertex -77.2959 -71.3218 6.01
      vertex -77.2959 -68.5939 6.01
      vertex -77.1702 -68.7634 6.01
    endloop
  endfacet
  facet normal 0 0 -1
    outer loop
      vertex -77.4376 -71.4781 6.01
      vertex -77.2959 -68.5939 6.01
      vertex -77.2959 -71.3218 6.01
    endloop
  endfacet
  facet normal 0 0 -1
    outer loop
      vertex -77.4376 -71.4781 6.01
      vertex -77.4376 -68.4376 6.01
      vertex -77.2959 -68.5939 6.01
    endloop
  endfacet
  facet normal 0 0 -1
    outer loop
      vertex -77.5939 -71.6198 6.01
      vertex -77.4376 -68.4376 6.01
      vertex -77.4376 -71.4781 6.01
    endloop
  endfacet
  facet normal 0 0 -1
    outer loop
      vertex -77.5939 -71.6198 6.01
      vertex -77.5939 -68.2959 6.01
      vertex -77.4376 -68.4376 6.01
    endloop
  endfacet
  facet normal 0 0 -1
    outer loop
      vertex -77.7634 -71.7455 6.01
      vertex -77.5939 -68.2959 6.01
      vertex -77.5939 -71.6198 6.01
    endloop
  endfacet
  facet normal 0 0 -1
    outer loop
      vertex -77.7634 -71.7455 6.01
      vertex -77.7634 -68.1702 6.01
      vertex -77.5939 -68.2959 6.01
    endloop
  endfacet
  facet normal 0 0 -1
    outer loop
      vertex -77.9444 -71.854 6.01
      vertex -77.7634 -68.1702 6.01
      vertex -77.7634 -71.7455 6.01
    endloop
  endfacet
  facet normal 0 0 -1
    outer loop
      vertex -77.9444 -71.854 6.01
      vertex -77.9444 -68.0617 6.01
      vertex -77.7634 -68.1702 6.01
    endloop
  endfacet
  facet normal 0 0 -1
    outer loop
      vertex -78.1351 -71.9442 6.01
      vertex -77.9444 -68.0617 6.01
      vertex -77.9444 -71.854 6.01
    endloop
  endfacet
  facet normal 0 0 -1
    outer loop
      vertex -78.1351 -71.9442 6.01
      vertex -78.1351 -67.9715 6.01
      vertex -77.9444 -68.0617 6.01
    endloop
  endfacet
  facet normal 0 0 -1
    outer loop
      vertex -78.3337 -72.0153 6.01
      vertex -78.1351 -67.9715 6.01
      vertex -78.1351 -71.9442 6.01
    endloop
  endfacet
  facet normal 0 0 -1
    outer loop
      vertex -78.3337 -72.0153 6.01
      vertex -78.3337 -67.9004 6.01
      vertex -78.1351 -67.9715 6.01
    endloop
  endfacet
  facet normal 0 0 -1
    outer loop
      vertex -78.5384 -72.0666 6.01
      vertex -78.3337 -67.9004 6.01
      vertex -78.3337 -72.0153 6.01
    endloop
  endfacet
  facet normal 0 0 -1
    outer loop
      vertex -78.5384 -72.0666 6.01
      vertex -78.5384 -67.8492 6.01
      vertex -78.3337 -67.9004 6.01
    endloop
  endfacet
  facet normal 0 0 -1
    outer loop
      vertex -78.7471 -72.0975 6.01
      vertex -78.5384 -67.8492 6.01
      vertex -78.5384 -72.0666 6.01
    endloop
  endfacet
  facet normal 0 0 -1
    outer loop
      vertex -78.7471 -72.0975 6.01
      vertex -78.7471 -67.8182 6.01
      vertex -78.5384 -67.8492 6.01
    endloop
  endfacet
  facet normal 0 0 -1
    outer loop
      vertex -78.9579 -72.1079 6.01
      vertex -78.7471 -67.8182 6.01
      vertex -78.7471 -72.0975 6.01
    endloop
  endfacet
  facet normal 0 0 -1
    outer loop
      vertex -78.9579 -72.1079 6.01
      vertex -78.9579 -67.8079 6.01
      vertex -78.7471 -67.8182 6.01
    endloop
  endfacet
  facet normal 0 0 -1
    outer loop
      vertex -79.1686 -72.0975 6.01
      vertex -78.9579 -67.8079 6.01
      vertex -78.9579 -72.1079 6.01
    endloop
  endfacet
  facet normal 0 0 -1
    outer loop
      vertex -79.1686 -72.0975 6.01
      vertex -79.1686 -67.8182 6.01
      vertex -78.9579 -67.8079 6.01
    endloop
  endfacet
  facet normal 0 0 -1
    outer loop
      vertex -79.3773 -72.0666 6.01
      vertex -79.1686 -67.8182 6.01
      vertex -79.1686 -72.0975 6.01
    endloop
  endfacet
  facet normal 0 0 -1
    outer loop
      vertex -79.3773 -72.0666 6.01
      vertex -79.3773 -67.8492 6.01
      vertex -79.1686 -67.8182 6.01
    endloop
  endfacet
  facet normal 0 0 -1
    outer loop
      vertex -79.582 -72.0153 6.01
      vertex -79.3773 -67.8492 6.01
      vertex -79.3773 -72.0666 6.01
    endloop
  endfacet
  facet normal 0 0 -1
    outer loop
      vertex -79.582 -72.0153 6.01
      vertex -79.582 -67.9004 6.01
      vertex -79.3773 -67.8492 6.01
    endloop
  endfacet
  facet normal 0 0 -1
    outer loop
      vertex -79.7806 -71.9442 6.01
      vertex -79.582 -67.9004 6.01
      vertex -79.582 -72.0153 6.01
    endloop
  endfacet
  facet normal 0 0 -1
    outer loop
      vertex -79.7806 -71.9442 6.01
      vertex -79.7806 -67.9715 6.01
      vertex -79.582 -67.9004 6.01
    endloop
  endfacet
  facet normal 0 0 -1
    outer loop
      vertex -79.9714 -71.854 6.01
      vertex -79.7806 -67.9715 6.01
      vertex -79.7806 -71.9442 6.01
    endloop
  endfacet
  facet normal 0 0 -1
    outer loop
      vertex -79.9714 -71.854 6.01
      vertex -79.9714 -68.0617 6.01
      vertex -79.7806 -67.9715 6.01
    endloop
  endfacet
  facet normal 0 0 -1
    outer loop
      vertex -80.1523 -71.7455 6.01
      vertex -79.9714 -68.0617 6.01
      vertex -79.9714 -71.854 6.01
    endloop
  endfacet
  facet normal 0 0 -1
    outer loop
      vertex -80.1523 -71.7455 6.01
      vertex -80.1523 -68.1702 6.01
      vertex -79.9714 -68.0617 6.01
    endloop
  endfacet
  facet normal 0 0 -1
    outer loop
      vertex -80.3218 -71.6198 6.01
      vertex -80.1523 -68.1702 6.01
      vertex -80.1523 -71.7455 6.01
    endloop
  endfacet
  facet normal 0 0 -1
    outer loop
      vertex -80.3218 -71.6198 6.01
      vertex -80.3218 -68.2959 6.01
      vertex -80.1523 -68.1702 6.01
    endloop
  endfacet
  facet normal 0 0 -1
    outer loop
      vertex -80.4781 -71.4781 6.01
      vertex -80.3218 -68.2959 6.01
      vertex -80.3218 -71.6198 6.01
    endloop
  endfacet
  facet normal 0 0 -1
    outer loop
      vertex -80.4781 -71.4781 6.01
      vertex -80.4781 -68.4376 6.01
      vertex -80.3218 -68.2959 6.01
    endloop
  endfacet
  facet normal 0 0 -1
    outer loop
      vertex -80.6198 -71.3218 6.01
      vertex -80.4781 -68.4376 6.01
      vertex -80.4781 -71.4781 6.01
    endloop
  endfacet
  facet normal 0 0 -1
    outer loop
      vertex -80.6198 -71.3218 6.01
      vertex -80.6198 -68.5939 6.01
      vertex -80.4781 -68.4376 6.01
    endloop
  endfacet
  facet normal 0 0 -1
    outer loop
      vertex -80.7455 -71.1523 6.01
      vertex -80.6198 -68.5939 6.01
      vertex -80.6198 -71.3218 6.01
    endloop
  endfacet
  facet normal 0 0 -1
    outer loop
      vertex -80.7455 -71.1523 6.01
      vertex -80.7455 -68.7634 6.01
      vertex -80.6198 -68.5939 6.01
    endloop
  endfacet
  facet normal 0 0 -1
    outer loop
      vertex -80.854 -70.9714 6.01
      vertex -80.7455 -68.7634 6.01
      vertex -80.7455 -71.1523 6.01
    endloop
  endfacet
  facet normal 0 0 -1
    outer loop
      vertex -80.854 -70.9714 6.01
      vertex -80.854 -68.9444 6.01
      vertex -80.7455 -68.7634 6.01
    endloop
  endfacet
  facet normal 0 0 -1
    outer loop
      vertex -80.9442 -70.7806 6.01
      vertex -80.854 -68.9444 6.01
      vertex -80.854 -70.9714 6.01
    endloop
  endfacet
  facet normal 0 0 -1
    outer loop
      vertex -80.9442 -70.7806 6.01
      vertex -80.9442 -69.1351 6.01
      vertex -80.854 -68.9444 6.01
    endloop
  endfacet
  facet normal 0 0 -1
    outer loop
      vertex -81.0153 -70.582 6.01
      vertex -80.9442 -69.1351 6.01
      vertex -80.9442 -70.7806 6.01
    endloop
  endfacet
  facet normal 0 0 -1
    outer loop
      vertex -81.0153 -70.582 6.01
      vertex -81.0153 -69.3337 6.01
      vertex -80.9442 -69.1351 6.01
    endloop
  endfacet
  facet normal 0 0 -1
    outer loop
      vertex -81.0666 -70.3773 6.01
      vertex -81.0153 -69.3337 6.01
      vertex -81.0153 -70.582 6.01
    endloop
  endfacet
  facet normal 0 0 -1
    outer loop
      vertex -81.0666 -70.3773 6.01
      vertex -81.0666 -69.5384 6.01
      vertex -81.0153 -69.3337 6.01
    endloop
  endfacet
  facet normal 0 0 -1
    outer loop
      vertex -81.0975 -70.1686 6.01
      vertex -81.0666 -69.5384 6.01
      vertex -81.0666 -70.3773 6.01
    endloop
  endfacet
  facet normal 0 0 -1
    outer loop
      vertex -81.0975 -70.1686 6.01
      vertex -81.0975 -69.7471 6.01
      vertex -81.0666 -69.5384 6.01
    endloop
  endfacet
  facet normal 0 -0 -1
    outer loop
      vertex -81.0975 -69.7471 6.01
      vertex -81.0975 -70.1686 6.01
      vertex -81.1079 -69.9579 6.01
    endloop
  endfacet
  facet normal -0.595669 -0.80323 0
    outer loop
      vertex -77.7634 -68.1702 0
      vertex -77.5939 -68.2959 6.01
      vertex -77.7634 -68.1702 6.01
    endloop
  endfacet
  facet normal -0.595669 -0.80323 -0
    outer loop
      vertex -77.5939 -68.2959 6.01
      vertex -77.7634 -68.1702 0
      vertex -77.5939 -68.2959 0
    endloop
  endfacet
  facet normal 0.514356 0.857577 -0
    outer loop
      vertex -79.9714 -71.854 0
      vertex -80.1523 -71.7455 6.01
      vertex -79.9714 -71.854 6.01
    endloop
  endfacet
  facet normal 0.514356 0.857577 0
    outer loop
      vertex -80.1523 -71.7455 6.01
      vertex -79.9714 -71.854 0
      vertex -80.1523 -71.7455 0
    endloop
  endfacet
  facet normal -0.514147 -0.857702 0
    outer loop
      vertex -77.9444 -68.0617 0
      vertex -77.7634 -68.1702 6.01
      vertex -77.9444 -68.0617 6.01
    endloop
  endfacet
  facet normal -0.514147 -0.857702 -0
    outer loop
      vertex -77.7634 -68.1702 6.01
      vertex -77.9444 -68.0617 0
      vertex -77.7634 -68.1702 0
    endloop
  endfacet
  facet normal -0.146463 0.989216 0
    outer loop
      vertex -78.5384 -72.0666 0
      vertex -78.7471 -72.0975 6.01
      vertex -78.5384 -72.0666 6.01
    endloop
  endfacet
  facet normal -0.146463 0.989216 0
    outer loop
      vertex -78.7471 -72.0975 6.01
      vertex -78.5384 -72.0666 0
      vertex -78.7471 -72.0975 0
    endloop
  endfacet
  facet normal -0.941484 -0.337057 0
    outer loop
      vertex -76.9004 -69.3337 0
      vertex -76.9715 -69.1351 6.01
      vertex -76.9715 -69.1351 0
    endloop
  endfacet
  facet normal -0.941484 -0.337057 0
    outer loop
      vertex -76.9715 -69.1351 6.01
      vertex -76.9004 -69.3337 0
      vertex -76.9004 -69.3337 6.01
    endloop
  endfacet
  facet normal -0.857577 0.514356 0
    outer loop
      vertex -77.1702 -71.1523 0
      vertex -77.0617 -70.9714 6.01
      vertex -77.0617 -70.9714 0
    endloop
  endfacet
  facet normal -0.857577 0.514356 0
    outer loop
      vertex -77.0617 -70.9714 6.01
      vertex -77.1702 -71.1523 0
      vertex -77.1702 -71.1523 6.01
    endloop
  endfacet
  facet normal 0.998784 0.0492993 0
    outer loop
      vertex -81.0975 -70.1686 6.01
      vertex -81.1079 -69.9579 0
      vertex -81.1079 -69.9579 6.01
    endloop
  endfacet
  facet normal 0.998784 0.0492993 0
    outer loop
      vertex -81.1079 -69.9579 0
      vertex -81.0975 -70.1686 6.01
      vertex -81.0975 -70.1686 0
    endloop
  endfacet
  facet normal -0.941484 0.337057 0
    outer loop
      vertex -76.9715 -70.7806 0
      vertex -76.9004 -70.582 6.01
      vertex -76.9004 -70.582 0
    endloop
  endfacet
  facet normal -0.941484 0.337057 0
    outer loop
      vertex -76.9004 -70.582 6.01
      vertex -76.9715 -70.7806 0
      vertex -76.9715 -70.7806 6.01
    endloop
  endfacet
  facet normal -0.740862 -0.671658 0
    outer loop
      vertex -77.2959 -68.5939 0
      vertex -77.4376 -68.4376 6.01
      vertex -77.4376 -68.4376 0
    endloop
  endfacet
  facet normal -0.740862 -0.671658 0
    outer loop
      vertex -77.4376 -68.4376 6.01
      vertex -77.2959 -68.5939 0
      vertex -77.2959 -68.5939 6.01
    endloop
  endfacet
  facet normal -0.0488033 -0.998808 0
    outer loop
      vertex -78.9579 -67.8079 0
      vertex -78.7471 -67.8182 6.01
      vertex -78.9579 -67.8079 6.01
    endloop
  endfacet
  facet normal -0.0488033 -0.998808 -0
    outer loop
      vertex -78.7471 -67.8182 6.01
      vertex -78.9579 -67.8079 0
      vertex -78.7471 -67.8182 0
    endloop
  endfacet
  facet normal -0.903979 -0.427577 0
    outer loop
      vertex -76.9715 -69.1351 0
      vertex -77.0617 -68.9444 6.01
      vertex -77.0617 -68.9444 0
    endloop
  endfacet
  facet normal -0.903979 -0.427577 0
    outer loop
      vertex -77.0617 -68.9444 6.01
      vertex -76.9715 -69.1351 0
      vertex -76.9715 -69.1351 6.01
    endloop
  endfacet
  facet normal 0.146463 0.989216 -0
    outer loop
      vertex -79.1686 -72.0975 0
      vertex -79.3773 -72.0666 6.01
      vertex -79.1686 -72.0975 6.01
    endloop
  endfacet
  facet normal 0.146463 0.989216 0
    outer loop
      vertex -79.3773 -72.0666 6.01
      vertex -79.1686 -72.0975 0
      vertex -79.3773 -72.0666 0
    endloop
  endfacet
  facet normal -0.671658 0.740862 0
    outer loop
      vertex -77.4376 -71.4781 0
      vertex -77.5939 -71.6198 6.01
      vertex -77.4376 -71.4781 6.01
    endloop
  endfacet
  facet normal -0.671658 0.740862 0
    outer loop
      vertex -77.5939 -71.6198 6.01
      vertex -77.4376 -71.4781 0
      vertex -77.5939 -71.6198 0
    endloop
  endfacet
  facet normal 0.0492993 0.998784 -0
    outer loop
      vertex -78.9579 -72.1079 0
      vertex -79.1686 -72.0975 6.01
      vertex -78.9579 -72.1079 6.01
    endloop
  endfacet
  facet normal 0.0492993 0.998784 0
    outer loop
      vertex -79.1686 -72.0975 6.01
      vertex -78.9579 -72.1079 0
      vertex -79.1686 -72.0975 0
    endloop
  endfacet
  facet normal 0.740862 -0.671658 0
    outer loop
      vertex -80.6198 -68.5939 6.01
      vertex -80.4781 -68.4376 0
      vertex -80.4781 -68.4376 6.01
    endloop
  endfacet
  facet normal 0.740862 -0.671658 0
    outer loop
      vertex -80.4781 -68.4376 0
      vertex -80.6198 -68.5939 6.01
      vertex -80.6198 -68.5939 0
    endloop
  endfacet
  facet normal -0.671658 -0.740862 0
    outer loop
      vertex -77.5939 -68.2959 0
      vertex -77.4376 -68.4376 6.01
      vertex -77.5939 -68.2959 6.01
    endloop
  endfacet
  facet normal -0.671658 -0.740862 -0
    outer loop
      vertex -77.4376 -68.4376 6.01
      vertex -77.5939 -68.2959 0
      vertex -77.4376 -68.4376 0
    endloop
  endfacet
  facet normal 0.146927 -0.989147 0
    outer loop
      vertex -79.3773 -67.8492 0
      vertex -79.1686 -67.8182 6.01
      vertex -79.3773 -67.8492 6.01
    endloop
  endfacet
  facet normal 0.146927 -0.989147 0
    outer loop
      vertex -79.1686 -67.8182 6.01
      vertex -79.3773 -67.8492 0
      vertex -79.1686 -67.8182 0
    endloop
  endfacet
  facet normal 0.903979 -0.427577 0
    outer loop
      vertex -80.9442 -69.1351 6.01
      vertex -80.854 -68.9444 0
      vertex -80.854 -68.9444 6.01
    endloop
  endfacet
  facet normal 0.903979 -0.427577 0
    outer loop
      vertex -80.854 -68.9444 0
      vertex -80.9442 -69.1351 6.01
      vertex -80.9442 -69.1351 0
    endloop
  endfacet
  facet normal 0.671658 0.740862 -0
    outer loop
      vertex -80.3218 -71.6198 0
      vertex -80.4781 -71.4781 6.01
      vertex -80.3218 -71.6198 6.01
    endloop
  endfacet
  facet normal 0.671658 0.740862 0
    outer loop
      vertex -80.4781 -71.4781 6.01
      vertex -80.3218 -71.6198 0
      vertex -80.4781 -71.4781 0
    endloop
  endfacet
  facet normal 0.970003 -0.243093 0
    outer loop
      vertex -81.0666 -69.5384 6.01
      vertex -81.0153 -69.3337 0
      vertex -81.0153 -69.3337 6.01
    endloop
  endfacet
  facet normal 0.970003 -0.243093 0
    outer loop
      vertex -81.0153 -69.3337 0
      vertex -81.0666 -69.5384 6.01
      vertex -81.0666 -69.5384 0
    endloop
  endfacet
  facet normal -0.242647 -0.970115 0
    outer loop
      vertex -78.5384 -67.8492 0
      vertex -78.3337 -67.9004 6.01
      vertex -78.5384 -67.8492 6.01
    endloop
  endfacet
  facet normal -0.242647 -0.970115 -0
    outer loop
      vertex -78.3337 -67.9004 6.01
      vertex -78.5384 -67.8492 0
      vertex -78.3337 -67.9004 0
    endloop
  endfacet
  facet normal 0.970003 0.243093 0
    outer loop
      vertex -81.0153 -70.582 6.01
      vertex -81.0666 -70.3773 0
      vertex -81.0666 -70.3773 6.01
    endloop
  endfacet
  facet normal 0.970003 0.243093 0
    outer loop
      vertex -81.0666 -70.3773 0
      vertex -81.0153 -70.582 6.01
      vertex -81.0153 -70.582 0
    endloop
  endfacet
  facet normal 0.427394 0.904066 -0
    outer loop
      vertex -79.7806 -71.9442 0
      vertex -79.9714 -71.854 6.01
      vertex -79.7806 -71.9442 6.01
    endloop
  endfacet
  facet normal 0.427394 0.904066 0
    outer loop
      vertex -79.9714 -71.854 6.01
      vertex -79.7806 -71.9442 0
      vertex -79.9714 -71.854 0
    endloop
  endfacet
  facet normal 0.740862 0.671658 0
    outer loop
      vertex -80.4781 -71.4781 6.01
      vertex -80.6198 -71.3218 0
      vertex -80.6198 -71.3218 6.01
    endloop
  endfacet
  facet normal 0.740862 0.671658 0
    outer loop
      vertex -80.6198 -71.3218 0
      vertex -80.4781 -71.4781 6.01
      vertex -80.4781 -71.4781 0
    endloop
  endfacet
  facet normal -0.0492759 0.998785 0
    outer loop
      vertex -78.7471 -72.0975 0
      vertex -78.9579 -72.1079 6.01
      vertex -78.7471 -72.0975 6.01
    endloop
  endfacet
  facet normal -0.0492759 0.998785 0
    outer loop
      vertex -78.9579 -72.1079 6.01
      vertex -78.7471 -72.0975 0
      vertex -78.9579 -72.1079 0
    endloop
  endfacet
  facet normal 0.989216 0.146463 0
    outer loop
      vertex -81.0666 -70.3773 6.01
      vertex -81.0975 -70.1686 0
      vertex -81.0975 -70.1686 6.01
    endloop
  endfacet
  facet normal 0.989216 0.146463 0
    outer loop
      vertex -81.0975 -70.1686 0
      vertex -81.0666 -70.3773 6.01
      vertex -81.0666 -70.3773 0
    endloop
  endfacet
  facet normal -0.595669 0.80323 0
    outer loop
      vertex -77.5939 -71.6198 0
      vertex -77.7634 -71.7455 6.01
      vertex -77.5939 -71.6198 6.01
    endloop
  endfacet
  facet normal -0.595669 0.80323 0
    outer loop
      vertex -77.7634 -71.7455 6.01
      vertex -77.5939 -71.6198 0
      vertex -77.7634 -71.7455 0
    endloop
  endfacet
  facet normal 0.80323 0.595669 0
    outer loop
      vertex -80.6198 -71.3218 6.01
      vertex -80.7455 -71.1523 0
      vertex -80.7455 -71.1523 6.01
    endloop
  endfacet
  facet normal 0.80323 0.595669 0
    outer loop
      vertex -80.7455 -71.1523 0
      vertex -80.6198 -71.3218 6.01
      vertex -80.6198 -71.3218 0
    endloop
  endfacet
  facet normal 0.998785 -0.0492759 0
    outer loop
      vertex -81.1079 -69.9579 6.01
      vertex -81.0975 -69.7471 0
      vertex -81.0975 -69.7471 6.01
    endloop
  endfacet
  facet normal 0.998785 -0.0492759 0
    outer loop
      vertex -81.0975 -69.7471 0
      vertex -81.1079 -69.9579 6.01
      vertex -81.1079 -69.9579 0
    endloop
  endfacet
  facet normal -0.740862 0.671658 0
    outer loop
      vertex -77.4376 -71.4781 0
      vertex -77.2959 -71.3218 6.01
      vertex -77.2959 -71.3218 0
    endloop
  endfacet
  facet normal -0.740862 0.671658 0
    outer loop
      vertex -77.2959 -71.3218 6.01
      vertex -77.4376 -71.4781 0
      vertex -77.4376 -71.4781 6.01
    endloop
  endfacet
  facet normal -0.671658 0.740862 0
    outer loop
      vertex -77.4376 68.4376 0
      vertex -77.5939 68.2959 6.01
      vertex -77.4376 68.4376 6.01
    endloop
  endfacet
  facet normal -0.671658 0.740862 0
    outer loop
      vertex -77.5939 68.2959 6.01
      vertex -77.4376 68.4376 0
      vertex -77.5939 68.2959 0
    endloop
  endfacet
  facet normal -0.989147 -0.146927 0
    outer loop
      vertex -76.8182 70.1686 0
      vertex -76.8492 70.3773 6.01
      vertex -76.8492 70.3773 0
    endloop
  endfacet
  facet normal -0.989147 -0.146927 0
    outer loop
      vertex -76.8492 70.3773 6.01
      vertex -76.8182 70.1686 0
      vertex -76.8182 70.1686 6.01
    endloop
  endfacet
  facet normal -0.998807 -0.0488264 0
    outer loop
      vertex -76.8079 69.9579 0
      vertex -76.8182 70.1686 6.01
      vertex -76.8182 70.1686 0
    endloop
  endfacet
  facet normal -0.998807 -0.0488264 0
    outer loop
      vertex -76.8182 70.1686 6.01
      vertex -76.8079 69.9579 0
      vertex -76.8079 69.9579 6.01
    endloop
  endfacet
  facet normal -0.970115 -0.242647 0
    outer loop
      vertex -76.8492 70.3773 0
      vertex -76.9004 70.582 6.01
      vertex -76.9004 70.582 0
    endloop
  endfacet
  facet normal -0.970115 -0.242647 0
    outer loop
      vertex -76.9004 70.582 6.01
      vertex -76.8492 70.3773 0
      vertex -76.8492 70.3773 6.01
    endloop
  endfacet
  facet normal 0.243093 -0.970003 0
    outer loop
      vertex -79.582 72.0153 0
      vertex -79.3773 72.0666 6.01
      vertex -79.582 72.0153 6.01
    endloop
  endfacet
  facet normal 0.243093 -0.970003 0
    outer loop
      vertex -79.3773 72.0666 6.01
      vertex -79.582 72.0153 0
      vertex -79.3773 72.0666 0
    endloop
  endfacet
  facet normal 0.146463 -0.989216 0
    outer loop
      vertex -79.3773 72.0666 0
      vertex -79.1686 72.0975 6.01
      vertex -79.3773 72.0666 6.01
    endloop
  endfacet
  facet normal 0.146463 -0.989216 0
    outer loop
      vertex -79.1686 72.0975 6.01
      vertex -79.3773 72.0666 0
      vertex -79.1686 72.0975 0
    endloop
  endfacet
  facet normal -0.80323 -0.595669 0
    outer loop
      vertex -77.1702 71.1523 0
      vertex -77.2959 71.3218 6.01
      vertex -77.2959 71.3218 0
    endloop
  endfacet
  facet normal -0.80323 -0.595669 0
    outer loop
      vertex -77.2959 71.3218 6.01
      vertex -77.1702 71.1523 0
      vertex -77.1702 71.1523 6.01
    endloop
  endfacet
  facet normal -0.941484 0.337057 0
    outer loop
      vertex -76.9715 69.1351 0
      vertex -76.9004 69.3337 6.01
      vertex -76.9004 69.3337 0
    endloop
  endfacet
  facet normal -0.941484 0.337057 0
    outer loop
      vertex -76.9004 69.3337 6.01
      vertex -76.9715 69.1351 0
      vertex -76.9715 69.1351 6.01
    endloop
  endfacet
  facet normal -0.514147 -0.857702 0
    outer loop
      vertex -77.9444 71.854 0
      vertex -77.7634 71.7455 6.01
      vertex -77.9444 71.854 6.01
    endloop
  endfacet
  facet normal -0.514147 -0.857702 -0
    outer loop
      vertex -77.7634 71.7455 6.01
      vertex -77.9444 71.854 0
      vertex -77.7634 71.7455 0
    endloop
  endfacet
  facet normal -0.998808 0.0488033 0
    outer loop
      vertex -76.8182 69.7471 0
      vertex -76.8079 69.9579 6.01
      vertex -76.8079 69.9579 0
    endloop
  endfacet
  facet normal -0.998808 0.0488033 0
    outer loop
      vertex -76.8079 69.9579 6.01
      vertex -76.8182 69.7471 0
      vertex -76.8182 69.7471 6.01
    endloop
  endfacet
  facet normal -0.857702 0.514147 0
    outer loop
      vertex -77.1702 68.7634 0
      vertex -77.0617 68.9444 6.01
      vertex -77.0617 68.9444 0
    endloop
  endfacet
  facet normal -0.857702 0.514147 0
    outer loop
      vertex -77.0617 68.9444 6.01
      vertex -77.1702 68.7634 0
      vertex -77.1702 68.7634 6.01
    endloop
  endfacet
  facet normal -0.80323 0.595669 0
    outer loop
      vertex -77.2959 68.5939 0
      vertex -77.1702 68.7634 6.01
      vertex -77.1702 68.7634 0
    endloop
  endfacet
  facet normal -0.80323 0.595669 0
    outer loop
      vertex -77.1702 68.7634 6.01
      vertex -77.2959 68.5939 0
      vertex -77.2959 68.5939 6.01
    endloop
  endfacet
  facet normal 0.337057 0.941484 -0
    outer loop
      vertex -79.582 67.9004 0
      vertex -79.7806 67.9715 6.01
      vertex -79.582 67.9004 6.01
    endloop
  endfacet
  facet normal 0.337057 0.941484 0
    outer loop
      vertex -79.7806 67.9715 6.01
      vertex -79.582 67.9004 0
      vertex -79.7806 67.9715 0
    endloop
  endfacet
  facet normal 0.514356 -0.857577 0
    outer loop
      vertex -80.1523 71.7455 0
      vertex -79.9714 71.854 6.01
      vertex -80.1523 71.7455 6.01
    endloop
  endfacet
  facet normal 0.514356 -0.857577 0
    outer loop
      vertex -79.9714 71.854 6.01
      vertex -80.1523 71.7455 0
      vertex -79.9714 71.854 0
    endloop
  endfacet
  facet normal 0.0488264 0.998807 -0
    outer loop
      vertex -78.9579 67.8079 0
      vertex -79.1686 67.8182 6.01
      vertex -78.9579 67.8079 6.01
    endloop
  endfacet
  facet normal 0.0488264 0.998807 0
    outer loop
      vertex -79.1686 67.8182 6.01
      vertex -78.9579 67.8079 0
      vertex -79.1686 67.8182 0
    endloop
  endfacet
  facet normal -0.242647 0.970115 0
    outer loop
      vertex -78.3337 67.9004 0
      vertex -78.5384 67.8492 6.01
      vertex -78.3337 67.9004 6.01
    endloop
  endfacet
  facet normal -0.242647 0.970115 0
    outer loop
      vertex -78.5384 67.8492 6.01
      vertex -78.3337 67.9004 0
      vertex -78.5384 67.8492 0
    endloop
  endfacet
  facet normal -0.941484 -0.337057 0
    outer loop
      vertex -76.9004 70.582 0
      vertex -76.9715 70.7806 6.01
      vertex -76.9715 70.7806 0
    endloop
  endfacet
  facet normal -0.941484 -0.337057 0
    outer loop
      vertex -76.9715 70.7806 6.01
      vertex -76.9004 70.582 0
      vertex -76.9004 70.582 6.01
    endloop
  endfacet
  facet normal -0.0492759 -0.998785 0
    outer loop
      vertex -78.9579 72.1079 0
      vertex -78.7471 72.0975 6.01
      vertex -78.9579 72.1079 6.01
    endloop
  endfacet
  facet normal -0.0492759 -0.998785 -0
    outer loop
      vertex -78.7471 72.0975 6.01
      vertex -78.9579 72.1079 0
      vertex -78.7471 72.0975 0
    endloop
  endfacet
  facet normal 0.146927 0.989147 -0
    outer loop
      vertex -79.1686 67.8182 0
      vertex -79.3773 67.8492 6.01
      vertex -79.1686 67.8182 6.01
    endloop
  endfacet
  facet normal 0.146927 0.989147 0
    outer loop
      vertex -79.3773 67.8492 6.01
      vertex -79.1686 67.8182 0
      vertex -79.3773 67.8492 0
    endloop
  endfacet
  facet normal 0.514356 0.857577 -0
    outer loop
      vertex -79.9714 68.0617 0
      vertex -80.1523 68.1702 6.01
      vertex -79.9714 68.0617 6.01
    endloop
  endfacet
  facet normal 0.514356 0.857577 0
    outer loop
      vertex -80.1523 68.1702 6.01
      vertex -79.9714 68.0617 0
      vertex -80.1523 68.1702 0
    endloop
  endfacet
  facet normal 0.904066 -0.427394 0
    outer loop
      vertex -80.9442 70.7806 6.01
      vertex -80.854 70.9714 0
      vertex -80.854 70.9714 6.01
    endloop
  endfacet
  facet normal 0.904066 -0.427394 0
    outer loop
      vertex -80.854 70.9714 0
      vertex -80.9442 70.7806 6.01
      vertex -80.9442 70.7806 0
    endloop
  endfacet
  facet normal 0.427394 -0.904066 0
    outer loop
      vertex -79.9714 71.854 0
      vertex -79.7806 71.9442 6.01
      vertex -79.9714 71.854 6.01
    endloop
  endfacet
  facet normal 0.427394 -0.904066 0
    outer loop
      vertex -79.7806 71.9442 6.01
      vertex -79.9714 71.854 0
      vertex -79.7806 71.9442 0
    endloop
  endfacet
  facet normal -0.740862 0.671658 0
    outer loop
      vertex -77.4376 68.4376 0
      vertex -77.2959 68.5939 6.01
      vertex -77.2959 68.5939 0
    endloop
  endfacet
  facet normal -0.740862 0.671658 0
    outer loop
      vertex -77.2959 68.5939 6.01
      vertex -77.4376 68.4376 0
      vertex -77.4376 68.4376 6.01
    endloop
  endfacet
  facet normal 0.427394 0.904066 -0
    outer loop
      vertex -79.7806 67.9715 0
      vertex -79.9714 68.0617 6.01
      vertex -79.7806 67.9715 6.01
    endloop
  endfacet
  facet normal 0.427394 0.904066 0
    outer loop
      vertex -79.9714 68.0617 6.01
      vertex -79.7806 67.9715 0
      vertex -79.9714 68.0617 0
    endloop
  endfacet
  facet normal 0.903979 0.427577 0
    outer loop
      vertex -80.854 68.9444 6.01
      vertex -80.9442 69.1351 0
      vertex -80.9442 69.1351 6.01
    endloop
  endfacet
  facet normal 0.903979 0.427577 0
    outer loop
      vertex -80.9442 69.1351 0
      vertex -80.854 68.9444 6.01
      vertex -80.854 68.9444 0
    endloop
  endfacet
  facet normal -0.337057 -0.941484 0
    outer loop
      vertex -78.3337 72.0153 0
      vertex -78.1351 71.9442 6.01
      vertex -78.3337 72.0153 6.01
    endloop
  endfacet
  facet normal -0.337057 -0.941484 -0
    outer loop
      vertex -78.1351 71.9442 6.01
      vertex -78.3337 72.0153 0
      vertex -78.1351 71.9442 0
    endloop
  endfacet
  facet normal -0.427577 0.903979 0
    outer loop
      vertex -77.9444 68.0617 0
      vertex -78.1351 67.9715 6.01
      vertex -77.9444 68.0617 6.01
    endloop
  endfacet
  facet normal -0.427577 0.903979 0
    outer loop
      vertex -78.1351 67.9715 6.01
      vertex -77.9444 68.0617 0
      vertex -78.1351 67.9715 0
    endloop
  endfacet
  facet normal 0.970003 -0.243093 0
    outer loop
      vertex -81.0666 70.3773 6.01
      vertex -81.0153 70.582 0
      vertex -81.0153 70.582 6.01
    endloop
  endfacet
  facet normal 0.970003 -0.243093 0
    outer loop
      vertex -81.0153 70.582 0
      vertex -81.0666 70.3773 6.01
      vertex -81.0666 70.3773 0
    endloop
  endfacet
  facet normal 0.337057 -0.941484 0
    outer loop
      vertex -79.7806 71.9442 0
      vertex -79.582 72.0153 6.01
      vertex -79.7806 71.9442 6.01
    endloop
  endfacet
  facet normal 0.337057 -0.941484 0
    outer loop
      vertex -79.582 72.0153 6.01
      vertex -79.7806 71.9442 0
      vertex -79.582 72.0153 0
    endloop
  endfacet
  facet normal -0.0488033 0.998808 0
    outer loop
      vertex -78.7471 67.8182 0
      vertex -78.9579 67.8079 6.01
      vertex -78.7471 67.8182 6.01
    endloop
  endfacet
  facet normal -0.0488033 0.998808 0
    outer loop
      vertex -78.9579 67.8079 6.01
      vertex -78.7471 67.8182 0
      vertex -78.9579 67.8079 0
    endloop
  endfacet
  facet normal -0.904066 -0.427394 0
    outer loop
      vertex -76.9715 70.7806 0
      vertex -77.0617 70.9714 6.01
      vertex -77.0617 70.9714 0
    endloop
  endfacet
  facet normal -0.904066 -0.427394 0
    outer loop
      vertex -77.0617 70.9714 6.01
      vertex -76.9715 70.7806 0
      vertex -76.9715 70.7806 6.01
    endloop
  endfacet
  facet normal 0.80323 -0.595669 0
    outer loop
      vertex -80.7455 71.1523 6.01
      vertex -80.6198 71.3218 0
      vertex -80.6198 71.3218 6.01
    endloop
  endfacet
  facet normal 0.80323 -0.595669 0
    outer loop
      vertex -80.6198 71.3218 0
      vertex -80.7455 71.1523 6.01
      vertex -80.7455 71.1523 0
    endloop
  endfacet
  facet normal -0.595669 -0.80323 0
    outer loop
      vertex -77.7634 71.7455 0
      vertex -77.5939 71.6198 6.01
      vertex -77.7634 71.7455 6.01
    endloop
  endfacet
  facet normal -0.595669 -0.80323 -0
    outer loop
      vertex -77.5939 71.6198 6.01
      vertex -77.7634 71.7455 0
      vertex -77.5939 71.6198 0
    endloop
  endfacet
  facet normal -0.146927 0.989147 0
    outer loop
      vertex -78.5384 67.8492 0
      vertex -78.7471 67.8182 6.01
      vertex -78.5384 67.8492 6.01
    endloop
  endfacet
  facet normal -0.146927 0.989147 0
    outer loop
      vertex -78.7471 67.8182 6.01
      vertex -78.5384 67.8492 0
      vertex -78.7471 67.8182 0
    endloop
  endfacet
  facet normal -0.595669 0.80323 0
    outer loop
      vertex -77.5939 68.2959 0
      vertex -77.7634 68.1702 6.01
      vertex -77.5939 68.2959 6.01
    endloop
  endfacet
  facet normal -0.595669 0.80323 0
    outer loop
      vertex -77.7634 68.1702 6.01
      vertex -77.5939 68.2959 0
      vertex -77.7634 68.1702 0
    endloop
  endfacet
  facet normal -0.337057 0.941484 0
    outer loop
      vertex -78.1351 67.9715 0
      vertex -78.3337 67.9004 6.01
      vertex -78.1351 67.9715 6.01
    endloop
  endfacet
  facet normal -0.337057 0.941484 0
    outer loop
      vertex -78.3337 67.9004 6.01
      vertex -78.1351 67.9715 0
      vertex -78.3337 67.9004 0
    endloop
  endfacet
  facet normal 0.740862 0.671658 0
    outer loop
      vertex -80.4781 68.4376 6.01
      vertex -80.6198 68.5939 0
      vertex -80.6198 68.5939 6.01
    endloop
  endfacet
  facet normal 0.740862 0.671658 0
    outer loop
      vertex -80.6198 68.5939 0
      vertex -80.4781 68.4376 6.01
      vertex -80.4781 68.4376 0
    endloop
  endfacet
  facet normal -0.970115 0.242647 0
    outer loop
      vertex -76.9004 69.3337 0
      vertex -76.8492 69.5384 6.01
      vertex -76.8492 69.5384 0
    endloop
  endfacet
  facet normal -0.970115 0.242647 0
    outer loop
      vertex -76.8492 69.5384 6.01
      vertex -76.9004 69.3337 0
      vertex -76.9004 69.3337 6.01
    endloop
  endfacet
  facet normal 0.998784 -0.0492993 0
    outer loop
      vertex -81.1079 69.9579 6.01
      vertex -81.0975 70.1686 0
      vertex -81.0975 70.1686 6.01
    endloop
  endfacet
  facet normal 0.998784 -0.0492993 0
    outer loop
      vertex -81.0975 70.1686 0
      vertex -81.1079 69.9579 6.01
      vertex -81.1079 69.9579 0
    endloop
  endfacet
  facet normal -0.427577 -0.903979 0
    outer loop
      vertex -78.1351 71.9442 0
      vertex -77.9444 71.854 6.01
      vertex -78.1351 71.9442 6.01
    endloop
  endfacet
  facet normal -0.427577 -0.903979 -0
    outer loop
      vertex -77.9444 71.854 6.01
      vertex -78.1351 71.9442 0
      vertex -77.9444 71.854 0
    endloop
  endfacet
  facet normal 0.989216 0.146463 0
    outer loop
      vertex -81.0666 69.5384 6.01
      vertex -81.0975 69.7471 0
      vertex -81.0975 69.7471 6.01
    endloop
  endfacet
  facet normal 0.989216 0.146463 0
    outer loop
      vertex -81.0975 69.7471 0
      vertex -81.0666 69.5384 6.01
      vertex -81.0666 69.5384 0
    endloop
  endfacet
  facet normal 0.595669 -0.80323 0
    outer loop
      vertex -80.3218 71.6198 0
      vertex -80.1523 71.7455 6.01
      vertex -80.3218 71.6198 6.01
    endloop
  endfacet
  facet normal 0.595669 -0.80323 0
    outer loop
      vertex -80.1523 71.7455 6.01
      vertex -80.3218 71.6198 0
      vertex -80.1523 71.7455 0
    endloop
  endfacet
  facet normal 0.941484 0.337057 0
    outer loop
      vertex -80.9442 69.1351 6.01
      vertex -81.0153 69.3337 0
      vertex -81.0153 69.3337 6.01
    endloop
  endfacet
  facet normal 0.941484 0.337057 0
    outer loop
      vertex -81.0153 69.3337 0
      vertex -80.9442 69.1351 6.01
      vertex -80.9442 69.1351 0
    endloop
  endfacet
  facet normal -0.857577 -0.514356 0
    outer loop
      vertex -77.0617 70.9714 0
      vertex -77.1702 71.1523 6.01
      vertex -77.1702 71.1523 0
    endloop
  endfacet
  facet normal -0.857577 -0.514356 0
    outer loop
      vertex -77.1702 71.1523 6.01
      vertex -77.0617 70.9714 0
      vertex -77.0617 70.9714 6.01
    endloop
  endfacet
  facet normal 0.989216 -0.146463 0
    outer loop
      vertex -81.0975 70.1686 6.01
      vertex -81.0666 70.3773 0
      vertex -81.0666 70.3773 6.01
    endloop
  endfacet
  facet normal 0.989216 -0.146463 0
    outer loop
      vertex -81.0666 70.3773 0
      vertex -81.0975 70.1686 6.01
      vertex -81.0975 70.1686 0
    endloop
  endfacet
  facet normal -0.243093 -0.970003 0
    outer loop
      vertex -78.5384 72.0666 0
      vertex -78.3337 72.0153 6.01
      vertex -78.5384 72.0666 6.01
    endloop
  endfacet
  facet normal -0.243093 -0.970003 -0
    outer loop
      vertex -78.3337 72.0153 6.01
      vertex -78.5384 72.0666 0
      vertex -78.3337 72.0153 0
    endloop
  endfacet
  facet normal -0.989147 0.146927 0
    outer loop
      vertex -76.8492 69.5384 0
      vertex -76.8182 69.7471 6.01
      vertex -76.8182 69.7471 0
    endloop
  endfacet
  facet normal -0.989147 0.146927 0
    outer loop
      vertex -76.8182 69.7471 6.01
      vertex -76.8492 69.5384 0
      vertex -76.8492 69.5384 6.01
    endloop
  endfacet
  facet normal 0.0492993 -0.998784 0
    outer loop
      vertex -79.1686 72.0975 0
      vertex -78.9579 72.1079 6.01
      vertex -79.1686 72.0975 6.01
    endloop
  endfacet
  facet normal 0.0492993 -0.998784 0
    outer loop
      vertex -78.9579 72.1079 6.01
      vertex -79.1686 72.0975 0
      vertex -78.9579 72.1079 0
    endloop
  endfacet
  facet normal 0.80323 0.595669 0
    outer loop
      vertex -80.6198 68.5939 6.01
      vertex -80.7455 68.7634 0
      vertex -80.7455 68.7634 6.01
    endloop
  endfacet
  facet normal 0.80323 0.595669 0
    outer loop
      vertex -80.7455 68.7634 0
      vertex -80.6198 68.5939 6.01
      vertex -80.6198 68.5939 0
    endloop
  endfacet
  facet normal 0.671658 -0.740862 0
    outer loop
      vertex -80.4781 71.4781 0
      vertex -80.3218 71.6198 6.01
      vertex -80.4781 71.4781 6.01
    endloop
  endfacet
  facet normal 0.671658 -0.740862 0
    outer loop
      vertex -80.3218 71.6198 6.01
      vertex -80.4781 71.4781 0
      vertex -80.3218 71.6198 0
    endloop
  endfacet
  facet normal 0.595669 0.80323 -0
    outer loop
      vertex -80.1523 68.1702 0
      vertex -80.3218 68.2959 6.01
      vertex -80.1523 68.1702 6.01
    endloop
  endfacet
  facet normal 0.595669 0.80323 0
    outer loop
      vertex -80.3218 68.2959 6.01
      vertex -80.1523 68.1702 0
      vertex -80.3218 68.2959 0
    endloop
  endfacet
  facet normal -0.514147 0.857702 0
    outer loop
      vertex -77.7634 68.1702 0
      vertex -77.9444 68.0617 6.01
      vertex -77.7634 68.1702 6.01
    endloop
  endfacet
  facet normal -0.514147 0.857702 0
    outer loop
      vertex -77.9444 68.0617 6.01
      vertex -77.7634 68.1702 0
      vertex -77.9444 68.0617 0
    endloop
  endfacet
  facet normal 0.740862 -0.671658 0
    outer loop
      vertex -80.6198 71.3218 6.01
      vertex -80.4781 71.4781 0
      vertex -80.4781 71.4781 6.01
    endloop
  endfacet
  facet normal 0.740862 -0.671658 0
    outer loop
      vertex -80.4781 71.4781 0
      vertex -80.6198 71.3218 6.01
      vertex -80.6198 71.3218 0
    endloop
  endfacet
  facet normal 0.857702 0.514147 0
    outer loop
      vertex -80.7455 68.7634 6.01
      vertex -80.854 68.9444 0
      vertex -80.854 68.9444 6.01
    endloop
  endfacet
  facet normal 0.857702 0.514147 0
    outer loop
      vertex -80.854 68.9444 0
      vertex -80.7455 68.7634 6.01
      vertex -80.7455 68.7634 0
    endloop
  endfacet
  facet normal -0.740862 -0.671658 0
    outer loop
      vertex -77.2959 71.3218 0
      vertex -77.4376 71.4781 6.01
      vertex -77.4376 71.4781 0
    endloop
  endfacet
  facet normal -0.740862 -0.671658 0
    outer loop
      vertex -77.4376 71.4781 6.01
      vertex -77.2959 71.3218 0
      vertex -77.2959 71.3218 6.01
    endloop
  endfacet
  facet normal -0.671658 -0.740862 0
    outer loop
      vertex -77.5939 71.6198 0
      vertex -77.4376 71.4781 6.01
      vertex -77.5939 71.6198 6.01
    endloop
  endfacet
  facet normal -0.671658 -0.740862 -0
    outer loop
      vertex -77.4376 71.4781 6.01
      vertex -77.5939 71.6198 0
      vertex -77.4376 71.4781 0
    endloop
  endfacet
  facet normal 0.857577 -0.514356 0
    outer loop
      vertex -80.854 70.9714 6.01
      vertex -80.7455 71.1523 0
      vertex -80.7455 71.1523 6.01
    endloop
  endfacet
  facet normal 0.857577 -0.514356 0
    outer loop
      vertex -80.7455 71.1523 0
      vertex -80.854 70.9714 6.01
      vertex -80.854 70.9714 0
    endloop
  endfacet
  facet normal 0.970003 0.243093 0
    outer loop
      vertex -81.0153 69.3337 6.01
      vertex -81.0666 69.5384 0
      vertex -81.0666 69.5384 6.01
    endloop
  endfacet
  facet normal 0.970003 0.243093 0
    outer loop
      vertex -81.0666 69.5384 0
      vertex -81.0153 69.3337 6.01
      vertex -81.0153 69.3337 0
    endloop
  endfacet
  facet normal -0.146463 -0.989216 0
    outer loop
      vertex -78.7471 72.0975 0
      vertex -78.5384 72.0666 6.01
      vertex -78.7471 72.0975 6.01
    endloop
  endfacet
  facet normal -0.146463 -0.989216 -0
    outer loop
      vertex -78.5384 72.0666 6.01
      vertex -78.7471 72.0975 0
      vertex -78.5384 72.0666 0
    endloop
  endfacet
  facet normal -0.903979 0.427577 0
    outer loop
      vertex -77.0617 68.9444 0
      vertex -76.9715 69.1351 6.01
      vertex -76.9715 69.1351 0
    endloop
  endfacet
  facet normal -0.903979 0.427577 0
    outer loop
      vertex -76.9715 69.1351 6.01
      vertex -77.0617 68.9444 0
      vertex -77.0617 68.9444 6.01
    endloop
  endfacet
  facet normal 0.998785 0.0492759 0
    outer loop
      vertex -81.0975 69.7471 6.01
      vertex -81.1079 69.9579 0
      vertex -81.1079 69.9579 6.01
    endloop
  endfacet
  facet normal 0.998785 0.0492759 0
    outer loop
      vertex -81.1079 69.9579 0
      vertex -81.0975 69.7471 6.01
      vertex -81.0975 69.7471 0
    endloop
  endfacet
  facet normal 0.242647 0.970115 -0
    outer loop
      vertex -79.3773 67.8492 0
      vertex -79.582 67.9004 6.01
      vertex -79.3773 67.8492 6.01
    endloop
  endfacet
  facet normal 0.242647 0.970115 0
    outer loop
      vertex -79.582 67.9004 6.01
      vertex -79.3773 67.8492 0
      vertex -79.582 67.9004 0
    endloop
  endfacet
  facet normal 0.941484 -0.337057 0
    outer loop
      vertex -81.0153 70.582 6.01
      vertex -80.9442 70.7806 0
      vertex -80.9442 70.7806 6.01
    endloop
  endfacet
  facet normal 0.941484 -0.337057 0
    outer loop
      vertex -80.9442 70.7806 0
      vertex -81.0153 70.582 6.01
      vertex -81.0153 70.582 0
    endloop
  endfacet
  facet normal 0.671658 0.740862 -0
    outer loop
      vertex -80.3218 68.2959 0
      vertex -80.4781 68.4376 6.01
      vertex -80.3218 68.2959 6.01
    endloop
  endfacet
  facet normal 0.671658 0.740862 0
    outer loop
      vertex -80.4781 68.4376 6.01
      vertex -80.3218 68.2959 0
      vertex -80.4781 68.4376 0
    endloop
  endfacet
  facet normal 0 0 -1
    outer loop
      vertex -76.8182 69.7471 6.01
      vertex -76.8182 70.1686 6.01
      vertex -76.8079 69.9579 6.01
    endloop
  endfacet
  facet normal 0 0 -1
    outer loop
      vertex -76.8492 69.5384 6.01
      vertex -76.8182 70.1686 6.01
      vertex -76.8182 69.7471 6.01
    endloop
  endfacet
  facet normal 0 0 -1
    outer loop
      vertex -76.8492 69.5384 6.01
      vertex -76.8492 70.3773 6.01
      vertex -76.8182 70.1686 6.01
    endloop
  endfacet
  facet normal 0 0 -1
    outer loop
      vertex -76.9004 69.3337 6.01
      vertex -76.8492 70.3773 6.01
      vertex -76.8492 69.5384 6.01
    endloop
  endfacet
  facet normal 0 0 -1
    outer loop
      vertex -76.9004 69.3337 6.01
      vertex -76.9004 70.582 6.01
      vertex -76.8492 70.3773 6.01
    endloop
  endfacet
  facet normal 0 0 -1
    outer loop
      vertex -76.9715 69.1351 6.01
      vertex -76.9004 70.582 6.01
      vertex -76.9004 69.3337 6.01
    endloop
  endfacet
  facet normal 0 0 -1
    outer loop
      vertex -76.9715 69.1351 6.01
      vertex -76.9715 70.7806 6.01
      vertex -76.9004 70.582 6.01
    endloop
  endfacet
  facet normal 0 0 -1
    outer loop
      vertex -77.0617 68.9444 6.01
      vertex -76.9715 70.7806 6.01
      vertex -76.9715 69.1351 6.01
    endloop
  endfacet
  facet normal 0 0 -1
    outer loop
      vertex -77.0617 68.9444 6.01
      vertex -77.0617 70.9714 6.01
      vertex -76.9715 70.7806 6.01
    endloop
  endfacet
  facet normal 0 0 -1
    outer loop
      vertex -77.1702 68.7634 6.01
      vertex -77.0617 70.9714 6.01
      vertex -77.0617 68.9444 6.01
    endloop
  endfacet
  facet normal 0 0 -1
    outer loop
      vertex -77.1702 68.7634 6.01
      vertex -77.1702 71.1523 6.01
      vertex -77.0617 70.9714 6.01
    endloop
  endfacet
  facet normal 0 0 -1
    outer loop
      vertex -77.2959 68.5939 6.01
      vertex -77.1702 71.1523 6.01
      vertex -77.1702 68.7634 6.01
    endloop
  endfacet
  facet normal 0 0 -1
    outer loop
      vertex -77.2959 68.5939 6.01
      vertex -77.2959 71.3218 6.01
      vertex -77.1702 71.1523 6.01
    endloop
  endfacet
  facet normal 0 0 -1
    outer loop
      vertex -77.4376 68.4376 6.01
      vertex -77.2959 71.3218 6.01
      vertex -77.2959 68.5939 6.01
    endloop
  endfacet
  facet normal 0 0 -1
    outer loop
      vertex -77.4376 68.4376 6.01
      vertex -77.4376 71.4781 6.01
      vertex -77.2959 71.3218 6.01
    endloop
  endfacet
  facet normal 0 0 -1
    outer loop
      vertex -77.5939 68.2959 6.01
      vertex -77.4376 71.4781 6.01
      vertex -77.4376 68.4376 6.01
    endloop
  endfacet
  facet normal 0 0 -1
    outer loop
      vertex -77.5939 68.2959 6.01
      vertex -77.5939 71.6198 6.01
      vertex -77.4376 71.4781 6.01
    endloop
  endfacet
  facet normal 0 0 -1
    outer loop
      vertex -77.7634 68.1702 6.01
      vertex -77.5939 71.6198 6.01
      vertex -77.5939 68.2959 6.01
    endloop
  endfacet
  facet normal 0 0 -1
    outer loop
      vertex -77.7634 68.1702 6.01
      vertex -77.7634 71.7455 6.01
      vertex -77.5939 71.6198 6.01
    endloop
  endfacet
  facet normal 0 0 -1
    outer loop
      vertex -77.9444 68.0617 6.01
      vertex -77.7634 71.7455 6.01
      vertex -77.7634 68.1702 6.01
    endloop
  endfacet
  facet normal 0 0 -1
    outer loop
      vertex -77.9444 68.0617 6.01
      vertex -77.9444 71.854 6.01
      vertex -77.7634 71.7455 6.01
    endloop
  endfacet
  facet normal 0 0 -1
    outer loop
      vertex -78.1351 67.9715 6.01
      vertex -77.9444 71.854 6.01
      vertex -77.9444 68.0617 6.01
    endloop
  endfacet
  facet normal 0 0 -1
    outer loop
      vertex -78.1351 67.9715 6.01
      vertex -78.1351 71.9442 6.01
      vertex -77.9444 71.854 6.01
    endloop
  endfacet
  facet normal 0 0 -1
    outer loop
      vertex -78.3337 67.9004 6.01
      vertex -78.1351 71.9442 6.01
      vertex -78.1351 67.9715 6.01
    endloop
  endfacet
  facet normal 0 0 -1
    outer loop
      vertex -78.3337 67.9004 6.01
      vertex -78.3337 72.0153 6.01
      vertex -78.1351 71.9442 6.01
    endloop
  endfacet
  facet normal 0 0 -1
    outer loop
      vertex -78.5384 67.8492 6.01
      vertex -78.3337 72.0153 6.01
      vertex -78.3337 67.9004 6.01
    endloop
  endfacet
  facet normal 0 0 -1
    outer loop
      vertex -78.5384 67.8492 6.01
      vertex -78.5384 72.0666 6.01
      vertex -78.3337 72.0153 6.01
    endloop
  endfacet
  facet normal 0 0 -1
    outer loop
      vertex -78.7471 67.8182 6.01
      vertex -78.5384 72.0666 6.01
      vertex -78.5384 67.8492 6.01
    endloop
  endfacet
  facet normal 0 0 -1
    outer loop
      vertex -78.7471 67.8182 6.01
      vertex -78.7471 72.0975 6.01
      vertex -78.5384 72.0666 6.01
    endloop
  endfacet
  facet normal 0 0 -1
    outer loop
      vertex -78.9579 67.8079 6.01
      vertex -78.7471 72.0975 6.01
      vertex -78.7471 67.8182 6.01
    endloop
  endfacet
  facet normal 0 0 -1
    outer loop
      vertex -78.9579 67.8079 6.01
      vertex -78.9579 72.1079 6.01
      vertex -78.7471 72.0975 6.01
    endloop
  endfacet
  facet normal 0 0 -1
    outer loop
      vertex -79.1686 67.8182 6.01
      vertex -78.9579 72.1079 6.01
      vertex -78.9579 67.8079 6.01
    endloop
  endfacet
  facet normal 0 0 -1
    outer loop
      vertex -79.1686 67.8182 6.01
      vertex -79.1686 72.0975 6.01
      vertex -78.9579 72.1079 6.01
    endloop
  endfacet
  facet normal 0 0 -1
    outer loop
      vertex -79.3773 67.8492 6.01
      vertex -79.1686 72.0975 6.01
      vertex -79.1686 67.8182 6.01
    endloop
  endfacet
  facet normal 0 0 -1
    outer loop
      vertex -79.3773 67.8492 6.01
      vertex -79.3773 72.0666 6.01
      vertex -79.1686 72.0975 6.01
    endloop
  endfacet
  facet normal 0 0 -1
    outer loop
      vertex -79.582 67.9004 6.01
      vertex -79.3773 72.0666 6.01
      vertex -79.3773 67.8492 6.01
    endloop
  endfacet
  facet normal 0 0 -1
    outer loop
      vertex -79.582 67.9004 6.01
      vertex -79.582 72.0153 6.01
      vertex -79.3773 72.0666 6.01
    endloop
  endfacet
  facet normal 0 0 -1
    outer loop
      vertex -79.7806 67.9715 6.01
      vertex -79.582 72.0153 6.01
      vertex -79.582 67.9004 6.01
    endloop
  endfacet
  facet normal 0 0 -1
    outer loop
      vertex -79.7806 67.9715 6.01
      vertex -79.7806 71.9442 6.01
      vertex -79.582 72.0153 6.01
    endloop
  endfacet
  facet normal 0 0 -1
    outer loop
      vertex -79.9714 68.0617 6.01
      vertex -79.7806 71.9442 6.01
      vertex -79.7806 67.9715 6.01
    endloop
  endfacet
  facet normal 0 0 -1
    outer loop
      vertex -79.9714 68.0617 6.01
      vertex -79.9714 71.854 6.01
      vertex -79.7806 71.9442 6.01
    endloop
  endfacet
  facet normal 0 0 -1
    outer loop
      vertex -80.1523 68.1702 6.01
      vertex -79.9714 71.854 6.01
      vertex -79.9714 68.0617 6.01
    endloop
  endfacet
  facet normal 0 0 -1
    outer loop
      vertex -80.1523 68.1702 6.01
      vertex -80.1523 71.7455 6.01
      vertex -79.9714 71.854 6.01
    endloop
  endfacet
  facet normal 0 0 -1
    outer loop
      vertex -80.3218 68.2959 6.01
      vertex -80.1523 71.7455 6.01
      vertex -80.1523 68.1702 6.01
    endloop
  endfacet
  facet normal 0 0 -1
    outer loop
      vertex -80.3218 68.2959 6.01
      vertex -80.3218 71.6198 6.01
      vertex -80.1523 71.7455 6.01
    endloop
  endfacet
  facet normal 0 0 -1
    outer loop
      vertex -80.4781 68.4376 6.01
      vertex -80.3218 71.6198 6.01
      vertex -80.3218 68.2959 6.01
    endloop
  endfacet
  facet normal 0 0 -1
    outer loop
      vertex -80.4781 68.4376 6.01
      vertex -80.4781 71.4781 6.01
      vertex -80.3218 71.6198 6.01
    endloop
  endfacet
  facet normal 0 0 -1
    outer loop
      vertex -80.6198 68.5939 6.01
      vertex -80.4781 71.4781 6.01
      vertex -80.4781 68.4376 6.01
    endloop
  endfacet
  facet normal 0 0 -1
    outer loop
      vertex -80.6198 68.5939 6.01
      vertex -80.6198 71.3218 6.01
      vertex -80.4781 71.4781 6.01
    endloop
  endfacet
  facet normal 0 0 -1
    outer loop
      vertex -80.7455 68.7634 6.01
      vertex -80.6198 71.3218 6.01
      vertex -80.6198 68.5939 6.01
    endloop
  endfacet
  facet normal 0 0 -1
    outer loop
      vertex -80.7455 68.7634 6.01
      vertex -80.7455 71.1523 6.01
      vertex -80.6198 71.3218 6.01
    endloop
  endfacet
  facet normal 0 0 -1
    outer loop
      vertex -80.854 68.9444 6.01
      vertex -80.7455 71.1523 6.01
      vertex -80.7455 68.7634 6.01
    endloop
  endfacet
  facet normal 0 0 -1
    outer loop
      vertex -80.854 68.9444 6.01
      vertex -80.854 70.9714 6.01
      vertex -80.7455 71.1523 6.01
    endloop
  endfacet
  facet normal 0 0 -1
    outer loop
      vertex -80.9442 69.1351 6.01
      vertex -80.854 70.9714 6.01
      vertex -80.854 68.9444 6.01
    endloop
  endfacet
  facet normal 0 0 -1
    outer loop
      vertex -80.9442 69.1351 6.01
      vertex -80.9442 70.7806 6.01
      vertex -80.854 70.9714 6.01
    endloop
  endfacet
  facet normal 0 0 -1
    outer loop
      vertex -81.0153 69.3337 6.01
      vertex -80.9442 70.7806 6.01
      vertex -80.9442 69.1351 6.01
    endloop
  endfacet
  facet normal 0 0 -1
    outer loop
      vertex -81.0153 69.3337 6.01
      vertex -81.0153 70.582 6.01
      vertex -80.9442 70.7806 6.01
    endloop
  endfacet
  facet normal 0 0 -1
    outer loop
      vertex -81.0666 69.5384 6.01
      vertex -81.0153 70.582 6.01
      vertex -81.0153 69.3337 6.01
    endloop
  endfacet
  facet normal 0 0 -1
    outer loop
      vertex -81.0666 69.5384 6.01
      vertex -81.0666 70.3773 6.01
      vertex -81.0153 70.582 6.01
    endloop
  endfacet
  facet normal 0 0 -1
    outer loop
      vertex -81.0975 69.7471 6.01
      vertex -81.0666 70.3773 6.01
      vertex -81.0666 69.5384 6.01
    endloop
  endfacet
  facet normal 0 0 -1
    outer loop
      vertex -81.0975 69.7471 6.01
      vertex -81.0975 70.1686 6.01
      vertex -81.0666 70.3773 6.01
    endloop
  endfacet
  facet normal 0 -0 -1
    outer loop
      vertex -81.0975 70.1686 6.01
      vertex -81.0975 69.7471 6.01
      vertex -81.1079 69.9579 6.01
    endloop
  endfacet
  facet normal -0.989216 -0.146463 0
    outer loop
      vertex 81.0975 -69.7471 0
      vertex 81.0666 -69.5384 6.01
      vertex 81.0666 -69.5384 0
    endloop
  endfacet
  facet normal -0.989216 -0.146463 0
    outer loop
      vertex 81.0666 -69.5384 6.01
      vertex 81.0975 -69.7471 0
      vertex 81.0975 -69.7471 6.01
    endloop
  endfacet
  facet normal -0.998785 -0.0492759 0
    outer loop
      vertex 81.1079 -69.9579 0
      vertex 81.0975 -69.7471 6.01
      vertex 81.0975 -69.7471 0
    endloop
  endfacet
  facet normal -0.998785 -0.0492759 0
    outer loop
      vertex 81.0975 -69.7471 6.01
      vertex 81.1079 -69.9579 0
      vertex 81.1079 -69.9579 6.01
    endloop
  endfacet
  facet normal -0.970003 -0.243093 0
    outer loop
      vertex 81.0666 -69.5384 0
      vertex 81.0153 -69.3337 6.01
      vertex 81.0153 -69.3337 0
    endloop
  endfacet
  facet normal -0.970003 -0.243093 0
    outer loop
      vertex 81.0153 -69.3337 6.01
      vertex 81.0666 -69.5384 0
      vertex 81.0666 -69.5384 6.01
    endloop
  endfacet
  facet normal -0.146927 -0.989147 0
    outer loop
      vertex 79.1686 -67.8182 0
      vertex 79.3773 -67.8492 6.01
      vertex 79.1686 -67.8182 6.01
    endloop
  endfacet
  facet normal -0.146927 -0.989147 -0
    outer loop
      vertex 79.3773 -67.8492 6.01
      vertex 79.1686 -67.8182 0
      vertex 79.3773 -67.8492 0
    endloop
  endfacet
  facet normal -0.0492993 0.998784 0
    outer loop
      vertex 79.1686 -72.0975 0
      vertex 78.9579 -72.1079 6.01
      vertex 79.1686 -72.0975 6.01
    endloop
  endfacet
  facet normal -0.0492993 0.998784 0
    outer loop
      vertex 78.9579 -72.1079 6.01
      vertex 79.1686 -72.0975 0
      vertex 78.9579 -72.1079 0
    endloop
  endfacet
  facet normal -0.989216 0.146463 0
    outer loop
      vertex 81.0666 -70.3773 0
      vertex 81.0975 -70.1686 6.01
      vertex 81.0975 -70.1686 0
    endloop
  endfacet
  facet normal -0.989216 0.146463 0
    outer loop
      vertex 81.0975 -70.1686 6.01
      vertex 81.0666 -70.3773 0
      vertex 81.0666 -70.3773 6.01
    endloop
  endfacet
  facet normal -0.146463 0.989216 0
    outer loop
      vertex 79.3773 -72.0666 0
      vertex 79.1686 -72.0975 6.01
      vertex 79.3773 -72.0666 6.01
    endloop
  endfacet
  facet normal -0.146463 0.989216 0
    outer loop
      vertex 79.1686 -72.0975 6.01
      vertex 79.3773 -72.0666 0
      vertex 79.1686 -72.0975 0
    endloop
  endfacet
  facet normal -0.857702 -0.514147 0
    outer loop
      vertex 80.854 -68.9444 0
      vertex 80.7455 -68.7634 6.01
      vertex 80.7455 -68.7634 0
    endloop
  endfacet
  facet normal -0.857702 -0.514147 0
    outer loop
      vertex 80.7455 -68.7634 6.01
      vertex 80.854 -68.9444 0
      vertex 80.854 -68.9444 6.01
    endloop
  endfacet
  facet normal 0.0492759 0.998785 -0
    outer loop
      vertex 78.9579 -72.1079 0
      vertex 78.7471 -72.0975 6.01
      vertex 78.9579 -72.1079 6.01
    endloop
  endfacet
  facet normal 0.0492759 0.998785 0
    outer loop
      vertex 78.7471 -72.0975 6.01
      vertex 78.9579 -72.1079 0
      vertex 78.7471 -72.0975 0
    endloop
  endfacet
  facet normal 0.337057 0.941484 -0
    outer loop
      vertex 78.3337 -72.0153 0
      vertex 78.1351 -71.9442 6.01
      vertex 78.3337 -72.0153 6.01
    endloop
  endfacet
  facet normal 0.337057 0.941484 0
    outer loop
      vertex 78.1351 -71.9442 6.01
      vertex 78.3337 -72.0153 0
      vertex 78.1351 -71.9442 0
    endloop
  endfacet
  facet normal -0.903979 -0.427577 0
    outer loop
      vertex 80.9442 -69.1351 0
      vertex 80.854 -68.9444 6.01
      vertex 80.854 -68.9444 0
    endloop
  endfacet
  facet normal -0.903979 -0.427577 0
    outer loop
      vertex 80.854 -68.9444 6.01
      vertex 80.9442 -69.1351 0
      vertex 80.9442 -69.1351 6.01
    endloop
  endfacet
  facet normal 0.970115 0.242647 0
    outer loop
      vertex 76.9004 -70.582 6.01
      vertex 76.8492 -70.3773 0
      vertex 76.8492 -70.3773 6.01
    endloop
  endfacet
  facet normal 0.970115 0.242647 0
    outer loop
      vertex 76.8492 -70.3773 0
      vertex 76.9004 -70.582 6.01
      vertex 76.9004 -70.582 0
    endloop
  endfacet
  facet normal 0.427577 -0.903979 0
    outer loop
      vertex 77.9444 -68.0617 0
      vertex 78.1351 -67.9715 6.01
      vertex 77.9444 -68.0617 6.01
    endloop
  endfacet
  facet normal 0.427577 -0.903979 0
    outer loop
      vertex 78.1351 -67.9715 6.01
      vertex 77.9444 -68.0617 0
      vertex 78.1351 -67.9715 0
    endloop
  endfacet
  facet normal 0.80323 -0.595669 0
    outer loop
      vertex 77.1702 -68.7634 6.01
      vertex 77.2959 -68.5939 0
      vertex 77.2959 -68.5939 6.01
    endloop
  endfacet
  facet normal 0.80323 -0.595669 0
    outer loop
      vertex 77.2959 -68.5939 0
      vertex 77.1702 -68.7634 6.01
      vertex 77.1702 -68.7634 0
    endloop
  endfacet
  facet normal 0.989147 -0.146927 0
    outer loop
      vertex 76.8182 -69.7471 6.01
      vertex 76.8492 -69.5384 0
      vertex 76.8492 -69.5384 6.01
    endloop
  endfacet
  facet normal 0.989147 -0.146927 0
    outer loop
      vertex 76.8492 -69.5384 0
      vertex 76.8182 -69.7471 6.01
      vertex 76.8182 -69.7471 0
    endloop
  endfacet
  facet normal 0.242647 -0.970115 0
    outer loop
      vertex 78.3337 -67.9004 0
      vertex 78.5384 -67.8492 6.01
      vertex 78.3337 -67.9004 6.01
    endloop
  endfacet
  facet normal 0.242647 -0.970115 0
    outer loop
      vertex 78.5384 -67.8492 6.01
      vertex 78.3337 -67.9004 0
      vertex 78.5384 -67.8492 0
    endloop
  endfacet
  facet normal 0.740862 -0.671658 0
    outer loop
      vertex 77.2959 -68.5939 6.01
      vertex 77.4376 -68.4376 0
      vertex 77.4376 -68.4376 6.01
    endloop
  endfacet
  facet normal 0.740862 -0.671658 0
    outer loop
      vertex 77.4376 -68.4376 0
      vertex 77.2959 -68.5939 6.01
      vertex 77.2959 -68.5939 0
    endloop
  endfacet
  facet normal -0.998784 0.0492993 0
    outer loop
      vertex 81.0975 -70.1686 0
      vertex 81.1079 -69.9579 6.01
      vertex 81.1079 -69.9579 0
    endloop
  endfacet
  facet normal -0.998784 0.0492993 0
    outer loop
      vertex 81.1079 -69.9579 6.01
      vertex 81.0975 -70.1686 0
      vertex 81.0975 -70.1686 6.01
    endloop
  endfacet
  facet normal -0.970003 0.243093 0
    outer loop
      vertex 81.0153 -70.582 0
      vertex 81.0666 -70.3773 6.01
      vertex 81.0666 -70.3773 0
    endloop
  endfacet
  facet normal -0.970003 0.243093 0
    outer loop
      vertex 81.0666 -70.3773 6.01
      vertex 81.0153 -70.582 0
      vertex 81.0153 -70.582 6.01
    endloop
  endfacet
  facet normal -0.80323 -0.595669 0
    outer loop
      vertex 80.7455 -68.7634 0
      vertex 80.6198 -68.5939 6.01
      vertex 80.6198 -68.5939 0
    endloop
  endfacet
  facet normal -0.80323 -0.595669 0
    outer loop
      vertex 80.6198 -68.5939 6.01
      vertex 80.7455 -68.7634 0
      vertex 80.7455 -68.7634 6.01
    endloop
  endfacet
  facet normal -0.427394 0.904066 0
    outer loop
      vertex 79.9714 -71.854 0
      vertex 79.7806 -71.9442 6.01
      vertex 79.9714 -71.854 6.01
    endloop
  endfacet
  facet normal -0.427394 0.904066 0
    outer loop
      vertex 79.7806 -71.9442 6.01
      vertex 79.9714 -71.854 0
      vertex 79.7806 -71.9442 0
    endloop
  endfacet
  facet normal 0.998807 0.0488264 0
    outer loop
      vertex 76.8182 -70.1686 6.01
      vertex 76.8079 -69.9579 0
      vertex 76.8079 -69.9579 6.01
    endloop
  endfacet
  facet normal 0.998807 0.0488264 0
    outer loop
      vertex 76.8079 -69.9579 0
      vertex 76.8182 -70.1686 6.01
      vertex 76.8182 -70.1686 0
    endloop
  endfacet
  facet normal -0.337057 -0.941484 0
    outer loop
      vertex 79.582 -67.9004 0
      vertex 79.7806 -67.9715 6.01
      vertex 79.582 -67.9004 6.01
    endloop
  endfacet
  facet normal -0.337057 -0.941484 -0
    outer loop
      vertex 79.7806 -67.9715 6.01
      vertex 79.582 -67.9004 0
      vertex 79.7806 -67.9715 0
    endloop
  endfacet
  facet normal 0.998808 -0.0488033 0
    outer loop
      vertex 76.8079 -69.9579 6.01
      vertex 76.8182 -69.7471 0
      vertex 76.8182 -69.7471 6.01
    endloop
  endfacet
  facet normal 0.998808 -0.0488033 0
    outer loop
      vertex 76.8182 -69.7471 0
      vertex 76.8079 -69.9579 6.01
      vertex 76.8079 -69.9579 0
    endloop
  endfacet
  facet normal -0.740862 -0.671658 0
    outer loop
      vertex 80.6198 -68.5939 0
      vertex 80.4781 -68.4376 6.01
      vertex 80.4781 -68.4376 0
    endloop
  endfacet
  facet normal -0.740862 -0.671658 0
    outer loop
      vertex 80.4781 -68.4376 6.01
      vertex 80.6198 -68.5939 0
      vertex 80.6198 -68.5939 6.01
    endloop
  endfacet
  facet normal -0.337057 0.941484 0
    outer loop
      vertex 79.7806 -71.9442 0
      vertex 79.582 -72.0153 6.01
      vertex 79.7806 -71.9442 6.01
    endloop
  endfacet
  facet normal -0.337057 0.941484 0
    outer loop
      vertex 79.582 -72.0153 6.01
      vertex 79.7806 -71.9442 0
      vertex 79.582 -72.0153 0
    endloop
  endfacet
  facet normal 0.941484 0.337057 0
    outer loop
      vertex 76.9715 -70.7806 6.01
      vertex 76.9004 -70.582 0
      vertex 76.9004 -70.582 6.01
    endloop
  endfacet
  facet normal 0.941484 0.337057 0
    outer loop
      vertex 76.9004 -70.582 0
      vertex 76.9715 -70.7806 6.01
      vertex 76.9715 -70.7806 0
    endloop
  endfacet
  facet normal 0.146927 -0.989147 0
    outer loop
      vertex 78.5384 -67.8492 0
      vertex 78.7471 -67.8182 6.01
      vertex 78.5384 -67.8492 6.01
    endloop
  endfacet
  facet normal 0.146927 -0.989147 0
    outer loop
      vertex 78.7471 -67.8182 6.01
      vertex 78.5384 -67.8492 0
      vertex 78.7471 -67.8182 0
    endloop
  endfacet
  facet normal -0.740862 0.671658 0
    outer loop
      vertex 80.4781 -71.4781 0
      vertex 80.6198 -71.3218 6.01
      vertex 80.6198 -71.3218 0
    endloop
  endfacet
  facet normal -0.740862 0.671658 0
    outer loop
      vertex 80.6198 -71.3218 6.01
      vertex 80.4781 -71.4781 0
      vertex 80.4781 -71.4781 6.01
    endloop
  endfacet
  facet normal -0.671658 -0.740862 0
    outer loop
      vertex 80.3218 -68.2959 0
      vertex 80.4781 -68.4376 6.01
      vertex 80.3218 -68.2959 6.01
    endloop
  endfacet
  facet normal -0.671658 -0.740862 -0
    outer loop
      vertex 80.4781 -68.4376 6.01
      vertex 80.3218 -68.2959 0
      vertex 80.4781 -68.4376 0
    endloop
  endfacet
  facet normal -0.595669 -0.80323 0
    outer loop
      vertex 80.1523 -68.1702 0
      vertex 80.3218 -68.2959 6.01
      vertex 80.1523 -68.1702 6.01
    endloop
  endfacet
  facet normal -0.595669 -0.80323 -0
    outer loop
      vertex 80.3218 -68.2959 6.01
      vertex 80.1523 -68.1702 0
      vertex 80.3218 -68.2959 0
    endloop
  endfacet
  facet normal -0.941484 0.337057 0
    outer loop
      vertex 80.9442 -70.7806 0
      vertex 81.0153 -70.582 6.01
      vertex 81.0153 -70.582 0
    endloop
  endfacet
  facet normal -0.941484 0.337057 0
    outer loop
      vertex 81.0153 -70.582 6.01
      vertex 80.9442 -70.7806 0
      vertex 80.9442 -70.7806 6.01
    endloop
  endfacet
  facet normal 0.989147 0.146927 0
    outer loop
      vertex 76.8492 -70.3773 6.01
      vertex 76.8182 -70.1686 0
      vertex 76.8182 -70.1686 6.01
    endloop
  endfacet
  facet normal 0.989147 0.146927 0
    outer loop
      vertex 76.8182 -70.1686 0
      vertex 76.8492 -70.3773 6.01
      vertex 76.8492 -70.3773 0
    endloop
  endfacet
  facet normal -0.514356 -0.857577 0
    outer loop
      vertex 79.9714 -68.0617 0
      vertex 80.1523 -68.1702 6.01
      vertex 79.9714 -68.0617 6.01
    endloop
  endfacet
  facet normal -0.514356 -0.857577 -0
    outer loop
      vertex 80.1523 -68.1702 6.01
      vertex 79.9714 -68.0617 0
      vertex 80.1523 -68.1702 0
    endloop
  endfacet
  facet normal -0.941484 -0.337057 0
    outer loop
      vertex 81.0153 -69.3337 0
      vertex 80.9442 -69.1351 6.01
      vertex 80.9442 -69.1351 0
    endloop
  endfacet
  facet normal -0.941484 -0.337057 0
    outer loop
      vertex 80.9442 -69.1351 6.01
      vertex 81.0153 -69.3337 0
      vertex 81.0153 -69.3337 6.01
    endloop
  endfacet
  facet normal -0.904066 0.427394 0
    outer loop
      vertex 80.854 -70.9714 0
      vertex 80.9442 -70.7806 6.01
      vertex 80.9442 -70.7806 0
    endloop
  endfacet
  facet normal -0.904066 0.427394 0
    outer loop
      vertex 80.9442 -70.7806 6.01
      vertex 80.854 -70.9714 0
      vertex 80.854 -70.9714 6.01
    endloop
  endfacet
  facet normal -0.242647 -0.970115 0
    outer loop
      vertex 79.3773 -67.8492 0
      vertex 79.582 -67.9004 6.01
      vertex 79.3773 -67.8492 6.01
    endloop
  endfacet
  facet normal -0.242647 -0.970115 -0
    outer loop
      vertex 79.582 -67.9004 6.01
      vertex 79.3773 -67.8492 0
      vertex 79.582 -67.9004 0
    endloop
  endfacet
  facet normal 0.970115 -0.242647 0
    outer loop
      vertex 76.8492 -69.5384 6.01
      vertex 76.9004 -69.3337 0
      vertex 76.9004 -69.3337 6.01
    endloop
  endfacet
  facet normal 0.970115 -0.242647 0
    outer loop
      vertex 76.9004 -69.3337 0
      vertex 76.8492 -69.5384 6.01
      vertex 76.8492 -69.5384 0
    endloop
  endfacet
  facet normal -0.0488264 -0.998807 0
    outer loop
      vertex 78.9579 -67.8079 0
      vertex 79.1686 -67.8182 6.01
      vertex 78.9579 -67.8079 6.01
    endloop
  endfacet
  facet normal -0.0488264 -0.998807 -0
    outer loop
      vertex 79.1686 -67.8182 6.01
      vertex 78.9579 -67.8079 0
      vertex 79.1686 -67.8182 0
    endloop
  endfacet
  facet normal -0.243093 0.970003 0
    outer loop
      vertex 79.582 -72.0153 0
      vertex 79.3773 -72.0666 6.01
      vertex 79.582 -72.0153 6.01
    endloop
  endfacet
  facet normal -0.243093 0.970003 0
    outer loop
      vertex 79.3773 -72.0666 6.01
      vertex 79.582 -72.0153 0
      vertex 79.3773 -72.0666 0
    endloop
  endfacet
  facet normal 0.595669 -0.80323 0
    outer loop
      vertex 77.5939 -68.2959 0
      vertex 77.7634 -68.1702 6.01
      vertex 77.5939 -68.2959 6.01
    endloop
  endfacet
  facet normal 0.595669 -0.80323 0
    outer loop
      vertex 77.7634 -68.1702 6.01
      vertex 77.5939 -68.2959 0
      vertex 77.7634 -68.1702 0
    endloop
  endfacet
  facet normal -0.427394 -0.904066 0
    outer loop
      vertex 79.7806 -67.9715 0
      vertex 79.9714 -68.0617 6.01
      vertex 79.7806 -67.9715 6.01
    endloop
  endfacet
  facet normal -0.427394 -0.904066 -0
    outer loop
      vertex 79.9714 -68.0617 6.01
      vertex 79.7806 -67.9715 0
      vertex 79.9714 -68.0617 0
    endloop
  endfacet
  facet normal 0.941484 -0.337057 0
    outer loop
      vertex 76.9004 -69.3337 6.01
      vertex 76.9715 -69.1351 0
      vertex 76.9715 -69.1351 6.01
    endloop
  endfacet
  facet normal 0.941484 -0.337057 0
    outer loop
      vertex 76.9715 -69.1351 0
      vertex 76.9004 -69.3337 6.01
      vertex 76.9004 -69.3337 0
    endloop
  endfacet
  facet normal 0.671658 -0.740862 0
    outer loop
      vertex 77.4376 -68.4376 0
      vertex 77.5939 -68.2959 6.01
      vertex 77.4376 -68.4376 6.01
    endloop
  endfacet
  facet normal 0.671658 -0.740862 0
    outer loop
      vertex 77.5939 -68.2959 6.01
      vertex 77.4376 -68.4376 0
      vertex 77.5939 -68.2959 0
    endloop
  endfacet
  facet normal 0.904066 0.427394 0
    outer loop
      vertex 77.0617 -70.9714 6.01
      vertex 76.9715 -70.7806 0
      vertex 76.9715 -70.7806 6.01
    endloop
  endfacet
  facet normal 0.904066 0.427394 0
    outer loop
      vertex 76.9715 -70.7806 0
      vertex 77.0617 -70.9714 6.01
      vertex 77.0617 -70.9714 0
    endloop
  endfacet
  facet normal 0.80323 0.595669 0
    outer loop
      vertex 77.2959 -71.3218 6.01
      vertex 77.1702 -71.1523 0
      vertex 77.1702 -71.1523 6.01
    endloop
  endfacet
  facet normal 0.80323 0.595669 0
    outer loop
      vertex 77.1702 -71.1523 0
      vertex 77.2959 -71.3218 6.01
      vertex 77.2959 -71.3218 0
    endloop
  endfacet
  facet normal -0.514356 0.857577 0
    outer loop
      vertex 80.1523 -71.7455 0
      vertex 79.9714 -71.854 6.01
      vertex 80.1523 -71.7455 6.01
    endloop
  endfacet
  facet normal -0.514356 0.857577 0
    outer loop
      vertex 79.9714 -71.854 6.01
      vertex 80.1523 -71.7455 0
      vertex 79.9714 -71.854 0
    endloop
  endfacet
  facet normal 0.740862 0.671658 0
    outer loop
      vertex 77.4376 -71.4781 6.01
      vertex 77.2959 -71.3218 0
      vertex 77.2959 -71.3218 6.01
    endloop
  endfacet
  facet normal 0.740862 0.671658 0
    outer loop
      vertex 77.2959 -71.3218 0
      vertex 77.4376 -71.4781 6.01
      vertex 77.4376 -71.4781 0
    endloop
  endfacet
  facet normal 0.337057 -0.941484 0
    outer loop
      vertex 78.1351 -67.9715 0
      vertex 78.3337 -67.9004 6.01
      vertex 78.1351 -67.9715 6.01
    endloop
  endfacet
  facet normal 0.337057 -0.941484 0
    outer loop
      vertex 78.3337 -67.9004 6.01
      vertex 78.1351 -67.9715 0
      vertex 78.3337 -67.9004 0
    endloop
  endfacet
  facet normal 0 0 -1
    outer loop
      vertex 81.0975 -70.1686 6.01
      vertex 81.0975 -69.7471 6.01
      vertex 81.1079 -69.9579 6.01
    endloop
  endfacet
  facet normal 0 0 -1
    outer loop
      vertex 81.0666 -70.3773 6.01
      vertex 81.0975 -69.7471 6.01
      vertex 81.0975 -70.1686 6.01
    endloop
  endfacet
  facet normal 0 0 -1
    outer loop
      vertex 81.0666 -70.3773 6.01
      vertex 81.0666 -69.5384 6.01
      vertex 81.0975 -69.7471 6.01
    endloop
  endfacet
  facet normal 0 0 -1
    outer loop
      vertex 81.0153 -70.582 6.01
      vertex 81.0666 -69.5384 6.01
      vertex 81.0666 -70.3773 6.01
    endloop
  endfacet
  facet normal 0 0 -1
    outer loop
      vertex 81.0153 -70.582 6.01
      vertex 81.0153 -69.3337 6.01
      vertex 81.0666 -69.5384 6.01
    endloop
  endfacet
  facet normal 0 0 -1
    outer loop
      vertex 80.9442 -70.7806 6.01
      vertex 81.0153 -69.3337 6.01
      vertex 81.0153 -70.582 6.01
    endloop
  endfacet
  facet normal 0 0 -1
    outer loop
      vertex 80.9442 -70.7806 6.01
      vertex 80.9442 -69.1351 6.01
      vertex 81.0153 -69.3337 6.01
    endloop
  endfacet
  facet normal 0 0 -1
    outer loop
      vertex 80.854 -70.9714 6.01
      vertex 80.9442 -69.1351 6.01
      vertex 80.9442 -70.7806 6.01
    endloop
  endfacet
  facet normal 0 0 -1
    outer loop
      vertex 80.854 -70.9714 6.01
      vertex 80.854 -68.9444 6.01
      vertex 80.9442 -69.1351 6.01
    endloop
  endfacet
  facet normal 0 0 -1
    outer loop
      vertex 80.7455 -71.1523 6.01
      vertex 80.854 -68.9444 6.01
      vertex 80.854 -70.9714 6.01
    endloop
  endfacet
  facet normal 0 0 -1
    outer loop
      vertex 80.7455 -71.1523 6.01
      vertex 80.7455 -68.7634 6.01
      vertex 80.854 -68.9444 6.01
    endloop
  endfacet
  facet normal 0 0 -1
    outer loop
      vertex 80.6198 -71.3218 6.01
      vertex 80.7455 -68.7634 6.01
      vertex 80.7455 -71.1523 6.01
    endloop
  endfacet
  facet normal 0 0 -1
    outer loop
      vertex 80.6198 -71.3218 6.01
      vertex 80.6198 -68.5939 6.01
      vertex 80.7455 -68.7634 6.01
    endloop
  endfacet
  facet normal 0 0 -1
    outer loop
      vertex 80.4781 -71.4781 6.01
      vertex 80.6198 -68.5939 6.01
      vertex 80.6198 -71.3218 6.01
    endloop
  endfacet
  facet normal 0 0 -1
    outer loop
      vertex 80.4781 -71.4781 6.01
      vertex 80.4781 -68.4376 6.01
      vertex 80.6198 -68.5939 6.01
    endloop
  endfacet
  facet normal 0 0 -1
    outer loop
      vertex 80.3218 -71.6198 6.01
      vertex 80.4781 -68.4376 6.01
      vertex 80.4781 -71.4781 6.01
    endloop
  endfacet
  facet normal 0 0 -1
    outer loop
      vertex 80.3218 -71.6198 6.01
      vertex 80.3218 -68.2959 6.01
      vertex 80.4781 -68.4376 6.01
    endloop
  endfacet
  facet normal 0 0 -1
    outer loop
      vertex 80.1523 -71.7455 6.01
      vertex 80.3218 -68.2959 6.01
      vertex 80.3218 -71.6198 6.01
    endloop
  endfacet
  facet normal 0 0 -1
    outer loop
      vertex 80.1523 -71.7455 6.01
      vertex 80.1523 -68.1702 6.01
      vertex 80.3218 -68.2959 6.01
    endloop
  endfacet
  facet normal 0 0 -1
    outer loop
      vertex 79.9714 -71.854 6.01
      vertex 80.1523 -68.1702 6.01
      vertex 80.1523 -71.7455 6.01
    endloop
  endfacet
  facet normal 0 0 -1
    outer loop
      vertex 79.9714 -71.854 6.01
      vertex 79.9714 -68.0617 6.01
      vertex 80.1523 -68.1702 6.01
    endloop
  endfacet
  facet normal 0 0 -1
    outer loop
      vertex 79.7806 -71.9442 6.01
      vertex 79.9714 -68.0617 6.01
      vertex 79.9714 -71.854 6.01
    endloop
  endfacet
  facet normal 0 0 -1
    outer loop
      vertex 79.7806 -71.9442 6.01
      vertex 79.7806 -67.9715 6.01
      vertex 79.9714 -68.0617 6.01
    endloop
  endfacet
  facet normal 0 0 -1
    outer loop
      vertex 79.582 -72.0153 6.01
      vertex 79.7806 -67.9715 6.01
      vertex 79.7806 -71.9442 6.01
    endloop
  endfacet
  facet normal 0 0 -1
    outer loop
      vertex 79.582 -72.0153 6.01
      vertex 79.582 -67.9004 6.01
      vertex 79.7806 -67.9715 6.01
    endloop
  endfacet
  facet normal 0 0 -1
    outer loop
      vertex 79.3773 -72.0666 6.01
      vertex 79.582 -67.9004 6.01
      vertex 79.582 -72.0153 6.01
    endloop
  endfacet
  facet normal 0 0 -1
    outer loop
      vertex 79.3773 -72.0666 6.01
      vertex 79.3773 -67.8492 6.01
      vertex 79.582 -67.9004 6.01
    endloop
  endfacet
  facet normal 0 0 -1
    outer loop
      vertex 79.1686 -72.0975 6.01
      vertex 79.3773 -67.8492 6.01
      vertex 79.3773 -72.0666 6.01
    endloop
  endfacet
  facet normal 0 0 -1
    outer loop
      vertex 79.1686 -72.0975 6.01
      vertex 79.1686 -67.8182 6.01
      vertex 79.3773 -67.8492 6.01
    endloop
  endfacet
  facet normal 0 0 -1
    outer loop
      vertex 78.9579 -72.1079 6.01
      vertex 79.1686 -67.8182 6.01
      vertex 79.1686 -72.0975 6.01
    endloop
  endfacet
  facet normal 0 0 -1
    outer loop
      vertex 78.9579 -72.1079 6.01
      vertex 78.9579 -67.8079 6.01
      vertex 79.1686 -67.8182 6.01
    endloop
  endfacet
  facet normal 0 0 -1
    outer loop
      vertex 78.7471 -72.0975 6.01
      vertex 78.9579 -67.8079 6.01
      vertex 78.9579 -72.1079 6.01
    endloop
  endfacet
  facet normal 0 0 -1
    outer loop
      vertex 78.7471 -72.0975 6.01
      vertex 78.7471 -67.8182 6.01
      vertex 78.9579 -67.8079 6.01
    endloop
  endfacet
  facet normal 0 0 -1
    outer loop
      vertex 78.5384 -72.0666 6.01
      vertex 78.7471 -67.8182 6.01
      vertex 78.7471 -72.0975 6.01
    endloop
  endfacet
  facet normal 0 0 -1
    outer loop
      vertex 78.5384 -72.0666 6.01
      vertex 78.5384 -67.8492 6.01
      vertex 78.7471 -67.8182 6.01
    endloop
  endfacet
  facet normal 0 0 -1
    outer loop
      vertex 78.3337 -72.0153 6.01
      vertex 78.5384 -67.8492 6.01
      vertex 78.5384 -72.0666 6.01
    endloop
  endfacet
  facet normal 0 0 -1
    outer loop
      vertex 78.3337 -72.0153 6.01
      vertex 78.3337 -67.9004 6.01
      vertex 78.5384 -67.8492 6.01
    endloop
  endfacet
  facet normal 0 0 -1
    outer loop
      vertex 78.1351 -71.9442 6.01
      vertex 78.3337 -67.9004 6.01
      vertex 78.3337 -72.0153 6.01
    endloop
  endfacet
  facet normal 0 0 -1
    outer loop
      vertex 78.1351 -71.9442 6.01
      vertex 78.1351 -67.9715 6.01
      vertex 78.3337 -67.9004 6.01
    endloop
  endfacet
  facet normal 0 0 -1
    outer loop
      vertex 77.9444 -71.854 6.01
      vertex 78.1351 -67.9715 6.01
      vertex 78.1351 -71.9442 6.01
    endloop
  endfacet
  facet normal 0 0 -1
    outer loop
      vertex 77.9444 -71.854 6.01
      vertex 77.9444 -68.0617 6.01
      vertex 78.1351 -67.9715 6.01
    endloop
  endfacet
  facet normal 0 0 -1
    outer loop
      vertex 77.7634 -71.7455 6.01
      vertex 77.9444 -68.0617 6.01
      vertex 77.9444 -71.854 6.01
    endloop
  endfacet
  facet normal 0 0 -1
    outer loop
      vertex 77.7634 -71.7455 6.01
      vertex 77.7634 -68.1702 6.01
      vertex 77.9444 -68.0617 6.01
    endloop
  endfacet
  facet normal 0 0 -1
    outer loop
      vertex 77.5939 -71.6198 6.01
      vertex 77.7634 -68.1702 6.01
      vertex 77.7634 -71.7455 6.01
    endloop
  endfacet
  facet normal 0 0 -1
    outer loop
      vertex 77.5939 -71.6198 6.01
      vertex 77.5939 -68.2959 6.01
      vertex 77.7634 -68.1702 6.01
    endloop
  endfacet
  facet normal 0 0 -1
    outer loop
      vertex 77.4376 -71.4781 6.01
      vertex 77.5939 -68.2959 6.01
      vertex 77.5939 -71.6198 6.01
    endloop
  endfacet
  facet normal 0 0 -1
    outer loop
      vertex 77.4376 -71.4781 6.01
      vertex 77.4376 -68.4376 6.01
      vertex 77.5939 -68.2959 6.01
    endloop
  endfacet
  facet normal 0 0 -1
    outer loop
      vertex 77.2959 -71.3218 6.01
      vertex 77.4376 -68.4376 6.01
      vertex 77.4376 -71.4781 6.01
    endloop
  endfacet
  facet normal 0 0 -1
    outer loop
      vertex 77.2959 -71.3218 6.01
      vertex 77.2959 -68.5939 6.01
      vertex 77.4376 -68.4376 6.01
    endloop
  endfacet
  facet normal 0 0 -1
    outer loop
      vertex 77.1702 -71.1523 6.01
      vertex 77.2959 -68.5939 6.01
      vertex 77.2959 -71.3218 6.01
    endloop
  endfacet
  facet normal 0 0 -1
    outer loop
      vertex 77.1702 -71.1523 6.01
      vertex 77.1702 -68.7634 6.01
      vertex 77.2959 -68.5939 6.01
    endloop
  endfacet
  facet normal 0 0 -1
    outer loop
      vertex 77.0617 -70.9714 6.01
      vertex 77.1702 -68.7634 6.01
      vertex 77.1702 -71.1523 6.01
    endloop
  endfacet
  facet normal 0 0 -1
    outer loop
      vertex 77.0617 -70.9714 6.01
      vertex 77.0617 -68.9444 6.01
      vertex 77.1702 -68.7634 6.01
    endloop
  endfacet
  facet normal 0 0 -1
    outer loop
      vertex 76.9715 -70.7806 6.01
      vertex 77.0617 -68.9444 6.01
      vertex 77.0617 -70.9714 6.01
    endloop
  endfacet
  facet normal 0 0 -1
    outer loop
      vertex 76.9715 -70.7806 6.01
      vertex 76.9715 -69.1351 6.01
      vertex 77.0617 -68.9444 6.01
    endloop
  endfacet
  facet normal 0 0 -1
    outer loop
      vertex 76.9004 -70.582 6.01
      vertex 76.9715 -69.1351 6.01
      vertex 76.9715 -70.7806 6.01
    endloop
  endfacet
  facet normal 0 0 -1
    outer loop
      vertex 76.9004 -70.582 6.01
      vertex 76.9004 -69.3337 6.01
      vertex 76.9715 -69.1351 6.01
    endloop
  endfacet
  facet normal 0 0 -1
    outer loop
      vertex 76.8492 -70.3773 6.01
      vertex 76.9004 -69.3337 6.01
      vertex 76.9004 -70.582 6.01
    endloop
  endfacet
  facet normal 0 0 -1
    outer loop
      vertex 76.8492 -70.3773 6.01
      vertex 76.8492 -69.5384 6.01
      vertex 76.9004 -69.3337 6.01
    endloop
  endfacet
  facet normal 0 0 -1
    outer loop
      vertex 76.8182 -70.1686 6.01
      vertex 76.8492 -69.5384 6.01
      vertex 76.8492 -70.3773 6.01
    endloop
  endfacet
  facet normal 0 0 -1
    outer loop
      vertex 76.8182 -70.1686 6.01
      vertex 76.8182 -69.7471 6.01
      vertex 76.8492 -69.5384 6.01
    endloop
  endfacet
  facet normal 0 -0 -1
    outer loop
      vertex 76.8182 -69.7471 6.01
      vertex 76.8182 -70.1686 6.01
      vertex 76.8079 -69.9579 6.01
    endloop
  endfacet
  facet normal 0.0488033 -0.998808 0
    outer loop
      vertex 78.7471 -67.8182 0
      vertex 78.9579 -67.8079 6.01
      vertex 78.7471 -67.8182 6.01
    endloop
  endfacet
  facet normal 0.0488033 -0.998808 0
    outer loop
      vertex 78.9579 -67.8079 6.01
      vertex 78.7471 -67.8182 0
      vertex 78.9579 -67.8079 0
    endloop
  endfacet
  facet normal -0.80323 0.595669 0
    outer loop
      vertex 80.6198 -71.3218 0
      vertex 80.7455 -71.1523 6.01
      vertex 80.7455 -71.1523 0
    endloop
  endfacet
  facet normal -0.80323 0.595669 0
    outer loop
      vertex 80.7455 -71.1523 6.01
      vertex 80.6198 -71.3218 0
      vertex 80.6198 -71.3218 6.01
    endloop
  endfacet
  facet normal -0.857577 0.514356 0
    outer loop
      vertex 80.7455 -71.1523 0
      vertex 80.854 -70.9714 6.01
      vertex 80.854 -70.9714 0
    endloop
  endfacet
  facet normal -0.857577 0.514356 0
    outer loop
      vertex 80.854 -70.9714 6.01
      vertex 80.7455 -71.1523 0
      vertex 80.7455 -71.1523 6.01
    endloop
  endfacet
  facet normal 0.595669 0.80323 -0
    outer loop
      vertex 77.7634 -71.7455 0
      vertex 77.5939 -71.6198 6.01
      vertex 77.7634 -71.7455 6.01
    endloop
  endfacet
  facet normal 0.595669 0.80323 0
    outer loop
      vertex 77.5939 -71.6198 6.01
      vertex 77.7634 -71.7455 0
      vertex 77.5939 -71.6198 0
    endloop
  endfacet
  facet normal 0.243093 0.970003 -0
    outer loop
      vertex 78.5384 -72.0666 0
      vertex 78.3337 -72.0153 6.01
      vertex 78.5384 -72.0666 6.01
    endloop
  endfacet
  facet normal 0.243093 0.970003 0
    outer loop
      vertex 78.3337 -72.0153 6.01
      vertex 78.5384 -72.0666 0
      vertex 78.3337 -72.0153 0
    endloop
  endfacet
  facet normal 0.857702 -0.514147 0
    outer loop
      vertex 77.0617 -68.9444 6.01
      vertex 77.1702 -68.7634 0
      vertex 77.1702 -68.7634 6.01
    endloop
  endfacet
  facet normal 0.857702 -0.514147 0
    outer loop
      vertex 77.1702 -68.7634 0
      vertex 77.0617 -68.9444 6.01
      vertex 77.0617 -68.9444 0
    endloop
  endfacet
  facet normal -0.595669 0.80323 0
    outer loop
      vertex 80.3218 -71.6198 0
      vertex 80.1523 -71.7455 6.01
      vertex 80.3218 -71.6198 6.01
    endloop
  endfacet
  facet normal -0.595669 0.80323 0
    outer loop
      vertex 80.1523 -71.7455 6.01
      vertex 80.3218 -71.6198 0
      vertex 80.1523 -71.7455 0
    endloop
  endfacet
  facet normal -0.671658 0.740862 0
    outer loop
      vertex 80.4781 -71.4781 0
      vertex 80.3218 -71.6198 6.01
      vertex 80.4781 -71.4781 6.01
    endloop
  endfacet
  facet normal -0.671658 0.740862 0
    outer loop
      vertex 80.3218 -71.6198 6.01
      vertex 80.4781 -71.4781 0
      vertex 80.3218 -71.6198 0
    endloop
  endfacet
  facet normal 0.514147 0.857702 -0
    outer loop
      vertex 77.9444 -71.854 0
      vertex 77.7634 -71.7455 6.01
      vertex 77.9444 -71.854 6.01
    endloop
  endfacet
  facet normal 0.514147 0.857702 0
    outer loop
      vertex 77.7634 -71.7455 6.01
      vertex 77.9444 -71.854 0
      vertex 77.7634 -71.7455 0
    endloop
  endfacet
  facet normal 0.903979 -0.427577 0
    outer loop
      vertex 76.9715 -69.1351 6.01
      vertex 77.0617 -68.9444 0
      vertex 77.0617 -68.9444 6.01
    endloop
  endfacet
  facet normal 0.903979 -0.427577 0
    outer loop
      vertex 77.0617 -68.9444 0
      vertex 76.9715 -69.1351 6.01
      vertex 76.9715 -69.1351 0
    endloop
  endfacet
  facet normal 0.857577 0.514356 0
    outer loop
      vertex 77.1702 -71.1523 6.01
      vertex 77.0617 -70.9714 0
      vertex 77.0617 -70.9714 6.01
    endloop
  endfacet
  facet normal 0.857577 0.514356 0
    outer loop
      vertex 77.0617 -70.9714 0
      vertex 77.1702 -71.1523 6.01
      vertex 77.1702 -71.1523 0
    endloop
  endfacet
  facet normal 0.146463 0.989216 -0
    outer loop
      vertex 78.7471 -72.0975 0
      vertex 78.5384 -72.0666 6.01
      vertex 78.7471 -72.0975 6.01
    endloop
  endfacet
  facet normal 0.146463 0.989216 0
    outer loop
      vertex 78.5384 -72.0666 6.01
      vertex 78.7471 -72.0975 0
      vertex 78.5384 -72.0666 0
    endloop
  endfacet
  facet normal 0.514147 -0.857702 0
    outer loop
      vertex 77.7634 -68.1702 0
      vertex 77.9444 -68.0617 6.01
      vertex 77.7634 -68.1702 6.01
    endloop
  endfacet
  facet normal 0.514147 -0.857702 0
    outer loop
      vertex 77.9444 -68.0617 6.01
      vertex 77.7634 -68.1702 0
      vertex 77.9444 -68.0617 0
    endloop
  endfacet
  facet normal 0.427577 0.903979 -0
    outer loop
      vertex 78.1351 -71.9442 0
      vertex 77.9444 -71.854 6.01
      vertex 78.1351 -71.9442 6.01
    endloop
  endfacet
  facet normal 0.427577 0.903979 0
    outer loop
      vertex 77.9444 -71.854 6.01
      vertex 78.1351 -71.9442 0
      vertex 77.9444 -71.854 0
    endloop
  endfacet
  facet normal 0.671658 0.740862 -0
    outer loop
      vertex 77.5939 -71.6198 0
      vertex 77.4376 -71.4781 6.01
      vertex 77.5939 -71.6198 6.01
    endloop
  endfacet
  facet normal 0.671658 0.740862 0
    outer loop
      vertex 77.4376 -71.4781 6.01
      vertex 77.5939 -71.6198 0
      vertex 77.4376 -71.4781 0
    endloop
  endfacet
  facet normal 0.998808 0.0488033 0
    outer loop
      vertex 76.8182 69.7471 6.01
      vertex 76.8079 69.9579 0
      vertex 76.8079 69.9579 6.01
    endloop
  endfacet
  facet normal 0.998808 0.0488033 0
    outer loop
      vertex 76.8079 69.9579 0
      vertex 76.8182 69.7471 6.01
      vertex 76.8182 69.7471 0
    endloop
  endfacet
  facet normal 0.857577 -0.514356 0
    outer loop
      vertex 77.0617 70.9714 6.01
      vertex 77.1702 71.1523 0
      vertex 77.1702 71.1523 6.01
    endloop
  endfacet
  facet normal 0.857577 -0.514356 0
    outer loop
      vertex 77.1702 71.1523 0
      vertex 77.0617 70.9714 6.01
      vertex 77.0617 70.9714 0
    endloop
  endfacet
  facet normal -0.989216 -0.146463 0
    outer loop
      vertex 81.0975 70.1686 0
      vertex 81.0666 70.3773 6.01
      vertex 81.0666 70.3773 0
    endloop
  endfacet
  facet normal -0.989216 -0.146463 0
    outer loop
      vertex 81.0666 70.3773 6.01
      vertex 81.0975 70.1686 0
      vertex 81.0975 70.1686 6.01
    endloop
  endfacet
  facet normal -0.998784 -0.0492993 0
    outer loop
      vertex 81.1079 69.9579 0
      vertex 81.0975 70.1686 6.01
      vertex 81.0975 70.1686 0
    endloop
  endfacet
  facet normal -0.998784 -0.0492993 0
    outer loop
      vertex 81.0975 70.1686 6.01
      vertex 81.1079 69.9579 0
      vertex 81.1079 69.9579 6.01
    endloop
  endfacet
  facet normal -0.970003 -0.243093 0
    outer loop
      vertex 81.0666 70.3773 0
      vertex 81.0153 70.582 6.01
      vertex 81.0153 70.582 0
    endloop
  endfacet
  facet normal -0.970003 -0.243093 0
    outer loop
      vertex 81.0153 70.582 6.01
      vertex 81.0666 70.3773 0
      vertex 81.0666 70.3773 6.01
    endloop
  endfacet
  facet normal -0.941484 0.337057 0
    outer loop
      vertex 80.9442 69.1351 0
      vertex 81.0153 69.3337 6.01
      vertex 81.0153 69.3337 0
    endloop
  endfacet
  facet normal -0.941484 0.337057 0
    outer loop
      vertex 81.0153 69.3337 6.01
      vertex 80.9442 69.1351 0
      vertex 80.9442 69.1351 6.01
    endloop
  endfacet
  facet normal -0.146463 -0.989216 0
    outer loop
      vertex 79.1686 72.0975 0
      vertex 79.3773 72.0666 6.01
      vertex 79.1686 72.0975 6.01
    endloop
  endfacet
  facet normal -0.146463 -0.989216 -0
    outer loop
      vertex 79.3773 72.0666 6.01
      vertex 79.1686 72.0975 0
      vertex 79.3773 72.0666 0
    endloop
  endfacet
  facet normal -0.427394 0.904066 0
    outer loop
      vertex 79.9714 68.0617 0
      vertex 79.7806 67.9715 6.01
      vertex 79.9714 68.0617 6.01
    endloop
  endfacet
  facet normal -0.427394 0.904066 0
    outer loop
      vertex 79.7806 67.9715 6.01
      vertex 79.9714 68.0617 0
      vertex 79.7806 67.9715 0
    endloop
  endfacet
  facet normal 0.595669 -0.80323 0
    outer loop
      vertex 77.5939 71.6198 0
      vertex 77.7634 71.7455 6.01
      vertex 77.5939 71.6198 6.01
    endloop
  endfacet
  facet normal 0.595669 -0.80323 0
    outer loop
      vertex 77.7634 71.7455 6.01
      vertex 77.5939 71.6198 0
      vertex 77.7634 71.7455 0
    endloop
  endfacet
  facet normal -0.146927 0.989147 0
    outer loop
      vertex 79.3773 67.8492 0
      vertex 79.1686 67.8182 6.01
      vertex 79.3773 67.8492 6.01
    endloop
  endfacet
  facet normal -0.146927 0.989147 0
    outer loop
      vertex 79.1686 67.8182 6.01
      vertex 79.3773 67.8492 0
      vertex 79.1686 67.8182 0
    endloop
  endfacet
  facet normal 0.970115 -0.242647 0
    outer loop
      vertex 76.8492 70.3773 6.01
      vertex 76.9004 70.582 0
      vertex 76.9004 70.582 6.01
    endloop
  endfacet
  facet normal 0.970115 -0.242647 0
    outer loop
      vertex 76.9004 70.582 0
      vertex 76.8492 70.3773 6.01
      vertex 76.8492 70.3773 0
    endloop
  endfacet
  facet normal -0.514356 0.857577 0
    outer loop
      vertex 80.1523 68.1702 0
      vertex 79.9714 68.0617 6.01
      vertex 80.1523 68.1702 6.01
    endloop
  endfacet
  facet normal -0.514356 0.857577 0
    outer loop
      vertex 79.9714 68.0617 6.01
      vertex 80.1523 68.1702 0
      vertex 79.9714 68.0617 0
    endloop
  endfacet
  facet normal 0.0488033 0.998808 -0
    outer loop
      vertex 78.9579 67.8079 0
      vertex 78.7471 67.8182 6.01
      vertex 78.9579 67.8079 6.01
    endloop
  endfacet
  facet normal 0.0488033 0.998808 0
    outer loop
      vertex 78.7471 67.8182 6.01
      vertex 78.9579 67.8079 0
      vertex 78.7471 67.8182 0
    endloop
  endfacet
  facet normal 0.146463 -0.989216 0
    outer loop
      vertex 78.5384 72.0666 0
      vertex 78.7471 72.0975 6.01
      vertex 78.5384 72.0666 6.01
    endloop
  endfacet
  facet normal 0.146463 -0.989216 0
    outer loop
      vertex 78.7471 72.0975 6.01
      vertex 78.5384 72.0666 0
      vertex 78.7471 72.0975 0
    endloop
  endfacet
  facet normal -0.904066 -0.427394 0
    outer loop
      vertex 80.9442 70.7806 0
      vertex 80.854 70.9714 6.01
      vertex 80.854 70.9714 0
    endloop
  endfacet
  facet normal -0.904066 -0.427394 0
    outer loop
      vertex 80.854 70.9714 6.01
      vertex 80.9442 70.7806 0
      vertex 80.9442 70.7806 6.01
    endloop
  endfacet
  facet normal -0.740862 0.671658 0
    outer loop
      vertex 80.4781 68.4376 0
      vertex 80.6198 68.5939 6.01
      vertex 80.6198 68.5939 0
    endloop
  endfacet
  facet normal -0.740862 0.671658 0
    outer loop
      vertex 80.6198 68.5939 6.01
      vertex 80.4781 68.4376 0
      vertex 80.4781 68.4376 6.01
    endloop
  endfacet
  facet normal -0.595669 -0.80323 0
    outer loop
      vertex 80.1523 71.7455 0
      vertex 80.3218 71.6198 6.01
      vertex 80.1523 71.7455 6.01
    endloop
  endfacet
  facet normal -0.595669 -0.80323 -0
    outer loop
      vertex 80.3218 71.6198 6.01
      vertex 80.1523 71.7455 0
      vertex 80.3218 71.6198 0
    endloop
  endfacet
  facet normal -0.243093 -0.970003 0
    outer loop
      vertex 79.3773 72.0666 0
      vertex 79.582 72.0153 6.01
      vertex 79.3773 72.0666 6.01
    endloop
  endfacet
  facet normal -0.243093 -0.970003 -0
    outer loop
      vertex 79.582 72.0153 6.01
      vertex 79.3773 72.0666 0
      vertex 79.582 72.0153 0
    endloop
  endfacet
  facet normal 0.970115 0.242647 0
    outer loop
      vertex 76.9004 69.3337 6.01
      vertex 76.8492 69.5384 0
      vertex 76.8492 69.5384 6.01
    endloop
  endfacet
  facet normal 0.970115 0.242647 0
    outer loop
      vertex 76.8492 69.5384 0
      vertex 76.9004 69.3337 6.01
      vertex 76.9004 69.3337 0
    endloop
  endfacet
  facet normal 0.514147 -0.857702 0
    outer loop
      vertex 77.7634 71.7455 0
      vertex 77.9444 71.854 6.01
      vertex 77.7634 71.7455 6.01
    endloop
  endfacet
  facet normal 0.514147 -0.857702 0
    outer loop
      vertex 77.9444 71.854 6.01
      vertex 77.7634 71.7455 0
      vertex 77.9444 71.854 0
    endloop
  endfacet
  facet normal -0.80323 -0.595669 0
    outer loop
      vertex 80.7455 71.1523 0
      vertex 80.6198 71.3218 6.01
      vertex 80.6198 71.3218 0
    endloop
  endfacet
  facet normal -0.80323 -0.595669 0
    outer loop
      vertex 80.6198 71.3218 6.01
      vertex 80.7455 71.1523 0
      vertex 80.7455 71.1523 6.01
    endloop
  endfacet
  facet normal -0.337057 0.941484 0
    outer loop
      vertex 79.7806 67.9715 0
      vertex 79.582 67.9004 6.01
      vertex 79.7806 67.9715 6.01
    endloop
  endfacet
  facet normal -0.337057 0.941484 0
    outer loop
      vertex 79.582 67.9004 6.01
      vertex 79.7806 67.9715 0
      vertex 79.582 67.9004 0
    endloop
  endfacet
  facet normal -0.242647 0.970115 0
    outer loop
      vertex 79.582 67.9004 0
      vertex 79.3773 67.8492 6.01
      vertex 79.582 67.9004 6.01
    endloop
  endfacet
  facet normal -0.242647 0.970115 0
    outer loop
      vertex 79.3773 67.8492 6.01
      vertex 79.582 67.9004 0
      vertex 79.3773 67.8492 0
    endloop
  endfacet
  facet normal -0.514356 -0.857577 0
    outer loop
      vertex 79.9714 71.854 0
      vertex 80.1523 71.7455 6.01
      vertex 79.9714 71.854 6.01
    endloop
  endfacet
  facet normal -0.514356 -0.857577 -0
    outer loop
      vertex 80.1523 71.7455 6.01
      vertex 79.9714 71.854 0
      vertex 80.1523 71.7455 0
    endloop
  endfacet
  facet normal -0.903979 0.427577 0
    outer loop
      vertex 80.854 68.9444 0
      vertex 80.9442 69.1351 6.01
      vertex 80.9442 69.1351 0
    endloop
  endfacet
  facet normal -0.903979 0.427577 0
    outer loop
      vertex 80.9442 69.1351 6.01
      vertex 80.854 68.9444 0
      vertex 80.854 68.9444 6.01
    endloop
  endfacet
  facet normal -0.998785 0.0492759 0
    outer loop
      vertex 81.0975 69.7471 0
      vertex 81.1079 69.9579 6.01
      vertex 81.1079 69.9579 0
    endloop
  endfacet
  facet normal -0.998785 0.0492759 0
    outer loop
      vertex 81.1079 69.9579 6.01
      vertex 81.0975 69.7471 0
      vertex 81.0975 69.7471 6.01
    endloop
  endfacet
  facet normal 0.740862 0.671658 0
    outer loop
      vertex 77.4376 68.4376 6.01
      vertex 77.2959 68.5939 0
      vertex 77.2959 68.5939 6.01
    endloop
  endfacet
  facet normal 0.740862 0.671658 0
    outer loop
      vertex 77.2959 68.5939 0
      vertex 77.4376 68.4376 6.01
      vertex 77.4376 68.4376 0
    endloop
  endfacet
  facet normal -0.857702 0.514147 0
    outer loop
      vertex 80.7455 68.7634 0
      vertex 80.854 68.9444 6.01
      vertex 80.854 68.9444 0
    endloop
  endfacet
  facet normal -0.857702 0.514147 0
    outer loop
      vertex 80.854 68.9444 6.01
      vertex 80.7455 68.7634 0
      vertex 80.7455 68.7634 6.01
    endloop
  endfacet
  facet normal 0.337057 -0.941484 0
    outer loop
      vertex 78.1351 71.9442 0
      vertex 78.3337 72.0153 6.01
      vertex 78.1351 71.9442 6.01
    endloop
  endfacet
  facet normal 0.337057 -0.941484 0
    outer loop
      vertex 78.3337 72.0153 6.01
      vertex 78.1351 71.9442 0
      vertex 78.3337 72.0153 0
    endloop
  endfacet
  facet normal 0.514147 0.857702 -0
    outer loop
      vertex 77.9444 68.0617 0
      vertex 77.7634 68.1702 6.01
      vertex 77.9444 68.0617 6.01
    endloop
  endfacet
  facet normal 0.514147 0.857702 0
    outer loop
      vertex 77.7634 68.1702 6.01
      vertex 77.9444 68.0617 0
      vertex 77.7634 68.1702 0
    endloop
  endfacet
  facet normal -0.941484 -0.337057 0
    outer loop
      vertex 81.0153 70.582 0
      vertex 80.9442 70.7806 6.01
      vertex 80.9442 70.7806 0
    endloop
  endfacet
  facet normal -0.941484 -0.337057 0
    outer loop
      vertex 80.9442 70.7806 6.01
      vertex 81.0153 70.582 0
      vertex 81.0153 70.582 6.01
    endloop
  endfacet
  facet normal -0.970003 0.243093 0
    outer loop
      vertex 81.0153 69.3337 0
      vertex 81.0666 69.5384 6.01
      vertex 81.0666 69.5384 0
    endloop
  endfacet
  facet normal -0.970003 0.243093 0
    outer loop
      vertex 81.0666 69.5384 6.01
      vertex 81.0153 69.3337 0
      vertex 81.0153 69.3337 6.01
    endloop
  endfacet
  facet normal -0.989216 0.146463 0
    outer loop
      vertex 81.0666 69.5384 0
      vertex 81.0975 69.7471 6.01
      vertex 81.0975 69.7471 0
    endloop
  endfacet
  facet normal -0.989216 0.146463 0
    outer loop
      vertex 81.0975 69.7471 6.01
      vertex 81.0666 69.5384 0
      vertex 81.0666 69.5384 6.01
    endloop
  endfacet
  facet normal 0.671658 0.740862 -0
    outer loop
      vertex 77.5939 68.2959 0
      vertex 77.4376 68.4376 6.01
      vertex 77.5939 68.2959 6.01
    endloop
  endfacet
  facet normal 0.671658 0.740862 0
    outer loop
      vertex 77.4376 68.4376 6.01
      vertex 77.5939 68.2959 0
      vertex 77.4376 68.4376 0
    endloop
  endfacet
  facet normal -0.337057 -0.941484 0
    outer loop
      vertex 79.582 72.0153 0
      vertex 79.7806 71.9442 6.01
      vertex 79.582 72.0153 6.01
    endloop
  endfacet
  facet normal -0.337057 -0.941484 -0
    outer loop
      vertex 79.7806 71.9442 6.01
      vertex 79.582 72.0153 0
      vertex 79.7806 71.9442 0
    endloop
  endfacet
  facet normal -0.0488264 0.998807 0
    outer loop
      vertex 79.1686 67.8182 0
      vertex 78.9579 67.8079 6.01
      vertex 79.1686 67.8182 6.01
    endloop
  endfacet
  facet normal -0.0488264 0.998807 0
    outer loop
      vertex 78.9579 67.8079 6.01
      vertex 79.1686 67.8182 0
      vertex 78.9579 67.8079 0
    endloop
  endfacet
  facet normal -0.80323 0.595669 0
    outer loop
      vertex 80.6198 68.5939 0
      vertex 80.7455 68.7634 6.01
      vertex 80.7455 68.7634 0
    endloop
  endfacet
  facet normal -0.80323 0.595669 0
    outer loop
      vertex 80.7455 68.7634 6.01
      vertex 80.6198 68.5939 0
      vertex 80.6198 68.5939 6.01
    endloop
  endfacet
  facet normal 0.0492759 -0.998785 0
    outer loop
      vertex 78.7471 72.0975 0
      vertex 78.9579 72.1079 6.01
      vertex 78.7471 72.0975 6.01
    endloop
  endfacet
  facet normal 0.0492759 -0.998785 0
    outer loop
      vertex 78.9579 72.1079 6.01
      vertex 78.7471 72.0975 0
      vertex 78.9579 72.1079 0
    endloop
  endfacet
  facet normal 0.998807 -0.0488264 0
    outer loop
      vertex 76.8079 69.9579 6.01
      vertex 76.8182 70.1686 0
      vertex 76.8182 70.1686 6.01
    endloop
  endfacet
  facet normal 0.998807 -0.0488264 0
    outer loop
      vertex 76.8182 70.1686 0
      vertex 76.8079 69.9579 6.01
      vertex 76.8079 69.9579 0
    endloop
  endfacet
  facet normal -0.427394 -0.904066 0
    outer loop
      vertex 79.7806 71.9442 0
      vertex 79.9714 71.854 6.01
      vertex 79.7806 71.9442 6.01
    endloop
  endfacet
  facet normal -0.427394 -0.904066 -0
    outer loop
      vertex 79.9714 71.854 6.01
      vertex 79.7806 71.9442 0
      vertex 79.9714 71.854 0
    endloop
  endfacet
  facet normal -0.740862 -0.671658 0
    outer loop
      vertex 80.6198 71.3218 0
      vertex 80.4781 71.4781 6.01
      vertex 80.4781 71.4781 0
    endloop
  endfacet
  facet normal -0.740862 -0.671658 0
    outer loop
      vertex 80.4781 71.4781 6.01
      vertex 80.6198 71.3218 0
      vertex 80.6198 71.3218 6.01
    endloop
  endfacet
  facet normal -0.0492993 -0.998784 0
    outer loop
      vertex 78.9579 72.1079 0
      vertex 79.1686 72.0975 6.01
      vertex 78.9579 72.1079 6.01
    endloop
  endfacet
  facet normal -0.0492993 -0.998784 -0
    outer loop
      vertex 79.1686 72.0975 6.01
      vertex 78.9579 72.1079 0
      vertex 79.1686 72.0975 0
    endloop
  endfacet
  facet normal -0.857577 -0.514356 0
    outer loop
      vertex 80.854 70.9714 0
      vertex 80.7455 71.1523 6.01
      vertex 80.7455 71.1523 0
    endloop
  endfacet
  facet normal -0.857577 -0.514356 0
    outer loop
      vertex 80.7455 71.1523 6.01
      vertex 80.854 70.9714 0
      vertex 80.854 70.9714 6.01
    endloop
  endfacet
  facet normal -0.595669 0.80323 0
    outer loop
      vertex 80.3218 68.2959 0
      vertex 80.1523 68.1702 6.01
      vertex 80.3218 68.2959 6.01
    endloop
  endfacet
  facet normal -0.595669 0.80323 0
    outer loop
      vertex 80.1523 68.1702 6.01
      vertex 80.3218 68.2959 0
      vertex 80.1523 68.1702 0
    endloop
  endfacet
  facet normal 0.427577 0.903979 -0
    outer loop
      vertex 78.1351 67.9715 0
      vertex 77.9444 68.0617 6.01
      vertex 78.1351 67.9715 6.01
    endloop
  endfacet
  facet normal 0.427577 0.903979 0
    outer loop
      vertex 77.9444 68.0617 6.01
      vertex 78.1351 67.9715 0
      vertex 77.9444 68.0617 0
    endloop
  endfacet
  facet normal 0.671658 -0.740862 0
    outer loop
      vertex 77.4376 71.4781 0
      vertex 77.5939 71.6198 6.01
      vertex 77.4376 71.4781 6.01
    endloop
  endfacet
  facet normal 0.671658 -0.740862 0
    outer loop
      vertex 77.5939 71.6198 6.01
      vertex 77.4376 71.4781 0
      vertex 77.5939 71.6198 0
    endloop
  endfacet
  facet normal 0.427577 -0.903979 0
    outer loop
      vertex 77.9444 71.854 0
      vertex 78.1351 71.9442 6.01
      vertex 77.9444 71.854 6.01
    endloop
  endfacet
  facet normal 0.427577 -0.903979 0
    outer loop
      vertex 78.1351 71.9442 6.01
      vertex 77.9444 71.854 0
      vertex 78.1351 71.9442 0
    endloop
  endfacet
  facet normal 0.941484 0.337057 0
    outer loop
      vertex 76.9715 69.1351 6.01
      vertex 76.9004 69.3337 0
      vertex 76.9004 69.3337 6.01
    endloop
  endfacet
  facet normal 0.941484 0.337057 0
    outer loop
      vertex 76.9004 69.3337 0
      vertex 76.9715 69.1351 6.01
      vertex 76.9715 69.1351 0
    endloop
  endfacet
  facet normal 0.989147 0.146927 0
    outer loop
      vertex 76.8492 69.5384 6.01
      vertex 76.8182 69.7471 0
      vertex 76.8182 69.7471 6.01
    endloop
  endfacet
  facet normal 0.989147 0.146927 0
    outer loop
      vertex 76.8182 69.7471 0
      vertex 76.8492 69.5384 6.01
      vertex 76.8492 69.5384 0
    endloop
  endfacet
  facet normal -0.671658 -0.740862 0
    outer loop
      vertex 80.3218 71.6198 0
      vertex 80.4781 71.4781 6.01
      vertex 80.3218 71.6198 6.01
    endloop
  endfacet
  facet normal -0.671658 -0.740862 -0
    outer loop
      vertex 80.4781 71.4781 6.01
      vertex 80.3218 71.6198 0
      vertex 80.4781 71.4781 0
    endloop
  endfacet
  facet normal 0.903979 0.427577 0
    outer loop
      vertex 77.0617 68.9444 6.01
      vertex 76.9715 69.1351 0
      vertex 76.9715 69.1351 6.01
    endloop
  endfacet
  facet normal 0.903979 0.427577 0
    outer loop
      vertex 76.9715 69.1351 0
      vertex 77.0617 68.9444 6.01
      vertex 77.0617 68.9444 0
    endloop
  endfacet
  facet normal 0.243093 -0.970003 0
    outer loop
      vertex 78.3337 72.0153 0
      vertex 78.5384 72.0666 6.01
      vertex 78.3337 72.0153 6.01
    endloop
  endfacet
  facet normal 0.243093 -0.970003 0
    outer loop
      vertex 78.5384 72.0666 6.01
      vertex 78.3337 72.0153 0
      vertex 78.5384 72.0666 0
    endloop
  endfacet
  facet normal 0.941484 -0.337057 0
    outer loop
      vertex 76.9004 70.582 6.01
      vertex 76.9715 70.7806 0
      vertex 76.9715 70.7806 6.01
    endloop
  endfacet
  facet normal 0.941484 -0.337057 0
    outer loop
      vertex 76.9715 70.7806 0
      vertex 76.9004 70.582 6.01
      vertex 76.9004 70.582 0
    endloop
  endfacet
  facet normal 0.740862 -0.671658 0
    outer loop
      vertex 77.2959 71.3218 6.01
      vertex 77.4376 71.4781 0
      vertex 77.4376 71.4781 6.01
    endloop
  endfacet
  facet normal 0.740862 -0.671658 0
    outer loop
      vertex 77.4376 71.4781 0
      vertex 77.2959 71.3218 6.01
      vertex 77.2959 71.3218 0
    endloop
  endfacet
  facet normal 0.146927 0.989147 -0
    outer loop
      vertex 78.7471 67.8182 0
      vertex 78.5384 67.8492 6.01
      vertex 78.7471 67.8182 6.01
    endloop
  endfacet
  facet normal 0.146927 0.989147 0
    outer loop
      vertex 78.5384 67.8492 6.01
      vertex 78.7471 67.8182 0
      vertex 78.5384 67.8492 0
    endloop
  endfacet
  facet normal 0.80323 0.595669 0
    outer loop
      vertex 77.2959 68.5939 6.01
      vertex 77.1702 68.7634 0
      vertex 77.1702 68.7634 6.01
    endloop
  endfacet
  facet normal 0.80323 0.595669 0
    outer loop
      vertex 77.1702 68.7634 0
      vertex 77.2959 68.5939 6.01
      vertex 77.2959 68.5939 0
    endloop
  endfacet
  facet normal 0.337057 0.941484 -0
    outer loop
      vertex 78.3337 67.9004 0
      vertex 78.1351 67.9715 6.01
      vertex 78.3337 67.9004 6.01
    endloop
  endfacet
  facet normal 0.337057 0.941484 0
    outer loop
      vertex 78.1351 67.9715 6.01
      vertex 78.3337 67.9004 0
      vertex 78.1351 67.9715 0
    endloop
  endfacet
  facet normal 0.242647 0.970115 -0
    outer loop
      vertex 78.5384 67.8492 0
      vertex 78.3337 67.9004 6.01
      vertex 78.5384 67.8492 6.01
    endloop
  endfacet
  facet normal 0.242647 0.970115 0
    outer loop
      vertex 78.3337 67.9004 6.01
      vertex 78.5384 67.8492 0
      vertex 78.3337 67.9004 0
    endloop
  endfacet
  facet normal 0.904066 -0.427394 0
    outer loop
      vertex 76.9715 70.7806 6.01
      vertex 77.0617 70.9714 0
      vertex 77.0617 70.9714 6.01
    endloop
  endfacet
  facet normal 0.904066 -0.427394 0
    outer loop
      vertex 77.0617 70.9714 0
      vertex 76.9715 70.7806 6.01
      vertex 76.9715 70.7806 0
    endloop
  endfacet
  facet normal 0.595669 0.80323 -0
    outer loop
      vertex 77.7634 68.1702 0
      vertex 77.5939 68.2959 6.01
      vertex 77.7634 68.1702 6.01
    endloop
  endfacet
  facet normal 0.595669 0.80323 0
    outer loop
      vertex 77.5939 68.2959 6.01
      vertex 77.7634 68.1702 0
      vertex 77.5939 68.2959 0
    endloop
  endfacet
  facet normal 0.80323 -0.595669 0
    outer loop
      vertex 77.1702 71.1523 6.01
      vertex 77.2959 71.3218 0
      vertex 77.2959 71.3218 6.01
    endloop
  endfacet
  facet normal 0.80323 -0.595669 0
    outer loop
      vertex 77.2959 71.3218 0
      vertex 77.1702 71.1523 6.01
      vertex 77.1702 71.1523 0
    endloop
  endfacet
  facet normal 0.857702 0.514147 0
    outer loop
      vertex 77.1702 68.7634 6.01
      vertex 77.0617 68.9444 0
      vertex 77.0617 68.9444 6.01
    endloop
  endfacet
  facet normal 0.857702 0.514147 0
    outer loop
      vertex 77.0617 68.9444 0
      vertex 77.1702 68.7634 6.01
      vertex 77.1702 68.7634 0
    endloop
  endfacet
  facet normal 0.989147 -0.146927 0
    outer loop
      vertex 76.8182 70.1686 6.01
      vertex 76.8492 70.3773 0
      vertex 76.8492 70.3773 6.01
    endloop
  endfacet
  facet normal 0.989147 -0.146927 0
    outer loop
      vertex 76.8492 70.3773 0
      vertex 76.8182 70.1686 6.01
      vertex 76.8182 70.1686 0
    endloop
  endfacet
  facet normal -0.671658 0.740862 0
    outer loop
      vertex 80.4781 68.4376 0
      vertex 80.3218 68.2959 6.01
      vertex 80.4781 68.4376 6.01
    endloop
  endfacet
  facet normal -0.671658 0.740862 0
    outer loop
      vertex 80.3218 68.2959 6.01
      vertex 80.4781 68.4376 0
      vertex 80.3218 68.2959 0
    endloop
  endfacet
  facet normal 0 0 -1
    outer loop
      vertex 81.0975 69.7471 6.01
      vertex 81.0975 70.1686 6.01
      vertex 81.1079 69.9579 6.01
    endloop
  endfacet
  facet normal 0 0 -1
    outer loop
      vertex 81.0666 69.5384 6.01
      vertex 81.0975 70.1686 6.01
      vertex 81.0975 69.7471 6.01
    endloop
  endfacet
  facet normal 0 0 -1
    outer loop
      vertex 81.0666 69.5384 6.01
      vertex 81.0666 70.3773 6.01
      vertex 81.0975 70.1686 6.01
    endloop
  endfacet
  facet normal 0 0 -1
    outer loop
      vertex 81.0153 69.3337 6.01
      vertex 81.0666 70.3773 6.01
      vertex 81.0666 69.5384 6.01
    endloop
  endfacet
  facet normal 0 0 -1
    outer loop
      vertex 81.0153 69.3337 6.01
      vertex 81.0153 70.582 6.01
      vertex 81.0666 70.3773 6.01
    endloop
  endfacet
  facet normal 0 0 -1
    outer loop
      vertex 80.9442 69.1351 6.01
      vertex 81.0153 70.582 6.01
      vertex 81.0153 69.3337 6.01
    endloop
  endfacet
  facet normal 0 0 -1
    outer loop
      vertex 80.9442 69.1351 6.01
      vertex 80.9442 70.7806 6.01
      vertex 81.0153 70.582 6.01
    endloop
  endfacet
  facet normal 0 0 -1
    outer loop
      vertex 80.854 68.9444 6.01
      vertex 80.9442 70.7806 6.01
      vertex 80.9442 69.1351 6.01
    endloop
  endfacet
  facet normal 0 0 -1
    outer loop
      vertex 80.854 68.9444 6.01
      vertex 80.854 70.9714 6.01
      vertex 80.9442 70.7806 6.01
    endloop
  endfacet
  facet normal 0 0 -1
    outer loop
      vertex 80.7455 68.7634 6.01
      vertex 80.854 70.9714 6.01
      vertex 80.854 68.9444 6.01
    endloop
  endfacet
  facet normal 0 0 -1
    outer loop
      vertex 80.7455 68.7634 6.01
      vertex 80.7455 71.1523 6.01
      vertex 80.854 70.9714 6.01
    endloop
  endfacet
  facet normal 0 0 -1
    outer loop
      vertex 80.6198 68.5939 6.01
      vertex 80.7455 71.1523 6.01
      vertex 80.7455 68.7634 6.01
    endloop
  endfacet
  facet normal 0 0 -1
    outer loop
      vertex 80.6198 68.5939 6.01
      vertex 80.6198 71.3218 6.01
      vertex 80.7455 71.1523 6.01
    endloop
  endfacet
  facet normal 0 0 -1
    outer loop
      vertex 80.4781 68.4376 6.01
      vertex 80.6198 71.3218 6.01
      vertex 80.6198 68.5939 6.01
    endloop
  endfacet
  facet normal 0 0 -1
    outer loop
      vertex 80.4781 68.4376 6.01
      vertex 80.4781 71.4781 6.01
      vertex 80.6198 71.3218 6.01
    endloop
  endfacet
  facet normal 0 0 -1
    outer loop
      vertex 80.3218 68.2959 6.01
      vertex 80.4781 71.4781 6.01
      vertex 80.4781 68.4376 6.01
    endloop
  endfacet
  facet normal 0 0 -1
    outer loop
      vertex 80.3218 68.2959 6.01
      vertex 80.3218 71.6198 6.01
      vertex 80.4781 71.4781 6.01
    endloop
  endfacet
  facet normal 0 0 -1
    outer loop
      vertex 80.1523 68.1702 6.01
      vertex 80.3218 71.6198 6.01
      vertex 80.3218 68.2959 6.01
    endloop
  endfacet
  facet normal 0 0 -1
    outer loop
      vertex 80.1523 68.1702 6.01
      vertex 80.1523 71.7455 6.01
      vertex 80.3218 71.6198 6.01
    endloop
  endfacet
  facet normal 0 0 -1
    outer loop
      vertex 79.9714 68.0617 6.01
      vertex 80.1523 71.7455 6.01
      vertex 80.1523 68.1702 6.01
    endloop
  endfacet
  facet normal 0 0 -1
    outer loop
      vertex 79.9714 68.0617 6.01
      vertex 79.9714 71.854 6.01
      vertex 80.1523 71.7455 6.01
    endloop
  endfacet
  facet normal 0 0 -1
    outer loop
      vertex 79.7806 67.9715 6.01
      vertex 79.9714 71.854 6.01
      vertex 79.9714 68.0617 6.01
    endloop
  endfacet
  facet normal 0 0 -1
    outer loop
      vertex 79.7806 67.9715 6.01
      vertex 79.7806 71.9442 6.01
      vertex 79.9714 71.854 6.01
    endloop
  endfacet
  facet normal 0 0 -1
    outer loop
      vertex 79.582 67.9004 6.01
      vertex 79.7806 71.9442 6.01
      vertex 79.7806 67.9715 6.01
    endloop
  endfacet
  facet normal 0 0 -1
    outer loop
      vertex 79.582 67.9004 6.01
      vertex 79.582 72.0153 6.01
      vertex 79.7806 71.9442 6.01
    endloop
  endfacet
  facet normal 0 0 -1
    outer loop
      vertex 79.3773 67.8492 6.01
      vertex 79.582 72.0153 6.01
      vertex 79.582 67.9004 6.01
    endloop
  endfacet
  facet normal 0 0 -1
    outer loop
      vertex 79.3773 67.8492 6.01
      vertex 79.3773 72.0666 6.01
      vertex 79.582 72.0153 6.01
    endloop
  endfacet
  facet normal 0 0 -1
    outer loop
      vertex 79.1686 67.8182 6.01
      vertex 79.3773 72.0666 6.01
      vertex 79.3773 67.8492 6.01
    endloop
  endfacet
  facet normal 0 0 -1
    outer loop
      vertex 79.1686 67.8182 6.01
      vertex 79.1686 72.0975 6.01
      vertex 79.3773 72.0666 6.01
    endloop
  endfacet
  facet normal 0 0 -1
    outer loop
      vertex 78.9579 67.8079 6.01
      vertex 79.1686 72.0975 6.01
      vertex 79.1686 67.8182 6.01
    endloop
  endfacet
  facet normal 0 0 -1
    outer loop
      vertex 78.9579 67.8079 6.01
      vertex 78.9579 72.1079 6.01
      vertex 79.1686 72.0975 6.01
    endloop
  endfacet
  facet normal 0 0 -1
    outer loop
      vertex 78.7471 67.8182 6.01
      vertex 78.9579 72.1079 6.01
      vertex 78.9579 67.8079 6.01
    endloop
  endfacet
  facet normal 0 0 -1
    outer loop
      vertex 78.7471 67.8182 6.01
      vertex 78.7471 72.0975 6.01
      vertex 78.9579 72.1079 6.01
    endloop
  endfacet
  facet normal 0 0 -1
    outer loop
      vertex 78.5384 67.8492 6.01
      vertex 78.7471 72.0975 6.01
      vertex 78.7471 67.8182 6.01
    endloop
  endfacet
  facet normal 0 0 -1
    outer loop
      vertex 78.5384 67.8492 6.01
      vertex 78.5384 72.0666 6.01
      vertex 78.7471 72.0975 6.01
    endloop
  endfacet
  facet normal 0 0 -1
    outer loop
      vertex 78.3337 67.9004 6.01
      vertex 78.5384 72.0666 6.01
      vertex 78.5384 67.8492 6.01
    endloop
  endfacet
  facet normal 0 0 -1
    outer loop
      vertex 78.3337 67.9004 6.01
      vertex 78.3337 72.0153 6.01
      vertex 78.5384 72.0666 6.01
    endloop
  endfacet
  facet normal 0 0 -1
    outer loop
      vertex 78.1351 67.9715 6.01
      vertex 78.3337 72.0153 6.01
      vertex 78.3337 67.9004 6.01
    endloop
  endfacet
  facet normal 0 0 -1
    outer loop
      vertex 78.1351 67.9715 6.01
      vertex 78.1351 71.9442 6.01
      vertex 78.3337 72.0153 6.01
    endloop
  endfacet
  facet normal 0 0 -1
    outer loop
      vertex 77.9444 68.0617 6.01
      vertex 78.1351 71.9442 6.01
      vertex 78.1351 67.9715 6.01
    endloop
  endfacet
  facet normal 0 0 -1
    outer loop
      vertex 77.9444 68.0617 6.01
      vertex 77.9444 71.854 6.01
      vertex 78.1351 71.9442 6.01
    endloop
  endfacet
  facet normal 0 0 -1
    outer loop
      vertex 77.7634 68.1702 6.01
      vertex 77.9444 71.854 6.01
      vertex 77.9444 68.0617 6.01
    endloop
  endfacet
  facet normal 0 0 -1
    outer loop
      vertex 77.7634 68.1702 6.01
      vertex 77.7634 71.7455 6.01
      vertex 77.9444 71.854 6.01
    endloop
  endfacet
  facet normal 0 0 -1
    outer loop
      vertex 77.5939 68.2959 6.01
      vertex 77.7634 71.7455 6.01
      vertex 77.7634 68.1702 6.01
    endloop
  endfacet
  facet normal 0 0 -1
    outer loop
      vertex 77.5939 68.2959 6.01
      vertex 77.5939 71.6198 6.01
      vertex 77.7634 71.7455 6.01
    endloop
  endfacet
  facet normal 0 0 -1
    outer loop
      vertex 77.4376 68.4376 6.01
      vertex 77.5939 71.6198 6.01
      vertex 77.5939 68.2959 6.01
    endloop
  endfacet
  facet normal 0 0 -1
    outer loop
      vertex 77.4376 68.4376 6.01
      vertex 77.4376 71.4781 6.01
      vertex 77.5939 71.6198 6.01
    endloop
  endfacet
  facet normal 0 0 -1
    outer loop
      vertex 77.2959 68.5939 6.01
      vertex 77.4376 71.4781 6.01
      vertex 77.4376 68.4376 6.01
    endloop
  endfacet
  facet normal 0 0 -1
    outer loop
      vertex 77.2959 68.5939 6.01
      vertex 77.2959 71.3218 6.01
      vertex 77.4376 71.4781 6.01
    endloop
  endfacet
  facet normal 0 0 -1
    outer loop
      vertex 77.1702 68.7634 6.01
      vertex 77.2959 71.3218 6.01
      vertex 77.2959 68.5939 6.01
    endloop
  endfacet
  facet normal 0 0 -1
    outer loop
      vertex 77.1702 68.7634 6.01
      vertex 77.1702 71.1523 6.01
      vertex 77.2959 71.3218 6.01
    endloop
  endfacet
  facet normal 0 0 -1
    outer loop
      vertex 77.0617 68.9444 6.01
      vertex 77.1702 71.1523 6.01
      vertex 77.1702 68.7634 6.01
    endloop
  endfacet
  facet normal 0 0 -1
    outer loop
      vertex 77.0617 68.9444 6.01
      vertex 77.0617 70.9714 6.01
      vertex 77.1702 71.1523 6.01
    endloop
  endfacet
  facet normal 0 0 -1
    outer loop
      vertex 76.9715 69.1351 6.01
      vertex 77.0617 70.9714 6.01
      vertex 77.0617 68.9444 6.01
    endloop
  endfacet
  facet normal 0 0 -1
    outer loop
      vertex 76.9715 69.1351 6.01
      vertex 76.9715 70.7806 6.01
      vertex 77.0617 70.9714 6.01
    endloop
  endfacet
  facet normal 0 0 -1
    outer loop
      vertex 76.9004 69.3337 6.01
      vertex 76.9715 70.7806 6.01
      vertex 76.9715 69.1351 6.01
    endloop
  endfacet
  facet normal 0 0 -1
    outer loop
      vertex 76.9004 69.3337 6.01
      vertex 76.9004 70.582 6.01
      vertex 76.9715 70.7806 6.01
    endloop
  endfacet
  facet normal 0 0 -1
    outer loop
      vertex 76.8492 69.5384 6.01
      vertex 76.9004 70.582 6.01
      vertex 76.9004 69.3337 6.01
    endloop
  endfacet
  facet normal 0 0 -1
    outer loop
      vertex 76.8492 69.5384 6.01
      vertex 76.8492 70.3773 6.01
      vertex 76.9004 70.582 6.01
    endloop
  endfacet
  facet normal 0 0 -1
    outer loop
      vertex 76.8182 69.7471 6.01
      vertex 76.8492 70.3773 6.01
      vertex 76.8492 69.5384 6.01
    endloop
  endfacet
  facet normal 0 0 -1
    outer loop
      vertex 76.8182 69.7471 6.01
      vertex 76.8182 70.1686 6.01
      vertex 76.8492 70.3773 6.01
    endloop
  endfacet
  facet normal 0 -0 -1
    outer loop
      vertex 76.8182 70.1686 6.01
      vertex 76.8182 69.7471 6.01
      vertex 76.8079 69.9579 6.01
    endloop
  endfacet
  facet normal 0.427541 -0.903996 0
    outer loop
      vertex -80.0185 -88.9735 0
      vertex -79.8189 -88.8791 27.84
      vertex -80.0185 -88.9735 27.84
    endloop
  endfacet
  facet normal 0.427541 -0.903996 0
    outer loop
      vertex -79.8189 -88.8791 27.84
      vertex -80.0185 -88.9735 0
      vertex -79.8189 -88.8791 0
    endloop
  endfacet
  facet normal -0.989174 -0.146746 0
    outer loop
      vertex -76.7187 -90.7373 0
      vertex -76.7511 -90.5189 27.84
      vertex -76.7511 -90.5189 0
    endloop
  endfacet
  facet normal -0.989174 -0.146746 0
    outer loop
      vertex -76.7511 -90.5189 27.84
      vertex -76.7187 -90.7373 0
      vertex -76.7187 -90.7373 27.84
    endloop
  endfacet
  facet normal -0.998804 -0.0488988 0
    outer loop
      vertex -76.7079 -90.9579 0
      vertex -76.7187 -90.7373 27.84
      vertex -76.7187 -90.7373 0
    endloop
  endfacet
  facet normal -0.998804 -0.0488988 0
    outer loop
      vertex -76.7187 -90.7373 27.84
      vertex -76.7079 -90.9579 0
      vertex -76.7079 -90.9579 27.84
    endloop
  endfacet
  facet normal -0.970089 -0.242749 0
    outer loop
      vertex -76.7511 -90.5189 0
      vertex -76.8047 -90.3047 27.84
      vertex -76.8047 -90.3047 0
    endloop
  endfacet
  facet normal -0.970089 -0.242749 0
    outer loop
      vertex -76.8047 -90.3047 27.84
      vertex -76.7511 -90.5189 0
      vertex -76.7511 -90.5189 27.84
    endloop
  endfacet
  facet normal 0.514029 0.857773 -0
    outer loop
      vertex -80.0185 -92.9422 0
      vertex -80.2079 -92.8287 27.84
      vertex -80.0185 -92.9422 27.84
    endloop
  endfacet
  facet normal 0.514029 0.857773 0
    outer loop
      vertex -80.2079 -92.8287 27.84
      vertex -80.0185 -92.9422 0
      vertex -80.2079 -92.8287 0
    endloop
  endfacet
  facet normal -0.336939 -0.941527 0
    outer loop
      vertex -78.3047 -88.8047 0
      vertex -78.0968 -88.8791 27.84
      vertex -78.3047 -88.8047 27.84
    endloop
  endfacet
  facet normal -0.336939 -0.941527 -0
    outer loop
      vertex -78.0968 -88.8791 27.84
      vertex -78.3047 -88.8047 0
      vertex -78.0968 -88.8791 0
    endloop
  endfacet
  facet normal -0.0488988 -0.998804 0
    outer loop
      vertex -78.9579 -88.7079 0
      vertex -78.7373 -88.7187 27.84
      vertex -78.9579 -88.7079 27.84
    endloop
  endfacet
  facet normal -0.0488988 -0.998804 -0
    outer loop
      vertex -78.7373 -88.7187 27.84
      vertex -78.9579 -88.7079 0
      vertex -78.7373 -88.7187 0
    endloop
  endfacet
  facet normal 0.941527 0.336939 0
    outer loop
      vertex -81.0366 -91.8189 27.84
      vertex -81.111 -91.611 0
      vertex -81.111 -91.611 27.84
    endloop
  endfacet
  facet normal 0.941527 0.336939 0
    outer loop
      vertex -81.111 -91.611 0
      vertex -81.0366 -91.8189 27.84
      vertex -81.0366 -91.8189 0
    endloop
  endfacet
  facet normal 0.146746 -0.989174 0
    outer loop
      vertex -79.3968 -88.7511 0
      vertex -79.1784 -88.7187 27.84
      vertex -79.3968 -88.7511 27.84
    endloop
  endfacet
  facet normal 0.146746 -0.989174 0
    outer loop
      vertex -79.1784 -88.7187 27.84
      vertex -79.3968 -88.7511 0
      vertex -79.1784 -88.7187 0
    endloop
  endfacet
  facet normal -0.146746 0.989174 0
    outer loop
      vertex -78.5189 -93.1646 0
      vertex -78.7373 -93.197 27.84
      vertex -78.5189 -93.1646 27.84
    endloop
  endfacet
  facet normal -0.146746 0.989174 0
    outer loop
      vertex -78.7373 -93.197 27.84
      vertex -78.5189 -93.1646 0
      vertex -78.7373 -93.197 0
    endloop
  endfacet
  facet normal 0.741128 -0.671364 0
    outer loop
      vertex -80.6971 -89.5305 27.84
      vertex -80.5489 -89.3669 0
      vertex -80.5489 -89.3669 27.84
    endloop
  endfacet
  facet normal 0.741128 -0.671364 0
    outer loop
      vertex -80.5489 -89.3669 0
      vertex -80.6971 -89.5305 27.84
      vertex -80.6971 -89.5305 0
    endloop
  endfacet
  facet normal -0.514029 0.857773 0
    outer loop
      vertex -77.7078 -92.8287 0
      vertex -77.8972 -92.9422 27.84
      vertex -77.7078 -92.8287 27.84
    endloop
  endfacet
  facet normal -0.514029 0.857773 0
    outer loop
      vertex -77.8972 -92.9422 27.84
      vertex -77.7078 -92.8287 0
      vertex -77.8972 -92.9422 0
    endloop
  endfacet
  facet normal -0.803196 0.595715 0
    outer loop
      vertex -77.2186 -92.3852 0
      vertex -77.0871 -92.2079 27.84
      vertex -77.0871 -92.2079 0
    endloop
  endfacet
  facet normal -0.803196 0.595715 0
    outer loop
      vertex -77.0871 -92.2079 27.84
      vertex -77.2186 -92.3852 0
      vertex -77.2186 -92.3852 27.84
    endloop
  endfacet
  facet normal 0.514363 -0.857573 0
    outer loop
      vertex -80.2079 -89.0871 0
      vertex -80.0185 -88.9735 27.84
      vertex -80.2079 -89.0871 27.84
    endloop
  endfacet
  facet normal 0.514363 -0.857573 0
    outer loop
      vertex -80.0185 -88.9735 27.84
      vertex -80.2079 -89.0871 0
      vertex -80.0185 -88.9735 0
    endloop
  endfacet
  facet normal -0.989174 0.146746 0
    outer loop
      vertex -76.7511 -91.3968 0
      vertex -76.7187 -91.1784 27.84
      vertex -76.7187 -91.1784 0
    endloop
  endfacet
  facet normal -0.989174 0.146746 0
    outer loop
      vertex -76.7187 -91.1784 27.84
      vertex -76.7511 -91.3968 0
      vertex -76.7511 -91.3968 27.84
    endloop
  endfacet
  facet normal 0.146746 0.989174 -0
    outer loop
      vertex -79.1784 -93.197 0
      vertex -79.3968 -93.1646 27.84
      vertex -79.1784 -93.197 27.84
    endloop
  endfacet
  facet normal 0.146746 0.989174 0
    outer loop
      vertex -79.3968 -93.1646 27.84
      vertex -79.1784 -93.197 0
      vertex -79.3968 -93.1646 0
    endloop
  endfacet
  facet normal -0.427541 -0.903996 0
    outer loop
      vertex -78.0968 -88.8791 0
      vertex -77.8972 -88.9735 27.84
      vertex -78.0968 -88.8791 27.84
    endloop
  endfacet
  facet normal -0.427541 -0.903996 -0
    outer loop
      vertex -77.8972 -88.9735 27.84
      vertex -78.0968 -88.8791 0
      vertex -77.8972 -88.9735 0
    endloop
  endfacet
  facet normal 0.242749 0.970089 -0
    outer loop
      vertex -79.3968 -93.1646 0
      vertex -79.611 -93.111 27.84
      vertex -79.3968 -93.1646 27.84
    endloop
  endfacet
  facet normal 0.242749 0.970089 0
    outer loop
      vertex -79.611 -93.111 27.84
      vertex -79.3968 -93.1646 0
      vertex -79.611 -93.111 0
    endloop
  endfacet
  facet normal 0.970089 0.242749 0
    outer loop
      vertex -81.111 -91.611 27.84
      vertex -81.1646 -91.3968 0
      vertex -81.1646 -91.3968 27.84
    endloop
  endfacet
  facet normal 0.970089 0.242749 0
    outer loop
      vertex -81.1646 -91.3968 0
      vertex -81.111 -91.611 27.84
      vertex -81.111 -91.611 0
    endloop
  endfacet
  facet normal -0.336939 0.941527 0
    outer loop
      vertex -78.0968 -93.0366 0
      vertex -78.3047 -93.111 27.84
      vertex -78.0968 -93.0366 27.84
    endloop
  endfacet
  facet normal -0.336939 0.941527 0
    outer loop
      vertex -78.3047 -93.111 27.84
      vertex -78.0968 -93.0366 0
      vertex -78.3047 -93.111 0
    endloop
  endfacet
  facet normal -0.970089 0.242749 0
    outer loop
      vertex -76.8047 -91.611 0
      vertex -76.7511 -91.3968 27.84
      vertex -76.7511 -91.3968 0
    endloop
  endfacet
  facet normal -0.970089 0.242749 0
    outer loop
      vertex -76.7511 -91.3968 27.84
      vertex -76.8047 -91.611 0
      vertex -76.8047 -91.611 27.84
    endloop
  endfacet
  facet normal 0.857773 -0.514029 0
    outer loop
      vertex -80.9422 -89.8972 27.84
      vertex -80.8287 -89.7078 0
      vertex -80.8287 -89.7078 27.84
    endloop
  endfacet
  facet normal 0.857773 -0.514029 0
    outer loop
      vertex -80.8287 -89.7078 0
      vertex -80.9422 -89.8972 27.84
      vertex -80.9422 -89.8972 0
    endloop
  endfacet
  facet normal 0.427541 0.903996 -0
    outer loop
      vertex -79.8189 -93.0366 0
      vertex -80.0185 -92.9422 27.84
      vertex -79.8189 -93.0366 27.84
    endloop
  endfacet
  facet normal 0.427541 0.903996 0
    outer loop
      vertex -80.0185 -92.9422 27.84
      vertex -79.8189 -93.0366 0
      vertex -80.0185 -92.9422 0
    endloop
  endfacet
  facet normal 0.336939 -0.941527 0
    outer loop
      vertex -79.8189 -88.8791 0
      vertex -79.611 -88.8047 27.84
      vertex -79.8189 -88.8791 27.84
    endloop
  endfacet
  facet normal 0.336939 -0.941527 0
    outer loop
      vertex -79.611 -88.8047 27.84
      vertex -79.8189 -88.8791 0
      vertex -79.611 -88.8047 0
    endloop
  endfacet
  facet normal 0.595715 -0.803196 0
    outer loop
      vertex -80.3852 -89.2186 0
      vertex -80.2079 -89.0871 27.84
      vertex -80.3852 -89.2186 27.84
    endloop
  endfacet
  facet normal 0.595715 -0.803196 0
    outer loop
      vertex -80.2079 -89.0871 27.84
      vertex -80.3852 -89.2186 0
      vertex -80.2079 -89.0871 0
    endloop
  endfacet
  facet normal 0.242749 -0.970089 0
    outer loop
      vertex -79.611 -88.8047 0
      vertex -79.3968 -88.7511 27.84
      vertex -79.611 -88.8047 27.84
    endloop
  endfacet
  facet normal 0.242749 -0.970089 0
    outer loop
      vertex -79.3968 -88.7511 27.84
      vertex -79.611 -88.8047 0
      vertex -79.3968 -88.7511 0
    endloop
  endfacet
  facet normal -0.803196 -0.595715 0
    outer loop
      vertex -77.0871 -89.7078 0
      vertex -77.2186 -89.5305 27.84
      vertex -77.2186 -89.5305 0
    endloop
  endfacet
  facet normal -0.803196 -0.595715 0
    outer loop
      vertex -77.2186 -89.5305 27.84
      vertex -77.0871 -89.7078 0
      vertex -77.0871 -89.7078 27.84
    endloop
  endfacet
  facet normal -0.998803 0.0489209 0
    outer loop
      vertex -76.7187 -91.1784 0
      vertex -76.7079 -90.9579 27.84
      vertex -76.7079 -90.9579 0
    endloop
  endfacet
  facet normal -0.998803 0.0489209 0
    outer loop
      vertex -76.7079 -90.9579 27.84
      vertex -76.7187 -91.1784 0
      vertex -76.7187 -91.1784 27.84
    endloop
  endfacet
  facet normal -0.903996 0.427541 0
    outer loop
      vertex -76.9735 -92.0185 0
      vertex -76.8791 -91.8189 27.84
      vertex -76.8791 -91.8189 0
    endloop
  endfacet
  facet normal -0.903996 0.427541 0
    outer loop
      vertex -76.8791 -91.8189 27.84
      vertex -76.9735 -92.0185 0
      vertex -76.9735 -92.0185 27.84
    endloop
  endfacet
  facet normal -0.242749 -0.970089 0
    outer loop
      vertex -78.5189 -88.7511 0
      vertex -78.3047 -88.8047 27.84
      vertex -78.5189 -88.7511 27.84
    endloop
  endfacet
  facet normal -0.242749 -0.970089 -0
    outer loop
      vertex -78.3047 -88.8047 27.84
      vertex -78.5189 -88.7511 0
      vertex -78.3047 -88.8047 0
    endloop
  endfacet
  facet normal -0.671613 -0.740902 0
    outer loop
      vertex -77.5305 -89.2186 0
      vertex -77.3669 -89.3669 27.84
      vertex -77.5305 -89.2186 27.84
    endloop
  endfacet
  facet normal -0.671613 -0.740902 -0
    outer loop
      vertex -77.3669 -89.3669 27.84
      vertex -77.5305 -89.2186 0
      vertex -77.3669 -89.3669 0
    endloop
  endfacet
  facet normal -0.595715 -0.803196 0
    outer loop
      vertex -77.7078 -89.0871 0
      vertex -77.5305 -89.2186 27.84
      vertex -77.7078 -89.0871 27.84
    endloop
  endfacet
  facet normal -0.595715 -0.803196 -0
    outer loop
      vertex -77.5305 -89.2186 27.84
      vertex -77.7078 -89.0871 0
      vertex -77.5305 -89.2186 0
    endloop
  endfacet
  facet normal -0.514363 -0.857573 0
    outer loop
      vertex -77.8972 -88.9735 0
      vertex -77.7078 -89.0871 27.84
      vertex -77.8972 -88.9735 27.84
    endloop
  endfacet
  facet normal -0.514363 -0.857573 -0
    outer loop
      vertex -77.7078 -89.0871 27.84
      vertex -77.8972 -88.9735 0
      vertex -77.7078 -89.0871 0
    endloop
  endfacet
  facet normal -0.0493505 0.998782 0
    outer loop
      vertex -78.7373 -93.197 0
      vertex -78.9579 -93.2079 27.84
      vertex -78.7373 -93.197 27.84
    endloop
  endfacet
  facet normal -0.0493505 0.998782 0
    outer loop
      vertex -78.9579 -93.2079 27.84
      vertex -78.7373 -93.197 0
      vertex -78.9579 -93.2079 0
    endloop
  endfacet
  facet normal -0.941527 -0.336939 0
    outer loop
      vertex -76.8047 -90.3047 0
      vertex -76.8791 -90.0968 27.84
      vertex -76.8791 -90.0968 0
    endloop
  endfacet
  facet normal -0.941527 -0.336939 0
    outer loop
      vertex -76.8791 -90.0968 27.84
      vertex -76.8047 -90.3047 0
      vertex -76.8047 -90.3047 27.84
    endloop
  endfacet
  facet normal -0.857573 0.514363 0
    outer loop
      vertex -77.0871 -92.2079 0
      vertex -76.9735 -92.0185 27.84
      vertex -76.9735 -92.0185 0
    endloop
  endfacet
  facet normal -0.857573 0.514363 0
    outer loop
      vertex -76.9735 -92.0185 27.84
      vertex -77.0871 -92.2079 0
      vertex -77.0871 -92.2079 27.84
    endloop
  endfacet
  facet normal -0.941527 0.336939 0
    outer loop
      vertex -76.8791 -91.8189 0
      vertex -76.8047 -91.611 27.84
      vertex -76.8047 -91.611 0
    endloop
  endfacet
  facet normal -0.941527 0.336939 0
    outer loop
      vertex -76.8047 -91.611 27.84
      vertex -76.8791 -91.8189 0
      vertex -76.8791 -91.8189 27.84
    endloop
  endfacet
  facet normal 0.0489209 -0.998803 0
    outer loop
      vertex -79.1784 -88.7187 0
      vertex -78.9579 -88.7079 27.84
      vertex -79.1784 -88.7187 27.84
    endloop
  endfacet
  facet normal 0.0489209 -0.998803 0
    outer loop
      vertex -78.9579 -88.7079 27.84
      vertex -79.1784 -88.7187 0
      vertex -78.9579 -88.7079 0
    endloop
  endfacet
  facet normal -0.740902 -0.671613 0
    outer loop
      vertex -77.2186 -89.5305 0
      vertex -77.3669 -89.3669 27.84
      vertex -77.3669 -89.3669 0
    endloop
  endfacet
  facet normal -0.740902 -0.671613 0
    outer loop
      vertex -77.3669 -89.3669 27.84
      vertex -77.2186 -89.5305 0
      vertex -77.2186 -89.5305 27.84
    endloop
  endfacet
  facet normal -0.903996 -0.427541 0
    outer loop
      vertex -76.8791 -90.0968 0
      vertex -76.9735 -89.8972 27.84
      vertex -76.9735 -89.8972 0
    endloop
  endfacet
  facet normal -0.903996 -0.427541 0
    outer loop
      vertex -76.9735 -89.8972 27.84
      vertex -76.8791 -90.0968 0
      vertex -76.8791 -90.0968 27.84
    endloop
  endfacet
  facet normal 0.989174 -0.146746 0
    outer loop
      vertex -81.197 -90.7373 27.84
      vertex -81.1646 -90.5189 0
      vertex -81.1646 -90.5189 27.84
    endloop
  endfacet
  facet normal 0.989174 -0.146746 0
    outer loop
      vertex -81.1646 -90.5189 0
      vertex -81.197 -90.7373 27.84
      vertex -81.197 -90.7373 0
    endloop
  endfacet
  facet normal -0.857573 -0.514363 0
    outer loop
      vertex -76.9735 -89.8972 0
      vertex -77.0871 -89.7078 27.84
      vertex -77.0871 -89.7078 0
    endloop
  endfacet
  facet normal -0.857573 -0.514363 0
    outer loop
      vertex -77.0871 -89.7078 27.84
      vertex -76.9735 -89.8972 0
      vertex -76.9735 -89.8972 27.84
    endloop
  endfacet
  facet normal -0.146746 -0.989174 0
    outer loop
      vertex -78.7373 -88.7187 0
      vertex -78.5189 -88.7511 27.84
      vertex -78.7373 -88.7187 27.84
    endloop
  endfacet
  facet normal -0.146746 -0.989174 -0
    outer loop
      vertex -78.5189 -88.7511 27.84
      vertex -78.7373 -88.7187 0
      vertex -78.5189 -88.7511 0
    endloop
  endfacet
  facet normal 0.671387 -0.741107 0
    outer loop
      vertex -80.5489 -89.3669 0
      vertex -80.3852 -89.2186 27.84
      vertex -80.5489 -89.3669 27.84
    endloop
  endfacet
  facet normal 0.671387 -0.741107 0
    outer loop
      vertex -80.3852 -89.2186 27.84
      vertex -80.5489 -89.3669 0
      vertex -80.3852 -89.2186 0
    endloop
  endfacet
  facet normal 0.857773 0.514029 0
    outer loop
      vertex -80.8287 -92.2079 27.84
      vertex -80.9422 -92.0185 0
      vertex -80.9422 -92.0185 27.84
    endloop
  endfacet
  facet normal 0.857773 0.514029 0
    outer loop
      vertex -80.9422 -92.0185 0
      vertex -80.8287 -92.2079 27.84
      vertex -80.8287 -92.2079 0
    endloop
  endfacet
  facet normal 0.741332 0.671139 0
    outer loop
      vertex -80.5489 -92.5489 27.84
      vertex -80.6971 -92.3852 0
      vertex -80.6971 -92.3852 27.84
    endloop
  endfacet
  facet normal 0.741332 0.671139 0
    outer loop
      vertex -80.6971 -92.3852 0
      vertex -80.5489 -92.5489 27.84
      vertex -80.5489 -92.5489 0
    endloop
  endfacet
  facet normal 0.596007 0.802979 -0
    outer loop
      vertex -80.2079 -92.8287 0
      vertex -80.3852 -92.6971 27.84
      vertex -80.2079 -92.8287 27.84
    endloop
  endfacet
  facet normal 0.596007 0.802979 0
    outer loop
      vertex -80.3852 -92.6971 27.84
      vertex -80.2079 -92.8287 0
      vertex -80.3852 -92.6971 0
    endloop
  endfacet
  facet normal 0.989174 0.146746 0
    outer loop
      vertex -81.1646 -91.3968 27.84
      vertex -81.197 -91.1784 0
      vertex -81.197 -91.1784 27.84
    endloop
  endfacet
  facet normal 0.989174 0.146746 0
    outer loop
      vertex -81.197 -91.1784 0
      vertex -81.1646 -91.3968 27.84
      vertex -81.1646 -91.3968 0
    endloop
  endfacet
  facet normal 0.802979 0.596007 0
    outer loop
      vertex -80.6971 -92.3852 27.84
      vertex -80.8287 -92.2079 0
      vertex -80.8287 -92.2079 27.84
    endloop
  endfacet
  facet normal 0.802979 0.596007 0
    outer loop
      vertex -80.8287 -92.2079 0
      vertex -80.6971 -92.3852 27.84
      vertex -80.6971 -92.3852 0
    endloop
  endfacet
  facet normal -0.427541 0.903996 0
    outer loop
      vertex -77.8972 -92.9422 0
      vertex -78.0968 -93.0366 27.84
      vertex -77.8972 -92.9422 27.84
    endloop
  endfacet
  facet normal -0.427541 0.903996 0
    outer loop
      vertex -78.0968 -93.0366 27.84
      vertex -77.8972 -92.9422 0
      vertex -78.0968 -93.0366 0
    endloop
  endfacet
  facet normal 0.99878 0.0493728 0
    outer loop
      vertex -81.197 -91.1784 27.84
      vertex -81.2079 -90.9579 0
      vertex -81.2079 -90.9579 27.84
    endloop
  endfacet
  facet normal 0.99878 0.0493728 0
    outer loop
      vertex -81.2079 -90.9579 0
      vertex -81.197 -91.1784 27.84
      vertex -81.197 -91.1784 0
    endloop
  endfacet
  facet normal 0.941527 -0.336939 0
    outer loop
      vertex -81.111 -90.3047 27.84
      vertex -81.0366 -90.0968 0
      vertex -81.0366 -90.0968 27.84
    endloop
  endfacet
  facet normal 0.941527 -0.336939 0
    outer loop
      vertex -81.0366 -90.0968 0
      vertex -81.111 -90.3047 27.84
      vertex -81.111 -90.3047 0
    endloop
  endfacet
  facet normal 0.903996 0.427541 0
    outer loop
      vertex -80.9422 -92.0185 27.84
      vertex -81.0366 -91.8189 0
      vertex -81.0366 -91.8189 27.84
    endloop
  endfacet
  facet normal 0.903996 0.427541 0
    outer loop
      vertex -81.0366 -91.8189 0
      vertex -80.9422 -92.0185 27.84
      vertex -80.9422 -92.0185 0
    endloop
  endfacet
  facet normal -0.242749 0.970089 0
    outer loop
      vertex -78.3047 -93.111 0
      vertex -78.5189 -93.1646 27.84
      vertex -78.3047 -93.111 27.84
    endloop
  endfacet
  facet normal -0.242749 0.970089 0
    outer loop
      vertex -78.5189 -93.1646 27.84
      vertex -78.3047 -93.111 0
      vertex -78.5189 -93.1646 0
    endloop
  endfacet
  facet normal 0.802979 -0.596007 0
    outer loop
      vertex -80.8287 -89.7078 27.84
      vertex -80.6971 -89.5305 0
      vertex -80.6971 -89.5305 27.84
    endloop
  endfacet
  facet normal 0.802979 -0.596007 0
    outer loop
      vertex -80.6971 -89.5305 0
      vertex -80.8287 -89.7078 27.84
      vertex -80.8287 -89.7078 0
    endloop
  endfacet
  facet normal -0.596007 0.802979 0
    outer loop
      vertex -77.5305 -92.6971 0
      vertex -77.7078 -92.8287 27.84
      vertex -77.5305 -92.6971 27.84
    endloop
  endfacet
  facet normal -0.596007 0.802979 0
    outer loop
      vertex -77.7078 -92.8287 27.84
      vertex -77.5305 -92.6971 0
      vertex -77.7078 -92.8287 0
    endloop
  endfacet
  facet normal 0.970089 -0.242749 0
    outer loop
      vertex -81.1646 -90.5189 27.84
      vertex -81.111 -90.3047 0
      vertex -81.111 -90.3047 27.84
    endloop
  endfacet
  facet normal 0.970089 -0.242749 0
    outer loop
      vertex -81.111 -90.3047 0
      vertex -81.1646 -90.5189 27.84
      vertex -81.1646 -90.5189 0
    endloop
  endfacet
  facet normal 0.903996 -0.427541 0
    outer loop
      vertex -81.0366 -90.0968 27.84
      vertex -80.9422 -89.8972 0
      vertex -80.9422 -89.8972 27.84
    endloop
  endfacet
  facet normal 0.903996 -0.427541 0
    outer loop
      vertex -80.9422 -89.8972 0
      vertex -81.0366 -90.0968 27.84
      vertex -81.0366 -90.0968 0
    endloop
  endfacet
  facet normal 0.336939 0.941527 -0
    outer loop
      vertex -79.611 -93.111 0
      vertex -79.8189 -93.0366 27.84
      vertex -79.611 -93.111 27.84
    endloop
  endfacet
  facet normal 0.336939 0.941527 0
    outer loop
      vertex -79.8189 -93.0366 27.84
      vertex -79.611 -93.111 0
      vertex -79.8189 -93.0366 0
    endloop
  endfacet
  facet normal 0.0493728 0.99878 -0
    outer loop
      vertex -78.9579 -93.2079 0
      vertex -79.1784 -93.197 27.84
      vertex -78.9579 -93.2079 27.84
    endloop
  endfacet
  facet normal 0.0493728 0.99878 0
    outer loop
      vertex -79.1784 -93.197 27.84
      vertex -78.9579 -93.2079 0
      vertex -79.1784 -93.197 0
    endloop
  endfacet
  facet normal 0.998782 -0.0493505 0
    outer loop
      vertex -81.2079 -90.9579 27.84
      vertex -81.197 -90.7373 0
      vertex -81.197 -90.7373 27.84
    endloop
  endfacet
  facet normal 0.998782 -0.0493505 0
    outer loop
      vertex -81.197 -90.7373 0
      vertex -81.2079 -90.9579 27.84
      vertex -81.2079 -90.9579 0
    endloop
  endfacet
  facet normal 0.671139 0.741332 -0
    outer loop
      vertex -80.3852 -92.6971 0
      vertex -80.5489 -92.5489 27.84
      vertex -80.3852 -92.6971 27.84
    endloop
  endfacet
  facet normal 0.671139 0.741332 0
    outer loop
      vertex -80.5489 -92.5489 27.84
      vertex -80.3852 -92.6971 0
      vertex -80.5489 -92.5489 0
    endloop
  endfacet
  facet normal -0.741107 0.671387 0
    outer loop
      vertex -77.3669 -92.5489 0
      vertex -77.2186 -92.3852 27.84
      vertex -77.2186 -92.3852 0
    endloop
  endfacet
  facet normal -0.741107 0.671387 0
    outer loop
      vertex -77.2186 -92.3852 27.84
      vertex -77.3669 -92.5489 0
      vertex -77.3669 -92.5489 27.84
    endloop
  endfacet
  facet normal -0.671364 0.741128 0
    outer loop
      vertex -77.3669 -92.5489 0
      vertex -77.5305 -92.6971 27.84
      vertex -77.3669 -92.5489 27.84
    endloop
  endfacet
  facet normal -0.671364 0.741128 0
    outer loop
      vertex -77.5305 -92.6971 27.84
      vertex -77.3669 -92.5489 0
      vertex -77.5305 -92.6971 0
    endloop
  endfacet
  facet normal 0.336939 0.941527 -0
    outer loop
      vertex -79.611 88.8047 0
      vertex -79.8189 88.8791 27.84
      vertex -79.611 88.8047 27.84
    endloop
  endfacet
  facet normal 0.336939 0.941527 0
    outer loop
      vertex -79.8189 88.8791 27.84
      vertex -79.611 88.8047 0
      vertex -79.8189 88.8791 0
    endloop
  endfacet
  facet normal 0.596007 -0.802979 0
    outer loop
      vertex -80.3852 92.6971 0
      vertex -80.2079 92.8287 27.84
      vertex -80.3852 92.6971 27.84
    endloop
  endfacet
  facet normal 0.596007 -0.802979 0
    outer loop
      vertex -80.2079 92.8287 27.84
      vertex -80.3852 92.6971 0
      vertex -80.2079 92.8287 0
    endloop
  endfacet
  facet normal -0.989174 -0.146746 0
    outer loop
      vertex -76.7187 91.1784 0
      vertex -76.7511 91.3968 27.84
      vertex -76.7511 91.3968 0
    endloop
  endfacet
  facet normal -0.989174 -0.146746 0
    outer loop
      vertex -76.7511 91.3968 27.84
      vertex -76.7187 91.1784 0
      vertex -76.7187 91.1784 27.84
    endloop
  endfacet
  facet normal -0.998803 -0.0489209 0
    outer loop
      vertex -76.7079 90.9579 0
      vertex -76.7187 91.1784 27.84
      vertex -76.7187 91.1784 0
    endloop
  endfacet
  facet normal -0.998803 -0.0489209 0
    outer loop
      vertex -76.7187 91.1784 27.84
      vertex -76.7079 90.9579 0
      vertex -76.7079 90.9579 27.84
    endloop
  endfacet
  facet normal -0.970089 -0.242749 0
    outer loop
      vertex -76.7511 91.3968 0
      vertex -76.8047 91.611 27.84
      vertex -76.8047 91.611 0
    endloop
  endfacet
  facet normal -0.970089 -0.242749 0
    outer loop
      vertex -76.8047 91.611 27.84
      vertex -76.7511 91.3968 0
      vertex -76.7511 91.3968 27.84
    endloop
  endfacet
  facet normal -0.146746 -0.989174 0
    outer loop
      vertex -78.7373 93.197 0
      vertex -78.5189 93.1646 27.84
      vertex -78.7373 93.197 27.84
    endloop
  endfacet
  facet normal -0.146746 -0.989174 -0
    outer loop
      vertex -78.5189 93.1646 27.84
      vertex -78.7373 93.197 0
      vertex -78.5189 93.1646 0
    endloop
  endfacet
  facet normal 0.146746 -0.989174 0
    outer loop
      vertex -79.3968 93.1646 0
      vertex -79.1784 93.197 27.84
      vertex -79.3968 93.1646 27.84
    endloop
  endfacet
  facet normal 0.146746 -0.989174 0
    outer loop
      vertex -79.1784 93.197 27.84
      vertex -79.3968 93.1646 0
      vertex -79.1784 93.197 0
    endloop
  endfacet
  facet normal -0.803196 -0.595715 0
    outer loop
      vertex -77.0871 92.2079 0
      vertex -77.2186 92.3852 27.84
      vertex -77.2186 92.3852 0
    endloop
  endfacet
  facet normal -0.803196 -0.595715 0
    outer loop
      vertex -77.2186 92.3852 27.84
      vertex -77.0871 92.2079 0
      vertex -77.0871 92.2079 27.84
    endloop
  endfacet
  facet normal -0.514363 0.857573 0
    outer loop
      vertex -77.7078 89.0871 0
      vertex -77.8972 88.9735 27.84
      vertex -77.7078 89.0871 27.84
    endloop
  endfacet
  facet normal -0.514363 0.857573 0
    outer loop
      vertex -77.8972 88.9735 27.84
      vertex -77.7078 89.0871 0
      vertex -77.8972 88.9735 0
    endloop
  endfacet
  facet normal -0.596007 -0.802979 0
    outer loop
      vertex -77.7078 92.8287 0
      vertex -77.5305 92.6971 27.84
      vertex -77.7078 92.8287 27.84
    endloop
  endfacet
  facet normal -0.596007 -0.802979 -0
    outer loop
      vertex -77.5305 92.6971 27.84
      vertex -77.7078 92.8287 0
      vertex -77.5305 92.6971 0
    endloop
  endfacet
  facet normal -0.998804 0.0488988 0
    outer loop
      vertex -76.7187 90.7373 0
      vertex -76.7079 90.9579 27.84
      vertex -76.7079 90.9579 0
    endloop
  endfacet
  facet normal -0.998804 0.0488988 0
    outer loop
      vertex -76.7079 90.9579 27.84
      vertex -76.7187 90.7373 0
      vertex -76.7187 90.7373 27.84
    endloop
  endfacet
  facet normal 0.242749 -0.970089 0
    outer loop
      vertex -79.611 93.111 0
      vertex -79.3968 93.1646 27.84
      vertex -79.611 93.111 27.84
    endloop
  endfacet
  facet normal 0.242749 -0.970089 0
    outer loop
      vertex -79.3968 93.1646 27.84
      vertex -79.611 93.111 0
      vertex -79.3968 93.1646 0
    endloop
  endfacet
  facet normal -0.427541 -0.903996 0
    outer loop
      vertex -78.0968 93.0366 0
      vertex -77.8972 92.9422 27.84
      vertex -78.0968 93.0366 27.84
    endloop
  endfacet
  facet normal -0.427541 -0.903996 -0
    outer loop
      vertex -77.8972 92.9422 27.84
      vertex -78.0968 93.0366 0
      vertex -77.8972 92.9422 0
    endloop
  endfacet
  facet normal 0.242749 0.970089 -0
    outer loop
      vertex -79.3968 88.7511 0
      vertex -79.611 88.8047 27.84
      vertex -79.3968 88.7511 27.84
    endloop
  endfacet
  facet normal 0.242749 0.970089 0
    outer loop
      vertex -79.611 88.8047 27.84
      vertex -79.3968 88.7511 0
      vertex -79.611 88.8047 0
    endloop
  endfacet
  facet normal 0.989174 0.146746 0
    outer loop
      vertex -81.1646 90.5189 27.84
      vertex -81.197 90.7373 0
      vertex -81.197 90.7373 27.84
    endloop
  endfacet
  facet normal 0.989174 0.146746 0
    outer loop
      vertex -81.197 90.7373 0
      vertex -81.1646 90.5189 27.84
      vertex -81.1646 90.5189 0
    endloop
  endfacet
  facet normal -0.671613 0.740902 0
    outer loop
      vertex -77.3669 89.3669 0
      vertex -77.5305 89.2186 27.84
      vertex -77.3669 89.3669 27.84
    endloop
  endfacet
  facet normal -0.671613 0.740902 0
    outer loop
      vertex -77.5305 89.2186 27.84
      vertex -77.3669 89.3669 0
      vertex -77.5305 89.2186 0
    endloop
  endfacet
  facet normal 0.427541 -0.903996 0
    outer loop
      vertex -80.0185 92.9422 0
      vertex -79.8189 93.0366 27.84
      vertex -80.0185 92.9422 27.84
    endloop
  endfacet
  facet normal 0.427541 -0.903996 0
    outer loop
      vertex -79.8189 93.0366 27.84
      vertex -80.0185 92.9422 0
      vertex -79.8189 93.0366 0
    endloop
  endfacet
  facet normal -0.336939 0.941527 0
    outer loop
      vertex -78.0968 88.8791 0
      vertex -78.3047 88.8047 27.84
      vertex -78.0968 88.8791 27.84
    endloop
  endfacet
  facet normal -0.336939 0.941527 0
    outer loop
      vertex -78.3047 88.8047 27.84
      vertex -78.0968 88.8791 0
      vertex -78.3047 88.8047 0
    endloop
  endfacet
  facet normal 0.903996 -0.427541 0
    outer loop
      vertex -81.0366 91.8189 27.84
      vertex -80.9422 92.0185 0
      vertex -80.9422 92.0185 27.84
    endloop
  endfacet
  facet normal 0.903996 -0.427541 0
    outer loop
      vertex -80.9422 92.0185 0
      vertex -81.0366 91.8189 27.84
      vertex -81.0366 91.8189 0
    endloop
  endfacet
  facet normal 0.802979 0.596007 0
    outer loop
      vertex -80.6971 89.5305 27.84
      vertex -80.8287 89.7078 0
      vertex -80.8287 89.7078 27.84
    endloop
  endfacet
  facet normal 0.802979 0.596007 0
    outer loop
      vertex -80.8287 89.7078 0
      vertex -80.6971 89.5305 27.84
      vertex -80.6971 89.5305 0
    endloop
  endfacet
  facet normal 0.514363 0.857573 -0
    outer loop
      vertex -80.0185 88.9735 0
      vertex -80.2079 89.0871 27.84
      vertex -80.0185 88.9735 27.84
    endloop
  endfacet
  facet normal 0.514363 0.857573 0
    outer loop
      vertex -80.2079 89.0871 27.84
      vertex -80.0185 88.9735 0
      vertex -80.2079 89.0871 0
    endloop
  endfacet
  facet normal -0.803196 0.595715 0
    outer loop
      vertex -77.2186 89.5305 0
      vertex -77.0871 89.7078 27.84
      vertex -77.0871 89.7078 0
    endloop
  endfacet
  facet normal -0.803196 0.595715 0
    outer loop
      vertex -77.0871 89.7078 27.84
      vertex -77.2186 89.5305 0
      vertex -77.2186 89.5305 27.84
    endloop
  endfacet
  facet normal 0.514029 -0.857773 0
    outer loop
      vertex -80.2079 92.8287 0
      vertex -80.0185 92.9422 27.84
      vertex -80.2079 92.8287 27.84
    endloop
  endfacet
  facet normal 0.514029 -0.857773 0
    outer loop
      vertex -80.0185 92.9422 27.84
      vertex -80.2079 92.8287 0
      vertex -80.0185 92.9422 0
    endloop
  endfacet
  facet normal 0.427541 0.903996 -0
    outer loop
      vertex -79.8189 88.8791 0
      vertex -80.0185 88.9735 27.84
      vertex -79.8189 88.8791 27.84
    endloop
  endfacet
  facet normal 0.427541 0.903996 0
    outer loop
      vertex -80.0185 88.9735 27.84
      vertex -79.8189 88.8791 0
      vertex -80.0185 88.9735 0
    endloop
  endfacet
  facet normal 0.595715 0.803196 -0
    outer loop
      vertex -80.2079 89.0871 0
      vertex -80.3852 89.2186 27.84
      vertex -80.2079 89.0871 27.84
    endloop
  endfacet
  facet normal 0.595715 0.803196 0
    outer loop
      vertex -80.3852 89.2186 27.84
      vertex -80.2079 89.0871 0
      vertex -80.3852 89.2186 0
    endloop
  endfacet
  facet normal -0.336939 -0.941527 0
    outer loop
      vertex -78.3047 93.111 0
      vertex -78.0968 93.0366 27.84
      vertex -78.3047 93.111 27.84
    endloop
  endfacet
  facet normal -0.336939 -0.941527 -0
    outer loop
      vertex -78.0968 93.0366 27.84
      vertex -78.3047 93.111 0
      vertex -78.0968 93.0366 0
    endloop
  endfacet
  facet normal 0.741128 0.671364 0
    outer loop
      vertex -80.5489 89.3669 27.84
      vertex -80.6971 89.5305 0
      vertex -80.6971 89.5305 27.84
    endloop
  endfacet
  facet normal 0.741128 0.671364 0
    outer loop
      vertex -80.6971 89.5305 0
      vertex -80.5489 89.3669 27.84
      vertex -80.5489 89.3669 0
    endloop
  endfacet
  facet normal 0.336939 -0.941527 0
    outer loop
      vertex -79.8189 93.0366 0
      vertex -79.611 93.111 27.84
      vertex -79.8189 93.0366 27.84
    endloop
  endfacet
  facet normal 0.336939 -0.941527 0
    outer loop
      vertex -79.611 93.111 27.84
      vertex -79.8189 93.0366 0
      vertex -79.611 93.111 0
    endloop
  endfacet
  facet normal 0.903996 0.427541 0
    outer loop
      vertex -80.9422 89.8972 27.84
      vertex -81.0366 90.0968 0
      vertex -81.0366 90.0968 27.84
    endloop
  endfacet
  facet normal 0.903996 0.427541 0
    outer loop
      vertex -81.0366 90.0968 0
      vertex -80.9422 89.8972 27.84
      vertex -80.9422 89.8972 0
    endloop
  endfacet
  facet normal 0.941527 0.336939 0
    outer loop
      vertex -81.0366 90.0968 27.84
      vertex -81.111 90.3047 0
      vertex -81.111 90.3047 27.84
    endloop
  endfacet
  facet normal 0.941527 0.336939 0
    outer loop
      vertex -81.111 90.3047 0
      vertex -81.0366 90.0968 27.84
      vertex -81.0366 90.0968 0
    endloop
  endfacet
  facet normal -0.903996 -0.427541 0
    outer loop
      vertex -76.8791 91.8189 0
      vertex -76.9735 92.0185 27.84
      vertex -76.9735 92.0185 0
    endloop
  endfacet
  facet normal -0.903996 -0.427541 0
    outer loop
      vertex -76.9735 92.0185 27.84
      vertex -76.8791 91.8189 0
      vertex -76.8791 91.8189 27.84
    endloop
  endfacet
  facet normal 0.970089 0.242749 0
    outer loop
      vertex -81.111 90.3047 27.84
      vertex -81.1646 90.5189 0
      vertex -81.1646 90.5189 27.84
    endloop
  endfacet
  facet normal 0.970089 0.242749 0
    outer loop
      vertex -81.1646 90.5189 0
      vertex -81.111 90.3047 27.84
      vertex -81.111 90.3047 0
    endloop
  endfacet
  facet normal -0.671364 -0.741128 0
    outer loop
      vertex -77.5305 92.6971 0
      vertex -77.3669 92.5489 27.84
      vertex -77.5305 92.6971 27.84
    endloop
  endfacet
  facet normal -0.671364 -0.741128 -0
    outer loop
      vertex -77.3669 92.5489 27.84
      vertex -77.5305 92.6971 0
      vertex -77.3669 92.5489 0
    endloop
  endfacet
  facet normal -0.970089 0.242749 0
    outer loop
      vertex -76.8047 90.3047 0
      vertex -76.7511 90.5189 27.84
      vertex -76.7511 90.5189 0
    endloop
  endfacet
  facet normal -0.970089 0.242749 0
    outer loop
      vertex -76.7511 90.5189 27.84
      vertex -76.8047 90.3047 0
      vertex -76.8047 90.3047 27.84
    endloop
  endfacet
  facet normal -0.740902 0.671613 0
    outer loop
      vertex -77.3669 89.3669 0
      vertex -77.2186 89.5305 27.84
      vertex -77.2186 89.5305 0
    endloop
  endfacet
  facet normal -0.740902 0.671613 0
    outer loop
      vertex -77.2186 89.5305 27.84
      vertex -77.3669 89.3669 0
      vertex -77.3669 89.3669 27.84
    endloop
  endfacet
  facet normal -0.146746 0.989174 0
    outer loop
      vertex -78.5189 88.7511 0
      vertex -78.7373 88.7187 27.84
      vertex -78.5189 88.7511 27.84
    endloop
  endfacet
  facet normal -0.146746 0.989174 0
    outer loop
      vertex -78.7373 88.7187 27.84
      vertex -78.5189 88.7511 0
      vertex -78.7373 88.7187 0
    endloop
  endfacet
  facet normal 0.989174 -0.146746 0
    outer loop
      vertex -81.197 91.1784 27.84
      vertex -81.1646 91.3968 0
      vertex -81.1646 91.3968 27.84
    endloop
  endfacet
  facet normal 0.989174 -0.146746 0
    outer loop
      vertex -81.1646 91.3968 0
      vertex -81.197 91.1784 27.84
      vertex -81.197 91.1784 0
    endloop
  endfacet
  facet normal -0.514029 -0.857773 0
    outer loop
      vertex -77.8972 92.9422 0
      vertex -77.7078 92.8287 27.84
      vertex -77.8972 92.9422 27.84
    endloop
  endfacet
  facet normal -0.514029 -0.857773 -0
    outer loop
      vertex -77.7078 92.8287 27.84
      vertex -77.8972 92.9422 0
      vertex -77.7078 92.8287 0
    endloop
  endfacet
  facet normal 0.970089 -0.242749 0
    outer loop
      vertex -81.1646 91.3968 27.84
      vertex -81.111 91.611 0
      vertex -81.111 91.611 27.84
    endloop
  endfacet
  facet normal 0.970089 -0.242749 0
    outer loop
      vertex -81.111 91.611 0
      vertex -81.1646 91.3968 27.84
      vertex -81.1646 91.3968 0
    endloop
  endfacet
  facet normal -0.941527 -0.336939 0
    outer loop
      vertex -76.8047 91.611 0
      vertex -76.8791 91.8189 27.84
      vertex -76.8791 91.8189 0
    endloop
  endfacet
  facet normal -0.941527 -0.336939 0
    outer loop
      vertex -76.8791 91.8189 27.84
      vertex -76.8047 91.611 0
      vertex -76.8047 91.611 27.84
    endloop
  endfacet
  facet normal -0.242749 -0.970089 0
    outer loop
      vertex -78.5189 93.1646 0
      vertex -78.3047 93.111 27.84
      vertex -78.5189 93.1646 27.84
    endloop
  endfacet
  facet normal -0.242749 -0.970089 -0
    outer loop
      vertex -78.3047 93.111 27.84
      vertex -78.5189 93.1646 0
      vertex -78.3047 93.111 0
    endloop
  endfacet
  facet normal -0.0493505 -0.998782 0
    outer loop
      vertex -78.9579 93.2079 0
      vertex -78.7373 93.197 27.84
      vertex -78.9579 93.2079 27.84
    endloop
  endfacet
  facet normal -0.0493505 -0.998782 -0
    outer loop
      vertex -78.7373 93.197 27.84
      vertex -78.9579 93.2079 0
      vertex -78.7373 93.197 0
    endloop
  endfacet
  facet normal -0.427541 0.903996 0
    outer loop
      vertex -77.8972 88.9735 0
      vertex -78.0968 88.8791 27.84
      vertex -77.8972 88.9735 27.84
    endloop
  endfacet
  facet normal -0.427541 0.903996 0
    outer loop
      vertex -78.0968 88.8791 27.84
      vertex -77.8972 88.9735 0
      vertex -78.0968 88.8791 0
    endloop
  endfacet
  facet normal 0.0493728 -0.99878 0
    outer loop
      vertex -79.1784 93.197 0
      vertex -78.9579 93.2079 27.84
      vertex -79.1784 93.197 27.84
    endloop
  endfacet
  facet normal 0.0493728 -0.99878 0
    outer loop
      vertex -78.9579 93.2079 27.84
      vertex -79.1784 93.197 0
      vertex -78.9579 93.2079 0
    endloop
  endfacet
  facet normal -0.989174 0.146746 0
    outer loop
      vertex -76.7511 90.5189 0
      vertex -76.7187 90.7373 27.84
      vertex -76.7187 90.7373 0
    endloop
  endfacet
  facet normal -0.989174 0.146746 0
    outer loop
      vertex -76.7187 90.7373 27.84
      vertex -76.7511 90.5189 0
      vertex -76.7511 90.5189 27.84
    endloop
  endfacet
  facet normal -0.857573 -0.514363 0
    outer loop
      vertex -76.9735 92.0185 0
      vertex -77.0871 92.2079 27.84
      vertex -77.0871 92.2079 0
    endloop
  endfacet
  facet normal -0.857573 -0.514363 0
    outer loop
      vertex -77.0871 92.2079 27.84
      vertex -76.9735 92.0185 0
      vertex -76.9735 92.0185 27.84
    endloop
  endfacet
  facet normal 0.671139 -0.741332 0
    outer loop
      vertex -80.5489 92.5489 0
      vertex -80.3852 92.6971 27.84
      vertex -80.5489 92.5489 27.84
    endloop
  endfacet
  facet normal 0.671139 -0.741332 0
    outer loop
      vertex -80.3852 92.6971 27.84
      vertex -80.5489 92.5489 0
      vertex -80.3852 92.6971 0
    endloop
  endfacet
  facet normal -0.242749 0.970089 0
    outer loop
      vertex -78.3047 88.8047 0
      vertex -78.5189 88.7511 27.84
      vertex -78.3047 88.8047 27.84
    endloop
  endfacet
  facet normal -0.242749 0.970089 0
    outer loop
      vertex -78.5189 88.7511 27.84
      vertex -78.3047 88.8047 0
      vertex -78.5189 88.7511 0
    endloop
  endfacet
  facet normal 0.0489209 0.998803 -0
    outer loop
      vertex -78.9579 88.7079 0
      vertex -79.1784 88.7187 27.84
      vertex -78.9579 88.7079 27.84
    endloop
  endfacet
  facet normal 0.0489209 0.998803 0
    outer loop
      vertex -79.1784 88.7187 27.84
      vertex -78.9579 88.7079 0
      vertex -79.1784 88.7187 0
    endloop
  endfacet
  facet normal 0.741332 -0.671139 0
    outer loop
      vertex -80.6971 92.3852 27.84
      vertex -80.5489 92.5489 0
      vertex -80.5489 92.5489 27.84
    endloop
  endfacet
  facet normal 0.741332 -0.671139 0
    outer loop
      vertex -80.5489 92.5489 0
      vertex -80.6971 92.3852 27.84
      vertex -80.6971 92.3852 0
    endloop
  endfacet
  facet normal 0.941527 -0.336939 0
    outer loop
      vertex -81.111 91.611 27.84
      vertex -81.0366 91.8189 0
      vertex -81.0366 91.8189 27.84
    endloop
  endfacet
  facet normal 0.941527 -0.336939 0
    outer loop
      vertex -81.0366 91.8189 0
      vertex -81.111 91.611 27.84
      vertex -81.111 91.611 0
    endloop
  endfacet
  facet normal -0.903996 0.427541 0
    outer loop
      vertex -76.9735 89.8972 0
      vertex -76.8791 90.0968 27.84
      vertex -76.8791 90.0968 0
    endloop
  endfacet
  facet normal -0.903996 0.427541 0
    outer loop
      vertex -76.8791 90.0968 27.84
      vertex -76.9735 89.8972 0
      vertex -76.9735 89.8972 27.84
    endloop
  endfacet
  facet normal -0.0488988 0.998804 0
    outer loop
      vertex -78.7373 88.7187 0
      vertex -78.9579 88.7079 27.84
      vertex -78.7373 88.7187 27.84
    endloop
  endfacet
  facet normal -0.0488988 0.998804 0
    outer loop
      vertex -78.9579 88.7079 27.84
      vertex -78.7373 88.7187 0
      vertex -78.9579 88.7079 0
    endloop
  endfacet
  facet normal 0.671387 0.741107 -0
    outer loop
      vertex -80.3852 89.2186 0
      vertex -80.5489 89.3669 27.84
      vertex -80.3852 89.2186 27.84
    endloop
  endfacet
  facet normal 0.671387 0.741107 0
    outer loop
      vertex -80.5489 89.3669 27.84
      vertex -80.3852 89.2186 0
      vertex -80.5489 89.3669 0
    endloop
  endfacet
  facet normal -0.941527 0.336939 0
    outer loop
      vertex -76.8791 90.0968 0
      vertex -76.8047 90.3047 27.84
      vertex -76.8047 90.3047 0
    endloop
  endfacet
  facet normal -0.941527 0.336939 0
    outer loop
      vertex -76.8047 90.3047 27.84
      vertex -76.8791 90.0968 0
      vertex -76.8791 90.0968 27.84
    endloop
  endfacet
  facet normal 0.99878 -0.0493728 0
    outer loop
      vertex -81.2079 90.9579 27.84
      vertex -81.197 91.1784 0
      vertex -81.197 91.1784 27.84
    endloop
  endfacet
  facet normal 0.99878 -0.0493728 0
    outer loop
      vertex -81.197 91.1784 0
      vertex -81.2079 90.9579 27.84
      vertex -81.2079 90.9579 0
    endloop
  endfacet
  facet normal -0.741107 -0.671387 0
    outer loop
      vertex -77.2186 92.3852 0
      vertex -77.3669 92.5489 27.84
      vertex -77.3669 92.5489 0
    endloop
  endfacet
  facet normal -0.741107 -0.671387 0
    outer loop
      vertex -77.3669 92.5489 27.84
      vertex -77.2186 92.3852 0
      vertex -77.2186 92.3852 27.84
    endloop
  endfacet
  facet normal -0.595715 0.803196 0
    outer loop
      vertex -77.5305 89.2186 0
      vertex -77.7078 89.0871 27.84
      vertex -77.5305 89.2186 27.84
    endloop
  endfacet
  facet normal -0.595715 0.803196 0
    outer loop
      vertex -77.7078 89.0871 27.84
      vertex -77.5305 89.2186 0
      vertex -77.7078 89.0871 0
    endloop
  endfacet
  facet normal -0.857573 0.514363 0
    outer loop
      vertex -77.0871 89.7078 0
      vertex -76.9735 89.8972 27.84
      vertex -76.9735 89.8972 0
    endloop
  endfacet
  facet normal -0.857573 0.514363 0
    outer loop
      vertex -76.9735 89.8972 27.84
      vertex -77.0871 89.7078 0
      vertex -77.0871 89.7078 27.84
    endloop
  endfacet
  facet normal 0.857773 -0.514029 0
    outer loop
      vertex -80.9422 92.0185 27.84
      vertex -80.8287 92.2079 0
      vertex -80.8287 92.2079 27.84
    endloop
  endfacet
  facet normal 0.857773 -0.514029 0
    outer loop
      vertex -80.8287 92.2079 0
      vertex -80.9422 92.0185 27.84
      vertex -80.9422 92.0185 0
    endloop
  endfacet
  facet normal 0.857773 0.514029 0
    outer loop
      vertex -80.8287 89.7078 27.84
      vertex -80.9422 89.8972 0
      vertex -80.9422 89.8972 27.84
    endloop
  endfacet
  facet normal 0.857773 0.514029 0
    outer loop
      vertex -80.9422 89.8972 0
      vertex -80.8287 89.7078 27.84
      vertex -80.8287 89.7078 0
    endloop
  endfacet
  facet normal 0.998782 0.0493505 0
    outer loop
      vertex -81.197 90.7373 27.84
      vertex -81.2079 90.9579 0
      vertex -81.2079 90.9579 27.84
    endloop
  endfacet
  facet normal 0.998782 0.0493505 0
    outer loop
      vertex -81.2079 90.9579 0
      vertex -81.197 90.7373 27.84
      vertex -81.197 90.7373 0
    endloop
  endfacet
  facet normal 0.146746 0.989174 -0
    outer loop
      vertex -79.1784 88.7187 0
      vertex -79.3968 88.7511 27.84
      vertex -79.1784 88.7187 27.84
    endloop
  endfacet
  facet normal 0.146746 0.989174 0
    outer loop
      vertex -79.3968 88.7511 27.84
      vertex -79.1784 88.7187 0
      vertex -79.3968 88.7511 0
    endloop
  endfacet
  facet normal 0.802979 -0.596007 0
    outer loop
      vertex -80.8287 92.2079 27.84
      vertex -80.6971 92.3852 0
      vertex -80.6971 92.3852 27.84
    endloop
  endfacet
  facet normal 0.802979 -0.596007 0
    outer loop
      vertex -80.6971 92.3852 0
      vertex -80.8287 92.2079 27.84
      vertex -80.8287 92.2079 0
    endloop
  endfacet
  facet normal 0.903996 0.427541 0
    outer loop
      vertex 76.9735 -92.0185 27.84
      vertex 76.8791 -91.8189 0
      vertex 76.8791 -91.8189 27.84
    endloop
  endfacet
  facet normal 0.903996 0.427541 0
    outer loop
      vertex 76.8791 -91.8189 0
      vertex 76.9735 -92.0185 27.84
      vertex 76.9735 -92.0185 0
    endloop
  endfacet
  facet normal -0.989174 -0.146746 0
    outer loop
      vertex 81.197 -90.7373 0
      vertex 81.1646 -90.5189 27.84
      vertex 81.1646 -90.5189 0
    endloop
  endfacet
  facet normal -0.989174 -0.146746 0
    outer loop
      vertex 81.1646 -90.5189 27.84
      vertex 81.197 -90.7373 0
      vertex 81.197 -90.7373 27.84
    endloop
  endfacet
  facet normal -0.998782 -0.0493505 0
    outer loop
      vertex 81.2079 -90.9579 0
      vertex 81.197 -90.7373 27.84
      vertex 81.197 -90.7373 0
    endloop
  endfacet
  facet normal -0.998782 -0.0493505 0
    outer loop
      vertex 81.197 -90.7373 27.84
      vertex 81.2079 -90.9579 0
      vertex 81.2079 -90.9579 27.84
    endloop
  endfacet
  facet normal -0.970089 -0.242749 0
    outer loop
      vertex 81.1646 -90.5189 0
      vertex 81.111 -90.3047 27.84
      vertex 81.111 -90.3047 0
    endloop
  endfacet
  facet normal -0.970089 -0.242749 0
    outer loop
      vertex 81.111 -90.3047 27.84
      vertex 81.1646 -90.5189 0
      vertex 81.1646 -90.5189 27.84
    endloop
  endfacet
  facet normal 0.427541 -0.903996 0
    outer loop
      vertex 77.8972 -88.9735 0
      vertex 78.0968 -88.8791 27.84
      vertex 77.8972 -88.9735 27.84
    endloop
  endfacet
  facet normal 0.427541 -0.903996 0
    outer loop
      vertex 78.0968 -88.8791 27.84
      vertex 77.8972 -88.9735 0
      vertex 78.0968 -88.8791 0
    endloop
  endfacet
  facet normal 0.857573 0.514363 0
    outer loop
      vertex 77.0871 -92.2079 27.84
      vertex 76.9735 -92.0185 0
      vertex 76.9735 -92.0185 27.84
    endloop
  endfacet
  facet normal 0.857573 0.514363 0
    outer loop
      vertex 76.9735 -92.0185 0
      vertex 77.0871 -92.2079 27.84
      vertex 77.0871 -92.2079 0
    endloop
  endfacet
  facet normal 0.242749 0.970089 -0
    outer loop
      vertex 78.5189 -93.1646 0
      vertex 78.3047 -93.111 27.84
      vertex 78.5189 -93.1646 27.84
    endloop
  endfacet
  facet normal 0.242749 0.970089 0
    outer loop
      vertex 78.3047 -93.111 27.84
      vertex 78.5189 -93.1646 0
      vertex 78.3047 -93.111 0
    endloop
  endfacet
  facet normal 0.514363 -0.857573 0
    outer loop
      vertex 77.7078 -89.0871 0
      vertex 77.8972 -88.9735 27.84
      vertex 77.7078 -89.0871 27.84
    endloop
  endfacet
  facet normal 0.514363 -0.857573 0
    outer loop
      vertex 77.8972 -88.9735 27.84
      vertex 77.7078 -89.0871 0
      vertex 77.8972 -88.9735 0
    endloop
  endfacet
  facet normal 0.427541 0.903996 -0
    outer loop
      vertex 78.0968 -93.0366 0
      vertex 77.8972 -92.9422 27.84
      vertex 78.0968 -93.0366 27.84
    endloop
  endfacet
  facet normal 0.427541 0.903996 0
    outer loop
      vertex 77.8972 -92.9422 27.84
      vertex 78.0968 -93.0366 0
      vertex 77.8972 -92.9422 0
    endloop
  endfacet
  facet normal 0.242749 -0.970089 0
    outer loop
      vertex 78.3047 -88.8047 0
      vertex 78.5189 -88.7511 27.84
      vertex 78.3047 -88.8047 27.84
    endloop
  endfacet
  facet normal 0.242749 -0.970089 0
    outer loop
      vertex 78.5189 -88.7511 27.84
      vertex 78.3047 -88.8047 0
      vertex 78.5189 -88.7511 0
    endloop
  endfacet
  facet normal 0.970089 -0.242749 0
    outer loop
      vertex 76.7511 -90.5189 27.84
      vertex 76.8047 -90.3047 0
      vertex 76.8047 -90.3047 27.84
    endloop
  endfacet
  facet normal 0.970089 -0.242749 0
    outer loop
      vertex 76.8047 -90.3047 0
      vertex 76.7511 -90.5189 27.84
      vertex 76.7511 -90.5189 0
    endloop
  endfacet
  facet normal -0.146746 0.989174 0
    outer loop
      vertex 79.3968 -93.1646 0
      vertex 79.1784 -93.197 27.84
      vertex 79.3968 -93.1646 27.84
    endloop
  endfacet
  facet normal -0.146746 0.989174 0
    outer loop
      vertex 79.1784 -93.197 27.84
      vertex 79.3968 -93.1646 0
      vertex 79.1784 -93.197 0
    endloop
  endfacet
  facet normal -0.595715 -0.803196 0
    outer loop
      vertex 80.2079 -89.0871 0
      vertex 80.3852 -89.2186 27.84
      vertex 80.2079 -89.0871 27.84
    endloop
  endfacet
  facet normal -0.595715 -0.803196 -0
    outer loop
      vertex 80.3852 -89.2186 27.84
      vertex 80.2079 -89.0871 0
      vertex 80.3852 -89.2186 0
    endloop
  endfacet
  facet normal -0.0489209 -0.998803 0
    outer loop
      vertex 78.9579 -88.7079 0
      vertex 79.1784 -88.7187 27.84
      vertex 78.9579 -88.7079 27.84
    endloop
  endfacet
  facet normal -0.0489209 -0.998803 -0
    outer loop
      vertex 79.1784 -88.7187 27.84
      vertex 78.9579 -88.7079 0
      vertex 79.1784 -88.7187 0
    endloop
  endfacet
  facet normal 0.941527 0.336939 0
    outer loop
      vertex 76.8791 -91.8189 27.84
      vertex 76.8047 -91.611 0
      vertex 76.8047 -91.611 27.84
    endloop
  endfacet
  facet normal 0.941527 0.336939 0
    outer loop
      vertex 76.8047 -91.611 0
      vertex 76.8791 -91.8189 27.84
      vertex 76.8791 -91.8189 0
    endloop
  endfacet
  facet normal -0.741332 0.671139 0
    outer loop
      vertex 80.5489 -92.5489 0
      vertex 80.6971 -92.3852 27.84
      vertex 80.6971 -92.3852 0
    endloop
  endfacet
  facet normal -0.741332 0.671139 0
    outer loop
      vertex 80.6971 -92.3852 27.84
      vertex 80.5489 -92.5489 0
      vertex 80.5489 -92.5489 27.84
    endloop
  endfacet
  facet normal -0.802979 -0.596007 0
    outer loop
      vertex 80.8287 -89.7078 0
      vertex 80.6971 -89.5305 27.84
      vertex 80.6971 -89.5305 0
    endloop
  endfacet
  facet normal -0.802979 -0.596007 0
    outer loop
      vertex 80.6971 -89.5305 27.84
      vertex 80.8287 -89.7078 0
      vertex 80.8287 -89.7078 27.84
    endloop
  endfacet
  facet normal -0.970089 0.242749 0
    outer loop
      vertex 81.111 -91.611 0
      vertex 81.1646 -91.3968 27.84
      vertex 81.1646 -91.3968 0
    endloop
  endfacet
  facet normal -0.970089 0.242749 0
    outer loop
      vertex 81.1646 -91.3968 27.84
      vertex 81.111 -91.611 0
      vertex 81.111 -91.611 27.84
    endloop
  endfacet
  facet normal 0.146746 0.989174 -0
    outer loop
      vertex 78.7373 -93.197 0
      vertex 78.5189 -93.1646 27.84
      vertex 78.7373 -93.197 27.84
    endloop
  endfacet
  facet normal 0.146746 0.989174 0
    outer loop
      vertex 78.5189 -93.1646 27.84
      vertex 78.7373 -93.197 0
      vertex 78.5189 -93.1646 0
    endloop
  endfacet
  facet normal 0.803196 0.595715 0
    outer loop
      vertex 77.2186 -92.3852 27.84
      vertex 77.0871 -92.2079 0
      vertex 77.0871 -92.2079 27.84
    endloop
  endfacet
  facet normal 0.803196 0.595715 0
    outer loop
      vertex 77.0871 -92.2079 0
      vertex 77.2186 -92.3852 27.84
      vertex 77.2186 -92.3852 0
    endloop
  endfacet
  facet normal -0.427541 -0.903996 0
    outer loop
      vertex 79.8189 -88.8791 0
      vertex 80.0185 -88.9735 27.84
      vertex 79.8189 -88.8791 27.84
    endloop
  endfacet
  facet normal -0.427541 -0.903996 -0
    outer loop
      vertex 80.0185 -88.9735 27.84
      vertex 79.8189 -88.8791 0
      vertex 80.0185 -88.9735 0
    endloop
  endfacet
  facet normal -0.671387 -0.741107 0
    outer loop
      vertex 80.3852 -89.2186 0
      vertex 80.5489 -89.3669 27.84
      vertex 80.3852 -89.2186 27.84
    endloop
  endfacet
  facet normal -0.671387 -0.741107 -0
    outer loop
      vertex 80.5489 -89.3669 27.84
      vertex 80.3852 -89.2186 0
      vertex 80.5489 -89.3669 0
    endloop
  endfacet
  facet normal -0.514363 -0.857573 0
    outer loop
      vertex 80.0185 -88.9735 0
      vertex 80.2079 -89.0871 27.84
      vertex 80.0185 -88.9735 27.84
    endloop
  endfacet
  facet normal -0.514363 -0.857573 -0
    outer loop
      vertex 80.2079 -89.0871 27.84
      vertex 80.0185 -88.9735 0
      vertex 80.2079 -89.0871 0
    endloop
  endfacet
  facet normal 0.595715 -0.803196 0
    outer loop
      vertex 77.5305 -89.2186 0
      vertex 77.7078 -89.0871 27.84
      vertex 77.5305 -89.2186 27.84
    endloop
  endfacet
  facet normal 0.595715 -0.803196 0
    outer loop
      vertex 77.7078 -89.0871 27.84
      vertex 77.5305 -89.2186 0
      vertex 77.7078 -89.0871 0
    endloop
  endfacet
  facet normal -0.941527 -0.336939 0
    outer loop
      vertex 81.111 -90.3047 0
      vertex 81.0366 -90.0968 27.84
      vertex 81.0366 -90.0968 0
    endloop
  endfacet
  facet normal -0.941527 -0.336939 0
    outer loop
      vertex 81.0366 -90.0968 27.84
      vertex 81.111 -90.3047 0
      vertex 81.111 -90.3047 27.84
    endloop
  endfacet
  facet normal -0.336939 -0.941527 0
    outer loop
      vertex 79.611 -88.8047 0
      vertex 79.8189 -88.8791 27.84
      vertex 79.611 -88.8047 27.84
    endloop
  endfacet
  facet normal -0.336939 -0.941527 -0
    outer loop
      vertex 79.8189 -88.8791 27.84
      vertex 79.611 -88.8047 0
      vertex 79.8189 -88.8791 0
    endloop
  endfacet
  facet normal 0.596007 0.802979 -0
    outer loop
      vertex 77.7078 -92.8287 0
      vertex 77.5305 -92.6971 27.84
      vertex 77.7078 -92.8287 27.84
    endloop
  endfacet
  facet normal 0.596007 0.802979 0
    outer loop
      vertex 77.5305 -92.6971 27.84
      vertex 77.7078 -92.8287 0
      vertex 77.5305 -92.6971 0
    endloop
  endfacet
  facet normal -0.514029 0.857773 0
    outer loop
      vertex 80.2079 -92.8287 0
      vertex 80.0185 -92.9422 27.84
      vertex 80.2079 -92.8287 27.84
    endloop
  endfacet
  facet normal -0.514029 0.857773 0
    outer loop
      vertex 80.0185 -92.9422 27.84
      vertex 80.2079 -92.8287 0
      vertex 80.0185 -92.9422 0
    endloop
  endfacet
  facet normal -0.242749 -0.970089 0
    outer loop
      vertex 79.3968 -88.7511 0
      vertex 79.611 -88.8047 27.84
      vertex 79.3968 -88.7511 27.84
    endloop
  endfacet
  facet normal -0.242749 -0.970089 -0
    outer loop
      vertex 79.611 -88.8047 27.84
      vertex 79.3968 -88.7511 0
      vertex 79.611 -88.8047 0
    endloop
  endfacet
  facet normal -0.427541 0.903996 0
    outer loop
      vertex 80.0185 -92.9422 0
      vertex 79.8189 -93.0366 27.84
      vertex 80.0185 -92.9422 27.84
    endloop
  endfacet
  facet normal -0.427541 0.903996 0
    outer loop
      vertex 79.8189 -93.0366 27.84
      vertex 80.0185 -92.9422 0
      vertex 79.8189 -93.0366 0
    endloop
  endfacet
  facet normal 0.740902 -0.671613 0
    outer loop
      vertex 77.2186 -89.5305 27.84
      vertex 77.3669 -89.3669 0
      vertex 77.3669 -89.3669 27.84
    endloop
  endfacet
  facet normal 0.740902 -0.671613 0
    outer loop
      vertex 77.3669 -89.3669 0
      vertex 77.2186 -89.5305 27.84
      vertex 77.2186 -89.5305 0
    endloop
  endfacet
  facet normal -0.0493728 0.99878 0
    outer loop
      vertex 79.1784 -93.197 0
      vertex 78.9579 -93.2079 27.84
      vertex 79.1784 -93.197 27.84
    endloop
  endfacet
  facet normal -0.0493728 0.99878 0
    outer loop
      vertex 78.9579 -93.2079 27.84
      vertex 79.1784 -93.197 0
      vertex 78.9579 -93.2079 0
    endloop
  endfacet
  facet normal -0.941527 0.336939 0
    outer loop
      vertex 81.0366 -91.8189 0
      vertex 81.111 -91.611 27.84
      vertex 81.111 -91.611 0
    endloop
  endfacet
  facet normal -0.941527 0.336939 0
    outer loop
      vertex 81.111 -91.611 27.84
      vertex 81.0366 -91.8189 0
      vertex 81.0366 -91.8189 27.84
    endloop
  endfacet
  facet normal -0.802979 0.596007 0
    outer loop
      vertex 80.6971 -92.3852 0
      vertex 80.8287 -92.2079 27.84
      vertex 80.8287 -92.2079 0
    endloop
  endfacet
  facet normal -0.802979 0.596007 0
    outer loop
      vertex 80.8287 -92.2079 27.84
      vertex 80.6971 -92.3852 0
      vertex 80.6971 -92.3852 27.84
    endloop
  endfacet
  facet normal 0.146746 -0.989174 0
    outer loop
      vertex 78.5189 -88.7511 0
      vertex 78.7373 -88.7187 27.84
      vertex 78.5189 -88.7511 27.84
    endloop
  endfacet
  facet normal 0.146746 -0.989174 0
    outer loop
      vertex 78.7373 -88.7187 27.84
      vertex 78.5189 -88.7511 0
      vertex 78.7373 -88.7187 0
    endloop
  endfacet
  facet normal 0.941527 -0.336939 0
    outer loop
      vertex 76.8047 -90.3047 27.84
      vertex 76.8791 -90.0968 0
      vertex 76.8791 -90.0968 27.84
    endloop
  endfacet
  facet normal 0.941527 -0.336939 0
    outer loop
      vertex 76.8791 -90.0968 0
      vertex 76.8047 -90.3047 27.84
      vertex 76.8047 -90.3047 0
    endloop
  endfacet
  facet normal -0.989174 0.146746 0
    outer loop
      vertex 81.1646 -91.3968 0
      vertex 81.197 -91.1784 27.84
      vertex 81.197 -91.1784 0
    endloop
  endfacet
  facet normal -0.989174 0.146746 0
    outer loop
      vertex 81.197 -91.1784 27.84
      vertex 81.1646 -91.3968 0
      vertex 81.1646 -91.3968 27.84
    endloop
  endfacet
  facet normal 0.989174 -0.146746 0
    outer loop
      vertex 76.7187 -90.7373 27.84
      vertex 76.7511 -90.5189 0
      vertex 76.7511 -90.5189 27.84
    endloop
  endfacet
  facet normal 0.989174 -0.146746 0
    outer loop
      vertex 76.7511 -90.5189 0
      vertex 76.7187 -90.7373 27.84
      vertex 76.7187 -90.7373 0
    endloop
  endfacet
  facet normal 0.970089 0.242749 0
    outer loop
      vertex 76.8047 -91.611 27.84
      vertex 76.7511 -91.3968 0
      vertex 76.7511 -91.3968 27.84
    endloop
  endfacet
  facet normal 0.970089 0.242749 0
    outer loop
      vertex 76.7511 -91.3968 0
      vertex 76.8047 -91.611 27.84
      vertex 76.8047 -91.611 0
    endloop
  endfacet
  facet normal -0.903996 -0.427541 0
    outer loop
      vertex 81.0366 -90.0968 0
      vertex 80.9422 -89.8972 27.84
      vertex 80.9422 -89.8972 0
    endloop
  endfacet
  facet normal -0.903996 -0.427541 0
    outer loop
      vertex 80.9422 -89.8972 27.84
      vertex 81.0366 -90.0968 0
      vertex 81.0366 -90.0968 27.84
    endloop
  endfacet
  facet normal -0.596007 0.802979 0
    outer loop
      vertex 80.3852 -92.6971 0
      vertex 80.2079 -92.8287 27.84
      vertex 80.3852 -92.6971 27.84
    endloop
  endfacet
  facet normal -0.596007 0.802979 0
    outer loop
      vertex 80.2079 -92.8287 27.84
      vertex 80.3852 -92.6971 0
      vertex 80.2079 -92.8287 0
    endloop
  endfacet
  facet normal -0.857773 -0.514029 0
    outer loop
      vertex 80.9422 -89.8972 0
      vertex 80.8287 -89.7078 27.84
      vertex 80.8287 -89.7078 0
    endloop
  endfacet
  facet normal -0.857773 -0.514029 0
    outer loop
      vertex 80.8287 -89.7078 27.84
      vertex 80.9422 -89.8972 0
      vertex 80.9422 -89.8972 27.84
    endloop
  endfacet
  facet normal -0.99878 0.0493728 0
    outer loop
      vertex 81.197 -91.1784 0
      vertex 81.2079 -90.9579 27.84
      vertex 81.2079 -90.9579 0
    endloop
  endfacet
  facet normal -0.99878 0.0493728 0
    outer loop
      vertex 81.2079 -90.9579 27.84
      vertex 81.197 -91.1784 0
      vertex 81.197 -91.1784 27.84
    endloop
  endfacet
  facet normal 0.671613 -0.740902 0
    outer loop
      vertex 77.3669 -89.3669 0
      vertex 77.5305 -89.2186 27.84
      vertex 77.3669 -89.3669 27.84
    endloop
  endfacet
  facet normal 0.671613 -0.740902 0
    outer loop
      vertex 77.5305 -89.2186 27.84
      vertex 77.3669 -89.3669 0
      vertex 77.5305 -89.2186 0
    endloop
  endfacet
  facet normal 0.336939 -0.941527 0
    outer loop
      vertex 78.0968 -88.8791 0
      vertex 78.3047 -88.8047 27.84
      vertex 78.0968 -88.8791 27.84
    endloop
  endfacet
  facet normal 0.336939 -0.941527 0
    outer loop
      vertex 78.3047 -88.8047 27.84
      vertex 78.0968 -88.8791 0
      vertex 78.3047 -88.8047 0
    endloop
  endfacet
  facet normal 0.998803 0.0489209 0
    outer loop
      vertex 76.7187 -91.1784 27.84
      vertex 76.7079 -90.9579 0
      vertex 76.7079 -90.9579 27.84
    endloop
  endfacet
  facet normal 0.998803 0.0489209 0
    outer loop
      vertex 76.7079 -90.9579 0
      vertex 76.7187 -91.1784 27.84
      vertex 76.7187 -91.1784 0
    endloop
  endfacet
  facet normal 0.0488988 -0.998804 0
    outer loop
      vertex 78.7373 -88.7187 0
      vertex 78.9579 -88.7079 27.84
      vertex 78.7373 -88.7187 27.84
    endloop
  endfacet
  facet normal 0.0488988 -0.998804 0
    outer loop
      vertex 78.9579 -88.7079 27.84
      vertex 78.7373 -88.7187 0
      vertex 78.9579 -88.7079 0
    endloop
  endfacet
  facet normal -0.146746 -0.989174 0
    outer loop
      vertex 79.1784 -88.7187 0
      vertex 79.3968 -88.7511 27.84
      vertex 79.1784 -88.7187 27.84
    endloop
  endfacet
  facet normal -0.146746 -0.989174 -0
    outer loop
      vertex 79.3968 -88.7511 27.84
      vertex 79.1784 -88.7187 0
      vertex 79.3968 -88.7511 0
    endloop
  endfacet
  facet normal -0.336939 0.941527 0
    outer loop
      vertex 79.8189 -93.0366 0
      vertex 79.611 -93.111 27.84
      vertex 79.8189 -93.0366 27.84
    endloop
  endfacet
  facet normal -0.336939 0.941527 0
    outer loop
      vertex 79.611 -93.111 27.84
      vertex 79.8189 -93.0366 0
      vertex 79.611 -93.111 0
    endloop
  endfacet
  facet normal -0.242749 0.970089 0
    outer loop
      vertex 79.611 -93.111 0
      vertex 79.3968 -93.1646 27.84
      vertex 79.611 -93.111 27.84
    endloop
  endfacet
  facet normal -0.242749 0.970089 0
    outer loop
      vertex 79.3968 -93.1646 27.84
      vertex 79.611 -93.111 0
      vertex 79.3968 -93.1646 0
    endloop
  endfacet
  facet normal 0.741107 0.671387 0
    outer loop
      vertex 77.3669 -92.5489 27.84
      vertex 77.2186 -92.3852 0
      vertex 77.2186 -92.3852 27.84
    endloop
  endfacet
  facet normal 0.741107 0.671387 0
    outer loop
      vertex 77.2186 -92.3852 0
      vertex 77.3669 -92.5489 27.84
      vertex 77.3669 -92.5489 0
    endloop
  endfacet
  facet normal 0.857573 -0.514363 0
    outer loop
      vertex 76.9735 -89.8972 27.84
      vertex 77.0871 -89.7078 0
      vertex 77.0871 -89.7078 27.84
    endloop
  endfacet
  facet normal 0.857573 -0.514363 0
    outer loop
      vertex 77.0871 -89.7078 0
      vertex 76.9735 -89.8972 27.84
      vertex 76.9735 -89.8972 0
    endloop
  endfacet
  facet normal 0.989174 0.146746 0
    outer loop
      vertex 76.7511 -91.3968 27.84
      vertex 76.7187 -91.1784 0
      vertex 76.7187 -91.1784 27.84
    endloop
  endfacet
  facet normal 0.989174 0.146746 0
    outer loop
      vertex 76.7187 -91.1784 0
      vertex 76.7511 -91.3968 27.84
      vertex 76.7511 -91.3968 0
    endloop
  endfacet
  facet normal -0.741128 -0.671364 0
    outer loop
      vertex 80.6971 -89.5305 0
      vertex 80.5489 -89.3669 27.84
      vertex 80.5489 -89.3669 0
    endloop
  endfacet
  facet normal -0.741128 -0.671364 0
    outer loop
      vertex 80.5489 -89.3669 27.84
      vertex 80.6971 -89.5305 0
      vertex 80.6971 -89.5305 27.84
    endloop
  endfacet
  facet normal 0.514029 0.857773 -0
    outer loop
      vertex 77.8972 -92.9422 0
      vertex 77.7078 -92.8287 27.84
      vertex 77.8972 -92.9422 27.84
    endloop
  endfacet
  facet normal 0.514029 0.857773 0
    outer loop
      vertex 77.7078 -92.8287 27.84
      vertex 77.8972 -92.9422 0
      vertex 77.7078 -92.8287 0
    endloop
  endfacet
  facet normal -0.857773 0.514029 0
    outer loop
      vertex 80.8287 -92.2079 0
      vertex 80.9422 -92.0185 27.84
      vertex 80.9422 -92.0185 0
    endloop
  endfacet
  facet normal -0.857773 0.514029 0
    outer loop
      vertex 80.9422 -92.0185 27.84
      vertex 80.8287 -92.2079 0
      vertex 80.8287 -92.2079 27.84
    endloop
  endfacet
  facet normal 0.803196 -0.595715 0
    outer loop
      vertex 77.0871 -89.7078 27.84
      vertex 77.2186 -89.5305 0
      vertex 77.2186 -89.5305 27.84
    endloop
  endfacet
  facet normal 0.803196 -0.595715 0
    outer loop
      vertex 77.2186 -89.5305 0
      vertex 77.0871 -89.7078 27.84
      vertex 77.0871 -89.7078 0
    endloop
  endfacet
  facet normal -0.903996 0.427541 0
    outer loop
      vertex 80.9422 -92.0185 0
      vertex 81.0366 -91.8189 27.84
      vertex 81.0366 -91.8189 0
    endloop
  endfacet
  facet normal -0.903996 0.427541 0
    outer loop
      vertex 81.0366 -91.8189 27.84
      vertex 80.9422 -92.0185 0
      vertex 80.9422 -92.0185 27.84
    endloop
  endfacet
  facet normal 0.671364 0.741128 -0
    outer loop
      vertex 77.5305 -92.6971 0
      vertex 77.3669 -92.5489 27.84
      vertex 77.5305 -92.6971 27.84
    endloop
  endfacet
  facet normal 0.671364 0.741128 0
    outer loop
      vertex 77.3669 -92.5489 27.84
      vertex 77.5305 -92.6971 0
      vertex 77.3669 -92.5489 0
    endloop
  endfacet
  facet normal 0.336939 0.941527 -0
    outer loop
      vertex 78.3047 -93.111 0
      vertex 78.0968 -93.0366 27.84
      vertex 78.3047 -93.111 27.84
    endloop
  endfacet
  facet normal 0.336939 0.941527 0
    outer loop
      vertex 78.0968 -93.0366 27.84
      vertex 78.3047 -93.111 0
      vertex 78.0968 -93.0366 0
    endloop
  endfacet
  facet normal 0.903996 -0.427541 0
    outer loop
      vertex 76.8791 -90.0968 27.84
      vertex 76.9735 -89.8972 0
      vertex 76.9735 -89.8972 27.84
    endloop
  endfacet
  facet normal 0.903996 -0.427541 0
    outer loop
      vertex 76.9735 -89.8972 0
      vertex 76.8791 -90.0968 27.84
      vertex 76.8791 -90.0968 0
    endloop
  endfacet
  facet normal 0.0493505 0.998782 -0
    outer loop
      vertex 78.9579 -93.2079 0
      vertex 78.7373 -93.197 27.84
      vertex 78.9579 -93.2079 27.84
    endloop
  endfacet
  facet normal 0.0493505 0.998782 0
    outer loop
      vertex 78.7373 -93.197 27.84
      vertex 78.9579 -93.2079 0
      vertex 78.7373 -93.197 0
    endloop
  endfacet
  facet normal 0.998804 -0.0488988 0
    outer loop
      vertex 76.7079 -90.9579 27.84
      vertex 76.7187 -90.7373 0
      vertex 76.7187 -90.7373 27.84
    endloop
  endfacet
  facet normal 0.998804 -0.0488988 0
    outer loop
      vertex 76.7187 -90.7373 0
      vertex 76.7079 -90.9579 27.84
      vertex 76.7079 -90.9579 0
    endloop
  endfacet
  facet normal -0.671139 0.741332 0
    outer loop
      vertex 80.5489 -92.5489 0
      vertex 80.3852 -92.6971 27.84
      vertex 80.5489 -92.5489 27.84
    endloop
  endfacet
  facet normal -0.671139 0.741332 0
    outer loop
      vertex 80.3852 -92.6971 27.84
      vertex 80.5489 -92.5489 0
      vertex 80.3852 -92.6971 0
    endloop
  endfacet
  facet normal -0.989174 -0.146746 0
    outer loop
      vertex 81.197 91.1784 0
      vertex 81.1646 91.3968 27.84
      vertex 81.1646 91.3968 0
    endloop
  endfacet
  facet normal -0.989174 -0.146746 0
    outer loop
      vertex 81.1646 91.3968 27.84
      vertex 81.197 91.1784 0
      vertex 81.197 91.1784 27.84
    endloop
  endfacet
  facet normal -0.99878 -0.0493728 0
    outer loop
      vertex 81.2079 90.9579 0
      vertex 81.197 91.1784 27.84
      vertex 81.197 91.1784 0
    endloop
  endfacet
  facet normal -0.99878 -0.0493728 0
    outer loop
      vertex 81.197 91.1784 27.84
      vertex 81.2079 90.9579 0
      vertex 81.2079 90.9579 27.84
    endloop
  endfacet
  facet normal -0.970089 -0.242749 0
    outer loop
      vertex 81.1646 91.3968 0
      vertex 81.111 91.611 27.84
      vertex 81.111 91.611 0
    endloop
  endfacet
  facet normal -0.970089 -0.242749 0
    outer loop
      vertex 81.111 91.611 27.84
      vertex 81.1646 91.3968 0
      vertex 81.1646 91.3968 27.84
    endloop
  endfacet
  facet normal -0.514363 0.857573 0
    outer loop
      vertex 80.2079 89.0871 0
      vertex 80.0185 88.9735 27.84
      vertex 80.2079 89.0871 27.84
    endloop
  endfacet
  facet normal -0.514363 0.857573 0
    outer loop
      vertex 80.0185 88.9735 27.84
      vertex 80.2079 89.0871 0
      vertex 80.0185 88.9735 0
    endloop
  endfacet
  facet normal -0.242749 -0.970089 0
    outer loop
      vertex 79.3968 93.1646 0
      vertex 79.611 93.111 27.84
      vertex 79.3968 93.1646 27.84
    endloop
  endfacet
  facet normal -0.242749 -0.970089 -0
    outer loop
      vertex 79.611 93.111 27.84
      vertex 79.3968 93.1646 0
      vertex 79.611 93.111 0
    endloop
  endfacet
  facet normal -0.596007 -0.802979 0
    outer loop
      vertex 80.2079 92.8287 0
      vertex 80.3852 92.6971 27.84
      vertex 80.2079 92.8287 27.84
    endloop
  endfacet
  facet normal -0.596007 -0.802979 -0
    outer loop
      vertex 80.3852 92.6971 27.84
      vertex 80.2079 92.8287 0
      vertex 80.3852 92.6971 0
    endloop
  endfacet
  facet normal -0.0493728 -0.99878 0
    outer loop
      vertex 78.9579 93.2079 0
      vertex 79.1784 93.197 27.84
      vertex 78.9579 93.2079 27.84
    endloop
  endfacet
  facet normal -0.0493728 -0.99878 -0
    outer loop
      vertex 79.1784 93.197 27.84
      vertex 78.9579 93.2079 0
      vertex 79.1784 93.197 0
    endloop
  endfacet
  facet normal 0.803196 -0.595715 0
    outer loop
      vertex 77.0871 92.2079 27.84
      vertex 77.2186 92.3852 0
      vertex 77.2186 92.3852 27.84
    endloop
  endfacet
  facet normal 0.803196 -0.595715 0
    outer loop
      vertex 77.2186 92.3852 0
      vertex 77.0871 92.2079 27.84
      vertex 77.0871 92.2079 0
    endloop
  endfacet
  facet normal 0.514029 -0.857773 0
    outer loop
      vertex 77.7078 92.8287 0
      vertex 77.8972 92.9422 27.84
      vertex 77.7078 92.8287 27.84
    endloop
  endfacet
  facet normal 0.514029 -0.857773 0
    outer loop
      vertex 77.8972 92.9422 27.84
      vertex 77.7078 92.8287 0
      vertex 77.8972 92.9422 0
    endloop
  endfacet
  facet normal 0.0493505 -0.998782 0
    outer loop
      vertex 78.7373 93.197 0
      vertex 78.9579 93.2079 27.84
      vertex 78.7373 93.197 27.84
    endloop
  endfacet
  facet normal 0.0493505 -0.998782 0
    outer loop
      vertex 78.9579 93.2079 27.84
      vertex 78.7373 93.197 0
      vertex 78.9579 93.2079 0
    endloop
  endfacet
  facet normal 0.970089 0.242749 0
    outer loop
      vertex 76.8047 90.3047 27.84
      vertex 76.7511 90.5189 0
      vertex 76.7511 90.5189 27.84
    endloop
  endfacet
  facet normal 0.970089 0.242749 0
    outer loop
      vertex 76.7511 90.5189 0
      vertex 76.8047 90.3047 27.84
      vertex 76.8047 90.3047 0
    endloop
  endfacet
  facet normal 0.242749 -0.970089 0
    outer loop
      vertex 78.3047 93.111 0
      vertex 78.5189 93.1646 27.84
      vertex 78.3047 93.111 27.84
    endloop
  endfacet
  facet normal 0.242749 -0.970089 0
    outer loop
      vertex 78.5189 93.1646 27.84
      vertex 78.3047 93.111 0
      vertex 78.5189 93.1646 0
    endloop
  endfacet
  facet normal -0.671139 -0.741332 0
    outer loop
      vertex 80.3852 92.6971 0
      vertex 80.5489 92.5489 27.84
      vertex 80.3852 92.6971 27.84
    endloop
  endfacet
  facet normal -0.671139 -0.741332 -0
    outer loop
      vertex 80.5489 92.5489 27.84
      vertex 80.3852 92.6971 0
      vertex 80.5489 92.5489 0
    endloop
  endfacet
  facet normal -0.514029 -0.857773 0
    outer loop
      vertex 80.0185 92.9422 0
      vertex 80.2079 92.8287 27.84
      vertex 80.0185 92.9422 27.84
    endloop
  endfacet
  facet normal -0.514029 -0.857773 -0
    outer loop
      vertex 80.2079 92.8287 27.84
      vertex 80.0185 92.9422 0
      vertex 80.2079 92.8287 0
    endloop
  endfacet
  facet normal -0.903996 0.427541 0
    outer loop
      vertex 80.9422 89.8972 0
      vertex 81.0366 90.0968 27.84
      vertex 81.0366 90.0968 0
    endloop
  endfacet
  facet normal -0.903996 0.427541 0
    outer loop
      vertex 81.0366 90.0968 27.84
      vertex 80.9422 89.8972 0
      vertex 80.9422 89.8972 27.84
    endloop
  endfacet
  facet normal 0.671613 0.740902 -0
    outer loop
      vertex 77.5305 89.2186 0
      vertex 77.3669 89.3669 27.84
      vertex 77.5305 89.2186 27.84
    endloop
  endfacet
  facet normal 0.671613 0.740902 0
    outer loop
      vertex 77.3669 89.3669 27.84
      vertex 77.5305 89.2186 0
      vertex 77.3669 89.3669 0
    endloop
  endfacet
  facet normal 0.970089 -0.242749 0
    outer loop
      vertex 76.7511 91.3968 27.84
      vertex 76.8047 91.611 0
      vertex 76.8047 91.611 27.84
    endloop
  endfacet
  facet normal 0.970089 -0.242749 0
    outer loop
      vertex 76.8047 91.611 0
      vertex 76.7511 91.3968 27.84
      vertex 76.7511 91.3968 0
    endloop
  endfacet
  facet normal 0.146746 0.989174 -0
    outer loop
      vertex 78.7373 88.7187 0
      vertex 78.5189 88.7511 27.84
      vertex 78.7373 88.7187 27.84
    endloop
  endfacet
  facet normal 0.146746 0.989174 0
    outer loop
      vertex 78.5189 88.7511 27.84
      vertex 78.7373 88.7187 0
      vertex 78.5189 88.7511 0
    endloop
  endfacet
  facet normal -0.741332 -0.671139 0
    outer loop
      vertex 80.6971 92.3852 0
      vertex 80.5489 92.5489 27.84
      vertex 80.5489 92.5489 0
    endloop
  endfacet
  facet normal -0.741332 -0.671139 0
    outer loop
      vertex 80.5489 92.5489 27.84
      vertex 80.6971 92.3852 0
      vertex 80.6971 92.3852 27.84
    endloop
  endfacet
  facet normal -0.857773 0.514029 0
    outer loop
      vertex 80.8287 89.7078 0
      vertex 80.9422 89.8972 27.84
      vertex 80.9422 89.8972 0
    endloop
  endfacet
  facet normal -0.857773 0.514029 0
    outer loop
      vertex 80.9422 89.8972 27.84
      vertex 80.8287 89.7078 0
      vertex 80.8287 89.7078 27.84
    endloop
  endfacet
  facet normal 0.336939 -0.941527 0
    outer loop
      vertex 78.0968 93.0366 0
      vertex 78.3047 93.111 27.84
      vertex 78.0968 93.0366 27.84
    endloop
  endfacet
  facet normal 0.336939 -0.941527 0
    outer loop
      vertex 78.3047 93.111 27.84
      vertex 78.0968 93.0366 0
      vertex 78.3047 93.111 0
    endloop
  endfacet
  facet normal -0.802979 -0.596007 0
    outer loop
      vertex 80.8287 92.2079 0
      vertex 80.6971 92.3852 27.84
      vertex 80.6971 92.3852 0
    endloop
  endfacet
  facet normal -0.802979 -0.596007 0
    outer loop
      vertex 80.6971 92.3852 27.84
      vertex 80.8287 92.2079 0
      vertex 80.8287 92.2079 27.84
    endloop
  endfacet
  facet normal 0.514363 0.857573 -0
    outer loop
      vertex 77.8972 88.9735 0
      vertex 77.7078 89.0871 27.84
      vertex 77.8972 88.9735 27.84
    endloop
  endfacet
  facet normal 0.514363 0.857573 0
    outer loop
      vertex 77.7078 89.0871 27.84
      vertex 77.8972 88.9735 0
      vertex 77.7078 89.0871 0
    endloop
  endfacet
  facet normal -0.427541 0.903996 0
    outer loop
      vertex 80.0185 88.9735 0
      vertex 79.8189 88.8791 27.84
      vertex 80.0185 88.9735 27.84
    endloop
  endfacet
  facet normal -0.427541 0.903996 0
    outer loop
      vertex 79.8189 88.8791 27.84
      vertex 80.0185 88.9735 0
      vertex 79.8189 88.8791 0
    endloop
  endfacet
  facet normal 0.595715 0.803196 -0
    outer loop
      vertex 77.7078 89.0871 0
      vertex 77.5305 89.2186 27.84
      vertex 77.7078 89.0871 27.84
    endloop
  endfacet
  facet normal 0.595715 0.803196 0
    outer loop
      vertex 77.5305 89.2186 27.84
      vertex 77.7078 89.0871 0
      vertex 77.5305 89.2186 0
    endloop
  endfacet
  facet normal -0.336939 -0.941527 0
    outer loop
      vertex 79.611 93.111 0
      vertex 79.8189 93.0366 27.84
      vertex 79.611 93.111 27.84
    endloop
  endfacet
  facet normal -0.336939 -0.941527 -0
    outer loop
      vertex 79.8189 93.0366 27.84
      vertex 79.611 93.111 0
      vertex 79.8189 93.0366 0
    endloop
  endfacet
  facet normal -0.242749 0.970089 0
    outer loop
      vertex 79.611 88.8047 0
      vertex 79.3968 88.7511 27.84
      vertex 79.611 88.8047 27.84
    endloop
  endfacet
  facet normal -0.242749 0.970089 0
    outer loop
      vertex 79.3968 88.7511 27.84
      vertex 79.611 88.8047 0
      vertex 79.3968 88.7511 0
    endloop
  endfacet
  facet normal 0.903996 -0.427541 0
    outer loop
      vertex 76.8791 91.8189 27.84
      vertex 76.9735 92.0185 0
      vertex 76.9735 92.0185 27.84
    endloop
  endfacet
  facet normal 0.903996 -0.427541 0
    outer loop
      vertex 76.9735 92.0185 0
      vertex 76.8791 91.8189 27.84
      vertex 76.8791 91.8189 0
    endloop
  endfacet
  facet normal 0.740902 0.671613 0
    outer loop
      vertex 77.3669 89.3669 27.84
      vertex 77.2186 89.5305 0
      vertex 77.2186 89.5305 27.84
    endloop
  endfacet
  facet normal 0.740902 0.671613 0
    outer loop
      vertex 77.2186 89.5305 0
      vertex 77.3669 89.3669 27.84
      vertex 77.3669 89.3669 0
    endloop
  endfacet
  facet normal -0.970089 0.242749 0
    outer loop
      vertex 81.111 90.3047 0
      vertex 81.1646 90.5189 27.84
      vertex 81.1646 90.5189 0
    endloop
  endfacet
  facet normal -0.970089 0.242749 0
    outer loop
      vertex 81.1646 90.5189 27.84
      vertex 81.111 90.3047 0
      vertex 81.111 90.3047 27.84
    endloop
  endfacet
  facet normal -0.671387 0.741107 0
    outer loop
      vertex 80.5489 89.3669 0
      vertex 80.3852 89.2186 27.84
      vertex 80.5489 89.3669 27.84
    endloop
  endfacet
  facet normal -0.671387 0.741107 0
    outer loop
      vertex 80.3852 89.2186 27.84
      vertex 80.5489 89.3669 0
      vertex 80.3852 89.2186 0
    endloop
  endfacet
  facet normal 0.941527 0.336939 0
    outer loop
      vertex 76.8791 90.0968 27.84
      vertex 76.8047 90.3047 0
      vertex 76.8047 90.3047 27.84
    endloop
  endfacet
  facet normal 0.941527 0.336939 0
    outer loop
      vertex 76.8047 90.3047 0
      vertex 76.8791 90.0968 27.84
      vertex 76.8791 90.0968 0
    endloop
  endfacet
  facet normal 0.903996 0.427541 0
    outer loop
      vertex 76.9735 89.8972 27.84
      vertex 76.8791 90.0968 0
      vertex 76.8791 90.0968 27.84
    endloop
  endfacet
  facet normal 0.903996 0.427541 0
    outer loop
      vertex 76.8791 90.0968 0
      vertex 76.9735 89.8972 27.84
      vertex 76.9735 89.8972 0
    endloop
  endfacet
  facet normal 0.671364 -0.741128 0
    outer loop
      vertex 77.3669 92.5489 0
      vertex 77.5305 92.6971 27.84
      vertex 77.3669 92.5489 27.84
    endloop
  endfacet
  facet normal 0.671364 -0.741128 0
    outer loop
      vertex 77.5305 92.6971 27.84
      vertex 77.3669 92.5489 0
      vertex 77.5305 92.6971 0
    endloop
  endfacet
  facet normal -0.427541 -0.903996 0
    outer loop
      vertex 79.8189 93.0366 0
      vertex 80.0185 92.9422 27.84
      vertex 79.8189 93.0366 27.84
    endloop
  endfacet
  facet normal -0.427541 -0.903996 -0
    outer loop
      vertex 80.0185 92.9422 27.84
      vertex 79.8189 93.0366 0
      vertex 80.0185 92.9422 0
    endloop
  endfacet
  facet normal -0.595715 0.803196 0
    outer loop
      vertex 80.3852 89.2186 0
      vertex 80.2079 89.0871 27.84
      vertex 80.3852 89.2186 27.84
    endloop
  endfacet
  facet normal -0.595715 0.803196 0
    outer loop
      vertex 80.2079 89.0871 27.84
      vertex 80.3852 89.2186 0
      vertex 80.2079 89.0871 0
    endloop
  endfacet
  facet normal -0.941527 -0.336939 0
    outer loop
      vertex 81.111 91.611 0
      vertex 81.0366 91.8189 27.84
      vertex 81.0366 91.8189 0
    endloop
  endfacet
  facet normal -0.941527 -0.336939 0
    outer loop
      vertex 81.0366 91.8189 27.84
      vertex 81.111 91.611 0
      vertex 81.111 91.611 27.84
    endloop
  endfacet
  facet normal -0.989174 0.146746 0
    outer loop
      vertex 81.1646 90.5189 0
      vertex 81.197 90.7373 27.84
      vertex 81.197 90.7373 0
    endloop
  endfacet
  facet normal -0.989174 0.146746 0
    outer loop
      vertex 81.197 90.7373 27.84
      vertex 81.1646 90.5189 0
      vertex 81.1646 90.5189 27.84
    endloop
  endfacet
  facet normal -0.998782 0.0493505 0
    outer loop
      vertex 81.197 90.7373 0
      vertex 81.2079 90.9579 27.84
      vertex 81.2079 90.9579 0
    endloop
  endfacet
  facet normal -0.998782 0.0493505 0
    outer loop
      vertex 81.2079 90.9579 27.84
      vertex 81.197 90.7373 0
      vertex 81.197 90.7373 27.84
    endloop
  endfacet
  facet normal 0.989174 0.146746 0
    outer loop
      vertex 76.7511 90.5189 27.84
      vertex 76.7187 90.7373 0
      vertex 76.7187 90.7373 27.84
    endloop
  endfacet
  facet normal 0.989174 0.146746 0
    outer loop
      vertex 76.7187 90.7373 0
      vertex 76.7511 90.5189 27.84
      vertex 76.7511 90.5189 0
    endloop
  endfacet
  facet normal -0.802979 0.596007 0
    outer loop
      vertex 80.6971 89.5305 0
      vertex 80.8287 89.7078 27.84
      vertex 80.8287 89.7078 0
    endloop
  endfacet
  facet normal -0.802979 0.596007 0
    outer loop
      vertex 80.8287 89.7078 27.84
      vertex 80.6971 89.5305 0
      vertex 80.6971 89.5305 27.84
    endloop
  endfacet
  facet normal -0.903996 -0.427541 0
    outer loop
      vertex 81.0366 91.8189 0
      vertex 80.9422 92.0185 27.84
      vertex 80.9422 92.0185 0
    endloop
  endfacet
  facet normal -0.903996 -0.427541 0
    outer loop
      vertex 80.9422 92.0185 27.84
      vertex 81.0366 91.8189 0
      vertex 81.0366 91.8189 27.84
    endloop
  endfacet
  facet normal -0.146746 0.989174 0
    outer loop
      vertex 79.3968 88.7511 0
      vertex 79.1784 88.7187 27.84
      vertex 79.3968 88.7511 27.84
    endloop
  endfacet
  facet normal -0.146746 0.989174 0
    outer loop
      vertex 79.1784 88.7187 27.84
      vertex 79.3968 88.7511 0
      vertex 79.1784 88.7187 0
    endloop
  endfacet
  facet normal 0.989174 -0.146746 0
    outer loop
      vertex 76.7187 91.1784 27.84
      vertex 76.7511 91.3968 0
      vertex 76.7511 91.3968 27.84
    endloop
  endfacet
  facet normal 0.989174 -0.146746 0
    outer loop
      vertex 76.7511 91.3968 0
      vertex 76.7187 91.1784 27.84
      vertex 76.7187 91.1784 0
    endloop
  endfacet
  facet normal 0.941527 -0.336939 0
    outer loop
      vertex 76.8047 91.611 27.84
      vertex 76.8791 91.8189 0
      vertex 76.8791 91.8189 27.84
    endloop
  endfacet
  facet normal 0.941527 -0.336939 0
    outer loop
      vertex 76.8791 91.8189 0
      vertex 76.8047 91.611 27.84
      vertex 76.8047 91.611 0
    endloop
  endfacet
  facet normal 0.146746 -0.989174 0
    outer loop
      vertex 78.5189 93.1646 0
      vertex 78.7373 93.197 27.84
      vertex 78.5189 93.1646 27.84
    endloop
  endfacet
  facet normal 0.146746 -0.989174 0
    outer loop
      vertex 78.7373 93.197 27.84
      vertex 78.5189 93.1646 0
      vertex 78.7373 93.197 0
    endloop
  endfacet
  facet normal 0.427541 -0.903996 0
    outer loop
      vertex 77.8972 92.9422 0
      vertex 78.0968 93.0366 27.84
      vertex 77.8972 92.9422 27.84
    endloop
  endfacet
  facet normal 0.427541 -0.903996 0
    outer loop
      vertex 78.0968 93.0366 27.84
      vertex 77.8972 92.9422 0
      vertex 78.0968 93.0366 0
    endloop
  endfacet
  facet normal -0.941527 0.336939 0
    outer loop
      vertex 81.0366 90.0968 0
      vertex 81.111 90.3047 27.84
      vertex 81.111 90.3047 0
    endloop
  endfacet
  facet normal -0.941527 0.336939 0
    outer loop
      vertex 81.111 90.3047 27.84
      vertex 81.0366 90.0968 0
      vertex 81.0366 90.0968 27.84
    endloop
  endfacet
  facet normal -0.857773 -0.514029 0
    outer loop
      vertex 80.9422 92.0185 0
      vertex 80.8287 92.2079 27.84
      vertex 80.8287 92.2079 0
    endloop
  endfacet
  facet normal -0.857773 -0.514029 0
    outer loop
      vertex 80.8287 92.2079 27.84
      vertex 80.9422 92.0185 0
      vertex 80.9422 92.0185 27.84
    endloop
  endfacet
  facet normal 0.336939 0.941527 -0
    outer loop
      vertex 78.3047 88.8047 0
      vertex 78.0968 88.8791 27.84
      vertex 78.3047 88.8047 27.84
    endloop
  endfacet
  facet normal 0.336939 0.941527 0
    outer loop
      vertex 78.0968 88.8791 27.84
      vertex 78.3047 88.8047 0
      vertex 78.0968 88.8791 0
    endloop
  endfacet
  facet normal 0.242749 0.970089 -0
    outer loop
      vertex 78.5189 88.7511 0
      vertex 78.3047 88.8047 27.84
      vertex 78.5189 88.7511 27.84
    endloop
  endfacet
  facet normal 0.242749 0.970089 0
    outer loop
      vertex 78.3047 88.8047 27.84
      vertex 78.5189 88.7511 0
      vertex 78.3047 88.8047 0
    endloop
  endfacet
  facet normal 0.803196 0.595715 0
    outer loop
      vertex 77.2186 89.5305 27.84
      vertex 77.0871 89.7078 0
      vertex 77.0871 89.7078 27.84
    endloop
  endfacet
  facet normal 0.803196 0.595715 0
    outer loop
      vertex 77.0871 89.7078 0
      vertex 77.2186 89.5305 27.84
      vertex 77.2186 89.5305 0
    endloop
  endfacet
  facet normal -0.0489209 0.998803 0
    outer loop
      vertex 79.1784 88.7187 0
      vertex 78.9579 88.7079 27.84
      vertex 79.1784 88.7187 27.84
    endloop
  endfacet
  facet normal -0.0489209 0.998803 0
    outer loop
      vertex 78.9579 88.7079 27.84
      vertex 79.1784 88.7187 0
      vertex 78.9579 88.7079 0
    endloop
  endfacet
  facet normal -0.146746 -0.989174 0
    outer loop
      vertex 79.1784 93.197 0
      vertex 79.3968 93.1646 27.84
      vertex 79.1784 93.197 27.84
    endloop
  endfacet
  facet normal -0.146746 -0.989174 -0
    outer loop
      vertex 79.3968 93.1646 27.84
      vertex 79.1784 93.197 0
      vertex 79.3968 93.1646 0
    endloop
  endfacet
  facet normal 0.741107 -0.671387 0
    outer loop
      vertex 77.2186 92.3852 27.84
      vertex 77.3669 92.5489 0
      vertex 77.3669 92.5489 27.84
    endloop
  endfacet
  facet normal 0.741107 -0.671387 0
    outer loop
      vertex 77.3669 92.5489 0
      vertex 77.2186 92.3852 27.84
      vertex 77.2186 92.3852 0
    endloop
  endfacet
  facet normal 0.596007 -0.802979 0
    outer loop
      vertex 77.5305 92.6971 0
      vertex 77.7078 92.8287 27.84
      vertex 77.5305 92.6971 27.84
    endloop
  endfacet
  facet normal 0.596007 -0.802979 0
    outer loop
      vertex 77.7078 92.8287 27.84
      vertex 77.5305 92.6971 0
      vertex 77.7078 92.8287 0
    endloop
  endfacet
  facet normal -0.336939 0.941527 0
    outer loop
      vertex 79.8189 88.8791 0
      vertex 79.611 88.8047 27.84
      vertex 79.8189 88.8791 27.84
    endloop
  endfacet
  facet normal -0.336939 0.941527 0
    outer loop
      vertex 79.611 88.8047 27.84
      vertex 79.8189 88.8791 0
      vertex 79.611 88.8047 0
    endloop
  endfacet
  facet normal 0.857573 0.514363 0
    outer loop
      vertex 77.0871 89.7078 27.84
      vertex 76.9735 89.8972 0
      vertex 76.9735 89.8972 27.84
    endloop
  endfacet
  facet normal 0.857573 0.514363 0
    outer loop
      vertex 76.9735 89.8972 0
      vertex 77.0871 89.7078 27.84
      vertex 77.0871 89.7078 0
    endloop
  endfacet
  facet normal -0.741128 0.671364 0
    outer loop
      vertex 80.5489 89.3669 0
      vertex 80.6971 89.5305 27.84
      vertex 80.6971 89.5305 0
    endloop
  endfacet
  facet normal -0.741128 0.671364 0
    outer loop
      vertex 80.6971 89.5305 27.84
      vertex 80.5489 89.3669 0
      vertex 80.5489 89.3669 27.84
    endloop
  endfacet
  facet normal 0.0488988 0.998804 -0
    outer loop
      vertex 78.9579 88.7079 0
      vertex 78.7373 88.7187 27.84
      vertex 78.9579 88.7079 27.84
    endloop
  endfacet
  facet normal 0.0488988 0.998804 0
    outer loop
      vertex 78.7373 88.7187 27.84
      vertex 78.9579 88.7079 0
      vertex 78.7373 88.7187 0
    endloop
  endfacet
  facet normal 0.427541 0.903996 -0
    outer loop
      vertex 78.0968 88.8791 0
      vertex 77.8972 88.9735 27.84
      vertex 78.0968 88.8791 27.84
    endloop
  endfacet
  facet normal 0.427541 0.903996 0
    outer loop
      vertex 77.8972 88.9735 27.84
      vertex 78.0968 88.8791 0
      vertex 77.8972 88.9735 0
    endloop
  endfacet
  facet normal 0.998803 -0.0489209 0
    outer loop
      vertex 76.7079 90.9579 27.84
      vertex 76.7187 91.1784 0
      vertex 76.7187 91.1784 27.84
    endloop
  endfacet
  facet normal 0.998803 -0.0489209 0
    outer loop
      vertex 76.7187 91.1784 0
      vertex 76.7079 90.9579 27.84
      vertex 76.7079 90.9579 0
    endloop
  endfacet
  facet normal 0.998804 0.0488988 0
    outer loop
      vertex 76.7187 90.7373 27.84
      vertex 76.7079 90.9579 0
      vertex 76.7079 90.9579 27.84
    endloop
  endfacet
  facet normal 0.998804 0.0488988 0
    outer loop
      vertex 76.7079 90.9579 0
      vertex 76.7187 90.7373 27.84
      vertex 76.7187 90.7373 0
    endloop
  endfacet
  facet normal 0.857573 -0.514363 0
    outer loop
      vertex 76.9735 92.0185 27.84
      vertex 77.0871 92.2079 0
      vertex 77.0871 92.2079 27.84
    endloop
  endfacet
  facet normal 0.857573 -0.514363 0
    outer loop
      vertex 77.0871 92.2079 0
      vertex 76.9735 92.0185 27.84
      vertex 76.9735 92.0185 0
    endloop
  endfacet
  facet normal 0.427578 0.903978 -0
    outer loop
      vertex -79.8189 -2.07873 0
      vertex -80.0185 -1.98432 27.84
      vertex -79.8189 -2.07873 27.84
    endloop
  endfacet
  facet normal 0.427578 0.903978 0
    outer loop
      vertex -80.0185 -1.98432 27.84
      vertex -79.8189 -2.07873 0
      vertex -80.0185 -1.98432 0
    endloop
  endfacet
  facet normal -0.989176 -0.146736 0
    outer loop
      vertex -76.7187 0.220538 0
      vertex -76.7511 0.438952 27.84
      vertex -76.7511 0.438952 0
    endloop
  endfacet
  facet normal -0.989176 -0.146736 0
    outer loop
      vertex -76.7511 0.438952 27.84
      vertex -76.7187 0.220538 0
      vertex -76.7187 0.220538 27.84
    endloop
  endfacet
  facet normal -0.998803 -0.0489125 0
    outer loop
      vertex -76.7079 0 0
      vertex -76.7187 0.220538 27.84
      vertex -76.7187 0.220538 0
    endloop
  endfacet
  facet normal -0.998803 -0.0489125 0
    outer loop
      vertex -76.7187 0.220538 27.84
      vertex -76.7079 0 0
      vertex -76.7079 0 27.84
    endloop
  endfacet
  facet normal -0.970086 -0.242762 0
    outer loop
      vertex -76.7511 0.438952 0
      vertex -76.8047 0.65314 27.84
      vertex -76.8047 0.65314 0
    endloop
  endfacet
  facet normal -0.970086 -0.242762 0
    outer loop
      vertex -76.8047 0.65314 27.84
      vertex -76.7511 0.438952 0
      vertex -76.7511 0.438952 27.84
    endloop
  endfacet
  facet normal -0.427578 0.903978 0
    outer loop
      vertex -77.8972 -1.98432 0
      vertex -78.0968 -2.07873 27.84
      vertex -77.8972 -1.98432 27.84
    endloop
  endfacet
  facet normal -0.427578 0.903978 0
    outer loop
      vertex -78.0968 -2.07873 27.84
      vertex -77.8972 -1.98432 0
      vertex -78.0968 -2.07873 0
    endloop
  endfacet
  facet normal 0.0490565 -0.998796 0
    outer loop
      vertex -79.1784 2.23917 0
      vertex -78.9579 2.25 27.84
      vertex -79.1784 2.23917 27.84
    endloop
  endfacet
  facet normal 0.0490565 -0.998796 0
    outer loop
      vertex -78.9579 2.25 27.84
      vertex -79.1784 2.23917 0
      vertex -78.9579 2.25 0
    endloop
  endfacet
  facet normal 0.989176 -0.146736 0
    outer loop
      vertex -81.197 0.220538 27.84
      vertex -81.1646 0.438952 0
      vertex -81.1646 0.438952 27.84
    endloop
  endfacet
  facet normal 0.989176 -0.146736 0
    outer loop
      vertex -81.1646 0.438952 0
      vertex -81.197 0.220538 27.84
      vertex -81.197 0.220538 0
    endloop
  endfacet
  facet normal 0.146746 0.989174 -0
    outer loop
      vertex -79.1784 -2.23917 0
      vertex -79.3968 -2.20677 27.84
      vertex -79.1784 -2.23917 27.84
    endloop
  endfacet
  facet normal 0.146746 0.989174 0
    outer loop
      vertex -79.3968 -2.20677 27.84
      vertex -79.1784 -2.23917 0
      vertex -79.3968 -2.20677 0
    endloop
  endfacet
  facet normal -0.427578 -0.903978 0
    outer loop
      vertex -78.0968 2.07873 0
      vertex -77.8972 1.98432 27.84
      vertex -78.0968 2.07873 27.84
    endloop
  endfacet
  facet normal -0.427578 -0.903978 -0
    outer loop
      vertex -77.8972 1.98432 27.84
      vertex -78.0968 2.07873 0
      vertex -77.8972 1.98432 0
    endloop
  endfacet
  facet normal 0.146746 -0.989174 0
    outer loop
      vertex -79.3968 2.20677 0
      vertex -79.1784 2.23917 27.84
      vertex -79.3968 2.20677 27.84
    endloop
  endfacet
  facet normal 0.146746 -0.989174 0
    outer loop
      vertex -79.1784 2.23917 27.84
      vertex -79.3968 2.20677 0
      vertex -79.1784 2.23917 0
    endloop
  endfacet
  facet normal 0.242962 0.970036 -0
    outer loop
      vertex -79.3968 -2.20677 0
      vertex -79.611 -2.15312 27.84
      vertex -79.3968 -2.20677 27.84
    endloop
  endfacet
  facet normal 0.242962 0.970036 0
    outer loop
      vertex -79.611 -2.15312 27.84
      vertex -79.3968 -2.20677 0
      vertex -79.611 -2.15312 0
    endloop
  endfacet
  facet normal 0.336899 0.941541 -0
    outer loop
      vertex -79.611 -2.15312 0
      vertex -79.8189 -2.07873 27.84
      vertex -79.611 -2.15312 27.84
    endloop
  endfacet
  facet normal 0.336899 0.941541 0
    outer loop
      vertex -79.8189 -2.07873 27.84
      vertex -79.611 -2.15312 0
      vertex -79.8189 -2.07873 0
    endloop
  endfacet
  facet normal 0.595832 -0.803109 0
    outer loop
      vertex -80.3852 1.73927 0
      vertex -80.2079 1.87081 27.84
      vertex -80.3852 1.73927 27.84
    endloop
  endfacet
  facet normal 0.595832 -0.803109 0
    outer loop
      vertex -80.2079 1.87081 27.84
      vertex -80.3852 1.73927 0
      vertex -80.2079 1.87081 0
    endloop
  endfacet
  facet normal 0.903998 -0.427536 0
    outer loop
      vertex -81.0366 0.861037 27.84
      vertex -80.9422 1.06064 0
      vertex -80.9422 1.06064 27.84
    endloop
  endfacet
  facet normal 0.903998 -0.427536 0
    outer loop
      vertex -80.9422 1.06064 0
      vertex -81.0366 0.861037 27.84
      vertex -81.0366 0.861037 0
    endloop
  endfacet
  facet normal -0.146746 0.989174 0
    outer loop
      vertex -78.5189 -2.20677 0
      vertex -78.7373 -2.23917 27.84
      vertex -78.5189 -2.20677 27.84
    endloop
  endfacet
  facet normal -0.146746 0.989174 0
    outer loop
      vertex -78.7373 -2.23917 27.84
      vertex -78.5189 -2.20677 0
      vertex -78.7373 -2.23917 0
    endloop
  endfacet
  facet normal 0.595832 0.803109 -0
    outer loop
      vertex -80.2079 -1.87081 0
      vertex -80.3852 -1.73927 27.84
      vertex -80.2079 -1.87081 27.84
    endloop
  endfacet
  facet normal 0.595832 0.803109 0
    outer loop
      vertex -80.3852 -1.73927 27.84
      vertex -80.2079 -1.87081 0
      vertex -80.3852 -1.73927 0
    endloop
  endfacet
  facet normal 0.903998 0.427536 0
    outer loop
      vertex -80.9422 -1.06064 27.84
      vertex -81.0366 -0.861037 0
      vertex -81.0366 -0.861037 27.84
    endloop
  endfacet
  facet normal 0.903998 0.427536 0
    outer loop
      vertex -81.0366 -0.861037 0
      vertex -80.9422 -1.06064 27.84
      vertex -80.9422 -1.06064 0
    endloop
  endfacet
  facet normal -0.514063 -0.857753 0
    outer loop
      vertex -77.8972 1.98432 0
      vertex -77.7078 1.87081 27.84
      vertex -77.8972 1.98432 27.84
    endloop
  endfacet
  facet normal -0.514063 -0.857753 -0
    outer loop
      vertex -77.7078 1.87081 27.84
      vertex -77.8972 1.98432 0
      vertex -77.7078 1.87081 0
    endloop
  endfacet
  facet normal -0.595832 0.803109 0
    outer loop
      vertex -77.5305 -1.73927 0
      vertex -77.7078 -1.87081 27.84
      vertex -77.5305 -1.73927 27.84
    endloop
  endfacet
  facet normal -0.595832 0.803109 0
    outer loop
      vertex -77.7078 -1.87081 27.84
      vertex -77.5305 -1.73927 0
      vertex -77.7078 -1.87081 0
    endloop
  endfacet
  facet normal -0.0490343 -0.998797 0
    outer loop
      vertex -78.9579 2.25 0
      vertex -78.7373 2.23917 27.84
      vertex -78.9579 2.25 27.84
    endloop
  endfacet
  facet normal -0.0490343 -0.998797 -0
    outer loop
      vertex -78.7373 2.23917 27.84
      vertex -78.9579 2.25 0
      vertex -78.7373 2.23917 0
    endloop
  endfacet
  facet normal 0.998781 0.0493643 0
    outer loop
      vertex -81.197 -0.220538 27.84
      vertex -81.2079 0 0
      vertex -81.2079 0 27.84
    endloop
  endfacet
  facet normal 0.998781 0.0493643 0
    outer loop
      vertex -81.2079 0 0
      vertex -81.197 -0.220538 27.84
      vertex -81.197 -0.220538 0
    endloop
  endfacet
  facet normal -0.595832 -0.803109 0
    outer loop
      vertex -77.7078 1.87081 0
      vertex -77.5305 1.73927 27.84
      vertex -77.7078 1.87081 27.84
    endloop
  endfacet
  facet normal -0.595832 -0.803109 -0
    outer loop
      vertex -77.5305 1.73927 27.84
      vertex -77.7078 1.87081 0
      vertex -77.5305 1.73927 0
    endloop
  endfacet
  facet normal -0.970086 0.242762 0
    outer loop
      vertex -76.8047 -0.65314 0
      vertex -76.7511 -0.438952 27.84
      vertex -76.7511 -0.438952 0
    endloop
  endfacet
  facet normal -0.970086 0.242762 0
    outer loop
      vertex -76.7511 -0.438952 27.84
      vertex -76.8047 -0.65314 0
      vertex -76.8047 -0.65314 27.84
    endloop
  endfacet
  facet normal -0.740923 -0.67159 0
    outer loop
      vertex -77.2186 1.42738 0
      vertex -77.3669 1.59099 27.84
      vertex -77.3669 1.59099 0
    endloop
  endfacet
  facet normal -0.740923 -0.67159 0
    outer loop
      vertex -77.3669 1.59099 27.84
      vertex -77.2186 1.42738 0
      vertex -77.2186 1.42738 27.84
    endloop
  endfacet
  facet normal 0.941525 0.336943 0
    outer loop
      vertex -81.0366 -0.861037 27.84
      vertex -81.111 -0.65314 0
      vertex -81.111 -0.65314 27.84
    endloop
  endfacet
  facet normal 0.941525 0.336943 0
    outer loop
      vertex -81.111 -0.65314 0
      vertex -81.0366 -0.861037 27.84
      vertex -81.0366 -0.861037 0
    endloop
  endfacet
  facet normal -0.242962 -0.970036 0
    outer loop
      vertex -78.5189 2.20677 0
      vertex -78.3047 2.15312 27.84
      vertex -78.5189 2.20677 27.84
    endloop
  endfacet
  facet normal -0.242962 -0.970036 -0
    outer loop
      vertex -78.3047 2.15312 27.84
      vertex -78.5189 2.20677 0
      vertex -78.3047 2.15312 0
    endloop
  endfacet
  facet normal 0.741148 -0.671341 0
    outer loop
      vertex -80.6971 1.42738 27.84
      vertex -80.5489 1.59099 0
      vertex -80.5489 1.59099 27.84
    endloop
  endfacet
  facet normal 0.741148 -0.671341 0
    outer loop
      vertex -80.5489 1.59099 0
      vertex -80.6971 1.42738 27.84
      vertex -80.6971 1.42738 0
    endloop
  endfacet
  facet normal -0.0490343 0.998797 0
    outer loop
      vertex -78.7373 -2.23917 0
      vertex -78.9579 -2.25 27.84
      vertex -78.7373 -2.23917 27.84
    endloop
  endfacet
  facet normal -0.0490343 0.998797 0
    outer loop
      vertex -78.9579 -2.25 27.84
      vertex -78.7373 -2.23917 0
      vertex -78.9579 -2.25 0
    endloop
  endfacet
  facet normal -0.803276 -0.595607 0
    outer loop
      vertex -77.0871 1.25003 0
      vertex -77.2186 1.42738 27.84
      vertex -77.2186 1.42738 0
    endloop
  endfacet
  facet normal -0.803276 -0.595607 0
    outer loop
      vertex -77.2186 1.42738 27.84
      vertex -77.0871 1.25003 0
      vertex -77.0871 1.25003 27.84
    endloop
  endfacet
  facet normal 0.970086 0.242762 0
    outer loop
      vertex -81.111 -0.65314 27.84
      vertex -81.1646 -0.438952 0
      vertex -81.1646 -0.438952 27.84
    endloop
  endfacet
  facet normal 0.970086 0.242762 0
    outer loop
      vertex -81.1646 -0.438952 0
      vertex -81.111 -0.65314 27.84
      vertex -81.111 -0.65314 0
    endloop
  endfacet
  facet normal -0.989176 0.146736 0
    outer loop
      vertex -76.7511 -0.438952 0
      vertex -76.7187 -0.220538 27.84
      vertex -76.7187 -0.220538 0
    endloop
  endfacet
  facet normal -0.989176 0.146736 0
    outer loop
      vertex -76.7187 -0.220538 27.84
      vertex -76.7511 -0.438952 0
      vertex -76.7511 -0.438952 27.84
    endloop
  endfacet
  facet normal -0.514063 0.857753 0
    outer loop
      vertex -77.7078 -1.87081 0
      vertex -77.8972 -1.98432 27.84
      vertex -77.7078 -1.87081 27.84
    endloop
  endfacet
  facet normal -0.514063 0.857753 0
    outer loop
      vertex -77.8972 -1.98432 27.84
      vertex -77.7078 -1.87081 0
      vertex -77.8972 -1.98432 0
    endloop
  endfacet
  facet normal 0.941525 -0.336943 0
    outer loop
      vertex -81.111 0.65314 27.84
      vertex -81.0366 0.861037 0
      vertex -81.0366 0.861037 27.84
    endloop
  endfacet
  facet normal 0.941525 -0.336943 0
    outer loop
      vertex -81.0366 0.861037 0
      vertex -81.111 0.65314 27.84
      vertex -81.111 0.65314 0
    endloop
  endfacet
  facet normal -0.903998 0.427536 0
    outer loop
      vertex -76.9735 -1.06064 0
      vertex -76.8791 -0.861037 27.84
      vertex -76.8791 -0.861037 0
    endloop
  endfacet
  facet normal -0.903998 0.427536 0
    outer loop
      vertex -76.8791 -0.861037 27.84
      vertex -76.9735 -1.06064 0
      vertex -76.9735 -1.06064 27.84
    endloop
  endfacet
  facet normal -0.336899 -0.941541 0
    outer loop
      vertex -78.3047 2.15312 0
      vertex -78.0968 2.07873 27.84
      vertex -78.3047 2.15312 27.84
    endloop
  endfacet
  facet normal -0.336899 -0.941541 -0
    outer loop
      vertex -78.0968 2.07873 27.84
      vertex -78.3047 2.15312 0
      vertex -78.0968 2.07873 0
    endloop
  endfacet
  facet normal -0.998803 0.0489125 0
    outer loop
      vertex -76.7187 -0.220538 0
      vertex -76.7079 0 27.84
      vertex -76.7079 0 0
    endloop
  endfacet
  facet normal -0.998803 0.0489125 0
    outer loop
      vertex -76.7079 0 27.84
      vertex -76.7187 -0.220538 0
      vertex -76.7187 -0.220538 27.84
    endloop
  endfacet
  facet normal -0.336899 0.941541 0
    outer loop
      vertex -78.0968 -2.07873 0
      vertex -78.3047 -2.15312 27.84
      vertex -78.0968 -2.07873 27.84
    endloop
  endfacet
  facet normal -0.336899 0.941541 0
    outer loop
      vertex -78.3047 -2.15312 27.84
      vertex -78.0968 -2.07873 0
      vertex -78.3047 -2.15312 0
    endloop
  endfacet
  facet normal -0.941525 -0.336943 0
    outer loop
      vertex -76.8047 0.65314 0
      vertex -76.8791 0.861037 27.84
      vertex -76.8791 0.861037 0
    endloop
  endfacet
  facet normal -0.941525 -0.336943 0
    outer loop
      vertex -76.8791 0.861037 27.84
      vertex -76.8047 0.65314 0
      vertex -76.8047 0.65314 27.84
    endloop
  endfacet
  facet normal -0.803276 0.595607 0
    outer loop
      vertex -77.2186 -1.42738 0
      vertex -77.0871 -1.25003 27.84
      vertex -77.0871 -1.25003 0
    endloop
  endfacet
  facet normal -0.803276 0.595607 0
    outer loop
      vertex -77.0871 -1.25003 27.84
      vertex -77.2186 -1.42738 0
      vertex -77.2186 -1.42738 27.84
    endloop
  endfacet
  facet normal -0.857561 0.514383 0
    outer loop
      vertex -77.0871 -1.25003 0
      vertex -76.9735 -1.06064 27.84
      vertex -76.9735 -1.06064 0
    endloop
  endfacet
  facet normal -0.857561 0.514383 0
    outer loop
      vertex -76.9735 -1.06064 27.84
      vertex -77.0871 -1.25003 0
      vertex -77.0871 -1.25003 27.84
    endloop
  endfacet
  facet normal 0.242962 -0.970036 0
    outer loop
      vertex -79.611 2.15312 0
      vertex -79.3968 2.20677 27.84
      vertex -79.611 2.15312 27.84
    endloop
  endfacet
  facet normal 0.242962 -0.970036 0
    outer loop
      vertex -79.3968 2.20677 27.84
      vertex -79.611 2.15312 0
      vertex -79.3968 2.20677 0
    endloop
  endfacet
  facet normal -0.941525 0.336943 0
    outer loop
      vertex -76.8791 -0.861037 0
      vertex -76.8047 -0.65314 27.84
      vertex -76.8047 -0.65314 0
    endloop
  endfacet
  facet normal -0.941525 0.336943 0
    outer loop
      vertex -76.8047 -0.65314 27.84
      vertex -76.8791 -0.861037 0
      vertex -76.8791 -0.861037 27.84
    endloop
  endfacet
  facet normal -0.903998 -0.427536 0
    outer loop
      vertex -76.8791 0.861037 0
      vertex -76.9735 1.06064 27.84
      vertex -76.9735 1.06064 0
    endloop
  endfacet
  facet normal -0.903998 -0.427536 0
    outer loop
      vertex -76.9735 1.06064 27.84
      vertex -76.8791 0.861037 0
      vertex -76.8791 0.861037 27.84
    endloop
  endfacet
  facet normal -0.146746 -0.989174 0
    outer loop
      vertex -78.7373 2.23917 0
      vertex -78.5189 2.20677 27.84
      vertex -78.7373 2.23917 27.84
    endloop
  endfacet
  facet normal -0.146746 -0.989174 -0
    outer loop
      vertex -78.5189 2.20677 27.84
      vertex -78.7373 2.23917 0
      vertex -78.5189 2.20677 0
    endloop
  endfacet
  facet normal 0.857761 0.514049 0
    outer loop
      vertex -80.8287 -1.25003 27.84
      vertex -80.9422 -1.06064 0
      vertex -80.9422 -1.06064 27.84
    endloop
  endfacet
  facet normal 0.857761 0.514049 0
    outer loop
      vertex -80.9422 -1.06064 0
      vertex -80.8287 -1.25003 27.84
      vertex -80.8287 -1.25003 0
    endloop
  endfacet
  facet normal -0.857561 -0.514383 0
    outer loop
      vertex -76.9735 1.06064 0
      vertex -77.0871 1.25003 27.84
      vertex -77.0871 1.25003 0
    endloop
  endfacet
  facet normal -0.857561 -0.514383 0
    outer loop
      vertex -77.0871 1.25003 27.84
      vertex -76.9735 1.06064 0
      vertex -76.9735 1.06064 27.84
    endloop
  endfacet
  facet normal 0.336899 -0.941541 0
    outer loop
      vertex -79.8189 2.07873 0
      vertex -79.611 2.15312 27.84
      vertex -79.8189 2.07873 27.84
    endloop
  endfacet
  facet normal 0.336899 -0.941541 0
    outer loop
      vertex -79.611 2.15312 27.84
      vertex -79.8189 2.07873 0
      vertex -79.611 2.15312 0
    endloop
  endfacet
  facet normal 0.741148 0.671341 0
    outer loop
      vertex -80.5489 -1.59099 27.84
      vertex -80.6971 -1.42738 0
      vertex -80.6971 -1.42738 27.84
    endloop
  endfacet
  facet normal 0.741148 0.671341 0
    outer loop
      vertex -80.6971 -1.42738 0
      vertex -80.5489 -1.59099 27.84
      vertex -80.5489 -1.59099 0
    endloop
  endfacet
  facet normal 0.671338 -0.741152 0
    outer loop
      vertex -80.5489 1.59099 0
      vertex -80.3852 1.73927 27.84
      vertex -80.5489 1.59099 27.84
    endloop
  endfacet
  facet normal 0.671338 -0.741152 0
    outer loop
      vertex -80.3852 1.73927 27.84
      vertex -80.5489 1.59099 0
      vertex -80.3852 1.73927 0
    endloop
  endfacet
  facet normal -0.242962 0.970036 0
    outer loop
      vertex -78.3047 -2.15312 0
      vertex -78.5189 -2.20677 27.84
      vertex -78.3047 -2.15312 27.84
    endloop
  endfacet
  facet normal -0.242962 0.970036 0
    outer loop
      vertex -78.5189 -2.20677 27.84
      vertex -78.3047 -2.15312 0
      vertex -78.5189 -2.20677 0
    endloop
  endfacet
  facet normal 0.514063 -0.857753 0
    outer loop
      vertex -80.2079 1.87081 0
      vertex -80.0185 1.98432 27.84
      vertex -80.2079 1.87081 27.84
    endloop
  endfacet
  facet normal 0.514063 -0.857753 0
    outer loop
      vertex -80.0185 1.98432 27.84
      vertex -80.2079 1.87081 0
      vertex -80.0185 1.98432 0
    endloop
  endfacet
  facet normal 0.427578 -0.903978 0
    outer loop
      vertex -80.0185 1.98432 0
      vertex -79.8189 2.07873 27.84
      vertex -80.0185 1.98432 27.84
    endloop
  endfacet
  facet normal 0.427578 -0.903978 0
    outer loop
      vertex -79.8189 2.07873 27.84
      vertex -80.0185 1.98432 0
      vertex -79.8189 2.07873 0
    endloop
  endfacet
  facet normal 0.514063 0.857753 -0
    outer loop
      vertex -80.0185 -1.98432 0
      vertex -80.2079 -1.87081 27.84
      vertex -80.0185 -1.98432 27.84
    endloop
  endfacet
  facet normal 0.514063 0.857753 0
    outer loop
      vertex -80.2079 -1.87081 27.84
      vertex -80.0185 -1.98432 0
      vertex -80.2079 -1.87081 0
    endloop
  endfacet
  facet normal -0.671563 -0.740948 0
    outer loop
      vertex -77.5305 1.73927 0
      vertex -77.3669 1.59099 27.84
      vertex -77.5305 1.73927 27.84
    endloop
  endfacet
  facet normal -0.671563 -0.740948 -0
    outer loop
      vertex -77.3669 1.59099 27.84
      vertex -77.5305 1.73927 0
      vertex -77.3669 1.59099 0
    endloop
  endfacet
  facet normal 0.970086 -0.242762 0
    outer loop
      vertex -81.1646 0.438952 27.84
      vertex -81.111 0.65314 0
      vertex -81.111 0.65314 27.84
    endloop
  endfacet
  facet normal 0.970086 -0.242762 0
    outer loop
      vertex -81.111 0.65314 0
      vertex -81.1646 0.438952 27.84
      vertex -81.1646 0.438952 0
    endloop
  endfacet
  facet normal 0.80306 0.595899 0
    outer loop
      vertex -80.6971 -1.42738 27.84
      vertex -80.8287 -1.25003 0
      vertex -80.8287 -1.25003 27.84
    endloop
  endfacet
  facet normal 0.80306 0.595899 0
    outer loop
      vertex -80.8287 -1.25003 0
      vertex -80.6971 -1.42738 27.84
      vertex -80.6971 -1.42738 0
    endloop
  endfacet
  facet normal 0.989176 0.146736 0
    outer loop
      vertex -81.1646 -0.438952 27.84
      vertex -81.197 -0.220538 0
      vertex -81.197 -0.220538 27.84
    endloop
  endfacet
  facet normal 0.989176 0.146736 0
    outer loop
      vertex -81.197 -0.220538 0
      vertex -81.1646 -0.438952 27.84
      vertex -81.1646 -0.438952 0
    endloop
  endfacet
  facet normal 0.671338 0.741152 -0
    outer loop
      vertex -80.3852 -1.73927 0
      vertex -80.5489 -1.59099 27.84
      vertex -80.3852 -1.73927 27.84
    endloop
  endfacet
  facet normal 0.671338 0.741152 0
    outer loop
      vertex -80.5489 -1.59099 27.84
      vertex -80.3852 -1.73927 0
      vertex -80.5489 -1.59099 0
    endloop
  endfacet
  facet normal 0.80306 -0.595899 0
    outer loop
      vertex -80.8287 1.25003 27.84
      vertex -80.6971 1.42738 0
      vertex -80.6971 1.42738 27.84
    endloop
  endfacet
  facet normal 0.80306 -0.595899 0
    outer loop
      vertex -80.6971 1.42738 0
      vertex -80.8287 1.25003 27.84
      vertex -80.8287 1.25003 0
    endloop
  endfacet
  facet normal 0.857761 -0.514049 0
    outer loop
      vertex -80.9422 1.06064 27.84
      vertex -80.8287 1.25003 0
      vertex -80.8287 1.25003 27.84
    endloop
  endfacet
  facet normal 0.857761 -0.514049 0
    outer loop
      vertex -80.8287 1.25003 0
      vertex -80.9422 1.06064 27.84
      vertex -80.9422 1.06064 0
    endloop
  endfacet
  facet normal 0.0490565 0.998796 -0
    outer loop
      vertex -78.9579 -2.25 0
      vertex -79.1784 -2.23917 27.84
      vertex -78.9579 -2.25 27.84
    endloop
  endfacet
  facet normal 0.0490565 0.998796 0
    outer loop
      vertex -79.1784 -2.23917 27.84
      vertex -78.9579 -2.25 0
      vertex -79.1784 -2.23917 0
    endloop
  endfacet
  facet normal 0.998781 -0.0493643 0
    outer loop
      vertex -81.2079 0 27.84
      vertex -81.197 0.220538 0
      vertex -81.197 0.220538 27.84
    endloop
  endfacet
  facet normal 0.998781 -0.0493643 0
    outer loop
      vertex -81.197 0.220538 0
      vertex -81.2079 0 27.84
      vertex -81.2079 0 0
    endloop
  endfacet
  facet normal -0.740923 0.67159 0
    outer loop
      vertex -77.3669 -1.59099 0
      vertex -77.2186 -1.42738 27.84
      vertex -77.2186 -1.42738 0
    endloop
  endfacet
  facet normal -0.740923 0.67159 0
    outer loop
      vertex -77.2186 -1.42738 27.84
      vertex -77.3669 -1.59099 0
      vertex -77.3669 -1.59099 27.84
    endloop
  endfacet
  facet normal -0.671563 0.740948 0
    outer loop
      vertex -77.3669 -1.59099 0
      vertex -77.5305 -1.73927 27.84
      vertex -77.3669 -1.59099 27.84
    endloop
  endfacet
  facet normal -0.671563 0.740948 0
    outer loop
      vertex -77.5305 -1.73927 27.84
      vertex -77.3669 -1.59099 0
      vertex -77.5305 -1.73927 0
    endloop
  endfacet
  facet normal 0.671563 0.740948 -0
    outer loop
      vertex 77.5305 -1.73927 0
      vertex 77.3669 -1.59099 27.84
      vertex 77.5305 -1.73927 27.84
    endloop
  endfacet
  facet normal 0.671563 0.740948 0
    outer loop
      vertex 77.3669 -1.59099 27.84
      vertex 77.5305 -1.73927 0
      vertex 77.3669 -1.59099 0
    endloop
  endfacet
  facet normal 0.941525 -0.336943 0
    outer loop
      vertex 76.8047 0.65314 27.84
      vertex 76.8791 0.861037 0
      vertex 76.8791 0.861037 27.84
    endloop
  endfacet
  facet normal 0.941525 -0.336943 0
    outer loop
      vertex 76.8791 0.861037 0
      vertex 76.8047 0.65314 27.84
      vertex 76.8047 0.65314 0
    endloop
  endfacet
  facet normal -0.989176 -0.146736 0
    outer loop
      vertex 81.197 0.220538 0
      vertex 81.1646 0.438952 27.84
      vertex 81.1646 0.438952 0
    endloop
  endfacet
  facet normal -0.989176 -0.146736 0
    outer loop
      vertex 81.1646 0.438952 27.84
      vertex 81.197 0.220538 0
      vertex 81.197 0.220538 27.84
    endloop
  endfacet
  facet normal -0.998781 -0.0493643 0
    outer loop
      vertex 81.2079 0 0
      vertex 81.197 0.220538 27.84
      vertex 81.197 0.220538 0
    endloop
  endfacet
  facet normal -0.998781 -0.0493643 0
    outer loop
      vertex 81.197 0.220538 27.84
      vertex 81.2079 0 0
      vertex 81.2079 0 27.84
    endloop
  endfacet
  facet normal 0.514063 0.857753 -0
    outer loop
      vertex 77.8972 -1.98432 0
      vertex 77.7078 -1.87081 27.84
      vertex 77.8972 -1.98432 27.84
    endloop
  endfacet
  facet normal 0.514063 0.857753 0
    outer loop
      vertex 77.7078 -1.87081 27.84
      vertex 77.8972 -1.98432 0
      vertex 77.7078 -1.87081 0
    endloop
  endfacet
  facet normal -0.671338 -0.741152 0
    outer loop
      vertex 80.3852 1.73927 0
      vertex 80.5489 1.59099 27.84
      vertex 80.3852 1.73927 27.84
    endloop
  endfacet
  facet normal -0.671338 -0.741152 -0
    outer loop
      vertex 80.5489 1.59099 27.84
      vertex 80.3852 1.73927 0
      vertex 80.5489 1.59099 0
    endloop
  endfacet
  facet normal 0.146746 0.989174 -0
    outer loop
      vertex 78.7373 -2.23917 0
      vertex 78.5189 -2.20677 27.84
      vertex 78.7373 -2.23917 27.84
    endloop
  endfacet
  facet normal 0.146746 0.989174 0
    outer loop
      vertex 78.5189 -2.20677 27.84
      vertex 78.7373 -2.23917 0
      vertex 78.5189 -2.20677 0
    endloop
  endfacet
  facet normal -0.741148 -0.671341 0
    outer loop
      vertex 80.6971 1.42738 0
      vertex 80.5489 1.59099 27.84
      vertex 80.5489 1.59099 0
    endloop
  endfacet
  facet normal -0.741148 -0.671341 0
    outer loop
      vertex 80.5489 1.59099 27.84
      vertex 80.6971 1.42738 0
      vertex 80.6971 1.42738 27.84
    endloop
  endfacet
  facet normal -0.427578 -0.903978 0
    outer loop
      vertex 79.8189 2.07873 0
      vertex 80.0185 1.98432 27.84
      vertex 79.8189 2.07873 27.84
    endloop
  endfacet
  facet normal -0.427578 -0.903978 -0
    outer loop
      vertex 80.0185 1.98432 27.84
      vertex 79.8189 2.07873 0
      vertex 80.0185 1.98432 0
    endloop
  endfacet
  facet normal -0.0490565 0.998796 0
    outer loop
      vertex 79.1784 -2.23917 0
      vertex 78.9579 -2.25 27.84
      vertex 79.1784 -2.23917 27.84
    endloop
  endfacet
  facet normal -0.0490565 0.998796 0
    outer loop
      vertex 78.9579 -2.25 27.84
      vertex 79.1784 -2.23917 0
      vertex 78.9579 -2.25 0
    endloop
  endfacet
  facet normal 0.740923 -0.67159 0
    outer loop
      vertex 77.2186 1.42738 27.84
      vertex 77.3669 1.59099 0
      vertex 77.3669 1.59099 27.84
    endloop
  endfacet
  facet normal 0.740923 -0.67159 0
    outer loop
      vertex 77.3669 1.59099 0
      vertex 77.2186 1.42738 27.84
      vertex 77.2186 1.42738 0
    endloop
  endfacet
  facet normal -0.989176 0.146736 0
    outer loop
      vertex 81.1646 -0.438952 0
      vertex 81.197 -0.220538 27.84
      vertex 81.197 -0.220538 0
    endloop
  endfacet
  facet normal -0.989176 0.146736 0
    outer loop
      vertex 81.197 -0.220538 27.84
      vertex 81.1646 -0.438952 0
      vertex 81.1646 -0.438952 27.84
    endloop
  endfacet
  facet normal -0.903998 -0.427536 0
    outer loop
      vertex 81.0366 0.861037 0
      vertex 80.9422 1.06064 27.84
      vertex 80.9422 1.06064 0
    endloop
  endfacet
  facet normal -0.903998 -0.427536 0
    outer loop
      vertex 80.9422 1.06064 27.84
      vertex 81.0366 0.861037 0
      vertex 81.0366 0.861037 27.84
    endloop
  endfacet
  facet normal 0.242962 -0.970036 0
    outer loop
      vertex 78.3047 2.15312 0
      vertex 78.5189 2.20677 27.84
      vertex 78.3047 2.15312 27.84
    endloop
  endfacet
  facet normal 0.242962 -0.970036 0
    outer loop
      vertex 78.5189 2.20677 27.84
      vertex 78.3047 2.15312 0
      vertex 78.5189 2.20677 0
    endloop
  endfacet
  facet normal 0.803276 -0.595607 0
    outer loop
      vertex 77.0871 1.25003 27.84
      vertex 77.2186 1.42738 0
      vertex 77.2186 1.42738 27.84
    endloop
  endfacet
  facet normal 0.803276 -0.595607 0
    outer loop
      vertex 77.2186 1.42738 0
      vertex 77.0871 1.25003 27.84
      vertex 77.0871 1.25003 0
    endloop
  endfacet
  facet normal -0.242962 -0.970036 0
    outer loop
      vertex 79.3968 2.20677 0
      vertex 79.611 2.15312 27.84
      vertex 79.3968 2.20677 27.84
    endloop
  endfacet
  facet normal -0.242962 -0.970036 -0
    outer loop
      vertex 79.611 2.15312 27.84
      vertex 79.3968 2.20677 0
      vertex 79.611 2.15312 0
    endloop
  endfacet
  facet normal -0.336899 -0.941541 0
    outer loop
      vertex 79.611 2.15312 0
      vertex 79.8189 2.07873 27.84
      vertex 79.611 2.15312 27.84
    endloop
  endfacet
  facet normal -0.336899 -0.941541 -0
    outer loop
      vertex 79.8189 2.07873 27.84
      vertex 79.611 2.15312 0
      vertex 79.8189 2.07873 0
    endloop
  endfacet
  facet normal -0.941525 -0.336943 0
    outer loop
      vertex 81.111 0.65314 0
      vertex 81.0366 0.861037 27.84
      vertex 81.0366 0.861037 0
    endloop
  endfacet
  facet normal -0.941525 -0.336943 0
    outer loop
      vertex 81.0366 0.861037 27.84
      vertex 81.111 0.65314 0
      vertex 81.111 0.65314 27.84
    endloop
  endfacet
  facet normal -0.595832 -0.803109 0
    outer loop
      vertex 80.2079 1.87081 0
      vertex 80.3852 1.73927 27.84
      vertex 80.2079 1.87081 27.84
    endloop
  endfacet
  facet normal -0.595832 -0.803109 -0
    outer loop
      vertex 80.3852 1.73927 27.84
      vertex 80.2079 1.87081 0
      vertex 80.3852 1.73927 0
    endloop
  endfacet
  facet normal 0.857561 0.514383 0
    outer loop
      vertex 77.0871 -1.25003 27.84
      vertex 76.9735 -1.06064 0
      vertex 76.9735 -1.06064 27.84
    endloop
  endfacet
  facet normal 0.857561 0.514383 0
    outer loop
      vertex 76.9735 -1.06064 0
      vertex 77.0871 -1.25003 27.84
      vertex 77.0871 -1.25003 0
    endloop
  endfacet
  facet normal -0.514063 -0.857753 0
    outer loop
      vertex 80.0185 1.98432 0
      vertex 80.2079 1.87081 27.84
      vertex 80.0185 1.98432 27.84
    endloop
  endfacet
  facet normal -0.514063 -0.857753 -0
    outer loop
      vertex 80.2079 1.87081 27.84
      vertex 80.0185 1.98432 0
      vertex 80.2079 1.87081 0
    endloop
  endfacet
  facet normal -0.941525 0.336943 0
    outer loop
      vertex 81.0366 -0.861037 0
      vertex 81.111 -0.65314 27.84
      vertex 81.111 -0.65314 0
    endloop
  endfacet
  facet normal -0.941525 0.336943 0
    outer loop
      vertex 81.111 -0.65314 27.84
      vertex 81.0366 -0.861037 0
      vertex 81.0366 -0.861037 27.84
    endloop
  endfacet
  facet normal 0.857561 -0.514383 0
    outer loop
      vertex 76.9735 1.06064 27.84
      vertex 77.0871 1.25003 0
      vertex 77.0871 1.25003 27.84
    endloop
  endfacet
  facet normal 0.857561 -0.514383 0
    outer loop
      vertex 77.0871 1.25003 0
      vertex 76.9735 1.06064 27.84
      vertex 76.9735 1.06064 0
    endloop
  endfacet
  facet normal 0.970086 0.242762 0
    outer loop
      vertex 76.8047 -0.65314 27.84
      vertex 76.7511 -0.438952 0
      vertex 76.7511 -0.438952 27.84
    endloop
  endfacet
  facet normal 0.970086 0.242762 0
    outer loop
      vertex 76.7511 -0.438952 0
      vertex 76.8047 -0.65314 27.84
      vertex 76.8047 -0.65314 0
    endloop
  endfacet
  facet normal -0.0490565 -0.998796 0
    outer loop
      vertex 78.9579 2.25 0
      vertex 79.1784 2.23917 27.84
      vertex 78.9579 2.25 27.84
    endloop
  endfacet
  facet normal -0.0490565 -0.998796 -0
    outer loop
      vertex 79.1784 2.23917 27.84
      vertex 78.9579 2.25 0
      vertex 79.1784 2.23917 0
    endloop
  endfacet
  facet normal -0.857761 -0.514049 0
    outer loop
      vertex 80.9422 1.06064 0
      vertex 80.8287 1.25003 27.84
      vertex 80.8287 1.25003 0
    endloop
  endfacet
  facet normal -0.857761 -0.514049 0
    outer loop
      vertex 80.8287 1.25003 27.84
      vertex 80.9422 1.06064 0
      vertex 80.9422 1.06064 27.84
    endloop
  endfacet
  facet normal 0.941525 0.336943 0
    outer loop
      vertex 76.8791 -0.861037 27.84
      vertex 76.8047 -0.65314 0
      vertex 76.8047 -0.65314 27.84
    endloop
  endfacet
  facet normal 0.941525 0.336943 0
    outer loop
      vertex 76.8047 -0.65314 0
      vertex 76.8791 -0.861037 27.84
      vertex 76.8791 -0.861037 0
    endloop
  endfacet
  facet normal 0.671563 -0.740948 0
    outer loop
      vertex 77.3669 1.59099 0
      vertex 77.5305 1.73927 27.84
      vertex 77.3669 1.59099 27.84
    endloop
  endfacet
  facet normal 0.671563 -0.740948 0
    outer loop
      vertex 77.5305 1.73927 27.84
      vertex 77.3669 1.59099 0
      vertex 77.5305 1.73927 0
    endloop
  endfacet
  facet normal -0.970086 0.242762 0
    outer loop
      vertex 81.111 -0.65314 0
      vertex 81.1646 -0.438952 27.84
      vertex 81.1646 -0.438952 0
    endloop
  endfacet
  facet normal -0.970086 0.242762 0
    outer loop
      vertex 81.1646 -0.438952 27.84
      vertex 81.111 -0.65314 0
      vertex 81.111 -0.65314 27.84
    endloop
  endfacet
  facet normal 0.514063 -0.857753 0
    outer loop
      vertex 77.7078 1.87081 0
      vertex 77.8972 1.98432 27.84
      vertex 77.7078 1.87081 27.84
    endloop
  endfacet
  facet normal 0.514063 -0.857753 0
    outer loop
      vertex 77.8972 1.98432 27.84
      vertex 77.7078 1.87081 0
      vertex 77.8972 1.98432 0
    endloop
  endfacet
  facet normal 0.998803 0.0489125 0
    outer loop
      vertex 76.7187 -0.220538 27.84
      vertex 76.7079 0 0
      vertex 76.7079 0 27.84
    endloop
  endfacet
  facet normal 0.998803 0.0489125 0
    outer loop
      vertex 76.7079 0 0
      vertex 76.7187 -0.220538 27.84
      vertex 76.7187 -0.220538 0
    endloop
  endfacet
  facet normal 0.970086 -0.242762 0
    outer loop
      vertex 76.7511 0.438952 27.84
      vertex 76.8047 0.65314 0
      vertex 76.8047 0.65314 27.84
    endloop
  endfacet
  facet normal 0.970086 -0.242762 0
    outer loop
      vertex 76.8047 0.65314 0
      vertex 76.7511 0.438952 27.84
      vertex 76.7511 0.438952 0
    endloop
  endfacet
  facet normal -0.427578 0.903978 0
    outer loop
      vertex 80.0185 -1.98432 0
      vertex 79.8189 -2.07873 27.84
      vertex 80.0185 -1.98432 27.84
    endloop
  endfacet
  facet normal -0.427578 0.903978 0
    outer loop
      vertex 79.8189 -2.07873 27.84
      vertex 80.0185 -1.98432 0
      vertex 79.8189 -2.07873 0
    endloop
  endfacet
  facet normal 0.336899 0.941541 -0
    outer loop
      vertex 78.3047 -2.15312 0
      vertex 78.0968 -2.07873 27.84
      vertex 78.3047 -2.15312 27.84
    endloop
  endfacet
  facet normal 0.336899 0.941541 0
    outer loop
      vertex 78.0968 -2.07873 27.84
      vertex 78.3047 -2.15312 0
      vertex 78.0968 -2.07873 0
    endloop
  endfacet
  facet normal 0.336899 -0.941541 0
    outer loop
      vertex 78.0968 2.07873 0
      vertex 78.3047 2.15312 27.84
      vertex 78.0968 2.07873 27.84
    endloop
  endfacet
  facet normal 0.336899 -0.941541 0
    outer loop
      vertex 78.3047 2.15312 27.84
      vertex 78.0968 2.07873 0
      vertex 78.3047 2.15312 0
    endloop
  endfacet
  facet normal -0.514063 0.857753 0
    outer loop
      vertex 80.2079 -1.87081 0
      vertex 80.0185 -1.98432 27.84
      vertex 80.2079 -1.87081 27.84
    endloop
  endfacet
  facet normal -0.514063 0.857753 0
    outer loop
      vertex 80.0185 -1.98432 27.84
      vertex 80.2079 -1.87081 0
      vertex 80.0185 -1.98432 0
    endloop
  endfacet
  facet normal -0.146746 0.989174 0
    outer loop
      vertex 79.3968 -2.20677 0
      vertex 79.1784 -2.23917 27.84
      vertex 79.3968 -2.20677 27.84
    endloop
  endfacet
  facet normal -0.146746 0.989174 0
    outer loop
      vertex 79.1784 -2.23917 27.84
      vertex 79.3968 -2.20677 0
      vertex 79.1784 -2.23917 0
    endloop
  endfacet
  facet normal -0.741148 0.671341 0
    outer loop
      vertex 80.5489 -1.59099 0
      vertex 80.6971 -1.42738 27.84
      vertex 80.6971 -1.42738 0
    endloop
  endfacet
  facet normal -0.741148 0.671341 0
    outer loop
      vertex 80.6971 -1.42738 27.84
      vertex 80.5489 -1.59099 0
      vertex 80.5489 -1.59099 27.84
    endloop
  endfacet
  facet normal -0.80306 0.595899 0
    outer loop
      vertex 80.6971 -1.42738 0
      vertex 80.8287 -1.25003 27.84
      vertex 80.8287 -1.25003 0
    endloop
  endfacet
  facet normal -0.80306 0.595899 0
    outer loop
      vertex 80.8287 -1.25003 27.84
      vertex 80.6971 -1.42738 0
      vertex 80.6971 -1.42738 27.84
    endloop
  endfacet
  facet normal 0.0490343 -0.998797 0
    outer loop
      vertex 78.7373 2.23917 0
      vertex 78.9579 2.25 27.84
      vertex 78.7373 2.23917 27.84
    endloop
  endfacet
  facet normal 0.0490343 -0.998797 0
    outer loop
      vertex 78.9579 2.25 27.84
      vertex 78.7373 2.23917 0
      vertex 78.9579 2.25 0
    endloop
  endfacet
  facet normal 0.427578 -0.903978 0
    outer loop
      vertex 77.8972 1.98432 0
      vertex 78.0968 2.07873 27.84
      vertex 77.8972 1.98432 27.84
    endloop
  endfacet
  facet normal 0.427578 -0.903978 0
    outer loop
      vertex 78.0968 2.07873 27.84
      vertex 77.8972 1.98432 0
      vertex 78.0968 2.07873 0
    endloop
  endfacet
  facet normal 0.595832 -0.803109 0
    outer loop
      vertex 77.5305 1.73927 0
      vertex 77.7078 1.87081 27.84
      vertex 77.5305 1.73927 27.84
    endloop
  endfacet
  facet normal 0.595832 -0.803109 0
    outer loop
      vertex 77.7078 1.87081 27.84
      vertex 77.5305 1.73927 0
      vertex 77.7078 1.87081 0
    endloop
  endfacet
  facet normal 0.989176 -0.146736 0
    outer loop
      vertex 76.7187 0.220538 27.84
      vertex 76.7511 0.438952 0
      vertex 76.7511 0.438952 27.84
    endloop
  endfacet
  facet normal 0.989176 -0.146736 0
    outer loop
      vertex 76.7511 0.438952 0
      vertex 76.7187 0.220538 27.84
      vertex 76.7187 0.220538 0
    endloop
  endfacet
  facet normal 0.242962 0.970036 -0
    outer loop
      vertex 78.5189 -2.20677 0
      vertex 78.3047 -2.15312 27.84
      vertex 78.5189 -2.20677 27.84
    endloop
  endfacet
  facet normal 0.242962 0.970036 0
    outer loop
      vertex 78.3047 -2.15312 27.84
      vertex 78.5189 -2.20677 0
      vertex 78.3047 -2.15312 0
    endloop
  endfacet
  facet normal -0.970086 -0.242762 0
    outer loop
      vertex 81.1646 0.438952 0
      vertex 81.111 0.65314 27.84
      vertex 81.111 0.65314 0
    endloop
  endfacet
  facet normal -0.970086 -0.242762 0
    outer loop
      vertex 81.111 0.65314 27.84
      vertex 81.1646 0.438952 0
      vertex 81.1646 0.438952 27.84
    endloop
  endfacet
  facet normal -0.80306 -0.595899 0
    outer loop
      vertex 80.8287 1.25003 0
      vertex 80.6971 1.42738 27.84
      vertex 80.6971 1.42738 0
    endloop
  endfacet
  facet normal -0.80306 -0.595899 0
    outer loop
      vertex 80.6971 1.42738 27.84
      vertex 80.8287 1.25003 0
      vertex 80.8287 1.25003 27.84
    endloop
  endfacet
  facet normal 0.803276 0.595607 0
    outer loop
      vertex 77.2186 -1.42738 27.84
      vertex 77.0871 -1.25003 0
      vertex 77.0871 -1.25003 27.84
    endloop
  endfacet
  facet normal 0.803276 0.595607 0
    outer loop
      vertex 77.0871 -1.25003 0
      vertex 77.2186 -1.42738 27.84
      vertex 77.2186 -1.42738 0
    endloop
  endfacet
  facet normal 0.903998 0.427536 0
    outer loop
      vertex 76.9735 -1.06064 27.84
      vertex 76.8791 -0.861037 0
      vertex 76.8791 -0.861037 27.84
    endloop
  endfacet
  facet normal 0.903998 0.427536 0
    outer loop
      vertex 76.8791 -0.861037 0
      vertex 76.9735 -1.06064 27.84
      vertex 76.9735 -1.06064 0
    endloop
  endfacet
  facet normal -0.146746 -0.989174 0
    outer loop
      vertex 79.1784 2.23917 0
      vertex 79.3968 2.20677 27.84
      vertex 79.1784 2.23917 27.84
    endloop
  endfacet
  facet normal -0.146746 -0.989174 -0
    outer loop
      vertex 79.3968 2.20677 27.84
      vertex 79.1784 2.23917 0
      vertex 79.3968 2.20677 0
    endloop
  endfacet
  facet normal 0.427578 0.903978 -0
    outer loop
      vertex 78.0968 -2.07873 0
      vertex 77.8972 -1.98432 27.84
      vertex 78.0968 -2.07873 27.84
    endloop
  endfacet
  facet normal 0.427578 0.903978 0
    outer loop
      vertex 77.8972 -1.98432 27.84
      vertex 78.0968 -2.07873 0
      vertex 77.8972 -1.98432 0
    endloop
  endfacet
  facet normal -0.595832 0.803109 0
    outer loop
      vertex 80.3852 -1.73927 0
      vertex 80.2079 -1.87081 27.84
      vertex 80.3852 -1.73927 27.84
    endloop
  endfacet
  facet normal -0.595832 0.803109 0
    outer loop
      vertex 80.2079 -1.87081 27.84
      vertex 80.3852 -1.73927 0
      vertex 80.2079 -1.87081 0
    endloop
  endfacet
  facet normal -0.998781 0.0493643 0
    outer loop
      vertex 81.197 -0.220538 0
      vertex 81.2079 0 27.84
      vertex 81.2079 0 0
    endloop
  endfacet
  facet normal -0.998781 0.0493643 0
    outer loop
      vertex 81.2079 0 27.84
      vertex 81.197 -0.220538 0
      vertex 81.197 -0.220538 27.84
    endloop
  endfacet
  facet normal 0.146746 -0.989174 0
    outer loop
      vertex 78.5189 2.20677 0
      vertex 78.7373 2.23917 27.84
      vertex 78.5189 2.20677 27.84
    endloop
  endfacet
  facet normal 0.146746 -0.989174 0
    outer loop
      vertex 78.7373 2.23917 27.84
      vertex 78.5189 2.20677 0
      vertex 78.7373 2.23917 0
    endloop
  endfacet
  facet normal 0.989176 0.146736 0
    outer loop
      vertex 76.7511 -0.438952 27.84
      vertex 76.7187 -0.220538 0
      vertex 76.7187 -0.220538 27.84
    endloop
  endfacet
  facet normal 0.989176 0.146736 0
    outer loop
      vertex 76.7187 -0.220538 0
      vertex 76.7511 -0.438952 27.84
      vertex 76.7511 -0.438952 0
    endloop
  endfacet
  facet normal -0.336899 0.941541 0
    outer loop
      vertex 79.8189 -2.07873 0
      vertex 79.611 -2.15312 27.84
      vertex 79.8189 -2.07873 27.84
    endloop
  endfacet
  facet normal -0.336899 0.941541 0
    outer loop
      vertex 79.611 -2.15312 27.84
      vertex 79.8189 -2.07873 0
      vertex 79.611 -2.15312 0
    endloop
  endfacet
  facet normal -0.242962 0.970036 0
    outer loop
      vertex 79.611 -2.15312 0
      vertex 79.3968 -2.20677 27.84
      vertex 79.611 -2.15312 27.84
    endloop
  endfacet
  facet normal -0.242962 0.970036 0
    outer loop
      vertex 79.3968 -2.20677 27.84
      vertex 79.611 -2.15312 0
      vertex 79.3968 -2.20677 0
    endloop
  endfacet
  facet normal 0.740923 0.67159 0
    outer loop
      vertex 77.3669 -1.59099 27.84
      vertex 77.2186 -1.42738 0
      vertex 77.2186 -1.42738 27.84
    endloop
  endfacet
  facet normal 0.740923 0.67159 0
    outer loop
      vertex 77.2186 -1.42738 0
      vertex 77.3669 -1.59099 27.84
      vertex 77.3669 -1.59099 0
    endloop
  endfacet
  facet normal 0.903998 -0.427536 0
    outer loop
      vertex 76.8791 0.861037 27.84
      vertex 76.9735 1.06064 0
      vertex 76.9735 1.06064 27.84
    endloop
  endfacet
  facet normal 0.903998 -0.427536 0
    outer loop
      vertex 76.9735 1.06064 0
      vertex 76.8791 0.861037 27.84
      vertex 76.8791 0.861037 0
    endloop
  endfacet
  facet normal 0.595832 0.803109 -0
    outer loop
      vertex 77.7078 -1.87081 0
      vertex 77.5305 -1.73927 27.84
      vertex 77.7078 -1.87081 27.84
    endloop
  endfacet
  facet normal 0.595832 0.803109 0
    outer loop
      vertex 77.5305 -1.73927 27.84
      vertex 77.7078 -1.87081 0
      vertex 77.5305 -1.73927 0
    endloop
  endfacet
  facet normal -0.903998 0.427536 0
    outer loop
      vertex 80.9422 -1.06064 0
      vertex 81.0366 -0.861037 27.84
      vertex 81.0366 -0.861037 0
    endloop
  endfacet
  facet normal -0.903998 0.427536 0
    outer loop
      vertex 81.0366 -0.861037 27.84
      vertex 80.9422 -1.06064 0
      vertex 80.9422 -1.06064 27.84
    endloop
  endfacet
  facet normal -0.857761 0.514049 0
    outer loop
      vertex 80.8287 -1.25003 0
      vertex 80.9422 -1.06064 27.84
      vertex 80.9422 -1.06064 0
    endloop
  endfacet
  facet normal -0.857761 0.514049 0
    outer loop
      vertex 80.9422 -1.06064 27.84
      vertex 80.8287 -1.25003 0
      vertex 80.8287 -1.25003 27.84
    endloop
  endfacet
  facet normal 0.0490343 0.998797 -0
    outer loop
      vertex 78.9579 -2.25 0
      vertex 78.7373 -2.23917 27.84
      vertex 78.9579 -2.25 27.84
    endloop
  endfacet
  facet normal 0.0490343 0.998797 0
    outer loop
      vertex 78.7373 -2.23917 27.84
      vertex 78.9579 -2.25 0
      vertex 78.7373 -2.23917 0
    endloop
  endfacet
  facet normal 0.998803 -0.0489125 0
    outer loop
      vertex 76.7079 0 27.84
      vertex 76.7187 0.220538 0
      vertex 76.7187 0.220538 27.84
    endloop
  endfacet
  facet normal 0.998803 -0.0489125 0
    outer loop
      vertex 76.7187 0.220538 0
      vertex 76.7079 0 27.84
      vertex 76.7079 0 0
    endloop
  endfacet
  facet normal -0.671338 0.741152 0
    outer loop
      vertex 80.5489 -1.59099 0
      vertex 80.3852 -1.73927 27.84
      vertex 80.5489 -1.59099 27.84
    endloop
  endfacet
  facet normal -0.671338 0.741152 0
    outer loop
      vertex 80.3852 -1.73927 27.84
      vertex 80.5489 -1.59099 0
      vertex 80.3852 -1.73927 0
    endloop
  endfacet
  facet normal -0.0489125 -0.998803 0
    outer loop
      vertex 0 -88.7079 0
      vertex 0.220538 -88.7187 27.84
      vertex 0 -88.7079 27.84
    endloop
  endfacet
  facet normal -0.0489125 -0.998803 -0
    outer loop
      vertex 0.220538 -88.7187 27.84
      vertex 0 -88.7079 0
      vertex 0.220538 -88.7187 0
    endloop
  endfacet
  facet normal -0.989174 -0.146746 0
    outer loop
      vertex 2.23917 -90.7373 0
      vertex 2.20677 -90.5189 27.84
      vertex 2.20677 -90.5189 0
    endloop
  endfacet
  facet normal -0.989174 -0.146746 0
    outer loop
      vertex 2.20677 -90.5189 27.84
      vertex 2.23917 -90.7373 0
      vertex 2.23917 -90.7373 27.84
    endloop
  endfacet
  facet normal -0.998797 -0.0490343 0
    outer loop
      vertex 2.25 -90.9579 0
      vertex 2.23917 -90.7373 27.84
      vertex 2.23917 -90.7373 0
    endloop
  endfacet
  facet normal -0.998797 -0.0490343 0
    outer loop
      vertex 2.23917 -90.7373 27.84
      vertex 2.25 -90.9579 0
      vertex 2.25 -90.9579 27.84
    endloop
  endfacet
  facet normal -0.970036 -0.242962 0
    outer loop
      vertex 2.20677 -90.5189 0
      vertex 2.15312 -90.3047 27.84
      vertex 2.15312 -90.3047 0
    endloop
  endfacet
  facet normal -0.970036 -0.242962 0
    outer loop
      vertex 2.15312 -90.3047 27.84
      vertex 2.20677 -90.5189 0
      vertex 2.20677 -90.5189 27.84
    endloop
  endfacet
  facet normal 0.514049 0.857761 -0
    outer loop
      vertex -1.06064 -92.9422 0
      vertex -1.25003 -92.8287 27.84
      vertex -1.06064 -92.9422 27.84
    endloop
  endfacet
  facet normal 0.514049 0.857761 0
    outer loop
      vertex -1.25003 -92.8287 27.84
      vertex -1.06064 -92.9422 0
      vertex -1.25003 -92.8287 0
    endloop
  endfacet
  facet normal -0.941541 -0.336899 0
    outer loop
      vertex 2.15312 -90.3047 0
      vertex 2.07873 -90.0968 27.84
      vertex 2.07873 -90.0968 0
    endloop
  endfacet
  facet normal -0.941541 -0.336899 0
    outer loop
      vertex 2.07873 -90.0968 27.84
      vertex 2.15312 -90.3047 0
      vertex 2.15312 -90.3047 27.84
    endloop
  endfacet
  facet normal -0.336943 -0.941525 0
    outer loop
      vertex 0.65314 -88.8047 0
      vertex 0.861037 -88.8791 27.84
      vertex 0.65314 -88.8047 27.84
    endloop
  endfacet
  facet normal -0.336943 -0.941525 -0
    outer loop
      vertex 0.861037 -88.8791 27.84
      vertex 0.65314 -88.8047 0
      vertex 0.861037 -88.8791 0
    endloop
  endfacet
  facet normal 0.242762 0.970086 -0
    outer loop
      vertex -0.438952 -93.1646 0
      vertex -0.65314 -93.111 27.84
      vertex -0.438952 -93.1646 27.84
    endloop
  endfacet
  facet normal 0.242762 0.970086 0
    outer loop
      vertex -0.65314 -93.111 27.84
      vertex -0.438952 -93.1646 0
      vertex -0.65314 -93.111 0
    endloop
  endfacet
  facet normal 0.941541 0.336899 0
    outer loop
      vertex -2.07873 -91.8189 27.84
      vertex -2.15312 -91.611 0
      vertex -2.15312 -91.611 27.84
    endloop
  endfacet
  facet normal 0.941541 0.336899 0
    outer loop
      vertex -2.15312 -91.611 0
      vertex -2.07873 -91.8189 27.84
      vertex -2.07873 -91.8189 0
    endloop
  endfacet
  facet normal 0.146736 -0.989176 0
    outer loop
      vertex -0.438952 -88.7511 0
      vertex -0.220538 -88.7187 27.84
      vertex -0.438952 -88.7511 27.84
    endloop
  endfacet
  facet normal 0.146736 -0.989176 0
    outer loop
      vertex -0.220538 -88.7187 27.84
      vertex -0.438952 -88.7511 0
      vertex -0.220538 -88.7187 0
    endloop
  endfacet
  facet normal -0.146736 0.989176 0
    outer loop
      vertex 0.438952 -93.1646 0
      vertex 0.220538 -93.197 27.84
      vertex 0.438952 -93.1646 27.84
    endloop
  endfacet
  facet normal -0.146736 0.989176 0
    outer loop
      vertex 0.220538 -93.197 27.84
      vertex 0.438952 -93.1646 0
      vertex 0.220538 -93.197 0
    endloop
  endfacet
  facet normal 0.740948 -0.671563 0
    outer loop
      vertex -1.73927 -89.5305 27.84
      vertex -1.59099 -89.3669 0
      vertex -1.59099 -89.3669 27.84
    endloop
  endfacet
  facet normal 0.740948 -0.671563 0
    outer loop
      vertex -1.59099 -89.3669 0
      vertex -1.73927 -89.5305 27.84
      vertex -1.73927 -89.5305 0
    endloop
  endfacet
  facet normal -0.427536 0.903998 0
    outer loop
      vertex 1.06064 -92.9422 0
      vertex 0.861037 -93.0366 27.84
      vertex 1.06064 -92.9422 27.84
    endloop
  endfacet
  facet normal -0.427536 0.903998 0
    outer loop
      vertex 0.861037 -93.0366 27.84
      vertex 1.06064 -92.9422 0
      vertex 0.861037 -93.0366 0
    endloop
  endfacet
  facet normal -0.741152 0.671338 0
    outer loop
      vertex 1.59099 -92.5489 0
      vertex 1.73927 -92.3852 27.84
      vertex 1.73927 -92.3852 0
    endloop
  endfacet
  facet normal -0.741152 0.671338 0
    outer loop
      vertex 1.73927 -92.3852 27.84
      vertex 1.59099 -92.5489 0
      vertex 1.59099 -92.5489 27.84
    endloop
  endfacet
  facet normal 0.146736 0.989176 -0
    outer loop
      vertex -0.220538 -93.197 0
      vertex -0.438952 -93.1646 27.84
      vertex -0.220538 -93.197 27.84
    endloop
  endfacet
  facet normal 0.146736 0.989176 0
    outer loop
      vertex -0.438952 -93.1646 27.84
      vertex -0.220538 -93.197 0
      vertex -0.438952 -93.1646 0
    endloop
  endfacet
  facet normal 0.427536 0.903998 -0
    outer loop
      vertex -0.861037 -93.0366 0
      vertex -1.06064 -92.9422 27.84
      vertex -0.861037 -93.0366 27.84
    endloop
  endfacet
  facet normal 0.427536 0.903998 0
    outer loop
      vertex -1.06064 -92.9422 27.84
      vertex -0.861037 -93.0366 0
      vertex -1.06064 -92.9422 0
    endloop
  endfacet
  facet normal -0.427536 -0.903998 0
    outer loop
      vertex 0.861037 -88.8791 0
      vertex 1.06064 -88.9735 27.84
      vertex 0.861037 -88.8791 27.84
    endloop
  endfacet
  facet normal -0.427536 -0.903998 -0
    outer loop
      vertex 1.06064 -88.9735 27.84
      vertex 0.861037 -88.8791 0
      vertex 1.06064 -88.9735 0
    endloop
  endfacet
  facet normal 0.970036 0.242962 0
    outer loop
      vertex -2.15312 -91.611 27.84
      vertex -2.20677 -91.3968 0
      vertex -2.20677 -91.3968 27.84
    endloop
  endfacet
  facet normal 0.970036 0.242962 0
    outer loop
      vertex -2.20677 -91.3968 0
      vertex -2.15312 -91.611 27.84
      vertex -2.15312 -91.611 0
    endloop
  endfacet
  facet normal -0.941541 0.336899 0
    outer loop
      vertex 2.07873 -91.8189 0
      vertex 2.15312 -91.611 27.84
      vertex 2.15312 -91.611 0
    endloop
  endfacet
  facet normal -0.941541 0.336899 0
    outer loop
      vertex 2.15312 -91.611 27.84
      vertex 2.07873 -91.8189 0
      vertex 2.07873 -91.8189 27.84
    endloop
  endfacet
  facet normal 0.427536 -0.903998 0
    outer loop
      vertex -1.06064 -88.9735 0
      vertex -0.861037 -88.8791 27.84
      vertex -1.06064 -88.9735 27.84
    endloop
  endfacet
  facet normal 0.427536 -0.903998 0
    outer loop
      vertex -0.861037 -88.8791 27.84
      vertex -1.06064 -88.9735 0
      vertex -0.861037 -88.8791 0
    endloop
  endfacet
  facet normal 0.336943 -0.941525 0
    outer loop
      vertex -0.861037 -88.8791 0
      vertex -0.65314 -88.8047 27.84
      vertex -0.861037 -88.8791 27.84
    endloop
  endfacet
  facet normal 0.336943 -0.941525 0
    outer loop
      vertex -0.65314 -88.8047 27.84
      vertex -0.861037 -88.8791 0
      vertex -0.65314 -88.8047 0
    endloop
  endfacet
  facet normal 0.595607 -0.803276 0
    outer loop
      vertex -1.42738 -89.2186 0
      vertex -1.25003 -89.0871 27.84
      vertex -1.42738 -89.2186 27.84
    endloop
  endfacet
  facet normal 0.595607 -0.803276 0
    outer loop
      vertex -1.25003 -89.0871 27.84
      vertex -1.42738 -89.2186 0
      vertex -1.25003 -89.0871 0
    endloop
  endfacet
  facet normal -0.242762 0.970086 0
    outer loop
      vertex 0.65314 -93.111 0
      vertex 0.438952 -93.1646 27.84
      vertex 0.65314 -93.111 27.84
    endloop
  endfacet
  facet normal -0.242762 0.970086 0
    outer loop
      vertex 0.438952 -93.1646 27.84
      vertex 0.65314 -93.111 0
      vertex 0.438952 -93.1646 0
    endloop
  endfacet
  facet normal 0.242762 -0.970086 0
    outer loop
      vertex -0.65314 -88.8047 0
      vertex -0.438952 -88.7511 27.84
      vertex -0.65314 -88.8047 27.84
    endloop
  endfacet
  facet normal 0.242762 -0.970086 0
    outer loop
      vertex -0.438952 -88.7511 27.84
      vertex -0.65314 -88.8047 0
      vertex -0.438952 -88.7511 0
    endloop
  endfacet
  facet normal -0.803109 -0.595832 0
    outer loop
      vertex 1.87081 -89.7078 0
      vertex 1.73927 -89.5305 27.84
      vertex 1.73927 -89.5305 0
    endloop
  endfacet
  facet normal -0.803109 -0.595832 0
    outer loop
      vertex 1.73927 -89.5305 27.84
      vertex 1.87081 -89.7078 0
      vertex 1.87081 -89.7078 27.84
    endloop
  endfacet
  facet normal -0.998796 0.0490565 0
    outer loop
      vertex 2.23917 -91.1784 0
      vertex 2.25 -90.9579 27.84
      vertex 2.25 -90.9579 0
    endloop
  endfacet
  facet normal -0.998796 0.0490565 0
    outer loop
      vertex 2.25 -90.9579 27.84
      vertex 2.23917 -91.1784 0
      vertex 2.23917 -91.1784 27.84
    endloop
  endfacet
  facet normal -0.857753 0.514063 0
    outer loop
      vertex 1.87081 -92.2079 0
      vertex 1.98432 -92.0185 27.84
      vertex 1.98432 -92.0185 0
    endloop
  endfacet
  facet normal -0.857753 0.514063 0
    outer loop
      vertex 1.98432 -92.0185 27.84
      vertex 1.87081 -92.2079 0
      vertex 1.87081 -92.2079 27.84
    endloop
  endfacet
  facet normal -0.857753 -0.514063 0
    outer loop
      vertex 1.98432 -89.8972 0
      vertex 1.87081 -89.7078 27.84
      vertex 1.87081 -89.7078 0
    endloop
  endfacet
  facet normal -0.857753 -0.514063 0
    outer loop
      vertex 1.87081 -89.7078 27.84
      vertex 1.98432 -89.8972 0
      vertex 1.98432 -89.8972 27.84
    endloop
  endfacet
  facet normal 0.514383 -0.857561 0
    outer loop
      vertex -1.25003 -89.0871 0
      vertex -1.06064 -88.9735 27.84
      vertex -1.25003 -89.0871 27.84
    endloop
  endfacet
  facet normal 0.514383 -0.857561 0
    outer loop
      vertex -1.06064 -88.9735 27.84
      vertex -1.25003 -89.0871 0
      vertex -1.06064 -88.9735 0
    endloop
  endfacet
  facet normal -0.242762 -0.970086 0
    outer loop
      vertex 0.438952 -88.7511 0
      vertex 0.65314 -88.8047 27.84
      vertex 0.438952 -88.7511 27.84
    endloop
  endfacet
  facet normal -0.242762 -0.970086 -0
    outer loop
      vertex 0.65314 -88.8047 27.84
      vertex 0.438952 -88.7511 0
      vertex 0.65314 -88.8047 0
    endloop
  endfacet
  facet normal -0.970036 0.242962 0
    outer loop
      vertex 2.15312 -91.611 0
      vertex 2.20677 -91.3968 27.84
      vertex 2.20677 -91.3968 0
    endloop
  endfacet
  facet normal -0.970036 0.242962 0
    outer loop
      vertex 2.20677 -91.3968 27.84
      vertex 2.15312 -91.611 0
      vertex 2.15312 -91.611 27.84
    endloop
  endfacet
  facet normal 0.595899 0.80306 -0
    outer loop
      vertex -1.25003 -92.8287 0
      vertex -1.42738 -92.6971 27.84
      vertex -1.25003 -92.8287 27.84
    endloop
  endfacet
  facet normal 0.595899 0.80306 0
    outer loop
      vertex -1.42738 -92.6971 27.84
      vertex -1.25003 -92.8287 0
      vertex -1.42738 -92.6971 0
    endloop
  endfacet
  facet normal -0.595607 -0.803276 0
    outer loop
      vertex 1.25003 -89.0871 0
      vertex 1.42738 -89.2186 27.84
      vertex 1.25003 -89.0871 27.84
    endloop
  endfacet
  facet normal -0.595607 -0.803276 -0
    outer loop
      vertex 1.42738 -89.2186 27.84
      vertex 1.25003 -89.0871 0
      vertex 1.42738 -89.2186 0
    endloop
  endfacet
  facet normal -0.514383 -0.857561 0
    outer loop
      vertex 1.06064 -88.9735 0
      vertex 1.25003 -89.0871 27.84
      vertex 1.06064 -88.9735 27.84
    endloop
  endfacet
  facet normal -0.514383 -0.857561 -0
    outer loop
      vertex 1.25003 -89.0871 27.84
      vertex 1.06064 -88.9735 0
      vertex 1.25003 -89.0871 0
    endloop
  endfacet
  facet normal -0.0493643 0.998781 0
    outer loop
      vertex 0.220538 -93.197 0
      vertex 0 -93.2079 27.84
      vertex 0.220538 -93.197 27.84
    endloop
  endfacet
  facet normal -0.0493643 0.998781 0
    outer loop
      vertex 0 -93.2079 27.84
      vertex 0.220538 -93.197 0
      vertex 0 -93.2079 0
    endloop
  endfacet
  facet normal -0.803109 0.595832 0
    outer loop
      vertex 1.73927 -92.3852 0
      vertex 1.87081 -92.2079 27.84
      vertex 1.87081 -92.2079 0
    endloop
  endfacet
  facet normal -0.803109 0.595832 0
    outer loop
      vertex 1.87081 -92.2079 27.84
      vertex 1.73927 -92.3852 0
      vertex 1.73927 -92.3852 27.84
    endloop
  endfacet
  facet normal -0.740948 -0.671563 0
    outer loop
      vertex 1.73927 -89.5305 0
      vertex 1.59099 -89.3669 27.84
      vertex 1.59099 -89.3669 0
    endloop
  endfacet
  facet normal -0.740948 -0.671563 0
    outer loop
      vertex 1.59099 -89.3669 27.84
      vertex 1.73927 -89.5305 0
      vertex 1.73927 -89.5305 27.84
    endloop
  endfacet
  facet normal 0.0489125 -0.998803 0
    outer loop
      vertex -0.220538 -88.7187 0
      vertex 0 -88.7079 27.84
      vertex -0.220538 -88.7187 27.84
    endloop
  endfacet
  facet normal 0.0489125 -0.998803 0
    outer loop
      vertex 0 -88.7079 27.84
      vertex -0.220538 -88.7187 0
      vertex 0 -88.7079 0
    endloop
  endfacet
  facet normal 0.903978 0.427578 0
    outer loop
      vertex -1.98432 -92.0185 27.84
      vertex -2.07873 -91.8189 0
      vertex -2.07873 -91.8189 27.84
    endloop
  endfacet
  facet normal 0.903978 0.427578 0
    outer loop
      vertex -2.07873 -91.8189 0
      vertex -1.98432 -92.0185 27.84
      vertex -1.98432 -92.0185 0
    endloop
  endfacet
  facet normal -0.146736 -0.989176 0
    outer loop
      vertex 0.220538 -88.7187 0
      vertex 0.438952 -88.7511 27.84
      vertex 0.220538 -88.7187 27.84
    endloop
  endfacet
  facet normal -0.146736 -0.989176 -0
    outer loop
      vertex 0.438952 -88.7511 27.84
      vertex 0.220538 -88.7187 0
      vertex 0.438952 -88.7511 0
    endloop
  endfacet
  facet normal 0.989174 -0.146746 0
    outer loop
      vertex -2.23917 -90.7373 27.84
      vertex -2.20677 -90.5189 0
      vertex -2.20677 -90.5189 27.84
    endloop
  endfacet
  facet normal 0.989174 -0.146746 0
    outer loop
      vertex -2.20677 -90.5189 0
      vertex -2.23917 -90.7373 27.84
      vertex -2.23917 -90.7373 0
    endloop
  endfacet
  facet normal 0.671341 0.741148 -0
    outer loop
      vertex -1.42738 -92.6971 0
      vertex -1.59099 -92.5489 27.84
      vertex -1.42738 -92.6971 27.84
    endloop
  endfacet
  facet normal 0.671341 0.741148 0
    outer loop
      vertex -1.59099 -92.5489 27.84
      vertex -1.42738 -92.6971 0
      vertex -1.59099 -92.5489 0
    endloop
  endfacet
  facet normal -0.903978 -0.427578 0
    outer loop
      vertex 2.07873 -90.0968 0
      vertex 1.98432 -89.8972 27.84
      vertex 1.98432 -89.8972 0
    endloop
  endfacet
  facet normal -0.903978 -0.427578 0
    outer loop
      vertex 1.98432 -89.8972 27.84
      vertex 2.07873 -90.0968 0
      vertex 2.07873 -90.0968 27.84
    endloop
  endfacet
  facet normal -0.595899 0.80306 0
    outer loop
      vertex 1.42738 -92.6971 0
      vertex 1.25003 -92.8287 27.84
      vertex 1.42738 -92.6971 27.84
    endloop
  endfacet
  facet normal -0.595899 0.80306 0
    outer loop
      vertex 1.25003 -92.8287 27.84
      vertex 1.42738 -92.6971 0
      vertex 1.25003 -92.8287 0
    endloop
  endfacet
  facet normal -0.989174 0.146746 0
    outer loop
      vertex 2.20677 -91.3968 0
      vertex 2.23917 -91.1784 27.84
      vertex 2.23917 -91.1784 0
    endloop
  endfacet
  facet normal -0.989174 0.146746 0
    outer loop
      vertex 2.23917 -91.1784 27.84
      vertex 2.20677 -91.3968 0
      vertex 2.20677 -91.3968 27.84
    endloop
  endfacet
  facet normal 0.67159 -0.740923 0
    outer loop
      vertex -1.59099 -89.3669 0
      vertex -1.42738 -89.2186 27.84
      vertex -1.59099 -89.3669 27.84
    endloop
  endfacet
  facet normal 0.67159 -0.740923 0
    outer loop
      vertex -1.42738 -89.2186 27.84
      vertex -1.59099 -89.3669 0
      vertex -1.42738 -89.2186 0
    endloop
  endfacet
  facet normal 0.857753 0.514063 0
    outer loop
      vertex -1.87081 -92.2079 27.84
      vertex -1.98432 -92.0185 0
      vertex -1.98432 -92.0185 27.84
    endloop
  endfacet
  facet normal 0.857753 0.514063 0
    outer loop
      vertex -1.98432 -92.0185 0
      vertex -1.87081 -92.2079 27.84
      vertex -1.87081 -92.2079 0
    endloop
  endfacet
  facet normal 0.741152 0.671338 0
    outer loop
      vertex -1.59099 -92.5489 27.84
      vertex -1.73927 -92.3852 0
      vertex -1.73927 -92.3852 27.84
    endloop
  endfacet
  facet normal 0.741152 0.671338 0
    outer loop
      vertex -1.73927 -92.3852 0
      vertex -1.59099 -92.5489 27.84
      vertex -1.59099 -92.5489 0
    endloop
  endfacet
  facet normal 0.941541 -0.336899 0
    outer loop
      vertex -2.15312 -90.3047 27.84
      vertex -2.07873 -90.0968 0
      vertex -2.07873 -90.0968 27.84
    endloop
  endfacet
  facet normal 0.941541 -0.336899 0
    outer loop
      vertex -2.07873 -90.0968 0
      vertex -2.15312 -90.3047 27.84
      vertex -2.15312 -90.3047 0
    endloop
  endfacet
  facet normal 0.989174 0.146746 0
    outer loop
      vertex -2.20677 -91.3968 27.84
      vertex -2.23917 -91.1784 0
      vertex -2.23917 -91.1784 27.84
    endloop
  endfacet
  facet normal 0.989174 0.146746 0
    outer loop
      vertex -2.23917 -91.1784 0
      vertex -2.20677 -91.3968 27.84
      vertex -2.20677 -91.3968 0
    endloop
  endfacet
  facet normal 0.970036 -0.242962 0
    outer loop
      vertex -2.20677 -90.5189 27.84
      vertex -2.15312 -90.3047 0
      vertex -2.15312 -90.3047 27.84
    endloop
  endfacet
  facet normal 0.970036 -0.242962 0
    outer loop
      vertex -2.15312 -90.3047 0
      vertex -2.20677 -90.5189 27.84
      vertex -2.20677 -90.5189 0
    endloop
  endfacet
  facet normal 0.803109 0.595832 0
    outer loop
      vertex -1.73927 -92.3852 27.84
      vertex -1.87081 -92.2079 0
      vertex -1.87081 -92.2079 27.84
    endloop
  endfacet
  facet normal 0.803109 0.595832 0
    outer loop
      vertex -1.87081 -92.2079 0
      vertex -1.73927 -92.3852 27.84
      vertex -1.73927 -92.3852 0
    endloop
  endfacet
  facet normal -0.336943 0.941525 0
    outer loop
      vertex 0.861037 -93.0366 0
      vertex 0.65314 -93.111 27.84
      vertex 0.861037 -93.0366 27.84
    endloop
  endfacet
  facet normal -0.336943 0.941525 0
    outer loop
      vertex 0.65314 -93.111 27.84
      vertex 0.861037 -93.0366 0
      vertex 0.65314 -93.111 0
    endloop
  endfacet
  facet normal 0.857753 -0.514063 0
    outer loop
      vertex -1.98432 -89.8972 27.84
      vertex -1.87081 -89.7078 0
      vertex -1.87081 -89.7078 27.84
    endloop
  endfacet
  facet normal 0.857753 -0.514063 0
    outer loop
      vertex -1.87081 -89.7078 0
      vertex -1.98432 -89.8972 27.84
      vertex -1.98432 -89.8972 0
    endloop
  endfacet
  facet normal 0.998796 0.0490565 0
    outer loop
      vertex -2.23917 -91.1784 27.84
      vertex -2.25 -90.9579 0
      vertex -2.25 -90.9579 27.84
    endloop
  endfacet
  facet normal 0.998796 0.0490565 0
    outer loop
      vertex -2.25 -90.9579 0
      vertex -2.23917 -91.1784 27.84
      vertex -2.23917 -91.1784 0
    endloop
  endfacet
  facet normal -0.67159 -0.740923 0
    outer loop
      vertex 1.42738 -89.2186 0
      vertex 1.59099 -89.3669 27.84
      vertex 1.42738 -89.2186 27.84
    endloop
  endfacet
  facet normal -0.67159 -0.740923 -0
    outer loop
      vertex 1.59099 -89.3669 27.84
      vertex 1.42738 -89.2186 0
      vertex 1.59099 -89.3669 0
    endloop
  endfacet
  facet normal -0.514049 0.857761 0
    outer loop
      vertex 1.25003 -92.8287 0
      vertex 1.06064 -92.9422 27.84
      vertex 1.25003 -92.8287 27.84
    endloop
  endfacet
  facet normal -0.514049 0.857761 0
    outer loop
      vertex 1.06064 -92.9422 27.84
      vertex 1.25003 -92.8287 0
      vertex 1.06064 -92.9422 0
    endloop
  endfacet
  facet normal -0.903978 0.427578 0
    outer loop
      vertex 1.98432 -92.0185 0
      vertex 2.07873 -91.8189 27.84
      vertex 2.07873 -91.8189 0
    endloop
  endfacet
  facet normal -0.903978 0.427578 0
    outer loop
      vertex 2.07873 -91.8189 27.84
      vertex 1.98432 -92.0185 0
      vertex 1.98432 -92.0185 27.84
    endloop
  endfacet
  facet normal 0.803109 -0.595832 0
    outer loop
      vertex -1.87081 -89.7078 27.84
      vertex -1.73927 -89.5305 0
      vertex -1.73927 -89.5305 27.84
    endloop
  endfacet
  facet normal 0.803109 -0.595832 0
    outer loop
      vertex -1.73927 -89.5305 0
      vertex -1.87081 -89.7078 27.84
      vertex -1.87081 -89.7078 0
    endloop
  endfacet
  facet normal 0.336943 0.941525 -0
    outer loop
      vertex -0.65314 -93.111 0
      vertex -0.861037 -93.0366 27.84
      vertex -0.65314 -93.111 27.84
    endloop
  endfacet
  facet normal 0.336943 0.941525 0
    outer loop
      vertex -0.861037 -93.0366 27.84
      vertex -0.65314 -93.111 0
      vertex -0.861037 -93.0366 0
    endloop
  endfacet
  facet normal 0.903978 -0.427578 0
    outer loop
      vertex -2.07873 -90.0968 27.84
      vertex -1.98432 -89.8972 0
      vertex -1.98432 -89.8972 27.84
    endloop
  endfacet
  facet normal 0.903978 -0.427578 0
    outer loop
      vertex -1.98432 -89.8972 0
      vertex -2.07873 -90.0968 27.84
      vertex -2.07873 -90.0968 0
    endloop
  endfacet
  facet normal 0.0493643 0.998781 -0
    outer loop
      vertex 0 -93.2079 0
      vertex -0.220538 -93.197 27.84
      vertex 0 -93.2079 27.84
    endloop
  endfacet
  facet normal 0.0493643 0.998781 0
    outer loop
      vertex -0.220538 -93.197 27.84
      vertex 0 -93.2079 0
      vertex -0.220538 -93.197 0
    endloop
  endfacet
  facet normal 0.998797 -0.0490343 0
    outer loop
      vertex -2.25 -90.9579 27.84
      vertex -2.23917 -90.7373 0
      vertex -2.23917 -90.7373 27.84
    endloop
  endfacet
  facet normal 0.998797 -0.0490343 0
    outer loop
      vertex -2.23917 -90.7373 0
      vertex -2.25 -90.9579 27.84
      vertex -2.25 -90.9579 0
    endloop
  endfacet
  facet normal -0.671341 0.741148 0
    outer loop
      vertex 1.59099 -92.5489 0
      vertex 1.42738 -92.6971 27.84
      vertex 1.59099 -92.5489 27.84
    endloop
  endfacet
  facet normal -0.671341 0.741148 0
    outer loop
      vertex 1.42738 -92.6971 27.84
      vertex 1.59099 -92.5489 0
      vertex 1.42738 -92.6971 0
    endloop
  endfacet
  facet normal 0.336943 0.941525 -0
    outer loop
      vertex -0.65314 88.8047 0
      vertex -0.861037 88.8791 27.84
      vertex -0.65314 88.8047 27.84
    endloop
  endfacet
  facet normal 0.336943 0.941525 0
    outer loop
      vertex -0.861037 88.8791 27.84
      vertex -0.65314 88.8047 0
      vertex -0.861037 88.8791 0
    endloop
  endfacet
  facet normal 0.595899 -0.80306 0
    outer loop
      vertex -1.42738 92.6971 0
      vertex -1.25003 92.8287 27.84
      vertex -1.42738 92.6971 27.84
    endloop
  endfacet
  facet normal 0.595899 -0.80306 0
    outer loop
      vertex -1.25003 92.8287 27.84
      vertex -1.42738 92.6971 0
      vertex -1.25003 92.8287 0
    endloop
  endfacet
  facet normal -0.989174 -0.146746 0
    outer loop
      vertex 2.23917 91.1784 0
      vertex 2.20677 91.3968 27.84
      vertex 2.20677 91.3968 0
    endloop
  endfacet
  facet normal -0.989174 -0.146746 0
    outer loop
      vertex 2.20677 91.3968 27.84
      vertex 2.23917 91.1784 0
      vertex 2.23917 91.1784 27.84
    endloop
  endfacet
  facet normal -0.998796 -0.0490565 0
    outer loop
      vertex 2.25 90.9579 0
      vertex 2.23917 91.1784 27.84
      vertex 2.23917 91.1784 0
    endloop
  endfacet
  facet normal -0.998796 -0.0490565 0
    outer loop
      vertex 2.23917 91.1784 27.84
      vertex 2.25 90.9579 0
      vertex 2.25 90.9579 27.84
    endloop
  endfacet
  facet normal -0.970036 -0.242962 0
    outer loop
      vertex 2.20677 91.3968 0
      vertex 2.15312 91.611 27.84
      vertex 2.15312 91.611 0
    endloop
  endfacet
  facet normal -0.970036 -0.242962 0
    outer loop
      vertex 2.15312 91.611 27.84
      vertex 2.20677 91.3968 0
      vertex 2.20677 91.3968 27.84
    endloop
  endfacet
  facet normal -0.146736 -0.989176 0
    outer loop
      vertex 0.220538 93.197 0
      vertex 0.438952 93.1646 27.84
      vertex 0.220538 93.197 27.84
    endloop
  endfacet
  facet normal -0.146736 -0.989176 -0
    outer loop
      vertex 0.438952 93.1646 27.84
      vertex 0.220538 93.197 0
      vertex 0.438952 93.1646 0
    endloop
  endfacet
  facet normal 0.146736 -0.989176 0
    outer loop
      vertex -0.438952 93.1646 0
      vertex -0.220538 93.197 27.84
      vertex -0.438952 93.1646 27.84
    endloop
  endfacet
  facet normal 0.146736 -0.989176 0
    outer loop
      vertex -0.220538 93.197 27.84
      vertex -0.438952 93.1646 0
      vertex -0.220538 93.197 0
    endloop
  endfacet
  facet normal -0.803109 -0.595832 0
    outer loop
      vertex 1.87081 92.2079 0
      vertex 1.73927 92.3852 27.84
      vertex 1.73927 92.3852 0
    endloop
  endfacet
  facet normal -0.803109 -0.595832 0
    outer loop
      vertex 1.73927 92.3852 27.84
      vertex 1.87081 92.2079 0
      vertex 1.87081 92.2079 27.84
    endloop
  endfacet
  facet normal -0.514383 0.857561 0
    outer loop
      vertex 1.25003 89.0871 0
      vertex 1.06064 88.9735 27.84
      vertex 1.25003 89.0871 27.84
    endloop
  endfacet
  facet normal -0.514383 0.857561 0
    outer loop
      vertex 1.06064 88.9735 27.84
      vertex 1.25003 89.0871 0
      vertex 1.06064 88.9735 0
    endloop
  endfacet
  facet normal -0.595899 -0.80306 0
    outer loop
      vertex 1.25003 92.8287 0
      vertex 1.42738 92.6971 27.84
      vertex 1.25003 92.8287 27.84
    endloop
  endfacet
  facet normal -0.595899 -0.80306 -0
    outer loop
      vertex 1.42738 92.6971 27.84
      vertex 1.25003 92.8287 0
      vertex 1.42738 92.6971 0
    endloop
  endfacet
  facet normal -0.998797 0.0490343 0
    outer loop
      vertex 2.23917 90.7373 0
      vertex 2.25 90.9579 27.84
      vertex 2.25 90.9579 0
    endloop
  endfacet
  facet normal -0.998797 0.0490343 0
    outer loop
      vertex 2.25 90.9579 27.84
      vertex 2.23917 90.7373 0
      vertex 2.23917 90.7373 27.84
    endloop
  endfacet
  facet normal 0.242762 -0.970086 0
    outer loop
      vertex -0.65314 93.111 0
      vertex -0.438952 93.1646 27.84
      vertex -0.65314 93.111 27.84
    endloop
  endfacet
  facet normal 0.242762 -0.970086 0
    outer loop
      vertex -0.438952 93.1646 27.84
      vertex -0.65314 93.111 0
      vertex -0.438952 93.1646 0
    endloop
  endfacet
  facet normal -0.427536 -0.903998 0
    outer loop
      vertex 0.861037 93.0366 0
      vertex 1.06064 92.9422 27.84
      vertex 0.861037 93.0366 27.84
    endloop
  endfacet
  facet normal -0.427536 -0.903998 -0
    outer loop
      vertex 1.06064 92.9422 27.84
      vertex 0.861037 93.0366 0
      vertex 1.06064 92.9422 0
    endloop
  endfacet
  facet normal 0.242762 0.970086 -0
    outer loop
      vertex -0.438952 88.7511 0
      vertex -0.65314 88.8047 27.84
      vertex -0.438952 88.7511 27.84
    endloop
  endfacet
  facet normal 0.242762 0.970086 0
    outer loop
      vertex -0.65314 88.8047 27.84
      vertex -0.438952 88.7511 0
      vertex -0.65314 88.8047 0
    endloop
  endfacet
  facet normal 0.989174 0.146746 0
    outer loop
      vertex -2.20677 90.5189 27.84
      vertex -2.23917 90.7373 0
      vertex -2.23917 90.7373 27.84
    endloop
  endfacet
  facet normal 0.989174 0.146746 0
    outer loop
      vertex -2.23917 90.7373 0
      vertex -2.20677 90.5189 27.84
      vertex -2.20677 90.5189 0
    endloop
  endfacet
  facet normal -0.67159 0.740923 0
    outer loop
      vertex 1.59099 89.3669 0
      vertex 1.42738 89.2186 27.84
      vertex 1.59099 89.3669 27.84
    endloop
  endfacet
  facet normal -0.67159 0.740923 0
    outer loop
      vertex 1.42738 89.2186 27.84
      vertex 1.59099 89.3669 0
      vertex 1.42738 89.2186 0
    endloop
  endfacet
  facet normal 0.427536 -0.903998 0
    outer loop
      vertex -1.06064 92.9422 0
      vertex -0.861037 93.0366 27.84
      vertex -1.06064 92.9422 27.84
    endloop
  endfacet
  facet normal 0.427536 -0.903998 0
    outer loop
      vertex -0.861037 93.0366 27.84
      vertex -1.06064 92.9422 0
      vertex -0.861037 93.0366 0
    endloop
  endfacet
  facet normal -0.336943 0.941525 0
    outer loop
      vertex 0.861037 88.8791 0
      vertex 0.65314 88.8047 27.84
      vertex 0.861037 88.8791 27.84
    endloop
  endfacet
  facet normal -0.336943 0.941525 0
    outer loop
      vertex 0.65314 88.8047 27.84
      vertex 0.861037 88.8791 0
      vertex 0.65314 88.8047 0
    endloop
  endfacet
  facet normal 0.903978 -0.427578 0
    outer loop
      vertex -2.07873 91.8189 27.84
      vertex -1.98432 92.0185 0
      vertex -1.98432 92.0185 27.84
    endloop
  endfacet
  facet normal 0.903978 -0.427578 0
    outer loop
      vertex -1.98432 92.0185 0
      vertex -2.07873 91.8189 27.84
      vertex -2.07873 91.8189 0
    endloop
  endfacet
  facet normal 0.803109 0.595832 0
    outer loop
      vertex -1.73927 89.5305 27.84
      vertex -1.87081 89.7078 0
      vertex -1.87081 89.7078 27.84
    endloop
  endfacet
  facet normal 0.803109 0.595832 0
    outer loop
      vertex -1.87081 89.7078 0
      vertex -1.73927 89.5305 27.84
      vertex -1.73927 89.5305 0
    endloop
  endfacet
  facet normal 0.514383 0.857561 -0
    outer loop
      vertex -1.06064 88.9735 0
      vertex -1.25003 89.0871 27.84
      vertex -1.06064 88.9735 27.84
    endloop
  endfacet
  facet normal 0.514383 0.857561 0
    outer loop
      vertex -1.25003 89.0871 27.84
      vertex -1.06064 88.9735 0
      vertex -1.25003 89.0871 0
    endloop
  endfacet
  facet normal -0.803109 0.595832 0
    outer loop
      vertex 1.73927 89.5305 0
      vertex 1.87081 89.7078 27.84
      vertex 1.87081 89.7078 0
    endloop
  endfacet
  facet normal -0.803109 0.595832 0
    outer loop
      vertex 1.87081 89.7078 27.84
      vertex 1.73927 89.5305 0
      vertex 1.73927 89.5305 27.84
    endloop
  endfacet
  facet normal 0.514049 -0.857761 0
    outer loop
      vertex -1.25003 92.8287 0
      vertex -1.06064 92.9422 27.84
      vertex -1.25003 92.8287 27.84
    endloop
  endfacet
  facet normal 0.514049 -0.857761 0
    outer loop
      vertex -1.06064 92.9422 27.84
      vertex -1.25003 92.8287 0
      vertex -1.06064 92.9422 0
    endloop
  endfacet
  facet normal 0.427536 0.903998 -0
    outer loop
      vertex -0.861037 88.8791 0
      vertex -1.06064 88.9735 27.84
      vertex -0.861037 88.8791 27.84
    endloop
  endfacet
  facet normal 0.427536 0.903998 0
    outer loop
      vertex -1.06064 88.9735 27.84
      vertex -0.861037 88.8791 0
      vertex -1.06064 88.9735 0
    endloop
  endfacet
  facet normal 0.595607 0.803276 -0
    outer loop
      vertex -1.25003 89.0871 0
      vertex -1.42738 89.2186 27.84
      vertex -1.25003 89.0871 27.84
    endloop
  endfacet
  facet normal 0.595607 0.803276 0
    outer loop
      vertex -1.42738 89.2186 27.84
      vertex -1.25003 89.0871 0
      vertex -1.42738 89.2186 0
    endloop
  endfacet
  facet normal -0.336943 -0.941525 0
    outer loop
      vertex 0.65314 93.111 0
      vertex 0.861037 93.0366 27.84
      vertex 0.65314 93.111 27.84
    endloop
  endfacet
  facet normal -0.336943 -0.941525 -0
    outer loop
      vertex 0.861037 93.0366 27.84
      vertex 0.65314 93.111 0
      vertex 0.861037 93.0366 0
    endloop
  endfacet
  facet normal 0.740948 0.671563 0
    outer loop
      vertex -1.59099 89.3669 27.84
      vertex -1.73927 89.5305 0
      vertex -1.73927 89.5305 27.84
    endloop
  endfacet
  facet normal 0.740948 0.671563 0
    outer loop
      vertex -1.73927 89.5305 0
      vertex -1.59099 89.3669 27.84
      vertex -1.59099 89.3669 0
    endloop
  endfacet
  facet normal 0.336943 -0.941525 0
    outer loop
      vertex -0.861037 93.0366 0
      vertex -0.65314 93.111 27.84
      vertex -0.861037 93.0366 27.84
    endloop
  endfacet
  facet normal 0.336943 -0.941525 0
    outer loop
      vertex -0.65314 93.111 27.84
      vertex -0.861037 93.0366 0
      vertex -0.65314 93.111 0
    endloop
  endfacet
  facet normal 0.903978 0.427578 0
    outer loop
      vertex -1.98432 89.8972 27.84
      vertex -2.07873 90.0968 0
      vertex -2.07873 90.0968 27.84
    endloop
  endfacet
  facet normal 0.903978 0.427578 0
    outer loop
      vertex -2.07873 90.0968 0
      vertex -1.98432 89.8972 27.84
      vertex -1.98432 89.8972 0
    endloop
  endfacet
  facet normal 0.941541 0.336899 0
    outer loop
      vertex -2.07873 90.0968 27.84
      vertex -2.15312 90.3047 0
      vertex -2.15312 90.3047 27.84
    endloop
  endfacet
  facet normal 0.941541 0.336899 0
    outer loop
      vertex -2.15312 90.3047 0
      vertex -2.07873 90.0968 27.84
      vertex -2.07873 90.0968 0
    endloop
  endfacet
  facet normal -0.903978 -0.427578 0
    outer loop
      vertex 2.07873 91.8189 0
      vertex 1.98432 92.0185 27.84
      vertex 1.98432 92.0185 0
    endloop
  endfacet
  facet normal -0.903978 -0.427578 0
    outer loop
      vertex 1.98432 92.0185 27.84
      vertex 2.07873 91.8189 0
      vertex 2.07873 91.8189 27.84
    endloop
  endfacet
  facet normal 0.970036 0.242962 0
    outer loop
      vertex -2.15312 90.3047 27.84
      vertex -2.20677 90.5189 0
      vertex -2.20677 90.5189 27.84
    endloop
  endfacet
  facet normal 0.970036 0.242962 0
    outer loop
      vertex -2.20677 90.5189 0
      vertex -2.15312 90.3047 27.84
      vertex -2.15312 90.3047 0
    endloop
  endfacet
  facet normal -0.671341 -0.741148 0
    outer loop
      vertex 1.42738 92.6971 0
      vertex 1.59099 92.5489 27.84
      vertex 1.42738 92.6971 27.84
    endloop
  endfacet
  facet normal -0.671341 -0.741148 -0
    outer loop
      vertex 1.59099 92.5489 27.84
      vertex 1.42738 92.6971 0
      vertex 1.59099 92.5489 0
    endloop
  endfacet
  facet normal 0.67159 0.740923 -0
    outer loop
      vertex -1.42738 89.2186 0
      vertex -1.59099 89.3669 27.84
      vertex -1.42738 89.2186 27.84
    endloop
  endfacet
  facet normal 0.67159 0.740923 0
    outer loop
      vertex -1.59099 89.3669 27.84
      vertex -1.42738 89.2186 0
      vertex -1.59099 89.3669 0
    endloop
  endfacet
  facet normal -0.970036 0.242962 0
    outer loop
      vertex 2.15312 90.3047 0
      vertex 2.20677 90.5189 27.84
      vertex 2.20677 90.5189 0
    endloop
  endfacet
  facet normal -0.970036 0.242962 0
    outer loop
      vertex 2.20677 90.5189 27.84
      vertex 2.15312 90.3047 0
      vertex 2.15312 90.3047 27.84
    endloop
  endfacet
  facet normal -0.740948 0.671563 0
    outer loop
      vertex 1.59099 89.3669 0
      vertex 1.73927 89.5305 27.84
      vertex 1.73927 89.5305 0
    endloop
  endfacet
  facet normal -0.740948 0.671563 0
    outer loop
      vertex 1.73927 89.5305 27.84
      vertex 1.59099 89.3669 0
      vertex 1.59099 89.3669 27.84
    endloop
  endfacet
  facet normal -0.146736 0.989176 0
    outer loop
      vertex 0.438952 88.7511 0
      vertex 0.220538 88.7187 27.84
      vertex 0.438952 88.7511 27.84
    endloop
  endfacet
  facet normal -0.146736 0.989176 0
    outer loop
      vertex 0.220538 88.7187 27.84
      vertex 0.438952 88.7511 0
      vertex 0.220538 88.7187 0
    endloop
  endfacet
  facet normal 0.989174 -0.146746 0
    outer loop
      vertex -2.23917 91.1784 27.84
      vertex -2.20677 91.3968 0
      vertex -2.20677 91.3968 27.84
    endloop
  endfacet
  facet normal 0.989174 -0.146746 0
    outer loop
      vertex -2.20677 91.3968 0
      vertex -2.23917 91.1784 27.84
      vertex -2.23917 91.1784 0
    endloop
  endfacet
  facet normal -0.514049 -0.857761 0
    outer loop
      vertex 1.06064 92.9422 0
      vertex 1.25003 92.8287 27.84
      vertex 1.06064 92.9422 27.84
    endloop
  endfacet
  facet normal -0.514049 -0.857761 -0
    outer loop
      vertex 1.25003 92.8287 27.84
      vertex 1.06064 92.9422 0
      vertex 1.25003 92.8287 0
    endloop
  endfacet
  facet normal 0.970036 -0.242962 0
    outer loop
      vertex -2.20677 91.3968 27.84
      vertex -2.15312 91.611 0
      vertex -2.15312 91.611 27.84
    endloop
  endfacet
  facet normal 0.970036 -0.242962 0
    outer loop
      vertex -2.15312 91.611 0
      vertex -2.20677 91.3968 27.84
      vertex -2.20677 91.3968 0
    endloop
  endfacet
  facet normal -0.941541 -0.336899 0
    outer loop
      vertex 2.15312 91.611 0
      vertex 2.07873 91.8189 27.84
      vertex 2.07873 91.8189 0
    endloop
  endfacet
  facet normal -0.941541 -0.336899 0
    outer loop
      vertex 2.07873 91.8189 27.84
      vertex 2.15312 91.611 0
      vertex 2.15312 91.611 27.84
    endloop
  endfacet
  facet normal -0.242762 -0.970086 0
    outer loop
      vertex 0.438952 93.1646 0
      vertex 0.65314 93.111 27.84
      vertex 0.438952 93.1646 27.84
    endloop
  endfacet
  facet normal -0.242762 -0.970086 -0
    outer loop
      vertex 0.65314 93.111 27.84
      vertex 0.438952 93.1646 0
      vertex 0.65314 93.111 0
    endloop
  endfacet
  facet normal -0.0493643 -0.998781 0
    outer loop
      vertex 0 93.2079 0
      vertex 0.220538 93.197 27.84
      vertex 0 93.2079 27.84
    endloop
  endfacet
  facet normal -0.0493643 -0.998781 -0
    outer loop
      vertex 0.220538 93.197 27.84
      vertex 0 93.2079 0
      vertex 0.220538 93.197 0
    endloop
  endfacet
  facet normal -0.427536 0.903998 0
    outer loop
      vertex 1.06064 88.9735 0
      vertex 0.861037 88.8791 27.84
      vertex 1.06064 88.9735 27.84
    endloop
  endfacet
  facet normal -0.427536 0.903998 0
    outer loop
      vertex 0.861037 88.8791 27.84
      vertex 1.06064 88.9735 0
      vertex 0.861037 88.8791 0
    endloop
  endfacet
  facet normal 0.0493643 -0.998781 0
    outer loop
      vertex -0.220538 93.197 0
      vertex 0 93.2079 27.84
      vertex -0.220538 93.197 27.84
    endloop
  endfacet
  facet normal 0.0493643 -0.998781 0
    outer loop
      vertex 0 93.2079 27.84
      vertex -0.220538 93.197 0
      vertex 0 93.2079 0
    endloop
  endfacet
  facet normal -0.989174 0.146746 0
    outer loop
      vertex 2.20677 90.5189 0
      vertex 2.23917 90.7373 27.84
      vertex 2.23917 90.7373 0
    endloop
  endfacet
  facet normal -0.989174 0.146746 0
    outer loop
      vertex 2.23917 90.7373 27.84
      vertex 2.20677 90.5189 0
      vertex 2.20677 90.5189 27.84
    endloop
  endfacet
  facet normal -0.857753 -0.514063 0
    outer loop
      vertex 1.98432 92.0185 0
      vertex 1.87081 92.2079 27.84
      vertex 1.87081 92.2079 0
    endloop
  endfacet
  facet normal -0.857753 -0.514063 0
    outer loop
      vertex 1.87081 92.2079 27.84
      vertex 1.98432 92.0185 0
      vertex 1.98432 92.0185 27.84
    endloop
  endfacet
  facet normal 0.671341 -0.741148 0
    outer loop
      vertex -1.59099 92.5489 0
      vertex -1.42738 92.6971 27.84
      vertex -1.59099 92.5489 27.84
    endloop
  endfacet
  facet normal 0.671341 -0.741148 0
    outer loop
      vertex -1.42738 92.6971 27.84
      vertex -1.59099 92.5489 0
      vertex -1.42738 92.6971 0
    endloop
  endfacet
  facet normal -0.242762 0.970086 0
    outer loop
      vertex 0.65314 88.8047 0
      vertex 0.438952 88.7511 27.84
      vertex 0.65314 88.8047 27.84
    endloop
  endfacet
  facet normal -0.242762 0.970086 0
    outer loop
      vertex 0.438952 88.7511 27.84
      vertex 0.65314 88.8047 0
      vertex 0.438952 88.7511 0
    endloop
  endfacet
  facet normal 0.0489125 0.998803 -0
    outer loop
      vertex 0 88.7079 0
      vertex -0.220538 88.7187 27.84
      vertex 0 88.7079 27.84
    endloop
  endfacet
  facet normal 0.0489125 0.998803 0
    outer loop
      vertex -0.220538 88.7187 27.84
      vertex 0 88.7079 0
      vertex -0.220538 88.7187 0
    endloop
  endfacet
  facet normal 0.741152 -0.671338 0
    outer loop
      vertex -1.73927 92.3852 27.84
      vertex -1.59099 92.5489 0
      vertex -1.59099 92.5489 27.84
    endloop
  endfacet
  facet normal 0.741152 -0.671338 0
    outer loop
      vertex -1.59099 92.5489 0
      vertex -1.73927 92.3852 27.84
      vertex -1.73927 92.3852 0
    endloop
  endfacet
  facet normal 0.941541 -0.336899 0
    outer loop
      vertex -2.15312 91.611 27.84
      vertex -2.07873 91.8189 0
      vertex -2.07873 91.8189 27.84
    endloop
  endfacet
  facet normal 0.941541 -0.336899 0
    outer loop
      vertex -2.07873 91.8189 0
      vertex -2.15312 91.611 27.84
      vertex -2.15312 91.611 0
    endloop
  endfacet
  facet normal -0.903978 0.427578 0
    outer loop
      vertex 1.98432 89.8972 0
      vertex 2.07873 90.0968 27.84
      vertex 2.07873 90.0968 0
    endloop
  endfacet
  facet normal -0.903978 0.427578 0
    outer loop
      vertex 2.07873 90.0968 27.84
      vertex 1.98432 89.8972 0
      vertex 1.98432 89.8972 27.84
    endloop
  endfacet
  facet normal -0.0489125 0.998803 0
    outer loop
      vertex 0.220538 88.7187 0
      vertex 0 88.7079 27.84
      vertex 0.220538 88.7187 27.84
    endloop
  endfacet
  facet normal -0.0489125 0.998803 0
    outer loop
      vertex 0 88.7079 27.84
      vertex 0.220538 88.7187 0
      vertex 0 88.7079 0
    endloop
  endfacet
  facet normal -0.941541 0.336899 0
    outer loop
      vertex 2.07873 90.0968 0
      vertex 2.15312 90.3047 27.84
      vertex 2.15312 90.3047 0
    endloop
  endfacet
  facet normal -0.941541 0.336899 0
    outer loop
      vertex 2.15312 90.3047 27.84
      vertex 2.07873 90.0968 0
      vertex 2.07873 90.0968 27.84
    endloop
  endfacet
  facet normal 0.998796 -0.0490565 0
    outer loop
      vertex -2.25 90.9579 27.84
      vertex -2.23917 91.1784 0
      vertex -2.23917 91.1784 27.84
    endloop
  endfacet
  facet normal 0.998796 -0.0490565 0
    outer loop
      vertex -2.23917 91.1784 0
      vertex -2.25 90.9579 27.84
      vertex -2.25 90.9579 0
    endloop
  endfacet
  facet normal -0.741152 -0.671338 0
    outer loop
      vertex 1.73927 92.3852 0
      vertex 1.59099 92.5489 27.84
      vertex 1.59099 92.5489 0
    endloop
  endfacet
  facet normal -0.741152 -0.671338 0
    outer loop
      vertex 1.59099 92.5489 27.84
      vertex 1.73927 92.3852 0
      vertex 1.73927 92.3852 27.84
    endloop
  endfacet
  facet normal -0.595607 0.803276 0
    outer loop
      vertex 1.42738 89.2186 0
      vertex 1.25003 89.0871 27.84
      vertex 1.42738 89.2186 27.84
    endloop
  endfacet
  facet normal -0.595607 0.803276 0
    outer loop
      vertex 1.25003 89.0871 27.84
      vertex 1.42738 89.2186 0
      vertex 1.25003 89.0871 0
    endloop
  endfacet
  facet normal -0.857753 0.514063 0
    outer loop
      vertex 1.87081 89.7078 0
      vertex 1.98432 89.8972 27.84
      vertex 1.98432 89.8972 0
    endloop
  endfacet
  facet normal -0.857753 0.514063 0
    outer loop
      vertex 1.98432 89.8972 27.84
      vertex 1.87081 89.7078 0
      vertex 1.87081 89.7078 27.84
    endloop
  endfacet
  facet normal 0.857753 -0.514063 0
    outer loop
      vertex -1.98432 92.0185 27.84
      vertex -1.87081 92.2079 0
      vertex -1.87081 92.2079 27.84
    endloop
  endfacet
  facet normal 0.857753 -0.514063 0
    outer loop
      vertex -1.87081 92.2079 0
      vertex -1.98432 92.0185 27.84
      vertex -1.98432 92.0185 0
    endloop
  endfacet
  facet normal 0.857753 0.514063 0
    outer loop
      vertex -1.87081 89.7078 27.84
      vertex -1.98432 89.8972 0
      vertex -1.98432 89.8972 27.84
    endloop
  endfacet
  facet normal 0.857753 0.514063 0
    outer loop
      vertex -1.98432 89.8972 0
      vertex -1.87081 89.7078 27.84
      vertex -1.87081 89.7078 0
    endloop
  endfacet
  facet normal 0.998797 0.0490343 0
    outer loop
      vertex -2.23917 90.7373 27.84
      vertex -2.25 90.9579 0
      vertex -2.25 90.9579 27.84
    endloop
  endfacet
  facet normal 0.998797 0.0490343 0
    outer loop
      vertex -2.25 90.9579 0
      vertex -2.23917 90.7373 27.84
      vertex -2.23917 90.7373 0
    endloop
  endfacet
  facet normal 0.146736 0.989176 -0
    outer loop
      vertex -0.220538 88.7187 0
      vertex -0.438952 88.7511 27.84
      vertex -0.220538 88.7187 27.84
    endloop
  endfacet
  facet normal 0.146736 0.989176 0
    outer loop
      vertex -0.438952 88.7511 27.84
      vertex -0.220538 88.7187 0
      vertex -0.438952 88.7511 0
    endloop
  endfacet
  facet normal 0.803109 -0.595832 0
    outer loop
      vertex -1.87081 92.2079 27.84
      vertex -1.73927 92.3852 0
      vertex -1.73927 92.3852 27.84
    endloop
  endfacet
  facet normal 0.803109 -0.595832 0
    outer loop
      vertex -1.73927 92.3852 0
      vertex -1.87081 92.2079 27.84
      vertex -1.87081 92.2079 0
    endloop
  endfacet
  facet normal 0 -0.242935 0.970042
    outer loop
      vertex 65.4763 37.3233 10.9717
      vertex 85.9579 37.2091 10.9431
      vertex 85.9579 37.3233 10.9717
    endloop
  endfacet
  facet normal 0 -0.242935 0.970042
    outer loop
      vertex 85.9579 37.2091 10.9431
      vertex 65.4763 37.3233 10.9717
      vertex 65.4753 37.2091 10.9431
    endloop
  endfacet
  facet normal 0 -0.970042 0.242935
    outer loop
      vertex 85.9579 38.1233 11.7717
      vertex 65.5106 38.1519 11.8859
      vertex 65.5063 38.1233 11.7717
    endloop
  endfacet
  facet normal 0 -0.970042 0.242935
    outer loop
      vertex 65.5106 38.1519 11.8859
      vertex 85.9579 38.1233 11.7717
      vertex 85.9579 38.1519 11.8859
    endloop
  endfacet
  facet normal 0 -0.427758 0.903893
    outer loop
      vertex 65.4797 37.5407 11.0617
      vertex 85.9579 37.4342 11.0113
      vertex 85.9579 37.5407 11.0617
    endloop
  endfacet
  facet normal 0 -0.427758 0.903893
    outer loop
      vertex 85.9579 37.4342 11.0113
      vertex 65.4797 37.5407 11.0617
      vertex 65.4778 37.4342 11.0113
    endloop
  endfacet
  facet normal 0 -0.146887 -0.989153
    outer loop
      vertex 65.7288 37.0926 17.7142
      vertex 85.9579 37.2091 17.6969
      vertex 85.9579 37.0926 17.7142
    endloop
  endfacet
  facet normal -0 -0.146887 -0.989153
    outer loop
      vertex 85.9579 37.2091 17.6969
      vertex 65.7288 37.0926 17.7142
      vertex 65.7282 37.2091 17.6969
    endloop
  endfacet
  facet normal 0 -0.595918 -0.803046
    outer loop
      vertex 65.7215 37.6417 17.5178
      vertex 85.9579 37.7363 17.4476
      vertex 85.9579 37.6417 17.5178
    endloop
  endfacet
  facet normal -0 -0.595918 -0.803046
    outer loop
      vertex 85.9579 37.7363 17.4476
      vertex 65.7215 37.6417 17.5178
      vertex 65.7188 37.7363 17.4476
    endloop
  endfacet
  facet normal 0 0.989153 -0.146887
    outer loop
      vertex 85.9579 25.3808 16.6376
      vertex 65.6929 25.3981 16.7541
      vertex 85.9579 25.3981 16.7541
    endloop
  endfacet
  facet normal 0 0.989153 -0.146887
    outer loop
      vertex 65.6929 25.3981 16.7541
      vertex 85.9579 25.3808 16.6376
      vertex 65.6885 25.3808 16.6376
    endloop
  endfacet
  facet normal 0 -0.941761 0.336283
    outer loop
      vertex 85.9579 38.0837 11.6608
      vertex 65.5063 38.1233 11.7717
      vertex 65.5021 38.0837 11.6608
    endloop
  endfacet
  facet normal 0 -0.941761 0.336283
    outer loop
      vertex 65.5063 38.1233 11.7717
      vertex 85.9579 38.0837 11.6608
      vertex 85.9579 38.1233 11.7717
    endloop
  endfacet
  facet normal -0 -0.998786 -0.0492599
    outer loop
      vertex 85.9579 38.175 16.52
      vertex 65.6885 38.1692 16.6376
      vertex 65.6841 38.175 16.52
    endloop
  endfacet
  facet normal 0 -0.998786 -0.0492599
    outer loop
      vertex 65.6885 38.1692 16.6376
      vertex 85.9579 38.175 16.52
      vertex 85.9579 38.1692 16.6376
    endloop
  endfacet
  facet normal 0 -0.336283 0.941761
    outer loop
      vertex 65.4778 37.4342 11.0113
      vertex 85.9579 37.3233 10.9717
      vertex 85.9579 37.4342 11.0113
    endloop
  endfacet
  facet normal 0 -0.336283 0.941761
    outer loop
      vertex 85.9579 37.3233 10.9717
      vertex 65.4778 37.4342 11.0113
      vertex 65.4763 37.3233 10.9717
    endloop
  endfacet
  facet normal 0 -0.857867 0.513871
    outer loop
      vertex 85.9579 37.9728 11.4533
      vertex 65.4981 38.0333 11.5543
      vertex 65.4944 37.9728 11.4533
    endloop
  endfacet
  facet normal 0 -0.857867 0.513871
    outer loop
      vertex 65.4981 38.0333 11.5543
      vertex 85.9579 37.9728 11.4533
      vertex 85.9579 38.0333 11.5543
    endloop
  endfacet
  facet normal 0 0.970042 -0.242935
    outer loop
      vertex 85.9579 25.3981 16.7541
      vertex 65.6972 25.4267 16.8683
      vertex 85.9579 25.4267 16.8683
    endloop
  endfacet
  facet normal 0 0.970042 -0.242935
    outer loop
      vertex 65.6972 25.4267 16.8683
      vertex 85.9579 25.3981 16.7541
      vertex 65.6929 25.3981 16.7541
    endloop
  endfacet
  facet normal 0 0.74067 -0.671869
    outer loop
      vertex 85.9579 25.6474 17.2813
      vertex 65.7159 25.7265 17.3685
      vertex 85.9579 25.7265 17.3685
    endloop
  endfacet
  facet normal 0 0.74067 -0.671869
    outer loop
      vertex 65.7159 25.7265 17.3685
      vertex 85.9579 25.6474 17.2813
      vertex 65.7126 25.6474 17.2813
    endloop
  endfacet
  facet normal 0 -0.671869 -0.74067
    outer loop
      vertex 65.7188 37.7363 17.4476
      vertex 85.9579 37.8235 17.3685
      vertex 85.9579 37.7363 17.4476
    endloop
  endfacet
  facet normal -0 -0.671869 -0.74067
    outer loop
      vertex 85.9579 37.8235 17.3685
      vertex 65.7188 37.7363 17.4476
      vertex 65.7159 37.8235 17.3685
    endloop
  endfacet
  facet normal 0 -0.427758 -0.903893
    outer loop
      vertex 65.7256 37.4342 17.6287
      vertex 85.9579 37.5407 17.5783
      vertex 85.9579 37.4342 17.6287
    endloop
  endfacet
  facet normal -0 -0.427758 -0.903893
    outer loop
      vertex 85.9579 37.5407 17.5783
      vertex 65.7256 37.4342 17.6287
      vertex 65.7237 37.5407 17.5783
    endloop
  endfacet
  facet normal 0 -0.671869 0.74067
    outer loop
      vertex 65.4876 37.8235 11.2715
      vertex 85.9579 37.7363 11.1924
      vertex 85.9579 37.8235 11.2715
    endloop
  endfacet
  facet normal 0 -0.671869 0.74067
    outer loop
      vertex 85.9579 37.7363 11.1924
      vertex 65.4876 37.8235 11.2715
      vertex 65.4846 37.7363 11.1924
    endloop
  endfacet
  facet normal 0 -0.513871 -0.857867
    outer loop
      vertex 65.7237 37.5407 17.5783
      vertex 85.9579 37.6417 17.5178
      vertex 85.9579 37.5407 17.5783
    endloop
  endfacet
  facet normal -0 -0.513871 -0.857867
    outer loop
      vertex 85.9579 37.6417 17.5178
      vertex 65.7237 37.5407 17.5783
      vertex 65.7215 37.6417 17.5178
    endloop
  endfacet
  facet normal 0 1 -0
    outer loop
      vertex 85.9579 25.375 12.12
      vertex 65.6841 25.375 16.52
      vertex 85.9579 25.375 16.52
    endloop
  endfacet
  facet normal 0 1 0
    outer loop
      vertex 65.6841 25.375 16.52
      vertex 85.9579 25.375 12.12
      vertex 65.5193 25.375 12.12
    endloop
  endfacet
  facet normal 0 -0.595918 0.803046
    outer loop
      vertex 65.4846 37.7363 11.1924
      vertex 85.9579 37.6417 11.1222
      vertex 85.9579 37.7363 11.1924
    endloop
  endfacet
  facet normal 0 -0.595918 0.803046
    outer loop
      vertex 85.9579 37.6417 11.1222
      vertex 65.4846 37.7363 11.1924
      vertex 65.482 37.6417 11.1222
    endloop
  endfacet
  facet normal -0 -0.941761 -0.336283
    outer loop
      vertex 85.9579 38.1233 16.8683
      vertex 65.7013 38.0837 16.9792
      vertex 65.6972 38.1233 16.8683
    endloop
  endfacet
  facet normal 0 -0.941761 -0.336283
    outer loop
      vertex 65.7013 38.0837 16.9792
      vertex 85.9579 38.1233 16.8683
      vertex 85.9579 38.0837 16.9792
    endloop
  endfacet
  facet normal -0 -0.803046 -0.595918
    outer loop
      vertex 85.9579 37.9728 17.1867
      vertex 65.7126 37.9026 17.2813
      vertex 65.7091 37.9728 17.1867
    endloop
  endfacet
  facet normal 0 -0.803046 -0.595918
    outer loop
      vertex 65.7126 37.9026 17.2813
      vertex 85.9579 37.9728 17.1867
      vertex 85.9579 37.9026 17.2813
    endloop
  endfacet
  facet normal -0 0 1
    outer loop
      vertex 65.4744 36.975 10.92
      vertex 85.9579 26.575 10.92
      vertex 85.9579 36.975 10.92
    endloop
  endfacet
  facet normal 0 0 1
    outer loop
      vertex 85.9579 26.575 10.92
      vertex 65.4744 36.975 10.92
      vertex 65.4744 26.575 10.92
    endloop
  endfacet
  facet normal 0 -0.242935 -0.970042
    outer loop
      vertex 65.7282 37.2091 17.6969
      vertex 85.9579 37.3233 17.6683
      vertex 85.9579 37.2091 17.6969
    endloop
  endfacet
  facet normal -0 -0.242935 -0.970042
    outer loop
      vertex 85.9579 37.3233 17.6683
      vertex 65.7282 37.2091 17.6969
      vertex 65.7271 37.3233 17.6683
    endloop
  endfacet
  facet normal 0 0.803046 0.595918
    outer loop
      vertex 85.9579 25.6474 11.3587
      vertex 65.4944 25.5772 11.4533
      vertex 85.9579 25.5772 11.4533
    endloop
  endfacet
  facet normal 0 0.803046 0.595918
    outer loop
      vertex 65.4944 25.5772 11.4533
      vertex 85.9579 25.6474 11.3587
      vertex 65.4908 25.6474 11.3587
    endloop
  endfacet
  facet normal 0 -1 0
    outer loop
      vertex 85.9579 38.175 12.12
      vertex 65.6841 38.175 16.52
      vertex 65.5193 38.175 12.12
    endloop
  endfacet
  facet normal 0 -1 0
    outer loop
      vertex 65.6841 38.175 16.52
      vertex 85.9579 38.175 12.12
      vertex 85.9579 38.175 16.52
    endloop
  endfacet
  facet normal 0 0 -1
    outer loop
      vertex 65.729 26.575 17.72
      vertex 85.9579 36.975 17.72
      vertex 85.9579 26.575 17.72
    endloop
  endfacet
  facet normal -0 0 -1
    outer loop
      vertex 85.9579 36.975 17.72
      vertex 65.729 26.575 17.72
      vertex 65.729 36.975 17.72
    endloop
  endfacet
  facet normal 0 0.671869 0.74067
    outer loop
      vertex 85.9579 25.8137 11.1924
      vertex 65.4876 25.7265 11.2715
      vertex 85.9579 25.7265 11.2715
    endloop
  endfacet
  facet normal 0 0.671869 0.74067
    outer loop
      vertex 65.4876 25.7265 11.2715
      vertex 85.9579 25.8137 11.1924
      vertex 65.4846 25.8137 11.1924
    endloop
  endfacet
  facet normal 0 0.336283 0.941761
    outer loop
      vertex 85.9579 26.2267 10.9717
      vertex 65.4778 26.1158 11.0113
      vertex 85.9579 26.1158 11.0113
    endloop
  endfacet
  facet normal 0 0.336283 0.941761
    outer loop
      vertex 65.4778 26.1158 11.0113
      vertex 85.9579 26.2267 10.9717
      vertex 65.4763 26.2267 10.9717
    endloop
  endfacet
  facet normal -0 -0.970042 -0.242935
    outer loop
      vertex 85.9579 38.1519 16.7541
      vertex 65.6972 38.1233 16.8683
      vertex 65.6929 38.1519 16.7541
    endloop
  endfacet
  facet normal 0 -0.970042 -0.242935
    outer loop
      vertex 65.6972 38.1233 16.8683
      vertex 85.9579 38.1519 16.7541
      vertex 85.9579 38.1233 16.8683
    endloop
  endfacet
  facet normal 0 -0.989153 0.146887
    outer loop
      vertex 85.9579 38.1519 11.8859
      vertex 65.5149 38.1692 12.0024
      vertex 65.5106 38.1519 11.8859
    endloop
  endfacet
  facet normal 0 -0.989153 0.146887
    outer loop
      vertex 65.5149 38.1692 12.0024
      vertex 85.9579 38.1519 11.8859
      vertex 85.9579 38.1692 12.0024
    endloop
  endfacet
  facet normal 0 0.0492599 -0.998786
    outer loop
      vertex 85.9579 26.4574 17.7142
      vertex 65.729 26.575 17.72
      vertex 85.9579 26.575 17.72
    endloop
  endfacet
  facet normal 0 0.0492599 -0.998786
    outer loop
      vertex 65.729 26.575 17.72
      vertex 85.9579 26.4574 17.7142
      vertex 65.7288 26.4574 17.7142
    endloop
  endfacet
  facet normal -0 -0.903893 -0.427758
    outer loop
      vertex 85.9579 38.0837 16.9792
      vertex 65.7053 38.0333 17.0857
      vertex 65.7013 38.0837 16.9792
    endloop
  endfacet
  facet normal 0 -0.903893 -0.427758
    outer loop
      vertex 65.7053 38.0333 17.0857
      vertex 85.9579 38.0837 16.9792
      vertex 85.9579 38.0333 17.0857
    endloop
  endfacet
  facet normal 0 -0.336283 -0.941761
    outer loop
      vertex 65.7271 37.3233 17.6683
      vertex 85.9579 37.4342 17.6287
      vertex 85.9579 37.3233 17.6683
    endloop
  endfacet
  facet normal -0 -0.336283 -0.941761
    outer loop
      vertex 85.9579 37.4342 17.6287
      vertex 65.7271 37.3233 17.6683
      vertex 65.7256 37.4342 17.6287
    endloop
  endfacet
  facet normal 0 0.671869 -0.74067
    outer loop
      vertex 85.9579 25.7265 17.3685
      vertex 65.7188 25.8137 17.4476
      vertex 85.9579 25.8137 17.4476
    endloop
  endfacet
  facet normal 0 0.671869 -0.74067
    outer loop
      vertex 65.7188 25.8137 17.4476
      vertex 85.9579 25.7265 17.3685
      vertex 65.7159 25.7265 17.3685
    endloop
  endfacet
  facet normal 0 0.0492599 0.998786
    outer loop
      vertex 85.9579 26.575 10.92
      vertex 65.4746 26.4574 10.9258
      vertex 85.9579 26.4574 10.9258
    endloop
  endfacet
  facet normal 0 0.0492599 0.998786
    outer loop
      vertex 65.4746 26.4574 10.9258
      vertex 85.9579 26.575 10.92
      vertex 65.4744 26.575 10.92
    endloop
  endfacet
  facet normal 0 0.998786 0.0492599
    outer loop
      vertex 85.9579 25.3808 12.0024
      vertex 65.5193 25.375 12.12
      vertex 85.9579 25.375 12.12
    endloop
  endfacet
  facet normal 0 0.998786 0.0492599
    outer loop
      vertex 65.5193 25.375 12.12
      vertex 85.9579 25.3808 12.0024
      vertex 65.5149 25.3808 12.0024
    endloop
  endfacet
  facet normal 0 0.242935 0.970042
    outer loop
      vertex 85.9579 26.3409 10.9431
      vertex 65.4763 26.2267 10.9717
      vertex 85.9579 26.2267 10.9717
    endloop
  endfacet
  facet normal 0 0.242935 0.970042
    outer loop
      vertex 65.4763 26.2267 10.9717
      vertex 85.9579 26.3409 10.9431
      vertex 65.4753 26.3409 10.9431
    endloop
  endfacet
  facet normal 0 0.242935 -0.970042
    outer loop
      vertex 85.9579 26.2267 17.6683
      vertex 65.7282 26.3409 17.6969
      vertex 85.9579 26.3409 17.6969
    endloop
  endfacet
  facet normal 0 0.242935 -0.970042
    outer loop
      vertex 65.7282 26.3409 17.6969
      vertex 85.9579 26.2267 17.6683
      vertex 65.7271 26.2267 17.6683
    endloop
  endfacet
  facet normal 0 0.513871 0.857867
    outer loop
      vertex 85.9579 26.0093 11.0617
      vertex 65.482 25.9083 11.1222
      vertex 85.9579 25.9083 11.1222
    endloop
  endfacet
  facet normal 0 0.513871 0.857867
    outer loop
      vertex 65.482 25.9083 11.1222
      vertex 85.9579 26.0093 11.0617
      vertex 65.4797 26.0093 11.0617
    endloop
  endfacet
  facet normal 0 0.595918 0.803046
    outer loop
      vertex 85.9579 25.9083 11.1222
      vertex 65.4846 25.8137 11.1924
      vertex 85.9579 25.8137 11.1924
    endloop
  endfacet
  facet normal 0 0.595918 0.803046
    outer loop
      vertex 65.4846 25.8137 11.1924
      vertex 85.9579 25.9083 11.1222
      vertex 65.482 25.9083 11.1222
    endloop
  endfacet
  facet normal -0 -0.857867 -0.513871
    outer loop
      vertex 85.9579 38.0333 17.0857
      vertex 65.7091 37.9728 17.1867
      vertex 65.7053 38.0333 17.0857
    endloop
  endfacet
  facet normal 0 -0.857867 -0.513871
    outer loop
      vertex 65.7091 37.9728 17.1867
      vertex 85.9579 38.0333 17.0857
      vertex 85.9579 37.9728 17.1867
    endloop
  endfacet
  facet normal 0 -0.146887 0.989153
    outer loop
      vertex 65.4753 37.2091 10.9431
      vertex 85.9579 37.0926 10.9258
      vertex 85.9579 37.2091 10.9431
    endloop
  endfacet
  facet normal 0 -0.146887 0.989153
    outer loop
      vertex 85.9579 37.0926 10.9258
      vertex 65.4753 37.2091 10.9431
      vertex 65.4746 37.0926 10.9258
    endloop
  endfacet
  facet normal 0 -0.0492599 0.998786
    outer loop
      vertex 65.4746 37.0926 10.9258
      vertex 85.9579 36.975 10.92
      vertex 85.9579 37.0926 10.9258
    endloop
  endfacet
  facet normal 0 -0.0492599 0.998786
    outer loop
      vertex 85.9579 36.975 10.92
      vertex 65.4746 37.0926 10.9258
      vertex 65.4744 36.975 10.92
    endloop
  endfacet
  facet normal 0 0.989153 0.146887
    outer loop
      vertex 85.9579 25.3981 11.8859
      vertex 65.5149 25.3808 12.0024
      vertex 85.9579 25.3808 12.0024
    endloop
  endfacet
  facet normal 0 0.989153 0.146887
    outer loop
      vertex 65.5149 25.3808 12.0024
      vertex 85.9579 25.3981 11.8859
      vertex 65.5106 25.3981 11.8859
    endloop
  endfacet
  facet normal 0 -0.0492599 -0.998786
    outer loop
      vertex 65.729 36.975 17.72
      vertex 85.9579 37.0926 17.7142
      vertex 85.9579 36.975 17.72
    endloop
  endfacet
  facet normal -0 -0.0492599 -0.998786
    outer loop
      vertex 85.9579 37.0926 17.7142
      vertex 65.729 36.975 17.72
      vertex 65.7288 37.0926 17.7142
    endloop
  endfacet
  facet normal -0 -0.74067 -0.671869
    outer loop
      vertex 85.9579 37.9026 17.2813
      vertex 65.7159 37.8235 17.3685
      vertex 65.7126 37.9026 17.2813
    endloop
  endfacet
  facet normal 0 -0.74067 -0.671869
    outer loop
      vertex 65.7159 37.8235 17.3685
      vertex 85.9579 37.9026 17.2813
      vertex 85.9579 37.8235 17.3685
    endloop
  endfacet
  facet normal 0 0.146887 -0.989153
    outer loop
      vertex 85.9579 26.3409 17.6969
      vertex 65.7288 26.4574 17.7142
      vertex 85.9579 26.4574 17.7142
    endloop
  endfacet
  facet normal 0 0.146887 -0.989153
    outer loop
      vertex 65.7288 26.4574 17.7142
      vertex 85.9579 26.3409 17.6969
      vertex 65.7282 26.3409 17.6969
    endloop
  endfacet
  facet normal 0 -0.513871 0.857867
    outer loop
      vertex 65.482 37.6417 11.1222
      vertex 85.9579 37.5407 11.0617
      vertex 85.9579 37.6417 11.1222
    endloop
  endfacet
  facet normal 0 -0.513871 0.857867
    outer loop
      vertex 85.9579 37.5407 11.0617
      vertex 65.482 37.6417 11.1222
      vertex 65.4797 37.5407 11.0617
    endloop
  endfacet
  facet normal 0 -0.998786 0.0492599
    outer loop
      vertex 85.9579 38.1692 12.0024
      vertex 65.5193 38.175 12.12
      vertex 65.5149 38.1692 12.0024
    endloop
  endfacet
  facet normal 0 -0.998786 0.0492599
    outer loop
      vertex 65.5193 38.175 12.12
      vertex 85.9579 38.1692 12.0024
      vertex 85.9579 38.175 12.12
    endloop
  endfacet
  facet normal 0 0.857867 -0.513871
    outer loop
      vertex 85.9579 25.5167 17.0857
      vertex 65.7091 25.5772 17.1867
      vertex 85.9579 25.5772 17.1867
    endloop
  endfacet
  facet normal 0 0.857867 -0.513871
    outer loop
      vertex 65.7091 25.5772 17.1867
      vertex 85.9579 25.5167 17.0857
      vertex 65.7053 25.5167 17.0857
    endloop
  endfacet
  facet normal -0 -0.989153 -0.146887
    outer loop
      vertex 85.9579 38.1692 16.6376
      vertex 65.6929 38.1519 16.7541
      vertex 65.6885 38.1692 16.6376
    endloop
  endfacet
  facet normal 0 -0.989153 -0.146887
    outer loop
      vertex 65.6929 38.1519 16.7541
      vertex 85.9579 38.1692 16.6376
      vertex 85.9579 38.1519 16.7541
    endloop
  endfacet
  facet normal 0 0.941761 -0.336283
    outer loop
      vertex 85.9579 25.4267 16.8683
      vertex 65.7013 25.4663 16.9792
      vertex 85.9579 25.4663 16.9792
    endloop
  endfacet
  facet normal 0 0.941761 -0.336283
    outer loop
      vertex 65.7013 25.4663 16.9792
      vertex 85.9579 25.4267 16.8683
      vertex 65.6972 25.4267 16.8683
    endloop
  endfacet
  facet normal 0 -0.803046 0.595918
    outer loop
      vertex 85.9579 37.9026 11.3587
      vertex 65.4944 37.9728 11.4533
      vertex 65.4908 37.9026 11.3587
    endloop
  endfacet
  facet normal 0 -0.803046 0.595918
    outer loop
      vertex 65.4944 37.9728 11.4533
      vertex 85.9579 37.9026 11.3587
      vertex 85.9579 37.9728 11.4533
    endloop
  endfacet
  facet normal 0 -0.74067 0.671869
    outer loop
      vertex 85.9579 37.8235 11.2715
      vertex 65.4908 37.9026 11.3587
      vertex 65.4876 37.8235 11.2715
    endloop
  endfacet
  facet normal 0 -0.74067 0.671869
    outer loop
      vertex 65.4908 37.9026 11.3587
      vertex 85.9579 37.8235 11.2715
      vertex 85.9579 37.9026 11.3587
    endloop
  endfacet
  facet normal 0 0.427758 0.903893
    outer loop
      vertex 85.9579 26.1158 11.0113
      vertex 65.4797 26.0093 11.0617
      vertex 85.9579 26.0093 11.0617
    endloop
  endfacet
  facet normal 0 0.427758 0.903893
    outer loop
      vertex 65.4797 26.0093 11.0617
      vertex 85.9579 26.1158 11.0113
      vertex 65.4778 26.1158 11.0113
    endloop
  endfacet
  facet normal 0 0.903893 0.427758
    outer loop
      vertex 85.9579 25.5167 11.5543
      vertex 65.5021 25.4663 11.6608
      vertex 85.9579 25.4663 11.6608
    endloop
  endfacet
  facet normal 0 0.903893 0.427758
    outer loop
      vertex 65.5021 25.4663 11.6608
      vertex 85.9579 25.5167 11.5543
      vertex 65.4981 25.5167 11.5543
    endloop
  endfacet
  facet normal 0 0.427758 -0.903893
    outer loop
      vertex 85.9579 26.0093 17.5783
      vertex 65.7256 26.1158 17.6287
      vertex 85.9579 26.1158 17.6287
    endloop
  endfacet
  facet normal 0 0.427758 -0.903893
    outer loop
      vertex 65.7256 26.1158 17.6287
      vertex 85.9579 26.0093 17.5783
      vertex 65.7237 26.0093 17.5783
    endloop
  endfacet
  facet normal 0 0.903893 -0.427758
    outer loop
      vertex 85.9579 25.4663 16.9792
      vertex 65.7053 25.5167 17.0857
      vertex 85.9579 25.5167 17.0857
    endloop
  endfacet
  facet normal 0 0.903893 -0.427758
    outer loop
      vertex 65.7053 25.5167 17.0857
      vertex 85.9579 25.4663 16.9792
      vertex 65.7013 25.4663 16.9792
    endloop
  endfacet
  facet normal 0 0.595918 -0.803046
    outer loop
      vertex 85.9579 25.8137 17.4476
      vertex 65.7215 25.9083 17.5178
      vertex 85.9579 25.9083 17.5178
    endloop
  endfacet
  facet normal 0 0.595918 -0.803046
    outer loop
      vertex 65.7215 25.9083 17.5178
      vertex 85.9579 25.8137 17.4476
      vertex 65.7188 25.8137 17.4476
    endloop
  endfacet
  facet normal 0 0.74067 0.671869
    outer loop
      vertex 85.9579 25.7265 11.2715
      vertex 65.4908 25.6474 11.3587
      vertex 85.9579 25.6474 11.3587
    endloop
  endfacet
  facet normal 0 0.74067 0.671869
    outer loop
      vertex 65.4908 25.6474 11.3587
      vertex 85.9579 25.7265 11.2715
      vertex 65.4876 25.7265 11.2715
    endloop
  endfacet
  facet normal 0 0.803046 -0.595918
    outer loop
      vertex 85.9579 25.5772 17.1867
      vertex 65.7126 25.6474 17.2813
      vertex 85.9579 25.6474 17.2813
    endloop
  endfacet
  facet normal 0 0.803046 -0.595918
    outer loop
      vertex 65.7126 25.6474 17.2813
      vertex 85.9579 25.5772 17.1867
      vertex 65.7091 25.5772 17.1867
    endloop
  endfacet
  facet normal 0 0.998786 -0.0492599
    outer loop
      vertex 85.9579 25.375 16.52
      vertex 65.6885 25.3808 16.6376
      vertex 85.9579 25.3808 16.6376
    endloop
  endfacet
  facet normal 0 0.998786 -0.0492599
    outer loop
      vertex 65.6885 25.3808 16.6376
      vertex 85.9579 25.375 16.52
      vertex 65.6841 25.375 16.52
    endloop
  endfacet
  facet normal 0 0.336283 -0.941761
    outer loop
      vertex 85.9579 26.1158 17.6287
      vertex 65.7271 26.2267 17.6683
      vertex 85.9579 26.2267 17.6683
    endloop
  endfacet
  facet normal 0 0.336283 -0.941761
    outer loop
      vertex 65.7271 26.2267 17.6683
      vertex 85.9579 26.1158 17.6287
      vertex 65.7256 26.1158 17.6287
    endloop
  endfacet
  facet normal 0 0.146887 0.989153
    outer loop
      vertex 85.9579 26.4574 10.9258
      vertex 65.4753 26.3409 10.9431
      vertex 85.9579 26.3409 10.9431
    endloop
  endfacet
  facet normal 0 0.146887 0.989153
    outer loop
      vertex 65.4753 26.3409 10.9431
      vertex 85.9579 26.4574 10.9258
      vertex 65.4746 26.4574 10.9258
    endloop
  endfacet
  facet normal 0 0.970042 0.242935
    outer loop
      vertex 85.9579 25.4267 11.7717
      vertex 65.5106 25.3981 11.8859
      vertex 85.9579 25.3981 11.8859
    endloop
  endfacet
  facet normal 0 0.970042 0.242935
    outer loop
      vertex 65.5106 25.3981 11.8859
      vertex 85.9579 25.4267 11.7717
      vertex 65.5063 25.4267 11.7717
    endloop
  endfacet
  facet normal 0 0.941761 0.336283
    outer loop
      vertex 85.9579 25.4663 11.6608
      vertex 65.5063 25.4267 11.7717
      vertex 85.9579 25.4267 11.7717
    endloop
  endfacet
  facet normal 0 0.941761 0.336283
    outer loop
      vertex 65.5063 25.4267 11.7717
      vertex 85.9579 25.4663 11.6608
      vertex 65.5021 25.4663 11.6608
    endloop
  endfacet
  facet normal 0 -0.903893 0.427758
    outer loop
      vertex 85.9579 38.0333 11.5543
      vertex 65.5021 38.0837 11.6608
      vertex 65.4981 38.0333 11.5543
    endloop
  endfacet
  facet normal 0 -0.903893 0.427758
    outer loop
      vertex 65.5021 38.0837 11.6608
      vertex 85.9579 38.0333 11.5543
      vertex 85.9579 38.0837 11.6608
    endloop
  endfacet
  facet normal 0 0.857867 0.513871
    outer loop
      vertex 85.9579 25.5772 11.4533
      vertex 65.4981 25.5167 11.5543
      vertex 85.9579 25.5167 11.5543
    endloop
  endfacet
  facet normal 0 0.857867 0.513871
    outer loop
      vertex 65.4981 25.5167 11.5543
      vertex 85.9579 25.5772 11.4533
      vertex 65.4944 25.5772 11.4533
    endloop
  endfacet
  facet normal 0 0.513871 -0.857867
    outer loop
      vertex 85.9579 25.9083 17.5178
      vertex 65.7237 26.0093 17.5783
      vertex 85.9579 26.0093 17.5783
    endloop
  endfacet
  facet normal 0 0.513871 -0.857867
    outer loop
      vertex 65.7237 26.0093 17.5783
      vertex 85.9579 25.9083 17.5178
      vertex 65.7215 25.9083 17.5178
    endloop
  endfacet
  facet normal 0 -1 0
    outer loop
      vertex 85.9579 58.075 12.575
      vertex 65.6263 58.075 14.975
      vertex 65.5364 58.075 12.575
    endloop
  endfacet
  facet normal 0 -1 0
    outer loop
      vertex 65.6263 58.075 14.975
      vertex 85.9579 58.075 12.575
      vertex 85.9579 58.075 14.975
    endloop
  endfacet
  facet normal -0 -0.803046 -0.595918
    outer loop
      vertex 85.9579 57.8728 15.6417
      vertex 65.6548 57.8026 15.7363
      vertex 65.6512 57.8728 15.6417
    endloop
  endfacet
  facet normal 0 -0.803046 -0.595918
    outer loop
      vertex 65.6548 57.8026 15.7363
      vertex 85.9579 57.8728 15.6417
      vertex 85.9579 57.8026 15.7363
    endloop
  endfacet
  facet normal 0 -0.941761 0.336283
    outer loop
      vertex 85.9579 57.9837 12.1158
      vertex 65.5233 58.0233 12.2267
      vertex 65.5192 57.9837 12.1158
    endloop
  endfacet
  facet normal 0 -0.941761 0.336283
    outer loop
      vertex 65.5233 58.0233 12.2267
      vertex 85.9579 57.9837 12.1158
      vertex 85.9579 58.0233 12.2267
    endloop
  endfacet
  facet normal 0 -0.803046 0.595918
    outer loop
      vertex 85.9579 57.8026 11.8137
      vertex 65.5114 57.8728 11.9083
      vertex 65.5079 57.8026 11.8137
    endloop
  endfacet
  facet normal 0 -0.803046 0.595918
    outer loop
      vertex 65.5114 57.8728 11.9083
      vertex 85.9579 57.8026 11.8137
      vertex 85.9579 57.8728 11.9083
    endloop
  endfacet
  facet normal 0 -0.998786 0.0492599
    outer loop
      vertex 85.9579 58.0692 12.4574
      vertex 65.5364 58.075 12.575
      vertex 65.532 58.0692 12.4574
    endloop
  endfacet
  facet normal 0 -0.998786 0.0492599
    outer loop
      vertex 65.5364 58.075 12.575
      vertex 85.9579 58.0692 12.4574
      vertex 85.9579 58.075 12.575
    endloop
  endfacet
  facet normal 0 -0.595918 -0.803046
    outer loop
      vertex 65.6636 57.5417 15.9728
      vertex 85.9579 57.6363 15.9026
      vertex 85.9579 57.5417 15.9728
    endloop
  endfacet
  facet normal -0 -0.595918 -0.803046
    outer loop
      vertex 85.9579 57.6363 15.9026
      vertex 65.6636 57.5417 15.9728
      vertex 65.661 57.6363 15.9026
    endloop
  endfacet
  facet normal 0 0.146887 0.989153
    outer loop
      vertex 85.9579 44.8574 11.3808
      vertex 65.4923 44.7409 11.3981
      vertex 85.9579 44.7409 11.3981
    endloop
  endfacet
  facet normal 0 0.146887 0.989153
    outer loop
      vertex 65.4923 44.7409 11.3981
      vertex 85.9579 44.8574 11.3808
      vertex 65.4917 44.8574 11.3808
    endloop
  endfacet
  facet normal 0 0.242935 0.970042
    outer loop
      vertex 85.9579 44.7409 11.3981
      vertex 65.4934 44.6267 11.4267
      vertex 85.9579 44.6267 11.4267
    endloop
  endfacet
  facet normal 0 0.242935 0.970042
    outer loop
      vertex 65.4934 44.6267 11.4267
      vertex 85.9579 44.7409 11.3981
      vertex 65.4923 44.7409 11.3981
    endloop
  endfacet
  facet normal 0 0.989153 -0.146887
    outer loop
      vertex 85.9579 43.7808 15.0926
      vertex 65.635 43.7981 15.2091
      vertex 85.9579 43.7981 15.2091
    endloop
  endfacet
  facet normal 0 0.989153 -0.146887
    outer loop
      vertex 65.635 43.7981 15.2091
      vertex 85.9579 43.7808 15.0926
      vertex 65.6307 43.7808 15.0926
    endloop
  endfacet
  facet normal 0 0.336283 -0.941761
    outer loop
      vertex 85.9579 44.5158 16.0837
      vertex 65.6693 44.6267 16.1233
      vertex 85.9579 44.6267 16.1233
    endloop
  endfacet
  facet normal 0 0.336283 -0.941761
    outer loop
      vertex 65.6693 44.6267 16.1233
      vertex 85.9579 44.5158 16.0837
      vertex 65.6678 44.5158 16.0837
    endloop
  endfacet
  facet normal 0 -0.0492599 0.998786
    outer loop
      vertex 65.4917 56.9926 11.3808
      vertex 85.9579 56.875 11.375
      vertex 85.9579 56.9926 11.3808
    endloop
  endfacet
  facet normal 0 -0.0492599 0.998786
    outer loop
      vertex 85.9579 56.875 11.375
      vertex 65.4917 56.9926 11.3808
      vertex 65.4914 56.875 11.375
    endloop
  endfacet
  facet normal 0 0.595918 0.803046
    outer loop
      vertex 85.9579 44.3083 11.5772
      vertex 65.5016 44.2137 11.6474
      vertex 85.9579 44.2137 11.6474
    endloop
  endfacet
  facet normal 0 0.595918 0.803046
    outer loop
      vertex 65.5016 44.2137 11.6474
      vertex 85.9579 44.3083 11.5772
      vertex 65.499 44.3083 11.5772
    endloop
  endfacet
  facet normal -0 0 1
    outer loop
      vertex 65.4914 56.875 11.375
      vertex 85.9579 44.975 11.375
      vertex 85.9579 56.875 11.375
    endloop
  endfacet
  facet normal 0 0 1
    outer loop
      vertex 85.9579 44.975 11.375
      vertex 65.4914 56.875 11.375
      vertex 65.4914 44.975 11.375
    endloop
  endfacet
  facet normal 0 -0.146887 0.989153
    outer loop
      vertex 65.4923 57.1091 11.3981
      vertex 85.9579 56.9926 11.3808
      vertex 85.9579 57.1091 11.3981
    endloop
  endfacet
  facet normal 0 -0.146887 0.989153
    outer loop
      vertex 85.9579 56.9926 11.3808
      vertex 65.4923 57.1091 11.3981
      vertex 65.4917 56.9926 11.3808
    endloop
  endfacet
  facet normal 0 -0.427758 0.903893
    outer loop
      vertex 65.4967 57.4407 11.5167
      vertex 85.9579 57.3342 11.4663
      vertex 85.9579 57.4407 11.5167
    endloop
  endfacet
  facet normal 0 -0.427758 0.903893
    outer loop
      vertex 85.9579 57.3342 11.4663
      vertex 65.4967 57.4407 11.5167
      vertex 65.4949 57.3342 11.4663
    endloop
  endfacet
  facet normal 0 0.970042 0.242935
    outer loop
      vertex 85.9579 43.8267 12.2267
      vertex 65.5276 43.7981 12.3409
      vertex 85.9579 43.7981 12.3409
    endloop
  endfacet
  facet normal 0 0.970042 0.242935
    outer loop
      vertex 65.5276 43.7981 12.3409
      vertex 85.9579 43.8267 12.2267
      vertex 65.5233 43.8267 12.2267
    endloop
  endfacet
  facet normal 0 0.0492599 0.998786
    outer loop
      vertex 85.9579 44.975 11.375
      vertex 65.4917 44.8574 11.3808
      vertex 85.9579 44.8574 11.3808
    endloop
  endfacet
  facet normal 0 0.0492599 0.998786
    outer loop
      vertex 65.4917 44.8574 11.3808
      vertex 85.9579 44.975 11.375
      vertex 65.4914 44.975 11.375
    endloop
  endfacet
  facet normal 0 -0.970042 0.242935
    outer loop
      vertex 85.9579 58.0233 12.2267
      vertex 65.5276 58.0519 12.3409
      vertex 65.5233 58.0233 12.2267
    endloop
  endfacet
  facet normal 0 -0.970042 0.242935
    outer loop
      vertex 65.5276 58.0519 12.3409
      vertex 85.9579 58.0233 12.2267
      vertex 85.9579 58.0519 12.3409
    endloop
  endfacet
  facet normal 0 0.427758 0.903893
    outer loop
      vertex 85.9579 44.5158 11.4663
      vertex 65.4967 44.4093 11.5167
      vertex 85.9579 44.4093 11.5167
    endloop
  endfacet
  facet normal 0 0.427758 0.903893
    outer loop
      vertex 65.4967 44.4093 11.5167
      vertex 85.9579 44.5158 11.4663
      vertex 65.4949 44.5158 11.4663
    endloop
  endfacet
  facet normal 0 -0.242935 0.970042
    outer loop
      vertex 65.4934 57.2233 11.4267
      vertex 85.9579 57.1091 11.3981
      vertex 85.9579 57.2233 11.4267
    endloop
  endfacet
  facet normal 0 -0.242935 0.970042
    outer loop
      vertex 85.9579 57.1091 11.3981
      vertex 65.4934 57.2233 11.4267
      vertex 65.4923 57.1091 11.3981
    endloop
  endfacet
  facet normal 0 -0.857867 0.513871
    outer loop
      vertex 85.9579 57.8728 11.9083
      vertex 65.5152 57.9333 12.0093
      vertex 65.5114 57.8728 11.9083
    endloop
  endfacet
  facet normal 0 -0.857867 0.513871
    outer loop
      vertex 65.5152 57.9333 12.0093
      vertex 85.9579 57.8728 11.9083
      vertex 85.9579 57.9333 12.0093
    endloop
  endfacet
  facet normal 0 1 -0
    outer loop
      vertex 85.9579 43.775 12.575
      vertex 65.6263 43.775 14.975
      vertex 85.9579 43.775 14.975
    endloop
  endfacet
  facet normal 0 1 0
    outer loop
      vertex 65.6263 43.775 14.975
      vertex 85.9579 43.775 12.575
      vertex 65.5364 43.775 12.575
    endloop
  endfacet
  facet normal 0 0.513871 -0.857867
    outer loop
      vertex 85.9579 44.3083 15.9728
      vertex 65.6659 44.4093 16.0333
      vertex 85.9579 44.4093 16.0333
    endloop
  endfacet
  facet normal 0 0.513871 -0.857867
    outer loop
      vertex 65.6659 44.4093 16.0333
      vertex 85.9579 44.3083 15.9728
      vertex 65.6636 44.3083 15.9728
    endloop
  endfacet
  facet normal 0 0.857867 -0.513871
    outer loop
      vertex 85.9579 43.9167 15.5407
      vertex 65.6512 43.9772 15.6417
      vertex 85.9579 43.9772 15.6417
    endloop
  endfacet
  facet normal 0 0.857867 -0.513871
    outer loop
      vertex 65.6512 43.9772 15.6417
      vertex 85.9579 43.9167 15.5407
      vertex 65.6474 43.9167 15.5407
    endloop
  endfacet
  facet normal 0 -0.146887 -0.989153
    outer loop
      vertex 65.671 56.9926 16.1692
      vertex 85.9579 57.1091 16.1519
      vertex 85.9579 56.9926 16.1692
    endloop
  endfacet
  facet normal -0 -0.146887 -0.989153
    outer loop
      vertex 85.9579 57.1091 16.1519
      vertex 65.671 56.9926 16.1692
      vertex 65.6703 57.1091 16.1519
    endloop
  endfacet
  facet normal 0 -0.513871 0.857867
    outer loop
      vertex 65.499 57.5417 11.5772
      vertex 85.9579 57.4407 11.5167
      vertex 85.9579 57.5417 11.5772
    endloop
  endfacet
  facet normal 0 -0.513871 0.857867
    outer loop
      vertex 85.9579 57.4407 11.5167
      vertex 65.499 57.5417 11.5772
      vertex 65.4967 57.4407 11.5167
    endloop
  endfacet
  facet normal 0 -0.513871 -0.857867
    outer loop
      vertex 65.6659 57.4407 16.0333
      vertex 85.9579 57.5417 15.9728
      vertex 85.9579 57.4407 16.0333
    endloop
  endfacet
  facet normal -0 -0.513871 -0.857867
    outer loop
      vertex 85.9579 57.5417 15.9728
      vertex 65.6659 57.4407 16.0333
      vertex 65.6636 57.5417 15.9728
    endloop
  endfacet
  facet normal 0 0.998786 -0.0492599
    outer loop
      vertex 85.9579 43.775 14.975
      vertex 65.6307 43.7808 15.0926
      vertex 85.9579 43.7808 15.0926
    endloop
  endfacet
  facet normal 0 0.998786 -0.0492599
    outer loop
      vertex 65.6307 43.7808 15.0926
      vertex 85.9579 43.775 14.975
      vertex 65.6263 43.775 14.975
    endloop
  endfacet
  facet normal -0 -0.857867 -0.513871
    outer loop
      vertex 85.9579 57.9333 15.5407
      vertex 65.6512 57.8728 15.6417
      vertex 65.6474 57.9333 15.5407
    endloop
  endfacet
  facet normal 0 -0.857867 -0.513871
    outer loop
      vertex 65.6512 57.8728 15.6417
      vertex 85.9579 57.9333 15.5407
      vertex 85.9579 57.8728 15.6417
    endloop
  endfacet
  facet normal 0 -0.671869 0.74067
    outer loop
      vertex 65.5046 57.7235 11.7265
      vertex 85.9579 57.6363 11.6474
      vertex 85.9579 57.7235 11.7265
    endloop
  endfacet
  facet normal 0 -0.671869 0.74067
    outer loop
      vertex 85.9579 57.6363 11.6474
      vertex 65.5046 57.7235 11.7265
      vertex 65.5016 57.6363 11.6474
    endloop
  endfacet
  facet normal 0 0.671869 0.74067
    outer loop
      vertex 85.9579 44.2137 11.6474
      vertex 65.5046 44.1265 11.7265
      vertex 85.9579 44.1265 11.7265
    endloop
  endfacet
  facet normal 0 0.671869 0.74067
    outer loop
      vertex 65.5046 44.1265 11.7265
      vertex 85.9579 44.2137 11.6474
      vertex 65.5016 44.2137 11.6474
    endloop
  endfacet
  facet normal 0 -0.671869 -0.74067
    outer loop
      vertex 65.661 57.6363 15.9026
      vertex 85.9579 57.7235 15.8235
      vertex 85.9579 57.6363 15.9026
    endloop
  endfacet
  facet normal -0 -0.671869 -0.74067
    outer loop
      vertex 85.9579 57.7235 15.8235
      vertex 65.661 57.6363 15.9026
      vertex 65.658 57.7235 15.8235
    endloop
  endfacet
  facet normal 0 0.513871 0.857867
    outer loop
      vertex 85.9579 44.4093 11.5167
      vertex 65.499 44.3083 11.5772
      vertex 85.9579 44.3083 11.5772
    endloop
  endfacet
  facet normal 0 0.513871 0.857867
    outer loop
      vertex 65.499 44.3083 11.5772
      vertex 85.9579 44.4093 11.5167
      vertex 65.4967 44.4093 11.5167
    endloop
  endfacet
  facet normal 0 0 -1
    outer loop
      vertex 65.6712 44.975 16.175
      vertex 85.9579 56.875 16.175
      vertex 85.9579 44.975 16.175
    endloop
  endfacet
  facet normal -0 0 -1
    outer loop
      vertex 85.9579 56.875 16.175
      vertex 65.6712 44.975 16.175
      vertex 65.6712 56.875 16.175
    endloop
  endfacet
  facet normal 0 0.427758 -0.903893
    outer loop
      vertex 85.9579 44.4093 16.0333
      vertex 65.6678 44.5158 16.0837
      vertex 85.9579 44.5158 16.0837
    endloop
  endfacet
  facet normal 0 0.427758 -0.903893
    outer loop
      vertex 65.6678 44.5158 16.0837
      vertex 85.9579 44.4093 16.0333
      vertex 65.6659 44.4093 16.0333
    endloop
  endfacet
  facet normal 0 -0.595918 0.803046
    outer loop
      vertex 65.5016 57.6363 11.6474
      vertex 85.9579 57.5417 11.5772
      vertex 85.9579 57.6363 11.6474
    endloop
  endfacet
  facet normal 0 -0.595918 0.803046
    outer loop
      vertex 85.9579 57.5417 11.5772
      vertex 65.5016 57.6363 11.6474
      vertex 65.499 57.5417 11.5772
    endloop
  endfacet
  facet normal 0 0.970042 -0.242935
    outer loop
      vertex 85.9579 43.7981 15.2091
      vertex 65.6393 43.8267 15.3233
      vertex 85.9579 43.8267 15.3233
    endloop
  endfacet
  facet normal 0 0.970042 -0.242935
    outer loop
      vertex 65.6393 43.8267 15.3233
      vertex 85.9579 43.7981 15.2091
      vertex 65.635 43.7981 15.2091
    endloop
  endfacet
  facet normal 0 -0.74067 0.671869
    outer loop
      vertex 85.9579 57.7235 11.7265
      vertex 65.5079 57.8026 11.8137
      vertex 65.5046 57.7235 11.7265
    endloop
  endfacet
  facet normal 0 -0.74067 0.671869
    outer loop
      vertex 65.5079 57.8026 11.8137
      vertex 85.9579 57.7235 11.7265
      vertex 85.9579 57.8026 11.8137
    endloop
  endfacet
  facet normal 0 -0.903893 0.427758
    outer loop
      vertex 85.9579 57.9333 12.0093
      vertex 65.5192 57.9837 12.1158
      vertex 65.5152 57.9333 12.0093
    endloop
  endfacet
  facet normal 0 -0.903893 0.427758
    outer loop
      vertex 65.5192 57.9837 12.1158
      vertex 85.9579 57.9333 12.0093
      vertex 85.9579 57.9837 12.1158
    endloop
  endfacet
  facet normal 0 -0.989153 0.146887
    outer loop
      vertex 85.9579 58.0519 12.3409
      vertex 65.532 58.0692 12.4574
      vertex 65.5276 58.0519 12.3409
    endloop
  endfacet
  facet normal 0 -0.989153 0.146887
    outer loop
      vertex 65.532 58.0692 12.4574
      vertex 85.9579 58.0519 12.3409
      vertex 85.9579 58.0692 12.4574
    endloop
  endfacet
  facet normal 0 -0.336283 0.941761
    outer loop
      vertex 65.4949 57.3342 11.4663
      vertex 85.9579 57.2233 11.4267
      vertex 85.9579 57.3342 11.4663
    endloop
  endfacet
  facet normal 0 -0.336283 0.941761
    outer loop
      vertex 85.9579 57.2233 11.4267
      vertex 65.4949 57.3342 11.4663
      vertex 65.4934 57.2233 11.4267
    endloop
  endfacet
  facet normal 0 0.903893 -0.427758
    outer loop
      vertex 85.9579 43.8663 15.4342
      vertex 65.6474 43.9167 15.5407
      vertex 85.9579 43.9167 15.5407
    endloop
  endfacet
  facet normal 0 0.903893 -0.427758
    outer loop
      vertex 65.6474 43.9167 15.5407
      vertex 85.9579 43.8663 15.4342
      vertex 65.6434 43.8663 15.4342
    endloop
  endfacet
  facet normal 0 -0.0492599 -0.998786
    outer loop
      vertex 65.6712 56.875 16.175
      vertex 85.9579 56.9926 16.1692
      vertex 85.9579 56.875 16.175
    endloop
  endfacet
  facet normal -0 -0.0492599 -0.998786
    outer loop
      vertex 85.9579 56.9926 16.1692
      vertex 65.6712 56.875 16.175
      vertex 65.671 56.9926 16.1692
    endloop
  endfacet
  facet normal 0 0.903893 0.427758
    outer loop
      vertex 85.9579 43.9167 12.0093
      vertex 65.5192 43.8663 12.1158
      vertex 85.9579 43.8663 12.1158
    endloop
  endfacet
  facet normal 0 0.903893 0.427758
    outer loop
      vertex 65.5192 43.8663 12.1158
      vertex 85.9579 43.9167 12.0093
      vertex 65.5152 43.9167 12.0093
    endloop
  endfacet
  facet normal -0 -0.998786 -0.0492599
    outer loop
      vertex 85.9579 58.075 14.975
      vertex 65.6307 58.0692 15.0926
      vertex 65.6263 58.075 14.975
    endloop
  endfacet
  facet normal 0 -0.998786 -0.0492599
    outer loop
      vertex 65.6307 58.0692 15.0926
      vertex 85.9579 58.075 14.975
      vertex 85.9579 58.0692 15.0926
    endloop
  endfacet
  facet normal 0 0.146887 -0.989153
    outer loop
      vertex 85.9579 44.7409 16.1519
      vertex 65.671 44.8574 16.1692
      vertex 85.9579 44.8574 16.1692
    endloop
  endfacet
  facet normal 0 0.146887 -0.989153
    outer loop
      vertex 65.671 44.8574 16.1692
      vertex 85.9579 44.7409 16.1519
      vertex 65.6703 44.7409 16.1519
    endloop
  endfacet
  facet normal 0 0.941761 0.336283
    outer loop
      vertex 85.9579 43.8663 12.1158
      vertex 65.5233 43.8267 12.2267
      vertex 85.9579 43.8267 12.2267
    endloop
  endfacet
  facet normal 0 0.941761 0.336283
    outer loop
      vertex 65.5233 43.8267 12.2267
      vertex 85.9579 43.8663 12.1158
      vertex 65.5192 43.8663 12.1158
    endloop
  endfacet
  facet normal -0 -0.989153 -0.146887
    outer loop
      vertex 85.9579 58.0692 15.0926
      vertex 65.635 58.0519 15.2091
      vertex 65.6307 58.0692 15.0926
    endloop
  endfacet
  facet normal 0 -0.989153 -0.146887
    outer loop
      vertex 65.635 58.0519 15.2091
      vertex 85.9579 58.0692 15.0926
      vertex 85.9579 58.0519 15.2091
    endloop
  endfacet
  facet normal -0 -0.903893 -0.427758
    outer loop
      vertex 85.9579 57.9837 15.4342
      vertex 65.6474 57.9333 15.5407
      vertex 65.6434 57.9837 15.4342
    endloop
  endfacet
  facet normal 0 -0.903893 -0.427758
    outer loop
      vertex 65.6474 57.9333 15.5407
      vertex 85.9579 57.9837 15.4342
      vertex 85.9579 57.9333 15.5407
    endloop
  endfacet
  facet normal 0 0.803046 0.595918
    outer loop
      vertex 85.9579 44.0474 11.8137
      vertex 65.5114 43.9772 11.9083
      vertex 85.9579 43.9772 11.9083
    endloop
  endfacet
  facet normal 0 0.803046 0.595918
    outer loop
      vertex 65.5114 43.9772 11.9083
      vertex 85.9579 44.0474 11.8137
      vertex 65.5079 44.0474 11.8137
    endloop
  endfacet
  facet normal 0 0.989153 0.146887
    outer loop
      vertex 85.9579 43.7981 12.3409
      vertex 65.532 43.7808 12.4574
      vertex 85.9579 43.7808 12.4574
    endloop
  endfacet
  facet normal 0 0.989153 0.146887
    outer loop
      vertex 65.532 43.7808 12.4574
      vertex 85.9579 43.7981 12.3409
      vertex 65.5276 43.7981 12.3409
    endloop
  endfacet
  facet normal 0 0.595918 -0.803046
    outer loop
      vertex 85.9579 44.2137 15.9026
      vertex 65.6636 44.3083 15.9728
      vertex 85.9579 44.3083 15.9728
    endloop
  endfacet
  facet normal 0 0.595918 -0.803046
    outer loop
      vertex 65.6636 44.3083 15.9728
      vertex 85.9579 44.2137 15.9026
      vertex 65.661 44.2137 15.9026
    endloop
  endfacet
  facet normal 0 0.336283 0.941761
    outer loop
      vertex 85.9579 44.6267 11.4267
      vertex 65.4949 44.5158 11.4663
      vertex 85.9579 44.5158 11.4663
    endloop
  endfacet
  facet normal 0 0.336283 0.941761
    outer loop
      vertex 65.4949 44.5158 11.4663
      vertex 85.9579 44.6267 11.4267
      vertex 65.4934 44.6267 11.4267
    endloop
  endfacet
  facet normal 0 0.941761 -0.336283
    outer loop
      vertex 85.9579 43.8267 15.3233
      vertex 65.6434 43.8663 15.4342
      vertex 85.9579 43.8663 15.4342
    endloop
  endfacet
  facet normal 0 0.941761 -0.336283
    outer loop
      vertex 65.6434 43.8663 15.4342
      vertex 85.9579 43.8267 15.3233
      vertex 65.6393 43.8267 15.3233
    endloop
  endfacet
  facet normal 0 0.74067 -0.671869
    outer loop
      vertex 85.9579 44.0474 15.7363
      vertex 65.658 44.1265 15.8235
      vertex 85.9579 44.1265 15.8235
    endloop
  endfacet
  facet normal 0 0.74067 -0.671869
    outer loop
      vertex 65.658 44.1265 15.8235
      vertex 85.9579 44.0474 15.7363
      vertex 65.6548 44.0474 15.7363
    endloop
  endfacet
  facet normal -0 -0.74067 -0.671869
    outer loop
      vertex 85.9579 57.8026 15.7363
      vertex 65.658 57.7235 15.8235
      vertex 65.6548 57.8026 15.7363
    endloop
  endfacet
  facet normal 0 -0.74067 -0.671869
    outer loop
      vertex 65.658 57.7235 15.8235
      vertex 85.9579 57.8026 15.7363
      vertex 85.9579 57.7235 15.8235
    endloop
  endfacet
  facet normal -0 -0.970042 -0.242935
    outer loop
      vertex 85.9579 58.0519 15.2091
      vertex 65.6393 58.0233 15.3233
      vertex 65.635 58.0519 15.2091
    endloop
  endfacet
  facet normal 0 -0.970042 -0.242935
    outer loop
      vertex 65.6393 58.0233 15.3233
      vertex 85.9579 58.0519 15.2091
      vertex 85.9579 58.0233 15.3233
    endloop
  endfacet
  facet normal 0 0.803046 -0.595918
    outer loop
      vertex 85.9579 43.9772 15.6417
      vertex 65.6548 44.0474 15.7363
      vertex 85.9579 44.0474 15.7363
    endloop
  endfacet
  facet normal 0 0.803046 -0.595918
    outer loop
      vertex 65.6548 44.0474 15.7363
      vertex 85.9579 43.9772 15.6417
      vertex 65.6512 43.9772 15.6417
    endloop
  endfacet
  facet normal 0 -0.336283 -0.941761
    outer loop
      vertex 65.6693 57.2233 16.1233
      vertex 85.9579 57.3342 16.0837
      vertex 85.9579 57.2233 16.1233
    endloop
  endfacet
  facet normal -0 -0.336283 -0.941761
    outer loop
      vertex 85.9579 57.3342 16.0837
      vertex 65.6693 57.2233 16.1233
      vertex 65.6678 57.3342 16.0837
    endloop
  endfacet
  facet normal 0 0.74067 0.671869
    outer loop
      vertex 85.9579 44.1265 11.7265
      vertex 65.5079 44.0474 11.8137
      vertex 85.9579 44.0474 11.8137
    endloop
  endfacet
  facet normal 0 0.74067 0.671869
    outer loop
      vertex 65.5079 44.0474 11.8137
      vertex 85.9579 44.1265 11.7265
      vertex 65.5046 44.1265 11.7265
    endloop
  endfacet
  facet normal 0 -0.427758 -0.903893
    outer loop
      vertex 65.6678 57.3342 16.0837
      vertex 85.9579 57.4407 16.0333
      vertex 85.9579 57.3342 16.0837
    endloop
  endfacet
  facet normal -0 -0.427758 -0.903893
    outer loop
      vertex 85.9579 57.4407 16.0333
      vertex 65.6678 57.3342 16.0837
      vertex 65.6659 57.4407 16.0333
    endloop
  endfacet
  facet normal 0 -0.242935 -0.970042
    outer loop
      vertex 65.6703 57.1091 16.1519
      vertex 85.9579 57.2233 16.1233
      vertex 85.9579 57.1091 16.1519
    endloop
  endfacet
  facet normal -0 -0.242935 -0.970042
    outer loop
      vertex 85.9579 57.2233 16.1233
      vertex 65.6703 57.1091 16.1519
      vertex 65.6693 57.2233 16.1233
    endloop
  endfacet
  facet normal 0 0.0492599 -0.998786
    outer loop
      vertex 85.9579 44.8574 16.1692
      vertex 65.6712 44.975 16.175
      vertex 85.9579 44.975 16.175
    endloop
  endfacet
  facet normal 0 0.0492599 -0.998786
    outer loop
      vertex 65.6712 44.975 16.175
      vertex 85.9579 44.8574 16.1692
      vertex 65.671 44.8574 16.1692
    endloop
  endfacet
  facet normal 0 0.857867 0.513871
    outer loop
      vertex 85.9579 43.9772 11.9083
      vertex 65.5152 43.9167 12.0093
      vertex 85.9579 43.9167 12.0093
    endloop
  endfacet
  facet normal 0 0.857867 0.513871
    outer loop
      vertex 65.5152 43.9167 12.0093
      vertex 85.9579 43.9772 11.9083
      vertex 65.5114 43.9772 11.9083
    endloop
  endfacet
  facet normal 0 0.998786 0.0492599
    outer loop
      vertex 85.9579 43.7808 12.4574
      vertex 65.5364 43.775 12.575
      vertex 85.9579 43.775 12.575
    endloop
  endfacet
  facet normal 0 0.998786 0.0492599
    outer loop
      vertex 65.5364 43.775 12.575
      vertex 85.9579 43.7808 12.4574
      vertex 65.532 43.7808 12.4574
    endloop
  endfacet
  facet normal 0 0.671869 -0.74067
    outer loop
      vertex 85.9579 44.1265 15.8235
      vertex 65.661 44.2137 15.9026
      vertex 85.9579 44.2137 15.9026
    endloop
  endfacet
  facet normal 0 0.671869 -0.74067
    outer loop
      vertex 65.661 44.2137 15.9026
      vertex 85.9579 44.1265 15.8235
      vertex 65.658 44.1265 15.8235
    endloop
  endfacet
  facet normal 0 0.242935 -0.970042
    outer loop
      vertex 85.9579 44.6267 16.1233
      vertex 65.6703 44.7409 16.1519
      vertex 85.9579 44.7409 16.1519
    endloop
  endfacet
  facet normal 0 0.242935 -0.970042
    outer loop
      vertex 65.6703 44.7409 16.1519
      vertex 85.9579 44.6267 16.1233
      vertex 65.6693 44.6267 16.1233
    endloop
  endfacet
  facet normal -0 -0.941761 -0.336283
    outer loop
      vertex 85.9579 58.0233 15.3233
      vertex 65.6434 57.9837 15.4342
      vertex 65.6393 58.0233 15.3233
    endloop
  endfacet
  facet normal 0 -0.941761 -0.336283
    outer loop
      vertex 65.6434 57.9837 15.4342
      vertex 85.9579 58.0233 15.3233
      vertex 85.9579 57.9837 15.4342
    endloop
  endfacet
  facet normal 0 -0.513871 -0.857867
    outer loop
      vertex -85.9579 -15.4583 19.1978
      vertex -65.7867 -15.5593 19.2583
      vertex -85.9579 -15.5593 19.2583
    endloop
  endfacet
  facet normal 0 -0.513871 -0.857867
    outer loop
      vertex -65.7867 -15.5593 19.2583
      vertex -85.9579 -15.4583 19.1978
      vertex -65.7844 -15.4583 19.1978
    endloop
  endfacet
  facet normal -0 0.427758 0.903893
    outer loop
      vertex -85.9579 -48.4842 11.1913
      vertex -65.4864 -48.5907 11.2417
      vertex -65.4846 -48.4842 11.1913
    endloop
  endfacet
  facet normal 0 0.427758 0.903893
    outer loop
      vertex -65.4864 -48.5907 11.2417
      vertex -85.9579 -48.4842 11.1913
      vertex -85.9579 -48.5907 11.2417
    endloop
  endfacet
  facet normal -0 0.146887 0.989153
    outer loop
      vertex -85.9579 -48.1426 11.1058
      vertex -65.482 -48.2591 11.1231
      vertex -65.4814 -48.1426 11.1058
    endloop
  endfacet
  facet normal 0 0.146887 0.989153
    outer loop
      vertex -65.482 -48.2591 11.1231
      vertex -85.9579 -48.1426 11.1058
      vertex -85.9579 -48.2591 11.1231
    endloop
  endfacet
  facet normal 0 -0.242935 -0.970042
    outer loop
      vertex -85.9579 -15.8909 19.3769
      vertex -65.79 -15.7767 19.3483
      vertex -65.7911 -15.8909 19.3769
    endloop
  endfacet
  facet normal -0 -0.242935 -0.970042
    outer loop
      vertex -65.79 -15.7767 19.3483
      vertex -85.9579 -15.8909 19.3769
      vertex -85.9579 -15.7767 19.3483
    endloop
  endfacet
  facet normal 0 -0.0492599 0.998786
    outer loop
      vertex -85.9579 -16.0074 11.1058
      vertex -65.4811 -16.125 11.1
      vertex -65.4814 -16.0074 11.1058
    endloop
  endfacet
  facet normal 0 -0.0492599 0.998786
    outer loop
      vertex -65.4811 -16.125 11.1
      vertex -85.9579 -16.0074 11.1058
      vertex -85.9579 -16.125 11.1
    endloop
  endfacet
  facet normal 0 -0.146887 0.989153
    outer loop
      vertex -85.9579 -15.8909 11.1231
      vertex -65.4814 -16.0074 11.1058
      vertex -65.482 -15.8909 11.1231
    endloop
  endfacet
  facet normal 0 -0.146887 0.989153
    outer loop
      vertex -65.4814 -16.0074 11.1058
      vertex -85.9579 -15.8909 11.1231
      vertex -85.9579 -16.0074 11.1058
    endloop
  endfacet
  facet normal 0 -0.242935 0.970042
    outer loop
      vertex -85.9579 -15.7767 11.1517
      vertex -65.482 -15.8909 11.1231
      vertex -65.4831 -15.7767 11.1517
    endloop
  endfacet
  facet normal 0 -0.242935 0.970042
    outer loop
      vertex -65.482 -15.8909 11.1231
      vertex -85.9579 -15.7767 11.1517
      vertex -85.9579 -15.8909 11.1231
    endloop
  endfacet
  facet normal 0 0.336283 -0.941761
    outer loop
      vertex -85.9579 -48.4842 19.3087
      vertex -65.79 -48.3733 19.3483
      vertex -65.7885 -48.4842 19.3087
    endloop
  endfacet
  facet normal 0 0.336283 -0.941761
    outer loop
      vertex -65.79 -48.3733 19.3483
      vertex -85.9579 -48.4842 19.3087
      vertex -85.9579 -48.3733 19.3483
    endloop
  endfacet
  facet normal 0 -0.671869 0.74067
    outer loop
      vertex -85.9579 -15.3637 11.3724
      vertex -65.4943 -15.2765 11.4515
      vertex -85.9579 -15.2765 11.4515
    endloop
  endfacet
  facet normal 0 -0.671869 0.74067
    outer loop
      vertex -65.4943 -15.2765 11.4515
      vertex -85.9579 -15.3637 11.3724
      vertex -65.4913 -15.3637 11.3724
    endloop
  endfacet
  facet normal -0 0 1
    outer loop
      vertex -85.9579 -16.125 11.1
      vertex -65.4811 -48.025 11.1
      vertex -65.4811 -16.125 11.1
    endloop
  endfacet
  facet normal 0 0 1
    outer loop
      vertex -65.4811 -48.025 11.1
      vertex -85.9579 -16.125 11.1
      vertex -85.9579 -48.025 11.1
    endloop
  endfacet
  facet normal -0 0.998786 0.0492599
    outer loop
      vertex -85.9579 -49.2192 12.1824
      vertex -65.5261 -49.225 12.3
      vertex -65.5217 -49.2192 12.1824
    endloop
  endfacet
  facet normal 0 0.998786 0.0492599
    outer loop
      vertex -65.5261 -49.225 12.3
      vertex -85.9579 -49.2192 12.1824
      vertex -85.9579 -49.225 12.3
    endloop
  endfacet
  facet normal 0 -0.74067 -0.671869
    outer loop
      vertex -85.9579 -15.1974 18.9613
      vertex -65.7788 -15.2765 19.0485
      vertex -85.9579 -15.2765 19.0485
    endloop
  endfacet
  facet normal 0 -0.74067 -0.671869
    outer loop
      vertex -65.7788 -15.2765 19.0485
      vertex -85.9579 -15.1974 18.9613
      vertex -65.7755 -15.1974 18.9613
    endloop
  endfacet
  facet normal -0 0.0492599 0.998786
    outer loop
      vertex -85.9579 -48.025 11.1
      vertex -65.4814 -48.1426 11.1058
      vertex -65.4811 -48.025 11.1
    endloop
  endfacet
  facet normal 0 0.0492599 0.998786
    outer loop
      vertex -65.4814 -48.1426 11.1058
      vertex -85.9579 -48.025 11.1
      vertex -85.9579 -48.1426 11.1058
    endloop
  endfacet
  facet normal 0 0.146887 -0.989153
    outer loop
      vertex -85.9579 -48.2591 19.3769
      vertex -65.7917 -48.1426 19.3942
      vertex -65.7911 -48.2591 19.3769
    endloop
  endfacet
  facet normal 0 0.146887 -0.989153
    outer loop
      vertex -65.7917 -48.1426 19.3942
      vertex -85.9579 -48.2591 19.3769
      vertex -85.9579 -48.1426 19.3942
    endloop
  endfacet
  facet normal -0 0.74067 0.671869
    outer loop
      vertex -85.9579 -48.8735 11.4515
      vertex -65.4976 -48.9526 11.5387
      vertex -65.4943 -48.8735 11.4515
    endloop
  endfacet
  facet normal 0 0.74067 0.671869
    outer loop
      vertex -65.4976 -48.9526 11.5387
      vertex -85.9579 -48.8735 11.4515
      vertex -85.9579 -48.9526 11.5387
    endloop
  endfacet
  facet normal 0 -0.146887 -0.989153
    outer loop
      vertex -85.9579 -16.0074 19.3942
      vertex -65.7911 -15.8909 19.3769
      vertex -65.7917 -16.0074 19.3942
    endloop
  endfacet
  facet normal -0 -0.146887 -0.989153
    outer loop
      vertex -65.7911 -15.8909 19.3769
      vertex -85.9579 -16.0074 19.3942
      vertex -85.9579 -15.8909 19.3769
    endloop
  endfacet
  facet normal -0 0.671869 0.74067
    outer loop
      vertex -85.9579 -48.7863 11.3724
      vertex -65.4943 -48.8735 11.4515
      vertex -65.4913 -48.7863 11.3724
    endloop
  endfacet
  facet normal 0 0.671869 0.74067
    outer loop
      vertex -65.4943 -48.8735 11.4515
      vertex -85.9579 -48.7863 11.3724
      vertex -85.9579 -48.8735 11.4515
    endloop
  endfacet
  facet normal 0 0.0492599 -0.998786
    outer loop
      vertex -85.9579 -48.1426 19.3942
      vertex -65.792 -48.025 19.4
      vertex -65.7917 -48.1426 19.3942
    endloop
  endfacet
  facet normal 0 0.0492599 -0.998786
    outer loop
      vertex -65.792 -48.025 19.4
      vertex -85.9579 -48.1426 19.3942
      vertex -85.9579 -48.025 19.4
    endloop
  endfacet
  facet normal 0 0 -1
    outer loop
      vertex -85.9579 -48.025 19.4
      vertex -65.792 -16.125 19.4
      vertex -65.792 -48.025 19.4
    endloop
  endfacet
  facet normal -0 0 -1
    outer loop
      vertex -65.792 -16.125 19.4
      vertex -85.9579 -48.025 19.4
      vertex -85.9579 -16.125 19.4
    endloop
  endfacet
  facet normal 0 -0.941761 -0.336283
    outer loop
      vertex -85.9579 -14.9767 18.5483
      vertex -65.7642 -15.0163 18.6592
      vertex -85.9579 -15.0163 18.6592
    endloop
  endfacet
  facet normal 0 -0.941761 -0.336283
    outer loop
      vertex -65.7642 -15.0163 18.6592
      vertex -85.9579 -14.9767 18.5483
      vertex -65.7601 -14.9767 18.5483
    endloop
  endfacet
  facet normal 0 -0.336283 -0.941761
    outer loop
      vertex -85.9579 -15.6658 19.3087
      vertex -65.79 -15.7767 19.3483
      vertex -85.9579 -15.7767 19.3483
    endloop
  endfacet
  facet normal 0 -0.336283 -0.941761
    outer loop
      vertex -65.79 -15.7767 19.3483
      vertex -85.9579 -15.6658 19.3087
      vertex -65.7885 -15.6658 19.3087
    endloop
  endfacet
  facet normal 0 -0.0492599 -0.998786
    outer loop
      vertex -85.9579 -16.125 19.4
      vertex -65.7917 -16.0074 19.3942
      vertex -65.792 -16.125 19.4
    endloop
  endfacet
  facet normal -0 -0.0492599 -0.998786
    outer loop
      vertex -65.7917 -16.0074 19.3942
      vertex -85.9579 -16.125 19.4
      vertex -85.9579 -16.0074 19.3942
    endloop
  endfacet
  facet normal -0 0.857867 0.513871
    outer loop
      vertex -85.9579 -49.0228 11.6333
      vertex -65.5049 -49.0833 11.7343
      vertex -65.5011 -49.0228 11.6333
    endloop
  endfacet
  facet normal 0 0.857867 0.513871
    outer loop
      vertex -65.5049 -49.0833 11.7343
      vertex -85.9579 -49.0228 11.6333
      vertex -85.9579 -49.0833 11.7343
    endloop
  endfacet
  facet normal 0 -0.671869 -0.74067
    outer loop
      vertex -85.9579 -15.2765 19.0485
      vertex -65.7818 -15.3637 19.1276
      vertex -85.9579 -15.3637 19.1276
    endloop
  endfacet
  facet normal 0 -0.671869 -0.74067
    outer loop
      vertex -65.7818 -15.3637 19.1276
      vertex -85.9579 -15.2765 19.0485
      vertex -65.7788 -15.2765 19.0485
    endloop
  endfacet
  facet normal 0 -0.903893 0.427758
    outer loop
      vertex -85.9579 -15.0667 11.7343
      vertex -65.5089 -15.0163 11.8408
      vertex -85.9579 -15.0163 11.8408
    endloop
  endfacet
  facet normal 0 -0.903893 0.427758
    outer loop
      vertex -65.5089 -15.0163 11.8408
      vertex -85.9579 -15.0667 11.7343
      vertex -65.5049 -15.0667 11.7343
    endloop
  endfacet
  facet normal 0 1 0
    outer loop
      vertex -85.9579 -49.225 12.3
      vertex -65.747 -49.225 18.2
      vertex -65.5261 -49.225 12.3
    endloop
  endfacet
  facet normal 0 1 0
    outer loop
      vertex -65.747 -49.225 18.2
      vertex -85.9579 -49.225 12.3
      vertex -85.9579 -49.225 18.2
    endloop
  endfacet
  facet normal -0 0.941761 0.336283
    outer loop
      vertex -85.9579 -49.1337 11.8408
      vertex -65.513 -49.1733 11.9517
      vertex -65.5089 -49.1337 11.8408
    endloop
  endfacet
  facet normal 0 0.941761 0.336283
    outer loop
      vertex -65.513 -49.1733 11.9517
      vertex -85.9579 -49.1337 11.8408
      vertex -85.9579 -49.1733 11.9517
    endloop
  endfacet
  facet normal 0 -0.998786 -0.0492599
    outer loop
      vertex -85.9579 -14.925 18.2
      vertex -65.7514 -14.9308 18.3176
      vertex -85.9579 -14.9308 18.3176
    endloop
  endfacet
  facet normal 0 -0.998786 -0.0492599
    outer loop
      vertex -65.7514 -14.9308 18.3176
      vertex -85.9579 -14.925 18.2
      vertex -65.747 -14.925 18.2
    endloop
  endfacet
  facet normal -0 0.513871 0.857867
    outer loop
      vertex -85.9579 -48.5907 11.2417
      vertex -65.4887 -48.6917 11.3022
      vertex -65.4864 -48.5907 11.2417
    endloop
  endfacet
  facet normal 0 0.513871 0.857867
    outer loop
      vertex -65.4887 -48.6917 11.3022
      vertex -85.9579 -48.5907 11.2417
      vertex -85.9579 -48.6917 11.3022
    endloop
  endfacet
  facet normal 0 0.242935 -0.970042
    outer loop
      vertex -85.9579 -48.3733 19.3483
      vertex -65.7911 -48.2591 19.3769
      vertex -65.79 -48.3733 19.3483
    endloop
  endfacet
  facet normal 0 0.242935 -0.970042
    outer loop
      vertex -65.7911 -48.2591 19.3769
      vertex -85.9579 -48.3733 19.3483
      vertex -85.9579 -48.2591 19.3769
    endloop
  endfacet
  facet normal 0 0.903893 -0.427758
    outer loop
      vertex -85.9579 -49.1337 18.6592
      vertex -65.7682 -49.0833 18.7657
      vertex -65.7642 -49.1337 18.6592
    endloop
  endfacet
  facet normal 0 0.903893 -0.427758
    outer loop
      vertex -65.7682 -49.0833 18.7657
      vertex -85.9579 -49.1337 18.6592
      vertex -85.9579 -49.0833 18.7657
    endloop
  endfacet
  facet normal -0 0.595918 0.803046
    outer loop
      vertex -85.9579 -48.6917 11.3022
      vertex -65.4913 -48.7863 11.3724
      vertex -65.4887 -48.6917 11.3022
    endloop
  endfacet
  facet normal 0 0.595918 0.803046
    outer loop
      vertex -65.4913 -48.7863 11.3724
      vertex -85.9579 -48.6917 11.3022
      vertex -85.9579 -48.7863 11.3724
    endloop
  endfacet
  facet normal 0 -1 0
    outer loop
      vertex -85.9579 -14.925 12.3
      vertex -65.747 -14.925 18.2
      vertex -85.9579 -14.925 18.2
    endloop
  endfacet
  facet normal 0 -1 -0
    outer loop
      vertex -65.747 -14.925 18.2
      vertex -85.9579 -14.925 12.3
      vertex -65.5261 -14.925 12.3
    endloop
  endfacet
  facet normal -0 0.989153 0.146887
    outer loop
      vertex -85.9579 -49.2019 12.0659
      vertex -65.5217 -49.2192 12.1824
      vertex -65.5173 -49.2019 12.0659
    endloop
  endfacet
  facet normal 0 0.989153 0.146887
    outer loop
      vertex -65.5217 -49.2192 12.1824
      vertex -85.9579 -49.2019 12.0659
      vertex -85.9579 -49.2192 12.1824
    endloop
  endfacet
  facet normal -0 0.242935 0.970042
    outer loop
      vertex -85.9579 -48.2591 11.1231
      vertex -65.4831 -48.3733 11.1517
      vertex -65.482 -48.2591 11.1231
    endloop
  endfacet
  facet normal 0 0.242935 0.970042
    outer loop
      vertex -65.4831 -48.3733 11.1517
      vertex -85.9579 -48.2591 11.1231
      vertex -85.9579 -48.3733 11.1517
    endloop
  endfacet
  facet normal 0 -0.513871 0.857867
    outer loop
      vertex -85.9579 -15.5593 11.2417
      vertex -65.4887 -15.4583 11.3022
      vertex -85.9579 -15.4583 11.3022
    endloop
  endfacet
  facet normal 0 -0.513871 0.857867
    outer loop
      vertex -65.4887 -15.4583 11.3022
      vertex -85.9579 -15.5593 11.2417
      vertex -65.4864 -15.5593 11.2417
    endloop
  endfacet
  facet normal 0 -0.998786 0.0492599
    outer loop
      vertex -85.9579 -14.9308 12.1824
      vertex -65.5261 -14.925 12.3
      vertex -85.9579 -14.925 12.3
    endloop
  endfacet
  facet normal 0 -0.998786 0.0492599
    outer loop
      vertex -65.5261 -14.925 12.3
      vertex -85.9579 -14.9308 12.1824
      vertex -65.5217 -14.9308 12.1824
    endloop
  endfacet
  facet normal -0 0.336283 0.941761
    outer loop
      vertex -85.9579 -48.3733 11.1517
      vertex -65.4846 -48.4842 11.1913
      vertex -65.4831 -48.3733 11.1517
    endloop
  endfacet
  facet normal 0 0.336283 0.941761
    outer loop
      vertex -65.4846 -48.4842 11.1913
      vertex -85.9579 -48.3733 11.1517
      vertex -85.9579 -48.4842 11.1913
    endloop
  endfacet
  facet normal -0 0.803046 0.595918
    outer loop
      vertex -85.9579 -48.9526 11.5387
      vertex -65.5011 -49.0228 11.6333
      vertex -65.4976 -48.9526 11.5387
    endloop
  endfacet
  facet normal 0 0.803046 0.595918
    outer loop
      vertex -65.5011 -49.0228 11.6333
      vertex -85.9579 -48.9526 11.5387
      vertex -85.9579 -49.0228 11.6333
    endloop
  endfacet
  facet normal 0 0.998786 -0.0492599
    outer loop
      vertex -85.9579 -49.225 18.2
      vertex -65.7514 -49.2192 18.3176
      vertex -65.747 -49.225 18.2
    endloop
  endfacet
  facet normal 0 0.998786 -0.0492599
    outer loop
      vertex -65.7514 -49.2192 18.3176
      vertex -85.9579 -49.225 18.2
      vertex -85.9579 -49.2192 18.3176
    endloop
  endfacet
  facet normal 0 -0.857867 0.513871
    outer loop
      vertex -85.9579 -15.1272 11.6333
      vertex -65.5049 -15.0667 11.7343
      vertex -85.9579 -15.0667 11.7343
    endloop
  endfacet
  facet normal 0 -0.857867 0.513871
    outer loop
      vertex -65.5049 -15.0667 11.7343
      vertex -85.9579 -15.1272 11.6333
      vertex -65.5011 -15.1272 11.6333
    endloop
  endfacet
  facet normal 0 -0.595918 -0.803046
    outer loop
      vertex -85.9579 -15.3637 19.1276
      vertex -65.7844 -15.4583 19.1978
      vertex -85.9579 -15.4583 19.1978
    endloop
  endfacet
  facet normal 0 -0.595918 -0.803046
    outer loop
      vertex -65.7844 -15.4583 19.1978
      vertex -85.9579 -15.3637 19.1276
      vertex -65.7818 -15.3637 19.1276
    endloop
  endfacet
  facet normal 0 -0.857867 -0.513871
    outer loop
      vertex -85.9579 -15.0667 18.7657
      vertex -65.772 -15.1272 18.8667
      vertex -85.9579 -15.1272 18.8667
    endloop
  endfacet
  facet normal 0 -0.857867 -0.513871
    outer loop
      vertex -65.772 -15.1272 18.8667
      vertex -85.9579 -15.0667 18.7657
      vertex -65.7682 -15.0667 18.7657
    endloop
  endfacet
  facet normal 0 -0.803046 -0.595918
    outer loop
      vertex -85.9579 -15.1272 18.8667
      vertex -65.7755 -15.1974 18.9613
      vertex -85.9579 -15.1974 18.9613
    endloop
  endfacet
  facet normal 0 -0.803046 -0.595918
    outer loop
      vertex -65.7755 -15.1974 18.9613
      vertex -85.9579 -15.1272 18.8667
      vertex -65.772 -15.1272 18.8667
    endloop
  endfacet
  facet normal 0 -0.989153 -0.146887
    outer loop
      vertex -85.9579 -14.9308 18.3176
      vertex -65.7558 -14.9481 18.4341
      vertex -85.9579 -14.9481 18.4341
    endloop
  endfacet
  facet normal 0 -0.989153 -0.146887
    outer loop
      vertex -65.7558 -14.9481 18.4341
      vertex -85.9579 -14.9308 18.3176
      vertex -65.7514 -14.9308 18.3176
    endloop
  endfacet
  facet normal -0 0.903893 0.427758
    outer loop
      vertex -85.9579 -49.0833 11.7343
      vertex -65.5089 -49.1337 11.8408
      vertex -65.5049 -49.0833 11.7343
    endloop
  endfacet
  facet normal 0 0.903893 0.427758
    outer loop
      vertex -65.5089 -49.1337 11.8408
      vertex -85.9579 -49.0833 11.7343
      vertex -85.9579 -49.1337 11.8408
    endloop
  endfacet
  facet normal -0 0.970042 0.242935
    outer loop
      vertex -85.9579 -49.1733 11.9517
      vertex -65.5173 -49.2019 12.0659
      vertex -65.513 -49.1733 11.9517
    endloop
  endfacet
  facet normal 0 0.970042 0.242935
    outer loop
      vertex -65.5173 -49.2019 12.0659
      vertex -85.9579 -49.1733 11.9517
      vertex -85.9579 -49.2019 12.0659
    endloop
  endfacet
  facet normal 0 -0.803046 0.595918
    outer loop
      vertex -85.9579 -15.1974 11.5387
      vertex -65.5011 -15.1272 11.6333
      vertex -85.9579 -15.1272 11.6333
    endloop
  endfacet
  facet normal 0 -0.803046 0.595918
    outer loop
      vertex -65.5011 -15.1272 11.6333
      vertex -85.9579 -15.1974 11.5387
      vertex -65.4976 -15.1974 11.5387
    endloop
  endfacet
  facet normal 0 0.513871 -0.857867
    outer loop
      vertex -85.9579 -48.6917 19.1978
      vertex -65.7867 -48.5907 19.2583
      vertex -65.7844 -48.6917 19.1978
    endloop
  endfacet
  facet normal 0 0.513871 -0.857867
    outer loop
      vertex -65.7867 -48.5907 19.2583
      vertex -85.9579 -48.6917 19.1978
      vertex -85.9579 -48.5907 19.2583
    endloop
  endfacet
  facet normal 0 -0.970042 0.242935
    outer loop
      vertex -85.9579 -14.9767 11.9517
      vertex -65.5173 -14.9481 12.0659
      vertex -85.9579 -14.9481 12.0659
    endloop
  endfacet
  facet normal 0 -0.970042 0.242935
    outer loop
      vertex -65.5173 -14.9481 12.0659
      vertex -85.9579 -14.9767 11.9517
      vertex -65.513 -14.9767 11.9517
    endloop
  endfacet
  facet normal 0 -0.970042 -0.242935
    outer loop
      vertex -85.9579 -14.9481 18.4341
      vertex -65.7601 -14.9767 18.5483
      vertex -85.9579 -14.9767 18.5483
    endloop
  endfacet
  facet normal 0 -0.970042 -0.242935
    outer loop
      vertex -65.7601 -14.9767 18.5483
      vertex -85.9579 -14.9481 18.4341
      vertex -65.7558 -14.9481 18.4341
    endloop
  endfacet
  facet normal 0 -0.336283 0.941761
    outer loop
      vertex -85.9579 -15.7767 11.1517
      vertex -65.4846 -15.6658 11.1913
      vertex -85.9579 -15.6658 11.1913
    endloop
  endfacet
  facet normal 0 -0.336283 0.941761
    outer loop
      vertex -65.4846 -15.6658 11.1913
      vertex -85.9579 -15.7767 11.1517
      vertex -65.4831 -15.7767 11.1517
    endloop
  endfacet
  facet normal 0 0.989153 -0.146887
    outer loop
      vertex -85.9579 -49.2192 18.3176
      vertex -65.7558 -49.2019 18.4341
      vertex -65.7514 -49.2192 18.3176
    endloop
  endfacet
  facet normal 0 0.989153 -0.146887
    outer loop
      vertex -65.7558 -49.2019 18.4341
      vertex -85.9579 -49.2192 18.3176
      vertex -85.9579 -49.2019 18.4341
    endloop
  endfacet
  facet normal 0 0.941761 -0.336283
    outer loop
      vertex -85.9579 -49.1733 18.5483
      vertex -65.7642 -49.1337 18.6592
      vertex -65.7601 -49.1733 18.5483
    endloop
  endfacet
  facet normal 0 0.941761 -0.336283
    outer loop
      vertex -65.7642 -49.1337 18.6592
      vertex -85.9579 -49.1733 18.5483
      vertex -85.9579 -49.1337 18.6592
    endloop
  endfacet
  facet normal 0 0.970042 -0.242935
    outer loop
      vertex -85.9579 -49.2019 18.4341
      vertex -65.7601 -49.1733 18.5483
      vertex -65.7558 -49.2019 18.4341
    endloop
  endfacet
  facet normal 0 0.970042 -0.242935
    outer loop
      vertex -65.7601 -49.1733 18.5483
      vertex -85.9579 -49.2019 18.4341
      vertex -85.9579 -49.1733 18.5483
    endloop
  endfacet
  facet normal 0 -0.903893 -0.427758
    outer loop
      vertex -85.9579 -15.0163 18.6592
      vertex -65.7682 -15.0667 18.7657
      vertex -85.9579 -15.0667 18.7657
    endloop
  endfacet
  facet normal 0 -0.903893 -0.427758
    outer loop
      vertex -65.7682 -15.0667 18.7657
      vertex -85.9579 -15.0163 18.6592
      vertex -65.7642 -15.0163 18.6592
    endloop
  endfacet
  facet normal 0 -0.427758 0.903893
    outer loop
      vertex -85.9579 -15.6658 11.1913
      vertex -65.4864 -15.5593 11.2417
      vertex -85.9579 -15.5593 11.2417
    endloop
  endfacet
  facet normal 0 -0.427758 0.903893
    outer loop
      vertex -65.4864 -15.5593 11.2417
      vertex -85.9579 -15.6658 11.1913
      vertex -65.4846 -15.6658 11.1913
    endloop
  endfacet
  facet normal 0 0.803046 -0.595918
    outer loop
      vertex -85.9579 -49.0228 18.8667
      vertex -65.7755 -48.9526 18.9613
      vertex -65.772 -49.0228 18.8667
    endloop
  endfacet
  facet normal 0 0.803046 -0.595918
    outer loop
      vertex -65.7755 -48.9526 18.9613
      vertex -85.9579 -49.0228 18.8667
      vertex -85.9579 -48.9526 18.9613
    endloop
  endfacet
  facet normal 0 -0.74067 0.671869
    outer loop
      vertex -85.9579 -15.2765 11.4515
      vertex -65.4976 -15.1974 11.5387
      vertex -85.9579 -15.1974 11.5387
    endloop
  endfacet
  facet normal 0 -0.74067 0.671869
    outer loop
      vertex -65.4976 -15.1974 11.5387
      vertex -85.9579 -15.2765 11.4515
      vertex -65.4943 -15.2765 11.4515
    endloop
  endfacet
  facet normal 0 0.671869 -0.74067
    outer loop
      vertex -85.9579 -48.8735 19.0485
      vertex -65.7818 -48.7863 19.1276
      vertex -65.7788 -48.8735 19.0485
    endloop
  endfacet
  facet normal 0 0.671869 -0.74067
    outer loop
      vertex -65.7818 -48.7863 19.1276
      vertex -85.9579 -48.8735 19.0485
      vertex -85.9579 -48.7863 19.1276
    endloop
  endfacet
  facet normal 0 0.427758 -0.903893
    outer loop
      vertex -85.9579 -48.5907 19.2583
      vertex -65.7885 -48.4842 19.3087
      vertex -65.7867 -48.5907 19.2583
    endloop
  endfacet
  facet normal 0 0.427758 -0.903893
    outer loop
      vertex -65.7885 -48.4842 19.3087
      vertex -85.9579 -48.5907 19.2583
      vertex -85.9579 -48.4842 19.3087
    endloop
  endfacet
  facet normal 0 0.857867 -0.513871
    outer loop
      vertex -85.9579 -49.0833 18.7657
      vertex -65.772 -49.0228 18.8667
      vertex -65.7682 -49.0833 18.7657
    endloop
  endfacet
  facet normal 0 0.857867 -0.513871
    outer loop
      vertex -65.772 -49.0228 18.8667
      vertex -85.9579 -49.0833 18.7657
      vertex -85.9579 -49.0228 18.8667
    endloop
  endfacet
  facet normal 0 -0.595918 0.803046
    outer loop
      vertex -85.9579 -15.4583 11.3022
      vertex -65.4913 -15.3637 11.3724
      vertex -85.9579 -15.3637 11.3724
    endloop
  endfacet
  facet normal 0 -0.595918 0.803046
    outer loop
      vertex -65.4913 -15.3637 11.3724
      vertex -85.9579 -15.4583 11.3022
      vertex -65.4887 -15.4583 11.3022
    endloop
  endfacet
  facet normal 0 -0.427758 -0.903893
    outer loop
      vertex -85.9579 -15.5593 19.2583
      vertex -65.7885 -15.6658 19.3087
      vertex -85.9579 -15.6658 19.3087
    endloop
  endfacet
  facet normal 0 -0.427758 -0.903893
    outer loop
      vertex -65.7885 -15.6658 19.3087
      vertex -85.9579 -15.5593 19.2583
      vertex -65.7867 -15.5593 19.2583
    endloop
  endfacet
  facet normal 0 0.595918 -0.803046
    outer loop
      vertex -85.9579 -48.7863 19.1276
      vertex -65.7844 -48.6917 19.1978
      vertex -65.7818 -48.7863 19.1276
    endloop
  endfacet
  facet normal 0 0.595918 -0.803046
    outer loop
      vertex -65.7844 -48.6917 19.1978
      vertex -85.9579 -48.7863 19.1276
      vertex -85.9579 -48.6917 19.1978
    endloop
  endfacet
  facet normal 0 -0.941761 0.336283
    outer loop
      vertex -85.9579 -15.0163 11.8408
      vertex -65.513 -14.9767 11.9517
      vertex -85.9579 -14.9767 11.9517
    endloop
  endfacet
  facet normal 0 -0.941761 0.336283
    outer loop
      vertex -65.513 -14.9767 11.9517
      vertex -85.9579 -15.0163 11.8408
      vertex -65.5089 -15.0163 11.8408
    endloop
  endfacet
  facet normal 0 -0.989153 0.146887
    outer loop
      vertex -85.9579 -14.9481 12.0659
      vertex -65.5217 -14.9308 12.1824
      vertex -85.9579 -14.9308 12.1824
    endloop
  endfacet
  facet normal 0 -0.989153 0.146887
    outer loop
      vertex -65.5217 -14.9308 12.1824
      vertex -85.9579 -14.9481 12.0659
      vertex -65.5173 -14.9481 12.0659
    endloop
  endfacet
  facet normal 0 0.74067 -0.671869
    outer loop
      vertex -85.9579 -48.9526 18.9613
      vertex -65.7788 -48.8735 19.0485
      vertex -65.7755 -48.9526 18.9613
    endloop
  endfacet
  facet normal 0 0.74067 -0.671869
    outer loop
      vertex -65.7788 -48.8735 19.0485
      vertex -85.9579 -48.9526 18.9613
      vertex -85.9579 -48.8735 19.0485
    endloop
  endfacet
  facet normal 1 0 0
    outer loop
      vertex 85.9579 97.9579 27.84
      vertex 85.9579 58.075 14.975
      vertex 85.9579 97.9579 0
    endloop
  endfacet
  facet normal 1 0 0
    outer loop
      vertex 85.9579 97.9579 27.84
      vertex 85.9579 58.0692 15.0926
      vertex 85.9579 58.075 14.975
    endloop
  endfacet
  facet normal 1 0 0
    outer loop
      vertex 85.9579 97.9579 27.84
      vertex 85.9579 58.0519 15.2091
      vertex 85.9579 58.0692 15.0926
    endloop
  endfacet
  facet normal 1 0 0
    outer loop
      vertex 85.9579 97.9579 27.84
      vertex 85.9579 58.0233 15.3233
      vertex 85.9579 58.0519 15.2091
    endloop
  endfacet
  facet normal 1 0 0
    outer loop
      vertex 85.9579 97.9579 27.84
      vertex 85.9579 57.9837 15.4342
      vertex 85.9579 58.0233 15.3233
    endloop
  endfacet
  facet normal 1 0 0
    outer loop
      vertex 85.9579 97.9579 27.84
      vertex 85.9579 57.9333 15.5407
      vertex 85.9579 57.9837 15.4342
    endloop
  endfacet
  facet normal 1 0 0
    outer loop
      vertex 85.9579 97.9579 27.84
      vertex 85.9579 57.8728 15.6417
      vertex 85.9579 57.9333 15.5407
    endloop
  endfacet
  facet normal 1 0 0
    outer loop
      vertex 85.9579 97.9579 27.84
      vertex 85.9579 57.8026 15.7363
      vertex 85.9579 57.8728 15.6417
    endloop
  endfacet
  facet normal 1 0 0
    outer loop
      vertex 85.9579 97.9579 27.84
      vertex 85.9579 57.7235 15.8235
      vertex 85.9579 57.8026 15.7363
    endloop
  endfacet
  facet normal 1 0 0
    outer loop
      vertex 85.9579 97.9579 27.84
      vertex 85.9579 57.6363 15.9026
      vertex 85.9579 57.7235 15.8235
    endloop
  endfacet
  facet normal 1 0 0
    outer loop
      vertex 85.9579 97.9579 27.84
      vertex 85.9579 57.5417 15.9728
      vertex 85.9579 57.6363 15.9026
    endloop
  endfacet
  facet normal 1 0 0
    outer loop
      vertex 85.9579 97.9579 27.84
      vertex 85.9579 57.4407 16.0333
      vertex 85.9579 57.5417 15.9728
    endloop
  endfacet
  facet normal 1 0 0
    outer loop
      vertex 85.9579 97.9579 27.84
      vertex 85.9579 57.3342 16.0837
      vertex 85.9579 57.4407 16.0333
    endloop
  endfacet
  facet normal 1 0 0
    outer loop
      vertex 85.9579 97.9579 27.84
      vertex 85.9579 57.2233 16.1233
      vertex 85.9579 57.3342 16.0837
    endloop
  endfacet
  facet normal 1 0 0
    outer loop
      vertex 85.9579 97.9579 27.84
      vertex 85.9579 57.1091 16.1519
      vertex 85.9579 57.2233 16.1233
    endloop
  endfacet
  facet normal 1 0 0
    outer loop
      vertex 85.9579 97.9579 27.84
      vertex 85.9579 56.9926 16.1692
      vertex 85.9579 57.1091 16.1519
    endloop
  endfacet
  facet normal 1 0 0
    outer loop
      vertex 85.9579 97.9579 27.84
      vertex 85.9579 56.875 16.175
      vertex 85.9579 56.9926 16.1692
    endloop
  endfacet
  facet normal 1 -0 0
    outer loop
      vertex 85.9579 37.2091 17.6969
      vertex 85.9579 56.875 16.175
      vertex 85.9579 97.9579 27.84
    endloop
  endfacet
  facet normal 1 0 0
    outer loop
      vertex 85.9579 56.875 16.175
      vertex 85.9579 37.3233 17.6683
      vertex 85.9579 44.975 16.175
    endloop
  endfacet
  facet normal 1 -0 -0
    outer loop
      vertex 85.9579 37.4342 17.6287
      vertex 85.9579 44.975 16.175
      vertex 85.9579 37.3233 17.6683
    endloop
  endfacet
  facet normal 1 0 0
    outer loop
      vertex 85.9579 38.175 12.12
      vertex 85.9579 43.775 14.975
      vertex 85.9579 38.175 16.52
    endloop
  endfacet
  facet normal 1 0 0
    outer loop
      vertex 85.9579 43.7808 15.0926
      vertex 85.9579 38.175 16.52
      vertex 85.9579 43.775 14.975
    endloop
  endfacet
  facet normal 1 0 0
    outer loop
      vertex 85.9579 43.7981 15.2091
      vertex 85.9579 38.175 16.52
      vertex 85.9579 43.7808 15.0926
    endloop
  endfacet
  facet normal 1 0 0
    outer loop
      vertex 85.9579 43.8267 15.3233
      vertex 85.9579 38.175 16.52
      vertex 85.9579 43.7981 15.2091
    endloop
  endfacet
  facet normal 1 0 0
    outer loop
      vertex 85.9579 43.8663 15.4342
      vertex 85.9579 38.175 16.52
      vertex 85.9579 43.8267 15.3233
    endloop
  endfacet
  facet normal 1 0 0
    outer loop
      vertex 85.9579 38.1692 16.6376
      vertex 85.9579 43.8663 15.4342
      vertex 85.9579 43.9167 15.5407
    endloop
  endfacet
  facet normal 1 0 0
    outer loop
      vertex 85.9579 38.1519 16.7541
      vertex 85.9579 43.9167 15.5407
      vertex 85.9579 43.9772 15.6417
    endloop
  endfacet
  facet normal 1 0 0
    outer loop
      vertex 85.9579 38.1233 16.8683
      vertex 85.9579 43.9772 15.6417
      vertex 85.9579 44.0474 15.7363
    endloop
  endfacet
  facet normal 1 0 0
    outer loop
      vertex 85.9579 38.0837 16.9792
      vertex 85.9579 44.0474 15.7363
      vertex 85.9579 44.1265 15.8235
    endloop
  endfacet
  facet normal 1 0 0
    outer loop
      vertex 85.9579 38.0333 17.0857
      vertex 85.9579 44.1265 15.8235
      vertex 85.9579 44.2137 15.9026
    endloop
  endfacet
  facet normal 1 0 0
    outer loop
      vertex 85.9579 37.9728 17.1867
      vertex 85.9579 44.2137 15.9026
      vertex 85.9579 44.3083 15.9728
    endloop
  endfacet
  facet normal 1 0 0
    outer loop
      vertex 85.9579 37.9026 17.2813
      vertex 85.9579 44.3083 15.9728
      vertex 85.9579 44.4093 16.0333
    endloop
  endfacet
  facet normal 1 0 0
    outer loop
      vertex 85.9579 37.8235 17.3685
      vertex 85.9579 44.4093 16.0333
      vertex 85.9579 44.5158 16.0837
    endloop
  endfacet
  facet normal 1 0 0
    outer loop
      vertex 85.9579 37.7363 17.4476
      vertex 85.9579 44.5158 16.0837
      vertex 85.9579 44.6267 16.1233
    endloop
  endfacet
  facet normal 1 0 0
    outer loop
      vertex 85.9579 37.6417 17.5178
      vertex 85.9579 44.6267 16.1233
      vertex 85.9579 44.7409 16.1519
    endloop
  endfacet
  facet normal 1 0 0
    outer loop
      vertex 85.9579 44.975 16.175
      vertex 85.9579 37.4342 17.6287
      vertex 85.9579 44.8574 16.1692
    endloop
  endfacet
  facet normal 1 0 0
    outer loop
      vertex 85.9579 43.8663 15.4342
      vertex 85.9579 38.1692 16.6376
      vertex 85.9579 38.175 16.52
    endloop
  endfacet
  facet normal 1 0 0
    outer loop
      vertex 85.9579 43.9167 15.5407
      vertex 85.9579 38.1519 16.7541
      vertex 85.9579 38.1692 16.6376
    endloop
  endfacet
  facet normal 1 0 0
    outer loop
      vertex 85.9579 43.9772 15.6417
      vertex 85.9579 38.1233 16.8683
      vertex 85.9579 38.1519 16.7541
    endloop
  endfacet
  facet normal 1 0 0
    outer loop
      vertex 85.9579 44.0474 15.7363
      vertex 85.9579 38.0837 16.9792
      vertex 85.9579 38.1233 16.8683
    endloop
  endfacet
  facet normal 1 0 0
    outer loop
      vertex 85.9579 44.1265 15.8235
      vertex 85.9579 38.0333 17.0857
      vertex 85.9579 38.0837 16.9792
    endloop
  endfacet
  facet normal 1 0 0
    outer loop
      vertex 85.9579 44.2137 15.9026
      vertex 85.9579 37.9728 17.1867
      vertex 85.9579 38.0333 17.0857
    endloop
  endfacet
  facet normal 1 0 0
    outer loop
      vertex 85.9579 44.3083 15.9728
      vertex 85.9579 37.9026 17.2813
      vertex 85.9579 37.9728 17.1867
    endloop
  endfacet
  facet normal 1 0 0
    outer loop
      vertex 85.9579 44.4093 16.0333
      vertex 85.9579 37.8235 17.3685
      vertex 85.9579 37.9026 17.2813
    endloop
  endfacet
  facet normal 1 0 0
    outer loop
      vertex 85.9579 44.5158 16.0837
      vertex 85.9579 37.7363 17.4476
      vertex 85.9579 37.8235 17.3685
    endloop
  endfacet
  facet normal 1 0 0
    outer loop
      vertex 85.9579 44.6267 16.1233
      vertex 85.9579 37.6417 17.5178
      vertex 85.9579 37.7363 17.4476
    endloop
  endfacet
  facet normal 1 0 0
    outer loop
      vertex 85.9579 44.7409 16.1519
      vertex 85.9579 37.5407 17.5783
      vertex 85.9579 37.6417 17.5178
    endloop
  endfacet
  facet normal 1 0 0
    outer loop
      vertex 85.9579 44.8574 16.1692
      vertex 85.9579 37.5407 17.5783
      vertex 85.9579 44.7409 16.1519
    endloop
  endfacet
  facet normal 1 -0 -0
    outer loop
      vertex 85.9579 37.5407 17.5783
      vertex 85.9579 44.8574 16.1692
      vertex 85.9579 37.4342 17.6287
    endloop
  endfacet
  facet normal 1 0 0
    outer loop
      vertex 85.9579 56.875 16.175
      vertex 85.9579 37.2091 17.6969
      vertex 85.9579 37.3233 17.6683
    endloop
  endfacet
  facet normal 1 0 0
    outer loop
      vertex 85.9579 97.9579 27.84
      vertex 85.9579 37.0926 17.7142
      vertex 85.9579 37.2091 17.6969
    endloop
  endfacet
  facet normal 1 0 0
    outer loop
      vertex 85.9579 97.9579 27.84
      vertex 85.9579 36.975 17.72
      vertex 85.9579 37.0926 17.7142
    endloop
  endfacet
  facet normal 1 0 0
    outer loop
      vertex 85.9579 97.9579 27.84
      vertex 85.9579 26.575 17.72
      vertex 85.9579 36.975 17.72
    endloop
  endfacet
  facet normal 1 0 0
    outer loop
      vertex 85.9579 97.9579 27.84
      vertex 85.9579 26.4574 17.7142
      vertex 85.9579 26.575 17.72
    endloop
  endfacet
  facet normal 1 0 0
    outer loop
      vertex 85.9579 25.375 16.52
      vertex 85.9579 -97.9579 27.84
      vertex 85.9579 25.375 12.12
    endloop
  endfacet
  facet normal 1 0 0
    outer loop
      vertex 85.9579 25.3808 16.6376
      vertex 85.9579 -97.9579 27.84
      vertex 85.9579 25.375 16.52
    endloop
  endfacet
  facet normal 1 0 0
    outer loop
      vertex 85.9579 25.3981 16.7541
      vertex 85.9579 -97.9579 27.84
      vertex 85.9579 25.3808 16.6376
    endloop
  endfacet
  facet normal 1 0 0
    outer loop
      vertex 85.9579 25.4267 16.8683
      vertex 85.9579 -97.9579 27.84
      vertex 85.9579 25.3981 16.7541
    endloop
  endfacet
  facet normal 1 0 0
    outer loop
      vertex 85.9579 25.4663 16.9792
      vertex 85.9579 -97.9579 27.84
      vertex 85.9579 25.4267 16.8683
    endloop
  endfacet
  facet normal 1 0 0
    outer loop
      vertex 85.9579 25.5167 17.0857
      vertex 85.9579 -97.9579 27.84
      vertex 85.9579 25.4663 16.9792
    endloop
  endfacet
  facet normal 1 0 0
    outer loop
      vertex 85.9579 25.5772 17.1867
      vertex 85.9579 -97.9579 27.84
      vertex 85.9579 25.5167 17.0857
    endloop
  endfacet
  facet normal 1 0 0
    outer loop
      vertex 85.9579 25.6474 17.2813
      vertex 85.9579 -97.9579 27.84
      vertex 85.9579 25.5772 17.1867
    endloop
  endfacet
  facet normal 1 0 0
    outer loop
      vertex 85.9579 25.7265 17.3685
      vertex 85.9579 -97.9579 27.84
      vertex 85.9579 25.6474 17.2813
    endloop
  endfacet
  facet normal 1 0 0
    outer loop
      vertex 85.9579 25.8137 17.4476
      vertex 85.9579 -97.9579 27.84
      vertex 85.9579 25.7265 17.3685
    endloop
  endfacet
  facet normal 1 0 0
    outer loop
      vertex 85.9579 25.9083 17.5178
      vertex 85.9579 -97.9579 27.84
      vertex 85.9579 25.8137 17.4476
    endloop
  endfacet
  facet normal 1 0 0
    outer loop
      vertex 85.9579 26.0093 17.5783
      vertex 85.9579 -97.9579 27.84
      vertex 85.9579 25.9083 17.5178
    endloop
  endfacet
  facet normal 1 0 0
    outer loop
      vertex 85.9579 26.1158 17.6287
      vertex 85.9579 -97.9579 27.84
      vertex 85.9579 26.0093 17.5783
    endloop
  endfacet
  facet normal 1 0 0
    outer loop
      vertex 85.9579 26.2267 17.6683
      vertex 85.9579 -97.9579 27.84
      vertex 85.9579 26.1158 17.6287
    endloop
  endfacet
  facet normal 1 0 0
    outer loop
      vertex 85.9579 26.3409 17.6969
      vertex 85.9579 -97.9579 27.84
      vertex 85.9579 26.2267 17.6683
    endloop
  endfacet
  facet normal 1 0 0
    outer loop
      vertex 85.9579 26.4574 17.7142
      vertex 85.9579 -97.9579 27.84
      vertex 85.9579 26.3409 17.6969
    endloop
  endfacet
  facet normal 1 -0 0
    outer loop
      vertex 85.9579 -97.9579 27.84
      vertex 85.9579 26.4574 17.7142
      vertex 85.9579 97.9579 27.84
    endloop
  endfacet
  facet normal 1 -0 0
    outer loop
      vertex 85.9579 58.075 12.575
      vertex 85.9579 97.9579 0
      vertex 85.9579 58.075 14.975
    endloop
  endfacet
  facet normal 1 -0 0
    outer loop
      vertex 85.9579 58.0692 12.4574
      vertex 85.9579 97.9579 0
      vertex 85.9579 58.075 12.575
    endloop
  endfacet
  facet normal 1 -0 0
    outer loop
      vertex 85.9579 58.0519 12.3409
      vertex 85.9579 97.9579 0
      vertex 85.9579 58.0692 12.4574
    endloop
  endfacet
  facet normal 1 -0 0
    outer loop
      vertex 85.9579 58.0233 12.2267
      vertex 85.9579 97.9579 0
      vertex 85.9579 58.0519 12.3409
    endloop
  endfacet
  facet normal 1 -0 0
    outer loop
      vertex 85.9579 57.9837 12.1158
      vertex 85.9579 97.9579 0
      vertex 85.9579 58.0233 12.2267
    endloop
  endfacet
  facet normal 1 -0 0
    outer loop
      vertex 85.9579 57.9333 12.0093
      vertex 85.9579 97.9579 0
      vertex 85.9579 57.9837 12.1158
    endloop
  endfacet
  facet normal 1 -0 0
    outer loop
      vertex 85.9579 57.8728 11.9083
      vertex 85.9579 97.9579 0
      vertex 85.9579 57.9333 12.0093
    endloop
  endfacet
  facet normal 1 -0 0
    outer loop
      vertex 85.9579 57.8026 11.8137
      vertex 85.9579 97.9579 0
      vertex 85.9579 57.8728 11.9083
    endloop
  endfacet
  facet normal 1 -0 0
    outer loop
      vertex 85.9579 57.7235 11.7265
      vertex 85.9579 97.9579 0
      vertex 85.9579 57.8026 11.8137
    endloop
  endfacet
  facet normal 1 -0 0
    outer loop
      vertex 85.9579 57.6363 11.6474
      vertex 85.9579 97.9579 0
      vertex 85.9579 57.7235 11.7265
    endloop
  endfacet
  facet normal 1 -0 0
    outer loop
      vertex 85.9579 57.5417 11.5772
      vertex 85.9579 97.9579 0
      vertex 85.9579 57.6363 11.6474
    endloop
  endfacet
  facet normal 1 -0 0
    outer loop
      vertex 85.9579 57.4407 11.5167
      vertex 85.9579 97.9579 0
      vertex 85.9579 57.5417 11.5772
    endloop
  endfacet
  facet normal 1 -0 0
    outer loop
      vertex 85.9579 57.3342 11.4663
      vertex 85.9579 97.9579 0
      vertex 85.9579 57.4407 11.5167
    endloop
  endfacet
  facet normal 1 -0 0
    outer loop
      vertex 85.9579 57.2233 11.4267
      vertex 85.9579 97.9579 0
      vertex 85.9579 57.3342 11.4663
    endloop
  endfacet
  facet normal 1 -0 0
    outer loop
      vertex 85.9579 57.1091 11.3981
      vertex 85.9579 97.9579 0
      vertex 85.9579 57.2233 11.4267
    endloop
  endfacet
  facet normal 1 -0 0
    outer loop
      vertex 85.9579 56.9926 11.3808
      vertex 85.9579 97.9579 0
      vertex 85.9579 57.1091 11.3981
    endloop
  endfacet
  facet normal 1 -0 0
    outer loop
      vertex 85.9579 56.875 11.375
      vertex 85.9579 97.9579 0
      vertex 85.9579 56.9926 11.3808
    endloop
  endfacet
  facet normal 1 -0 0
    outer loop
      vertex 85.9579 44.975 11.375
      vertex 85.9579 97.9579 0
      vertex 85.9579 56.875 11.375
    endloop
  endfacet
  facet normal 1 0 0
    outer loop
      vertex 85.9579 37.2091 10.9431
      vertex 85.9579 44.975 11.375
      vertex 85.9579 44.8574 11.3808
    endloop
  endfacet
  facet normal 1 0 0
    outer loop
      vertex 85.9579 37.3233 10.9717
      vertex 85.9579 44.8574 11.3808
      vertex 85.9579 44.7409 11.3981
    endloop
  endfacet
  facet normal 1 0 0
    outer loop
      vertex 85.9579 43.775 14.975
      vertex 85.9579 38.175 12.12
      vertex 85.9579 43.775 12.575
    endloop
  endfacet
  facet normal 1 0 0
    outer loop
      vertex 85.9579 43.775 12.575
      vertex 85.9579 38.175 12.12
      vertex 85.9579 43.7808 12.4574
    endloop
  endfacet
  facet normal 1 0 0
    outer loop
      vertex 85.9579 43.7808 12.4574
      vertex 85.9579 38.175 12.12
      vertex 85.9579 43.7981 12.3409
    endloop
  endfacet
  facet normal 1 0 0
    outer loop
      vertex 85.9579 38.1692 12.0024
      vertex 85.9579 43.7981 12.3409
      vertex 85.9579 38.175 12.12
    endloop
  endfacet
  facet normal 1 0 0
    outer loop
      vertex 85.9579 43.7981 12.3409
      vertex 85.9579 38.1692 12.0024
      vertex 85.9579 43.8267 12.2267
    endloop
  endfacet
  facet normal 1 0 0
    outer loop
      vertex 85.9579 38.1519 11.8859
      vertex 85.9579 43.8267 12.2267
      vertex 85.9579 38.1692 12.0024
    endloop
  endfacet
  facet normal 1 0 0
    outer loop
      vertex 85.9579 43.8267 12.2267
      vertex 85.9579 38.1519 11.8859
      vertex 85.9579 43.8663 12.1158
    endloop
  endfacet
  facet normal 1 0 0
    outer loop
      vertex 85.9579 38.1233 11.7717
      vertex 85.9579 43.8663 12.1158
      vertex 85.9579 38.1519 11.8859
    endloop
  endfacet
  facet normal 1 0 0
    outer loop
      vertex 85.9579 43.8663 12.1158
      vertex 85.9579 38.1233 11.7717
      vertex 85.9579 43.9167 12.0093
    endloop
  endfacet
  facet normal 1 0 0
    outer loop
      vertex 85.9579 38.0837 11.6608
      vertex 85.9579 43.9167 12.0093
      vertex 85.9579 38.1233 11.7717
    endloop
  endfacet
  facet normal 1 0 0
    outer loop
      vertex 85.9579 43.9167 12.0093
      vertex 85.9579 38.0837 11.6608
      vertex 85.9579 43.9772 11.9083
    endloop
  endfacet
  facet normal 1 0 0
    outer loop
      vertex 85.9579 38.0333 11.5543
      vertex 85.9579 43.9772 11.9083
      vertex 85.9579 38.0837 11.6608
    endloop
  endfacet
  facet normal 1 0 0
    outer loop
      vertex 85.9579 43.9772 11.9083
      vertex 85.9579 38.0333 11.5543
      vertex 85.9579 44.0474 11.8137
    endloop
  endfacet
  facet normal 1 0 0
    outer loop
      vertex 85.9579 37.9728 11.4533
      vertex 85.9579 44.0474 11.8137
      vertex 85.9579 38.0333 11.5543
    endloop
  endfacet
  facet normal 1 0 0
    outer loop
      vertex 85.9579 44.0474 11.8137
      vertex 85.9579 37.9728 11.4533
      vertex 85.9579 44.1265 11.7265
    endloop
  endfacet
  facet normal 1 0 0
    outer loop
      vertex 85.9579 37.9026 11.3587
      vertex 85.9579 44.1265 11.7265
      vertex 85.9579 37.9728 11.4533
    endloop
  endfacet
  facet normal 1 0 0
    outer loop
      vertex 85.9579 44.1265 11.7265
      vertex 85.9579 37.9026 11.3587
      vertex 85.9579 44.2137 11.6474
    endloop
  endfacet
  facet normal 1 0 0
    outer loop
      vertex 85.9579 37.8235 11.2715
      vertex 85.9579 44.2137 11.6474
      vertex 85.9579 37.9026 11.3587
    endloop
  endfacet
  facet normal 1 0 0
    outer loop
      vertex 85.9579 44.2137 11.6474
      vertex 85.9579 37.8235 11.2715
      vertex 85.9579 44.3083 11.5772
    endloop
  endfacet
  facet normal 1 0 0
    outer loop
      vertex 85.9579 37.7363 11.1924
      vertex 85.9579 44.3083 11.5772
      vertex 85.9579 37.8235 11.2715
    endloop
  endfacet
  facet normal 1 0 0
    outer loop
      vertex 85.9579 44.3083 11.5772
      vertex 85.9579 37.7363 11.1924
      vertex 85.9579 44.4093 11.5167
    endloop
  endfacet
  facet normal 1 0 0
    outer loop
      vertex 85.9579 37.6417 11.1222
      vertex 85.9579 44.4093 11.5167
      vertex 85.9579 37.7363 11.1924
    endloop
  endfacet
  facet normal 1 0 0
    outer loop
      vertex 85.9579 44.4093 11.5167
      vertex 85.9579 37.6417 11.1222
      vertex 85.9579 44.5158 11.4663
    endloop
  endfacet
  facet normal 1 0 0
    outer loop
      vertex 85.9579 37.5407 11.0617
      vertex 85.9579 44.5158 11.4663
      vertex 85.9579 37.6417 11.1222
    endloop
  endfacet
  facet normal 1 0 0
    outer loop
      vertex 85.9579 44.5158 11.4663
      vertex 85.9579 37.5407 11.0617
      vertex 85.9579 44.6267 11.4267
    endloop
  endfacet
  facet normal 1 0 0
    outer loop
      vertex 85.9579 37.4342 11.0113
      vertex 85.9579 44.6267 11.4267
      vertex 85.9579 37.5407 11.0617
    endloop
  endfacet
  facet normal 1 0 0
    outer loop
      vertex 85.9579 44.6267 11.4267
      vertex 85.9579 37.4342 11.0113
      vertex 85.9579 44.7409 11.3981
    endloop
  endfacet
  facet normal 1 0 0
    outer loop
      vertex 85.9579 37.3233 10.9717
      vertex 85.9579 44.7409 11.3981
      vertex 85.9579 37.4342 11.0113
    endloop
  endfacet
  facet normal 1 0 0
    outer loop
      vertex 85.9579 44.8574 11.3808
      vertex 85.9579 37.3233 10.9717
      vertex 85.9579 37.2091 10.9431
    endloop
  endfacet
  facet normal 1 0 0
    outer loop
      vertex 85.9579 44.975 11.375
      vertex 85.9579 37.2091 10.9431
      vertex 85.9579 37.0926 10.9258
    endloop
  endfacet
  facet normal 1 0 0
    outer loop
      vertex 85.9579 44.975 11.375
      vertex 85.9579 37.0926 10.9258
      vertex 85.9579 97.9579 0
    endloop
  endfacet
  facet normal 1 -0 0
    outer loop
      vertex 85.9579 36.975 10.92
      vertex 85.9579 97.9579 0
      vertex 85.9579 37.0926 10.9258
    endloop
  endfacet
  facet normal 1 -0 0
    outer loop
      vertex 85.9579 26.575 10.92
      vertex 85.9579 97.9579 0
      vertex 85.9579 36.975 10.92
    endloop
  endfacet
  facet normal 1 0 0
    outer loop
      vertex 85.9579 26.4574 10.9258
      vertex 85.9579 97.9579 0
      vertex 85.9579 26.575 10.92
    endloop
  endfacet
  facet normal 1 0 0
    outer loop
      vertex 85.9579 -97.9579 0
      vertex 85.9579 26.4574 10.9258
      vertex 85.9579 26.3409 10.9431
    endloop
  endfacet
  facet normal 1 0 0
    outer loop
      vertex 85.9579 -97.9579 0
      vertex 85.9579 25.375 12.12
      vertex 85.9579 -97.9579 27.84
    endloop
  endfacet
  facet normal 1 0 0
    outer loop
      vertex 85.9579 25.375 12.12
      vertex 85.9579 -97.9579 0
      vertex 85.9579 25.3808 12.0024
    endloop
  endfacet
  facet normal 1 0 0
    outer loop
      vertex 85.9579 25.3808 12.0024
      vertex 85.9579 -97.9579 0
      vertex 85.9579 25.3981 11.8859
    endloop
  endfacet
  facet normal 1 0 0
    outer loop
      vertex 85.9579 25.3981 11.8859
      vertex 85.9579 -97.9579 0
      vertex 85.9579 25.4267 11.7717
    endloop
  endfacet
  facet normal 1 0 0
    outer loop
      vertex 85.9579 25.4267 11.7717
      vertex 85.9579 -97.9579 0
      vertex 85.9579 25.4663 11.6608
    endloop
  endfacet
  facet normal 1 0 0
    outer loop
      vertex 85.9579 25.4663 11.6608
      vertex 85.9579 -97.9579 0
      vertex 85.9579 25.5167 11.5543
    endloop
  endfacet
  facet normal 1 0 0
    outer loop
      vertex 85.9579 25.5167 11.5543
      vertex 85.9579 -97.9579 0
      vertex 85.9579 25.5772 11.4533
    endloop
  endfacet
  facet normal 1 0 0
    outer loop
      vertex 85.9579 25.5772 11.4533
      vertex 85.9579 -97.9579 0
      vertex 85.9579 25.6474 11.3587
    endloop
  endfacet
  facet normal 1 0 0
    outer loop
      vertex 85.9579 25.6474 11.3587
      vertex 85.9579 -97.9579 0
      vertex 85.9579 25.7265 11.2715
    endloop
  endfacet
  facet normal 1 0 0
    outer loop
      vertex 85.9579 25.7265 11.2715
      vertex 85.9579 -97.9579 0
      vertex 85.9579 25.8137 11.1924
    endloop
  endfacet
  facet normal 1 0 0
    outer loop
      vertex 85.9579 25.8137 11.1924
      vertex 85.9579 -97.9579 0
      vertex 85.9579 25.9083 11.1222
    endloop
  endfacet
  facet normal 1 0 0
    outer loop
      vertex 85.9579 25.9083 11.1222
      vertex 85.9579 -97.9579 0
      vertex 85.9579 26.0093 11.0617
    endloop
  endfacet
  facet normal 1 0 0
    outer loop
      vertex 85.9579 26.0093 11.0617
      vertex 85.9579 -97.9579 0
      vertex 85.9579 26.1158 11.0113
    endloop
  endfacet
  facet normal 1 0 0
    outer loop
      vertex 85.9579 26.1158 11.0113
      vertex 85.9579 -97.9579 0
      vertex 85.9579 26.2267 10.9717
    endloop
  endfacet
  facet normal 1 0 0
    outer loop
      vertex 85.9579 26.2267 10.9717
      vertex 85.9579 -97.9579 0
      vertex 85.9579 26.3409 10.9431
    endloop
  endfacet
  facet normal 1 0 0
    outer loop
      vertex 85.9579 26.4574 10.9258
      vertex 85.9579 -97.9579 0
      vertex 85.9579 97.9579 0
    endloop
  endfacet
  facet normal 0 0 -1
    outer loop
      vertex -76.7511 0.438952 0
      vertex -63.535 58.925 0
      vertex -76.7187 0.220538 0
    endloop
  endfacet
  facet normal 0 0 -1
    outer loop
      vertex -76.8182 70.1686 0
      vertex -63.535 58.925 0
      vertex -76.8079 69.9579 0
    endloop
  endfacet
  facet normal 0 0 -1
    outer loop
      vertex -76.8047 0.65314 0
      vertex -63.535 58.925 0
      vertex -76.7511 0.438952 0
    endloop
  endfacet
  facet normal 0 0 -1
    outer loop
      vertex -63.535 58.925 0
      vertex -76.7187 90.7373 0
      vertex -76.7079 90.9579 0
    endloop
  endfacet
  facet normal 0 0 -1
    outer loop
      vertex -76.8791 0.861037 0
      vertex -63.535 58.925 0
      vertex -76.8047 0.65314 0
    endloop
  endfacet
  facet normal 0 0 -1
    outer loop
      vertex -76.8492 70.3773 0
      vertex -63.535 58.925 0
      vertex -76.8182 70.1686 0
    endloop
  endfacet
  facet normal 0 0 -1
    outer loop
      vertex -63.535 58.925 0
      vertex -76.7511 90.5189 0
      vertex -76.7187 90.7373 0
    endloop
  endfacet
  facet normal 0 0 -1
    outer loop
      vertex -63.535 58.925 0
      vertex -76.8182 69.7471 0
      vertex -76.8079 69.9579 0
    endloop
  endfacet
  facet normal 0 0 -1
    outer loop
      vertex -63.535 58.925 0
      vertex -76.8492 69.5384 0
      vertex -76.8182 69.7471 0
    endloop
  endfacet
  facet normal 0 0 -1
    outer loop
      vertex -76.9735 1.06064 0
      vertex -63.535 58.925 0
      vertex -76.8791 0.861037 0
    endloop
  endfacet
  facet normal 0 0 -1
    outer loop
      vertex -63.535 58.925 0
      vertex -76.9004 69.3337 0
      vertex -76.8492 69.5384 0
    endloop
  endfacet
  facet normal 0 0 -1
    outer loop
      vertex -63.535 58.925 0
      vertex -76.9715 69.1351 0
      vertex -76.9004 69.3337 0
    endloop
  endfacet
  facet normal 0 0 -1
    outer loop
      vertex -77.0871 1.25003 0
      vertex -63.535 58.925 0
      vertex -76.9735 1.06064 0
    endloop
  endfacet
  facet normal 0 0 -1
    outer loop
      vertex -63.535 58.925 0
      vertex -77.0617 68.9444 0
      vertex -76.9715 69.1351 0
    endloop
  endfacet
  facet normal 0 0 -1
    outer loop
      vertex -77.2186 1.42738 0
      vertex -63.535 58.925 0
      vertex -77.0871 1.25003 0
    endloop
  endfacet
  facet normal 0 0 -1
    outer loop
      vertex -63.535 58.925 0
      vertex -77.1702 68.7634 0
      vertex -77.0617 68.9444 0
    endloop
  endfacet
  facet normal 0 0 -1
    outer loop
      vertex -77.3669 1.59099 0
      vertex -63.535 58.925 0
      vertex -77.2186 1.42738 0
    endloop
  endfacet
  facet normal 0 0 -1
    outer loop
      vertex -63.535 58.925 0
      vertex -77.2959 68.5939 0
      vertex -77.1702 68.7634 0
    endloop
  endfacet
  facet normal 0 0 -1
    outer loop
      vertex -77.5305 1.73927 0
      vertex -63.535 58.925 0
      vertex -77.3669 1.59099 0
    endloop
  endfacet
  facet normal 0 0 -1
    outer loop
      vertex -63.535 58.925 0
      vertex -77.4376 68.4376 0
      vertex -77.2959 68.5939 0
    endloop
  endfacet
  facet normal 0 0 -1
    outer loop
      vertex -77.7078 1.87081 0
      vertex -63.535 58.925 0
      vertex -77.5305 1.73927 0
    endloop
  endfacet
  facet normal 0 0 -1
    outer loop
      vertex -63.535 58.925 0
      vertex -77.5939 68.2959 0
      vertex -77.4376 68.4376 0
    endloop
  endfacet
  facet normal 0 0 -1
    outer loop
      vertex -77.8972 1.98432 0
      vertex -63.535 58.925 0
      vertex -77.7078 1.87081 0
    endloop
  endfacet
  facet normal 0 0 -1
    outer loop
      vertex -63.535 58.925 0
      vertex -77.7634 68.1702 0
      vertex -77.5939 68.2959 0
    endloop
  endfacet
  facet normal 0 0 -1
    outer loop
      vertex -78.0968 2.07873 0
      vertex -63.535 58.925 0
      vertex -77.8972 1.98432 0
    endloop
  endfacet
  facet normal 0 0 -1
    outer loop
      vertex -63.535 58.925 0
      vertex -77.9444 68.0617 0
      vertex -77.7634 68.1702 0
    endloop
  endfacet
  facet normal 0 0 -1
    outer loop
      vertex -78.3047 2.15312 0
      vertex -63.535 58.925 0
      vertex -78.0968 2.07873 0
    endloop
  endfacet
  facet normal 0 0 -1
    outer loop
      vertex -63.535 58.925 0
      vertex -78.1351 67.9715 0
      vertex -77.9444 68.0617 0
    endloop
  endfacet
  facet normal 0 0 -1
    outer loop
      vertex -78.5189 2.20677 0
      vertex -63.535 58.925 0
      vertex -78.3047 2.15312 0
    endloop
  endfacet
  facet normal 0 0 -1
    outer loop
      vertex -63.535 58.925 0
      vertex -78.3337 67.9004 0
      vertex -78.1351 67.9715 0
    endloop
  endfacet
  facet normal 0 0 -1
    outer loop
      vertex -78.7373 2.23917 0
      vertex -63.535 58.925 0
      vertex -78.5189 2.20677 0
    endloop
  endfacet
  facet normal 0 0 -1
    outer loop
      vertex -63.535 58.925 0
      vertex -78.5384 67.8492 0
      vertex -78.3337 67.9004 0
    endloop
  endfacet
  facet normal 0 0 -1
    outer loop
      vertex -78.9579 2.25 0
      vertex -63.535 58.925 0
      vertex -78.7373 2.23917 0
    endloop
  endfacet
  facet normal 0 0 -1
    outer loop
      vertex -63.535 58.925 0
      vertex -78.7471 67.8182 0
      vertex -78.5384 67.8492 0
    endloop
  endfacet
  facet normal 0 0 -1
    outer loop
      vertex -79.1784 2.23917 0
      vertex -63.535 58.925 0
      vertex -78.9579 2.25 0
    endloop
  endfacet
  facet normal 0 0 -1
    outer loop
      vertex -63.535 58.925 0
      vertex -78.9579 67.8079 0
      vertex -78.7471 67.8182 0
    endloop
  endfacet
  facet normal 0 0 -1
    outer loop
      vertex -63.535 58.925 0
      vertex -79.1686 67.8182 0
      vertex -78.9579 67.8079 0
    endloop
  endfacet
  facet normal 0 0 -1
    outer loop
      vertex -79.3968 2.20677 0
      vertex -63.535 58.925 0
      vertex -79.1784 2.23917 0
    endloop
  endfacet
  facet normal 0 0 -1
    outer loop
      vertex -63.535 58.925 0
      vertex -79.3773 67.8492 0
      vertex -79.1686 67.8182 0
    endloop
  endfacet
  facet normal -0 0 -1
    outer loop
      vertex -63.535 58.925 0
      vertex -79.3968 2.20677 0
      vertex -79.3773 67.8492 0
    endloop
  endfacet
  facet normal 0 0 -1
    outer loop
      vertex -79.3968 2.20677 0
      vertex -79.582 67.9004 0
      vertex -79.3773 67.8492 0
    endloop
  endfacet
  facet normal 0 0 -1
    outer loop
      vertex -79.611 2.15312 0
      vertex -79.582 67.9004 0
      vertex -79.3968 2.20677 0
    endloop
  endfacet
  facet normal 0 0 -1
    outer loop
      vertex -79.611 2.15312 0
      vertex -79.7806 67.9715 0
      vertex -79.582 67.9004 0
    endloop
  endfacet
  facet normal 0 0 -1
    outer loop
      vertex -79.8189 2.07873 0
      vertex -79.7806 67.9715 0
      vertex -79.611 2.15312 0
    endloop
  endfacet
  facet normal 0 0 -1
    outer loop
      vertex -79.8189 2.07873 0
      vertex -79.9714 68.0617 0
      vertex -79.7806 67.9715 0
    endloop
  endfacet
  facet normal 0 0 -1
    outer loop
      vertex -80.0185 1.98432 0
      vertex -79.9714 68.0617 0
      vertex -79.8189 2.07873 0
    endloop
  endfacet
  facet normal 0 0 -1
    outer loop
      vertex -80.0185 1.98432 0
      vertex -80.1523 68.1702 0
      vertex -79.9714 68.0617 0
    endloop
  endfacet
  facet normal 0 0 -1
    outer loop
      vertex -80.2079 1.87081 0
      vertex -80.1523 68.1702 0
      vertex -80.0185 1.98432 0
    endloop
  endfacet
  facet normal 0 0 -1
    outer loop
      vertex -80.2079 1.87081 0
      vertex -80.3218 68.2959 0
      vertex -80.1523 68.1702 0
    endloop
  endfacet
  facet normal 0 0 -1
    outer loop
      vertex -80.3852 1.73927 0
      vertex -80.3218 68.2959 0
      vertex -80.2079 1.87081 0
    endloop
  endfacet
  facet normal 0 0 -1
    outer loop
      vertex -80.3852 1.73927 0
      vertex -80.4781 68.4376 0
      vertex -80.3218 68.2959 0
    endloop
  endfacet
  facet normal 0 0 -1
    outer loop
      vertex -80.5489 1.59099 0
      vertex -80.4781 68.4376 0
      vertex -80.3852 1.73927 0
    endloop
  endfacet
  facet normal 0 0 -1
    outer loop
      vertex -80.5489 1.59099 0
      vertex -80.6198 68.5939 0
      vertex -80.4781 68.4376 0
    endloop
  endfacet
  facet normal 0 0 -1
    outer loop
      vertex -80.6971 1.42738 0
      vertex -80.6198 68.5939 0
      vertex -80.5489 1.59099 0
    endloop
  endfacet
  facet normal 0 0 -1
    outer loop
      vertex -80.6971 1.42738 0
      vertex -80.7455 68.7634 0
      vertex -80.6198 68.5939 0
    endloop
  endfacet
  facet normal 0 0 -1
    outer loop
      vertex -80.8287 1.25003 0
      vertex -80.7455 68.7634 0
      vertex -80.6971 1.42738 0
    endloop
  endfacet
  facet normal 0 0 -1
    outer loop
      vertex -80.8287 1.25003 0
      vertex -80.854 68.9444 0
      vertex -80.7455 68.7634 0
    endloop
  endfacet
  facet normal 0 0 -1
    outer loop
      vertex -80.9422 1.06064 0
      vertex -80.854 68.9444 0
      vertex -80.8287 1.25003 0
    endloop
  endfacet
  facet normal 0 0 -1
    outer loop
      vertex -80.9422 1.06064 0
      vertex -80.9442 69.1351 0
      vertex -80.854 68.9444 0
    endloop
  endfacet
  facet normal 0 0 -1
    outer loop
      vertex -81.0366 0.861037 0
      vertex -80.9442 69.1351 0
      vertex -80.9422 1.06064 0
    endloop
  endfacet
  facet normal -0 0 -1
    outer loop
      vertex -80.9442 69.1351 0
      vertex -81.0366 0.861037 0
      vertex -81.0153 69.3337 0
    endloop
  endfacet
  facet normal 0 0 -1
    outer loop
      vertex -81.111 0.65314 0
      vertex -81.0153 69.3337 0
      vertex -81.0366 0.861037 0
    endloop
  endfacet
  facet normal -0 0 -1
    outer loop
      vertex -81.0153 69.3337 0
      vertex -81.111 0.65314 0
      vertex -81.0666 69.5384 0
    endloop
  endfacet
  facet normal 0 0 -1
    outer loop
      vertex -81.1646 0.438952 0
      vertex -81.0666 69.5384 0
      vertex -81.111 0.65314 0
    endloop
  endfacet
  facet normal -0 0 -1
    outer loop
      vertex -81.0666 69.5384 0
      vertex -81.1646 0.438952 0
      vertex -81.0975 69.7471 0
    endloop
  endfacet
  facet normal 0 -0 -1
    outer loop
      vertex -76.8182 -70.1686 0
      vertex -62.2805 -69.3059 0
      vertex -76.8492 -70.3773 0
    endloop
  endfacet
  facet normal 0 0 -1
    outer loop
      vertex -77.0617 -68.9444 0
      vertex -63.3348 -64.9059 0
      vertex -76.9715 -69.1351 0
    endloop
  endfacet
  facet normal -0 0 -1
    outer loop
      vertex -62.2805 -69.3059 0
      vertex -76.8182 -70.1686 0
      vertex -62.73 -68.0463 0
    endloop
  endfacet
  facet normal 0 0 -1
    outer loop
      vertex -63.535 -58.925 0
      vertex -76.7187 -0.220538 0
      vertex -76.7079 0 0
    endloop
  endfacet
  facet normal -0 0 -1
    outer loop
      vertex -62.73 -68.0463 0
      vertex -76.8182 -70.1686 0
      vertex -62.7331 -68.0376 0
    endloop
  endfacet
  facet normal -0 0 -1
    outer loop
      vertex -63.3348 -64.9059 0
      vertex -77.0617 -68.9444 0
      vertex -63.3358 -64.8916 0
    endloop
  endfacet
  facet normal 0 0 -1
    outer loop
      vertex -63.535 -58.925 0
      vertex -76.7511 -0.438952 0
      vertex -76.7187 -0.220538 0
    endloop
  endfacet
  facet normal -0 0 -1
    outer loop
      vertex -63.3331 -64.9174 0
      vertex -76.9715 -69.1351 0
      vertex -63.3348 -64.9059 0
    endloop
  endfacet
  facet normal 0 0 -1
    outer loop
      vertex -76.9715 -69.1351 0
      vertex -63.3331 -64.9174 0
      vertex -76.9004 -69.3337 0
    endloop
  endfacet
  facet normal -0 0 -1
    outer loop
      vertex -63.0819 -66.6021 0
      vertex -76.8492 -69.5384 0
      vertex -63.0843 -66.5922 0
    endloop
  endfacet
  facet normal -0 0 -1
    outer loop
      vertex -63.0843 -66.5922 0
      vertex -76.9004 -69.3337 0
      vertex -63.3331 -64.9174 0
    endloop
  endfacet
  facet normal 0 0 -1
    outer loop
      vertex -76.9004 -69.3337 0
      vertex -63.0843 -66.5922 0
      vertex -76.8492 -69.5384 0
    endloop
  endfacet
  facet normal 0 -0 -1
    outer loop
      vertex -76.8079 -69.9579 0
      vertex -62.7331 -68.0376 0
      vertex -76.8182 -70.1686 0
    endloop
  endfacet
  facet normal 0 0 -1
    outer loop
      vertex -76.8492 -69.5384 0
      vertex -63.0819 -66.6021 0
      vertex -76.8182 -69.7471 0
    endloop
  endfacet
  facet normal 0 0 -1
    outer loop
      vertex -76.8182 -69.7471 0
      vertex -62.7331 -68.0376 0
      vertex -76.8079 -69.9579 0
    endloop
  endfacet
  facet normal -0 0 -1
    outer loop
      vertex -62.7331 -68.0376 0
      vertex -76.8182 -69.7471 0
      vertex -63.0819 -66.6021 0
    endloop
  endfacet
  facet normal 0 0 -1
    outer loop
      vertex -77.2186 -89.5305 0
      vertex -77.1702 -71.1523 0
      vertex -77.0871 -89.7078 0
    endloop
  endfacet
  facet normal 0 0 -1
    outer loop
      vertex -77.2186 -89.5305 0
      vertex -77.2959 -71.3218 0
      vertex -77.1702 -71.1523 0
    endloop
  endfacet
  facet normal 0 0 -1
    outer loop
      vertex -77.3669 -89.3669 0
      vertex -77.2959 -71.3218 0
      vertex -77.2186 -89.5305 0
    endloop
  endfacet
  facet normal 0 0 -1
    outer loop
      vertex -77.3669 -89.3669 0
      vertex -77.4376 -71.4781 0
      vertex -77.2959 -71.3218 0
    endloop
  endfacet
  facet normal 0 0 -1
    outer loop
      vertex -77.5305 -89.2186 0
      vertex -77.4376 -71.4781 0
      vertex -77.3669 -89.3669 0
    endloop
  endfacet
  facet normal 0 0 -1
    outer loop
      vertex -77.5305 -89.2186 0
      vertex -77.5939 -71.6198 0
      vertex -77.4376 -71.4781 0
    endloop
  endfacet
  facet normal 0 0 -1
    outer loop
      vertex -77.7078 -89.0871 0
      vertex -77.5939 -71.6198 0
      vertex -77.5305 -89.2186 0
    endloop
  endfacet
  facet normal 0 0 -1
    outer loop
      vertex -77.7078 -89.0871 0
      vertex -77.7634 -71.7455 0
      vertex -77.5939 -71.6198 0
    endloop
  endfacet
  facet normal 0 0 -1
    outer loop
      vertex -77.8972 -88.9735 0
      vertex -77.7634 -71.7455 0
      vertex -77.7078 -89.0871 0
    endloop
  endfacet
  facet normal 0 0 -1
    outer loop
      vertex -77.8972 -88.9735 0
      vertex -77.9444 -71.854 0
      vertex -77.7634 -71.7455 0
    endloop
  endfacet
  facet normal 0 0 -1
    outer loop
      vertex -78.0968 -88.8791 0
      vertex -77.9444 -71.854 0
      vertex -77.8972 -88.9735 0
    endloop
  endfacet
  facet normal 0 0 -1
    outer loop
      vertex -78.0968 -88.8791 0
      vertex -78.1351 -71.9442 0
      vertex -77.9444 -71.854 0
    endloop
  endfacet
  facet normal 0 0 -1
    outer loop
      vertex -78.3047 -88.8047 0
      vertex -78.1351 -71.9442 0
      vertex -78.0968 -88.8791 0
    endloop
  endfacet
  facet normal 0 0 -1
    outer loop
      vertex -78.3047 -88.8047 0
      vertex -78.3337 -72.0153 0
      vertex -78.1351 -71.9442 0
    endloop
  endfacet
  facet normal 0 0 -1
    outer loop
      vertex -78.5189 -88.7511 0
      vertex -78.3337 -72.0153 0
      vertex -78.3047 -88.8047 0
    endloop
  endfacet
  facet normal 0 0 -1
    outer loop
      vertex -78.5189 -88.7511 0
      vertex -78.5384 -72.0666 0
      vertex -78.3337 -72.0153 0
    endloop
  endfacet
  facet normal 0 0 -1
    outer loop
      vertex -78.7373 -88.7187 0
      vertex -78.5384 -72.0666 0
      vertex -78.5189 -88.7511 0
    endloop
  endfacet
  facet normal 0 0 -1
    outer loop
      vertex -78.7373 -88.7187 0
      vertex -78.7471 -72.0975 0
      vertex -78.5384 -72.0666 0
    endloop
  endfacet
  facet normal 0 0 -1
    outer loop
      vertex -78.9579 -88.7079 0
      vertex -78.7471 -72.0975 0
      vertex -78.7373 -88.7187 0
    endloop
  endfacet
  facet normal 0 0 -1
    outer loop
      vertex -78.9579 -88.7079 0
      vertex -78.9579 -72.1079 0
      vertex -78.7471 -72.0975 0
    endloop
  endfacet
  facet normal 0 0 -1
    outer loop
      vertex -78.9579 -88.7079 0
      vertex -79.1686 -72.0975 0
      vertex -78.9579 -72.1079 0
    endloop
  endfacet
  facet normal 0 0 -1
    outer loop
      vertex -79.1784 -88.7187 0
      vertex -79.1686 -72.0975 0
      vertex -78.9579 -88.7079 0
    endloop
  endfacet
  facet normal 0 0 -1
    outer loop
      vertex -79.1784 -88.7187 0
      vertex -79.3773 -72.0666 0
      vertex -79.1686 -72.0975 0
    endloop
  endfacet
  facet normal 0 0 -1
    outer loop
      vertex -79.3968 -88.7511 0
      vertex -79.3773 -72.0666 0
      vertex -79.1784 -88.7187 0
    endloop
  endfacet
  facet normal 0 0 -1
    outer loop
      vertex -79.3968 -88.7511 0
      vertex -79.582 -72.0153 0
      vertex -79.3773 -72.0666 0
    endloop
  endfacet
  facet normal 0 0 -1
    outer loop
      vertex -79.611 -88.8047 0
      vertex -79.582 -72.0153 0
      vertex -79.3968 -88.7511 0
    endloop
  endfacet
  facet normal 0 0 -1
    outer loop
      vertex -79.611 -88.8047 0
      vertex -79.7806 -71.9442 0
      vertex -79.582 -72.0153 0
    endloop
  endfacet
  facet normal 0 0 -1
    outer loop
      vertex -79.8189 -88.8791 0
      vertex -79.7806 -71.9442 0
      vertex -79.611 -88.8047 0
    endloop
  endfacet
  facet normal 0 0 -1
    outer loop
      vertex -79.8189 -88.8791 0
      vertex -79.9714 -71.854 0
      vertex -79.7806 -71.9442 0
    endloop
  endfacet
  facet normal 0 0 -1
    outer loop
      vertex -80.0185 -88.9735 0
      vertex -79.9714 -71.854 0
      vertex -79.8189 -88.8791 0
    endloop
  endfacet
  facet normal 0 0 -1
    outer loop
      vertex -80.0185 -88.9735 0
      vertex -80.1523 -71.7455 0
      vertex -79.9714 -71.854 0
    endloop
  endfacet
  facet normal 0 0 -1
    outer loop
      vertex -80.2079 -89.0871 0
      vertex -80.1523 -71.7455 0
      vertex -80.0185 -88.9735 0
    endloop
  endfacet
  facet normal 0 0 -1
    outer loop
      vertex -80.2079 -89.0871 0
      vertex -80.3218 -71.6198 0
      vertex -80.1523 -71.7455 0
    endloop
  endfacet
  facet normal 0 0 -1
    outer loop
      vertex -80.3852 -89.2186 0
      vertex -80.3218 -71.6198 0
      vertex -80.2079 -89.0871 0
    endloop
  endfacet
  facet normal 0 0 -1
    outer loop
      vertex -80.3852 -89.2186 0
      vertex -80.4781 -71.4781 0
      vertex -80.3218 -71.6198 0
    endloop
  endfacet
  facet normal 0 0 -1
    outer loop
      vertex -80.5489 -89.3669 0
      vertex -80.4781 -71.4781 0
      vertex -80.3852 -89.2186 0
    endloop
  endfacet
  facet normal 0 0 -1
    outer loop
      vertex -80.5489 -89.3669 0
      vertex -80.6198 -71.3218 0
      vertex -80.4781 -71.4781 0
    endloop
  endfacet
  facet normal 0 0 -1
    outer loop
      vertex -80.6971 -89.5305 0
      vertex -80.6198 -71.3218 0
      vertex -80.5489 -89.3669 0
    endloop
  endfacet
  facet normal 0 0 -1
    outer loop
      vertex -80.6971 -89.5305 0
      vertex -80.7455 -71.1523 0
      vertex -80.6198 -71.3218 0
    endloop
  endfacet
  facet normal 0 0 -1
    outer loop
      vertex -80.8287 -89.7078 0
      vertex -80.7455 -71.1523 0
      vertex -80.6971 -89.5305 0
    endloop
  endfacet
  facet normal 0 0 -1
    outer loop
      vertex -80.8287 -89.7078 0
      vertex -80.854 -70.9714 0
      vertex -80.7455 -71.1523 0
    endloop
  endfacet
  facet normal 0 0 -1
    outer loop
      vertex -80.9422 -89.8972 0
      vertex -80.854 -70.9714 0
      vertex -80.8287 -89.7078 0
    endloop
  endfacet
  facet normal 0 0 -1
    outer loop
      vertex -80.9422 -89.8972 0
      vertex -80.9442 -70.7806 0
      vertex -80.854 -70.9714 0
    endloop
  endfacet
  facet normal 0 0 -1
    outer loop
      vertex -81.0366 -90.0968 0
      vertex -80.9442 -70.7806 0
      vertex -80.9422 -89.8972 0
    endloop
  endfacet
  facet normal 0 0 -1
    outer loop
      vertex -85.9579 -97.9579 0
      vertex -80.9442 -70.7806 0
      vertex -81.0366 -90.0968 0
    endloop
  endfacet
  facet normal -0 0 -1
    outer loop
      vertex -80.9442 -70.7806 0
      vertex -85.9579 -97.9579 0
      vertex -81.0153 -70.582 0
    endloop
  endfacet
  facet normal -0 0 -1
    outer loop
      vertex -81.0153 -70.582 0
      vertex -85.9579 -97.9579 0
      vertex -81.0666 -70.3773 0
    endloop
  endfacet
  facet normal -0 0 -1
    outer loop
      vertex -81.0666 -70.3773 0
      vertex -85.9579 -97.9579 0
      vertex -81.0975 -70.1686 0
    endloop
  endfacet
  facet normal 0 0 -1
    outer loop
      vertex -85.9579 -97.9579 0
      vertex -81.0366 -90.0968 0
      vertex -81.111 -90.3047 0
    endloop
  endfacet
  facet normal 0 0 -1
    outer loop
      vertex -77.1702 -68.7634 0
      vertex -63.3358 -64.8916 0
      vertex -77.0617 -68.9444 0
    endloop
  endfacet
  facet normal 0 0 -1
    outer loop
      vertex -63.535 -58.925 0
      vertex -76.8047 -0.65314 0
      vertex -76.7511 -0.438952 0
    endloop
  endfacet
  facet normal -0 0 -1
    outer loop
      vertex -63.3358 -64.8916 0
      vertex -77.1702 -68.7634 0
      vertex -63.485 -62.8148 0
    endloop
  endfacet
  facet normal 0 0 -1
    outer loop
      vertex -63.535 -58.925 0
      vertex -76.8791 -0.861037 0
      vertex -76.8047 -0.65314 0
    endloop
  endfacet
  facet normal 0 0 -1
    outer loop
      vertex -77.2959 -68.5939 0
      vertex -63.485 -62.8148 0
      vertex -77.1702 -68.7634 0
    endloop
  endfacet
  facet normal 0 0 -1
    outer loop
      vertex -63.535 -58.925 0
      vertex -76.9735 -1.06064 0
      vertex -76.8791 -0.861037 0
    endloop
  endfacet
  facet normal 0 0 -1
    outer loop
      vertex -77.4376 -68.4376 0
      vertex -63.485 -62.8148 0
      vertex -77.2959 -68.5939 0
    endloop
  endfacet
  facet normal 0 0 -1
    outer loop
      vertex -63.535 -58.925 0
      vertex -77.0871 -1.25003 0
      vertex -76.9735 -1.06064 0
    endloop
  endfacet
  facet normal -0 0 -1
    outer loop
      vertex -63.485 -62.8148 0
      vertex -77.4376 -68.4376 0
      vertex -63.4853 -62.7882 0
    endloop
  endfacet
  facet normal 0 0 -1
    outer loop
      vertex -63.535 -58.925 0
      vertex -77.2186 -1.42738 0
      vertex -77.0871 -1.25003 0
    endloop
  endfacet
  facet normal 0 0 -1
    outer loop
      vertex -77.5939 -68.2959 0
      vertex -63.4853 -62.7882 0
      vertex -77.4376 -68.4376 0
    endloop
  endfacet
  facet normal 0 0 -1
    outer loop
      vertex -63.535 -58.925 0
      vertex -77.3669 -1.59099 0
      vertex -77.2186 -1.42738 0
    endloop
  endfacet
  facet normal -0 0 -1
    outer loop
      vertex -63.4853 -62.7882 0
      vertex -77.5939 -68.2959 0
      vertex -63.535 -58.925 0
    endloop
  endfacet
  facet normal 0 0 -1
    outer loop
      vertex -63.535 -58.925 0
      vertex -77.5305 -1.73927 0
      vertex -77.3669 -1.59099 0
    endloop
  endfacet
  facet normal 0 0 -1
    outer loop
      vertex -77.7634 -68.1702 0
      vertex -63.535 -58.925 0
      vertex -77.5939 -68.2959 0
    endloop
  endfacet
  facet normal 0 0 -1
    outer loop
      vertex -63.535 -58.925 0
      vertex -77.7078 -1.87081 0
      vertex -77.5305 -1.73927 0
    endloop
  endfacet
  facet normal 0 0 -1
    outer loop
      vertex -77.9444 -68.0617 0
      vertex -63.535 -58.925 0
      vertex -77.7634 -68.1702 0
    endloop
  endfacet
  facet normal 0 0 -1
    outer loop
      vertex -63.535 -58.925 0
      vertex -77.8972 -1.98432 0
      vertex -77.7078 -1.87081 0
    endloop
  endfacet
  facet normal 0 0 -1
    outer loop
      vertex -78.1351 -67.9715 0
      vertex -63.535 -58.925 0
      vertex -77.9444 -68.0617 0
    endloop
  endfacet
  facet normal 0 0 -1
    outer loop
      vertex -63.535 -58.925 0
      vertex -78.0968 -2.07873 0
      vertex -77.8972 -1.98432 0
    endloop
  endfacet
  facet normal 0 0 -1
    outer loop
      vertex -78.3337 -67.9004 0
      vertex -63.535 -58.925 0
      vertex -78.1351 -67.9715 0
    endloop
  endfacet
  facet normal 0 0 -1
    outer loop
      vertex -63.535 -58.925 0
      vertex -78.3047 -2.15312 0
      vertex -78.0968 -2.07873 0
    endloop
  endfacet
  facet normal 0 0 -1
    outer loop
      vertex -78.5384 -67.8492 0
      vertex -63.535 -58.925 0
      vertex -78.3337 -67.9004 0
    endloop
  endfacet
  facet normal 0 0 -1
    outer loop
      vertex -63.535 -58.925 0
      vertex -78.5189 -2.20677 0
      vertex -78.3047 -2.15312 0
    endloop
  endfacet
  facet normal 0 0 -1
    outer loop
      vertex -78.7471 -67.8182 0
      vertex -63.535 -58.925 0
      vertex -78.5384 -67.8492 0
    endloop
  endfacet
  facet normal 0 0 -1
    outer loop
      vertex -63.535 -58.925 0
      vertex -78.7373 -2.23917 0
      vertex -78.5189 -2.20677 0
    endloop
  endfacet
  facet normal 0 0 -1
    outer loop
      vertex -78.9579 -67.8079 0
      vertex -63.535 -58.925 0
      vertex -78.7471 -67.8182 0
    endloop
  endfacet
  facet normal 0 0 -1
    outer loop
      vertex -79.1686 -67.8182 0
      vertex -63.535 -58.925 0
      vertex -78.9579 -67.8079 0
    endloop
  endfacet
  facet normal 0 0 -1
    outer loop
      vertex -63.535 -58.925 0
      vertex -78.9579 -2.25 0
      vertex -78.7373 -2.23917 0
    endloop
  endfacet
  facet normal 0 0 -1
    outer loop
      vertex -79.3773 -67.8492 0
      vertex -63.535 -58.925 0
      vertex -79.1686 -67.8182 0
    endloop
  endfacet
  facet normal 0 0 -1
    outer loop
      vertex -63.535 -58.925 0
      vertex -79.1784 -2.23917 0
      vertex -78.9579 -2.25 0
    endloop
  endfacet
  facet normal 0 0 -1
    outer loop
      vertex -79.3968 -2.20677 0
      vertex -63.535 -58.925 0
      vertex -79.3773 -67.8492 0
    endloop
  endfacet
  facet normal 0 0 -1
    outer loop
      vertex -63.535 -58.925 0
      vertex -79.3968 -2.20677 0
      vertex -79.1784 -2.23917 0
    endloop
  endfacet
  facet normal 0 0 -1
    outer loop
      vertex -79.582 -67.9004 0
      vertex -79.3968 -2.20677 0
      vertex -79.3773 -67.8492 0
    endloop
  endfacet
  facet normal 0 0 -1
    outer loop
      vertex -79.582 -67.9004 0
      vertex -79.611 -2.15312 0
      vertex -79.3968 -2.20677 0
    endloop
  endfacet
  facet normal 0 0 -1
    outer loop
      vertex -79.7806 -67.9715 0
      vertex -79.611 -2.15312 0
      vertex -79.582 -67.9004 0
    endloop
  endfacet
  facet normal 0 0 -1
    outer loop
      vertex -79.7806 -67.9715 0
      vertex -79.8189 -2.07873 0
      vertex -79.611 -2.15312 0
    endloop
  endfacet
  facet normal 0 0 -1
    outer loop
      vertex -79.9714 -68.0617 0
      vertex -79.8189 -2.07873 0
      vertex -79.7806 -67.9715 0
    endloop
  endfacet
  facet normal 0 0 -1
    outer loop
      vertex -79.9714 -68.0617 0
      vertex -80.0185 -1.98432 0
      vertex -79.8189 -2.07873 0
    endloop
  endfacet
  facet normal 0 0 -1
    outer loop
      vertex -80.1523 -68.1702 0
      vertex -80.0185 -1.98432 0
      vertex -79.9714 -68.0617 0
    endloop
  endfacet
  facet normal 0 0 -1
    outer loop
      vertex -80.1523 -68.1702 0
      vertex -80.2079 -1.87081 0
      vertex -80.0185 -1.98432 0
    endloop
  endfacet
  facet normal 0 0 -1
    outer loop
      vertex -80.3218 -68.2959 0
      vertex -80.2079 -1.87081 0
      vertex -80.1523 -68.1702 0
    endloop
  endfacet
  facet normal 0 0 -1
    outer loop
      vertex -80.3218 -68.2959 0
      vertex -80.3852 -1.73927 0
      vertex -80.2079 -1.87081 0
    endloop
  endfacet
  facet normal 0 0 -1
    outer loop
      vertex -80.4781 -68.4376 0
      vertex -80.3852 -1.73927 0
      vertex -80.3218 -68.2959 0
    endloop
  endfacet
  facet normal 0 0 -1
    outer loop
      vertex -80.4781 -68.4376 0
      vertex -80.5489 -1.59099 0
      vertex -80.3852 -1.73927 0
    endloop
  endfacet
  facet normal 0 0 -1
    outer loop
      vertex -80.6198 -68.5939 0
      vertex -80.5489 -1.59099 0
      vertex -80.4781 -68.4376 0
    endloop
  endfacet
  facet normal 0 0 -1
    outer loop
      vertex -80.6198 -68.5939 0
      vertex -80.6971 -1.42738 0
      vertex -80.5489 -1.59099 0
    endloop
  endfacet
  facet normal 0 0 -1
    outer loop
      vertex -80.7455 -68.7634 0
      vertex -80.6971 -1.42738 0
      vertex -80.6198 -68.5939 0
    endloop
  endfacet
  facet normal 0 0 -1
    outer loop
      vertex -80.7455 -68.7634 0
      vertex -80.8287 -1.25003 0
      vertex -80.6971 -1.42738 0
    endloop
  endfacet
  facet normal 0 0 -1
    outer loop
      vertex -80.854 -68.9444 0
      vertex -80.8287 -1.25003 0
      vertex -80.7455 -68.7634 0
    endloop
  endfacet
  facet normal 0 0 -1
    outer loop
      vertex -80.854 -68.9444 0
      vertex -80.9422 -1.06064 0
      vertex -80.8287 -1.25003 0
    endloop
  endfacet
  facet normal 0 0 -1
    outer loop
      vertex -80.9442 -69.1351 0
      vertex -80.9422 -1.06064 0
      vertex -80.854 -68.9444 0
    endloop
  endfacet
  facet normal 0 0 -1
    outer loop
      vertex -81.0366 -0.861037 0
      vertex -80.9442 -69.1351 0
      vertex -81.0153 -69.3337 0
    endloop
  endfacet
  facet normal 0 0 -1
    outer loop
      vertex -80.9442 -69.1351 0
      vertex -81.0366 -0.861037 0
      vertex -80.9422 -1.06064 0
    endloop
  endfacet
  facet normal 0 0 -1
    outer loop
      vertex -81.111 -0.65314 0
      vertex -81.0153 -69.3337 0
      vertex -81.0666 -69.5384 0
    endloop
  endfacet
  facet normal 0 0 -1
    outer loop
      vertex -81.1646 -0.438952 0
      vertex -81.0666 -69.5384 0
      vertex -81.0975 -69.7471 0
    endloop
  endfacet
  facet normal 0 0 -1
    outer loop
      vertex -85.9579 -97.9579 0
      vertex -81.0975 -69.7471 0
      vertex -81.1079 -69.9579 0
    endloop
  endfacet
  facet normal 0 0 -1
    outer loop
      vertex -81.0153 -69.3337 0
      vertex -81.111 -0.65314 0
      vertex -81.0366 -0.861037 0
    endloop
  endfacet
  facet normal -0 0 -1
    outer loop
      vertex -81.0975 -70.1686 0
      vertex -85.9579 -97.9579 0
      vertex -81.1079 -69.9579 0
    endloop
  endfacet
  facet normal 0 0 -1
    outer loop
      vertex -85.9579 -97.9579 0
      vertex -81.111 -90.3047 0
      vertex -81.1646 -90.5189 0
    endloop
  endfacet
  facet normal -0 0 -1
    outer loop
      vertex -81.0975 -69.7471 0
      vertex -85.9579 -97.9579 0
      vertex -81.197 -0.220538 0
    endloop
  endfacet
  facet normal 0 0 -1
    outer loop
      vertex -85.9579 -97.9579 0
      vertex -81.1646 -90.5189 0
      vertex -81.197 -90.7373 0
    endloop
  endfacet
  facet normal 0 0 -1
    outer loop
      vertex -81.0666 -69.5384 0
      vertex -81.1646 -0.438952 0
      vertex -81.111 -0.65314 0
    endloop
  endfacet
  facet normal 0 0 -1
    outer loop
      vertex -85.9579 -97.9579 0
      vertex -81.197 -90.7373 0
      vertex -81.2079 -90.9579 0
    endloop
  endfacet
  facet normal 0 0 -1
    outer loop
      vertex -81.0975 -69.7471 0
      vertex -81.197 -0.220538 0
      vertex -81.1646 -0.438952 0
    endloop
  endfacet
  facet normal 0 0 -1
    outer loop
      vertex -76.9004 70.582 0
      vertex -63.535 58.925 0
      vertex -76.8492 70.3773 0
    endloop
  endfacet
  facet normal 0 0 -1
    outer loop
      vertex -63.535 58.925 0
      vertex -76.8047 90.3047 0
      vertex -76.7511 90.5189 0
    endloop
  endfacet
  facet normal 0 0 -1
    outer loop
      vertex -76.9715 70.7806 0
      vertex -63.535 58.925 0
      vertex -76.9004 70.582 0
    endloop
  endfacet
  facet normal 0 0 -1
    outer loop
      vertex -63.535 58.925 0
      vertex -76.8791 90.0968 0
      vertex -76.8047 90.3047 0
    endloop
  endfacet
  facet normal 0 0 -1
    outer loop
      vertex -63.535 58.925 0
      vertex -76.9715 70.7806 0
      vertex -76.8791 90.0968 0
    endloop
  endfacet
  facet normal 0 0 -1
    outer loop
      vertex -76.9715 70.7806 0
      vertex -76.9735 89.8972 0
      vertex -76.8791 90.0968 0
    endloop
  endfacet
  facet normal 0 0 -1
    outer loop
      vertex -77.0617 70.9714 0
      vertex -76.9735 89.8972 0
      vertex -76.9715 70.7806 0
    endloop
  endfacet
  facet normal 0 0 -1
    outer loop
      vertex -77.0617 70.9714 0
      vertex -77.0871 89.7078 0
      vertex -76.9735 89.8972 0
    endloop
  endfacet
  facet normal 0 0 -1
    outer loop
      vertex -77.1702 71.1523 0
      vertex -77.0871 89.7078 0
      vertex -77.0617 70.9714 0
    endloop
  endfacet
  facet normal 0 0 -1
    outer loop
      vertex -77.1702 71.1523 0
      vertex -77.2186 89.5305 0
      vertex -77.0871 89.7078 0
    endloop
  endfacet
  facet normal 0 0 -1
    outer loop
      vertex -77.2959 71.3218 0
      vertex -77.2186 89.5305 0
      vertex -77.1702 71.1523 0
    endloop
  endfacet
  facet normal 0 0 -1
    outer loop
      vertex -77.2959 71.3218 0
      vertex -77.3669 89.3669 0
      vertex -77.2186 89.5305 0
    endloop
  endfacet
  facet normal 0 0 -1
    outer loop
      vertex -77.4376 71.4781 0
      vertex -77.3669 89.3669 0
      vertex -77.2959 71.3218 0
    endloop
  endfacet
  facet normal 0 0 -1
    outer loop
      vertex -77.4376 71.4781 0
      vertex -77.5305 89.2186 0
      vertex -77.3669 89.3669 0
    endloop
  endfacet
  facet normal 0 0 -1
    outer loop
      vertex -77.5939 71.6198 0
      vertex -77.5305 89.2186 0
      vertex -77.4376 71.4781 0
    endloop
  endfacet
  facet normal 0 0 -1
    outer loop
      vertex -77.5939 71.6198 0
      vertex -77.7078 89.0871 0
      vertex -77.5305 89.2186 0
    endloop
  endfacet
  facet normal 0 0 -1
    outer loop
      vertex -77.7634 71.7455 0
      vertex -77.7078 89.0871 0
      vertex -77.5939 71.6198 0
    endloop
  endfacet
  facet normal 0 0 -1
    outer loop
      vertex -77.7634 71.7455 0
      vertex -77.8972 88.9735 0
      vertex -77.7078 89.0871 0
    endloop
  endfacet
  facet normal 0 0 -1
    outer loop
      vertex -77.9444 71.854 0
      vertex -77.8972 88.9735 0
      vertex -77.7634 71.7455 0
    endloop
  endfacet
  facet normal 0 0 -1
    outer loop
      vertex -77.9444 71.854 0
      vertex -78.0968 88.8791 0
      vertex -77.8972 88.9735 0
    endloop
  endfacet
  facet normal 0 0 -1
    outer loop
      vertex -78.1351 71.9442 0
      vertex -78.0968 88.8791 0
      vertex -77.9444 71.854 0
    endloop
  endfacet
  facet normal 0 0 -1
    outer loop
      vertex -78.1351 71.9442 0
      vertex -78.3047 88.8047 0
      vertex -78.0968 88.8791 0
    endloop
  endfacet
  facet normal 0 0 -1
    outer loop
      vertex -78.3337 72.0153 0
      vertex -78.3047 88.8047 0
      vertex -78.1351 71.9442 0
    endloop
  endfacet
  facet normal 0 0 -1
    outer loop
      vertex -78.3337 72.0153 0
      vertex -78.5189 88.7511 0
      vertex -78.3047 88.8047 0
    endloop
  endfacet
  facet normal 0 0 -1
    outer loop
      vertex -78.5384 72.0666 0
      vertex -78.5189 88.7511 0
      vertex -78.3337 72.0153 0
    endloop
  endfacet
  facet normal 0 0 -1
    outer loop
      vertex -78.5384 72.0666 0
      vertex -78.7373 88.7187 0
      vertex -78.5189 88.7511 0
    endloop
  endfacet
  facet normal 0 0 -1
    outer loop
      vertex -78.7471 72.0975 0
      vertex -78.7373 88.7187 0
      vertex -78.5384 72.0666 0
    endloop
  endfacet
  facet normal 0 0 -1
    outer loop
      vertex -78.9579 72.1079 0
      vertex -78.7373 88.7187 0
      vertex -78.7471 72.0975 0
    endloop
  endfacet
  facet normal 0 0 -1
    outer loop
      vertex -78.9579 72.1079 0
      vertex -78.9579 88.7079 0
      vertex -78.7373 88.7187 0
    endloop
  endfacet
  facet normal 0 0 -1
    outer loop
      vertex -79.1686 72.0975 0
      vertex -78.9579 88.7079 0
      vertex -78.9579 72.1079 0
    endloop
  endfacet
  facet normal 0 0 -1
    outer loop
      vertex -79.1686 72.0975 0
      vertex -79.1784 88.7187 0
      vertex -78.9579 88.7079 0
    endloop
  endfacet
  facet normal 0 0 -1
    outer loop
      vertex -79.3773 72.0666 0
      vertex -79.1784 88.7187 0
      vertex -79.1686 72.0975 0
    endloop
  endfacet
  facet normal 0 0 -1
    outer loop
      vertex -79.3773 72.0666 0
      vertex -79.3968 88.7511 0
      vertex -79.1784 88.7187 0
    endloop
  endfacet
  facet normal 0 0 -1
    outer loop
      vertex -79.582 72.0153 0
      vertex -79.3968 88.7511 0
      vertex -79.3773 72.0666 0
    endloop
  endfacet
  facet normal 0 0 -1
    outer loop
      vertex -79.582 72.0153 0
      vertex -79.611 88.8047 0
      vertex -79.3968 88.7511 0
    endloop
  endfacet
  facet normal 0 0 -1
    outer loop
      vertex -79.7806 71.9442 0
      vertex -79.611 88.8047 0
      vertex -79.582 72.0153 0
    endloop
  endfacet
  facet normal 0 0 -1
    outer loop
      vertex -79.7806 71.9442 0
      vertex -79.8189 88.8791 0
      vertex -79.611 88.8047 0
    endloop
  endfacet
  facet normal 0 0 -1
    outer loop
      vertex -79.9714 71.854 0
      vertex -79.8189 88.8791 0
      vertex -79.7806 71.9442 0
    endloop
  endfacet
  facet normal 0 0 -1
    outer loop
      vertex -79.9714 71.854 0
      vertex -80.0185 88.9735 0
      vertex -79.8189 88.8791 0
    endloop
  endfacet
  facet normal 0 0 -1
    outer loop
      vertex -80.1523 71.7455 0
      vertex -80.0185 88.9735 0
      vertex -79.9714 71.854 0
    endloop
  endfacet
  facet normal 0 0 -1
    outer loop
      vertex -80.1523 71.7455 0
      vertex -80.2079 89.0871 0
      vertex -80.0185 88.9735 0
    endloop
  endfacet
  facet normal 0 0 -1
    outer loop
      vertex -80.3218 71.6198 0
      vertex -80.2079 89.0871 0
      vertex -80.1523 71.7455 0
    endloop
  endfacet
  facet normal 0 0 -1
    outer loop
      vertex -80.3218 71.6198 0
      vertex -80.3852 89.2186 0
      vertex -80.2079 89.0871 0
    endloop
  endfacet
  facet normal 0 0 -1
    outer loop
      vertex -80.4781 71.4781 0
      vertex -80.3852 89.2186 0
      vertex -80.3218 71.6198 0
    endloop
  endfacet
  facet normal 0 0 -1
    outer loop
      vertex -80.4781 71.4781 0
      vertex -80.5489 89.3669 0
      vertex -80.3852 89.2186 0
    endloop
  endfacet
  facet normal 0 0 -1
    outer loop
      vertex -80.6198 71.3218 0
      vertex -80.5489 89.3669 0
      vertex -80.4781 71.4781 0
    endloop
  endfacet
  facet normal 0 0 -1
    outer loop
      vertex -80.6198 71.3218 0
      vertex -80.6971 89.5305 0
      vertex -80.5489 89.3669 0
    endloop
  endfacet
  facet normal 0 0 -1
    outer loop
      vertex -80.7455 71.1523 0
      vertex -80.6971 89.5305 0
      vertex -80.6198 71.3218 0
    endloop
  endfacet
  facet normal 0 0 -1
    outer loop
      vertex -80.7455 71.1523 0
      vertex -80.8287 89.7078 0
      vertex -80.6971 89.5305 0
    endloop
  endfacet
  facet normal 0 0 -1
    outer loop
      vertex -80.854 70.9714 0
      vertex -80.8287 89.7078 0
      vertex -80.7455 71.1523 0
    endloop
  endfacet
  facet normal 0 0 -1
    outer loop
      vertex -80.854 70.9714 0
      vertex -80.9422 89.8972 0
      vertex -80.8287 89.7078 0
    endloop
  endfacet
  facet normal 0 0 -1
    outer loop
      vertex -80.9442 70.7806 0
      vertex -80.9422 89.8972 0
      vertex -80.854 70.9714 0
    endloop
  endfacet
  facet normal 0 0 -1
    outer loop
      vertex -85.9579 97.9579 0
      vertex -80.9442 70.7806 0
      vertex -81.0153 70.582 0
    endloop
  endfacet
  facet normal 0 0 -1
    outer loop
      vertex -80.9442 70.7806 0
      vertex -81.0366 90.0968 0
      vertex -80.9422 89.8972 0
    endloop
  endfacet
  facet normal 0 0 -1
    outer loop
      vertex -85.9579 97.9579 0
      vertex -81.0153 70.582 0
      vertex -81.0666 70.3773 0
    endloop
  endfacet
  facet normal 0 0 -1
    outer loop
      vertex -85.9579 97.9579 0
      vertex -81.0666 70.3773 0
      vertex -81.0975 70.1686 0
    endloop
  endfacet
  facet normal 0 0 -1
    outer loop
      vertex -85.9579 97.9579 0
      vertex -81.0975 70.1686 0
      vertex -81.1079 69.9579 0
    endloop
  endfacet
  facet normal 0 0 -1
    outer loop
      vertex -80.9442 70.7806 0
      vertex -85.9579 97.9579 0
      vertex -81.0366 90.0968 0
    endloop
  endfacet
  facet normal 0 0 -1
    outer loop
      vertex -81.197 0.220538 0
      vertex -81.0975 69.7471 0
      vertex -81.1646 0.438952 0
    endloop
  endfacet
  facet normal 0 0 -1
    outer loop
      vertex -85.9579 97.9579 0
      vertex -81.0975 69.7471 0
      vertex -81.197 0.220538 0
    endloop
  endfacet
  facet normal 0 0 -1
    outer loop
      vertex -81.0366 90.0968 0
      vertex -85.9579 97.9579 0
      vertex -81.111 90.3047 0
    endloop
  endfacet
  facet normal 0 0 -1
    outer loop
      vertex -81.0975 69.7471 0
      vertex -85.9579 97.9579 0
      vertex -81.1079 69.9579 0
    endloop
  endfacet
  facet normal 0 0 -1
    outer loop
      vertex -81.111 90.3047 0
      vertex -85.9579 97.9579 0
      vertex -81.1646 90.5189 0
    endloop
  endfacet
  facet normal 0 0 -1
    outer loop
      vertex -85.9579 97.9579 0
      vertex -81.197 0.220538 0
      vertex -81.2079 0 0
    endloop
  endfacet
  facet normal 0 0 -1
    outer loop
      vertex -81.1646 90.5189 0
      vertex -85.9579 97.9579 0
      vertex -81.197 90.7373 0
    endloop
  endfacet
  facet normal 0 0 -1
    outer loop
      vertex 46.925 75.535 0
      vertex 2.23917 90.7373 0
      vertex 2.25 90.9579 0
    endloop
  endfacet
  facet normal 0 0 -1
    outer loop
      vertex 46.925 75.535 0
      vertex 2.20677 90.5189 0
      vertex 2.23917 90.7373 0
    endloop
  endfacet
  facet normal 0 0 -1
    outer loop
      vertex 46.925 75.535 0
      vertex 2.15312 90.3047 0
      vertex 2.20677 90.5189 0
    endloop
  endfacet
  facet normal 0 0 -1
    outer loop
      vertex 46.925 75.535 0
      vertex 2.07873 90.0968 0
      vertex 2.15312 90.3047 0
    endloop
  endfacet
  facet normal 0 0 -1
    outer loop
      vertex 46.925 75.535 0
      vertex 1.98432 89.8972 0
      vertex 2.07873 90.0968 0
    endloop
  endfacet
  facet normal 0 0 -1
    outer loop
      vertex 46.925 75.535 0
      vertex 1.87081 89.7078 0
      vertex 1.98432 89.8972 0
    endloop
  endfacet
  facet normal 0 0 -1
    outer loop
      vertex 46.925 75.535 0
      vertex 1.73927 89.5305 0
      vertex 1.87081 89.7078 0
    endloop
  endfacet
  facet normal 0 0 -1
    outer loop
      vertex 46.925 75.535 0
      vertex 1.59099 89.3669 0
      vertex 1.73927 89.5305 0
    endloop
  endfacet
  facet normal 0 0 -1
    outer loop
      vertex 46.925 75.535 0
      vertex 1.42738 89.2186 0
      vertex 1.59099 89.3669 0
    endloop
  endfacet
  facet normal 0 0 -1
    outer loop
      vertex 46.925 75.535 0
      vertex 1.25003 89.0871 0
      vertex 1.42738 89.2186 0
    endloop
  endfacet
  facet normal 0 0 -1
    outer loop
      vertex 46.925 75.535 0
      vertex 1.06064 88.9735 0
      vertex 1.25003 89.0871 0
    endloop
  endfacet
  facet normal 0 0 -1
    outer loop
      vertex 46.925 75.535 0
      vertex 0.861037 88.8791 0
      vertex 1.06064 88.9735 0
    endloop
  endfacet
  facet normal 0 0 -1
    outer loop
      vertex 46.925 75.535 0
      vertex 0.65314 88.8047 0
      vertex 0.861037 88.8791 0
    endloop
  endfacet
  facet normal 0 0 -1
    outer loop
      vertex 46.925 75.535 0
      vertex 0.438952 88.7511 0
      vertex 0.65314 88.8047 0
    endloop
  endfacet
  facet normal 0 0 -1
    outer loop
      vertex 46.925 75.535 0
      vertex 0.220538 88.7187 0
      vertex 0.438952 88.7511 0
    endloop
  endfacet
  facet normal 0 0 -1
    outer loop
      vertex 46.925 75.535 0
      vertex 0 88.7079 0
      vertex 0.220538 88.7187 0
    endloop
  endfacet
  facet normal 0 0 -1
    outer loop
      vertex -46.925 75.535 0
      vertex 0 88.7079 0
      vertex 46.925 75.535 0
    endloop
  endfacet
  facet normal -0 0 -1
    outer loop
      vertex 0 88.7079 0
      vertex -46.925 75.535 0
      vertex -0.220538 88.7187 0
    endloop
  endfacet
  facet normal -0 0 -1
    outer loop
      vertex -0.220538 88.7187 0
      vertex -46.925 75.535 0
      vertex -0.438952 88.7511 0
    endloop
  endfacet
  facet normal -0 0 -1
    outer loop
      vertex -2.23917 90.7373 0
      vertex -46.925 75.535 0
      vertex -2.25 90.9579 0
    endloop
  endfacet
  facet normal -0 0 -1
    outer loop
      vertex -2.20677 90.5189 0
      vertex -46.925 75.535 0
      vertex -2.23917 90.7373 0
    endloop
  endfacet
  facet normal -0 0 -1
    outer loop
      vertex -2.15312 90.3047 0
      vertex -46.925 75.535 0
      vertex -2.20677 90.5189 0
    endloop
  endfacet
  facet normal -0 0 -1
    outer loop
      vertex -2.07873 90.0968 0
      vertex -46.925 75.535 0
      vertex -2.15312 90.3047 0
    endloop
  endfacet
  facet normal -0 0 -1
    outer loop
      vertex -1.98432 89.8972 0
      vertex -46.925 75.535 0
      vertex -2.07873 90.0968 0
    endloop
  endfacet
  facet normal -0 0 -1
    outer loop
      vertex -1.87081 89.7078 0
      vertex -46.925 75.535 0
      vertex -1.98432 89.8972 0
    endloop
  endfacet
  facet normal -0 0 -1
    outer loop
      vertex -1.73927 89.5305 0
      vertex -46.925 75.535 0
      vertex -1.87081 89.7078 0
    endloop
  endfacet
  facet normal -0 0 -1
    outer loop
      vertex -1.59099 89.3669 0
      vertex -46.925 75.535 0
      vertex -1.73927 89.5305 0
    endloop
  endfacet
  facet normal -0 0 -1
    outer loop
      vertex -1.42738 89.2186 0
      vertex -46.925 75.535 0
      vertex -1.59099 89.3669 0
    endloop
  endfacet
  facet normal -0 0 -1
    outer loop
      vertex -1.25003 89.0871 0
      vertex -46.925 75.535 0
      vertex -1.42738 89.2186 0
    endloop
  endfacet
  facet normal -0 0 -1
    outer loop
      vertex -1.06064 88.9735 0
      vertex -46.925 75.535 0
      vertex -1.25003 89.0871 0
    endloop
  endfacet
  facet normal -0 0 -1
    outer loop
      vertex -0.861037 88.8791 0
      vertex -46.925 75.535 0
      vertex -1.06064 88.9735 0
    endloop
  endfacet
  facet normal -0 0 -1
    outer loop
      vertex -0.65314 88.8047 0
      vertex -46.925 75.535 0
      vertex -0.861037 88.8791 0
    endloop
  endfacet
  facet normal -0 0 -1
    outer loop
      vertex -0.438952 88.7511 0
      vertex -46.925 75.535 0
      vertex -0.65314 88.8047 0
    endloop
  endfacet
  facet normal 0 0 -1
    outer loop
      vertex 2.23917 -90.7373 0
      vertex 46.925 -75.535 0
      vertex 2.25 -90.9579 0
    endloop
  endfacet
  facet normal 0 0 -1
    outer loop
      vertex 2.20677 -90.5189 0
      vertex 46.925 -75.535 0
      vertex 2.23917 -90.7373 0
    endloop
  endfacet
  facet normal 0 0 -1
    outer loop
      vertex 2.15312 -90.3047 0
      vertex 46.925 -75.535 0
      vertex 2.20677 -90.5189 0
    endloop
  endfacet
  facet normal 0 0 -1
    outer loop
      vertex 2.07873 -90.0968 0
      vertex 46.925 -75.535 0
      vertex 2.15312 -90.3047 0
    endloop
  endfacet
  facet normal 0 0 -1
    outer loop
      vertex 1.98432 -89.8972 0
      vertex 46.925 -75.535 0
      vertex 2.07873 -90.0968 0
    endloop
  endfacet
  facet normal 0 0 -1
    outer loop
      vertex 1.87081 -89.7078 0
      vertex 46.925 -75.535 0
      vertex 1.98432 -89.8972 0
    endloop
  endfacet
  facet normal 0 0 -1
    outer loop
      vertex 1.73927 -89.5305 0
      vertex 46.925 -75.535 0
      vertex 1.87081 -89.7078 0
    endloop
  endfacet
  facet normal 0 0 -1
    outer loop
      vertex 1.59099 -89.3669 0
      vertex 46.925 -75.535 0
      vertex 1.73927 -89.5305 0
    endloop
  endfacet
  facet normal 0 0 -1
    outer loop
      vertex 1.42738 -89.2186 0
      vertex 46.925 -75.535 0
      vertex 1.59099 -89.3669 0
    endloop
  endfacet
  facet normal 0 0 -1
    outer loop
      vertex 1.25003 -89.0871 0
      vertex 46.925 -75.535 0
      vertex 1.42738 -89.2186 0
    endloop
  endfacet
  facet normal 0 0 -1
    outer loop
      vertex 1.06064 -88.9735 0
      vertex 46.925 -75.535 0
      vertex 1.25003 -89.0871 0
    endloop
  endfacet
  facet normal 0 0 -1
    outer loop
      vertex 0.861037 -88.8791 0
      vertex 46.925 -75.535 0
      vertex 1.06064 -88.9735 0
    endloop
  endfacet
  facet normal 0 0 -1
    outer loop
      vertex 0.65314 -88.8047 0
      vertex 46.925 -75.535 0
      vertex 0.861037 -88.8791 0
    endloop
  endfacet
  facet normal 0 0 -1
    outer loop
      vertex 0.438952 -88.7511 0
      vertex 46.925 -75.535 0
      vertex 0.65314 -88.8047 0
    endloop
  endfacet
  facet normal 0 0 -1
    outer loop
      vertex 0.220538 -88.7187 0
      vertex 46.925 -75.535 0
      vertex 0.438952 -88.7511 0
    endloop
  endfacet
  facet normal 0 0 -1
    outer loop
      vertex 0 -88.7079 0
      vertex 46.925 -75.535 0
      vertex 0.220538 -88.7187 0
    endloop
  endfacet
  facet normal 0 0 -1
    outer loop
      vertex -46.925 -75.535 0
      vertex 0 -88.7079 0
      vertex -0.220538 -88.7187 0
    endloop
  endfacet
  facet normal 0 0 -1
    outer loop
      vertex -46.925 -75.535 0
      vertex -0.220538 -88.7187 0
      vertex -0.438952 -88.7511 0
    endloop
  endfacet
  facet normal 0 0 -1
    outer loop
      vertex -46.925 -75.535 0
      vertex -0.438952 -88.7511 0
      vertex -0.65314 -88.8047 0
    endloop
  endfacet
  facet normal 0 0 -1
    outer loop
      vertex 0 -88.7079 0
      vertex -46.925 -75.535 0
      vertex 46.925 -75.535 0
    endloop
  endfacet
  facet normal 0 0 -1
    outer loop
      vertex -0.861037 -88.8791 0
      vertex -46.925 -75.535 0
      vertex -0.65314 -88.8047 0
    endloop
  endfacet
  facet normal 0 0 -1
    outer loop
      vertex -1.06064 -88.9735 0
      vertex -46.925 -75.535 0
      vertex -0.861037 -88.8791 0
    endloop
  endfacet
  facet normal 0 0 -1
    outer loop
      vertex -1.25003 -89.0871 0
      vertex -46.925 -75.535 0
      vertex -1.06064 -88.9735 0
    endloop
  endfacet
  facet normal 0 0 -1
    outer loop
      vertex -1.42738 -89.2186 0
      vertex -46.925 -75.535 0
      vertex -1.25003 -89.0871 0
    endloop
  endfacet
  facet normal 0 0 -1
    outer loop
      vertex -1.59099 -89.3669 0
      vertex -46.925 -75.535 0
      vertex -1.42738 -89.2186 0
    endloop
  endfacet
  facet normal 0 0 -1
    outer loop
      vertex -1.73927 -89.5305 0
      vertex -46.925 -75.535 0
      vertex -1.59099 -89.3669 0
    endloop
  endfacet
  facet normal 0 0 -1
    outer loop
      vertex -1.87081 -89.7078 0
      vertex -46.925 -75.535 0
      vertex -1.73927 -89.5305 0
    endloop
  endfacet
  facet normal 0 0 -1
    outer loop
      vertex -1.98432 -89.8972 0
      vertex -46.925 -75.535 0
      vertex -1.87081 -89.7078 0
    endloop
  endfacet
  facet normal 0 0 -1
    outer loop
      vertex -2.07873 -90.0968 0
      vertex -46.925 -75.535 0
      vertex -1.98432 -89.8972 0
    endloop
  endfacet
  facet normal 0 0 -1
    outer loop
      vertex -2.15312 -90.3047 0
      vertex -46.925 -75.535 0
      vertex -2.07873 -90.0968 0
    endloop
  endfacet
  facet normal 0 0 -1
    outer loop
      vertex -2.20677 -90.5189 0
      vertex -46.925 -75.535 0
      vertex -2.15312 -90.3047 0
    endloop
  endfacet
  facet normal 0 0 -1
    outer loop
      vertex -2.23917 -90.7373 0
      vertex -46.925 -75.535 0
      vertex -2.20677 -90.5189 0
    endloop
  endfacet
  facet normal 0 0 -1
    outer loop
      vertex -46.925 -75.535 0
      vertex -2.23917 -90.7373 0
      vertex -2.25 -90.9579 0
    endloop
  endfacet
  facet normal 0 0 -1
    outer loop
      vertex 81.0975 69.7471 0
      vertex 85.9579 97.9579 0
      vertex 81.197 0.220538 0
    endloop
  endfacet
  facet normal 0 0 -1
    outer loop
      vertex 81.0975 70.1686 0
      vertex 85.9579 97.9579 0
      vertex 81.1079 69.9579 0
    endloop
  endfacet
  facet normal 0 0 -1
    outer loop
      vertex 81.0975 69.7471 0
      vertex 81.197 0.220538 0
      vertex 81.1646 0.438952 0
    endloop
  endfacet
  facet normal 0 0 -1
    outer loop
      vertex 85.9579 97.9579 0
      vertex 81.197 90.7373 0
      vertex 81.2079 90.9579 0
    endloop
  endfacet
  facet normal 0 0 -1
    outer loop
      vertex 81.0666 69.5384 0
      vertex 81.1646 0.438952 0
      vertex 81.111 0.65314 0
    endloop
  endfacet
  facet normal 0 0 -1
    outer loop
      vertex 81.0666 70.3773 0
      vertex 85.9579 97.9579 0
      vertex 81.0975 70.1686 0
    endloop
  endfacet
  facet normal 0 0 -1
    outer loop
      vertex 85.9579 97.9579 0
      vertex 81.1646 90.5189 0
      vertex 81.197 90.7373 0
    endloop
  endfacet
  facet normal 0 0 -1
    outer loop
      vertex 85.9579 97.9579 0
      vertex 81.0975 69.7471 0
      vertex 81.1079 69.9579 0
    endloop
  endfacet
  facet normal 0 0 -1
    outer loop
      vertex 81.1646 0.438952 0
      vertex 81.0666 69.5384 0
      vertex 81.0975 69.7471 0
    endloop
  endfacet
  facet normal 0 0 -1
    outer loop
      vertex 81.0153 69.3337 0
      vertex 81.111 0.65314 0
      vertex 81.0366 0.861037 0
    endloop
  endfacet
  facet normal 0 0 -1
    outer loop
      vertex 81.111 0.65314 0
      vertex 81.0153 69.3337 0
      vertex 81.0666 69.5384 0
    endloop
  endfacet
  facet normal 0 0 -1
    outer loop
      vertex 81.0366 0.861037 0
      vertex 80.9442 69.1351 0
      vertex 81.0153 69.3337 0
    endloop
  endfacet
  facet normal 0 0 -1
    outer loop
      vertex 80.9422 1.06064 0
      vertex 80.9442 69.1351 0
      vertex 81.0366 0.861037 0
    endloop
  endfacet
  facet normal 0 0 -1
    outer loop
      vertex 80.9422 1.06064 0
      vertex 80.854 68.9444 0
      vertex 80.9442 69.1351 0
    endloop
  endfacet
  facet normal 0 0 -1
    outer loop
      vertex 80.8287 1.25003 0
      vertex 80.854 68.9444 0
      vertex 80.9422 1.06064 0
    endloop
  endfacet
  facet normal 0 0 -1
    outer loop
      vertex 80.8287 1.25003 0
      vertex 80.7455 68.7634 0
      vertex 80.854 68.9444 0
    endloop
  endfacet
  facet normal 0 0 -1
    outer loop
      vertex 80.6971 1.42738 0
      vertex 80.7455 68.7634 0
      vertex 80.8287 1.25003 0
    endloop
  endfacet
  facet normal 0 0 -1
    outer loop
      vertex 80.6971 1.42738 0
      vertex 80.6198 68.5939 0
      vertex 80.7455 68.7634 0
    endloop
  endfacet
  facet normal 0 0 -1
    outer loop
      vertex 80.5489 1.59099 0
      vertex 80.6198 68.5939 0
      vertex 80.6971 1.42738 0
    endloop
  endfacet
  facet normal 0 0 -1
    outer loop
      vertex 80.5489 1.59099 0
      vertex 80.4781 68.4376 0
      vertex 80.6198 68.5939 0
    endloop
  endfacet
  facet normal 0 0 -1
    outer loop
      vertex 80.3852 1.73927 0
      vertex 80.4781 68.4376 0
      vertex 80.5489 1.59099 0
    endloop
  endfacet
  facet normal 0 0 -1
    outer loop
      vertex 80.3852 1.73927 0
      vertex 80.3218 68.2959 0
      vertex 80.4781 68.4376 0
    endloop
  endfacet
  facet normal 0 0 -1
    outer loop
      vertex 80.2079 1.87081 0
      vertex 80.3218 68.2959 0
      vertex 80.3852 1.73927 0
    endloop
  endfacet
  facet normal 0 0 -1
    outer loop
      vertex 80.2079 1.87081 0
      vertex 80.1523 68.1702 0
      vertex 80.3218 68.2959 0
    endloop
  endfacet
  facet normal 0 0 -1
    outer loop
      vertex 80.0185 1.98432 0
      vertex 80.1523 68.1702 0
      vertex 80.2079 1.87081 0
    endloop
  endfacet
  facet normal 0 0 -1
    outer loop
      vertex 80.0185 1.98432 0
      vertex 79.9714 68.0617 0
      vertex 80.1523 68.1702 0
    endloop
  endfacet
  facet normal 0 0 -1
    outer loop
      vertex 79.8189 2.07873 0
      vertex 79.9714 68.0617 0
      vertex 80.0185 1.98432 0
    endloop
  endfacet
  facet normal 0 0 -1
    outer loop
      vertex 79.8189 2.07873 0
      vertex 79.7806 67.9715 0
      vertex 79.9714 68.0617 0
    endloop
  endfacet
  facet normal 0 0 -1
    outer loop
      vertex 79.611 2.15312 0
      vertex 79.7806 67.9715 0
      vertex 79.8189 2.07873 0
    endloop
  endfacet
  facet normal 0 0 -1
    outer loop
      vertex 79.611 2.15312 0
      vertex 79.582 67.9004 0
      vertex 79.7806 67.9715 0
    endloop
  endfacet
  facet normal 0 0 -1
    outer loop
      vertex 79.3968 2.20677 0
      vertex 79.582 67.9004 0
      vertex 79.611 2.15312 0
    endloop
  endfacet
  facet normal 0 0 -1
    outer loop
      vertex 79.3968 2.20677 0
      vertex 79.3773 67.8492 0
      vertex 79.582 67.9004 0
    endloop
  endfacet
  facet normal 0 0 -1
    outer loop
      vertex 79.1784 2.23917 0
      vertex 79.3773 67.8492 0
      vertex 79.3968 2.20677 0
    endloop
  endfacet
  facet normal 0 0 -1
    outer loop
      vertex 79.1784 2.23917 0
      vertex 79.1686 67.8182 0
      vertex 79.3773 67.8492 0
    endloop
  endfacet
  facet normal 0 0 -1
    outer loop
      vertex 78.9579 2.25 0
      vertex 79.1686 67.8182 0
      vertex 79.1784 2.23917 0
    endloop
  endfacet
  facet normal 0 0 -1
    outer loop
      vertex 78.9579 2.25 0
      vertex 78.9579 67.8079 0
      vertex 79.1686 67.8182 0
    endloop
  endfacet
  facet normal 0 0 -1
    outer loop
      vertex 78.9579 2.25 0
      vertex 78.7471 67.8182 0
      vertex 78.9579 67.8079 0
    endloop
  endfacet
  facet normal 0 0 -1
    outer loop
      vertex 78.7373 2.23917 0
      vertex 78.7471 67.8182 0
      vertex 78.9579 2.25 0
    endloop
  endfacet
  facet normal 0 0 -1
    outer loop
      vertex 78.7373 2.23917 0
      vertex 78.5384 67.8492 0
      vertex 78.7471 67.8182 0
    endloop
  endfacet
  facet normal 0 0 -1
    outer loop
      vertex 78.5189 2.20677 0
      vertex 78.5384 67.8492 0
      vertex 78.7373 2.23917 0
    endloop
  endfacet
  facet normal 0 0 -1
    outer loop
      vertex 78.5189 2.20677 0
      vertex 78.3337 67.9004 0
      vertex 78.5384 67.8492 0
    endloop
  endfacet
  facet normal 0 0 -1
    outer loop
      vertex 78.3047 2.15312 0
      vertex 78.3337 67.9004 0
      vertex 78.5189 2.20677 0
    endloop
  endfacet
  facet normal 0 0 -1
    outer loop
      vertex 78.3047 2.15312 0
      vertex 78.1351 67.9715 0
      vertex 78.3337 67.9004 0
    endloop
  endfacet
  facet normal 0 0 -1
    outer loop
      vertex 78.0968 2.07873 0
      vertex 78.1351 67.9715 0
      vertex 78.3047 2.15312 0
    endloop
  endfacet
  facet normal 0 0 -1
    outer loop
      vertex 78.0968 2.07873 0
      vertex 77.9444 68.0617 0
      vertex 78.1351 67.9715 0
    endloop
  endfacet
  facet normal 0 0 -1
    outer loop
      vertex 77.8972 1.98432 0
      vertex 77.9444 68.0617 0
      vertex 78.0968 2.07873 0
    endloop
  endfacet
  facet normal 0 0 -1
    outer loop
      vertex 77.8972 1.98432 0
      vertex 77.7634 68.1702 0
      vertex 77.9444 68.0617 0
    endloop
  endfacet
  facet normal 0 0 -1
    outer loop
      vertex 77.7078 1.87081 0
      vertex 77.7634 68.1702 0
      vertex 77.8972 1.98432 0
    endloop
  endfacet
  facet normal 0 0 -1
    outer loop
      vertex 77.7078 1.87081 0
      vertex 77.5939 68.2959 0
      vertex 77.7634 68.1702 0
    endloop
  endfacet
  facet normal 0 0 -1
    outer loop
      vertex 77.5305 1.73927 0
      vertex 77.5939 68.2959 0
      vertex 77.7078 1.87081 0
    endloop
  endfacet
  facet normal 0 0 -1
    outer loop
      vertex 77.5305 1.73927 0
      vertex 77.4376 68.4376 0
      vertex 77.5939 68.2959 0
    endloop
  endfacet
  facet normal 0 0 -1
    outer loop
      vertex 77.3669 1.59099 0
      vertex 77.4376 68.4376 0
      vertex 77.5305 1.73927 0
    endloop
  endfacet
  facet normal 0 0 -1
    outer loop
      vertex 77.3669 1.59099 0
      vertex 77.2959 68.5939 0
      vertex 77.4376 68.4376 0
    endloop
  endfacet
  facet normal 0 0 -1
    outer loop
      vertex 77.2186 1.42738 0
      vertex 77.2959 68.5939 0
      vertex 77.3669 1.59099 0
    endloop
  endfacet
  facet normal 0 0 -1
    outer loop
      vertex 77.2186 1.42738 0
      vertex 77.1702 68.7634 0
      vertex 77.2959 68.5939 0
    endloop
  endfacet
  facet normal 0 0 -1
    outer loop
      vertex 77.0871 1.25003 0
      vertex 77.1702 68.7634 0
      vertex 77.2186 1.42738 0
    endloop
  endfacet
  facet normal 0 0 -1
    outer loop
      vertex 77.0871 1.25003 0
      vertex 77.0617 68.9444 0
      vertex 77.1702 68.7634 0
    endloop
  endfacet
  facet normal 0 0 -1
    outer loop
      vertex 76.9735 1.06064 0
      vertex 77.0617 68.9444 0
      vertex 77.0871 1.25003 0
    endloop
  endfacet
  facet normal 0 0 -1
    outer loop
      vertex 76.9735 1.06064 0
      vertex 76.9715 69.1351 0
      vertex 77.0617 68.9444 0
    endloop
  endfacet
  facet normal 0 0 -1
    outer loop
      vertex 76.8791 0.861037 0
      vertex 76.9715 69.1351 0
      vertex 76.9735 1.06064 0
    endloop
  endfacet
  facet normal -0 0 -1
    outer loop
      vertex 76.9715 69.1351 0
      vertex 76.8791 0.861037 0
      vertex 76.9004 69.3337 0
    endloop
  endfacet
  facet normal 0 0 -1
    outer loop
      vertex 76.8047 0.65314 0
      vertex 76.9004 69.3337 0
      vertex 76.8791 0.861037 0
    endloop
  endfacet
  facet normal -0 0 -1
    outer loop
      vertex 76.9004 69.3337 0
      vertex 76.8047 0.65314 0
      vertex 76.8492 69.5384 0
    endloop
  endfacet
  facet normal 0 0 -1
    outer loop
      vertex 76.7511 0.438952 0
      vertex 76.8492 69.5384 0
      vertex 76.8047 0.65314 0
    endloop
  endfacet
  facet normal -0 0 -1
    outer loop
      vertex 76.8492 69.5384 0
      vertex 76.7511 0.438952 0
      vertex 76.8182 69.7471 0
    endloop
  endfacet
  facet normal 0 0 -1
    outer loop
      vertex 81.1646 -90.5189 0
      vertex 85.9579 -97.9579 0
      vertex 81.197 -90.7373 0
    endloop
  endfacet
  facet normal 0 0 -1
    outer loop
      vertex 81.0975 -69.7471 0
      vertex 85.9579 -97.9579 0
      vertex 81.1079 -69.9579 0
    endloop
  endfacet
  facet normal 0 0 -1
    outer loop
      vertex 81.111 -90.3047 0
      vertex 85.9579 -97.9579 0
      vertex 81.1646 -90.5189 0
    endloop
  endfacet
  facet normal 0 0 -1
    outer loop
      vertex 85.9579 -97.9579 0
      vertex 81.197 -0.220538 0
      vertex 81.2079 0 0
    endloop
  endfacet
  facet normal 0 0 -1
    outer loop
      vertex 81.0366 -90.0968 0
      vertex 85.9579 -97.9579 0
      vertex 81.111 -90.3047 0
    endloop
  endfacet
  facet normal 0 0 -1
    outer loop
      vertex 85.9579 -97.9579 0
      vertex 81.0975 -69.7471 0
      vertex 81.197 -0.220538 0
    endloop
  endfacet
  facet normal 0 0 -1
    outer loop
      vertex 81.197 -0.220538 0
      vertex 81.0975 -69.7471 0
      vertex 81.1646 -0.438952 0
    endloop
  endfacet
  facet normal 0 0 -1
    outer loop
      vertex 85.9579 -97.9579 0
      vertex 81.0975 -70.1686 0
      vertex 81.1079 -69.9579 0
    endloop
  endfacet
  facet normal 0 0 -1
    outer loop
      vertex 85.9579 -97.9579 0
      vertex 81.0666 -70.3773 0
      vertex 81.0975 -70.1686 0
    endloop
  endfacet
  facet normal 0 0 -1
    outer loop
      vertex 80.9442 -70.7806 0
      vertex 85.9579 -97.9579 0
      vertex 81.0366 -90.0968 0
    endloop
  endfacet
  facet normal 0 0 -1
    outer loop
      vertex 85.9579 -97.9579 0
      vertex 81.0153 -70.582 0
      vertex 81.0666 -70.3773 0
    endloop
  endfacet
  facet normal 0 0 -1
    outer loop
      vertex 85.9579 -97.9579 0
      vertex 80.9442 -70.7806 0
      vertex 81.0153 -70.582 0
    endloop
  endfacet
  facet normal 0 0 -1
    outer loop
      vertex 80.9422 -89.8972 0
      vertex 80.9442 -70.7806 0
      vertex 81.0366 -90.0968 0
    endloop
  endfacet
  facet normal 0 0 -1
    outer loop
      vertex 80.9422 -89.8972 0
      vertex 80.854 -70.9714 0
      vertex 80.9442 -70.7806 0
    endloop
  endfacet
  facet normal 0 0 -1
    outer loop
      vertex 80.8287 -89.7078 0
      vertex 80.854 -70.9714 0
      vertex 80.9422 -89.8972 0
    endloop
  endfacet
  facet normal 0 0 -1
    outer loop
      vertex 80.8287 -89.7078 0
      vertex 80.7455 -71.1523 0
      vertex 80.854 -70.9714 0
    endloop
  endfacet
  facet normal 0 0 -1
    outer loop
      vertex 80.6971 -89.5305 0
      vertex 80.7455 -71.1523 0
      vertex 80.8287 -89.7078 0
    endloop
  endfacet
  facet normal 0 0 -1
    outer loop
      vertex 80.6971 -89.5305 0
      vertex 80.6198 -71.3218 0
      vertex 80.7455 -71.1523 0
    endloop
  endfacet
  facet normal 0 0 -1
    outer loop
      vertex 80.5489 -89.3669 0
      vertex 80.6198 -71.3218 0
      vertex 80.6971 -89.5305 0
    endloop
  endfacet
  facet normal 0 0 -1
    outer loop
      vertex 80.5489 -89.3669 0
      vertex 80.4781 -71.4781 0
      vertex 80.6198 -71.3218 0
    endloop
  endfacet
  facet normal 0 0 -1
    outer loop
      vertex 80.3852 -89.2186 0
      vertex 80.4781 -71.4781 0
      vertex 80.5489 -89.3669 0
    endloop
  endfacet
  facet normal 0 0 -1
    outer loop
      vertex 80.3852 -89.2186 0
      vertex 80.3218 -71.6198 0
      vertex 80.4781 -71.4781 0
    endloop
  endfacet
  facet normal 0 0 -1
    outer loop
      vertex 80.2079 -89.0871 0
      vertex 80.3218 -71.6198 0
      vertex 80.3852 -89.2186 0
    endloop
  endfacet
  facet normal 0 0 -1
    outer loop
      vertex 80.2079 -89.0871 0
      vertex 80.1523 -71.7455 0
      vertex 80.3218 -71.6198 0
    endloop
  endfacet
  facet normal 0 0 -1
    outer loop
      vertex 80.0185 -88.9735 0
      vertex 80.1523 -71.7455 0
      vertex 80.2079 -89.0871 0
    endloop
  endfacet
  facet normal 0 0 -1
    outer loop
      vertex 80.0185 -88.9735 0
      vertex 79.9714 -71.854 0
      vertex 80.1523 -71.7455 0
    endloop
  endfacet
  facet normal 0 0 -1
    outer loop
      vertex 79.8189 -88.8791 0
      vertex 79.9714 -71.854 0
      vertex 80.0185 -88.9735 0
    endloop
  endfacet
  facet normal 0 0 -1
    outer loop
      vertex 79.8189 -88.8791 0
      vertex 79.7806 -71.9442 0
      vertex 79.9714 -71.854 0
    endloop
  endfacet
  facet normal 0 0 -1
    outer loop
      vertex 79.611 -88.8047 0
      vertex 79.7806 -71.9442 0
      vertex 79.8189 -88.8791 0
    endloop
  endfacet
  facet normal 0 0 -1
    outer loop
      vertex 79.611 -88.8047 0
      vertex 79.582 -72.0153 0
      vertex 79.7806 -71.9442 0
    endloop
  endfacet
  facet normal 0 0 -1
    outer loop
      vertex 79.3968 -88.7511 0
      vertex 79.582 -72.0153 0
      vertex 79.611 -88.8047 0
    endloop
  endfacet
  facet normal 0 0 -1
    outer loop
      vertex 79.3968 -88.7511 0
      vertex 79.3773 -72.0666 0
      vertex 79.582 -72.0153 0
    endloop
  endfacet
  facet normal 0 0 -1
    outer loop
      vertex 79.1784 -88.7187 0
      vertex 79.3773 -72.0666 0
      vertex 79.3968 -88.7511 0
    endloop
  endfacet
  facet normal 0 0 -1
    outer loop
      vertex 79.1784 -88.7187 0
      vertex 79.1686 -72.0975 0
      vertex 79.3773 -72.0666 0
    endloop
  endfacet
  facet normal 0 0 -1
    outer loop
      vertex 78.9579 -88.7079 0
      vertex 79.1686 -72.0975 0
      vertex 79.1784 -88.7187 0
    endloop
  endfacet
  facet normal 0 0 -1
    outer loop
      vertex 78.9579 -88.7079 0
      vertex 78.9579 -72.1079 0
      vertex 79.1686 -72.0975 0
    endloop
  endfacet
  facet normal 0 0 -1
    outer loop
      vertex 78.9579 -88.7079 0
      vertex 78.7471 -72.0975 0
      vertex 78.9579 -72.1079 0
    endloop
  endfacet
  facet normal 0 0 -1
    outer loop
      vertex 78.7373 -88.7187 0
      vertex 78.7471 -72.0975 0
      vertex 78.9579 -88.7079 0
    endloop
  endfacet
  facet normal 0 0 -1
    outer loop
      vertex 78.7373 -88.7187 0
      vertex 78.5384 -72.0666 0
      vertex 78.7471 -72.0975 0
    endloop
  endfacet
  facet normal 0 0 -1
    outer loop
      vertex 78.5189 -88.7511 0
      vertex 78.5384 -72.0666 0
      vertex 78.7373 -88.7187 0
    endloop
  endfacet
  facet normal 0 0 -1
    outer loop
      vertex 78.5189 -88.7511 0
      vertex 78.3337 -72.0153 0
      vertex 78.5384 -72.0666 0
    endloop
  endfacet
  facet normal 0 0 -1
    outer loop
      vertex 78.3047 -88.8047 0
      vertex 78.3337 -72.0153 0
      vertex 78.5189 -88.7511 0
    endloop
  endfacet
  facet normal 0 0 -1
    outer loop
      vertex 78.3047 -88.8047 0
      vertex 78.1351 -71.9442 0
      vertex 78.3337 -72.0153 0
    endloop
  endfacet
  facet normal 0 0 -1
    outer loop
      vertex 78.0968 -88.8791 0
      vertex 78.1351 -71.9442 0
      vertex 78.3047 -88.8047 0
    endloop
  endfacet
  facet normal 0 0 -1
    outer loop
      vertex 78.0968 -88.8791 0
      vertex 77.9444 -71.854 0
      vertex 78.1351 -71.9442 0
    endloop
  endfacet
  facet normal 0 0 -1
    outer loop
      vertex 77.8972 -88.9735 0
      vertex 77.9444 -71.854 0
      vertex 78.0968 -88.8791 0
    endloop
  endfacet
  facet normal 0 0 -1
    outer loop
      vertex 77.8972 -88.9735 0
      vertex 77.7634 -71.7455 0
      vertex 77.9444 -71.854 0
    endloop
  endfacet
  facet normal 0 0 -1
    outer loop
      vertex 77.7078 -89.0871 0
      vertex 77.7634 -71.7455 0
      vertex 77.8972 -88.9735 0
    endloop
  endfacet
  facet normal 0 0 -1
    outer loop
      vertex 77.7078 -89.0871 0
      vertex 77.5939 -71.6198 0
      vertex 77.7634 -71.7455 0
    endloop
  endfacet
  facet normal 0 0 -1
    outer loop
      vertex 77.5305 -89.2186 0
      vertex 77.5939 -71.6198 0
      vertex 77.7078 -89.0871 0
    endloop
  endfacet
  facet normal 0 0 -1
    outer loop
      vertex 77.5305 -89.2186 0
      vertex 77.4376 -71.4781 0
      vertex 77.5939 -71.6198 0
    endloop
  endfacet
  facet normal 0 0 -1
    outer loop
      vertex 77.3669 -89.3669 0
      vertex 77.4376 -71.4781 0
      vertex 77.5305 -89.2186 0
    endloop
  endfacet
  facet normal 0 0 -1
    outer loop
      vertex 77.3669 -89.3669 0
      vertex 77.2959 -71.3218 0
      vertex 77.4376 -71.4781 0
    endloop
  endfacet
  facet normal 0 0 -1
    outer loop
      vertex 77.2186 -89.5305 0
      vertex 77.2959 -71.3218 0
      vertex 77.3669 -89.3669 0
    endloop
  endfacet
  facet normal 0 0 -1
    outer loop
      vertex 77.2186 -89.5305 0
      vertex 77.1702 -71.1523 0
      vertex 77.2959 -71.3218 0
    endloop
  endfacet
  facet normal 0 0 -1
    outer loop
      vertex 77.0871 -89.7078 0
      vertex 77.1702 -71.1523 0
      vertex 77.2186 -89.5305 0
    endloop
  endfacet
  facet normal 0 0 -1
    outer loop
      vertex 77.0871 -89.7078 0
      vertex 77.0617 -70.9714 0
      vertex 77.1702 -71.1523 0
    endloop
  endfacet
  facet normal 0 0 -1
    outer loop
      vertex 76.9735 -89.8972 0
      vertex 77.0617 -70.9714 0
      vertex 77.0871 -89.7078 0
    endloop
  endfacet
  facet normal 0 0 -1
    outer loop
      vertex 76.9735 -89.8972 0
      vertex 76.9715 -70.7806 0
      vertex 77.0617 -70.9714 0
    endloop
  endfacet
  facet normal 0 0 -1
    outer loop
      vertex 76.8791 -90.0968 0
      vertex 76.9715 -70.7806 0
      vertex 76.9735 -89.8972 0
    endloop
  endfacet
  facet normal 0 0 -1
    outer loop
      vertex 63.535 -58.925 0
      vertex 76.9715 -70.7806 0
      vertex 76.8791 -90.0968 0
    endloop
  endfacet
  facet normal 0 0 -1
    outer loop
      vertex 76.9715 -70.7806 0
      vertex 63.535 -58.925 0
      vertex 76.9004 -70.582 0
    endloop
  endfacet
  facet normal 0 0 -1
    outer loop
      vertex 76.9004 -70.582 0
      vertex 63.535 -58.925 0
      vertex 76.8492 -70.3773 0
    endloop
  endfacet
  facet normal 0 0 -1
    outer loop
      vertex 76.8492 -70.3773 0
      vertex 63.535 -58.925 0
      vertex 76.8182 -70.1686 0
    endloop
  endfacet
  facet normal 0 0 -1
    outer loop
      vertex 63.535 -58.925 0
      vertex 76.8791 -90.0968 0
      vertex 76.8047 -90.3047 0
    endloop
  endfacet
  facet normal 0 0 -1
    outer loop
      vertex 81.197 -90.7373 0
      vertex 85.9579 -97.9579 0
      vertex 81.2079 -90.9579 0
    endloop
  endfacet
  facet normal 0 0 -1
    outer loop
      vertex 85.9579 -97.9579 0
      vertex 81.197 -91.1784 0
      vertex 81.2079 -90.9579 0
    endloop
  endfacet
  facet normal 0 0 -1
    outer loop
      vertex 85.9579 -97.9579 0
      vertex 81.1646 -91.3968 0
      vertex 81.197 -91.1784 0
    endloop
  endfacet
  facet normal 0 0 -1
    outer loop
      vertex 85.9579 -97.9579 0
      vertex 81.111 -91.611 0
      vertex 81.1646 -91.3968 0
    endloop
  endfacet
  facet normal 0 0 -1
    outer loop
      vertex 85.9579 -97.9579 0
      vertex 81.0366 -91.8189 0
      vertex 81.111 -91.611 0
    endloop
  endfacet
  facet normal 0 0 -1
    outer loop
      vertex 85.9579 -97.9579 0
      vertex 80.9422 -92.0185 0
      vertex 81.0366 -91.8189 0
    endloop
  endfacet
  facet normal 0 0 -1
    outer loop
      vertex 85.9579 -97.9579 0
      vertex 80.8287 -92.2079 0
      vertex 80.9422 -92.0185 0
    endloop
  endfacet
  facet normal 0 0 -1
    outer loop
      vertex 85.9579 -97.9579 0
      vertex 80.6971 -92.3852 0
      vertex 80.8287 -92.2079 0
    endloop
  endfacet
  facet normal 0 0 -1
    outer loop
      vertex 85.9579 -97.9579 0
      vertex 80.5489 -92.5489 0
      vertex 80.6971 -92.3852 0
    endloop
  endfacet
  facet normal 0 0 -1
    outer loop
      vertex 85.9579 -97.9579 0
      vertex 80.3852 -92.6971 0
      vertex 80.5489 -92.5489 0
    endloop
  endfacet
  facet normal 0 0 -1
    outer loop
      vertex 85.9579 -97.9579 0
      vertex 80.2079 -92.8287 0
      vertex 80.3852 -92.6971 0
    endloop
  endfacet
  facet normal 0 0 -1
    outer loop
      vertex 85.9579 -97.9579 0
      vertex 80.0185 -92.9422 0
      vertex 80.2079 -92.8287 0
    endloop
  endfacet
  facet normal 0 0 -1
    outer loop
      vertex 85.9579 -97.9579 0
      vertex 79.8189 -93.0366 0
      vertex 80.0185 -92.9422 0
    endloop
  endfacet
  facet normal 0 0 -1
    outer loop
      vertex 85.9579 -97.9579 0
      vertex 79.611 -93.111 0
      vertex 79.8189 -93.0366 0
    endloop
  endfacet
  facet normal 0 0 -1
    outer loop
      vertex 85.9579 -97.9579 0
      vertex 79.3968 -93.1646 0
      vertex 79.611 -93.111 0
    endloop
  endfacet
  facet normal 0 0 -1
    outer loop
      vertex 85.9579 -97.9579 0
      vertex 79.1784 -93.197 0
      vertex 79.3968 -93.1646 0
    endloop
  endfacet
  facet normal 0 0 -1
    outer loop
      vertex 85.9579 -97.9579 0
      vertex 78.9579 -93.2079 0
      vertex 79.1784 -93.197 0
    endloop
  endfacet
  facet normal 0 0 -1
    outer loop
      vertex 85.9579 -97.9579 0
      vertex 78.7373 -93.197 0
      vertex 78.9579 -93.2079 0
    endloop
  endfacet
  facet normal 0 0 -1
    outer loop
      vertex 85.9579 -97.9579 0
      vertex 78.5189 -93.1646 0
      vertex 78.7373 -93.197 0
    endloop
  endfacet
  facet normal 0 0 -1
    outer loop
      vertex 85.9579 -97.9579 0
      vertex 78.3047 -93.111 0
      vertex 78.5189 -93.1646 0
    endloop
  endfacet
  facet normal 0 0 -1
    outer loop
      vertex 85.9579 -97.9579 0
      vertex 78.0968 -93.0366 0
      vertex 78.3047 -93.111 0
    endloop
  endfacet
  facet normal 0 0 -1
    outer loop
      vertex 85.9579 -97.9579 0
      vertex 77.8972 -92.9422 0
      vertex 78.0968 -93.0366 0
    endloop
  endfacet
  facet normal 0 0 -1
    outer loop
      vertex 1.06064 -92.9422 0
      vertex 77.8972 -92.9422 0
      vertex 85.9579 -97.9579 0
    endloop
  endfacet
  facet normal -0 0 -1
    outer loop
      vertex 76.7187 -0.220538 0
      vertex 63.535 -58.925 0
      vertex 76.7079 0 0
    endloop
  endfacet
  facet normal 0 0 -1
    outer loop
      vertex 63.535 58.925 0
      vertex 76.7079 0 0
      vertex 63.535 -58.925 0
    endloop
  endfacet
  facet normal 0 0 -1
    outer loop
      vertex 54.6021 -75.0819 0
      vertex 76.7079 -90.9579 0
      vertex 76.7187 -91.1784 0
    endloop
  endfacet
  facet normal 0 0 -1
    outer loop
      vertex 54.5922 -75.0843 0
      vertex 76.7187 -91.1784 0
      vertex 76.7511 -91.3968 0
    endloop
  endfacet
  facet normal 0 0 -1
    outer loop
      vertex 52.9059 -75.3348 0
      vertex 76.7511 -91.3968 0
      vertex 76.8047 -91.611 0
    endloop
  endfacet
  facet normal 0 0 -1
    outer loop
      vertex 52.8916 -75.3358 0
      vertex 76.8047 -91.611 0
      vertex 76.8791 -91.8189 0
    endloop
  endfacet
  facet normal 0 0 -1
    outer loop
      vertex 76.7079 -90.9579 0
      vertex 63.4853 -62.7882 0
      vertex 63.535 -58.925 0
    endloop
  endfacet
  facet normal 0 0 -1
    outer loop
      vertex 76.7079 -90.9579 0
      vertex 63.485 -62.8148 0
      vertex 63.4853 -62.7882 0
    endloop
  endfacet
  facet normal 0 0 -1
    outer loop
      vertex 76.7079 -90.9579 0
      vertex 63.3358 -64.8916 0
      vertex 63.485 -62.8148 0
    endloop
  endfacet
  facet normal 0 0 -1
    outer loop
      vertex 50.8148 -75.485 0
      vertex 76.8791 -91.8189 0
      vertex 76.9735 -92.0185 0
    endloop
  endfacet
  facet normal 0 0 -1
    outer loop
      vertex 76.7079 -90.9579 0
      vertex 63.3348 -64.9059 0
      vertex 63.3358 -64.8916 0
    endloop
  endfacet
  facet normal 0 0 -1
    outer loop
      vertex 76.7079 -90.9579 0
      vertex 63.3331 -64.9174 0
      vertex 63.3348 -64.9059 0
    endloop
  endfacet
  facet normal 0 0 -1
    outer loop
      vertex 76.7079 -90.9579 0
      vertex 63.0843 -66.5922 0
      vertex 63.3331 -64.9174 0
    endloop
  endfacet
  facet normal 0 0 -1
    outer loop
      vertex 76.7079 -90.9579 0
      vertex 63.0819 -66.6021 0
      vertex 63.0843 -66.5922 0
    endloop
  endfacet
  facet normal 0 0 -1
    outer loop
      vertex 76.7079 -90.9579 0
      vertex 62.7331 -68.0376 0
      vertex 63.0819 -66.6021 0
    endloop
  endfacet
  facet normal 0 0 -1
    outer loop
      vertex 76.7079 -90.9579 0
      vertex 62.73 -68.0463 0
      vertex 62.7331 -68.0376 0
    endloop
  endfacet
  facet normal 0 0 -1
    outer loop
      vertex 76.7079 -90.9579 0
      vertex 62.2805 -69.3059 0
      vertex 62.73 -68.0463 0
    endloop
  endfacet
  facet normal 0 0 -1
    outer loop
      vertex 46.925 -75.535 0
      vertex 76.9735 -92.0185 0
      vertex 77.0871 -92.2079 0
    endloop
  endfacet
  facet normal 0 0 -1
    outer loop
      vertex 76.7079 -90.9579 0
      vertex 62.2767 -69.3136 0
      vertex 62.2805 -69.3059 0
    endloop
  endfacet
  facet normal 0 0 -1
    outer loop
      vertex 76.7079 -90.9579 0
      vertex 61.7254 -70.4285 0
      vertex 62.2767 -69.3136 0
    endloop
  endfacet
  facet normal 0 0 -1
    outer loop
      vertex 76.7079 -90.9579 0
      vertex 61.7209 -70.4353 0
      vertex 61.7254 -70.4285 0
    endloop
  endfacet
  facet normal 0 0 -1
    outer loop
      vertex 76.7079 -90.9579 0
      vertex 61.0662 -71.4231 0
      vertex 61.7209 -70.4353 0
    endloop
  endfacet
  facet normal 0 0 -1
    outer loop
      vertex 46.925 -75.535 0
      vertex 77.0871 -92.2079 0
      vertex 77.2186 -92.3852 0
    endloop
  endfacet
  facet normal 0 0 -1
    outer loop
      vertex 76.7079 -90.9579 0
      vertex 60.3054 -72.2941 0
      vertex 61.0662 -71.4231 0
    endloop
  endfacet
  facet normal 0 0 -1
    outer loop
      vertex 76.7079 -90.9579 0
      vertex 60.3001 -72.3001 0
      vertex 60.3054 -72.2941 0
    endloop
  endfacet
  facet normal 0 0 -1
    outer loop
      vertex 76.7079 -90.9579 0
      vertex 60.2941 -72.3054 0
      vertex 60.3001 -72.3001 0
    endloop
  endfacet
  facet normal 0 0 -1
    outer loop
      vertex 76.7079 -90.9579 0
      vertex 59.4231 -73.0662 0
      vertex 60.2941 -72.3054 0
    endloop
  endfacet
  facet normal 0 0 -1
    outer loop
      vertex 1.73927 -92.3852 0
      vertex 77.2186 -92.3852 0
      vertex 77.3669 -92.5489 0
    endloop
  endfacet
  facet normal 0 0 -1
    outer loop
      vertex 76.7079 -90.9579 0
      vertex 58.4353 -73.7209 0
      vertex 59.4231 -73.0662 0
    endloop
  endfacet
  facet normal 0 0 -1
    outer loop
      vertex 76.7079 -90.9579 0
      vertex 58.4285 -73.7254 0
      vertex 58.4353 -73.7209 0
    endloop
  endfacet
  facet normal 0 0 -1
    outer loop
      vertex 76.7079 -90.9579 0
      vertex 57.3136 -74.2767 0
      vertex 58.4285 -73.7254 0
    endloop
  endfacet
  facet normal 0 0 -1
    outer loop
      vertex 76.7079 -90.9579 0
      vertex 57.3059 -74.2805 0
      vertex 57.3136 -74.2767 0
    endloop
  endfacet
  facet normal 0 0 -1
    outer loop
      vertex 76.7079 -90.9579 0
      vertex 56.0463 -74.73 0
      vertex 57.3059 -74.2805 0
    endloop
  endfacet
  facet normal 0 0 -1
    outer loop
      vertex 1.59099 -92.5489 0
      vertex 77.3669 -92.5489 0
      vertex 77.5305 -92.6971 0
    endloop
  endfacet
  facet normal 0 0 -1
    outer loop
      vertex 76.7079 -90.9579 0
      vertex 56.0376 -74.7331 0
      vertex 56.0463 -74.73 0
    endloop
  endfacet
  facet normal 0 0 -1
    outer loop
      vertex 76.7079 -90.9579 0
      vertex 54.6021 -75.0819 0
      vertex 56.0376 -74.7331 0
    endloop
  endfacet
  facet normal 0 0 -1
    outer loop
      vertex 76.7187 -91.1784 0
      vertex 54.5922 -75.0843 0
      vertex 54.6021 -75.0819 0
    endloop
  endfacet
  facet normal 0 0 -1
    outer loop
      vertex 76.7511 -91.3968 0
      vertex 52.9174 -75.3331 0
      vertex 54.5922 -75.0843 0
    endloop
  endfacet
  facet normal 0 0 -1
    outer loop
      vertex 1.42738 -92.6971 0
      vertex 77.5305 -92.6971 0
      vertex 77.7078 -92.8287 0
    endloop
  endfacet
  facet normal 0 0 -1
    outer loop
      vertex 76.7511 -91.3968 0
      vertex 52.9059 -75.3348 0
      vertex 52.9174 -75.3331 0
    endloop
  endfacet
  facet normal 0 0 -1
    outer loop
      vertex 76.8047 -91.611 0
      vertex 52.8916 -75.3358 0
      vertex 52.9059 -75.3348 0
    endloop
  endfacet
  facet normal 0 0 -1
    outer loop
      vertex 76.8791 -91.8189 0
      vertex 50.8148 -75.485 0
      vertex 52.8916 -75.3358 0
    endloop
  endfacet
  facet normal 0 0 -1
    outer loop
      vertex 76.9735 -92.0185 0
      vertex 50.7882 -75.4853 0
      vertex 50.8148 -75.485 0
    endloop
  endfacet
  facet normal 0 0 -1
    outer loop
      vertex 76.9735 -92.0185 0
      vertex 46.925 -75.535 0
      vertex 50.7882 -75.4853 0
    endloop
  endfacet
  facet normal 0 0 -1
    outer loop
      vertex 77.8972 -92.9422 0
      vertex 1.06064 -92.9422 0
      vertex 77.7078 -92.8287 0
    endloop
  endfacet
  facet normal 0 0 -1
    outer loop
      vertex 77.3669 -92.5489 0
      vertex 1.59099 -92.5489 0
      vertex 1.73927 -92.3852 0
    endloop
  endfacet
  facet normal 0 0 -1
    outer loop
      vertex 46.925 -75.535 0
      vertex 2.23917 -91.1784 0
      vertex 2.25 -90.9579 0
    endloop
  endfacet
  facet normal 0 0 -1
    outer loop
      vertex 46.925 -75.535 0
      vertex 2.20677 -91.3968 0
      vertex 2.23917 -91.1784 0
    endloop
  endfacet
  facet normal 0 0 -1
    outer loop
      vertex 46.925 -75.535 0
      vertex 2.15312 -91.611 0
      vertex 2.20677 -91.3968 0
    endloop
  endfacet
  facet normal 0 0 -1
    outer loop
      vertex 46.925 -75.535 0
      vertex 2.07873 -91.8189 0
      vertex 2.15312 -91.611 0
    endloop
  endfacet
  facet normal 0 0 -1
    outer loop
      vertex 46.925 -75.535 0
      vertex 1.98432 -92.0185 0
      vertex 2.07873 -91.8189 0
    endloop
  endfacet
  facet normal 0 0 -1
    outer loop
      vertex 46.925 -75.535 0
      vertex 1.87081 -92.2079 0
      vertex 1.98432 -92.0185 0
    endloop
  endfacet
  facet normal 0 0 -1
    outer loop
      vertex 46.925 -75.535 0
      vertex 1.73927 -92.3852 0
      vertex 1.87081 -92.2079 0
    endloop
  endfacet
  facet normal 0 0 -1
    outer loop
      vertex 77.2186 -92.3852 0
      vertex 1.73927 -92.3852 0
      vertex 46.925 -75.535 0
    endloop
  endfacet
  facet normal 0 0 -1
    outer loop
      vertex 77.5305 -92.6971 0
      vertex 1.42738 -92.6971 0
      vertex 1.59099 -92.5489 0
    endloop
  endfacet
  facet normal 0 0 -1
    outer loop
      vertex 77.7078 -92.8287 0
      vertex 1.25003 -92.8287 0
      vertex 1.42738 -92.6971 0
    endloop
  endfacet
  facet normal -0 0 -1
    outer loop
      vertex 77.7078 -92.8287 0
      vertex 1.06064 -92.9422 0
      vertex 1.25003 -92.8287 0
    endloop
  endfacet
  facet normal 0 0 -1
    outer loop
      vertex 85.9579 -97.9579 0
      vertex 0.861037 -93.0366 0
      vertex 1.06064 -92.9422 0
    endloop
  endfacet
  facet normal 0 0 -1
    outer loop
      vertex 85.9579 -97.9579 0
      vertex 0.65314 -93.111 0
      vertex 0.861037 -93.0366 0
    endloop
  endfacet
  facet normal 0 0 -1
    outer loop
      vertex 85.9579 -97.9579 0
      vertex 0.438952 -93.1646 0
      vertex 0.65314 -93.111 0
    endloop
  endfacet
  facet normal 0 0 -1
    outer loop
      vertex 85.9579 -97.9579 0
      vertex 0.220538 -93.197 0
      vertex 0.438952 -93.1646 0
    endloop
  endfacet
  facet normal 0 0 -1
    outer loop
      vertex 85.9579 -97.9579 0
      vertex 0 -93.2079 0
      vertex 0.220538 -93.197 0
    endloop
  endfacet
  facet normal 0 0 -1
    outer loop
      vertex -85.9579 -97.9579 0
      vertex 0 -93.2079 0
      vertex 85.9579 -97.9579 0
    endloop
  endfacet
  facet normal 0 0 -1
    outer loop
      vertex -2.23917 -91.1784 0
      vertex -46.925 -75.535 0
      vertex -2.25 -90.9579 0
    endloop
  endfacet
  facet normal 0 0 -1
    outer loop
      vertex -2.20677 -91.3968 0
      vertex -46.925 -75.535 0
      vertex -2.23917 -91.1784 0
    endloop
  endfacet
  facet normal 0 0 -1
    outer loop
      vertex -2.15312 -91.611 0
      vertex -46.925 -75.535 0
      vertex -2.20677 -91.3968 0
    endloop
  endfacet
  facet normal 0 0 -1
    outer loop
      vertex -2.07873 -91.8189 0
      vertex -46.925 -75.535 0
      vertex -2.15312 -91.611 0
    endloop
  endfacet
  facet normal 0 0 -1
    outer loop
      vertex -1.98432 -92.0185 0
      vertex -46.925 -75.535 0
      vertex -2.07873 -91.8189 0
    endloop
  endfacet
  facet normal 0 0 -1
    outer loop
      vertex -1.87081 -92.2079 0
      vertex -46.925 -75.535 0
      vertex -1.98432 -92.0185 0
    endloop
  endfacet
  facet normal 0 0 -1
    outer loop
      vertex -1.73927 -92.3852 0
      vertex -46.925 -75.535 0
      vertex -1.87081 -92.2079 0
    endloop
  endfacet
  facet normal 0 0 -1
    outer loop
      vertex -77.2186 -92.3852 0
      vertex -1.73927 -92.3852 0
      vertex -1.59099 -92.5489 0
    endloop
  endfacet
  facet normal 0 0 -1
    outer loop
      vertex -77.3669 -92.5489 0
      vertex -1.59099 -92.5489 0
      vertex -1.42738 -92.6971 0
    endloop
  endfacet
  facet normal 0 0 -1
    outer loop
      vertex -77.5305 -92.6971 0
      vertex -1.42738 -92.6971 0
      vertex -1.25003 -92.8287 0
    endloop
  endfacet
  facet normal 0 0 -1
    outer loop
      vertex -77.7078 -92.8287 0
      vertex -1.25003 -92.8287 0
      vertex -1.06064 -92.9422 0
    endloop
  endfacet
  facet normal 0 0 -1
    outer loop
      vertex -85.9579 -97.9579 0
      vertex -1.06064 -92.9422 0
      vertex -0.861037 -93.0366 0
    endloop
  endfacet
  facet normal 0 0 -1
    outer loop
      vertex -1.73927 -92.3852 0
      vertex -77.2186 -92.3852 0
      vertex -46.925 -75.535 0
    endloop
  endfacet
  facet normal 0 0 -1
    outer loop
      vertex -85.9579 -97.9579 0
      vertex -0.861037 -93.0366 0
      vertex -0.65314 -93.111 0
    endloop
  endfacet
  facet normal 0 -0 -1
    outer loop
      vertex -77.0871 -92.2079 0
      vertex -46.925 -75.535 0
      vertex -77.2186 -92.3852 0
    endloop
  endfacet
  facet normal 0 -0 -1
    outer loop
      vertex -76.9735 -92.0185 0
      vertex -46.925 -75.535 0
      vertex -77.0871 -92.2079 0
    endloop
  endfacet
  facet normal -0 0 -1
    outer loop
      vertex -50.7882 -75.4853 0
      vertex -76.9735 -92.0185 0
      vertex -50.8148 -75.485 0
    endloop
  endfacet
  facet normal 0 -0 -1
    outer loop
      vertex -76.8791 -91.8189 0
      vertex -50.8148 -75.485 0
      vertex -76.9735 -92.0185 0
    endloop
  endfacet
  facet normal -0 0 -1
    outer loop
      vertex -50.8148 -75.485 0
      vertex -76.8791 -91.8189 0
      vertex -52.8916 -75.3358 0
    endloop
  endfacet
  facet normal 0 -0 -1
    outer loop
      vertex -76.8047 -91.611 0
      vertex -52.8916 -75.3358 0
      vertex -76.8791 -91.8189 0
    endloop
  endfacet
  facet normal -0 0 -1
    outer loop
      vertex -52.8916 -75.3358 0
      vertex -76.8047 -91.611 0
      vertex -52.9059 -75.3348 0
    endloop
  endfacet
  facet normal -0 0 -1
    outer loop
      vertex -56.0463 -74.73 0
      vertex -76.7187 -90.7373 0
      vertex -57.3059 -74.2805 0
    endloop
  endfacet
  facet normal 0 0 -1
    outer loop
      vertex -76.8047 -90.3047 0
      vertex -57.3059 -74.2805 0
      vertex -76.7511 -90.5189 0
    endloop
  endfacet
  facet normal -0 0 -1
    outer loop
      vertex -58.4353 -73.7209 0
      vertex -76.9735 -89.8972 0
      vertex -59.4231 -73.0662 0
    endloop
  endfacet
  facet normal 0 0 -1
    outer loop
      vertex -77.1702 -71.1523 0
      vertex -60.3001 -72.3001 0
      vertex -77.0871 -89.7078 0
    endloop
  endfacet
  facet normal 0 -0 -1
    outer loop
      vertex -77.0617 -70.9714 0
      vertex -61.7209 -70.4353 0
      vertex -77.1702 -71.1523 0
    endloop
  endfacet
  facet normal 0 -0 -1
    outer loop
      vertex -76.9715 -70.7806 0
      vertex -61.7254 -70.4285 0
      vertex -77.0617 -70.9714 0
    endloop
  endfacet
  facet normal 0 -0 -1
    outer loop
      vertex -76.8492 -70.3773 0
      vertex -62.2805 -69.3059 0
      vertex -76.9004 -70.582 0
    endloop
  endfacet
  facet normal -0 0 -1
    outer loop
      vertex -62.2767 -69.3136 0
      vertex -76.9004 -70.582 0
      vertex -62.2805 -69.3059 0
    endloop
  endfacet
  facet normal 0 -0 -1
    outer loop
      vertex -76.9004 -70.582 0
      vertex -62.2767 -69.3136 0
      vertex -76.9715 -70.7806 0
    endloop
  endfacet
  facet normal -0 0 -1
    outer loop
      vertex -61.7254 -70.4285 0
      vertex -76.9715 -70.7806 0
      vertex -62.2767 -69.3136 0
    endloop
  endfacet
  facet normal -0 0 -1
    outer loop
      vertex -61.7209 -70.4353 0
      vertex -77.0617 -70.9714 0
      vertex -61.7254 -70.4285 0
    endloop
  endfacet
  facet normal 0 0 -1
    outer loop
      vertex -61.0662 -71.4231 0
      vertex -77.1702 -71.1523 0
      vertex -61.7209 -70.4353 0
    endloop
  endfacet
  facet normal 0 0 -1
    outer loop
      vertex -60.3054 -72.2941 0
      vertex -77.1702 -71.1523 0
      vertex -61.0662 -71.4231 0
    endloop
  endfacet
  facet normal 0 0 -1
    outer loop
      vertex -60.3001 -72.3001 0
      vertex -77.1702 -71.1523 0
      vertex -60.3054 -72.2941 0
    endloop
  endfacet
  facet normal -0 0 -1
    outer loop
      vertex -60.2941 -72.3054 0
      vertex -77.0871 -89.7078 0
      vertex -60.3001 -72.3001 0
    endloop
  endfacet
  facet normal -0 0 -1
    outer loop
      vertex -59.4231 -73.0662 0
      vertex -77.0871 -89.7078 0
      vertex -60.2941 -72.3054 0
    endloop
  endfacet
  facet normal 0 0 -1
    outer loop
      vertex -77.0871 -89.7078 0
      vertex -59.4231 -73.0662 0
      vertex -76.9735 -89.8972 0
    endloop
  endfacet
  facet normal -0 0 -1
    outer loop
      vertex -58.4285 -73.7254 0
      vertex -76.9735 -89.8972 0
      vertex -58.4353 -73.7209 0
    endloop
  endfacet
  facet normal 0 0 -1
    outer loop
      vertex -76.9735 -89.8972 0
      vertex -58.4285 -73.7254 0
      vertex -76.8791 -90.0968 0
    endloop
  endfacet
  facet normal 0 0 -1
    outer loop
      vertex -76.8791 -90.0968 0
      vertex -58.4285 -73.7254 0
      vertex -76.8047 -90.3047 0
    endloop
  endfacet
  facet normal -0 0 -1
    outer loop
      vertex -57.3136 -74.2767 0
      vertex -76.8047 -90.3047 0
      vertex -58.4285 -73.7254 0
    endloop
  endfacet
  facet normal -0 0 -1
    outer loop
      vertex -57.3059 -74.2805 0
      vertex -76.8047 -90.3047 0
      vertex -57.3136 -74.2767 0
    endloop
  endfacet
  facet normal 0 0 -1
    outer loop
      vertex -76.7511 -90.5189 0
      vertex -57.3059 -74.2805 0
      vertex -76.7187 -90.7373 0
    endloop
  endfacet
  facet normal -0 0 -1
    outer loop
      vertex -56.0376 -74.7331 0
      vertex -76.7187 -90.7373 0
      vertex -56.0463 -74.73 0
    endloop
  endfacet
  facet normal 0 0 -1
    outer loop
      vertex -76.7187 -90.7373 0
      vertex -56.0376 -74.7331 0
      vertex -76.7079 -90.9579 0
    endloop
  endfacet
  facet normal 0 -0 -1
    outer loop
      vertex -76.7511 -91.3968 0
      vertex -52.9059 -75.3348 0
      vertex -76.8047 -91.611 0
    endloop
  endfacet
  facet normal 0 0 -1
    outer loop
      vertex -85.9579 -97.9579 0
      vertex -0.65314 -93.111 0
      vertex -0.438952 -93.1646 0
    endloop
  endfacet
  facet normal 0 0 -1
    outer loop
      vertex -85.9579 -97.9579 0
      vertex -0.438952 -93.1646 0
      vertex -0.220538 -93.197 0
    endloop
  endfacet
  facet normal -0 0 -1
    outer loop
      vertex 0 -93.2079 0
      vertex -85.9579 -97.9579 0
      vertex -0.220538 -93.197 0
    endloop
  endfacet
  facet normal -0 0 -1
    outer loop
      vertex -54.6021 -75.0819 0
      vertex -76.7079 -90.9579 0
      vertex -56.0376 -74.7331 0
    endloop
  endfacet
  facet normal 0 -0 -1
    outer loop
      vertex -76.7079 -90.9579 0
      vertex -54.6021 -75.0819 0
      vertex -76.7187 -91.1784 0
    endloop
  endfacet
  facet normal -0 0 -1
    outer loop
      vertex -54.5922 -75.0843 0
      vertex -76.7187 -91.1784 0
      vertex -54.6021 -75.0819 0
    endloop
  endfacet
  facet normal 0 -0 -1
    outer loop
      vertex -76.7187 -91.1784 0
      vertex -54.5922 -75.0843 0
      vertex -76.7511 -91.3968 0
    endloop
  endfacet
  facet normal -0 0 -1
    outer loop
      vertex -52.9174 -75.3331 0
      vertex -76.7511 -91.3968 0
      vertex -54.5922 -75.0843 0
    endloop
  endfacet
  facet normal -0 0 -1
    outer loop
      vertex -52.9059 -75.3348 0
      vertex -76.7511 -91.3968 0
      vertex -52.9174 -75.3331 0
    endloop
  endfacet
  facet normal -0 0 -1
    outer loop
      vertex -46.925 -75.535 0
      vertex -76.9735 -92.0185 0
      vertex -50.7882 -75.4853 0
    endloop
  endfacet
  facet normal 0 0 -1
    outer loop
      vertex -1.59099 -92.5489 0
      vertex -77.3669 -92.5489 0
      vertex -77.2186 -92.3852 0
    endloop
  endfacet
  facet normal 0 0 -1
    outer loop
      vertex -1.42738 -92.6971 0
      vertex -77.5305 -92.6971 0
      vertex -77.3669 -92.5489 0
    endloop
  endfacet
  facet normal 0 0 -1
    outer loop
      vertex -1.25003 -92.8287 0
      vertex -77.7078 -92.8287 0
      vertex -77.5305 -92.6971 0
    endloop
  endfacet
  facet normal 0 0 -1
    outer loop
      vertex -1.06064 -92.9422 0
      vertex -77.8972 -92.9422 0
      vertex -77.7078 -92.8287 0
    endloop
  endfacet
  facet normal -0 0 -1
    outer loop
      vertex -1.06064 -92.9422 0
      vertex -85.9579 -97.9579 0
      vertex -77.8972 -92.9422 0
    endloop
  endfacet
  facet normal 0 0 -1
    outer loop
      vertex -77.8972 -92.9422 0
      vertex -85.9579 -97.9579 0
      vertex -78.0968 -93.0366 0
    endloop
  endfacet
  facet normal 0 0 -1
    outer loop
      vertex -78.0968 -93.0366 0
      vertex -85.9579 -97.9579 0
      vertex -78.3047 -93.111 0
    endloop
  endfacet
  facet normal 0 0 -1
    outer loop
      vertex -78.3047 -93.111 0
      vertex -85.9579 -97.9579 0
      vertex -78.5189 -93.1646 0
    endloop
  endfacet
  facet normal 0 0 -1
    outer loop
      vertex -78.5189 -93.1646 0
      vertex -85.9579 -97.9579 0
      vertex -78.7373 -93.197 0
    endloop
  endfacet
  facet normal -0 0 -1
    outer loop
      vertex -81.197 -0.220538 0
      vertex -85.9579 -97.9579 0
      vertex -81.2079 0 0
    endloop
  endfacet
  facet normal 0 0 -1
    outer loop
      vertex -85.9579 97.9579 0
      vertex -81.2079 0 0
      vertex -85.9579 -97.9579 0
    endloop
  endfacet
  facet normal -0 0 -1
    outer loop
      vertex -81.197 -91.1784 0
      vertex -85.9579 -97.9579 0
      vertex -81.2079 -90.9579 0
    endloop
  endfacet
  facet normal -0 0 -1
    outer loop
      vertex -81.1646 -91.3968 0
      vertex -85.9579 -97.9579 0
      vertex -81.197 -91.1784 0
    endloop
  endfacet
  facet normal -0 0 -1
    outer loop
      vertex -81.111 -91.611 0
      vertex -85.9579 -97.9579 0
      vertex -81.1646 -91.3968 0
    endloop
  endfacet
  facet normal -0 0 -1
    outer loop
      vertex -81.0366 -91.8189 0
      vertex -85.9579 -97.9579 0
      vertex -81.111 -91.611 0
    endloop
  endfacet
  facet normal -0 0 -1
    outer loop
      vertex -80.9422 -92.0185 0
      vertex -85.9579 -97.9579 0
      vertex -81.0366 -91.8189 0
    endloop
  endfacet
  facet normal -0 0 -1
    outer loop
      vertex -80.8287 -92.2079 0
      vertex -85.9579 -97.9579 0
      vertex -80.9422 -92.0185 0
    endloop
  endfacet
  facet normal -0 0 -1
    outer loop
      vertex -80.6971 -92.3852 0
      vertex -85.9579 -97.9579 0
      vertex -80.8287 -92.2079 0
    endloop
  endfacet
  facet normal -0 0 -1
    outer loop
      vertex -80.5489 -92.5489 0
      vertex -85.9579 -97.9579 0
      vertex -80.6971 -92.3852 0
    endloop
  endfacet
  facet normal -0 0 -1
    outer loop
      vertex -80.3852 -92.6971 0
      vertex -85.9579 -97.9579 0
      vertex -80.5489 -92.5489 0
    endloop
  endfacet
  facet normal -0 0 -1
    outer loop
      vertex -80.2079 -92.8287 0
      vertex -85.9579 -97.9579 0
      vertex -80.3852 -92.6971 0
    endloop
  endfacet
  facet normal -0 0 -1
    outer loop
      vertex -80.0185 -92.9422 0
      vertex -85.9579 -97.9579 0
      vertex -80.2079 -92.8287 0
    endloop
  endfacet
  facet normal -0 0 -1
    outer loop
      vertex -79.8189 -93.0366 0
      vertex -85.9579 -97.9579 0
      vertex -80.0185 -92.9422 0
    endloop
  endfacet
  facet normal -0 0 -1
    outer loop
      vertex -79.611 -93.111 0
      vertex -85.9579 -97.9579 0
      vertex -79.8189 -93.0366 0
    endloop
  endfacet
  facet normal -0 0 -1
    outer loop
      vertex -79.3968 -93.1646 0
      vertex -85.9579 -97.9579 0
      vertex -79.611 -93.111 0
    endloop
  endfacet
  facet normal -0 0 -1
    outer loop
      vertex -79.1784 -93.197 0
      vertex -85.9579 -97.9579 0
      vertex -79.3968 -93.1646 0
    endloop
  endfacet
  facet normal -0 0 -1
    outer loop
      vertex -78.9579 -93.2079 0
      vertex -85.9579 -97.9579 0
      vertex -79.1784 -93.197 0
    endloop
  endfacet
  facet normal 0 0 -1
    outer loop
      vertex -78.7373 -93.197 0
      vertex -85.9579 -97.9579 0
      vertex -78.9579 -93.2079 0
    endloop
  endfacet
  facet normal 0 0 -1
    outer loop
      vertex 85.9579 -97.9579 0
      vertex 81.2079 0 0
      vertex 85.9579 97.9579 0
    endloop
  endfacet
  facet normal 0 0 -1
    outer loop
      vertex 81.197 0.220538 0
      vertex 85.9579 97.9579 0
      vertex 81.2079 0 0
    endloop
  endfacet
  facet normal 0 0 -1
    outer loop
      vertex 81.197 91.1784 0
      vertex 85.9579 97.9579 0
      vertex 81.2079 90.9579 0
    endloop
  endfacet
  facet normal 0 0 -1
    outer loop
      vertex 81.1646 91.3968 0
      vertex 85.9579 97.9579 0
      vertex 81.197 91.1784 0
    endloop
  endfacet
  facet normal 0 0 -1
    outer loop
      vertex 81.111 91.611 0
      vertex 85.9579 97.9579 0
      vertex 81.1646 91.3968 0
    endloop
  endfacet
  facet normal 0 0 -1
    outer loop
      vertex 81.0366 91.8189 0
      vertex 85.9579 97.9579 0
      vertex 81.111 91.611 0
    endloop
  endfacet
  facet normal 0 0 -1
    outer loop
      vertex 80.9422 92.0185 0
      vertex 85.9579 97.9579 0
      vertex 81.0366 91.8189 0
    endloop
  endfacet
  facet normal 0 0 -1
    outer loop
      vertex 80.8287 92.2079 0
      vertex 85.9579 97.9579 0
      vertex 80.9422 92.0185 0
    endloop
  endfacet
  facet normal 0 0 -1
    outer loop
      vertex 80.6971 92.3852 0
      vertex 85.9579 97.9579 0
      vertex 80.8287 92.2079 0
    endloop
  endfacet
  facet normal 0 0 -1
    outer loop
      vertex 80.5489 92.5489 0
      vertex 85.9579 97.9579 0
      vertex 80.6971 92.3852 0
    endloop
  endfacet
  facet normal 0 0 -1
    outer loop
      vertex 80.3852 92.6971 0
      vertex 85.9579 97.9579 0
      vertex 80.5489 92.5489 0
    endloop
  endfacet
  facet normal 0 0 -1
    outer loop
      vertex 80.2079 92.8287 0
      vertex 85.9579 97.9579 0
      vertex 80.3852 92.6971 0
    endloop
  endfacet
  facet normal 0 0 -1
    outer loop
      vertex 80.0185 92.9422 0
      vertex 85.9579 97.9579 0
      vertex 80.2079 92.8287 0
    endloop
  endfacet
  facet normal 0 0 -1
    outer loop
      vertex 79.8189 93.0366 0
      vertex 85.9579 97.9579 0
      vertex 80.0185 92.9422 0
    endloop
  endfacet
  facet normal 0 0 -1
    outer loop
      vertex 79.611 93.111 0
      vertex 85.9579 97.9579 0
      vertex 79.8189 93.0366 0
    endloop
  endfacet
  facet normal 0 0 -1
    outer loop
      vertex 79.3968 93.1646 0
      vertex 85.9579 97.9579 0
      vertex 79.611 93.111 0
    endloop
  endfacet
  facet normal 0 0 -1
    outer loop
      vertex 79.1784 93.197 0
      vertex 85.9579 97.9579 0
      vertex 79.3968 93.1646 0
    endloop
  endfacet
  facet normal 0 0 -1
    outer loop
      vertex 78.9579 93.2079 0
      vertex 85.9579 97.9579 0
      vertex 79.1784 93.197 0
    endloop
  endfacet
  facet normal 0 0 -1
    outer loop
      vertex 78.7373 93.197 0
      vertex 85.9579 97.9579 0
      vertex 78.9579 93.2079 0
    endloop
  endfacet
  facet normal 0 0 -1
    outer loop
      vertex 78.5189 93.1646 0
      vertex 85.9579 97.9579 0
      vertex 78.7373 93.197 0
    endloop
  endfacet
  facet normal 0 0 -1
    outer loop
      vertex 78.3047 93.111 0
      vertex 85.9579 97.9579 0
      vertex 78.5189 93.1646 0
    endloop
  endfacet
  facet normal 0 0 -1
    outer loop
      vertex 78.0968 93.0366 0
      vertex 85.9579 97.9579 0
      vertex 78.3047 93.111 0
    endloop
  endfacet
  facet normal 0 0 -1
    outer loop
      vertex 77.8972 92.9422 0
      vertex 85.9579 97.9579 0
      vertex 78.0968 93.0366 0
    endloop
  endfacet
  facet normal 0 0 -1
    outer loop
      vertex 1.06064 92.9422 0
      vertex 77.8972 92.9422 0
      vertex 77.7078 92.8287 0
    endloop
  endfacet
  facet normal 0 0 -1
    outer loop
      vertex 76.7079 0 0
      vertex 63.535 58.925 0
      vertex 76.7079 90.9579 0
    endloop
  endfacet
  facet normal 0 0 -1
    outer loop
      vertex 63.4853 62.7882 0
      vertex 76.7079 90.9579 0
      vertex 63.535 58.925 0
    endloop
  endfacet
  facet normal 0 0 -1
    outer loop
      vertex 63.485 62.8148 0
      vertex 76.7079 90.9579 0
      vertex 63.4853 62.7882 0
    endloop
  endfacet
  facet normal 0 0 -1
    outer loop
      vertex 63.3358 64.8916 0
      vertex 76.7079 90.9579 0
      vertex 63.485 62.8148 0
    endloop
  endfacet
  facet normal 0 0 -1
    outer loop
      vertex 63.3348 64.9059 0
      vertex 76.7079 90.9579 0
      vertex 63.3358 64.8916 0
    endloop
  endfacet
  facet normal 0 0 -1
    outer loop
      vertex 63.3331 64.9174 0
      vertex 76.7079 90.9579 0
      vertex 63.3348 64.9059 0
    endloop
  endfacet
  facet normal 0 0 -1
    outer loop
      vertex 63.0843 66.5922 0
      vertex 76.7079 90.9579 0
      vertex 63.3331 64.9174 0
    endloop
  endfacet
  facet normal 0 0 -1
    outer loop
      vertex 63.0819 66.6021 0
      vertex 76.7079 90.9579 0
      vertex 63.0843 66.5922 0
    endloop
  endfacet
  facet normal 0 0 -1
    outer loop
      vertex 62.7331 68.0376 0
      vertex 76.7079 90.9579 0
      vertex 63.0819 66.6021 0
    endloop
  endfacet
  facet normal 0 0 -1
    outer loop
      vertex 62.73 68.0463 0
      vertex 76.7079 90.9579 0
      vertex 62.7331 68.0376 0
    endloop
  endfacet
  facet normal 0 0 -1
    outer loop
      vertex 62.2805 69.3059 0
      vertex 76.7079 90.9579 0
      vertex 62.73 68.0463 0
    endloop
  endfacet
  facet normal 0 0 -1
    outer loop
      vertex 62.2767 69.3136 0
      vertex 76.7079 90.9579 0
      vertex 62.2805 69.3059 0
    endloop
  endfacet
  facet normal 0 0 -1
    outer loop
      vertex 61.7254 70.4285 0
      vertex 76.7079 90.9579 0
      vertex 62.2767 69.3136 0
    endloop
  endfacet
  facet normal 0 0 -1
    outer loop
      vertex 61.7209 70.4353 0
      vertex 76.7079 90.9579 0
      vertex 61.7254 70.4285 0
    endloop
  endfacet
  facet normal 0 0 -1
    outer loop
      vertex 61.0662 71.4231 0
      vertex 76.7079 90.9579 0
      vertex 61.7209 70.4353 0
    endloop
  endfacet
  facet normal 0 0 -1
    outer loop
      vertex 60.3054 72.2941 0
      vertex 76.7079 90.9579 0
      vertex 61.0662 71.4231 0
    endloop
  endfacet
  facet normal 0 0 -1
    outer loop
      vertex 60.3001 72.3001 0
      vertex 76.7079 90.9579 0
      vertex 60.3054 72.2941 0
    endloop
  endfacet
  facet normal 0 0 -1
    outer loop
      vertex 60.2941 72.3054 0
      vertex 76.7079 90.9579 0
      vertex 60.3001 72.3001 0
    endloop
  endfacet
  facet normal 0 0 -1
    outer loop
      vertex 59.4231 73.0662 0
      vertex 76.7079 90.9579 0
      vertex 60.2941 72.3054 0
    endloop
  endfacet
  facet normal 0 0 -1
    outer loop
      vertex 58.4353 73.7209 0
      vertex 76.7079 90.9579 0
      vertex 59.4231 73.0662 0
    endloop
  endfacet
  facet normal 0 0 -1
    outer loop
      vertex 58.4285 73.7254 0
      vertex 76.7079 90.9579 0
      vertex 58.4353 73.7209 0
    endloop
  endfacet
  facet normal 0 0 -1
    outer loop
      vertex 57.3136 74.2767 0
      vertex 76.7079 90.9579 0
      vertex 58.4285 73.7254 0
    endloop
  endfacet
  facet normal 0 0 -1
    outer loop
      vertex 57.3059 74.2805 0
      vertex 76.7079 90.9579 0
      vertex 57.3136 74.2767 0
    endloop
  endfacet
  facet normal 0 0 -1
    outer loop
      vertex 56.0463 74.73 0
      vertex 76.7079 90.9579 0
      vertex 57.3059 74.2805 0
    endloop
  endfacet
  facet normal 0 0 -1
    outer loop
      vertex 56.0376 74.7331 0
      vertex 76.7079 90.9579 0
      vertex 56.0463 74.73 0
    endloop
  endfacet
  facet normal 0 0 -1
    outer loop
      vertex 54.6021 75.0819 0
      vertex 76.7079 90.9579 0
      vertex 56.0376 74.7331 0
    endloop
  endfacet
  facet normal -0 0 -1
    outer loop
      vertex 76.7079 90.9579 0
      vertex 54.6021 75.0819 0
      vertex 76.7187 91.1784 0
    endloop
  endfacet
  facet normal 0 0 -1
    outer loop
      vertex 54.5922 75.0843 0
      vertex 76.7187 91.1784 0
      vertex 54.6021 75.0819 0
    endloop
  endfacet
  facet normal -0 0 -1
    outer loop
      vertex 76.7187 91.1784 0
      vertex 54.5922 75.0843 0
      vertex 76.7511 91.3968 0
    endloop
  endfacet
  facet normal 0 0 -1
    outer loop
      vertex 52.9174 75.3331 0
      vertex 76.7511 91.3968 0
      vertex 54.5922 75.0843 0
    endloop
  endfacet
  facet normal 0 0 -1
    outer loop
      vertex 52.9059 75.3348 0
      vertex 76.7511 91.3968 0
      vertex 52.9174 75.3331 0
    endloop
  endfacet
  facet normal -0 0 -1
    outer loop
      vertex 76.7511 91.3968 0
      vertex 52.9059 75.3348 0
      vertex 76.8047 91.611 0
    endloop
  endfacet
  facet normal 0 0 -1
    outer loop
      vertex 52.8916 75.3358 0
      vertex 76.8047 91.611 0
      vertex 52.9059 75.3348 0
    endloop
  endfacet
  facet normal -0 0 -1
    outer loop
      vertex 76.8047 91.611 0
      vertex 52.8916 75.3358 0
      vertex 76.8791 91.8189 0
    endloop
  endfacet
  facet normal 0 0 -1
    outer loop
      vertex 50.8148 75.485 0
      vertex 76.8791 91.8189 0
      vertex 52.8916 75.3358 0
    endloop
  endfacet
  facet normal -0 0 -1
    outer loop
      vertex 76.8791 91.8189 0
      vertex 50.8148 75.485 0
      vertex 76.9735 92.0185 0
    endloop
  endfacet
  facet normal 0 0 -1
    outer loop
      vertex 50.7882 75.4853 0
      vertex 76.9735 92.0185 0
      vertex 50.8148 75.485 0
    endloop
  endfacet
  facet normal 0 0 -1
    outer loop
      vertex 46.925 75.535 0
      vertex 76.9735 92.0185 0
      vertex 50.7882 75.4853 0
    endloop
  endfacet
  facet normal -0 0 -1
    outer loop
      vertex 76.9735 92.0185 0
      vertex 46.925 75.535 0
      vertex 77.0871 92.2079 0
    endloop
  endfacet
  facet normal -0 0 -1
    outer loop
      vertex 77.0871 92.2079 0
      vertex 46.925 75.535 0
      vertex 77.2186 92.3852 0
    endloop
  endfacet
  facet normal 0 0 -1
    outer loop
      vertex 1.73927 92.3852 0
      vertex 77.2186 92.3852 0
      vertex 46.925 75.535 0
    endloop
  endfacet
  facet normal 0 0 -1
    outer loop
      vertex 77.2186 92.3852 0
      vertex 1.73927 92.3852 0
      vertex 77.3669 92.5489 0
    endloop
  endfacet
  facet normal 0 0 -1
    outer loop
      vertex 1.59099 92.5489 0
      vertex 77.3669 92.5489 0
      vertex 1.73927 92.3852 0
    endloop
  endfacet
  facet normal 0 0 -1
    outer loop
      vertex 77.3669 92.5489 0
      vertex 1.59099 92.5489 0
      vertex 77.5305 92.6971 0
    endloop
  endfacet
  facet normal 0 0 -1
    outer loop
      vertex 2.23917 91.1784 0
      vertex 46.925 75.535 0
      vertex 2.25 90.9579 0
    endloop
  endfacet
  facet normal 0 0 -1
    outer loop
      vertex 2.20677 91.3968 0
      vertex 46.925 75.535 0
      vertex 2.23917 91.1784 0
    endloop
  endfacet
  facet normal 0 0 -1
    outer loop
      vertex 2.15312 91.611 0
      vertex 46.925 75.535 0
      vertex 2.20677 91.3968 0
    endloop
  endfacet
  facet normal 0 0 -1
    outer loop
      vertex 2.07873 91.8189 0
      vertex 46.925 75.535 0
      vertex 2.15312 91.611 0
    endloop
  endfacet
  facet normal 0 0 -1
    outer loop
      vertex 1.98432 92.0185 0
      vertex 46.925 75.535 0
      vertex 2.07873 91.8189 0
    endloop
  endfacet
  facet normal 0 0 -1
    outer loop
      vertex 1.87081 92.2079 0
      vertex 46.925 75.535 0
      vertex 1.98432 92.0185 0
    endloop
  endfacet
  facet normal 0 0 -1
    outer loop
      vertex 1.73927 92.3852 0
      vertex 46.925 75.535 0
      vertex 1.87081 92.2079 0
    endloop
  endfacet
  facet normal 0 0 -1
    outer loop
      vertex 1.42738 92.6971 0
      vertex 77.5305 92.6971 0
      vertex 1.59099 92.5489 0
    endloop
  endfacet
  facet normal 0 0 -1
    outer loop
      vertex 77.5305 92.6971 0
      vertex 1.42738 92.6971 0
      vertex 77.7078 92.8287 0
    endloop
  endfacet
  facet normal 0 0 -1
    outer loop
      vertex 1.25003 92.8287 0
      vertex 77.7078 92.8287 0
      vertex 1.42738 92.6971 0
    endloop
  endfacet
  facet normal 0 0 -1
    outer loop
      vertex 1.06064 92.9422 0
      vertex 77.7078 92.8287 0
      vertex 1.25003 92.8287 0
    endloop
  endfacet
  facet normal 0 0 -1
    outer loop
      vertex 77.8972 92.9422 0
      vertex 1.06064 92.9422 0
      vertex 85.9579 97.9579 0
    endloop
  endfacet
  facet normal 0 0 -1
    outer loop
      vertex 0.861037 93.0366 0
      vertex 85.9579 97.9579 0
      vertex 1.06064 92.9422 0
    endloop
  endfacet
  facet normal 0 0 -1
    outer loop
      vertex 0.65314 93.111 0
      vertex 85.9579 97.9579 0
      vertex 0.861037 93.0366 0
    endloop
  endfacet
  facet normal 0 0 -1
    outer loop
      vertex 0.438952 93.1646 0
      vertex 85.9579 97.9579 0
      vertex 0.65314 93.111 0
    endloop
  endfacet
  facet normal 0 0 -1
    outer loop
      vertex 0.220538 93.197 0
      vertex 85.9579 97.9579 0
      vertex 0.438952 93.1646 0
    endloop
  endfacet
  facet normal 0 0 -1
    outer loop
      vertex 0 93.2079 0
      vertex 85.9579 97.9579 0
      vertex 0.220538 93.197 0
    endloop
  endfacet
  facet normal 0 0 -1
    outer loop
      vertex -85.9579 97.9579 0
      vertex 0 93.2079 0
      vertex -0.220538 93.197 0
    endloop
  endfacet
  facet normal 0 0 -1
    outer loop
      vertex -46.925 75.535 0
      vertex -2.23917 91.1784 0
      vertex -2.25 90.9579 0
    endloop
  endfacet
  facet normal 0 0 -1
    outer loop
      vertex -46.925 75.535 0
      vertex -2.20677 91.3968 0
      vertex -2.23917 91.1784 0
    endloop
  endfacet
  facet normal 0 0 -1
    outer loop
      vertex -46.925 75.535 0
      vertex -2.15312 91.611 0
      vertex -2.20677 91.3968 0
    endloop
  endfacet
  facet normal 0 0 -1
    outer loop
      vertex -46.925 75.535 0
      vertex -2.07873 91.8189 0
      vertex -2.15312 91.611 0
    endloop
  endfacet
  facet normal 0 0 -1
    outer loop
      vertex -46.925 75.535 0
      vertex -1.98432 92.0185 0
      vertex -2.07873 91.8189 0
    endloop
  endfacet
  facet normal 0 0 -1
    outer loop
      vertex -46.925 75.535 0
      vertex -1.87081 92.2079 0
      vertex -1.98432 92.0185 0
    endloop
  endfacet
  facet normal 0 0 -1
    outer loop
      vertex -46.925 75.535 0
      vertex -1.73927 92.3852 0
      vertex -1.87081 92.2079 0
    endloop
  endfacet
  facet normal 0 0 -1
    outer loop
      vertex -77.2186 92.3852 0
      vertex -1.73927 92.3852 0
      vertex -46.925 75.535 0
    endloop
  endfacet
  facet normal 0 0 -1
    outer loop
      vertex -1.73927 92.3852 0
      vertex -77.2186 92.3852 0
      vertex -1.59099 92.5489 0
    endloop
  endfacet
  facet normal 0 0 -1
    outer loop
      vertex -77.3669 92.5489 0
      vertex -1.59099 92.5489 0
      vertex -77.2186 92.3852 0
    endloop
  endfacet
  facet normal 0 0 -1
    outer loop
      vertex -1.59099 92.5489 0
      vertex -77.3669 92.5489 0
      vertex -1.42738 92.6971 0
    endloop
  endfacet
  facet normal 0 0 -1
    outer loop
      vertex -77.5305 92.6971 0
      vertex -1.42738 92.6971 0
      vertex -77.3669 92.5489 0
    endloop
  endfacet
  facet normal 0 0 -1
    outer loop
      vertex -76.9735 92.0185 0
      vertex -46.925 75.535 0
      vertex -50.7882 75.4853 0
    endloop
  endfacet
  facet normal 0 0 -1
    outer loop
      vertex -1.42738 92.6971 0
      vertex -77.5305 92.6971 0
      vertex -1.25003 92.8287 0
    endloop
  endfacet
  facet normal 0 0 -1
    outer loop
      vertex -76.9735 92.0185 0
      vertex -50.7882 75.4853 0
      vertex -50.8148 75.485 0
    endloop
  endfacet
  facet normal 0 0 -1
    outer loop
      vertex -76.8791 91.8189 0
      vertex -50.8148 75.485 0
      vertex -52.8916 75.3358 0
    endloop
  endfacet
  facet normal 0 0 -1
    outer loop
      vertex -76.8047 91.611 0
      vertex -52.8916 75.3358 0
      vertex -52.9059 75.3348 0
    endloop
  endfacet
  facet normal 0 0 -1
    outer loop
      vertex -76.7511 91.3968 0
      vertex -52.9059 75.3348 0
      vertex -52.9174 75.3331 0
    endloop
  endfacet
  facet normal 0 0 -1
    outer loop
      vertex -76.7511 91.3968 0
      vertex -52.9174 75.3331 0
      vertex -54.5922 75.0843 0
    endloop
  endfacet
  facet normal 0 0 -1
    outer loop
      vertex -76.7187 91.1784 0
      vertex -54.5922 75.0843 0
      vertex -54.6021 75.0819 0
    endloop
  endfacet
  facet normal 0 0 -1
    outer loop
      vertex -76.7079 90.9579 0
      vertex -54.6021 75.0819 0
      vertex -56.0376 74.7331 0
    endloop
  endfacet
  facet normal 0 0 -1
    outer loop
      vertex -76.7079 90.9579 0
      vertex -57.3136 74.2767 0
      vertex -58.4285 73.7254 0
    endloop
  endfacet
  facet normal 0 0 -1
    outer loop
      vertex -76.7079 90.9579 0
      vertex -58.4353 73.7209 0
      vertex -59.4231 73.0662 0
    endloop
  endfacet
  facet normal 0 0 -1
    outer loop
      vertex -76.7079 90.9579 0
      vertex -61.7209 70.4353 0
      vertex -61.7254 70.4285 0
    endloop
  endfacet
  facet normal 0 0 -1
    outer loop
      vertex -76.7079 90.9579 0
      vertex -62.73 68.0463 0
      vertex -62.7331 68.0376 0
    endloop
  endfacet
  facet normal 0 0 -1
    outer loop
      vertex -76.7079 90.9579 0
      vertex -63.3331 64.9174 0
      vertex -63.3348 64.9059 0
    endloop
  endfacet
  facet normal 0 0 -1
    outer loop
      vertex -76.7079 90.9579 0
      vertex -63.3358 64.8916 0
      vertex -63.485 62.8148 0
    endloop
  endfacet
  facet normal 0 0 -1
    outer loop
      vertex -63.535 -58.925 0
      vertex -76.7079 0 0
      vertex -63.535 58.925 0
    endloop
  endfacet
  facet normal 0 0 -1
    outer loop
      vertex -76.7187 0.220538 0
      vertex -63.535 58.925 0
      vertex -76.7079 0 0
    endloop
  endfacet
  facet normal 0 0 -1
    outer loop
      vertex -63.535 58.925 0
      vertex -76.7079 90.9579 0
      vertex -63.4853 62.7882 0
    endloop
  endfacet
  facet normal 0 0 -1
    outer loop
      vertex -63.4853 62.7882 0
      vertex -76.7079 90.9579 0
      vertex -63.485 62.8148 0
    endloop
  endfacet
  facet normal 0 0 -1
    outer loop
      vertex -63.3358 64.8916 0
      vertex -76.7079 90.9579 0
      vertex -63.3348 64.9059 0
    endloop
  endfacet
  facet normal 0 0 -1
    outer loop
      vertex -63.3331 64.9174 0
      vertex -76.7079 90.9579 0
      vertex -63.0843 66.5922 0
    endloop
  endfacet
  facet normal 0 0 -1
    outer loop
      vertex -76.7079 90.9579 0
      vertex -63.0819 66.6021 0
      vertex -63.0843 66.5922 0
    endloop
  endfacet
  facet normal 0 0 -1
    outer loop
      vertex -76.7079 90.9579 0
      vertex -62.7331 68.0376 0
      vertex -63.0819 66.6021 0
    endloop
  endfacet
  facet normal 0 0 -1
    outer loop
      vertex -62.73 68.0463 0
      vertex -76.7079 90.9579 0
      vertex -62.2805 69.3059 0
    endloop
  endfacet
  facet normal 0 0 -1
    outer loop
      vertex -76.7079 90.9579 0
      vertex -62.2767 69.3136 0
      vertex -62.2805 69.3059 0
    endloop
  endfacet
  facet normal 0 0 -1
    outer loop
      vertex -76.7079 90.9579 0
      vertex -61.7254 70.4285 0
      vertex -62.2767 69.3136 0
    endloop
  endfacet
  facet normal 0 0 -1
    outer loop
      vertex -61.7209 70.4353 0
      vertex -76.7079 90.9579 0
      vertex -61.0662 71.4231 0
    endloop
  endfacet
  facet normal 0 0 -1
    outer loop
      vertex -76.7079 90.9579 0
      vertex -60.3054 72.2941 0
      vertex -61.0662 71.4231 0
    endloop
  endfacet
  facet normal 0 0 -1
    outer loop
      vertex -76.7079 90.9579 0
      vertex -60.3001 72.3001 0
      vertex -60.3054 72.2941 0
    endloop
  endfacet
  facet normal 0 0 -1
    outer loop
      vertex -76.7079 90.9579 0
      vertex -60.2941 72.3054 0
      vertex -60.3001 72.3001 0
    endloop
  endfacet
  facet normal 0 0 -1
    outer loop
      vertex -76.7079 90.9579 0
      vertex -59.4231 73.0662 0
      vertex -60.2941 72.3054 0
    endloop
  endfacet
  facet normal 0 0 -1
    outer loop
      vertex -58.4353 73.7209 0
      vertex -76.7079 90.9579 0
      vertex -58.4285 73.7254 0
    endloop
  endfacet
  facet normal 0 0 -1
    outer loop
      vertex -57.3136 74.2767 0
      vertex -76.7079 90.9579 0
      vertex -57.3059 74.2805 0
    endloop
  endfacet
  facet normal 0 0 -1
    outer loop
      vertex -76.7079 90.9579 0
      vertex -56.0463 74.73 0
      vertex -57.3059 74.2805 0
    endloop
  endfacet
  facet normal 0 0 -1
    outer loop
      vertex -76.7079 90.9579 0
      vertex -56.0376 74.7331 0
      vertex -56.0463 74.73 0
    endloop
  endfacet
  facet normal 0 0 -1
    outer loop
      vertex -54.6021 75.0819 0
      vertex -76.7079 90.9579 0
      vertex -76.7187 91.1784 0
    endloop
  endfacet
  facet normal 0 0 -1
    outer loop
      vertex -54.5922 75.0843 0
      vertex -76.7187 91.1784 0
      vertex -76.7511 91.3968 0
    endloop
  endfacet
  facet normal 0 0 -1
    outer loop
      vertex -52.9059 75.3348 0
      vertex -76.7511 91.3968 0
      vertex -76.8047 91.611 0
    endloop
  endfacet
  facet normal 0 0 -1
    outer loop
      vertex -52.8916 75.3358 0
      vertex -76.8047 91.611 0
      vertex -76.8791 91.8189 0
    endloop
  endfacet
  facet normal 0 0 -1
    outer loop
      vertex -50.8148 75.485 0
      vertex -76.8791 91.8189 0
      vertex -76.9735 92.0185 0
    endloop
  endfacet
  facet normal 0 0 -1
    outer loop
      vertex -46.925 75.535 0
      vertex -76.9735 92.0185 0
      vertex -77.0871 92.2079 0
    endloop
  endfacet
  facet normal 0 0 -1
    outer loop
      vertex -46.925 75.535 0
      vertex -77.0871 92.2079 0
      vertex -77.2186 92.3852 0
    endloop
  endfacet
  facet normal 0 0 -1
    outer loop
      vertex -77.7078 92.8287 0
      vertex -1.25003 92.8287 0
      vertex -77.5305 92.6971 0
    endloop
  endfacet
  facet normal 0 0 -1
    outer loop
      vertex -1.25003 92.8287 0
      vertex -77.7078 92.8287 0
      vertex -1.06064 92.9422 0
    endloop
  endfacet
  facet normal 0 0 -1
    outer loop
      vertex -77.8972 92.9422 0
      vertex -1.06064 92.9422 0
      vertex -77.7078 92.8287 0
    endloop
  endfacet
  facet normal 0 0 -1
    outer loop
      vertex -85.9579 97.9579 0
      vertex -1.06064 92.9422 0
      vertex -77.8972 92.9422 0
    endloop
  endfacet
  facet normal 0 0 -1
    outer loop
      vertex -1.06064 92.9422 0
      vertex -85.9579 97.9579 0
      vertex -0.861037 93.0366 0
    endloop
  endfacet
  facet normal 0 0 -1
    outer loop
      vertex -0.861037 93.0366 0
      vertex -85.9579 97.9579 0
      vertex -0.65314 93.111 0
    endloop
  endfacet
  facet normal 0 0 -1
    outer loop
      vertex -0.65314 93.111 0
      vertex -85.9579 97.9579 0
      vertex -0.438952 93.1646 0
    endloop
  endfacet
  facet normal 0 0 -1
    outer loop
      vertex -0.438952 93.1646 0
      vertex -85.9579 97.9579 0
      vertex -0.220538 93.197 0
    endloop
  endfacet
  facet normal 0 0 -1
    outer loop
      vertex -85.9579 97.9579 0
      vertex -77.8972 92.9422 0
      vertex -78.0968 93.0366 0
    endloop
  endfacet
  facet normal 0 0 -1
    outer loop
      vertex -85.9579 97.9579 0
      vertex -78.0968 93.0366 0
      vertex -78.3047 93.111 0
    endloop
  endfacet
  facet normal 0 0 -1
    outer loop
      vertex -85.9579 97.9579 0
      vertex -78.3047 93.111 0
      vertex -78.5189 93.1646 0
    endloop
  endfacet
  facet normal 0 0 -1
    outer loop
      vertex -85.9579 97.9579 0
      vertex -78.5189 93.1646 0
      vertex -78.7373 93.197 0
    endloop
  endfacet
  facet normal 0 0 -1
    outer loop
      vertex -85.9579 97.9579 0
      vertex -78.7373 93.197 0
      vertex -78.9579 93.2079 0
    endloop
  endfacet
  facet normal 0 0 -1
    outer loop
      vertex 0 93.2079 0
      vertex -85.9579 97.9579 0
      vertex 85.9579 97.9579 0
    endloop
  endfacet
  facet normal 0 0 -1
    outer loop
      vertex -79.1784 93.197 0
      vertex -85.9579 97.9579 0
      vertex -78.9579 93.2079 0
    endloop
  endfacet
  facet normal 0 0 -1
    outer loop
      vertex -79.3968 93.1646 0
      vertex -85.9579 97.9579 0
      vertex -79.1784 93.197 0
    endloop
  endfacet
  facet normal 0 0 -1
    outer loop
      vertex -79.611 93.111 0
      vertex -85.9579 97.9579 0
      vertex -79.3968 93.1646 0
    endloop
  endfacet
  facet normal 0 0 -1
    outer loop
      vertex -79.8189 93.0366 0
      vertex -85.9579 97.9579 0
      vertex -79.611 93.111 0
    endloop
  endfacet
  facet normal 0 0 -1
    outer loop
      vertex -80.0185 92.9422 0
      vertex -85.9579 97.9579 0
      vertex -79.8189 93.0366 0
    endloop
  endfacet
  facet normal 0 0 -1
    outer loop
      vertex -80.2079 92.8287 0
      vertex -85.9579 97.9579 0
      vertex -80.0185 92.9422 0
    endloop
  endfacet
  facet normal 0 0 -1
    outer loop
      vertex -80.3852 92.6971 0
      vertex -85.9579 97.9579 0
      vertex -80.2079 92.8287 0
    endloop
  endfacet
  facet normal 0 0 -1
    outer loop
      vertex -80.5489 92.5489 0
      vertex -85.9579 97.9579 0
      vertex -80.3852 92.6971 0
    endloop
  endfacet
  facet normal 0 0 -1
    outer loop
      vertex -80.6971 92.3852 0
      vertex -85.9579 97.9579 0
      vertex -80.5489 92.5489 0
    endloop
  endfacet
  facet normal 0 0 -1
    outer loop
      vertex -80.8287 92.2079 0
      vertex -85.9579 97.9579 0
      vertex -80.6971 92.3852 0
    endloop
  endfacet
  facet normal 0 0 -1
    outer loop
      vertex -80.9422 92.0185 0
      vertex -85.9579 97.9579 0
      vertex -80.8287 92.2079 0
    endloop
  endfacet
  facet normal 0 0 -1
    outer loop
      vertex -81.0366 91.8189 0
      vertex -85.9579 97.9579 0
      vertex -80.9422 92.0185 0
    endloop
  endfacet
  facet normal 0 0 -1
    outer loop
      vertex -81.111 91.611 0
      vertex -85.9579 97.9579 0
      vertex -81.0366 91.8189 0
    endloop
  endfacet
  facet normal 0 0 -1
    outer loop
      vertex -81.1646 91.3968 0
      vertex -85.9579 97.9579 0
      vertex -81.111 91.611 0
    endloop
  endfacet
  facet normal 0 0 -1
    outer loop
      vertex -81.197 91.1784 0
      vertex -85.9579 97.9579 0
      vertex -81.1646 91.3968 0
    endloop
  endfacet
  facet normal 0 0 -1
    outer loop
      vertex -81.2079 90.9579 0
      vertex -85.9579 97.9579 0
      vertex -81.197 91.1784 0
    endloop
  endfacet
  facet normal 0 0 -1
    outer loop
      vertex -81.197 90.7373 0
      vertex -85.9579 97.9579 0
      vertex -81.2079 90.9579 0
    endloop
  endfacet
  facet normal 0 0 -1
    outer loop
      vertex 81.0666 -69.5384 0
      vertex 81.1646 -0.438952 0
      vertex 81.0975 -69.7471 0
    endloop
  endfacet
  facet normal 0 0 -1
    outer loop
      vertex 81.1646 -0.438952 0
      vertex 81.0666 -69.5384 0
      vertex 81.111 -0.65314 0
    endloop
  endfacet
  facet normal 0 0 -1
    outer loop
      vertex 81.0153 -69.3337 0
      vertex 81.111 -0.65314 0
      vertex 81.0666 -69.5384 0
    endloop
  endfacet
  facet normal 0 0 -1
    outer loop
      vertex 81.111 -0.65314 0
      vertex 81.0153 -69.3337 0
      vertex 81.0366 -0.861037 0
    endloop
  endfacet
  facet normal 0 0 -1
    outer loop
      vertex 80.9442 -69.1351 0
      vertex 81.0366 -0.861037 0
      vertex 81.0153 -69.3337 0
    endloop
  endfacet
  facet normal 0 0 -1
    outer loop
      vertex 80.9442 -69.1351 0
      vertex 80.9422 -1.06064 0
      vertex 81.0366 -0.861037 0
    endloop
  endfacet
  facet normal 0 0 -1
    outer loop
      vertex 80.854 -68.9444 0
      vertex 80.9422 -1.06064 0
      vertex 80.9442 -69.1351 0
    endloop
  endfacet
  facet normal 0 0 -1
    outer loop
      vertex 80.854 -68.9444 0
      vertex 80.8287 -1.25003 0
      vertex 80.9422 -1.06064 0
    endloop
  endfacet
  facet normal 0 0 -1
    outer loop
      vertex 80.7455 -68.7634 0
      vertex 80.8287 -1.25003 0
      vertex 80.854 -68.9444 0
    endloop
  endfacet
  facet normal 0 0 -1
    outer loop
      vertex 80.7455 -68.7634 0
      vertex 80.6971 -1.42738 0
      vertex 80.8287 -1.25003 0
    endloop
  endfacet
  facet normal 0 0 -1
    outer loop
      vertex 80.6198 -68.5939 0
      vertex 80.6971 -1.42738 0
      vertex 80.7455 -68.7634 0
    endloop
  endfacet
  facet normal 0 0 -1
    outer loop
      vertex 80.6198 -68.5939 0
      vertex 80.5489 -1.59099 0
      vertex 80.6971 -1.42738 0
    endloop
  endfacet
  facet normal 0 0 -1
    outer loop
      vertex 80.4781 -68.4376 0
      vertex 80.5489 -1.59099 0
      vertex 80.6198 -68.5939 0
    endloop
  endfacet
  facet normal 0 0 -1
    outer loop
      vertex 80.4781 -68.4376 0
      vertex 80.3852 -1.73927 0
      vertex 80.5489 -1.59099 0
    endloop
  endfacet
  facet normal 0 0 -1
    outer loop
      vertex 80.3218 -68.2959 0
      vertex 80.3852 -1.73927 0
      vertex 80.4781 -68.4376 0
    endloop
  endfacet
  facet normal 0 0 -1
    outer loop
      vertex 80.3218 -68.2959 0
      vertex 80.2079 -1.87081 0
      vertex 80.3852 -1.73927 0
    endloop
  endfacet
  facet normal 0 0 -1
    outer loop
      vertex 80.1523 -68.1702 0
      vertex 80.2079 -1.87081 0
      vertex 80.3218 -68.2959 0
    endloop
  endfacet
  facet normal 0 0 -1
    outer loop
      vertex 80.1523 -68.1702 0
      vertex 80.0185 -1.98432 0
      vertex 80.2079 -1.87081 0
    endloop
  endfacet
  facet normal 0 0 -1
    outer loop
      vertex 79.9714 -68.0617 0
      vertex 80.0185 -1.98432 0
      vertex 80.1523 -68.1702 0
    endloop
  endfacet
  facet normal 0 0 -1
    outer loop
      vertex 79.9714 -68.0617 0
      vertex 79.8189 -2.07873 0
      vertex 80.0185 -1.98432 0
    endloop
  endfacet
  facet normal 0 0 -1
    outer loop
      vertex 79.7806 -67.9715 0
      vertex 79.8189 -2.07873 0
      vertex 79.9714 -68.0617 0
    endloop
  endfacet
  facet normal 0 0 -1
    outer loop
      vertex 79.7806 -67.9715 0
      vertex 79.611 -2.15312 0
      vertex 79.8189 -2.07873 0
    endloop
  endfacet
  facet normal 0 0 -1
    outer loop
      vertex 79.582 -67.9004 0
      vertex 79.611 -2.15312 0
      vertex 79.7806 -67.9715 0
    endloop
  endfacet
  facet normal 0 0 -1
    outer loop
      vertex 79.582 -67.9004 0
      vertex 79.3968 -2.20677 0
      vertex 79.611 -2.15312 0
    endloop
  endfacet
  facet normal 0 0 -1
    outer loop
      vertex 79.3773 -67.8492 0
      vertex 79.3968 -2.20677 0
      vertex 79.582 -67.9004 0
    endloop
  endfacet
  facet normal 0 0 -1
    outer loop
      vertex 63.535 -58.925 0
      vertex 79.3968 -2.20677 0
      vertex 79.3773 -67.8492 0
    endloop
  endfacet
  facet normal 0 0 -1
    outer loop
      vertex 63.535 -58.925 0
      vertex 79.3773 -67.8492 0
      vertex 79.1686 -67.8182 0
    endloop
  endfacet
  facet normal 0 0 -1
    outer loop
      vertex 63.535 -58.925 0
      vertex 79.1686 -67.8182 0
      vertex 78.9579 -67.8079 0
    endloop
  endfacet
  facet normal 0 0 -1
    outer loop
      vertex 79.3968 -2.20677 0
      vertex 63.535 -58.925 0
      vertex 79.1784 -2.23917 0
    endloop
  endfacet
  facet normal 0 0 -1
    outer loop
      vertex 63.535 -58.925 0
      vertex 78.9579 -67.8079 0
      vertex 78.7471 -67.8182 0
    endloop
  endfacet
  facet normal 0 0 -1
    outer loop
      vertex 79.1784 -2.23917 0
      vertex 63.535 -58.925 0
      vertex 78.9579 -2.25 0
    endloop
  endfacet
  facet normal 0 0 -1
    outer loop
      vertex 63.535 -58.925 0
      vertex 78.7471 -67.8182 0
      vertex 78.5384 -67.8492 0
    endloop
  endfacet
  facet normal -0 0 -1
    outer loop
      vertex 78.9579 -2.25 0
      vertex 63.535 -58.925 0
      vertex 78.7373 -2.23917 0
    endloop
  endfacet
  facet normal 0 0 -1
    outer loop
      vertex 63.535 -58.925 0
      vertex 78.5384 -67.8492 0
      vertex 78.3337 -67.9004 0
    endloop
  endfacet
  facet normal -0 0 -1
    outer loop
      vertex 78.7373 -2.23917 0
      vertex 63.535 -58.925 0
      vertex 78.5189 -2.20677 0
    endloop
  endfacet
  facet normal 0 0 -1
    outer loop
      vertex 63.535 -58.925 0
      vertex 78.3337 -67.9004 0
      vertex 78.1351 -67.9715 0
    endloop
  endfacet
  facet normal -0 0 -1
    outer loop
      vertex 78.5189 -2.20677 0
      vertex 63.535 -58.925 0
      vertex 78.3047 -2.15312 0
    endloop
  endfacet
  facet normal 0 0 -1
    outer loop
      vertex 63.535 -58.925 0
      vertex 78.1351 -67.9715 0
      vertex 77.9444 -68.0617 0
    endloop
  endfacet
  facet normal -0 0 -1
    outer loop
      vertex 78.3047 -2.15312 0
      vertex 63.535 -58.925 0
      vertex 78.0968 -2.07873 0
    endloop
  endfacet
  facet normal 0 0 -1
    outer loop
      vertex 63.535 -58.925 0
      vertex 77.9444 -68.0617 0
      vertex 77.7634 -68.1702 0
    endloop
  endfacet
  facet normal -0 0 -1
    outer loop
      vertex 78.0968 -2.07873 0
      vertex 63.535 -58.925 0
      vertex 77.8972 -1.98432 0
    endloop
  endfacet
  facet normal 0 0 -1
    outer loop
      vertex 63.535 -58.925 0
      vertex 77.7634 -68.1702 0
      vertex 77.5939 -68.2959 0
    endloop
  endfacet
  facet normal -0 0 -1
    outer loop
      vertex 77.8972 -1.98432 0
      vertex 63.535 -58.925 0
      vertex 77.7078 -1.87081 0
    endloop
  endfacet
  facet normal 0 0 -1
    outer loop
      vertex 63.535 -58.925 0
      vertex 77.5939 -68.2959 0
      vertex 77.4376 -68.4376 0
    endloop
  endfacet
  facet normal -0 0 -1
    outer loop
      vertex 77.7078 -1.87081 0
      vertex 63.535 -58.925 0
      vertex 77.5305 -1.73927 0
    endloop
  endfacet
  facet normal 0 0 -1
    outer loop
      vertex 63.535 -58.925 0
      vertex 77.4376 -68.4376 0
      vertex 77.2959 -68.5939 0
    endloop
  endfacet
  facet normal -0 0 -1
    outer loop
      vertex 77.5305 -1.73927 0
      vertex 63.535 -58.925 0
      vertex 77.3669 -1.59099 0
    endloop
  endfacet
  facet normal 0 0 -1
    outer loop
      vertex 63.535 -58.925 0
      vertex 77.2959 -68.5939 0
      vertex 77.1702 -68.7634 0
    endloop
  endfacet
  facet normal -0 0 -1
    outer loop
      vertex 77.3669 -1.59099 0
      vertex 63.535 -58.925 0
      vertex 77.2186 -1.42738 0
    endloop
  endfacet
  facet normal 0 0 -1
    outer loop
      vertex 63.535 -58.925 0
      vertex 77.1702 -68.7634 0
      vertex 77.0617 -68.9444 0
    endloop
  endfacet
  facet normal -0 0 -1
    outer loop
      vertex 77.2186 -1.42738 0
      vertex 63.535 -58.925 0
      vertex 77.0871 -1.25003 0
    endloop
  endfacet
  facet normal 0 0 -1
    outer loop
      vertex 63.535 -58.925 0
      vertex 77.0617 -68.9444 0
      vertex 76.9715 -69.1351 0
    endloop
  endfacet
  facet normal 0 0 -1
    outer loop
      vertex 63.535 -58.925 0
      vertex 76.9715 -69.1351 0
      vertex 76.9004 -69.3337 0
    endloop
  endfacet
  facet normal -0 0 -1
    outer loop
      vertex 77.0871 -1.25003 0
      vertex 63.535 -58.925 0
      vertex 76.9735 -1.06064 0
    endloop
  endfacet
  facet normal 0 0 -1
    outer loop
      vertex 63.535 -58.925 0
      vertex 76.9004 -69.3337 0
      vertex 76.8492 -69.5384 0
    endloop
  endfacet
  facet normal 0 0 -1
    outer loop
      vertex 63.535 -58.925 0
      vertex 76.8492 -69.5384 0
      vertex 76.8182 -69.7471 0
    endloop
  endfacet
  facet normal 0 0 -1
    outer loop
      vertex 63.535 -58.925 0
      vertex 76.8182 -69.7471 0
      vertex 76.8079 -69.9579 0
    endloop
  endfacet
  facet normal -0 0 -1
    outer loop
      vertex 76.9735 -1.06064 0
      vertex 63.535 -58.925 0
      vertex 76.8791 -0.861037 0
    endloop
  endfacet
  facet normal 0 0 -1
    outer loop
      vertex 63.535 -58.925 0
      vertex 76.8047 -90.3047 0
      vertex 76.7511 -90.5189 0
    endloop
  endfacet
  facet normal 0 0 -1
    outer loop
      vertex 63.535 -58.925 0
      vertex 76.7511 -90.5189 0
      vertex 76.7187 -90.7373 0
    endloop
  endfacet
  facet normal -0 0 -1
    outer loop
      vertex 76.8791 -0.861037 0
      vertex 63.535 -58.925 0
      vertex 76.8047 -0.65314 0
    endloop
  endfacet
  facet normal 0 0 -1
    outer loop
      vertex 63.535 -58.925 0
      vertex 76.7187 -90.7373 0
      vertex 76.7079 -90.9579 0
    endloop
  endfacet
  facet normal -0 0 -1
    outer loop
      vertex 76.8047 -0.65314 0
      vertex 63.535 -58.925 0
      vertex 76.7511 -0.438952 0
    endloop
  endfacet
  facet normal 0 0 -1
    outer loop
      vertex 76.8182 -70.1686 0
      vertex 63.535 -58.925 0
      vertex 76.8079 -69.9579 0
    endloop
  endfacet
  facet normal -0 0 -1
    outer loop
      vertex 76.7511 -0.438952 0
      vertex 63.535 -58.925 0
      vertex 76.7187 -0.220538 0
    endloop
  endfacet
  facet normal 0 0 -1
    outer loop
      vertex 81.0153 70.582 0
      vertex 85.9579 97.9579 0
      vertex 81.0666 70.3773 0
    endloop
  endfacet
  facet normal 0 0 -1
    outer loop
      vertex 85.9579 97.9579 0
      vertex 81.111 90.3047 0
      vertex 81.1646 90.5189 0
    endloop
  endfacet
  facet normal 0 0 -1
    outer loop
      vertex 80.9442 70.7806 0
      vertex 85.9579 97.9579 0
      vertex 81.0153 70.582 0
    endloop
  endfacet
  facet normal 0 0 -1
    outer loop
      vertex 85.9579 97.9579 0
      vertex 81.0366 90.0968 0
      vertex 81.111 90.3047 0
    endloop
  endfacet
  facet normal 0 0 -1
    outer loop
      vertex 85.9579 97.9579 0
      vertex 80.9442 70.7806 0
      vertex 81.0366 90.0968 0
    endloop
  endfacet
  facet normal 0 0 -1
    outer loop
      vertex 80.9442 70.7806 0
      vertex 80.9422 89.8972 0
      vertex 81.0366 90.0968 0
    endloop
  endfacet
  facet normal 0 0 -1
    outer loop
      vertex 80.854 70.9714 0
      vertex 80.9422 89.8972 0
      vertex 80.9442 70.7806 0
    endloop
  endfacet
  facet normal 0 0 -1
    outer loop
      vertex 80.854 70.9714 0
      vertex 80.8287 89.7078 0
      vertex 80.9422 89.8972 0
    endloop
  endfacet
  facet normal 0 0 -1
    outer loop
      vertex 80.7455 71.1523 0
      vertex 80.8287 89.7078 0
      vertex 80.854 70.9714 0
    endloop
  endfacet
  facet normal 0 0 -1
    outer loop
      vertex 80.7455 71.1523 0
      vertex 80.6971 89.5305 0
      vertex 80.8287 89.7078 0
    endloop
  endfacet
  facet normal 0 0 -1
    outer loop
      vertex 80.6198 71.3218 0
      vertex 80.6971 89.5305 0
      vertex 80.7455 71.1523 0
    endloop
  endfacet
  facet normal 0 0 -1
    outer loop
      vertex 80.6198 71.3218 0
      vertex 80.5489 89.3669 0
      vertex 80.6971 89.5305 0
    endloop
  endfacet
  facet normal 0 0 -1
    outer loop
      vertex 80.4781 71.4781 0
      vertex 80.5489 89.3669 0
      vertex 80.6198 71.3218 0
    endloop
  endfacet
  facet normal 0 0 -1
    outer loop
      vertex 80.4781 71.4781 0
      vertex 80.3852 89.2186 0
      vertex 80.5489 89.3669 0
    endloop
  endfacet
  facet normal 0 0 -1
    outer loop
      vertex 80.3218 71.6198 0
      vertex 80.3852 89.2186 0
      vertex 80.4781 71.4781 0
    endloop
  endfacet
  facet normal 0 0 -1
    outer loop
      vertex 80.3218 71.6198 0
      vertex 80.2079 89.0871 0
      vertex 80.3852 89.2186 0
    endloop
  endfacet
  facet normal 0 0 -1
    outer loop
      vertex 80.1523 71.7455 0
      vertex 80.2079 89.0871 0
      vertex 80.3218 71.6198 0
    endloop
  endfacet
  facet normal 0 0 -1
    outer loop
      vertex 80.1523 71.7455 0
      vertex 80.0185 88.9735 0
      vertex 80.2079 89.0871 0
    endloop
  endfacet
  facet normal 0 0 -1
    outer loop
      vertex 79.9714 71.854 0
      vertex 80.0185 88.9735 0
      vertex 80.1523 71.7455 0
    endloop
  endfacet
  facet normal 0 0 -1
    outer loop
      vertex 79.9714 71.854 0
      vertex 79.8189 88.8791 0
      vertex 80.0185 88.9735 0
    endloop
  endfacet
  facet normal 0 0 -1
    outer loop
      vertex 79.7806 71.9442 0
      vertex 79.8189 88.8791 0
      vertex 79.9714 71.854 0
    endloop
  endfacet
  facet normal 0 0 -1
    outer loop
      vertex 79.7806 71.9442 0
      vertex 79.611 88.8047 0
      vertex 79.8189 88.8791 0
    endloop
  endfacet
  facet normal 0 0 -1
    outer loop
      vertex 79.582 72.0153 0
      vertex 79.611 88.8047 0
      vertex 79.7806 71.9442 0
    endloop
  endfacet
  facet normal 0 0 -1
    outer loop
      vertex 79.582 72.0153 0
      vertex 79.3968 88.7511 0
      vertex 79.611 88.8047 0
    endloop
  endfacet
  facet normal 0 0 -1
    outer loop
      vertex 79.3773 72.0666 0
      vertex 79.3968 88.7511 0
      vertex 79.582 72.0153 0
    endloop
  endfacet
  facet normal 0 0 -1
    outer loop
      vertex 79.3773 72.0666 0
      vertex 79.1784 88.7187 0
      vertex 79.3968 88.7511 0
    endloop
  endfacet
  facet normal 0 0 -1
    outer loop
      vertex 79.1686 72.0975 0
      vertex 79.1784 88.7187 0
      vertex 79.3773 72.0666 0
    endloop
  endfacet
  facet normal 0 0 -1
    outer loop
      vertex 78.9579 72.1079 0
      vertex 79.1784 88.7187 0
      vertex 79.1686 72.0975 0
    endloop
  endfacet
  facet normal 0 0 -1
    outer loop
      vertex 78.9579 72.1079 0
      vertex 78.9579 88.7079 0
      vertex 79.1784 88.7187 0
    endloop
  endfacet
  facet normal 0 0 -1
    outer loop
      vertex 78.7471 72.0975 0
      vertex 78.9579 88.7079 0
      vertex 78.9579 72.1079 0
    endloop
  endfacet
  facet normal 0 0 -1
    outer loop
      vertex 78.7471 72.0975 0
      vertex 78.7373 88.7187 0
      vertex 78.9579 88.7079 0
    endloop
  endfacet
  facet normal 0 0 -1
    outer loop
      vertex 78.5384 72.0666 0
      vertex 78.7373 88.7187 0
      vertex 78.7471 72.0975 0
    endloop
  endfacet
  facet normal 0 0 -1
    outer loop
      vertex 78.5384 72.0666 0
      vertex 78.5189 88.7511 0
      vertex 78.7373 88.7187 0
    endloop
  endfacet
  facet normal 0 0 -1
    outer loop
      vertex 78.3337 72.0153 0
      vertex 78.5189 88.7511 0
      vertex 78.5384 72.0666 0
    endloop
  endfacet
  facet normal 0 0 -1
    outer loop
      vertex 78.3337 72.0153 0
      vertex 78.3047 88.8047 0
      vertex 78.5189 88.7511 0
    endloop
  endfacet
  facet normal 0 0 -1
    outer loop
      vertex 78.1351 71.9442 0
      vertex 78.3047 88.8047 0
      vertex 78.3337 72.0153 0
    endloop
  endfacet
  facet normal 0 0 -1
    outer loop
      vertex 78.1351 71.9442 0
      vertex 78.0968 88.8791 0
      vertex 78.3047 88.8047 0
    endloop
  endfacet
  facet normal 0 0 -1
    outer loop
      vertex 77.9444 71.854 0
      vertex 78.0968 88.8791 0
      vertex 78.1351 71.9442 0
    endloop
  endfacet
  facet normal 0 0 -1
    outer loop
      vertex 77.9444 71.854 0
      vertex 77.8972 88.9735 0
      vertex 78.0968 88.8791 0
    endloop
  endfacet
  facet normal 0 0 -1
    outer loop
      vertex 77.7634 71.7455 0
      vertex 77.8972 88.9735 0
      vertex 77.9444 71.854 0
    endloop
  endfacet
  facet normal 0 0 -1
    outer loop
      vertex 77.7634 71.7455 0
      vertex 77.7078 89.0871 0
      vertex 77.8972 88.9735 0
    endloop
  endfacet
  facet normal 0 0 -1
    outer loop
      vertex 77.5939 71.6198 0
      vertex 77.7078 89.0871 0
      vertex 77.7634 71.7455 0
    endloop
  endfacet
  facet normal 0 0 -1
    outer loop
      vertex 77.5939 71.6198 0
      vertex 77.5305 89.2186 0
      vertex 77.7078 89.0871 0
    endloop
  endfacet
  facet normal 0 0 -1
    outer loop
      vertex 77.4376 71.4781 0
      vertex 77.5305 89.2186 0
      vertex 77.5939 71.6198 0
    endloop
  endfacet
  facet normal 0 0 -1
    outer loop
      vertex 77.4376 71.4781 0
      vertex 77.3669 89.3669 0
      vertex 77.5305 89.2186 0
    endloop
  endfacet
  facet normal 0 0 -1
    outer loop
      vertex 77.2959 71.3218 0
      vertex 77.3669 89.3669 0
      vertex 77.4376 71.4781 0
    endloop
  endfacet
  facet normal 0 0 -1
    outer loop
      vertex 77.2959 71.3218 0
      vertex 77.2186 89.5305 0
      vertex 77.3669 89.3669 0
    endloop
  endfacet
  facet normal 0 0 -1
    outer loop
      vertex 77.1702 71.1523 0
      vertex 77.2186 89.5305 0
      vertex 77.2959 71.3218 0
    endloop
  endfacet
  facet normal 0 0 -1
    outer loop
      vertex 77.1702 71.1523 0
      vertex 77.0871 89.7078 0
      vertex 77.2186 89.5305 0
    endloop
  endfacet
  facet normal 0 0 -1
    outer loop
      vertex 77.0617 70.9714 0
      vertex 77.0871 89.7078 0
      vertex 77.1702 71.1523 0
    endloop
  endfacet
  facet normal 0 0 -1
    outer loop
      vertex 77.0617 70.9714 0
      vertex 76.9735 89.8972 0
      vertex 77.0871 89.7078 0
    endloop
  endfacet
  facet normal 0 0 -1
    outer loop
      vertex 76.9715 70.7806 0
      vertex 76.9735 89.8972 0
      vertex 77.0617 70.9714 0
    endloop
  endfacet
  facet normal 0 0 -1
    outer loop
      vertex 76.8791 90.0968 0
      vertex 76.9715 70.7806 0
      vertex 76.9004 70.582 0
    endloop
  endfacet
  facet normal 0 0 -1
    outer loop
      vertex 76.9715 70.7806 0
      vertex 76.8791 90.0968 0
      vertex 76.9735 89.8972 0
    endloop
  endfacet
  facet normal 0 0 -1
    outer loop
      vertex 76.8047 90.3047 0
      vertex 76.9004 70.582 0
      vertex 76.8492 70.3773 0
    endloop
  endfacet
  facet normal 0 0 -1
    outer loop
      vertex 76.7511 90.5189 0
      vertex 76.8492 70.3773 0
      vertex 76.8182 70.1686 0
    endloop
  endfacet
  facet normal 0 0 -1
    outer loop
      vertex 76.7187 90.7373 0
      vertex 76.8182 70.1686 0
      vertex 76.8079 69.9579 0
    endloop
  endfacet
  facet normal 0 0 -1
    outer loop
      vertex 76.9004 70.582 0
      vertex 76.8047 90.3047 0
      vertex 76.8791 90.0968 0
    endloop
  endfacet
  facet normal 0 0 -1
    outer loop
      vertex 76.7187 0.220538 0
      vertex 76.8182 69.7471 0
      vertex 76.7511 0.438952 0
    endloop
  endfacet
  facet normal -0 0 -1
    outer loop
      vertex 76.8182 69.7471 0
      vertex 76.7187 0.220538 0
      vertex 76.8079 69.9579 0
    endloop
  endfacet
  facet normal 0 0 -1
    outer loop
      vertex 76.8492 70.3773 0
      vertex 76.7511 90.5189 0
      vertex 76.8047 90.3047 0
    endloop
  endfacet
  facet normal 0 0 -1
    outer loop
      vertex 76.7079 0 0
      vertex 76.8079 69.9579 0
      vertex 76.7187 0.220538 0
    endloop
  endfacet
  facet normal 0 0 -1
    outer loop
      vertex 76.8182 70.1686 0
      vertex 76.7187 90.7373 0
      vertex 76.7511 90.5189 0
    endloop
  endfacet
  facet normal 0 0 -1
    outer loop
      vertex 76.7079 90.9579 0
      vertex 76.8079 69.9579 0
      vertex 76.7079 0 0
    endloop
  endfacet
  facet normal 0 0 -1
    outer loop
      vertex 76.8079 69.9579 0
      vertex 76.7079 90.9579 0
      vertex 76.7187 90.7373 0
    endloop
  endfacet
  facet normal -1 0 0
    outer loop
      vertex -85.9579 97.9579 0
      vertex -85.9579 -14.925 12.3
      vertex -85.9579 97.9579 27.84
    endloop
  endfacet
  facet normal -1 0 0
    outer loop
      vertex -85.9579 97.9579 0
      vertex -85.9579 -14.9308 12.1824
      vertex -85.9579 -14.925 12.3
    endloop
  endfacet
  facet normal -1 0 0
    outer loop
      vertex -85.9579 97.9579 0
      vertex -85.9579 -14.9481 12.0659
      vertex -85.9579 -14.9308 12.1824
    endloop
  endfacet
  facet normal -1 0 0
    outer loop
      vertex -85.9579 97.9579 0
      vertex -85.9579 -14.9767 11.9517
      vertex -85.9579 -14.9481 12.0659
    endloop
  endfacet
  facet normal -1 0 0
    outer loop
      vertex -85.9579 97.9579 0
      vertex -85.9579 -15.0163 11.8408
      vertex -85.9579 -14.9767 11.9517
    endloop
  endfacet
  facet normal -1 0 0
    outer loop
      vertex -85.9579 97.9579 0
      vertex -85.9579 -15.0667 11.7343
      vertex -85.9579 -15.0163 11.8408
    endloop
  endfacet
  facet normal -1 0 0
    outer loop
      vertex -85.9579 97.9579 0
      vertex -85.9579 -15.1272 11.6333
      vertex -85.9579 -15.0667 11.7343
    endloop
  endfacet
  facet normal -1 0 0
    outer loop
      vertex -85.9579 97.9579 0
      vertex -85.9579 -15.1974 11.5387
      vertex -85.9579 -15.1272 11.6333
    endloop
  endfacet
  facet normal -1 0 0
    outer loop
      vertex -85.9579 97.9579 0
      vertex -85.9579 -15.2765 11.4515
      vertex -85.9579 -15.1974 11.5387
    endloop
  endfacet
  facet normal -1 0 0
    outer loop
      vertex -85.9579 97.9579 0
      vertex -85.9579 -15.3637 11.3724
      vertex -85.9579 -15.2765 11.4515
    endloop
  endfacet
  facet normal -1 0 0
    outer loop
      vertex -85.9579 97.9579 0
      vertex -85.9579 -15.4583 11.3022
      vertex -85.9579 -15.3637 11.3724
    endloop
  endfacet
  facet normal -1 0 0
    outer loop
      vertex -85.9579 97.9579 0
      vertex -85.9579 -15.5593 11.2417
      vertex -85.9579 -15.4583 11.3022
    endloop
  endfacet
  facet normal -1 0 0
    outer loop
      vertex -85.9579 97.9579 0
      vertex -85.9579 -15.6658 11.1913
      vertex -85.9579 -15.5593 11.2417
    endloop
  endfacet
  facet normal -1 0 0
    outer loop
      vertex -85.9579 97.9579 0
      vertex -85.9579 -15.7767 11.1517
      vertex -85.9579 -15.6658 11.1913
    endloop
  endfacet
  facet normal -1 0 0
    outer loop
      vertex -85.9579 97.9579 0
      vertex -85.9579 -15.8909 11.1231
      vertex -85.9579 -15.7767 11.1517
    endloop
  endfacet
  facet normal -1 0 0
    outer loop
      vertex -85.9579 97.9579 0
      vertex -85.9579 -16.0074 11.1058
      vertex -85.9579 -15.8909 11.1231
    endloop
  endfacet
  facet normal -1 0 0
    outer loop
      vertex -85.9579 97.9579 0
      vertex -85.9579 -16.125 11.1
      vertex -85.9579 -16.0074 11.1058
    endloop
  endfacet
  facet normal -1 0 0
    outer loop
      vertex -85.9579 -97.9579 0
      vertex -85.9579 -16.125 11.1
      vertex -85.9579 97.9579 0
    endloop
  endfacet
  facet normal -1 -0 0
    outer loop
      vertex -85.9579 -16.125 11.1
      vertex -85.9579 -97.9579 0
      vertex -85.9579 -48.025 11.1
    endloop
  endfacet
  facet normal -1 0 0
    outer loop
      vertex -85.9579 -97.9579 27.84
      vertex -85.9579 -49.225 12.3
      vertex -85.9579 -97.9579 0
    endloop
  endfacet
  facet normal -1 -0 0
    outer loop
      vertex -85.9579 -49.2192 12.1824
      vertex -85.9579 -97.9579 0
      vertex -85.9579 -49.225 12.3
    endloop
  endfacet
  facet normal -1 -0 0
    outer loop
      vertex -85.9579 -49.2019 12.0659
      vertex -85.9579 -97.9579 0
      vertex -85.9579 -49.2192 12.1824
    endloop
  endfacet
  facet normal -1 -0 0
    outer loop
      vertex -85.9579 -49.1733 11.9517
      vertex -85.9579 -97.9579 0
      vertex -85.9579 -49.2019 12.0659
    endloop
  endfacet
  facet normal -1 -0 0
    outer loop
      vertex -85.9579 -49.1337 11.8408
      vertex -85.9579 -97.9579 0
      vertex -85.9579 -49.1733 11.9517
    endloop
  endfacet
  facet normal -1 -0 0
    outer loop
      vertex -85.9579 -49.0833 11.7343
      vertex -85.9579 -97.9579 0
      vertex -85.9579 -49.1337 11.8408
    endloop
  endfacet
  facet normal -1 -0 0
    outer loop
      vertex -85.9579 -49.0228 11.6333
      vertex -85.9579 -97.9579 0
      vertex -85.9579 -49.0833 11.7343
    endloop
  endfacet
  facet normal -1 -0 0
    outer loop
      vertex -85.9579 -48.9526 11.5387
      vertex -85.9579 -97.9579 0
      vertex -85.9579 -49.0228 11.6333
    endloop
  endfacet
  facet normal -1 -0 0
    outer loop
      vertex -85.9579 -48.8735 11.4515
      vertex -85.9579 -97.9579 0
      vertex -85.9579 -48.9526 11.5387
    endloop
  endfacet
  facet normal -1 -0 0
    outer loop
      vertex -85.9579 -48.7863 11.3724
      vertex -85.9579 -97.9579 0
      vertex -85.9579 -48.8735 11.4515
    endloop
  endfacet
  facet normal -1 -0 0
    outer loop
      vertex -85.9579 -48.6917 11.3022
      vertex -85.9579 -97.9579 0
      vertex -85.9579 -48.7863 11.3724
    endloop
  endfacet
  facet normal -1 -0 0
    outer loop
      vertex -85.9579 -48.5907 11.2417
      vertex -85.9579 -97.9579 0
      vertex -85.9579 -48.6917 11.3022
    endloop
  endfacet
  facet normal -1 -0 0
    outer loop
      vertex -85.9579 -48.4842 11.1913
      vertex -85.9579 -97.9579 0
      vertex -85.9579 -48.5907 11.2417
    endloop
  endfacet
  facet normal -1 -0 0
    outer loop
      vertex -85.9579 -48.3733 11.1517
      vertex -85.9579 -97.9579 0
      vertex -85.9579 -48.4842 11.1913
    endloop
  endfacet
  facet normal -1 -0 0
    outer loop
      vertex -85.9579 -48.2591 11.1231
      vertex -85.9579 -97.9579 0
      vertex -85.9579 -48.3733 11.1517
    endloop
  endfacet
  facet normal -1 -0 0
    outer loop
      vertex -85.9579 -48.1426 11.1058
      vertex -85.9579 -97.9579 0
      vertex -85.9579 -48.2591 11.1231
    endloop
  endfacet
  facet normal -1 -0 0
    outer loop
      vertex -85.9579 -48.025 11.1
      vertex -85.9579 -97.9579 0
      vertex -85.9579 -48.1426 11.1058
    endloop
  endfacet
  facet normal -1 0 0
    outer loop
      vertex -85.9579 -14.925 18.2
      vertex -85.9579 97.9579 27.84
      vertex -85.9579 -14.925 12.3
    endloop
  endfacet
  facet normal -1 0 0
    outer loop
      vertex -85.9579 -14.9308 18.3176
      vertex -85.9579 97.9579 27.84
      vertex -85.9579 -14.925 18.2
    endloop
  endfacet
  facet normal -1 0 0
    outer loop
      vertex -85.9579 -14.9481 18.4341
      vertex -85.9579 97.9579 27.84
      vertex -85.9579 -14.9308 18.3176
    endloop
  endfacet
  facet normal -1 0 0
    outer loop
      vertex -85.9579 -14.9767 18.5483
      vertex -85.9579 97.9579 27.84
      vertex -85.9579 -14.9481 18.4341
    endloop
  endfacet
  facet normal -1 0 0
    outer loop
      vertex -85.9579 -15.0163 18.6592
      vertex -85.9579 97.9579 27.84
      vertex -85.9579 -14.9767 18.5483
    endloop
  endfacet
  facet normal -1 0 0
    outer loop
      vertex -85.9579 -15.0667 18.7657
      vertex -85.9579 97.9579 27.84
      vertex -85.9579 -15.0163 18.6592
    endloop
  endfacet
  facet normal -1 0 0
    outer loop
      vertex -85.9579 -15.1272 18.8667
      vertex -85.9579 97.9579 27.84
      vertex -85.9579 -15.0667 18.7657
    endloop
  endfacet
  facet normal -1 0 0
    outer loop
      vertex -85.9579 -15.1974 18.9613
      vertex -85.9579 97.9579 27.84
      vertex -85.9579 -15.1272 18.8667
    endloop
  endfacet
  facet normal -1 0 0
    outer loop
      vertex -85.9579 -15.2765 19.0485
      vertex -85.9579 97.9579 27.84
      vertex -85.9579 -15.1974 18.9613
    endloop
  endfacet
  facet normal -1 0 0
    outer loop
      vertex -85.9579 -15.3637 19.1276
      vertex -85.9579 97.9579 27.84
      vertex -85.9579 -15.2765 19.0485
    endloop
  endfacet
  facet normal -1 0 0
    outer loop
      vertex -85.9579 -15.4583 19.1978
      vertex -85.9579 97.9579 27.84
      vertex -85.9579 -15.3637 19.1276
    endloop
  endfacet
  facet normal -1 0 0
    outer loop
      vertex -85.9579 -15.5593 19.2583
      vertex -85.9579 97.9579 27.84
      vertex -85.9579 -15.4583 19.1978
    endloop
  endfacet
  facet normal -1 0 0
    outer loop
      vertex -85.9579 -15.6658 19.3087
      vertex -85.9579 97.9579 27.84
      vertex -85.9579 -15.5593 19.2583
    endloop
  endfacet
  facet normal -1 0 0
    outer loop
      vertex -85.9579 -15.7767 19.3483
      vertex -85.9579 97.9579 27.84
      vertex -85.9579 -15.6658 19.3087
    endloop
  endfacet
  facet normal -1 0 0
    outer loop
      vertex -85.9579 -15.8909 19.3769
      vertex -85.9579 97.9579 27.84
      vertex -85.9579 -15.7767 19.3483
    endloop
  endfacet
  facet normal -1 0 0
    outer loop
      vertex -85.9579 -16.0074 19.3942
      vertex -85.9579 97.9579 27.84
      vertex -85.9579 -15.8909 19.3769
    endloop
  endfacet
  facet normal -1 0 0
    outer loop
      vertex -85.9579 -16.125 19.4
      vertex -85.9579 97.9579 27.84
      vertex -85.9579 -16.0074 19.3942
    endloop
  endfacet
  facet normal -1 0 0
    outer loop
      vertex -85.9579 -97.9579 27.84
      vertex -85.9579 -16.125 19.4
      vertex -85.9579 -48.025 19.4
    endloop
  endfacet
  facet normal -1 0 0
    outer loop
      vertex -85.9579 -97.9579 27.84
      vertex -85.9579 -48.025 19.4
      vertex -85.9579 -48.1426 19.3942
    endloop
  endfacet
  facet normal -1 0 0
    outer loop
      vertex -85.9579 -49.225 12.3
      vertex -85.9579 -97.9579 27.84
      vertex -85.9579 -49.225 18.2
    endloop
  endfacet
  facet normal -1 0 0
    outer loop
      vertex -85.9579 -49.225 18.2
      vertex -85.9579 -97.9579 27.84
      vertex -85.9579 -49.2192 18.3176
    endloop
  endfacet
  facet normal -1 0 0
    outer loop
      vertex -85.9579 -49.2192 18.3176
      vertex -85.9579 -97.9579 27.84
      vertex -85.9579 -49.2019 18.4341
    endloop
  endfacet
  facet normal -1 0 0
    outer loop
      vertex -85.9579 -49.2019 18.4341
      vertex -85.9579 -97.9579 27.84
      vertex -85.9579 -49.1733 18.5483
    endloop
  endfacet
  facet normal -1 0 0
    outer loop
      vertex -85.9579 -49.1733 18.5483
      vertex -85.9579 -97.9579 27.84
      vertex -85.9579 -49.1337 18.6592
    endloop
  endfacet
  facet normal -1 0 0
    outer loop
      vertex -85.9579 -49.1337 18.6592
      vertex -85.9579 -97.9579 27.84
      vertex -85.9579 -49.0833 18.7657
    endloop
  endfacet
  facet normal -1 0 0
    outer loop
      vertex -85.9579 -49.0833 18.7657
      vertex -85.9579 -97.9579 27.84
      vertex -85.9579 -49.0228 18.8667
    endloop
  endfacet
  facet normal -1 0 0
    outer loop
      vertex -85.9579 -49.0228 18.8667
      vertex -85.9579 -97.9579 27.84
      vertex -85.9579 -48.9526 18.9613
    endloop
  endfacet
  facet normal -1 0 0
    outer loop
      vertex -85.9579 -48.9526 18.9613
      vertex -85.9579 -97.9579 27.84
      vertex -85.9579 -48.8735 19.0485
    endloop
  endfacet
  facet normal -1 0 0
    outer loop
      vertex -85.9579 -48.8735 19.0485
      vertex -85.9579 -97.9579 27.84
      vertex -85.9579 -48.7863 19.1276
    endloop
  endfacet
  facet normal -1 0 0
    outer loop
      vertex -85.9579 -48.7863 19.1276
      vertex -85.9579 -97.9579 27.84
      vertex -85.9579 -48.6917 19.1978
    endloop
  endfacet
  facet normal -1 0 0
    outer loop
      vertex -85.9579 -48.6917 19.1978
      vertex -85.9579 -97.9579 27.84
      vertex -85.9579 -48.5907 19.2583
    endloop
  endfacet
  facet normal -1 0 0
    outer loop
      vertex -85.9579 -16.125 19.4
      vertex -85.9579 -97.9579 27.84
      vertex -85.9579 97.9579 27.84
    endloop
  endfacet
  facet normal -1 0 0
    outer loop
      vertex -85.9579 -48.2591 19.3769
      vertex -85.9579 -97.9579 27.84
      vertex -85.9579 -48.1426 19.3942
    endloop
  endfacet
  facet normal -1 0 0
    outer loop
      vertex -85.9579 -48.3733 19.3483
      vertex -85.9579 -97.9579 27.84
      vertex -85.9579 -48.2591 19.3769
    endloop
  endfacet
  facet normal -1 0 0
    outer loop
      vertex -85.9579 -48.4842 19.3087
      vertex -85.9579 -97.9579 27.84
      vertex -85.9579 -48.3733 19.3483
    endloop
  endfacet
  facet normal -1 0 0
    outer loop
      vertex -85.9579 -48.5907 19.2583
      vertex -85.9579 -97.9579 27.84
      vertex -85.9579 -48.4842 19.3087
    endloop
  endfacet
  facet normal 0 1 -0
    outer loop
      vertex 85.9579 97.9579 0
      vertex -85.9579 97.9579 27.84
      vertex 85.9579 97.9579 27.84
    endloop
  endfacet
  facet normal 0 1 0
    outer loop
      vertex -85.9579 97.9579 27.84
      vertex 85.9579 97.9579 0
      vertex -85.9579 97.9579 0
    endloop
  endfacet
  facet normal 0 -1 0
    outer loop
      vertex -85.9579 -97.9579 0
      vertex 85.9579 -97.9579 27.84
      vertex -85.9579 -97.9579 27.84
    endloop
  endfacet
  facet normal 0 -1 -0
    outer loop
      vertex 85.9579 -97.9579 27.84
      vertex -85.9579 -97.9579 0
      vertex 85.9579 -97.9579 0
    endloop
  endfacet
  facet normal -0.752448 -0.657278 0.0425073
    outer loop
      vertex 63.1289 73.2462 23.83
      vertex 62.2511 74.2511 23.83
      vertex 61.5805 73.5805 1.59
    endloop
  endfacet
  facet normal -0.657278 -0.752448 0.0425073
    outer loop
      vertex 61.5805 73.5805 1.59
      vertex 62.2511 74.2511 23.83
      vertex 61.2462 75.1289 23.83
    endloop
  endfacet
  facet normal -0.752507 0.65721 0.0425124
    outer loop
      vertex 63.1289 -73.2462 23.83
      vertex 62.4198 -72.6195 1.59
      vertex 61.5805 -73.5805 1.59
    endloop
  endfacet
  facet normal -0.833533 -0.55247 0
    outer loop
      vertex 63.8843 72.1065 23.83
      vertex 63.1289 73.2462 23.84
      vertex 63.1289 73.2462 23.83
    endloop
  endfacet
  facet normal -0.833533 -0.55247 0
    outer loop
      vertex 63.1289 73.2462 23.84
      vertex 63.8843 72.1065 23.83
      vertex 63.8843 72.1065 23.84
    endloop
  endfacet
  facet normal -0.997433 0.0715991 0
    outer loop
      vertex 65.7285 -65.7783 23.83
      vertex 65.9005 -63.3822 23.84
      vertex 65.9005 -63.3822 23.83
    endloop
  endfacet
  facet normal -0.997433 0.0715991 0
    outer loop
      vertex 65.9005 -63.3822 23.84
      vertex 65.7285 -65.7783 23.83
      vertex 65.7285 -65.7783 23.84
    endloop
  endfacet
  facet normal -0.999217 -0.012868 0.0374212
    outer loop
      vertex 65.9579 58.925 23.83
      vertex 65.9005 63.3822 23.83
      vertex 65.125 58.925 1.59
    endloop
  endfacet
  facet normal -0.0715991 -0.997433 0
    outer loop
      vertex 51.3822 77.9005 23.83
      vertex 53.7783 77.7285 23.84
      vertex 51.3822 77.9005 23.84
    endloop
  endfacet
  facet normal -0.0715991 -0.997433 -0
    outer loop
      vertex 53.7783 77.7285 23.84
      vertex 51.3822 77.9005 23.83
      vertex 53.7783 77.7285 23.83
    endloop
  endfacet
  facet normal -0.996715 0.0716041 0.0378449
    outer loop
      vertex 65.7285 -65.7783 23.83
      vertex 65.0702 -63.1872 1.59
      vertex 64.9056 -65.4784 1.59
    endloop
  endfacet
  facet normal 0.442843 -0.895644 0.0413709
    outer loop
      vertex -59.5297 75.1422 1.59
      vertex -58.8202 76.5203 23.83
      vertex -60.1065 75.8843 23.83
    endloop
  endfacet
  facet normal 0 -0.999299 0.0374243
    outer loop
      vertex -46.925 77.125 1.59
      vertex 46.925 77.9579 23.83
      vertex -46.925 77.9579 23.83
    endloop
  endfacet
  facet normal 0 -0.999299 0.0374243
    outer loop
      vertex 46.925 77.9579 23.83
      vertex -46.925 77.125 1.59
      vertex 46.925 77.125 1.59
    endloop
  endfacet
  facet normal -0.55247 -0.833533 0
    outer loop
      vertex 60.1065 75.8843 23.83
      vertex 61.2462 75.1289 23.84
      vertex 60.1065 75.8843 23.84
    endloop
  endfacet
  facet normal -0.55247 -0.833533 -0
    outer loop
      vertex 61.2462 75.1289 23.84
      vertex 60.1065 75.8843 23.83
      vertex 61.2462 75.1289 23.83
    endloop
  endfacet
  facet normal 0.707078 -0.00909654 0.707078
    outer loop
      vertex -63.535 58.925 0
      vertex -63.4853 62.7882 0
      vertex -65.125 58.925 1.59
    endloop
  endfacet
  facet normal -0.988409 0.146841 0.0385501
    outer loop
      vertex 65.4414 -67.7105 23.83
      vertex 64.9056 -65.4784 1.59
      vertex 64.6311 -67.3261 1.59
    endloop
  endfacet
  facet normal -0.832767 0.55202 0.0421073
    outer loop
      vertex 63.1289 -73.2462 23.83
      vertex 63.1422 -71.5297 1.59
      vertex 62.4198 -72.6195 1.59
    endloop
  endfacet
  facet normal 0.366585 0.553951 0.747498
    outer loop
      vertex -58.4353 -73.7209 0
      vertex -59.5297 -75.1422 1.59
      vertex -58.4285 -73.7254 0
    endloop
  endfacet
  facet normal 0.367001 0.553651 0.747516
    outer loop
      vertex -59.5297 -75.1422 1.59
      vertex -58.4353 -73.7209 0
      vertex -60.6195 -74.4198 1.59
    endloop
  endfacet
  facet normal -0.999917 -0.012877 0
    outer loop
      vertex 65.9579 58.925 23.83
      vertex 65.9005 63.3822 23.84
      vertex 65.9005 63.3822 23.83
    endloop
  endfacet
  facet normal -0.999917 -0.012877 0
    outer loop
      vertex 65.9005 63.3822 23.84
      vertex 65.9579 58.925 23.83
      vertex 65.9579 58.925 23.84
    endloop
  endfacet
  facet normal 0.996715 0.0716041 0.0378449
    outer loop
      vertex -64.9056 -65.4784 1.59
      vertex -65.0702 -63.1872 1.59
      vertex -65.7285 -65.7783 23.83
    endloop
  endfacet
  facet normal 0.235908 -0.970974 0.0394543
    outer loop
      vertex -55.3261 76.6311 1.59
      vertex -55.7105 77.4414 23.83
      vertex -56.9099 76.2463 1.59
    endloop
  endfacet
  facet normal 0.443223 -0.896411 0
    outer loop
      vertex -60.1065 75.8843 23.83
      vertex -58.8202 76.5203 23.84
      vertex -60.1065 75.8843 23.84
    endloop
  endfacet
  facet normal 0.443223 -0.896411 0
    outer loop
      vertex -58.8202 76.5203 23.84
      vertex -60.1065 75.8843 23.83
      vertex -58.8202 76.5203 23.83
    endloop
  endfacet
  facet normal -0.999217 0.012868 0.0374212
    outer loop
      vertex 65.9005 -63.3822 23.83
      vertex 65.9579 -58.925 23.83
      vertex 65.125 -58.925 1.59
    endloop
  endfacet
  facet normal -0.66871 0.162484 0.725552
    outer loop
      vertex 64.2463 -68.9099 1.59
      vertex 63.0819 -66.6021 0
      vertex 62.7331 -68.0376 0
    endloop
  endfacet
  facet normal -0.941811 0.336143 0
    outer loop
      vertex 64.5203 -70.8202 23.83
      vertex 65.039 -69.3669 23.84
      vertex 65.039 -69.3669 23.83
    endloop
  endfacet
  facet normal -0.941811 0.336143 0
    outer loop
      vertex 65.039 -69.3669 23.84
      vertex 64.5203 -70.8202 23.83
      vertex 64.5203 -70.8202 23.84
    endloop
  endfacet
  facet normal -0.941811 -0.336143 0
    outer loop
      vertex 65.039 69.3669 23.83
      vertex 64.5203 70.8202 23.84
      vertex 64.5203 70.8202 23.83
    endloop
  endfacet
  facet normal -0.941811 -0.336143 0
    outer loop
      vertex 64.5203 70.8202 23.84
      vertex 65.039 69.3669 23.83
      vertex 65.039 69.3669 23.84
    endloop
  endfacet
  facet normal 0.162143 0.66884 0.725509
    outer loop
      vertex -54.6021 -75.0819 0
      vertex -55.3261 -76.6311 1.59
      vertex -54.5922 -75.0843 0
    endloop
  endfacet
  facet normal 0.162473 0.668722 0.725544
    outer loop
      vertex -55.3261 -76.6311 1.59
      vertex -54.6021 -75.0819 0
      vertex -56.9099 -76.2463 1.59
    endloop
  endfacet
  facet normal 0.00797614 0.707218 0.706951
    outer loop
      vertex -51.1872 -77.0702 1.59
      vertex -50.7882 -75.4853 0
      vertex -50.8148 -75.485 0
    endloop
  endfacet
  facet normal 0.00909096 0.707071 0.707084
    outer loop
      vertex -50.7882 -75.4853 0
      vertex -51.1872 -77.0702 1.59
      vertex -46.925 -77.125 1.59
    endloop
  endfacet
  facet normal 0.896411 -0.443223 0
    outer loop
      vertex -64.5203 70.8202 23.84
      vertex -63.8843 72.1065 23.83
      vertex -63.8843 72.1065 23.84
    endloop
  endfacet
  facet normal 0.896411 -0.443223 0
    outer loop
      vertex -63.8843 72.1065 23.83
      vertex -64.5203 70.8202 23.84
      vertex -64.5203 70.8202 23.83
    endloop
  endfacet
  facet normal 0.9993 1.4747e-06 0.0374145
    outer loop
      vertex -65.5261 -14.925 12.3
      vertex -65.9579 58.925 23.83
      vertex -65.747 -14.925 18.2
    endloop
  endfacet
  facet normal 0.999301 3.42064e-06 0.037389
    outer loop
      vertex -65.9579 58.925 23.83
      vertex -65.7514 -14.9308 18.3176
      vertex -65.747 -14.925 18.2
    endloop
  endfacet
  facet normal 0.999288 -2.26643e-05 0.037738
    outer loop
      vertex -65.9579 58.925 23.83
      vertex -65.7558 -14.9481 18.4341
      vertex -65.7514 -14.9308 18.3176
    endloop
  endfacet
  facet normal 0.999292 -1.42554e-05 0.037623
    outer loop
      vertex -65.9579 58.925 23.83
      vertex -65.7601 -14.9767 18.5483
      vertex -65.7558 -14.9481 18.4341
    endloop
  endfacet
  facet normal 0.999317 3.34162e-05 0.0369569
    outer loop
      vertex -65.9579 58.925 23.83
      vertex -65.7642 -15.0163 18.6592
      vertex -65.7601 -14.9767 18.5483
    endloop
  endfacet
  facet normal 0.999296 -6.65144e-06 0.0375291
    outer loop
      vertex -65.9579 58.925 23.83
      vertex -65.7682 -15.0667 18.7657
      vertex -65.7642 -15.0163 18.6592
    endloop
  endfacet
  facet normal 0.999293 -1.08721e-05 0.0375907
    outer loop
      vertex -65.9579 58.925 23.83
      vertex -65.772 -15.1272 18.8667
      vertex -65.7682 -15.0667 18.7657
    endloop
  endfacet
  facet normal 0.999315 2.9161e-05 0.0369942
    outer loop
      vertex -65.9579 58.925 23.83
      vertex -65.7755 -15.1974 18.9613
      vertex -65.772 -15.1272 18.8667
    endloop
  endfacet
  facet normal 0.999285 -2.35544e-05 0.0377956
    outer loop
      vertex -65.9579 58.925 23.83
      vertex -65.7788 -15.2765 19.0485
      vertex -65.7755 -15.1974 18.9613
    endloop
  endfacet
  facet normal 0.999283 -2.8246e-05 0.0378683
    outer loop
      vertex -65.9579 58.925 23.83
      vertex -65.7818 -15.3637 19.1276
      vertex -65.7788 -15.2765 19.0485
    endloop
  endfacet
  facet normal 0.999314 2.40086e-05 0.037044
    outer loop
      vertex -65.9579 58.925 23.83
      vertex -65.7844 -15.4583 19.1978
      vertex -65.7818 -15.3637 19.1276
    endloop
  endfacet
  facet normal 0.99928 -3.16416e-05 0.0379363
    outer loop
      vertex -65.9579 58.925 23.83
      vertex -65.7867 -15.5593 19.2583
      vertex -65.7844 -15.4583 19.1978
    endloop
  endfacet
  facet normal 0.999356 9.41223e-05 0.0358902
    outer loop
      vertex -65.9579 58.925 23.83
      vertex -65.7885 -15.6658 19.3087
      vertex -65.7867 -15.5593 19.2583
    endloop
  endfacet
  facet normal 0.999286 -2.13178e-05 0.037792
    outer loop
      vertex -65.9579 58.925 23.83
      vertex -65.79 -15.7767 19.3483
      vertex -65.7885 -15.6658 19.3087
    endloop
  endfacet
  facet normal 0.999269 -4.82715e-05 0.0382407
    outer loop
      vertex -65.9579 58.925 23.83
      vertex -65.7911 -15.8909 19.3769
      vertex -65.79 -15.7767 19.3483
    endloop
  endfacet
  facet normal 0.999371 0.000117834 0.0354538
    outer loop
      vertex -65.9579 58.925 23.83
      vertex -65.7917 -16.0074 19.3942
      vertex -65.7911 -15.8909 19.3769
    endloop
  endfacet
  facet normal 0.999036 -0.000383188 0.0439048
    outer loop
      vertex -65.9579 58.925 23.83
      vertex -65.792 -16.125 19.4
      vertex -65.7917 -16.0074 19.3942
    endloop
  endfacet
  facet normal 0.9993 -0 0.037423
    outer loop
      vertex -65.9579 -58.925 23.83
      vertex -65.792 -16.125 19.4
      vertex -65.9579 58.925 23.83
    endloop
  endfacet
  facet normal 0.9993 -1.12275e-05 0.0374145
    outer loop
      vertex -65.747 -49.225 18.2
      vertex -65.9579 -58.925 23.83
      vertex -65.5261 -49.225 12.3
    endloop
  endfacet
  facet normal 0.999301 -2.54132e-05 0.0373901
    outer loop
      vertex -65.7514 -49.2192 18.3176
      vertex -65.9579 -58.925 23.83
      vertex -65.747 -49.225 18.2
    endloop
  endfacet
  facet normal 0.999288 0.000160812 0.0377175
    outer loop
      vertex -65.7558 -49.2019 18.4341
      vertex -65.9579 -58.925 23.83
      vertex -65.7514 -49.2192 18.3176
    endloop
  endfacet
  facet normal 0.999293 9.68319e-05 0.0376024
    outer loop
      vertex -65.7601 -49.1733 18.5483
      vertex -65.9579 -58.925 23.83
      vertex -65.7558 -49.2019 18.4341
    endloop
  endfacet
  facet normal 0.999314 -0.000217614 0.0370226
    outer loop
      vertex -65.7642 -49.1337 18.6592
      vertex -65.9579 -58.925 23.83
      vertex -65.7601 -49.1733 18.5483
    endloop
  endfacet
  facet normal 0.999296 4.15165e-05 0.0375126
    outer loop
      vertex -65.7682 -49.0833 18.7657
      vertex -65.9579 -58.925 23.83
      vertex -65.7642 -49.1337 18.6592
    endloop
  endfacet
  facet normal 0.999294 6.50416e-05 0.0375583
    outer loop
      vertex -65.772 -49.0228 18.8667
      vertex -65.9579 -58.925 23.83
      vertex -65.7682 -49.0833 18.7657
    endloop
  endfacet
  facet normal 0.999312 -0.000166859 0.0370962
    outer loop
      vertex -65.7755 -48.9526 18.9613
      vertex -65.9579 -58.925 23.83
      vertex -65.772 -49.0228 18.8667
    endloop
  endfacet
  facet normal 0.999289 0.000128568 0.0377005
    outer loop
      vertex -65.7788 -48.8735 19.0485
      vertex -65.9579 -58.925 23.83
      vertex -65.7755 -48.9526 18.9613
    endloop
  endfacet
  facet normal 0.999288 0.000146502 0.0377382
    outer loop
      vertex -65.7818 -48.7863 19.1276
      vertex -65.9579 -58.925 23.83
      vertex -65.7788 -48.8735 19.0485
    endloop
  endfacet
  facet normal 0.999309 -0.000117489 0.0371698
    outer loop
      vertex -65.7844 -48.6917 19.1978
      vertex -65.9579 -58.925 23.83
      vertex -65.7818 -48.7863 19.1276
    endloop
  endfacet
  facet normal 0.999287 0.000144621 0.037748
    outer loop
      vertex -65.7867 -48.5907 19.2583
      vertex -65.9579 -58.925 23.83
      vertex -65.7844 -48.6917 19.1978
    endloop
  endfacet
  facet normal 0.999333 -0.00039609 0.0365274
    outer loop
      vertex -65.7885 -48.4842 19.3087
      vertex -65.9579 -58.925 23.83
      vertex -65.7867 -48.5907 19.2583
    endloop
  endfacet
  facet normal 0.999292 8.0512e-05 0.0376265
    outer loop
      vertex -65.79 -48.3733 19.3483
      vertex -65.9579 -58.925 23.83
      vertex -65.7885 -48.4842 19.3087
    endloop
  endfacet
  facet normal 0.999285 0.000157129 0.0378066
    outer loop
      vertex -65.7911 -48.2591 19.3769
      vertex -65.9579 -58.925 23.83
      vertex -65.79 -48.3733 19.3483
    endloop
  endfacet
  facet normal 0.999326 -0.000303759 0.0367043
    outer loop
      vertex -65.7917 -48.1426 19.3942
      vertex -65.9579 -58.925 23.83
      vertex -65.7911 -48.2591 19.3769
    endloop
  endfacet
  facet normal 0.99924 0.000627369 0.0389644
    outer loop
      vertex -65.792 -48.025 19.4
      vertex -65.9579 -58.925 23.83
      vertex -65.7917 -48.1426 19.3942
    endloop
  endfacet
  facet normal 0.9993 0 0.037423
    outer loop
      vertex -65.792 -16.125 19.4
      vertex -65.9579 -58.925 23.83
      vertex -65.792 -48.025 19.4
    endloop
  endfacet
  facet normal 0.999299 -6.38851e-08 0.0374243
    outer loop
      vertex -65.9579 58.925 23.83
      vertex -65.5261 -14.925 12.3
      vertex -65.125 58.925 1.59
    endloop
  endfacet
  facet normal 0.999301 -5.18222e-06 0.0373891
    outer loop
      vertex -65.5217 -14.9308 12.1824
      vertex -65.125 58.925 1.59
      vertex -65.5261 -14.925 12.3
    endloop
  endfacet
  facet normal 0.999288 4.44647e-05 0.0377347
    outer loop
      vertex -65.5173 -14.9481 12.0659
      vertex -65.125 58.925 1.59
      vertex -65.5217 -14.9308 12.1824
    endloop
  endfacet
  facet normal 0.999292 2.81065e-05 0.0376195
    outer loop
      vertex -65.513 -14.9767 11.9517
      vertex -65.125 58.925 1.59
      vertex -65.5173 -14.9481 12.0659
    endloop
  endfacet
  facet normal 0.999316 -6.34273e-05 0.0369676
    outer loop
      vertex -65.5089 -15.0163 11.8408
      vertex -65.125 58.925 1.59
      vertex -65.513 -14.9767 11.9517
    endloop
  endfacet
  facet normal 0.999296 1.40343e-05 0.0375256
    outer loop
      vertex -65.5049 -15.0667 11.7343
      vertex -65.125 58.925 1.59
      vertex -65.5089 -15.0163 11.8408
    endloop
  endfacet
  facet normal 0.999293 2.20497e-05 0.037584
    outer loop
      vertex -65.5011 -15.1272 11.6333
      vertex -65.125 58.925 1.59
      vertex -65.5049 -15.0667 11.7343
    endloop
  endfacet
  facet normal 0.999315 -5.54081e-05 0.0370137
    outer loop
      vertex -65.4976 -15.1974 11.5387
      vertex -65.125 58.925 1.59
      vertex -65.5011 -15.1272 11.6333
    endloop
  endfacet
  facet normal 0.999286 4.6859e-05 0.0377745
    outer loop
      vertex -65.4943 -15.2765 11.4515
      vertex -65.125 58.925 1.59
      vertex -65.4976 -15.1974 11.5387
    endloop
  endfacet
  facet normal 0.999284 5.53706e-05 0.0378385
    outer loop
      vertex -65.4913 -15.3637 11.3724
      vertex -65.125 58.925 1.59
      vertex -65.4943 -15.2765 11.4515
    endloop
  endfacet
  facet normal 0.999313 -4.55709e-05 0.037073
    outer loop
      vertex -65.4887 -15.4583 11.3022
      vertex -65.125 58.925 1.59
      vertex -65.4913 -15.3637 11.3724
    endloop
  endfacet
  facet normal 0.999282 6.0931e-05 0.0378875
    outer loop
      vertex -65.4864 -15.5593 11.2417
      vertex -65.125 58.925 1.59
      vertex -65.4887 -15.4583 11.3022
    endloop
  endfacet
  facet normal 0.99935 -0.000175861 0.0360627
    outer loop
      vertex -65.4846 -15.6658 11.1913
      vertex -65.125 58.925 1.59
      vertex -65.4864 -15.5593 11.2417
    endloop
  endfacet
  facet normal 0.999288 4.02318e-05 0.0377391
    outer loop
      vertex -65.4831 -15.7767 11.1517
      vertex -65.125 58.925 1.59
      vertex -65.4846 -15.6658 11.1913
    endloop
  endfacet
  facet normal 0.999274 8.54938e-05 0.0380922
    outer loop
      vertex -65.482 -15.8909 11.1231
      vertex -65.125 58.925 1.59
      vertex -65.4831 -15.7767 11.1517
    endloop
  endfacet
  facet normal 0.999354 -0.000189588 0.0359364
    outer loop
      vertex -65.4814 -16.0074 11.1058
      vertex -65.125 58.925 1.59
      vertex -65.482 -15.8909 11.1231
    endloop
  endfacet
  facet normal 0.999443 0.000904665 0.0333525
    outer loop
      vertex -65.125 -58.925 1.59
      vertex -65.4814 -16.0074 11.1058
      vertex -65.4811 -16.125 11.1
    endloop
  endfacet
  facet normal 0.9993 0 0.0374186
    outer loop
      vertex -65.125 -58.925 1.59
      vertex -65.4811 -16.125 11.1
      vertex -65.4811 -48.025 11.1
    endloop
  endfacet
  facet normal 0.999271 -0.000666087 0.0381809
    outer loop
      vertex -65.125 -58.925 1.59
      vertex -65.4811 -48.025 11.1
      vertex -65.4814 -48.1426 11.1058
    endloop
  endfacet
  facet normal 0.999299 4.86383e-07 0.0374243
    outer loop
      vertex -65.125 -58.925 1.59
      vertex -65.5261 -49.225 12.3
      vertex -65.9579 -58.925 23.83
    endloop
  endfacet
  facet normal 0.999301 3.76844e-05 0.0373907
    outer loop
      vertex -65.5261 -49.225 12.3
      vertex -65.125 -58.925 1.59
      vertex -65.5217 -49.2192 12.1824
    endloop
  endfacet
  facet normal 0.999289 -0.000297367 0.0376972
    outer loop
      vertex -65.5217 -49.2192 12.1824
      vertex -65.125 -58.925 1.59
      vertex -65.5173 -49.2019 12.0659
    endloop
  endfacet
  facet normal 0.999293 -0.000174141 0.037583
    outer loop
      vertex -65.5173 -49.2019 12.0659
      vertex -65.125 -58.925 1.59
      vertex -65.513 -49.1733 11.9517
    endloop
  endfacet
  facet normal 0.999312 0.000365906 0.0370755
    outer loop
      vertex -65.513 -49.1733 11.9517
      vertex -65.125 -58.925 1.59
      vertex -65.5089 -49.1337 11.8408
    endloop
  endfacet
  facet normal 0.999297 -7.55201e-05 0.0374965
    outer loop
      vertex -65.5089 -49.1337 11.8408
      vertex -65.125 -58.925 1.59
      vertex -65.5049 -49.0833 11.7343
    endloop
  endfacet
  facet normal 0.999295 -0.00011091 0.0375308
    outer loop
      vertex -65.5049 -49.0833 11.7343
      vertex -65.125 -58.925 1.59
      vertex -65.5011 -49.0228 11.6333
    endloop
  endfacet
  facet normal 0.999299 0 0.0374273
    outer loop
      vertex -65.4814 -16.0074 11.1058
      vertex -65.125 -58.925 1.59
      vertex -65.125 58.925 1.59
    endloop
  endfacet
  facet normal 0.999314 0.000352033 0.0370289
    outer loop
      vertex -65.482 -48.2591 11.1231
      vertex -65.125 -58.925 1.59
      vertex -65.4814 -48.1426 11.1058
    endloop
  endfacet
  facet normal 0.999291 -0.000198041 0.0376435
    outer loop
      vertex -65.4831 -48.3733 11.1517
      vertex -65.125 -58.925 1.59
      vertex -65.482 -48.2591 11.1231
    endloop
  endfacet
  facet normal 0.999295 -0.000109371 0.0375458
    outer loop
      vertex -65.4846 -48.4842 11.1913
      vertex -65.125 -58.925 1.59
      vertex -65.4831 -48.3733 11.1517
    endloop
  endfacet
  facet normal 0.999321 0.000542971 0.0368374
    outer loop
      vertex -65.4864 -48.5907 11.2417
      vertex -65.125 -58.925 1.59
      vertex -65.4846 -48.4842 11.1913
    endloop
  endfacet
  facet normal 0.999291 -0.000208727 0.0376411
    outer loop
      vertex -65.4887 -48.6917 11.3022
      vertex -65.125 -58.925 1.59
      vertex -65.4864 -48.5907 11.2417
    endloop
  endfacet
  facet normal 0.999306 0.000170922 0.0372417
    outer loop
      vertex -65.4913 -48.7863 11.3724
      vertex -65.125 -58.925 1.59
      vertex -65.4887 -48.6917 11.3022
    endloop
  endfacet
  facet normal 0.999291 -0.00022514 0.0376516
    outer loop
      vertex -65.4943 -48.8735 11.4515
      vertex -65.125 -58.925 1.59
      vertex -65.4913 -48.7863 11.3724
    endloop
  endfacet
  facet normal 0.999292 -0.000205096 0.0376312
    outer loop
      vertex -65.4976 -48.9526 11.5387
      vertex -65.125 -58.925 1.59
      vertex -65.4943 -48.8735 11.4515
    endloop
  endfacet
  facet normal 0.999309 0.000260213 0.0371654
    outer loop
      vertex -65.5011 -49.0228 11.6333
      vertex -65.125 -58.925 1.59
      vertex -65.4976 -48.9526 11.5387
    endloop
  endfacet
  facet normal -0.336143 -0.941811 0
    outer loop
      vertex 57.3669 77.039 23.83
      vertex 58.8202 76.5203 23.84
      vertex 57.3669 77.039 23.84
    endloop
  endfacet
  facet normal -0.336143 -0.941811 -0
    outer loop
      vertex 58.8202 76.5203 23.84
      vertex 57.3669 77.039 23.83
      vertex 58.8202 76.5203 23.83
    endloop
  endfacet
  facet normal -0.970979 -0.235886 0.0394557
    outer loop
      vertex 65.4414 67.7105 23.83
      vertex 65.039 69.3669 23.83
      vertex 64.2463 68.9099 1.59
    endloop
  endfacet
  facet normal -0 0.707107 0.707107
    outer loop
      vertex -46.925 -75.535 0
      vertex 46.925 -77.125 1.59
      vertex 46.925 -75.535 0
    endloop
  endfacet
  facet normal 0 0.707107 0.707107
    outer loop
      vertex 46.925 -77.125 1.59
      vertex -46.925 -75.535 0
      vertex -46.925 -77.125 1.59
    endloop
  endfacet
  facet normal -0.335808 -0.941062 0.0404382
    outer loop
      vertex 58.2996 75.7504 1.59
      vertex 58.8202 76.5203 23.83
      vertex 56.9099 76.2463 1.59
    endloop
  endfacet
  facet normal -0.997433 -0.0715991 0
    outer loop
      vertex 65.9005 63.3822 23.83
      vertex 65.7285 65.7783 23.84
      vertex 65.7285 65.7783 23.83
    endloop
  endfacet
  facet normal -0.997433 -0.0715991 0
    outer loop
      vertex 65.7285 65.7783 23.84
      vertex 65.9005 63.3822 23.83
      vertex 65.9005 63.3822 23.84
    endloop
  endfacet
  facet normal -0.0715478 0.996719 0.0378385
    outer loop
      vertex 51.3822 -77.9005 23.83
      vertex 53.7783 -77.7285 23.83
      vertex 51.1872 -77.0702 1.59
    endloop
  endfacet
  facet normal -0.896411 0.443223 0
    outer loop
      vertex 63.8843 -72.1065 23.83
      vertex 64.5203 -70.8202 23.84
      vertex 64.5203 -70.8202 23.83
    endloop
  endfacet
  facet normal -0.896411 0.443223 0
    outer loop
      vertex 64.5203 -70.8202 23.84
      vertex 63.8843 -72.1065 23.83
      vertex 63.8843 -72.1065 23.84
    endloop
  endfacet
  facet normal 0.0715478 -0.996719 0.0378385
    outer loop
      vertex -51.1872 77.0702 1.59
      vertex -51.3822 77.9005 23.83
      vertex -53.7783 77.7285 23.83
    endloop
  endfacet
  facet normal -0.970974 0.235908 0.0394543
    outer loop
      vertex 65.4414 -67.7105 23.83
      vertex 64.6311 -67.3261 1.59
      vertex 64.2463 -68.9099 1.59
    endloop
  endfacet
  facet normal -0.707071 -0.00909096 0.707084
    outer loop
      vertex 65.0702 63.1872 1.59
      vertex 63.4853 62.7882 0
      vertex 65.125 58.925 1.59
    endloop
  endfacet
  facet normal -0.707218 -0.00797614 0.706951
    outer loop
      vertex 63.4853 62.7882 0
      vertex 65.0702 63.1872 1.59
      vertex 63.485 62.8148 0
    endloop
  endfacet
  facet normal 0.94104 0.335868 0.0404431
    outer loop
      vertex -64.5203 -70.8202 23.83
      vertex -64.2463 -68.9099 1.59
      vertex -65.039 -69.3669 23.83
    endloop
  endfacet
  facet normal -0.657873 0.753129 0
    outer loop
      vertex 62.2511 -74.2511 23.83
      vertex 61.2462 -75.1289 23.84
      vertex 62.2511 -74.2511 23.84
    endloop
  endfacet
  facet normal -0.657873 0.753129 0
    outer loop
      vertex 61.2462 -75.1289 23.84
      vertex 62.2511 -74.2511 23.83
      vertex 61.2462 -75.1289 23.83
    endloop
  endfacet
  facet normal 0.971736 0.23607 0
    outer loop
      vertex -65.039 -69.3669 23.84
      vertex -65.4414 -67.7105 23.83
      vertex -65.4414 -67.7105 23.84
    endloop
  endfacet
  facet normal 0.971736 0.23607 0
    outer loop
      vertex -65.4414 -67.7105 23.83
      vertex -65.039 -69.3669 23.84
      vertex -65.039 -69.3669 23.83
    endloop
  endfacet
  facet normal 0.601287 -0.297295 0.741667
    outer loop
      vertex -63.7504 70.2996 1.59
      vertex -62.2767 69.3136 0
      vertex -63.1422 71.5297 1.59
    endloop
  endfacet
  facet normal 0.60154 -0.296864 0.741634
    outer loop
      vertex -62.2767 69.3136 0
      vertex -63.7504 70.2996 1.59
      vertex -62.2805 69.3059 0
    endloop
  endfacet
  facet normal -0.366977 0.553689 0.7475
    outer loop
      vertex 60.6195 -74.4198 1.59
      vertex 59.4231 -73.0662 0
      vertex 58.4353 -73.7209 0
    endloop
  endfacet
  facet normal 0.999217 -0.0128471 0.0374171
    outer loop
      vertex -65.125 58.925 1.59
      vertex -65.0702 63.1872 1.59
      vertex -65.9005 63.3822 23.83
    endloop
  endfacet
  facet normal -0.0715478 -0.996719 0.0378385
    outer loop
      vertex 53.7783 77.7285 23.83
      vertex 51.3822 77.9005 23.83
      vertex 51.1872 77.0702 1.59
    endloop
  endfacet
  facet normal -0.999917 0.012877 0
    outer loop
      vertex 65.9005 -63.3822 23.83
      vertex 65.9579 -58.925 23.84
      vertex 65.9579 -58.925 23.83
    endloop
  endfacet
  facet normal -0.999917 0.012877 0
    outer loop
      vertex 65.9579 -58.925 23.84
      vertex 65.9005 -63.3822 23.83
      vertex 65.9005 -63.3822 23.84
    endloop
  endfacet
  facet normal -0.102357 -0.688982 0.717514
    outer loop
      vertex 53.4784 76.9056 1.59
      vertex 52.9174 75.3331 0
      vertex 55.3261 76.6311 1.59
    endloop
  endfacet
  facet normal -0.101868 -0.689107 0.717464
    outer loop
      vertex 52.9174 75.3331 0
      vertex 53.4784 76.9056 1.59
      vertex 52.9059 75.3348 0
    endloop
  endfacet
  facet normal 0.707218 0.00797614 0.706951
    outer loop
      vertex -63.4853 -62.7882 0
      vertex -65.0702 -63.1872 1.59
      vertex -63.485 -62.8148 0
    endloop
  endfacet
  facet normal 0.707071 0.00909096 0.707084
    outer loop
      vertex -65.0702 -63.1872 1.59
      vertex -63.4853 -62.7882 0
      vertex -65.125 -58.925 1.59
    endloop
  endfacet
  facet normal 0.162484 -0.66871 0.725552
    outer loop
      vertex -56.0376 74.7331 0
      vertex -54.6021 75.0819 0
      vertex -56.9099 76.2463 1.59
    endloop
  endfacet
  facet normal 0.996719 -0.0715478 0.0378385
    outer loop
      vertex -65.0702 63.1872 1.59
      vertex -65.7285 65.7783 23.83
      vertex -65.9005 63.3822 23.83
    endloop
  endfacet
  facet normal -0.434595 -0.497612 0.750672
    outer loop
      vertex 60.2941 72.3054 0
      vertex 61.5805 73.5805 1.59
      vertex 60.6195 74.4198 1.59
    endloop
  endfacet
  facet normal -0.437294 -0.495049 0.7508
    outer loop
      vertex 61.5805 73.5805 1.59
      vertex 60.2941 72.3054 0
      vertex 60.3001 72.3001 0
    endloop
  endfacet
  facet normal 0.012877 0.999917 -0
    outer loop
      vertex -46.925 -77.9579 23.83
      vertex -51.3822 -77.9005 23.84
      vertex -46.925 -77.9579 23.84
    endloop
  endfacet
  facet normal 0.012877 0.999917 0
    outer loop
      vertex -51.3822 -77.9005 23.84
      vertex -46.925 -77.9579 23.83
      vertex -51.3822 -77.9005 23.83
    endloop
  endfacet
  facet normal -0.0716041 0.996715 0.0378449
    outer loop
      vertex 53.7783 -77.7285 23.83
      vertex 53.4784 -76.9056 1.59
      vertex 51.1872 -77.0702 1.59
    endloop
  endfacet
  facet normal -0.553689 -0.366977 0.7475
    outer loop
      vertex 61.7209 70.4353 0
      vertex 62.4198 72.6195 1.59
      vertex 61.0662 71.4231 0
    endloop
  endfacet
  facet normal 0.701643 0.0490659 0.710837
    outer loop
      vertex -63.3358 -64.8916 0
      vertex -64.9056 -65.4784 1.59
      vertex -63.3348 -64.9059 0
    endloop
  endfacet
  facet normal 0.70135 0.050385 0.711034
    outer loop
      vertex -64.9056 -65.4784 1.59
      vertex -63.3358 -64.8916 0
      vertex -65.0702 -63.1872 1.59
    endloop
  endfacet
  facet normal -0.657873 -0.753129 0
    outer loop
      vertex 61.2462 75.1289 23.83
      vertex 62.2511 74.2511 23.84
      vertex 61.2462 75.1289 23.84
    endloop
  endfacet
  facet normal -0.657873 -0.753129 -0
    outer loop
      vertex 62.2511 74.2511 23.84
      vertex 61.2462 75.1289 23.83
      vertex 62.2511 74.2511 23.83
    endloop
  endfacet
  facet normal 0.999917 -0.012877 0
    outer loop
      vertex -65.9579 58.925 23.84
      vertex -65.9005 63.3822 23.83
      vertex -65.9005 63.3822 23.84
    endloop
  endfacet
  facet normal 0.999917 -0.012877 0
    outer loop
      vertex -65.9005 63.3822 23.83
      vertex -65.9579 58.925 23.84
      vertex -65.9579 58.925 23.83
    endloop
  endfacet
  facet normal -0.94104 0.335868 0.0404431
    outer loop
      vertex 64.5203 -70.8202 23.83
      vertex 65.039 -69.3669 23.83
      vertex 64.2463 -68.9099 1.59
    endloop
  endfacet
  facet normal 0.00909654 0.707078 0.707078
    outer loop
      vertex -46.925 -77.125 1.59
      vertex -46.925 -75.535 0
      vertex -50.7882 -75.4853 0
    endloop
  endfacet
  facet normal -0.367001 -0.553651 0.747516
    outer loop
      vertex 59.5297 75.1422 1.59
      vertex 58.4353 73.7209 0
      vertex 60.6195 74.4198 1.59
    endloop
  endfacet
  facet normal -0.366585 -0.553951 0.747498
    outer loop
      vertex 58.4353 73.7209 0
      vertex 59.5297 75.1422 1.59
      vertex 58.4285 73.7254 0
    endloop
  endfacet
  facet normal -0.601287 -0.297295 0.741667
    outer loop
      vertex 62.2767 69.3136 0
      vertex 63.7504 70.2996 1.59
      vertex 63.1422 71.5297 1.59
    endloop
  endfacet
  facet normal -0.60154 -0.296864 0.741634
    outer loop
      vertex 63.7504 70.2996 1.59
      vertex 62.2767 69.3136 0
      vertex 62.2805 69.3059 0
    endloop
  endfacet
  facet normal -0.999217 0.0128471 0.0374171
    outer loop
      vertex 65.9005 -63.3822 23.83
      vertex 65.125 -58.925 1.59
      vertex 65.0702 -63.1872 1.59
    endloop
  endfacet
  facet normal -0.55198 0.832793 0.0421042
    outer loop
      vertex 60.1065 -75.8843 23.83
      vertex 61.2462 -75.1289 23.83
      vertex 59.5297 -75.1422 1.59
    endloop
  endfacet
  facet normal -0.335868 0.94104 0.0404431
    outer loop
      vertex 57.3669 -77.039 23.83
      vertex 58.8202 -76.5203 23.83
      vertex 56.9099 -76.2463 1.59
    endloop
  endfacet
  facet normal -0.60154 0.296864 0.741634
    outer loop
      vertex 62.2767 -69.3136 0
      vertex 63.7504 -70.2996 1.59
      vertex 62.2805 -69.3059 0
    endloop
  endfacet
  facet normal -0.601287 0.297295 0.741667
    outer loop
      vertex 63.7504 -70.2996 1.59
      vertex 62.2767 -69.3136 0
      vertex 63.1422 -71.5297 1.59
    endloop
  endfacet
  facet normal 0.988405 0.146864 0.0385523
    outer loop
      vertex -65.4414 -67.7105 23.83
      vertex -64.9056 -65.4784 1.59
      vertex -65.7285 -65.7783 23.83
    endloop
  endfacet
  facet normal 0.639649 0.228265 0.733992
    outer loop
      vertex -62.2805 -69.3059 0
      vertex -62.73 -68.0463 0
      vertex -63.7504 -70.2996 1.59
    endloop
  endfacet
  facet normal 0.0128471 0.999217 0.0374171
    outer loop
      vertex -46.925 -77.125 1.59
      vertex -51.1872 -77.0702 1.59
      vertex -51.3822 -77.9005 23.83
    endloop
  endfacet
  facet normal 0.497595 -0.434639 0.750658
    outer loop
      vertex -61.0662 71.4231 0
      vertex -60.3054 72.2941 0
      vertex -62.4198 72.6195 1.59
    endloop
  endfacet
  facet normal -0.657278 0.752448 0.0425073
    outer loop
      vertex 62.2511 -74.2511 23.83
      vertex 61.5805 -73.5805 1.59
      vertex 61.2462 -75.1289 23.83
    endloop
  endfacet
  facet normal -0.442843 0.895644 0.0413709
    outer loop
      vertex 60.1065 -75.8843 23.83
      vertex 59.5297 -75.1422 1.59
      vertex 58.8202 -76.5203 23.83
    endloop
  endfacet
  facet normal -0.335868 -0.94104 0.0404431
    outer loop
      vertex 58.8202 76.5203 23.83
      vertex 57.3669 77.039 23.83
      vertex 56.9099 76.2463 1.59
    endloop
  endfacet
  facet normal -0.442836 0.895648 0.0413714
    outer loop
      vertex 58.8202 -76.5203 23.83
      vertex 59.5297 -75.1422 1.59
      vertex 58.2996 -75.7504 1.59
    endloop
  endfacet
  facet normal 0.55198 0.832793 0.0421042
    outer loop
      vertex -60.1065 -75.8843 23.83
      vertex -59.5297 -75.1422 1.59
      vertex -61.2462 -75.1289 23.83
    endloop
  endfacet
  facet normal 0.012868 0.999217 0.0374212
    outer loop
      vertex -46.925 -77.9579 23.83
      vertex -46.925 -77.125 1.59
      vertex -51.3822 -77.9005 23.83
    endloop
  endfacet
  facet normal -0.688987 -0.102352 0.71751
    outer loop
      vertex 63.3331 64.9174 0
      vertex 64.6311 67.3261 1.59
      vertex 63.0843 66.5922 0
    endloop
  endfacet
  facet normal 0 -1 0
    outer loop
      vertex -46.925 77.9579 23.83
      vertex 46.925 77.9579 23.84
      vertex -46.925 77.9579 23.84
    endloop
  endfacet
  facet normal 0 -1 -0
    outer loop
      vertex 46.925 77.9579 23.84
      vertex -46.925 77.9579 23.83
      vertex 46.925 77.9579 23.83
    endloop
  endfacet
  facet normal 0.012868 -0.999217 0.0374212
    outer loop
      vertex -46.925 77.125 1.59
      vertex -46.925 77.9579 23.83
      vertex -51.3822 77.9005 23.83
    endloop
  endfacet
  facet normal -0.012877 -0.999917 0
    outer loop
      vertex 46.925 77.9579 23.83
      vertex 51.3822 77.9005 23.84
      vertex 46.925 77.9579 23.84
    endloop
  endfacet
  facet normal -0.012877 -0.999917 -0
    outer loop
      vertex 51.3822 77.9005 23.84
      vertex 46.925 77.9579 23.83
      vertex 51.3822 77.9005 23.83
    endloop
  endfacet
  facet normal 0.657278 -0.752448 0.0425073
    outer loop
      vertex -61.5805 73.5805 1.59
      vertex -61.2462 75.1289 23.83
      vertex -62.2511 74.2511 23.83
    endloop
  endfacet
  facet normal 0.00909096 -0.707071 0.707084
    outer loop
      vertex -51.1872 77.0702 1.59
      vertex -50.7882 75.4853 0
      vertex -46.925 77.125 1.59
    endloop
  endfacet
  facet normal 0.00797614 -0.707218 0.706951
    outer loop
      vertex -50.7882 75.4853 0
      vertex -51.1872 77.0702 1.59
      vertex -50.8148 75.485 0
    endloop
  endfacet
  facet normal -0.00909654 0.707078 0.707078
    outer loop
      vertex 50.7882 -75.4853 0
      vertex 46.925 -75.535 0
      vertex 46.925 -77.125 1.59
    endloop
  endfacet
  facet normal -0.442843 -0.895644 0.0413709
    outer loop
      vertex 59.5297 75.1422 1.59
      vertex 60.1065 75.8843 23.83
      vertex 58.8202 76.5203 23.83
    endloop
  endfacet
  facet normal 0.896411 0.443223 0
    outer loop
      vertex -63.8843 -72.1065 23.84
      vertex -64.5203 -70.8202 23.83
      vertex -64.5203 -70.8202 23.84
    endloop
  endfacet
  facet normal 0.896411 0.443223 0
    outer loop
      vertex -64.5203 -70.8202 23.83
      vertex -63.8843 -72.1065 23.84
      vertex -63.8843 -72.1065 23.83
    endloop
  endfacet
  facet normal 0.146841 0.988409 0.0385501
    outer loop
      vertex -53.4784 -76.9056 1.59
      vertex -55.3261 -76.6311 1.59
      vertex -55.7105 -77.4414 23.83
    endloop
  endfacet
  facet normal -0.707078 -0.00909654 0.707078
    outer loop
      vertex 63.535 58.925 0
      vertex 65.125 58.925 1.59
      vertex 63.4853 62.7882 0
    endloop
  endfacet
  facet normal -0.012868 -0.999217 0.0374212
    outer loop
      vertex 51.3822 77.9005 23.83
      vertex 46.925 77.9579 23.83
      vertex 46.925 77.125 1.59
    endloop
  endfacet
  facet normal 0.707078 0.00909654 0.707078
    outer loop
      vertex -63.4853 -62.7882 0
      vertex -63.535 -58.925 0
      vertex -65.125 -58.925 1.59
    endloop
  endfacet
  facet normal 0.162484 0.66871 0.725552
    outer loop
      vertex -54.6021 -75.0819 0
      vertex -56.0376 -74.7331 0
      vertex -56.9099 -76.2463 1.59
    endloop
  endfacet
  facet normal -1 0 0
    outer loop
      vertex 65.9579 -58.925 23.83
      vertex 65.9579 58.925 23.84
      vertex 65.9579 58.925 23.83
    endloop
  endfacet
  facet normal -1 -0 0
    outer loop
      vertex 65.9579 58.925 23.84
      vertex 65.9579 -58.925 23.83
      vertex 65.9579 -58.925 23.84
    endloop
  endfacet
  facet normal 0.443223 0.896411 -0
    outer loop
      vertex -58.8202 -76.5203 23.83
      vertex -60.1065 -75.8843 23.84
      vertex -58.8202 -76.5203 23.84
    endloop
  endfacet
  facet normal 0.443223 0.896411 0
    outer loop
      vertex -60.1065 -75.8843 23.84
      vertex -58.8202 -76.5203 23.83
      vertex -60.1065 -75.8843 23.83
    endloop
  endfacet
  facet normal 0.0128471 -0.999217 0.0374171
    outer loop
      vertex -51.1872 77.0702 1.59
      vertex -46.925 77.125 1.59
      vertex -51.3822 77.9005 23.83
    endloop
  endfacet
  facet normal -0.443223 -0.896411 0
    outer loop
      vertex 58.8202 76.5203 23.83
      vertex 60.1065 75.8843 23.84
      vertex 58.8202 76.5203 23.84
    endloop
  endfacet
  facet normal -0.443223 -0.896411 -0
    outer loop
      vertex 60.1065 75.8843 23.84
      vertex 58.8202 76.5203 23.83
      vertex 60.1065 75.8843 23.83
    endloop
  endfacet
  facet normal 0.235886 -0.970979 0.0394557
    outer loop
      vertex -56.9099 76.2463 1.59
      vertex -55.7105 77.4414 23.83
      vertex -57.3669 77.039 23.83
    endloop
  endfacet
  facet normal 0.999917 0.012877 0
    outer loop
      vertex -65.9005 -63.3822 23.84
      vertex -65.9579 -58.925 23.83
      vertex -65.9579 -58.925 23.84
    endloop
  endfacet
  facet normal 0.999917 0.012877 0
    outer loop
      vertex -65.9579 -58.925 23.83
      vertex -65.9005 -63.3822 23.84
      vertex -65.9005 -63.3822 23.83
    endloop
  endfacet
  facet normal -0.895644 -0.442843 0.0413709
    outer loop
      vertex 64.5203 70.8202 23.83
      vertex 63.8843 72.1065 23.83
      vertex 63.1422 71.5297 1.59
    endloop
  endfacet
  facet normal -0.639649 0.228265 0.733992
    outer loop
      vertex 63.7504 -70.2996 1.59
      vertex 62.73 -68.0463 0
      vertex 62.2805 -69.3059 0
    endloop
  endfacet
  facet normal -0.988409 -0.146841 0.0385501
    outer loop
      vertex 64.9056 65.4784 1.59
      vertex 65.4414 67.7105 23.83
      vertex 64.6311 67.3261 1.59
    endloop
  endfacet
  facet normal -0.98914 -0.146974 0
    outer loop
      vertex 65.7285 65.7783 23.83
      vertex 65.4414 67.7105 23.84
      vertex 65.4414 67.7105 23.83
    endloop
  endfacet
  facet normal -0.98914 -0.146974 0
    outer loop
      vertex 65.4414 67.7105 23.84
      vertex 65.7285 65.7783 23.83
      vertex 65.7285 65.7783 23.84
    endloop
  endfacet
  facet normal -0.996719 -0.0715478 0.0378385
    outer loop
      vertex 65.9005 63.3822 23.83
      vertex 65.7285 65.7783 23.83
      vertex 65.0702 63.1872 1.59
    endloop
  endfacet
  facet normal -0.999217 -0.0128471 0.0374171
    outer loop
      vertex 65.125 58.925 1.59
      vertex 65.9005 63.3822 23.83
      vertex 65.0702 63.1872 1.59
    endloop
  endfacet
  facet normal 0.657873 -0.753129 0
    outer loop
      vertex -62.2511 74.2511 23.83
      vertex -61.2462 75.1289 23.84
      vertex -62.2511 74.2511 23.84
    endloop
  endfacet
  facet normal 0.657873 -0.753129 0
    outer loop
      vertex -61.2462 75.1289 23.84
      vertex -62.2511 74.2511 23.83
      vertex -61.2462 75.1289 23.83
    endloop
  endfacet
  facet normal 0 -0.707107 0.707107
    outer loop
      vertex -46.925 77.125 1.59
      vertex 46.925 75.535 0
      vertex 46.925 77.125 1.59
    endloop
  endfacet
  facet normal 0 -0.707107 0.707107
    outer loop
      vertex 46.925 75.535 0
      vertex -46.925 77.125 1.59
      vertex -46.925 75.535 0
    endloop
  endfacet
  facet normal -0.443223 0.896411 0
    outer loop
      vertex 60.1065 -75.8843 23.83
      vertex 58.8202 -76.5203 23.84
      vertex 60.1065 -75.8843 23.84
    endloop
  endfacet
  facet normal -0.443223 0.896411 0
    outer loop
      vertex 58.8202 -76.5203 23.84
      vertex 60.1065 -75.8843 23.83
      vertex 58.8202 -76.5203 23.83
    endloop
  endfacet
  facet normal -0.94104 -0.335868 0.0404431
    outer loop
      vertex 65.039 69.3669 23.83
      vertex 64.5203 70.8202 23.83
      vertex 64.2463 68.9099 1.59
    endloop
  endfacet
  facet normal -0.753129 -0.657873 0
    outer loop
      vertex 63.1289 73.2462 23.83
      vertex 62.2511 74.2511 23.84
      vertex 62.2511 74.2511 23.83
    endloop
  endfacet
  facet normal -0.753129 -0.657873 0
    outer loop
      vertex 62.2511 74.2511 23.84
      vertex 63.1289 73.2462 23.83
      vertex 63.1289 73.2462 23.84
    endloop
  endfacet
  facet normal -0.941062 0.335808 0.0404382
    outer loop
      vertex 64.5203 -70.8202 23.83
      vertex 64.2463 -68.9099 1.59
      vertex 63.7504 -70.2996 1.59
    endloop
  endfacet
  facet normal -0.895648 0.442836 0.0413714
    outer loop
      vertex 64.5203 -70.8202 23.83
      vertex 63.7504 -70.2996 1.59
      vertex 63.1422 -71.5297 1.59
    endloop
  endfacet
  facet normal -0.228256 0.639659 0.733986
    outer loop
      vertex 56.0463 -74.73 0
      vertex 56.9099 -76.2463 1.59
      vertex 58.2996 -75.7504 1.59
    endloop
  endfacet
  facet normal -0.227972 0.639792 0.733958
    outer loop
      vertex 56.9099 -76.2463 1.59
      vertex 56.0463 -74.73 0
      vertex 56.0376 -74.7331 0
    endloop
  endfacet
  facet normal -0.66884 0.162143 0.725509
    outer loop
      vertex 63.0819 -66.6021 0
      vertex 64.6311 -67.3261 1.59
      vertex 63.0843 -66.5922 0
    endloop
  endfacet
  facet normal -0.668722 0.162473 0.725544
    outer loop
      vertex 64.6311 -67.3261 1.59
      vertex 63.0819 -66.6021 0
      vertex 64.2463 -68.9099 1.59
    endloop
  endfacet
  facet normal -0.996719 0.0715478 0.0378385
    outer loop
      vertex 65.7285 -65.7783 23.83
      vertex 65.9005 -63.3822 23.83
      vertex 65.0702 -63.1872 1.59
    endloop
  endfacet
  facet normal 0.437294 0.495049 0.7508
    outer loop
      vertex -61.5805 -73.5805 1.59
      vertex -60.2941 -72.3054 0
      vertex -60.3001 -72.3001 0
    endloop
  endfacet
  facet normal 0.434595 0.497612 0.750672
    outer loop
      vertex -60.2941 -72.3054 0
      vertex -61.5805 -73.5805 1.59
      vertex -60.6195 -74.4198 1.59
    endloop
  endfacet
  facet normal -0.707107 0 0.707107
    outer loop
      vertex 63.535 58.925 0
      vertex 65.125 -58.925 1.59
      vertex 65.125 58.925 1.59
    endloop
  endfacet
  facet normal -0.707107 0 0.707107
    outer loop
      vertex 65.125 -58.925 1.59
      vertex 63.535 58.925 0
      vertex 63.535 -58.925 0
    endloop
  endfacet
  facet normal -0.999299 -6.8456e-06 0.0374243
    outer loop
      vertex 65.125 58.925 1.59
      vertex 65.5364 58.075 12.575
      vertex 65.9579 58.925 23.83
    endloop
  endfacet
  facet normal -0.9993 -0.000284759 0.0374028
    outer loop
      vertex 65.125 58.925 1.59
      vertex 65.532 58.0692 12.4574
      vertex 65.5364 58.075 12.575
    endloop
  endfacet
  facet normal -0.999294 0.00139301 0.0375347
    outer loop
      vertex 65.125 58.925 1.59
      vertex 65.5276 58.0519 12.3409
      vertex 65.532 58.0692 12.4574
    endloop
  endfacet
  facet normal -0.999297 0.000618328 0.0374719
    outer loop
      vertex 65.125 58.925 1.59
      vertex 65.5233 58.0233 12.2267
      vertex 65.5276 58.0519 12.3409
    endloop
  endfacet
  facet normal -0.999302 -0.00107559 0.0373285
    outer loop
      vertex 65.125 58.925 1.59
      vertex 65.5192 57.9837 12.1158
      vertex 65.5233 58.0233 12.2267
    endloop
  endfacet
  facet normal -0.999299 0.000191543 0.0374417
    outer loop
      vertex 65.125 58.925 1.59
      vertex 65.5152 57.9333 12.0093
      vertex 65.5192 57.9837 12.1158
    endloop
  endfacet
  facet normal -0.999299 0.000250519 0.0374473
    outer loop
      vertex 65.125 58.925 1.59
      vertex 65.5114 57.8728 11.9083
      vertex 65.5152 57.9333 12.0093
    endloop
  endfacet
  facet normal -0.999301 -0.000532944 0.0373675
    outer loop
      vertex 65.125 58.925 1.59
      vertex 65.5079 57.8026 11.8137
      vertex 65.5114 57.8728 11.9083
    endloop
  endfacet
  facet normal -0.999298 0.000385062 0.0374682
    outer loop
      vertex 65.125 58.925 1.59
      vertex 65.5046 57.7235 11.7265
      vertex 65.5079 57.8026 11.8137
    endloop
  endfacet
  facet normal -0.999298 0.000391107 0.0374689
    outer loop
      vertex 65.125 58.925 1.59
      vertex 65.5016 57.6363 11.6474
      vertex 65.5046 57.7235 11.7265
    endloop
  endfacet
  facet normal -0.999301 -0.000276302 0.0373835
    outer loop
      vertex 65.125 58.925 1.59
      vertex 65.499 57.5417 11.5772
      vertex 65.5016 57.6363 11.6474
    endloop
  endfacet
  facet normal -0.999298 0.00031428 0.0374652
    outer loop
      vertex 65.125 58.925 1.59
      vertex 65.4967 57.4407 11.5167
      vertex 65.499 57.5417 11.5772
    endloop
  endfacet
  facet normal -0.999304 -0.000764148 0.0373041
    outer loop
      vertex 65.125 58.925 1.59
      vertex 65.4949 57.3342 11.4663
      vertex 65.4967 57.4407 11.5167
    endloop
  endfacet
  facet normal -0.999298 0.000143569 0.0374501
    outer loop
      vertex 65.125 58.925 1.59
      vertex 65.4934 57.2233 11.4267
      vertex 65.4949 57.3342 11.4663
    endloop
  endfacet
  facet normal -0.999298 0.000242257 0.0374672
    outer loop
      vertex 65.125 58.925 1.59
      vertex 65.4923 57.1091 11.3981
      vertex 65.4934 57.2233 11.4267
    endloop
  endfacet
  facet normal -0.999302 -0.000399556 0.0373485
    outer loop
      vertex 65.125 58.925 1.59
      vertex 65.4917 56.9926 11.3808
      vertex 65.4923 57.1091 11.3981
    endloop
  endfacet
  facet normal -0.999294 0.000696545 0.0375646
    outer loop
      vertex 65.125 58.925 1.59
      vertex 65.4914 56.875 11.375
      vertex 65.4917 56.9926 11.3808
    endloop
  endfacet
  facet normal -0.9993 0 0.0374188
    outer loop
      vertex 65.125 58.925 1.59
      vertex 65.4914 44.975 11.375
      vertex 65.4914 56.875 11.375
    endloop
  endfacet
  facet normal -0.999339 -0.000757001 0.0363411
    outer loop
      vertex 65.125 58.925 1.59
      vertex 65.4917 44.8574 11.3808
      vertex 65.4914 44.975 11.375
    endloop
  endfacet
  facet normal -0.999271 0.000522801 0.0381774
    outer loop
      vertex 65.125 58.925 1.59
      vertex 65.4923 44.7409 11.3981
      vertex 65.4917 44.8574 11.3808
    endloop
  endfacet
  facet normal -0.999299 3.96774e-06 0.0374281
    outer loop
      vertex 65.4763 37.3233 10.9717
      vertex 65.4923 44.7409 11.3981
      vertex 65.125 58.925 1.59
    endloop
  endfacet
  facet normal -0.999281 -2.43283e-05 0.0379197
    outer loop
      vertex 65.4778 37.4342 11.0113
      vertex 65.4923 44.7409 11.3981
      vertex 65.4763 37.3233 10.9717
    endloop
  endfacet
  facet normal -0.999268 -4.25532e-05 0.0382635
    outer loop
      vertex 65.4923 44.7409 11.3981
      vertex 65.4778 37.4342 11.0113
      vertex 65.4934 44.6267 11.4267
    endloop
  endfacet
  facet normal -0.999289 -9.4823e-06 0.0376917
    outer loop
      vertex 65.4797 37.5407 11.0617
      vertex 65.4934 44.6267 11.4267
      vertex 65.4778 37.4342 11.0113
    endloop
  endfacet
  facet normal -0.999299 1.00748e-05 0.0374321
    outer loop
      vertex 65.5364 43.775 12.575
      vertex 65.5193 38.175 12.12
      vertex 65.6263 43.775 14.975
    endloop
  endfacet
  facet normal -0.999301 1.35417e-05 0.0373895
    outer loop
      vertex 65.532 43.7808 12.4574
      vertex 65.5193 38.175 12.12
      vertex 65.5364 43.775 12.575
    endloop
  endfacet
  facet normal -0.999288 -7.59802e-06 0.0377402
    outer loop
      vertex 65.5276 43.7981 12.3409
      vertex 65.5193 38.175 12.12
      vertex 65.532 43.7808 12.4574
    endloop
  endfacet
  facet normal -0.999292 -7.979e-06 0.0376246
    outer loop
      vertex 65.5149 38.1692 12.0024
      vertex 65.5276 43.7981 12.3409
      vertex 65.5233 43.8267 12.2267
    endloop
  endfacet
  facet normal -0.999317 1.73333e-05 0.0369512
    outer loop
      vertex 65.5106 38.1519 11.8859
      vertex 65.5233 43.8267 12.2267
      vertex 65.5192 43.8663 12.1158
    endloop
  endfacet
  facet normal -0.999295 -4.05138e-06 0.0375303
    outer loop
      vertex 65.5063 38.1233 11.7717
      vertex 65.5192 43.8663 12.1158
      vertex 65.5152 43.9167 12.0093
    endloop
  endfacet
  facet normal -0.999293 -1.96512e-06 0.037596
    outer loop
      vertex 65.5021 38.0837 11.6608
      vertex 65.5152 43.9167 12.0093
      vertex 65.5114 43.9772 11.9083
    endloop
  endfacet
  facet normal -0.999315 3.26443e-05 0.0369968
    outer loop
      vertex 65.4981 38.0333 11.5543
      vertex 65.5114 43.9772 11.9083
      vertex 65.5079 44.0474 11.8137
    endloop
  endfacet
  facet normal -0.999285 -2.16966e-05 0.0377973
    outer loop
      vertex 65.4944 37.9728 11.4533
      vertex 65.5079 44.0474 11.8137
      vertex 65.5046 44.1265 11.7265
    endloop
  endfacet
  facet normal -0.999282 -2.25246e-05 0.0378746
    outer loop
      vertex 65.4908 37.9026 11.3587
      vertex 65.5046 44.1265 11.7265
      vertex 65.5016 44.2137 11.6474
    endloop
  endfacet
  facet normal -0.999314 1.12697e-05 0.0370268
    outer loop
      vertex 65.4876 37.8235 11.2715
      vertex 65.5016 44.2137 11.6474
      vertex 65.499 44.3083 11.5772
    endloop
  endfacet
  facet normal -0.999285 -1.54989e-05 0.0378083
    outer loop
      vertex 65.4934 44.6267 11.4267
      vertex 65.4797 37.5407 11.0617
      vertex 65.4949 44.5158 11.4663
    endloop
  endfacet
  facet normal -0.999301 6.2381e-06 0.0373885
    outer loop
      vertex 65.5276 43.7981 12.3409
      vertex 65.5149 38.1692 12.0024
      vertex 65.5193 38.175 12.12
    endloop
  endfacet
  facet normal -0.99932 2.15202e-05 0.0368816
    outer loop
      vertex 65.5233 43.8267 12.2267
      vertex 65.5106 38.1519 11.8859
      vertex 65.5149 38.1692 12.0024
    endloop
  endfacet
  facet normal -0.999292 -9.9773e-06 0.0376291
    outer loop
      vertex 65.5192 43.8663 12.1158
      vertex 65.5063 38.1233 11.7717
      vertex 65.5106 38.1519 11.8859
    endloop
  endfacet
  facet normal -0.999283 -1.72209e-05 0.037851
    outer loop
      vertex 65.5152 43.9167 12.0093
      vertex 65.5021 38.0837 11.6608
      vertex 65.5063 38.1233 11.7717
    endloop
  endfacet
  facet normal -0.999295 7.30973e-07 0.0375319
    outer loop
      vertex 65.5114 43.9772 11.9083
      vertex 65.4981 38.0333 11.5543
      vertex 65.5021 38.0837 11.6608
    endloop
  endfacet
  facet normal -0.999331 5.06986e-05 0.0365788
    outer loop
      vertex 65.5079 44.0474 11.8137
      vertex 65.4944 37.9728 11.4533
      vertex 65.4981 38.0333 11.5543
    endloop
  endfacet
  facet normal -0.999276 -3.30156e-05 0.0380519
    outer loop
      vertex 65.5046 44.1265 11.7265
      vertex 65.4908 37.9026 11.3587
      vertex 65.4944 37.9728 11.4533
    endloop
  endfacet
  facet normal -0.999328 3.39493e-05 0.0366418
    outer loop
      vertex 65.5016 44.2137 11.6474
      vertex 65.4876 37.8235 11.2715
      vertex 65.4908 37.9026 11.3587
    endloop
  endfacet
  facet normal -0.99928 -3.15633e-05 0.0379342
    outer loop
      vertex 65.499 44.3083 11.5772
      vertex 65.4846 37.7363 11.1924
      vertex 65.4876 37.8235 11.2715
    endloop
  endfacet
  facet normal -0.99928 -3.16861e-05 0.0379363
    outer loop
      vertex 65.4967 44.4093 11.5167
      vertex 65.4846 37.7363 11.1924
      vertex 65.499 44.3083 11.5772
    endloop
  endfacet
  facet normal -0.999316 1.42444e-05 0.0369925
    outer loop
      vertex 65.4846 37.7363 11.1924
      vertex 65.4967 44.4093 11.5167
      vertex 65.482 37.6417 11.1222
    endloop
  endfacet
  facet normal -0.999357 8.02926e-05 0.035861
    outer loop
      vertex 65.4949 44.5158 11.4663
      vertex 65.482 37.6417 11.1222
      vertex 65.4967 44.4093 11.5167
    endloop
  endfacet
  facet normal -0.999276 -2.87883e-05 0.0380371
    outer loop
      vertex 65.482 37.6417 11.1222
      vertex 65.4949 44.5158 11.4663
      vertex 65.4797 37.5407 11.0617
    endloop
  endfacet
  facet normal -0.999333 -0.000393699 0.0365138
    outer loop
      vertex 65.125 58.925 1.59
      vertex 65.4753 37.2091 10.9431
      vertex 65.4763 37.3233 10.9717
    endloop
  endfacet
  facet normal -0.99927 0.000332094 0.0381965
    outer loop
      vertex 65.125 58.925 1.59
      vertex 65.4746 37.0926 10.9258
      vertex 65.4753 37.2091 10.9431
    endloop
  endfacet
  facet normal -0.999311 -0.000130998 0.0371151
    outer loop
      vertex 65.125 58.925 1.59
      vertex 65.4744 36.975 10.92
      vertex 65.4746 37.0926 10.9258
    endloop
  endfacet
  facet normal -0.9993 0 0.0374229
    outer loop
      vertex 65.125 58.925 1.59
      vertex 65.4744 26.575 10.92
      vertex 65.4744 36.975 10.92
    endloop
  endfacet
  facet normal -0.999276 0.00017635 0.0380335
    outer loop
      vertex 65.125 58.925 1.59
      vertex 65.4746 26.4574 10.9258
      vertex 65.4744 26.575 10.92
    endloop
  endfacet
  facet normal -0.999414 -0.000925396 0.034207
    outer loop
      vertex 65.125 58.925 1.59
      vertex 65.4753 26.3409 10.9431
      vertex 65.4746 26.4574 10.9258
    endloop
  endfacet
  facet normal -0.999299 0 0.0374266
    outer loop
      vertex 65.125 -58.925 1.59
      vertex 65.4753 26.3409 10.9431
      vertex 65.125 58.925 1.59
    endloop
  endfacet
  facet normal -0.999299 -6.42274e-07 0.0374243
    outer loop
      vertex 65.9579 -58.925 23.83
      vertex 65.5193 25.375 12.12
      vertex 65.125 -58.925 1.59
    endloop
  endfacet
  facet normal -0.999301 3.7749e-06 0.037389
    outer loop
      vertex 65.5149 25.3808 12.0024
      vertex 65.125 -58.925 1.59
      vertex 65.5193 25.375 12.12
    endloop
  endfacet
  facet normal -0.999319 6.49473e-05 0.0368944
    outer loop
      vertex 65.5106 25.3981 11.8859
      vertex 65.125 -58.925 1.59
      vertex 65.5149 25.3808 12.0024
    endloop
  endfacet
  facet normal -0.999292 -2.38491e-05 0.0376206
    outer loop
      vertex 65.5063 25.4267 11.7717
      vertex 65.125 -58.925 1.59
      vertex 65.5106 25.3981 11.8859
    endloop
  endfacet
  facet normal -0.999284 -4.88459e-05 0.0378274
    outer loop
      vertex 65.5021 25.4663 11.6608
      vertex 65.125 -58.925 1.59
      vertex 65.5063 25.4267 11.7717
    endloop
  endfacet
  facet normal -0.999296 -1.28448e-05 0.0375262
    outer loop
      vertex 65.4981 25.5167 11.5543
      vertex 65.125 -58.925 1.59
      vertex 65.5021 25.4663 11.6608
    endloop
  endfacet
  facet normal -0.999328 8.92128e-05 0.0366625
    outer loop
      vertex 65.4944 25.5772 11.4533
      vertex 65.125 -58.925 1.59
      vertex 65.4981 25.5167 11.5543
    endloop
  endfacet
  facet normal -0.999279 -6.47264e-05 0.0379795
    outer loop
      vertex 65.4908 25.6474 11.3587
      vertex 65.125 -58.925 1.59
      vertex 65.4944 25.5772 11.4533
    endloop
  endfacet
  facet normal -0.999325 7.82443e-05 0.0367434
    outer loop
      vertex 65.4876 25.7265 11.2715
      vertex 65.125 -58.925 1.59
      vertex 65.4908 25.6474 11.3587
    endloop
  endfacet
  facet normal -0.999284 -4.80865e-05 0.0378465
    outer loop
      vertex 65.4846 25.8137 11.1924
      vertex 65.125 -58.925 1.59
      vertex 65.4876 25.7265 11.2715
    endloop
  endfacet
  facet normal -0.999313 4.04678e-05 0.0370661
    outer loop
      vertex 65.482 25.9083 11.1222
      vertex 65.125 -58.925 1.59
      vertex 65.4846 25.8137 11.1924
    endloop
  endfacet
  facet normal -0.999282 -5.33744e-05 0.0379001
    outer loop
      vertex 65.4797 26.0093 11.0617
      vertex 65.125 -58.925 1.59
      vertex 65.482 25.9083 11.1222
    endloop
  endfacet
  facet normal -0.999292 -2.25479e-05 0.0376241
    outer loop
      vertex 65.4778 26.1158 11.0113
      vertex 65.125 -58.925 1.59
      vertex 65.4797 26.0093 11.0617
    endloop
  endfacet
  facet normal -0.999287 -3.64776e-05 0.0377496
    outer loop
      vertex 65.4763 26.2267 10.9717
      vertex 65.125 -58.925 1.59
      vertex 65.4778 26.1158 11.0113
    endloop
  endfacet
  facet normal -0.999363 0.000189651 0.0357
    outer loop
      vertex 65.4753 26.3409 10.9431
      vertex 65.125 -58.925 1.59
      vertex 65.4763 26.2267 10.9717
    endloop
  endfacet
  facet normal -0.999299 -0.000109972 0.0374321
    outer loop
      vertex 65.6263 58.075 14.975
      vertex 65.9579 58.925 23.83
      vertex 65.5364 58.075 12.575
    endloop
  endfacet
  facet normal -0.9993 0.00022559 0.0373999
    outer loop
      vertex 65.6307 58.0692 15.0926
      vertex 65.9579 58.925 23.83
      vertex 65.6263 58.075 14.975
    endloop
  endfacet
  facet normal -0.999305 0.00218291 0.0372084
    outer loop
      vertex 65.635 58.0519 15.2091
      vertex 65.9579 58.925 23.83
      vertex 65.6307 58.0692 15.0926
    endloop
  endfacet
  facet normal -0.999297 -0.000561861 0.0374861
    outer loop
      vertex 65.6393 58.0233 15.3233
      vertex 65.9579 58.925 23.83
      vertex 65.635 58.0519 15.2091
    endloop
  endfacet
  facet normal -0.999303 0.00104141 0.0373163
    outer loop
      vertex 65.6434 57.9837 15.4342
      vertex 65.9579 58.925 23.83
      vertex 65.6393 58.0233 15.3233
    endloop
  endfacet
  facet normal -0.999298 -0.000169828 0.037452
    outer loop
      vertex 65.6474 57.9333 15.5407
      vertex 65.9579 58.925 23.83
      vertex 65.6434 57.9837 15.4342
    endloop
  endfacet
  facet normal -0.999298 -0.000230598 0.0374592
    outer loop
      vertex 65.6512 57.8728 15.6417
      vertex 65.9579 58.925 23.83
      vertex 65.6474 57.9333 15.5407
    endloop
  endfacet
  facet normal -0.999296 -0.000687667 0.0375179
    outer loop
      vertex 65.6548 57.8026 15.7363
      vertex 65.9579 58.925 23.83
      vertex 65.6512 57.8728 15.6417
    endloop
  endfacet
  facet normal -0.999303 0.000718224 0.0373232
    outer loop
      vertex 65.658 57.7235 15.8235
      vertex 65.9579 58.925 23.83
      vertex 65.6548 57.8026 15.7363
    endloop
  endfacet
  facet normal -0.999297 -0.000374683 0.037487
    outer loop
      vertex 65.661 57.6363 15.9026
      vertex 65.9579 58.925 23.83
      vertex 65.658 57.7235 15.8235
    endloop
  endfacet
  facet normal -0.999301 0.000274844 0.0373815
    outer loop
      vertex 65.6636 57.5417 15.9728
      vertex 65.9579 58.925 23.83
      vertex 65.661 57.6363 15.9026
    endloop
  endfacet
  facet normal -0.999297 -0.000303468 0.0374832
    outer loop
      vertex 65.6659 57.4407 16.0333
      vertex 65.9579 58.925 23.83
      vertex 65.6636 57.5417 15.9728
    endloop
  endfacet
  facet normal -0.999299 -0.000107011 0.0374458
    outer loop
      vertex 65.6678 57.3342 16.0837
      vertex 65.9579 58.925 23.83
      vertex 65.6659 57.4407 16.0333
    endloop
  endfacet
  facet normal -0.999298 -0.000142504 0.0374531
    outer loop
      vertex 65.6693 57.2233 16.1233
      vertex 65.9579 58.925 23.83
      vertex 65.6678 57.3342 16.0837
    endloop
  endfacet
  facet normal -0.999304 0.000588819 0.0372919
    outer loop
      vertex 65.6703 57.1091 16.1519
      vertex 65.9579 58.925 23.83
      vertex 65.6693 57.2233 16.1233
    endloop
  endfacet
  facet normal -0.999295 -0.000430827 0.0375327
    outer loop
      vertex 65.671 56.9926 16.1692
      vertex 65.9579 58.925 23.83
      vertex 65.6703 57.1091 16.1519
    endloop
  endfacet
  facet normal -0.999301 0.000144464 0.0373878
    outer loop
      vertex 65.6712 56.875 16.175
      vertex 65.9579 58.925 23.83
      vertex 65.671 56.9926 16.1692
    endloop
  endfacet
  facet normal -0.999299 0 0.0374264
    outer loop
      vertex 65.6712 44.975 16.175
      vertex 65.9579 58.925 23.83
      vertex 65.6712 56.875 16.175
    endloop
  endfacet
  facet normal -0.999323 -0.000115343 0.0367981
    outer loop
      vertex 65.7256 37.4342 17.6287
      vertex 65.6712 44.975 16.175
      vertex 65.671 44.8574 16.1692
    endloop
  endfacet
  facet normal -0.999251 0.000256601 0.0387041
    outer loop
      vertex 65.7237 37.5407 17.5783
      vertex 65.671 44.8574 16.1692
      vertex 65.6703 44.7409 16.1519
    endloop
  endfacet
  facet normal -0.99935 -0.000273955 0.0360362
    outer loop
      vertex 65.7215 37.6417 17.5178
      vertex 65.6703 44.7409 16.1519
      vertex 65.6693 44.6267 16.1233
    endloop
  endfacet
  facet normal -0.99929 6.24966e-05 0.0376769
    outer loop
      vertex 65.7188 37.7363 17.4476
      vertex 65.6693 44.6267 16.1233
      vertex 65.6678 44.5158 16.0837
    endloop
  endfacet
  facet normal -0.999293 3.55774e-05 0.0375966
    outer loop
      vertex 65.7159 37.8235 17.3685
      vertex 65.6678 44.5158 16.0837
      vertex 65.6659 44.4093 16.0333
    endloop
  endfacet
  facet normal -0.999299 1.20046e-05 0.0374283
    outer loop
      vertex 65.6841 38.175 16.52
      vertex 65.6263 43.775 14.975
      vertex 65.5193 38.175 12.12
    endloop
  endfacet
  facet normal -0.999301 1.07786e-06 0.0373888
    outer loop
      vertex 65.6263 43.775 14.975
      vertex 65.6841 38.175 16.52
      vertex 65.6307 43.7808 15.0926
    endloop
  endfacet
  facet normal -0.999319 -0.00012279 0.036903
    outer loop
      vertex 65.6307 43.7808 15.0926
      vertex 65.6841 38.175 16.52
      vertex 65.635 43.7981 15.2091
    endloop
  endfacet
  facet normal -0.999292 4.35945e-05 0.0376157
    outer loop
      vertex 65.635 43.7981 15.2091
      vertex 65.6841 38.175 16.52
      vertex 65.6393 43.8267 15.3233
    endloop
  endfacet
  facet normal -0.999316 -9.16807e-05 0.0369777
    outer loop
      vertex 65.6393 43.8267 15.3233
      vertex 65.6841 38.175 16.52
      vertex 65.6434 43.8663 15.4342
    endloop
  endfacet
  facet normal -0.999301 -1.32637e-05 0.0373882
    outer loop
      vertex 65.6885 38.1692 16.6376
      vertex 65.6434 43.8663 15.4342
      vertex 65.6841 38.175 16.52
    endloop
  endfacet
  facet normal -0.999296 1.56469e-05 0.0375248
    outer loop
      vertex 65.6434 43.8663 15.4342
      vertex 65.6885 38.1692 16.6376
      vertex 65.6474 43.9167 15.5407
    endloop
  endfacet
  facet normal -0.999287 5.86879e-05 0.03775
    outer loop
      vertex 65.6929 38.1519 16.7541
      vertex 65.6474 43.9167 15.5407
      vertex 65.6885 38.1692 16.6376
    endloop
  endfacet
  facet normal -0.999294 2.35018e-05 0.0375831
    outer loop
      vertex 65.6474 43.9167 15.5407
      vertex 65.6929 38.1519 16.7541
      vertex 65.6512 43.9772 15.6417
    endloop
  endfacet
  facet normal -0.999292 3.34131e-05 0.0376349
    outer loop
      vertex 65.6972 38.1233 16.8683
      vertex 65.6512 43.9772 15.6417
      vertex 65.6929 38.1519 16.7541
    endloop
  endfacet
  facet normal -0.99928 0.000100196 0.0379532
    outer loop
      vertex 65.6512 43.9772 15.6417
      vertex 65.6972 38.1233 16.8683
      vertex 65.6548 44.0474 15.7363
    endloop
  endfacet
  facet normal -0.999319 -9.95147e-05 0.0369095
    outer loop
      vertex 65.7013 38.0837 16.9792
      vertex 65.6548 44.0474 15.7363
      vertex 65.6972 38.1233 16.8683
    endloop
  endfacet
  facet normal -0.999323 -0.000125281 0.0367861
    outer loop
      vertex 65.6548 44.0474 15.7363
      vertex 65.7013 38.0837 16.9792
      vertex 65.658 44.1265 15.8235
    endloop
  endfacet
  facet normal -0.999295 1.93777e-05 0.0375414
    outer loop
      vertex 65.7053 38.0333 17.0857
      vertex 65.658 44.1265 15.8235
      vertex 65.7013 38.0837 16.9792
    endloop
  endfacet
  facet normal -0.999285 7.62415e-05 0.0378155
    outer loop
      vertex 65.658 44.1265 15.8235
      vertex 65.7053 38.0333 17.0857
      vertex 65.661 44.2137 15.9026
    endloop
  endfacet
  facet normal -0.999292 3.88403e-05 0.0376204
    outer loop
      vertex 65.7091 37.9728 17.1867
      vertex 65.661 44.2137 15.9026
      vertex 65.7053 38.0333 17.0857
    endloop
  endfacet
  facet normal -0.999311 -6.7789e-05 0.0371029
    outer loop
      vertex 65.661 44.2137 15.9026
      vertex 65.7091 37.9728 17.1867
      vertex 65.6636 44.3083 15.9728
    endloop
  endfacet
  facet normal -0.999319 -0.000108169 0.0368924
    outer loop
      vertex 65.7126 37.9026 17.2813
      vertex 65.6636 44.3083 15.9728
      vertex 65.7091 37.9728 17.1867
    endloop
  endfacet
  facet normal -0.999284 8.6622e-05 0.0378447
    outer loop
      vertex 65.6636 44.3083 15.9728
      vertex 65.7126 37.9026 17.2813
      vertex 65.6659 44.4093 16.0333
    endloop
  endfacet
  facet normal -0.999281 9.84212e-05 0.0379061
    outer loop
      vertex 65.7159 37.8235 17.3685
      vertex 65.6659 44.4093 16.0333
      vertex 65.7126 37.9026 17.2813
    endloop
  endfacet
  facet normal -0.999336 -0.000188672 0.0364301
    outer loop
      vertex 65.6678 44.5158 16.0837
      vertex 65.7159 37.8235 17.3685
      vertex 65.7188 37.7363 17.4476
    endloop
  endfacet
  facet normal -0.999247 0.000280766 0.0388109
    outer loop
      vertex 65.6693 44.6267 16.1233
      vertex 65.7188 37.7363 17.4476
      vertex 65.7215 37.6417 17.5178
    endloop
  endfacet
  facet normal -0.999359 -0.000317482 0.0358103
    outer loop
      vertex 65.6703 44.7409 16.1519
      vertex 65.7215 37.6417 17.5178
      vertex 65.7237 37.5407 17.5783
    endloop
  endfacet
  facet normal -0.999282 9.69159e-05 0.0378762
    outer loop
      vertex 65.671 44.8574 16.1692
      vertex 65.7237 37.5407 17.5783
      vertex 65.7256 37.4342 17.6287
    endloop
  endfacet
  facet normal -0.9993 4.40426e-06 0.0374184
    outer loop
      vertex 65.6712 44.975 16.175
      vertex 65.7256 37.4342 17.6287
      vertex 65.9579 58.925 23.83
    endloop
  endfacet
  facet normal -0.99929 -6.68051e-05 0.0376648
    outer loop
      vertex 65.7271 37.3233 17.6683
      vertex 65.9579 58.925 23.83
      vertex 65.7256 37.4342 17.6287
    endloop
  endfacet
  facet normal -0.999282 -0.000133837 0.0378995
    outer loop
      vertex 65.7282 37.2091 17.6969
      vertex 65.9579 58.925 23.83
      vertex 65.7271 37.3233 17.6683
    endloop
  endfacet
  facet normal -0.999335 0.000269452 0.0364735
    outer loop
      vertex 65.7288 37.0926 17.7142
      vertex 65.9579 58.925 23.83
      vertex 65.7282 37.2091 17.6969
    endloop
  endfacet
  facet normal -0.999316 0.000124784 0.0369893
    outer loop
      vertex 65.729 36.975 17.72
      vertex 65.9579 58.925 23.83
      vertex 65.7288 37.0926 17.7142
    endloop
  endfacet
  facet normal -0.999299 0 0.0374369
    outer loop
      vertex 65.729 26.575 17.72
      vertex 65.9579 58.925 23.83
      vertex 65.729 36.975 17.72
    endloop
  endfacet
  facet normal -0.999259 -0.000198796 0.038488
    outer loop
      vertex 65.7288 26.4574 17.7142
      vertex 65.9579 58.925 23.83
      vertex 65.729 26.575 17.72
    endloop
  endfacet
  facet normal -0.999367 -0.000134163 0.0355636
    outer loop
      vertex 65.9579 -58.925 23.83
      vertex 65.7288 26.4574 17.7142
      vertex 65.7282 26.3409 17.6969
    endloop
  endfacet
  facet normal -0.999299 -8.62115e-08 0.0374283
    outer loop
      vertex 65.5193 25.375 12.12
      vertex 65.9579 -58.925 23.83
      vertex 65.6841 25.375 16.52
    endloop
  endfacet
  facet normal -0.999301 -3.50094e-06 0.037389
    outer loop
      vertex 65.6841 25.375 16.52
      vertex 65.9579 -58.925 23.83
      vertex 65.6885 25.3808 16.6376
    endloop
  endfacet
  facet normal -0.999288 2.62691e-05 0.0377374
    outer loop
      vertex 65.6885 25.3808 16.6376
      vertex 65.9579 -58.925 23.83
      vertex 65.6929 25.3981 16.7541
    endloop
  endfacet
  facet normal -0.999292 1.66043e-05 0.0376224
    outer loop
      vertex 65.6929 25.3981 16.7541
      vertex 65.9579 -58.925 23.83
      vertex 65.6972 25.4267 16.8683
    endloop
  endfacet
  facet normal -0.999317 -3.82552e-05 0.0369586
    outer loop
      vertex 65.6972 25.4267 16.8683
      vertex 65.9579 -58.925 23.83
      vertex 65.7013 25.4663 16.9792
    endloop
  endfacet
  facet normal -0.999296 8.0625e-06 0.0375284
    outer loop
      vertex 65.7013 25.4663 16.9792
      vertex 65.9579 -58.925 23.83
      vertex 65.7053 25.5167 17.0857
    endloop
  endfacet
  facet normal -0.999293 1.2942e-05 0.0375894
    outer loop
      vertex 65.7053 25.5167 17.0857
      vertex 65.9579 -58.925 23.83
      vertex 65.7091 25.5772 17.1867
    endloop
  endfacet
  facet normal -0.999315 -3.36555e-05 0.0369975
    outer loop
      vertex 65.7091 25.5772 17.1867
      vertex 65.9579 -58.925 23.83
      vertex 65.7126 25.6474 17.2813
    endloop
  endfacet
  facet normal -0.999286 2.79235e-05 0.0377917
    outer loop
      vertex 65.7126 25.6474 17.2813
      vertex 65.9579 -58.925 23.83
      vertex 65.7159 25.7265 17.3685
    endloop
  endfacet
  facet normal -0.999326 -5.5594e-05 0.036699
    outer loop
      vertex 65.7159 25.7265 17.3685
      vertex 65.9579 -58.925 23.83
      vertex 65.7188 25.8137 17.4476
    endloop
  endfacet
  facet normal -0.999265 6.82694e-05 0.0383413
    outer loop
      vertex 65.7188 25.8137 17.4476
      vertex 65.9579 -58.925 23.83
      vertex 65.7215 25.9083 17.5178
    endloop
  endfacet
  facet normal -0.999335 -7.19389e-05 0.0364596
    outer loop
      vertex 65.7215 25.9083 17.5178
      vertex 65.9579 -58.925 23.83
      vertex 65.7237 26.0093 17.5783
    endloop
  endfacet
  facet normal -0.999291 1.50606e-05 0.0376399
    outer loop
      vertex 65.7237 26.0093 17.5783
      vertex 65.9579 -58.925 23.83
      vertex 65.7256 26.1158 17.6287
    endloop
  endfacet
  facet normal -0.999286 2.53484e-05 0.0377808
    outer loop
      vertex 65.7256 26.1158 17.6287
      vertex 65.9579 -58.925 23.83
      vertex 65.7271 26.2267 17.6683
    endloop
  endfacet
  facet normal -0.999299 0 0.0374341
    outer loop
      vertex 65.7288 26.4574 17.7142
      vertex 65.9579 -58.925 23.83
      vertex 65.9579 58.925 23.83
    endloop
  endfacet
  facet normal -0.99927 5.63429e-05 0.0382085
    outer loop
      vertex 65.7271 26.2267 17.6683
      vertex 65.9579 -58.925 23.83
      vertex 65.7282 26.3409 17.6969
    endloop
  endfacet
  facet normal 1 -0 0
    outer loop
      vertex -65.9579 -58.925 23.84
      vertex -65.9579 58.925 23.83
      vertex -65.9579 58.925 23.84
    endloop
  endfacet
  facet normal 1 0 0
    outer loop
      vertex -65.9579 58.925 23.83
      vertex -65.9579 -58.925 23.84
      vertex -65.9579 -58.925 23.83
    endloop
  endfacet
  facet normal 0.970979 0.235886 0.0394557
    outer loop
      vertex -65.039 -69.3669 23.83
      vertex -64.2463 -68.9099 1.59
      vertex -65.4414 -67.7105 23.83
    endloop
  endfacet
  facet normal 0 1 -0
    outer loop
      vertex 46.925 -77.9579 23.83
      vertex -46.925 -77.9579 23.84
      vertex 46.925 -77.9579 23.84
    endloop
  endfacet
  facet normal 0 1 0
    outer loop
      vertex -46.925 -77.9579 23.84
      vertex 46.925 -77.9579 23.83
      vertex -46.925 -77.9579 23.83
    endloop
  endfacet
  facet normal 0.970979 -0.235886 0.0394557
    outer loop
      vertex -64.2463 68.9099 1.59
      vertex -65.039 69.3669 23.83
      vertex -65.4414 67.7105 23.83
    endloop
  endfacet
  facet normal -0.832793 0.55198 0.0421042
    outer loop
      vertex 63.8843 -72.1065 23.83
      vertex 63.1422 -71.5297 1.59
      vertex 63.1289 -73.2462 23.83
    endloop
  endfacet
  facet normal 0.833533 -0.55247 0
    outer loop
      vertex -63.8843 72.1065 23.84
      vertex -63.1289 73.2462 23.83
      vertex -63.1289 73.2462 23.84
    endloop
  endfacet
  facet normal 0.833533 -0.55247 0
    outer loop
      vertex -63.1289 73.2462 23.83
      vertex -63.8843 72.1065 23.84
      vertex -63.8843 72.1065 23.83
    endloop
  endfacet
  facet normal -0.0490659 0.701643 0.710837
    outer loop
      vertex 52.8916 -75.3358 0
      vertex 53.4784 -76.9056 1.59
      vertex 52.9059 -75.3348 0
    endloop
  endfacet
  facet normal -0.050385 0.70135 0.711034
    outer loop
      vertex 53.4784 -76.9056 1.59
      vertex 52.8916 -75.3358 0
      vertex 51.1872 -77.0702 1.59
    endloop
  endfacet
  facet normal 0 0.999299 0.0374243
    outer loop
      vertex 46.925 -77.125 1.59
      vertex -46.925 -77.9579 23.83
      vertex 46.925 -77.9579 23.83
    endloop
  endfacet
  facet normal 0 0.999299 0.0374243
    outer loop
      vertex -46.925 -77.9579 23.83
      vertex 46.925 -77.125 1.59
      vertex -46.925 -77.125 1.59
    endloop
  endfacet
  facet normal 0.297314 -0.601262 0.741679
    outer loop
      vertex -58.4285 73.7254 0
      vertex -57.3136 74.2767 0
      vertex -59.5297 75.1422 1.59
    endloop
  endfacet
  facet normal 0.66871 -0.162484 0.725552
    outer loop
      vertex -63.0819 66.6021 0
      vertex -62.7331 68.0376 0
      vertex -64.2463 68.9099 1.59
    endloop
  endfacet
  facet normal 0.752507 0.65721 0.0425124
    outer loop
      vertex -61.5805 -73.5805 1.59
      vertex -62.4198 -72.6195 1.59
      vertex -63.1289 -73.2462 23.83
    endloop
  endfacet
  facet normal -0.752448 0.657278 0.0425073
    outer loop
      vertex 62.2511 -74.2511 23.83
      vertex 63.1289 -73.2462 23.83
      vertex 61.5805 -73.5805 1.59
    endloop
  endfacet
  facet normal 0.988405 -0.146864 0.0385523
    outer loop
      vertex -64.9056 65.4784 1.59
      vertex -65.4414 67.7105 23.83
      vertex -65.7285 65.7783 23.83
    endloop
  endfacet
  facet normal -0.235886 0.970979 0.0394557
    outer loop
      vertex 57.3669 -77.039 23.83
      vertex 56.9099 -76.2463 1.59
      vertex 55.7105 -77.4414 23.83
    endloop
  endfacet
  facet normal -0.235908 0.970974 0.0394543
    outer loop
      vertex 55.7105 -77.4414 23.83
      vertex 56.9099 -76.2463 1.59
      vertex 55.3261 -76.6311 1.59
    endloop
  endfacet
  facet normal -0.55202 0.832767 0.0421073
    outer loop
      vertex 61.2462 -75.1289 23.83
      vertex 60.6195 -74.4198 1.59
      vertex 59.5297 -75.1422 1.59
    endloop
  endfacet
  facet normal 0.639649 -0.228265 0.733992
    outer loop
      vertex -62.73 68.0463 0
      vertex -62.2805 69.3059 0
      vertex -63.7504 70.2996 1.59
    endloop
  endfacet
  facet normal 0.335868 0.94104 0.0404431
    outer loop
      vertex -57.3669 -77.039 23.83
      vertex -56.9099 -76.2463 1.59
      vertex -58.8202 -76.5203 23.83
    endloop
  endfacet
  facet normal -0.012868 0.999217 0.0374212
    outer loop
      vertex 51.3822 -77.9005 23.83
      vertex 46.925 -77.125 1.59
      vertex 46.925 -77.9579 23.83
    endloop
  endfacet
  facet normal -0.0128471 0.999217 0.0374171
    outer loop
      vertex 51.3822 -77.9005 23.83
      vertex 51.1872 -77.0702 1.59
      vertex 46.925 -77.125 1.59
    endloop
  endfacet
  facet normal 0.752448 -0.657278 0.0425073
    outer loop
      vertex -61.5805 73.5805 1.59
      vertex -62.2511 74.2511 23.83
      vertex -63.1289 73.2462 23.83
    endloop
  endfacet
  facet normal 0.442836 -0.895648 0.0413714
    outer loop
      vertex -58.2996 75.7504 1.59
      vertex -58.8202 76.5203 23.83
      vertex -59.5297 75.1422 1.59
    endloop
  endfacet
  facet normal 0.66871 0.162484 0.725552
    outer loop
      vertex -62.7331 -68.0376 0
      vertex -63.0819 -66.6021 0
      vertex -64.2463 -68.9099 1.59
    endloop
  endfacet
  facet normal -0.639792 0.227972 0.733958
    outer loop
      vertex 62.73 -68.0463 0
      vertex 64.2463 -68.9099 1.59
      vertex 62.7331 -68.0376 0
    endloop
  endfacet
  facet normal -0.639659 0.228256 0.733986
    outer loop
      vertex 64.2463 -68.9099 1.59
      vertex 62.73 -68.0463 0
      vertex 63.7504 -70.2996 1.59
    endloop
  endfacet
  facet normal 0.639792 0.227972 0.733958
    outer loop
      vertex -64.2463 -68.9099 1.59
      vertex -62.73 -68.0463 0
      vertex -62.7331 -68.0376 0
    endloop
  endfacet
  facet normal 0.639659 0.228256 0.733986
    outer loop
      vertex -62.73 -68.0463 0
      vertex -64.2463 -68.9099 1.59
      vertex -63.7504 -70.2996 1.59
    endloop
  endfacet
  facet normal 0.996715 -0.0716041 0.0378449
    outer loop
      vertex -65.0702 63.1872 1.59
      vertex -64.9056 65.4784 1.59
      vertex -65.7285 65.7783 23.83
    endloop
  endfacet
  facet normal 0.434639 -0.497595 0.750658
    outer loop
      vertex -60.2941 72.3054 0
      vertex -59.4231 73.0662 0
      vertex -60.6195 74.4198 1.59
    endloop
  endfacet
  facet normal -0.601262 -0.297314 0.741679
    outer loop
      vertex 62.2767 69.3136 0
      vertex 63.1422 71.5297 1.59
      vertex 61.7254 70.4285 0
    endloop
  endfacet
  facet normal -0.689107 0.101868 0.717464
    outer loop
      vertex 63.3331 -64.9174 0
      vertex 64.9056 -65.4784 1.59
      vertex 63.3348 -64.9059 0
    endloop
  endfacet
  facet normal -0.688982 0.102357 0.717514
    outer loop
      vertex 64.9056 -65.4784 1.59
      vertex 63.3331 -64.9174 0
      vertex 64.6311 -67.3261 1.59
    endloop
  endfacet
  facet normal -0.336143 0.941811 0
    outer loop
      vertex 58.8202 -76.5203 23.83
      vertex 57.3669 -77.039 23.84
      vertex 58.8202 -76.5203 23.84
    endloop
  endfacet
  facet normal -0.336143 0.941811 0
    outer loop
      vertex 57.3669 -77.039 23.84
      vertex 58.8202 -76.5203 23.83
      vertex 57.3669 -77.039 23.83
    endloop
  endfacet
  facet normal -0.707078 0.00909654 0.707078
    outer loop
      vertex 65.125 -58.925 1.59
      vertex 63.535 -58.925 0
      vertex 63.4853 -62.7882 0
    endloop
  endfacet
  facet normal -0.988405 0.146864 0.0385523
    outer loop
      vertex 65.4414 -67.7105 23.83
      vertex 65.7285 -65.7783 23.83
      vertex 64.9056 -65.4784 1.59
    endloop
  endfacet
  facet normal -0.988405 -0.146864 0.0385523
    outer loop
      vertex 65.7285 65.7783 23.83
      vertex 65.4414 67.7105 23.83
      vertex 64.9056 65.4784 1.59
    endloop
  endfacet
  facet normal -0.162484 -0.66871 0.725552
    outer loop
      vertex 56.0376 74.7331 0
      vertex 56.9099 76.2463 1.59
      vertex 54.6021 75.0819 0
    endloop
  endfacet
  facet normal 0.999217 -0.012868 0.0374212
    outer loop
      vertex -65.125 58.925 1.59
      vertex -65.9005 63.3822 23.83
      vertex -65.9579 58.925 23.83
    endloop
  endfacet
  facet normal -0.971736 -0.23607 0
    outer loop
      vertex 65.4414 67.7105 23.83
      vertex 65.039 69.3669 23.84
      vertex 65.039 69.3669 23.83
    endloop
  endfacet
  facet normal -0.971736 -0.23607 0
    outer loop
      vertex 65.039 69.3669 23.84
      vertex 65.4414 67.7105 23.83
      vertex 65.4414 67.7105 23.84
    endloop
  endfacet
  facet normal 0.999217 0.012868 0.0374212
    outer loop
      vertex -65.9005 -63.3822 23.83
      vertex -65.125 -58.925 1.59
      vertex -65.9579 -58.925 23.83
    endloop
  endfacet
  facet normal 0.999217 0.0128471 0.0374171
    outer loop
      vertex -65.0702 -63.1872 1.59
      vertex -65.125 -58.925 1.59
      vertex -65.9005 -63.3822 23.83
    endloop
  endfacet
  facet normal 0.553689 0.366977 0.7475
    outer loop
      vertex -61.0662 -71.4231 0
      vertex -61.7209 -70.4353 0
      vertex -62.4198 -72.6195 1.59
    endloop
  endfacet
  facet normal 0.102352 -0.688987 0.71751
    outer loop
      vertex -54.5922 75.0843 0
      vertex -52.9174 75.3331 0
      vertex -55.3261 76.6311 1.59
    endloop
  endfacet
  facet normal -0.707071 0.00909096 0.707084
    outer loop
      vertex 63.4853 -62.7882 0
      vertex 65.0702 -63.1872 1.59
      vertex 65.125 -58.925 1.59
    endloop
  endfacet
  facet normal -0.707218 0.00797614 0.706951
    outer loop
      vertex 65.0702 -63.1872 1.59
      vertex 63.4853 -62.7882 0
      vertex 63.485 -62.8148 0
    endloop
  endfacet
  facet normal -0.832767 -0.55202 0.0421073
    outer loop
      vertex 63.1422 71.5297 1.59
      vertex 63.1289 73.2462 23.83
      vertex 62.4198 72.6195 1.59
    endloop
  endfacet
  facet normal -0.235886 -0.970979 0.0394557
    outer loop
      vertex 56.9099 76.2463 1.59
      vertex 57.3669 77.039 23.83
      vertex 55.7105 77.4414 23.83
    endloop
  endfacet
  facet normal -0.941062 -0.335808 0.0404382
    outer loop
      vertex 64.2463 68.9099 1.59
      vertex 64.5203 70.8202 23.83
      vertex 63.7504 70.2996 1.59
    endloop
  endfacet
  facet normal -0.753129 0.657873 0
    outer loop
      vertex 62.2511 -74.2511 23.83
      vertex 63.1289 -73.2462 23.84
      vertex 63.1289 -73.2462 23.83
    endloop
  endfacet
  facet normal -0.753129 0.657873 0
    outer loop
      vertex 63.1289 -73.2462 23.84
      vertex 62.2511 -74.2511 23.83
      vertex 62.2511 -74.2511 23.84
    endloop
  endfacet
  facet normal -0.996715 -0.0716041 0.0378449
    outer loop
      vertex 65.0702 63.1872 1.59
      vertex 65.7285 65.7783 23.83
      vertex 64.9056 65.4784 1.59
    endloop
  endfacet
  facet normal 0.434595 -0.497612 0.750672
    outer loop
      vertex -61.5805 73.5805 1.59
      vertex -60.2941 72.3054 0
      vertex -60.6195 74.4198 1.59
    endloop
  endfacet
  facet normal 0.437294 -0.495049 0.7508
    outer loop
      vertex -60.2941 72.3054 0
      vertex -61.5805 73.5805 1.59
      vertex -60.3001 72.3001 0
    endloop
  endfacet
  facet normal -0.55198 -0.832793 0.0421042
    outer loop
      vertex 61.2462 75.1289 23.83
      vertex 60.1065 75.8843 23.83
      vertex 59.5297 75.1422 1.59
    endloop
  endfacet
  facet normal 0.688982 -0.102357 0.717514
    outer loop
      vertex -64.9056 65.4784 1.59
      vertex -63.3331 64.9174 0
      vertex -64.6311 67.3261 1.59
    endloop
  endfacet
  facet normal 0.689107 -0.101868 0.717464
    outer loop
      vertex -63.3331 64.9174 0
      vertex -64.9056 65.4784 1.59
      vertex -63.3348 64.9059 0
    endloop
  endfacet
  facet normal -0.0716041 -0.996715 0.0378449
    outer loop
      vertex 53.4784 76.9056 1.59
      vertex 53.7783 77.7285 23.83
      vertex 51.1872 77.0702 1.59
    endloop
  endfacet
  facet normal -0.442836 -0.895648 0.0413714
    outer loop
      vertex 59.5297 75.1422 1.59
      vertex 58.8202 76.5203 23.83
      vertex 58.2996 75.7504 1.59
    endloop
  endfacet
  facet normal -0.228256 -0.639659 0.733986
    outer loop
      vertex 56.9099 76.2463 1.59
      vertex 56.0463 74.73 0
      vertex 58.2996 75.7504 1.59
    endloop
  endfacet
  facet normal -0.227972 -0.639792 0.733958
    outer loop
      vertex 56.0463 74.73 0
      vertex 56.9099 76.2463 1.59
      vertex 56.0376 74.7331 0
    endloop
  endfacet
  facet normal -0.895644 0.442843 0.0413709
    outer loop
      vertex 63.8843 -72.1065 23.83
      vertex 64.5203 -70.8202 23.83
      vertex 63.1422 -71.5297 1.59
    endloop
  endfacet
  facet normal -0.833533 0.55247 0
    outer loop
      vertex 63.1289 -73.2462 23.83
      vertex 63.8843 -72.1065 23.84
      vertex 63.8843 -72.1065 23.83
    endloop
  endfacet
  facet normal -0.833533 0.55247 0
    outer loop
      vertex 63.8843 -72.1065 23.84
      vertex 63.1289 -73.2462 23.83
      vertex 63.1289 -73.2462 23.84
    endloop
  endfacet
  facet normal -0.0503859 -0.70135 0.711034
    outer loop
      vertex 52.8916 75.3358 0
      vertex 51.1872 77.0702 1.59
      vertex 50.8148 75.485 0
    endloop
  endfacet
  facet normal -0.639659 -0.228256 0.733986
    outer loop
      vertex 62.73 68.0463 0
      vertex 64.2463 68.9099 1.59
      vertex 63.7504 70.2996 1.59
    endloop
  endfacet
  facet normal -0.639792 -0.227972 0.733958
    outer loop
      vertex 64.2463 68.9099 1.59
      vertex 62.73 68.0463 0
      vertex 62.7331 68.0376 0
    endloop
  endfacet
  facet normal -0.434639 0.497595 0.750658
    outer loop
      vertex 60.6195 -74.4198 1.59
      vertex 60.2941 -72.3054 0
      vertex 59.4231 -73.0662 0
    endloop
  endfacet
  facet normal -0.297295 -0.601287 0.741667
    outer loop
      vertex 58.2996 75.7504 1.59
      vertex 57.3136 74.2767 0
      vertex 59.5297 75.1422 1.59
    endloop
  endfacet
  facet normal -0.296864 -0.60154 0.741634
    outer loop
      vertex 57.3136 74.2767 0
      vertex 58.2996 75.7504 1.59
      vertex 57.3059 74.2805 0
    endloop
  endfacet
  facet normal 0.601262 0.297314 0.741679
    outer loop
      vertex -61.7254 -70.4285 0
      vertex -62.2767 -69.3136 0
      vertex -63.1422 -71.5297 1.59
    endloop
  endfacet
  facet normal 0.997433 -0.0715991 0
    outer loop
      vertex -65.9005 63.3822 23.84
      vertex -65.7285 65.7783 23.83
      vertex -65.7285 65.7783 23.84
    endloop
  endfacet
  facet normal 0.997433 -0.0715991 0
    outer loop
      vertex -65.7285 65.7783 23.83
      vertex -65.9005 63.3822 23.84
      vertex -65.9005 63.3822 23.83
    endloop
  endfacet
  facet normal 0.366977 0.553689 0.7475
    outer loop
      vertex -58.4353 -73.7209 0
      vertex -59.4231 -73.0662 0
      vertex -60.6195 -74.4198 1.59
    endloop
  endfacet
  facet normal 0.228265 0.639649 0.733992
    outer loop
      vertex -56.0463 -74.73 0
      vertex -57.3059 -74.2805 0
      vertex -58.2996 -75.7504 1.59
    endloop
  endfacet
  facet normal -0.146864 -0.988405 0.0385523
    outer loop
      vertex 55.7105 77.4414 23.83
      vertex 53.7783 77.7285 23.83
      vertex 53.4784 76.9056 1.59
    endloop
  endfacet
  facet normal 0.639659 -0.228256 0.733986
    outer loop
      vertex -64.2463 68.9099 1.59
      vertex -62.73 68.0463 0
      vertex -63.7504 70.2996 1.59
    endloop
  endfacet
  facet normal 0.639792 -0.227972 0.733958
    outer loop
      vertex -62.73 68.0463 0
      vertex -64.2463 68.9099 1.59
      vertex -62.7331 68.0376 0
    endloop
  endfacet
  facet normal 0.23607 0.971736 -0
    outer loop
      vertex -55.7105 -77.4414 23.83
      vertex -57.3669 -77.039 23.84
      vertex -55.7105 -77.4414 23.84
    endloop
  endfacet
  facet normal 0.23607 0.971736 0
    outer loop
      vertex -57.3669 -77.039 23.84
      vertex -55.7105 -77.4414 23.83
      vertex -57.3669 -77.039 23.83
    endloop
  endfacet
  facet normal 0.0716041 0.996715 0.0378449
    outer loop
      vertex -51.1872 -77.0702 1.59
      vertex -53.4784 -76.9056 1.59
      vertex -53.7783 -77.7285 23.83
    endloop
  endfacet
  facet normal 0.235886 0.970979 0.0394557
    outer loop
      vertex -55.7105 -77.4414 23.83
      vertex -56.9099 -76.2463 1.59
      vertex -57.3669 -77.039 23.83
    endloop
  endfacet
  facet normal 0.336143 0.941811 -0
    outer loop
      vertex -57.3669 -77.039 23.83
      vertex -58.8202 -76.5203 23.84
      vertex -57.3669 -77.039 23.84
    endloop
  endfacet
  facet normal 0.336143 0.941811 0
    outer loop
      vertex -58.8202 -76.5203 23.84
      vertex -57.3669 -77.039 23.83
      vertex -58.8202 -76.5203 23.83
    endloop
  endfacet
  facet normal 0.753129 0.657873 0
    outer loop
      vertex -62.2511 -74.2511 23.84
      vertex -63.1289 -73.2462 23.83
      vertex -63.1289 -73.2462 23.84
    endloop
  endfacet
  facet normal 0.753129 0.657873 0
    outer loop
      vertex -63.1289 -73.2462 23.83
      vertex -62.2511 -74.2511 23.84
      vertex -62.2511 -74.2511 23.83
    endloop
  endfacet
  facet normal 0.65721 0.752507 0.0425124
    outer loop
      vertex -61.2462 -75.1289 23.83
      vertex -60.6195 -74.4198 1.59
      vertex -61.5805 -73.5805 1.59
    endloop
  endfacet
  facet normal -0.335808 0.941062 0.0404382
    outer loop
      vertex 58.8202 -76.5203 23.83
      vertex 58.2996 -75.7504 1.59
      vertex 56.9099 -76.2463 1.59
    endloop
  endfacet
  facet normal 0.895644 -0.442843 0.0413709
    outer loop
      vertex -63.1422 71.5297 1.59
      vertex -63.8843 72.1065 23.83
      vertex -64.5203 70.8202 23.83
    endloop
  endfacet
  facet normal 0.707107 0 0.707107
    outer loop
      vertex -65.125 58.925 1.59
      vertex -63.535 -58.925 0
      vertex -63.535 58.925 0
    endloop
  endfacet
  facet normal 0.707107 0 0.707107
    outer loop
      vertex -63.535 -58.925 0
      vertex -65.125 58.925 1.59
      vertex -65.125 -58.925 1.59
    endloop
  endfacet
  facet normal -0.497612 0.434595 0.750672
    outer loop
      vertex 60.3054 -72.2941 0
      vertex 61.5805 -73.5805 1.59
      vertex 62.4198 -72.6195 1.59
    endloop
  endfacet
  facet normal -0.495049 0.437294 0.7508
    outer loop
      vertex 61.5805 -73.5805 1.59
      vertex 60.3054 -72.2941 0
      vertex 60.3001 -72.3001 0
    endloop
  endfacet
  facet normal 0.941811 -0.336143 0
    outer loop
      vertex -65.039 69.3669 23.84
      vertex -64.5203 70.8202 23.83
      vertex -64.5203 70.8202 23.84
    endloop
  endfacet
  facet normal 0.941811 -0.336143 0
    outer loop
      vertex -64.5203 70.8202 23.83
      vertex -65.039 69.3669 23.84
      vertex -65.039 69.3669 23.83
    endloop
  endfacet
  facet normal -0.146864 0.988405 0.0385523
    outer loop
      vertex 53.7783 -77.7285 23.83
      vertex 55.7105 -77.4414 23.83
      vertex 53.4784 -76.9056 1.59
    endloop
  endfacet
  facet normal 0.366977 -0.553689 0.7475
    outer loop
      vertex -59.4231 73.0662 0
      vertex -58.4353 73.7209 0
      vertex -60.6195 74.4198 1.59
    endloop
  endfacet
  facet normal 0.988409 -0.146841 0.0385501
    outer loop
      vertex -64.9056 65.4784 1.59
      vertex -64.6311 67.3261 1.59
      vertex -65.4414 67.7105 23.83
    endloop
  endfacet
  facet normal -0.23607 0.971736 0
    outer loop
      vertex 57.3669 -77.039 23.83
      vertex 55.7105 -77.4414 23.84
      vertex 57.3669 -77.039 23.84
    endloop
  endfacet
  facet normal -0.23607 0.971736 0
    outer loop
      vertex 55.7105 -77.4414 23.84
      vertex 57.3669 -77.039 23.83
      vertex 55.7105 -77.4414 23.83
    endloop
  endfacet
  facet normal -0.65721 0.752507 0.0425124
    outer loop
      vertex 61.2462 -75.1289 23.83
      vertex 61.5805 -73.5805 1.59
      vertex 60.6195 -74.4198 1.59
    endloop
  endfacet
  facet normal -0.895648 -0.442836 0.0413714
    outer loop
      vertex 63.7504 70.2996 1.59
      vertex 64.5203 70.8202 23.83
      vertex 63.1422 71.5297 1.59
    endloop
  endfacet
  facet normal 0.971736 -0.23607 0
    outer loop
      vertex -65.4414 67.7105 23.84
      vertex -65.039 69.3669 23.83
      vertex -65.039 69.3669 23.84
    endloop
  endfacet
  facet normal 0.971736 -0.23607 0
    outer loop
      vertex -65.039 69.3669 23.83
      vertex -65.4414 67.7105 23.84
      vertex -65.4414 67.7105 23.83
    endloop
  endfacet
  facet normal 0.442843 0.895644 0.0413709
    outer loop
      vertex -58.8202 -76.5203 23.83
      vertex -59.5297 -75.1422 1.59
      vertex -60.1065 -75.8843 23.83
    endloop
  endfacet
  facet normal -0.55247 0.833533 0
    outer loop
      vertex 61.2462 -75.1289 23.83
      vertex 60.1065 -75.8843 23.84
      vertex 61.2462 -75.1289 23.84
    endloop
  endfacet
  facet normal -0.55247 0.833533 0
    outer loop
      vertex 60.1065 -75.8843 23.84
      vertex 61.2462 -75.1289 23.83
      vertex 60.1065 -75.8843 23.83
    endloop
  endfacet
  facet normal -0.00797614 0.707218 0.706951
    outer loop
      vertex 50.7882 -75.4853 0
      vertex 51.1872 -77.0702 1.59
      vertex 50.8148 -75.485 0
    endloop
  endfacet
  facet normal -0.00909096 0.707071 0.707084
    outer loop
      vertex 51.1872 -77.0702 1.59
      vertex 50.7882 -75.4853 0
      vertex 46.925 -77.125 1.59
    endloop
  endfacet
  facet normal -0.0715991 0.997433 0
    outer loop
      vertex 53.7783 -77.7285 23.83
      vertex 51.3822 -77.9005 23.84
      vertex 53.7783 -77.7285 23.84
    endloop
  endfacet
  facet normal -0.0715991 0.997433 0
    outer loop
      vertex 51.3822 -77.9005 23.84
      vertex 53.7783 -77.7285 23.83
      vertex 51.3822 -77.9005 23.83
    endloop
  endfacet
  facet normal -0.012877 0.999917 0
    outer loop
      vertex 51.3822 -77.9005 23.83
      vertex 46.925 -77.9579 23.84
      vertex 51.3822 -77.9005 23.84
    endloop
  endfacet
  facet normal -0.012877 0.999917 0
    outer loop
      vertex 46.925 -77.9579 23.84
      vertex 51.3822 -77.9005 23.83
      vertex 46.925 -77.9579 23.83
    endloop
  endfacet
  facet normal -0.297295 0.601287 0.741667
    outer loop
      vertex 57.3136 -74.2767 0
      vertex 58.2996 -75.7504 1.59
      vertex 59.5297 -75.1422 1.59
    endloop
  endfacet
  facet normal -0.296864 0.60154 0.741634
    outer loop
      vertex 58.2996 -75.7504 1.59
      vertex 57.3136 -74.2767 0
      vertex 57.3059 -74.2805 0
    endloop
  endfacet
  facet normal 0.101868 -0.689107 0.717464
    outer loop
      vertex -53.4784 76.9056 1.59
      vertex -52.9174 75.3331 0
      vertex -52.9059 75.3348 0
    endloop
  endfacet
  facet normal 0.102357 -0.688982 0.717514
    outer loop
      vertex -52.9174 75.3331 0
      vertex -53.4784 76.9056 1.59
      vertex -55.3261 76.6311 1.59
    endloop
  endfacet
  facet normal 0.146841 -0.988409 0.0385501
    outer loop
      vertex -55.3261 76.6311 1.59
      vertex -53.4784 76.9056 1.59
      vertex -55.7105 77.4414 23.83
    endloop
  endfacet
  facet normal 0.55202 -0.832767 0.0421073
    outer loop
      vertex -60.6195 74.4198 1.59
      vertex -59.5297 75.1422 1.59
      vertex -61.2462 75.1289 23.83
    endloop
  endfacet
  facet normal -0.70135 -0.0503859 0.711034
    outer loop
      vertex 63.485 62.8148 0
      vertex 65.0702 63.1872 1.59
      vertex 63.3358 64.8916 0
    endloop
  endfacet
  facet normal -0.688982 -0.102357 0.717514
    outer loop
      vertex 63.3331 64.9174 0
      vertex 64.9056 65.4784 1.59
      vertex 64.6311 67.3261 1.59
    endloop
  endfacet
  facet normal -0.689107 -0.101868 0.717464
    outer loop
      vertex 64.9056 65.4784 1.59
      vertex 63.3331 64.9174 0
      vertex 63.3348 64.9059 0
    endloop
  endfacet
  facet normal -0.102352 -0.688987 0.71751
    outer loop
      vertex 54.5922 75.0843 0
      vertex 55.3261 76.6311 1.59
      vertex 52.9174 75.3331 0
    endloop
  endfacet
  facet normal 0.707218 -0.00797614 0.706951
    outer loop
      vertex -65.0702 63.1872 1.59
      vertex -63.4853 62.7882 0
      vertex -63.485 62.8148 0
    endloop
  endfacet
  facet normal 0.707071 -0.00909096 0.707084
    outer loop
      vertex -63.4853 62.7882 0
      vertex -65.0702 63.1872 1.59
      vertex -65.125 58.925 1.59
    endloop
  endfacet
  facet normal -0.70135 -0.050385 0.711034
    outer loop
      vertex 64.9056 65.4784 1.59
      vertex 63.3358 64.8916 0
      vertex 65.0702 63.1872 1.59
    endloop
  endfacet
  facet normal -0.701643 -0.0490659 0.710837
    outer loop
      vertex 63.3358 64.8916 0
      vertex 64.9056 65.4784 1.59
      vertex 63.3348 64.9059 0
    endloop
  endfacet
  facet normal 0.688987 0.102352 0.71751
    outer loop
      vertex -63.0843 -66.5922 0
      vertex -63.3331 -64.9174 0
      vertex -64.6311 -67.3261 1.59
    endloop
  endfacet
  facet normal 0.895648 -0.442836 0.0413714
    outer loop
      vertex -63.7504 70.2996 1.59
      vertex -63.1422 71.5297 1.59
      vertex -64.5203 70.8202 23.83
    endloop
  endfacet
  facet normal 0.227972 -0.639792 0.733958
    outer loop
      vertex -56.9099 76.2463 1.59
      vertex -56.0463 74.73 0
      vertex -56.0376 74.7331 0
    endloop
  endfacet
  facet normal 0.228256 -0.639659 0.733986
    outer loop
      vertex -56.0463 74.73 0
      vertex -56.9099 76.2463 1.59
      vertex -58.2996 75.7504 1.59
    endloop
  endfacet
  facet normal 0.98914 0.146974 0
    outer loop
      vertex -65.4414 -67.7105 23.84
      vertex -65.7285 -65.7783 23.83
      vertex -65.7285 -65.7783 23.84
    endloop
  endfacet
  facet normal 0.98914 0.146974 0
    outer loop
      vertex -65.7285 -65.7783 23.83
      vertex -65.4414 -67.7105 23.84
      vertex -65.4414 -67.7105 23.83
    endloop
  endfacet
  facet normal 0.102352 0.688987 0.71751
    outer loop
      vertex -52.9174 -75.3331 0
      vertex -54.5922 -75.0843 0
      vertex -55.3261 -76.6311 1.59
    endloop
  endfacet
  facet normal 0.0503859 0.70135 0.711034
    outer loop
      vertex -51.1872 -77.0702 1.59
      vertex -50.8148 -75.485 0
      vertex -52.8916 -75.3358 0
    endloop
  endfacet
  facet normal -0.00797614 -0.707218 0.706951
    outer loop
      vertex 51.1872 77.0702 1.59
      vertex 50.7882 75.4853 0
      vertex 50.8148 75.485 0
    endloop
  endfacet
  facet normal -0.00909096 -0.707071 0.707084
    outer loop
      vertex 50.7882 75.4853 0
      vertex 51.1872 77.0702 1.59
      vertex 46.925 77.125 1.59
    endloop
  endfacet
  facet normal 0.012877 -0.999917 0
    outer loop
      vertex -51.3822 77.9005 23.83
      vertex -46.925 77.9579 23.84
      vertex -51.3822 77.9005 23.84
    endloop
  endfacet
  facet normal 0.012877 -0.999917 0
    outer loop
      vertex -46.925 77.9579 23.84
      vertex -51.3822 77.9005 23.83
      vertex -46.925 77.9579 23.83
    endloop
  endfacet
  facet normal 0.297314 0.601262 0.741679
    outer loop
      vertex -57.3136 -74.2767 0
      vertex -58.4285 -73.7254 0
      vertex -59.5297 -75.1422 1.59
    endloop
  endfacet
  facet normal 0.0503859 -0.70135 0.711034
    outer loop
      vertex -50.8148 75.485 0
      vertex -51.1872 77.0702 1.59
      vertex -52.8916 75.3358 0
    endloop
  endfacet
  facet normal 0.832767 -0.55202 0.0421073
    outer loop
      vertex -62.4198 72.6195 1.59
      vertex -63.1289 73.2462 23.83
      vertex -63.1422 71.5297 1.59
    endloop
  endfacet
  facet normal 0.553689 -0.366977 0.7475
    outer loop
      vertex -61.7209 70.4353 0
      vertex -61.0662 71.4231 0
      vertex -62.4198 72.6195 1.59
    endloop
  endfacet
  facet normal -0.70135 0.050385 0.711034
    outer loop
      vertex 63.3358 -64.8916 0
      vertex 64.9056 -65.4784 1.59
      vertex 65.0702 -63.1872 1.59
    endloop
  endfacet
  facet normal -0.701643 0.0490659 0.710837
    outer loop
      vertex 64.9056 -65.4784 1.59
      vertex 63.3358 -64.8916 0
      vertex 63.3348 -64.9059 0
    endloop
  endfacet
  facet normal -0.688987 0.102352 0.71751
    outer loop
      vertex 64.6311 -67.3261 1.59
      vertex 63.3331 -64.9174 0
      vertex 63.0843 -66.5922 0
    endloop
  endfacet
  facet normal 0.98914 -0.146974 0
    outer loop
      vertex -65.7285 65.7783 23.84
      vertex -65.4414 67.7105 23.83
      vertex -65.4414 67.7105 23.84
    endloop
  endfacet
  facet normal 0.98914 -0.146974 0
    outer loop
      vertex -65.4414 67.7105 23.83
      vertex -65.7285 65.7783 23.84
      vertex -65.7285 65.7783 23.83
    endloop
  endfacet
  facet normal -0.970979 0.235886 0.0394557
    outer loop
      vertex 65.039 -69.3669 23.83
      vertex 65.4414 -67.7105 23.83
      vertex 64.2463 -68.9099 1.59
    endloop
  endfacet
  facet normal 0.988409 0.146841 0.0385501
    outer loop
      vertex -64.6311 -67.3261 1.59
      vertex -64.9056 -65.4784 1.59
      vertex -65.4414 -67.7105 23.83
    endloop
  endfacet
  facet normal 0.60154 0.296864 0.741634
    outer loop
      vertex -63.7504 -70.2996 1.59
      vertex -62.2767 -69.3136 0
      vertex -62.2805 -69.3059 0
    endloop
  endfacet
  facet normal 0.601287 0.297295 0.741667
    outer loop
      vertex -62.2767 -69.3136 0
      vertex -63.7504 -70.2996 1.59
      vertex -63.1422 -71.5297 1.59
    endloop
  endfacet
  facet normal 0.553951 0.366585 0.747498
    outer loop
      vertex -63.1422 -71.5297 1.59
      vertex -61.7209 -70.4353 0
      vertex -61.7254 -70.4285 0
    endloop
  endfacet
  facet normal 0.553651 0.367001 0.747516
    outer loop
      vertex -61.7209 -70.4353 0
      vertex -63.1422 -71.5297 1.59
      vertex -62.4198 -72.6195 1.59
    endloop
  endfacet
  facet normal 0.832767 0.55202 0.0421073
    outer loop
      vertex -63.1289 -73.2462 23.83
      vertex -62.4198 -72.6195 1.59
      vertex -63.1422 -71.5297 1.59
    endloop
  endfacet
  facet normal -0.70135 0.0503859 0.711034
    outer loop
      vertex 65.0702 -63.1872 1.59
      vertex 63.485 -62.8148 0
      vertex 63.3358 -64.8916 0
    endloop
  endfacet
  facet normal -0.832793 -0.55198 0.0421042
    outer loop
      vertex 63.1422 71.5297 1.59
      vertex 63.8843 72.1065 23.83
      vertex 63.1289 73.2462 23.83
    endloop
  endfacet
  facet normal -0.497612 -0.434595 0.750672
    outer loop
      vertex 61.5805 73.5805 1.59
      vertex 60.3054 72.2941 0
      vertex 62.4198 72.6195 1.59
    endloop
  endfacet
  facet normal -0.495049 -0.437294 0.7508
    outer loop
      vertex 60.3054 72.2941 0
      vertex 61.5805 73.5805 1.59
      vertex 60.3001 72.3001 0
    endloop
  endfacet
  facet normal -0.752507 -0.65721 0.0425124
    outer loop
      vertex 62.4198 72.6195 1.59
      vertex 63.1289 73.2462 23.83
      vertex 61.5805 73.5805 1.59
    endloop
  endfacet
  facet normal 0.434639 0.497595 0.750658
    outer loop
      vertex -59.4231 -73.0662 0
      vertex -60.2941 -72.3054 0
      vertex -60.6195 -74.4198 1.59
    endloop
  endfacet
  facet normal -0.970974 -0.235908 0.0394543
    outer loop
      vertex 64.6311 67.3261 1.59
      vertex 65.4414 67.7105 23.83
      vertex 64.2463 68.9099 1.59
    endloop
  endfacet
  facet normal -0.668722 -0.162473 0.725544
    outer loop
      vertex 63.0819 66.6021 0
      vertex 64.6311 67.3261 1.59
      vertex 64.2463 68.9099 1.59
    endloop
  endfacet
  facet normal -0.66884 -0.162143 0.725509
    outer loop
      vertex 64.6311 67.3261 1.59
      vertex 63.0819 66.6021 0
      vertex 63.0843 66.5922 0
    endloop
  endfacet
  facet normal -0.55202 -0.832767 0.0421073
    outer loop
      vertex 60.6195 74.4198 1.59
      vertex 61.2462 75.1289 23.83
      vertex 59.5297 75.1422 1.59
    endloop
  endfacet
  facet normal -0.65721 -0.752507 0.0425124
    outer loop
      vertex 61.5805 73.5805 1.59
      vertex 61.2462 75.1289 23.83
      vertex 60.6195 74.4198 1.59
    endloop
  endfacet
  facet normal -0.0128471 -0.999217 0.0374171
    outer loop
      vertex 51.1872 77.0702 1.59
      vertex 51.3822 77.9005 23.83
      vertex 46.925 77.125 1.59
    endloop
  endfacet
  facet normal -0.98914 0.146974 0
    outer loop
      vertex 65.4414 -67.7105 23.83
      vertex 65.7285 -65.7783 23.84
      vertex 65.7285 -65.7783 23.83
    endloop
  endfacet
  facet normal -0.98914 0.146974 0
    outer loop
      vertex 65.7285 -65.7783 23.84
      vertex 65.4414 -67.7105 23.83
      vertex 65.4414 -67.7105 23.84
    endloop
  endfacet
  facet normal 0.0715991 0.997433 -0
    outer loop
      vertex -51.3822 -77.9005 23.83
      vertex -53.7783 -77.7285 23.84
      vertex -51.3822 -77.9005 23.84
    endloop
  endfacet
  facet normal 0.0715991 0.997433 0
    outer loop
      vertex -53.7783 -77.7285 23.84
      vertex -51.3822 -77.9005 23.83
      vertex -53.7783 -77.7285 23.83
    endloop
  endfacet
  facet normal -0.497595 -0.434639 0.750658
    outer loop
      vertex 61.0662 71.4231 0
      vertex 62.4198 72.6195 1.59
      vertex 60.3054 72.2941 0
    endloop
  endfacet
  facet normal -0.0490659 -0.701643 0.710837
    outer loop
      vertex 53.4784 76.9056 1.59
      vertex 52.8916 75.3358 0
      vertex 52.9059 75.3348 0
    endloop
  endfacet
  facet normal -0.050385 -0.70135 0.711034
    outer loop
      vertex 52.8916 75.3358 0
      vertex 53.4784 76.9056 1.59
      vertex 51.1872 77.0702 1.59
    endloop
  endfacet
  facet normal 0.0715991 -0.997433 0
    outer loop
      vertex -53.7783 77.7285 23.83
      vertex -51.3822 77.9005 23.84
      vertex -53.7783 77.7285 23.84
    endloop
  endfacet
  facet normal 0.0715991 -0.997433 0
    outer loop
      vertex -51.3822 77.9005 23.84
      vertex -53.7783 77.7285 23.83
      vertex -51.3822 77.9005 23.83
    endloop
  endfacet
  facet normal -0.162473 0.668722 0.725544
    outer loop
      vertex 54.6021 -75.0819 0
      vertex 55.3261 -76.6311 1.59
      vertex 56.9099 -76.2463 1.59
    endloop
  endfacet
  facet normal -0.162143 0.66884 0.725509
    outer loop
      vertex 55.3261 -76.6311 1.59
      vertex 54.6021 -75.0819 0
      vertex 54.5922 -75.0843 0
    endloop
  endfacet
  facet normal -0.434639 -0.497595 0.750658
    outer loop
      vertex 60.2941 72.3054 0
      vertex 60.6195 74.4198 1.59
      vertex 59.4231 73.0662 0
    endloop
  endfacet
  facet normal 0.0715478 0.996719 0.0378385
    outer loop
      vertex -51.3822 -77.9005 23.83
      vertex -51.1872 -77.0702 1.59
      vertex -53.7783 -77.7285 23.83
    endloop
  endfacet
  facet normal 0.101868 0.689107 0.717464
    outer loop
      vertex -52.9174 -75.3331 0
      vertex -53.4784 -76.9056 1.59
      vertex -52.9059 -75.3348 0
    endloop
  endfacet
  facet normal 0.102357 0.688982 0.717514
    outer loop
      vertex -53.4784 -76.9056 1.59
      vertex -52.9174 -75.3331 0
      vertex -55.3261 -76.6311 1.59
    endloop
  endfacet
  facet normal 0.0490659 0.701643 0.710837
    outer loop
      vertex -53.4784 -76.9056 1.59
      vertex -52.8916 -75.3358 0
      vertex -52.9059 -75.3348 0
    endloop
  endfacet
  facet normal 0.050385 0.70135 0.711034
    outer loop
      vertex -52.8916 -75.3358 0
      vertex -53.4784 -76.9056 1.59
      vertex -51.1872 -77.0702 1.59
    endloop
  endfacet
  facet normal 0.335808 0.941062 0.0404382
    outer loop
      vertex -56.9099 -76.2463 1.59
      vertex -58.2996 -75.7504 1.59
      vertex -58.8202 -76.5203 23.83
    endloop
  endfacet
  facet normal 0.442836 0.895648 0.0413714
    outer loop
      vertex -58.8202 -76.5203 23.83
      vertex -58.2996 -75.7504 1.59
      vertex -59.5297 -75.1422 1.59
    endloop
  endfacet
  facet normal 0.228265 -0.639649 0.733992
    outer loop
      vertex -57.3059 74.2805 0
      vertex -56.0463 74.73 0
      vertex -58.2996 75.7504 1.59
    endloop
  endfacet
  facet normal 0.55202 0.832767 0.0421073
    outer loop
      vertex -59.5297 -75.1422 1.59
      vertex -60.6195 -74.4198 1.59
      vertex -61.2462 -75.1289 23.83
    endloop
  endfacet
  facet normal 0.70135 -0.0503859 0.711034
    outer loop
      vertex -63.485 62.8148 0
      vertex -63.3358 64.8916 0
      vertex -65.0702 63.1872 1.59
    endloop
  endfacet
  facet normal 0.688987 -0.102352 0.71751
    outer loop
      vertex -63.3331 64.9174 0
      vertex -63.0843 66.5922 0
      vertex -64.6311 67.3261 1.59
    endloop
  endfacet
  facet normal 0.55247 0.833533 -0
    outer loop
      vertex -60.1065 -75.8843 23.83
      vertex -61.2462 -75.1289 23.84
      vertex -60.1065 -75.8843 23.84
    endloop
  endfacet
  facet normal 0.55247 0.833533 0
    outer loop
      vertex -61.2462 -75.1289 23.84
      vertex -60.1065 -75.8843 23.83
      vertex -61.2462 -75.1289 23.83
    endloop
  endfacet
  facet normal 0.657873 0.753129 -0
    outer loop
      vertex -61.2462 -75.1289 23.83
      vertex -62.2511 -74.2511 23.84
      vertex -61.2462 -75.1289 23.84
    endloop
  endfacet
  facet normal 0.657873 0.753129 0
    outer loop
      vertex -62.2511 -74.2511 23.84
      vertex -61.2462 -75.1289 23.83
      vertex -62.2511 -74.2511 23.83
    endloop
  endfacet
  facet normal -0.437294 0.495049 0.7508
    outer loop
      vertex 60.2941 -72.3054 0
      vertex 61.5805 -73.5805 1.59
      vertex 60.3001 -72.3001 0
    endloop
  endfacet
  facet normal -0.434595 0.497612 0.750672
    outer loop
      vertex 61.5805 -73.5805 1.59
      vertex 60.2941 -72.3054 0
      vertex 60.6195 -74.4198 1.59
    endloop
  endfacet
  facet normal 0.146974 -0.98914 0
    outer loop
      vertex -55.7105 77.4414 23.83
      vertex -53.7783 77.7285 23.84
      vertex -55.7105 77.4414 23.84
    endloop
  endfacet
  facet normal 0.146974 -0.98914 0
    outer loop
      vertex -53.7783 77.7285 23.84
      vertex -55.7105 77.4414 23.83
      vertex -53.7783 77.7285 23.83
    endloop
  endfacet
  facet normal -0.228265 -0.639649 0.733992
    outer loop
      vertex 57.3059 74.2805 0
      vertex 58.2996 75.7504 1.59
      vertex 56.0463 74.73 0
    endloop
  endfacet
  facet normal 0.162143 -0.66884 0.725509
    outer loop
      vertex -55.3261 76.6311 1.59
      vertex -54.6021 75.0819 0
      vertex -54.5922 75.0843 0
    endloop
  endfacet
  facet normal 0.162473 -0.668722 0.725544
    outer loop
      vertex -54.6021 75.0819 0
      vertex -55.3261 76.6311 1.59
      vertex -56.9099 76.2463 1.59
    endloop
  endfacet
  facet normal -0.146974 0.98914 0
    outer loop
      vertex 55.7105 -77.4414 23.83
      vertex 53.7783 -77.7285 23.84
      vertex 55.7105 -77.4414 23.84
    endloop
  endfacet
  facet normal -0.146974 0.98914 0
    outer loop
      vertex 53.7783 -77.7285 23.84
      vertex 55.7105 -77.4414 23.83
      vertex 53.7783 -77.7285 23.83
    endloop
  endfacet
  facet normal 0 0 -1
    outer loop
      vertex 46.925 -77.9579 23.84
      vertex 65.9579 -58.925 23.84
      vertex 65.9005 -63.3822 23.84
    endloop
  endfacet
  facet normal 0 0 -1
    outer loop
      vertex -65.9579 -58.925 23.84
      vertex 65.9579 -58.925 23.84
      vertex 46.925 -77.9579 23.84
    endloop
  endfacet
  facet normal 0 0 -1
    outer loop
      vertex 51.3822 -77.9005 23.84
      vertex 65.9005 -63.3822 23.84
      vertex 65.7285 -65.7783 23.84
    endloop
  endfacet
  facet normal 0 0 -1
    outer loop
      vertex 65.9579 -58.925 23.84
      vertex -65.9579 -58.925 23.84
      vertex 65.9579 58.925 23.84
    endloop
  endfacet
  facet normal 0 0 -1
    outer loop
      vertex 53.7783 -77.7285 23.84
      vertex 65.7285 -65.7783 23.84
      vertex 65.4414 -67.7105 23.84
    endloop
  endfacet
  facet normal 0 0 -1
    outer loop
      vertex 65.9579 58.925 23.84
      vertex 46.925 77.9579 23.84
      vertex 65.9005 63.3822 23.84
    endloop
  endfacet
  facet normal 0 0 -1
    outer loop
      vertex 55.7105 -77.4414 23.84
      vertex 65.4414 -67.7105 23.84
      vertex 65.039 -69.3669 23.84
    endloop
  endfacet
  facet normal -0 -0 -1
    outer loop
      vertex 51.3822 77.9005 23.84
      vertex 65.9005 63.3822 23.84
      vertex 46.925 77.9579 23.84
    endloop
  endfacet
  facet normal 0 0 -1
    outer loop
      vertex 57.3669 -77.039 23.84
      vertex 65.039 -69.3669 23.84
      vertex 64.5203 -70.8202 23.84
    endloop
  endfacet
  facet normal 0 0 -1
    outer loop
      vertex 65.9005 63.3822 23.84
      vertex 51.3822 77.9005 23.84
      vertex 65.7285 65.7783 23.84
    endloop
  endfacet
  facet normal 0 0 -1
    outer loop
      vertex 58.8202 -76.5203 23.84
      vertex 64.5203 -70.8202 23.84
      vertex 63.8843 -72.1065 23.84
    endloop
  endfacet
  facet normal -0 -0 -1
    outer loop
      vertex 53.7783 77.7285 23.84
      vertex 65.7285 65.7783 23.84
      vertex 51.3822 77.9005 23.84
    endloop
  endfacet
  facet normal 0 0 -1
    outer loop
      vertex 58.8202 -76.5203 23.84
      vertex 63.8843 -72.1065 23.84
      vertex 63.1289 -73.2462 23.84
    endloop
  endfacet
  facet normal 0 0 -1
    outer loop
      vertex 65.7285 65.7783 23.84
      vertex 53.7783 77.7285 23.84
      vertex 65.4414 67.7105 23.84
    endloop
  endfacet
  facet normal 0 0 -1
    outer loop
      vertex 58.8202 -76.5203 23.84
      vertex 63.1289 -73.2462 23.84
      vertex 62.2511 -74.2511 23.84
    endloop
  endfacet
  facet normal -0 -0 -1
    outer loop
      vertex 55.7105 77.4414 23.84
      vertex 65.4414 67.7105 23.84
      vertex 53.7783 77.7285 23.84
    endloop
  endfacet
  facet normal 0 0 -1
    outer loop
      vertex 58.8202 -76.5203 23.84
      vertex 62.2511 -74.2511 23.84
      vertex 61.2462 -75.1289 23.84
    endloop
  endfacet
  facet normal 0 0 -1
    outer loop
      vertex 65.4414 67.7105 23.84
      vertex 55.7105 77.4414 23.84
      vertex 65.039 69.3669 23.84
    endloop
  endfacet
  facet normal 0 0 -1
    outer loop
      vertex 58.8202 -76.5203 23.84
      vertex 61.2462 -75.1289 23.84
      vertex 60.1065 -75.8843 23.84
    endloop
  endfacet
  facet normal -0 -0 -1
    outer loop
      vertex 57.3669 77.039 23.84
      vertex 65.039 69.3669 23.84
      vertex 55.7105 77.4414 23.84
    endloop
  endfacet
  facet normal 0 0 -1
    outer loop
      vertex 64.5203 -70.8202 23.84
      vertex 58.8202 -76.5203 23.84
      vertex 57.3669 -77.039 23.84
    endloop
  endfacet
  facet normal 0 0 -1
    outer loop
      vertex 65.039 69.3669 23.84
      vertex 57.3669 77.039 23.84
      vertex 64.5203 70.8202 23.84
    endloop
  endfacet
  facet normal 0 0 -1
    outer loop
      vertex 65.039 -69.3669 23.84
      vertex 57.3669 -77.039 23.84
      vertex 55.7105 -77.4414 23.84
    endloop
  endfacet
  facet normal -0 -0 -1
    outer loop
      vertex 58.8202 76.5203 23.84
      vertex 64.5203 70.8202 23.84
      vertex 57.3669 77.039 23.84
    endloop
  endfacet
  facet normal 0 0 -1
    outer loop
      vertex 65.4414 -67.7105 23.84
      vertex 55.7105 -77.4414 23.84
      vertex 53.7783 -77.7285 23.84
    endloop
  endfacet
  facet normal 0 0 -1
    outer loop
      vertex 64.5203 70.8202 23.84
      vertex 58.8202 76.5203 23.84
      vertex 63.8843 72.1065 23.84
    endloop
  endfacet
  facet normal 0 0 -1
    outer loop
      vertex 65.7285 -65.7783 23.84
      vertex 53.7783 -77.7285 23.84
      vertex 51.3822 -77.9005 23.84
    endloop
  endfacet
  facet normal 0 0 -1
    outer loop
      vertex 63.8843 72.1065 23.84
      vertex 58.8202 76.5203 23.84
      vertex 63.1289 73.2462 23.84
    endloop
  endfacet
  facet normal 0 0 -1
    outer loop
      vertex 65.9005 -63.3822 23.84
      vertex 51.3822 -77.9005 23.84
      vertex 46.925 -77.9579 23.84
    endloop
  endfacet
  facet normal 0 0 -1
    outer loop
      vertex 63.1289 73.2462 23.84
      vertex 58.8202 76.5203 23.84
      vertex 62.2511 74.2511 23.84
    endloop
  endfacet
  facet normal 0 0 -1
    outer loop
      vertex 62.2511 74.2511 23.84
      vertex 58.8202 76.5203 23.84
      vertex 61.2462 75.1289 23.84
    endloop
  endfacet
  facet normal 0 0 -1
    outer loop
      vertex 61.2462 75.1289 23.84
      vertex 58.8202 76.5203 23.84
      vertex 60.1065 75.8843 23.84
    endloop
  endfacet
  facet normal 0 0 -1
    outer loop
      vertex -65.9579 -58.925 23.84
      vertex 46.925 -77.9579 23.84
      vertex -46.925 -77.9579 23.84
    endloop
  endfacet
  facet normal 0 0 -1
    outer loop
      vertex -65.9579 58.925 23.84
      vertex 65.9579 58.925 23.84
      vertex -65.9579 -58.925 23.84
    endloop
  endfacet
  facet normal 0 0 -1
    outer loop
      vertex -65.9579 -58.925 23.84
      vertex -46.925 -77.9579 23.84
      vertex -51.3822 -77.9005 23.84
    endloop
  endfacet
  facet normal 0 0 -1
    outer loop
      vertex 65.9579 58.925 23.84
      vertex -65.9579 58.925 23.84
      vertex 46.925 77.9579 23.84
    endloop
  endfacet
  facet normal 0 0 -1
    outer loop
      vertex -65.9005 -63.3822 23.84
      vertex -51.3822 -77.9005 23.84
      vertex -53.7783 -77.7285 23.84
    endloop
  endfacet
  facet normal -0 0 -1
    outer loop
      vertex 46.925 77.9579 23.84
      vertex -65.9579 58.925 23.84
      vertex -46.925 77.9579 23.84
    endloop
  endfacet
  facet normal 0 0 -1
    outer loop
      vertex -65.7285 -65.7783 23.84
      vertex -53.7783 -77.7285 23.84
      vertex -55.7105 -77.4414 23.84
    endloop
  endfacet
  facet normal 0 0 -1
    outer loop
      vertex -46.925 77.9579 23.84
      vertex -65.9579 58.925 23.84
      vertex -51.3822 77.9005 23.84
    endloop
  endfacet
  facet normal 0 0 -1
    outer loop
      vertex -65.4414 -67.7105 23.84
      vertex -55.7105 -77.4414 23.84
      vertex -57.3669 -77.039 23.84
    endloop
  endfacet
  facet normal 0 -0 -1
    outer loop
      vertex -65.9005 63.3822 23.84
      vertex -51.3822 77.9005 23.84
      vertex -65.9579 58.925 23.84
    endloop
  endfacet
  facet normal 0 0 -1
    outer loop
      vertex -65.039 -69.3669 23.84
      vertex -57.3669 -77.039 23.84
      vertex -58.8202 -76.5203 23.84
    endloop
  endfacet
  facet normal 0 0 -1
    outer loop
      vertex -51.3822 77.9005 23.84
      vertex -65.9005 63.3822 23.84
      vertex -53.7783 77.7285 23.84
    endloop
  endfacet
  facet normal 0 0 -1
    outer loop
      vertex -64.5203 -70.8202 23.84
      vertex -58.8202 -76.5203 23.84
      vertex -60.1065 -75.8843 23.84
    endloop
  endfacet
  facet normal 0 -0 -1
    outer loop
      vertex -65.7285 65.7783 23.84
      vertex -53.7783 77.7285 23.84
      vertex -65.9005 63.3822 23.84
    endloop
  endfacet
  facet normal 0 0 -1
    outer loop
      vertex -64.5203 -70.8202 23.84
      vertex -60.1065 -75.8843 23.84
      vertex -61.2462 -75.1289 23.84
    endloop
  endfacet
  facet normal 0 0 -1
    outer loop
      vertex -53.7783 77.7285 23.84
      vertex -65.7285 65.7783 23.84
      vertex -55.7105 77.4414 23.84
    endloop
  endfacet
  facet normal 0 0 -1
    outer loop
      vertex -64.5203 -70.8202 23.84
      vertex -61.2462 -75.1289 23.84
      vertex -62.2511 -74.2511 23.84
    endloop
  endfacet
  facet normal 0 -0 -1
    outer loop
      vertex -65.4414 67.7105 23.84
      vertex -55.7105 77.4414 23.84
      vertex -65.7285 65.7783 23.84
    endloop
  endfacet
  facet normal 0 0 -1
    outer loop
      vertex -64.5203 -70.8202 23.84
      vertex -62.2511 -74.2511 23.84
      vertex -63.1289 -73.2462 23.84
    endloop
  endfacet
  facet normal 0 0 -1
    outer loop
      vertex -55.7105 77.4414 23.84
      vertex -65.4414 67.7105 23.84
      vertex -57.3669 77.039 23.84
    endloop
  endfacet
  facet normal 0 0 -1
    outer loop
      vertex -64.5203 -70.8202 23.84
      vertex -63.1289 -73.2462 23.84
      vertex -63.8843 -72.1065 23.84
    endloop
  endfacet
  facet normal 0 -0 -1
    outer loop
      vertex -65.039 69.3669 23.84
      vertex -57.3669 77.039 23.84
      vertex -65.4414 67.7105 23.84
    endloop
  endfacet
  facet normal 0 0 -1
    outer loop
      vertex -58.8202 -76.5203 23.84
      vertex -64.5203 -70.8202 23.84
      vertex -65.039 -69.3669 23.84
    endloop
  endfacet
  facet normal 0 0 -1
    outer loop
      vertex -57.3669 77.039 23.84
      vertex -65.039 69.3669 23.84
      vertex -58.8202 76.5203 23.84
    endloop
  endfacet
  facet normal 0 0 -1
    outer loop
      vertex -57.3669 -77.039 23.84
      vertex -65.039 -69.3669 23.84
      vertex -65.4414 -67.7105 23.84
    endloop
  endfacet
  facet normal 0 -0 -1
    outer loop
      vertex -64.5203 70.8202 23.84
      vertex -58.8202 76.5203 23.84
      vertex -65.039 69.3669 23.84
    endloop
  endfacet
  facet normal 0 0 -1
    outer loop
      vertex -55.7105 -77.4414 23.84
      vertex -65.4414 -67.7105 23.84
      vertex -65.7285 -65.7783 23.84
    endloop
  endfacet
  facet normal 0 0 -1
    outer loop
      vertex -58.8202 76.5203 23.84
      vertex -64.5203 70.8202 23.84
      vertex -60.1065 75.8843 23.84
    endloop
  endfacet
  facet normal 0 0 -1
    outer loop
      vertex -53.7783 -77.7285 23.84
      vertex -65.7285 -65.7783 23.84
      vertex -65.9005 -63.3822 23.84
    endloop
  endfacet
  facet normal 0 0 -1
    outer loop
      vertex -60.1065 75.8843 23.84
      vertex -64.5203 70.8202 23.84
      vertex -61.2462 75.1289 23.84
    endloop
  endfacet
  facet normal 0 0 -1
    outer loop
      vertex -51.3822 -77.9005 23.84
      vertex -65.9005 -63.3822 23.84
      vertex -65.9579 -58.925 23.84
    endloop
  endfacet
  facet normal 0 0 -1
    outer loop
      vertex -61.2462 75.1289 23.84
      vertex -64.5203 70.8202 23.84
      vertex -62.2511 74.2511 23.84
    endloop
  endfacet
  facet normal 0 0 -1
    outer loop
      vertex -62.2511 74.2511 23.84
      vertex -64.5203 70.8202 23.84
      vertex -63.1289 73.2462 23.84
    endloop
  endfacet
  facet normal 0 0 -1
    outer loop
      vertex -63.1289 73.2462 23.84
      vertex -64.5203 70.8202 23.84
      vertex -63.8843 72.1065 23.84
    endloop
  endfacet
  facet normal 0.050385 -0.70135 0.711034
    outer loop
      vertex -53.4784 76.9056 1.59
      vertex -52.8916 75.3358 0
      vertex -51.1872 77.0702 1.59
    endloop
  endfacet
  facet normal 0.0490659 -0.701643 0.710837
    outer loop
      vertex -52.8916 75.3358 0
      vertex -53.4784 76.9056 1.59
      vertex -52.9059 75.3348 0
    endloop
  endfacet
  facet normal 0.55198 -0.832793 0.0421042
    outer loop
      vertex -59.5297 75.1422 1.59
      vertex -60.1065 75.8843 23.83
      vertex -61.2462 75.1289 23.83
    endloop
  endfacet
  facet normal 0.752507 -0.65721 0.0425124
    outer loop
      vertex -62.4198 72.6195 1.59
      vertex -61.5805 73.5805 1.59
      vertex -63.1289 73.2462 23.83
    endloop
  endfacet
  facet normal -0.0503859 0.70135 0.711034
    outer loop
      vertex 51.1872 -77.0702 1.59
      vertex 52.8916 -75.3358 0
      vertex 50.8148 -75.485 0
    endloop
  endfacet
  facet normal 0.335808 -0.941062 0.0404382
    outer loop
      vertex -58.2996 75.7504 1.59
      vertex -56.9099 76.2463 1.59
      vertex -58.8202 76.5203 23.83
    endloop
  endfacet
  facet normal 0.336143 -0.941811 0
    outer loop
      vertex -58.8202 76.5203 23.83
      vertex -57.3669 77.039 23.84
      vertex -58.8202 76.5203 23.84
    endloop
  endfacet
  facet normal 0.336143 -0.941811 0
    outer loop
      vertex -57.3669 77.039 23.84
      vertex -58.8202 76.5203 23.83
      vertex -57.3669 77.039 23.83
    endloop
  endfacet
  facet normal 0.701643 -0.0490659 0.710837
    outer loop
      vertex -64.9056 65.4784 1.59
      vertex -63.3358 64.8916 0
      vertex -63.3348 64.9059 0
    endloop
  endfacet
  facet normal 0.70135 -0.050385 0.711034
    outer loop
      vertex -63.3358 64.8916 0
      vertex -64.9056 65.4784 1.59
      vertex -65.0702 63.1872 1.59
    endloop
  endfacet
  facet normal 0.70135 0.0503859 0.711034
    outer loop
      vertex -63.3358 -64.8916 0
      vertex -63.485 -62.8148 0
      vertex -65.0702 -63.1872 1.59
    endloop
  endfacet
  facet normal -0.102352 0.688987 0.71751
    outer loop
      vertex 55.3261 -76.6311 1.59
      vertex 54.5922 -75.0843 0
      vertex 52.9174 -75.3331 0
    endloop
  endfacet
  facet normal -0.553651 -0.367001 0.747516
    outer loop
      vertex 61.7209 70.4353 0
      vertex 63.1422 71.5297 1.59
      vertex 62.4198 72.6195 1.59
    endloop
  endfacet
  facet normal -0.553951 -0.366585 0.747498
    outer loop
      vertex 63.1422 71.5297 1.59
      vertex 61.7209 70.4353 0
      vertex 61.7254 70.4285 0
    endloop
  endfacet
  facet normal -0.297314 -0.601262 0.741679
    outer loop
      vertex 58.4285 73.7254 0
      vertex 59.5297 75.1422 1.59
      vertex 57.3136 74.2767 0
    endloop
  endfacet
  facet normal 0.832793 -0.55198 0.0421042
    outer loop
      vertex -63.1422 71.5297 1.59
      vertex -63.1289 73.2462 23.83
      vertex -63.8843 72.1065 23.83
    endloop
  endfacet
  facet normal 0.55247 -0.833533 0
    outer loop
      vertex -61.2462 75.1289 23.83
      vertex -60.1065 75.8843 23.84
      vertex -61.2462 75.1289 23.84
    endloop
  endfacet
  facet normal 0.55247 -0.833533 0
    outer loop
      vertex -60.1065 75.8843 23.84
      vertex -61.2462 75.1289 23.83
      vertex -60.1065 75.8843 23.83
    endloop
  endfacet
  facet normal 0.94104 -0.335868 0.0404431
    outer loop
      vertex -64.2463 68.9099 1.59
      vertex -64.5203 70.8202 23.83
      vertex -65.039 69.3669 23.83
    endloop
  endfacet
  facet normal 0.941062 -0.335808 0.0404382
    outer loop
      vertex -64.2463 68.9099 1.59
      vertex -63.7504 70.2996 1.59
      vertex -64.5203 70.8202 23.83
    endloop
  endfacet
  facet normal 0.553651 -0.367001 0.747516
    outer loop
      vertex -63.1422 71.5297 1.59
      vertex -61.7209 70.4353 0
      vertex -62.4198 72.6195 1.59
    endloop
  endfacet
  facet normal 0.553951 -0.366585 0.747498
    outer loop
      vertex -61.7209 70.4353 0
      vertex -63.1422 71.5297 1.59
      vertex -61.7254 70.4285 0
    endloop
  endfacet
  facet normal 0.601262 -0.297314 0.741679
    outer loop
      vertex -62.2767 69.3136 0
      vertex -61.7254 70.4285 0
      vertex -63.1422 71.5297 1.59
    endloop
  endfacet
  facet normal 0.235908 0.970974 0.0394543
    outer loop
      vertex -55.7105 -77.4414 23.83
      vertex -55.3261 -76.6311 1.59
      vertex -56.9099 -76.2463 1.59
    endloop
  endfacet
  facet normal 0.296864 0.60154 0.741634
    outer loop
      vertex -57.3136 -74.2767 0
      vertex -58.2996 -75.7504 1.59
      vertex -57.3059 -74.2805 0
    endloop
  endfacet
  facet normal 0.297295 0.601287 0.741667
    outer loop
      vertex -58.2996 -75.7504 1.59
      vertex -57.3136 -74.2767 0
      vertex -59.5297 -75.1422 1.59
    endloop
  endfacet
  facet normal 0.00909654 -0.707078 0.707078
    outer loop
      vertex -46.925 75.535 0
      vertex -46.925 77.125 1.59
      vertex -50.7882 75.4853 0
    endloop
  endfacet
  facet normal -0.102357 0.688982 0.717514
    outer loop
      vertex 52.9174 -75.3331 0
      vertex 53.4784 -76.9056 1.59
      vertex 55.3261 -76.6311 1.59
    endloop
  endfacet
  facet normal -0.101868 0.689107 0.717464
    outer loop
      vertex 53.4784 -76.9056 1.59
      vertex 52.9174 -75.3331 0
      vertex 52.9059 -75.3348 0
    endloop
  endfacet
  facet normal 0.227972 0.639792 0.733958
    outer loop
      vertex -56.0463 -74.73 0
      vertex -56.9099 -76.2463 1.59
      vertex -56.0376 -74.7331 0
    endloop
  endfacet
  facet normal 0.228256 0.639659 0.733986
    outer loop
      vertex -56.9099 -76.2463 1.59
      vertex -56.0463 -74.73 0
      vertex -58.2996 -75.7504 1.59
    endloop
  endfacet
  facet normal -0.639649 -0.228265 0.733992
    outer loop
      vertex 62.73 68.0463 0
      vertex 63.7504 70.2996 1.59
      vertex 62.2805 69.3059 0
    endloop
  endfacet
  facet normal -0.66871 -0.162484 0.725552
    outer loop
      vertex 63.0819 66.6021 0
      vertex 64.2463 68.9099 1.59
      vertex 62.7331 68.0376 0
    endloop
  endfacet
  facet normal -0.235908 -0.970974 0.0394543
    outer loop
      vertex 56.9099 76.2463 1.59
      vertex 55.7105 77.4414 23.83
      vertex 55.3261 76.6311 1.59
    endloop
  endfacet
  facet normal -0.146841 -0.988409 0.0385501
    outer loop
      vertex 55.3261 76.6311 1.59
      vertex 55.7105 77.4414 23.83
      vertex 53.4784 76.9056 1.59
    endloop
  endfacet
  facet normal -0.367001 0.553651 0.747516
    outer loop
      vertex 58.4353 -73.7209 0
      vertex 59.5297 -75.1422 1.59
      vertex 60.6195 -74.4198 1.59
    endloop
  endfacet
  facet normal -0.366585 0.553951 0.747498
    outer loop
      vertex 59.5297 -75.1422 1.59
      vertex 58.4353 -73.7209 0
      vertex 58.4285 -73.7254 0
    endloop
  endfacet
  facet normal 0.689107 0.101868 0.717464
    outer loop
      vertex -64.9056 -65.4784 1.59
      vertex -63.3331 -64.9174 0
      vertex -63.3348 -64.9059 0
    endloop
  endfacet
  facet normal 0.688982 0.102357 0.717514
    outer loop
      vertex -63.3331 -64.9174 0
      vertex -64.9056 -65.4784 1.59
      vertex -64.6311 -67.3261 1.59
    endloop
  endfacet
  facet normal 0.832793 0.55198 0.0421042
    outer loop
      vertex -63.1289 -73.2462 23.83
      vertex -63.1422 -71.5297 1.59
      vertex -63.8843 -72.1065 23.83
    endloop
  endfacet
  facet normal -0.00909654 -0.707078 0.707078
    outer loop
      vertex 50.7882 75.4853 0
      vertex 46.925 77.125 1.59
      vertex 46.925 75.535 0
    endloop
  endfacet
  facet normal 0.833533 0.55247 0
    outer loop
      vertex -63.1289 -73.2462 23.84
      vertex -63.8843 -72.1065 23.83
      vertex -63.8843 -72.1065 23.84
    endloop
  endfacet
  facet normal 0.833533 0.55247 0
    outer loop
      vertex -63.8843 -72.1065 23.83
      vertex -63.1289 -73.2462 23.84
      vertex -63.1289 -73.2462 23.83
    endloop
  endfacet
  facet normal 0.752448 0.657278 0.0425073
    outer loop
      vertex -62.2511 -74.2511 23.83
      vertex -61.5805 -73.5805 1.59
      vertex -63.1289 -73.2462 23.83
    endloop
  endfacet
  facet normal -0.896411 -0.443223 0
    outer loop
      vertex 64.5203 70.8202 23.83
      vertex 63.8843 72.1065 23.84
      vertex 63.8843 72.1065 23.83
    endloop
  endfacet
  facet normal -0.896411 -0.443223 0
    outer loop
      vertex 63.8843 72.1065 23.84
      vertex 64.5203 70.8202 23.83
      vertex 64.5203 70.8202 23.84
    endloop
  endfacet
  facet normal -0.162484 0.66871 0.725552
    outer loop
      vertex 56.9099 -76.2463 1.59
      vertex 56.0376 -74.7331 0
      vertex 54.6021 -75.0819 0
    endloop
  endfacet
  facet normal -0.228265 0.639649 0.733992
    outer loop
      vertex 58.2996 -75.7504 1.59
      vertex 57.3059 -74.2805 0
      vertex 56.0463 -74.73 0
    endloop
  endfacet
  facet normal -0.971736 0.23607 0
    outer loop
      vertex 65.039 -69.3669 23.83
      vertex 65.4414 -67.7105 23.84
      vertex 65.4414 -67.7105 23.83
    endloop
  endfacet
  facet normal -0.971736 0.23607 0
    outer loop
      vertex 65.4414 -67.7105 23.84
      vertex 65.039 -69.3669 23.83
      vertex 65.039 -69.3669 23.84
    endloop
  endfacet
  facet normal 0.657278 0.752448 0.0425073
    outer loop
      vertex -61.2462 -75.1289 23.83
      vertex -61.5805 -73.5805 1.59
      vertex -62.2511 -74.2511 23.83
    endloop
  endfacet
  facet normal 0.495049 0.437294 0.7508
    outer loop
      vertex -60.3054 -72.2941 0
      vertex -61.5805 -73.5805 1.59
      vertex -60.3001 -72.3001 0
    endloop
  endfacet
  facet normal 0.497612 0.434595 0.750672
    outer loop
      vertex -61.5805 -73.5805 1.59
      vertex -60.3054 -72.2941 0
      vertex -62.4198 -72.6195 1.59
    endloop
  endfacet
  facet normal 0.497595 0.434639 0.750658
    outer loop
      vertex -60.3054 -72.2941 0
      vertex -61.0662 -71.4231 0
      vertex -62.4198 -72.6195 1.59
    endloop
  endfacet
  facet normal 0.941811 0.336143 0
    outer loop
      vertex -64.5203 -70.8202 23.84
      vertex -65.039 -69.3669 23.83
      vertex -65.039 -69.3669 23.84
    endloop
  endfacet
  facet normal 0.941811 0.336143 0
    outer loop
      vertex -65.039 -69.3669 23.83
      vertex -64.5203 -70.8202 23.84
      vertex -64.5203 -70.8202 23.83
    endloop
  endfacet
  facet normal -0.497595 0.434639 0.750658
    outer loop
      vertex 62.4198 -72.6195 1.59
      vertex 61.0662 -71.4231 0
      vertex 60.3054 -72.2941 0
    endloop
  endfacet
  facet normal -0.366977 -0.553689 0.7475
    outer loop
      vertex 59.4231 73.0662 0
      vertex 60.6195 74.4198 1.59
      vertex 58.4353 73.7209 0
    endloop
  endfacet
  facet normal -0.146841 0.988409 0.0385501
    outer loop
      vertex 55.7105 -77.4414 23.83
      vertex 55.3261 -76.6311 1.59
      vertex 53.4784 -76.9056 1.59
    endloop
  endfacet
  facet normal 0.296864 -0.60154 0.741634
    outer loop
      vertex -58.2996 75.7504 1.59
      vertex -57.3136 74.2767 0
      vertex -57.3059 74.2805 0
    endloop
  endfacet
  facet normal 0.297295 -0.601287 0.741667
    outer loop
      vertex -57.3136 74.2767 0
      vertex -58.2996 75.7504 1.59
      vertex -59.5297 75.1422 1.59
    endloop
  endfacet
  facet normal 0.0716041 -0.996715 0.0378449
    outer loop
      vertex -53.4784 76.9056 1.59
      vertex -51.1872 77.0702 1.59
      vertex -53.7783 77.7285 23.83
    endloop
  endfacet
  facet normal 0.146864 -0.988405 0.0385523
    outer loop
      vertex -53.4784 76.9056 1.59
      vertex -53.7783 77.7285 23.83
      vertex -55.7105 77.4414 23.83
    endloop
  endfacet
  facet normal 0.366585 -0.553951 0.747498
    outer loop
      vertex -59.5297 75.1422 1.59
      vertex -58.4353 73.7209 0
      vertex -58.4285 73.7254 0
    endloop
  endfacet
  facet normal 0.367001 -0.553651 0.747516
    outer loop
      vertex -58.4353 73.7209 0
      vertex -59.5297 75.1422 1.59
      vertex -60.6195 74.4198 1.59
    endloop
  endfacet
  facet normal 0.65721 -0.752507 0.0425124
    outer loop
      vertex -60.6195 74.4198 1.59
      vertex -61.2462 75.1289 23.83
      vertex -61.5805 73.5805 1.59
    endloop
  endfacet
  facet normal 0.335868 -0.94104 0.0404431
    outer loop
      vertex -56.9099 76.2463 1.59
      vertex -57.3669 77.039 23.83
      vertex -58.8202 76.5203 23.83
    endloop
  endfacet
  facet normal 0.495049 -0.437294 0.7508
    outer loop
      vertex -61.5805 73.5805 1.59
      vertex -60.3054 72.2941 0
      vertex -60.3001 72.3001 0
    endloop
  endfacet
  facet normal 0.497612 -0.434595 0.750672
    outer loop
      vertex -60.3054 72.2941 0
      vertex -61.5805 73.5805 1.59
      vertex -62.4198 72.6195 1.59
    endloop
  endfacet
  facet normal 0.668722 -0.162473 0.725544
    outer loop
      vertex -64.6311 67.3261 1.59
      vertex -63.0819 66.6021 0
      vertex -64.2463 68.9099 1.59
    endloop
  endfacet
  facet normal 0.66884 -0.162143 0.725509
    outer loop
      vertex -63.0819 66.6021 0
      vertex -64.6311 67.3261 1.59
      vertex -63.0843 66.5922 0
    endloop
  endfacet
  facet normal 0.970974 -0.235908 0.0394543
    outer loop
      vertex -64.6311 67.3261 1.59
      vertex -64.2463 68.9099 1.59
      vertex -65.4414 67.7105 23.83
    endloop
  endfacet
  facet normal -0.162473 -0.668722 0.725544
    outer loop
      vertex 55.3261 76.6311 1.59
      vertex 54.6021 75.0819 0
      vertex 56.9099 76.2463 1.59
    endloop
  endfacet
  facet normal -0.162143 -0.66884 0.725509
    outer loop
      vertex 54.6021 75.0819 0
      vertex 55.3261 76.6311 1.59
      vertex 54.5922 75.0843 0
    endloop
  endfacet
  facet normal -0.146974 -0.98914 0
    outer loop
      vertex 53.7783 77.7285 23.83
      vertex 55.7105 77.4414 23.84
      vertex 53.7783 77.7285 23.84
    endloop
  endfacet
  facet normal -0.146974 -0.98914 -0
    outer loop
      vertex 55.7105 77.4414 23.84
      vertex 53.7783 77.7285 23.83
      vertex 55.7105 77.4414 23.83
    endloop
  endfacet
  facet normal -0.23607 -0.971736 0
    outer loop
      vertex 55.7105 77.4414 23.83
      vertex 57.3669 77.039 23.84
      vertex 55.7105 77.4414 23.84
    endloop
  endfacet
  facet normal -0.23607 -0.971736 -0
    outer loop
      vertex 57.3669 77.039 23.84
      vertex 55.7105 77.4414 23.83
      vertex 57.3669 77.039 23.83
    endloop
  endfacet
  facet normal 0.970974 0.235908 0.0394543
    outer loop
      vertex -64.2463 -68.9099 1.59
      vertex -64.6311 -67.3261 1.59
      vertex -65.4414 -67.7105 23.83
    endloop
  endfacet
  facet normal 0.66884 0.162143 0.725509
    outer loop
      vertex -64.6311 -67.3261 1.59
      vertex -63.0819 -66.6021 0
      vertex -63.0843 -66.5922 0
    endloop
  endfacet
  facet normal 0.668722 0.162473 0.725544
    outer loop
      vertex -63.0819 -66.6021 0
      vertex -64.6311 -67.3261 1.59
      vertex -64.2463 -68.9099 1.59
    endloop
  endfacet
  facet normal 0.941062 0.335808 0.0404382
    outer loop
      vertex -63.7504 -70.2996 1.59
      vertex -64.2463 -68.9099 1.59
      vertex -64.5203 -70.8202 23.83
    endloop
  endfacet
  facet normal 0.895648 0.442836 0.0413714
    outer loop
      vertex -63.1422 -71.5297 1.59
      vertex -63.7504 -70.2996 1.59
      vertex -64.5203 -70.8202 23.83
    endloop
  endfacet
  facet normal -0.297314 0.601262 0.741679
    outer loop
      vertex 59.5297 -75.1422 1.59
      vertex 58.4285 -73.7254 0
      vertex 57.3136 -74.2767 0
    endloop
  endfacet
  facet normal 0.146864 0.988405 0.0385523
    outer loop
      vertex -53.7783 -77.7285 23.83
      vertex -53.4784 -76.9056 1.59
      vertex -55.7105 -77.4414 23.83
    endloop
  endfacet
  facet normal 0.146974 0.98914 -0
    outer loop
      vertex -53.7783 -77.7285 23.83
      vertex -55.7105 -77.4414 23.84
      vertex -53.7783 -77.7285 23.84
    endloop
  endfacet
  facet normal 0.146974 0.98914 0
    outer loop
      vertex -55.7105 -77.4414 23.84
      vertex -53.7783 -77.7285 23.83
      vertex -55.7105 -77.4414 23.83
    endloop
  endfacet
  facet normal -0.601262 0.297314 0.741679
    outer loop
      vertex 63.1422 -71.5297 1.59
      vertex 62.2767 -69.3136 0
      vertex 61.7254 -70.4285 0
    endloop
  endfacet
  facet normal -0.553951 0.366585 0.747498
    outer loop
      vertex 61.7209 -70.4353 0
      vertex 63.1422 -71.5297 1.59
      vertex 61.7254 -70.4285 0
    endloop
  endfacet
  facet normal -0.553651 0.367001 0.747516
    outer loop
      vertex 63.1422 -71.5297 1.59
      vertex 61.7209 -70.4353 0
      vertex 62.4198 -72.6195 1.59
    endloop
  endfacet
  facet normal 0.753129 -0.657873 0
    outer loop
      vertex -63.1289 73.2462 23.84
      vertex -62.2511 74.2511 23.83
      vertex -62.2511 74.2511 23.84
    endloop
  endfacet
  facet normal 0.753129 -0.657873 0
    outer loop
      vertex -62.2511 74.2511 23.83
      vertex -63.1289 73.2462 23.84
      vertex -63.1289 73.2462 23.83
    endloop
  endfacet
  facet normal 0.23607 -0.971736 0
    outer loop
      vertex -57.3669 77.039 23.83
      vertex -55.7105 77.4414 23.84
      vertex -57.3669 77.039 23.84
    endloop
  endfacet
  facet normal 0.23607 -0.971736 0
    outer loop
      vertex -55.7105 77.4414 23.84
      vertex -57.3669 77.039 23.83
      vertex -55.7105 77.4414 23.83
    endloop
  endfacet
  facet normal 0.895644 0.442843 0.0413709
    outer loop
      vertex -63.8843 -72.1065 23.83
      vertex -63.1422 -71.5297 1.59
      vertex -64.5203 -70.8202 23.83
    endloop
  endfacet
  facet normal 0.997433 0.0715991 0
    outer loop
      vertex -65.7285 -65.7783 23.84
      vertex -65.9005 -63.3822 23.83
      vertex -65.9005 -63.3822 23.84
    endloop
  endfacet
  facet normal 0.997433 0.0715991 0
    outer loop
      vertex -65.9005 -63.3822 23.83
      vertex -65.7285 -65.7783 23.84
      vertex -65.7285 -65.7783 23.83
    endloop
  endfacet
  facet normal 0.996719 0.0715478 0.0378385
    outer loop
      vertex -65.7285 -65.7783 23.83
      vertex -65.0702 -63.1872 1.59
      vertex -65.9005 -63.3822 23.83
    endloop
  endfacet
  facet normal -0.553689 0.366977 0.7475
    outer loop
      vertex 62.4198 -72.6195 1.59
      vertex 61.7209 -70.4353 0
      vertex 61.0662 -71.4231 0
    endloop
  endfacet
  facet normal 0 0 1
    outer loop
      vertex -0.65314 -88.8047 27.84
      vertex -76.9735 -1.06064 27.84
      vertex -0.861037 -88.8791 27.84
    endloop
  endfacet
  facet normal 0 0 1
    outer loop
      vertex -1.42738 -89.2186 27.84
      vertex -76.7187 -90.7373 27.84
      vertex -76.7079 -90.9579 27.84
    endloop
  endfacet
  facet normal -0 0 1
    outer loop
      vertex -77.0871 -1.25003 27.84
      vertex -0.861037 -88.8791 27.84
      vertex -76.9735 -1.06064 27.84
    endloop
  endfacet
  facet normal 0 0 1
    outer loop
      vertex -1.42738 -89.2186 27.84
      vertex -76.7511 -90.5189 27.84
      vertex -76.7187 -90.7373 27.84
    endloop
  endfacet
  facet normal 0 0 1
    outer loop
      vertex -0.861037 -88.8791 27.84
      vertex -77.0871 -1.25003 27.84
      vertex -1.06064 -88.9735 27.84
    endloop
  endfacet
  facet normal 0 0 1
    outer loop
      vertex -1.42738 -89.2186 27.84
      vertex -76.8047 -90.3047 27.84
      vertex -76.7511 -90.5189 27.84
    endloop
  endfacet
  facet normal -0 0 1
    outer loop
      vertex -77.2186 -1.42738 27.84
      vertex -1.06064 -88.9735 27.84
      vertex -77.0871 -1.25003 27.84
    endloop
  endfacet
  facet normal 0 0 1
    outer loop
      vertex -1.42738 -89.2186 27.84
      vertex -76.8791 -90.0968 27.84
      vertex -76.8047 -90.3047 27.84
    endloop
  endfacet
  facet normal 0 0 1
    outer loop
      vertex -1.06064 -88.9735 27.84
      vertex -77.2186 -1.42738 27.84
      vertex -1.25003 -89.0871 27.84
    endloop
  endfacet
  facet normal 0 0 1
    outer loop
      vertex -1.42738 -89.2186 27.84
      vertex -76.9735 -89.8972 27.84
      vertex -76.8791 -90.0968 27.84
    endloop
  endfacet
  facet normal -0 0 1
    outer loop
      vertex -77.3669 -1.59099 27.84
      vertex -1.25003 -89.0871 27.84
      vertex -77.2186 -1.42738 27.84
    endloop
  endfacet
  facet normal 0 0 1
    outer loop
      vertex -1.42738 -89.2186 27.84
      vertex -77.0871 -89.7078 27.84
      vertex -76.9735 -89.8972 27.84
    endloop
  endfacet
  facet normal 0 0 1
    outer loop
      vertex -1.25003 -89.0871 27.84
      vertex -77.3669 -1.59099 27.84
      vertex -1.42738 -89.2186 27.84
    endloop
  endfacet
  facet normal 0 0 1
    outer loop
      vertex -1.42738 -89.2186 27.84
      vertex -77.2186 -89.5305 27.84
      vertex -77.0871 -89.7078 27.84
    endloop
  endfacet
  facet normal -0 0 1
    outer loop
      vertex -77.5305 -1.73927 27.84
      vertex -1.42738 -89.2186 27.84
      vertex -77.3669 -1.59099 27.84
    endloop
  endfacet
  facet normal 0 0 1
    outer loop
      vertex -1.42738 -89.2186 27.84
      vertex -77.3669 -89.3669 27.84
      vertex -77.2186 -89.5305 27.84
    endloop
  endfacet
  facet normal 0 0 1
    outer loop
      vertex -77.5305 -89.2186 27.84
      vertex -1.42738 -89.2186 27.84
      vertex -77.5305 -1.73927 27.84
    endloop
  endfacet
  facet normal 0 0 1
    outer loop
      vertex -1.42738 -89.2186 27.84
      vertex -77.5305 -89.2186 27.84
      vertex -77.3669 -89.3669 27.84
    endloop
  endfacet
  facet normal -0 0 1
    outer loop
      vertex -77.7078 -1.87081 27.84
      vertex -77.5305 -89.2186 27.84
      vertex -77.5305 -1.73927 27.84
    endloop
  endfacet
  facet normal 0 0 1
    outer loop
      vertex -77.7078 -1.87081 27.84
      vertex -77.7078 -89.0871 27.84
      vertex -77.5305 -89.2186 27.84
    endloop
  endfacet
  facet normal -0 0 1
    outer loop
      vertex -77.8972 -1.98432 27.84
      vertex -77.7078 -89.0871 27.84
      vertex -77.7078 -1.87081 27.84
    endloop
  endfacet
  facet normal 0 0 1
    outer loop
      vertex -77.8972 -1.98432 27.84
      vertex -77.8972 -88.9735 27.84
      vertex -77.7078 -89.0871 27.84
    endloop
  endfacet
  facet normal -0 0 1
    outer loop
      vertex -78.0968 -2.07873 27.84
      vertex -77.8972 -88.9735 27.84
      vertex -77.8972 -1.98432 27.84
    endloop
  endfacet
  facet normal 0 0 1
    outer loop
      vertex -78.0968 -2.07873 27.84
      vertex -78.0968 -88.8791 27.84
      vertex -77.8972 -88.9735 27.84
    endloop
  endfacet
  facet normal -0 0 1
    outer loop
      vertex -78.3047 -2.15312 27.84
      vertex -78.0968 -88.8791 27.84
      vertex -78.0968 -2.07873 27.84
    endloop
  endfacet
  facet normal 0 0 1
    outer loop
      vertex -78.3047 -2.15312 27.84
      vertex -78.3047 -88.8047 27.84
      vertex -78.0968 -88.8791 27.84
    endloop
  endfacet
  facet normal -0 0 1
    outer loop
      vertex -78.5189 -2.20677 27.84
      vertex -78.3047 -88.8047 27.84
      vertex -78.3047 -2.15312 27.84
    endloop
  endfacet
  facet normal 0 0 1
    outer loop
      vertex -78.5189 -2.20677 27.84
      vertex -78.5189 -88.7511 27.84
      vertex -78.3047 -88.8047 27.84
    endloop
  endfacet
  facet normal -0 0 1
    outer loop
      vertex -78.7373 -2.23917 27.84
      vertex -78.5189 -88.7511 27.84
      vertex -78.5189 -2.20677 27.84
    endloop
  endfacet
  facet normal 0 0 1
    outer loop
      vertex -78.7373 -2.23917 27.84
      vertex -78.7373 -88.7187 27.84
      vertex -78.5189 -88.7511 27.84
    endloop
  endfacet
  facet normal -0 0 1
    outer loop
      vertex -78.9579 -2.25 27.84
      vertex -78.7373 -88.7187 27.84
      vertex -78.7373 -2.23917 27.84
    endloop
  endfacet
  facet normal 0 0 1
    outer loop
      vertex -78.9579 -2.25 27.84
      vertex -78.9579 -88.7079 27.84
      vertex -78.7373 -88.7187 27.84
    endloop
  endfacet
  facet normal 0 0 1
    outer loop
      vertex -79.1784 -2.23917 27.84
      vertex -78.9579 -88.7079 27.84
      vertex -78.9579 -2.25 27.84
    endloop
  endfacet
  facet normal 0 0 1
    outer loop
      vertex -79.1784 -2.23917 27.84
      vertex -79.1784 -88.7187 27.84
      vertex -78.9579 -88.7079 27.84
    endloop
  endfacet
  facet normal 0 0 1
    outer loop
      vertex -79.3968 -2.20677 27.84
      vertex -79.1784 -88.7187 27.84
      vertex -79.1784 -2.23917 27.84
    endloop
  endfacet
  facet normal 0 0 1
    outer loop
      vertex -79.3968 -2.20677 27.84
      vertex -79.3968 -88.7511 27.84
      vertex -79.1784 -88.7187 27.84
    endloop
  endfacet
  facet normal 0 0 1
    outer loop
      vertex -79.611 -2.15312 27.84
      vertex -79.3968 -88.7511 27.84
      vertex -79.3968 -2.20677 27.84
    endloop
  endfacet
  facet normal 0 0 1
    outer loop
      vertex -79.611 -2.15312 27.84
      vertex -79.611 -88.8047 27.84
      vertex -79.3968 -88.7511 27.84
    endloop
  endfacet
  facet normal 0 0 1
    outer loop
      vertex -79.8189 -2.07873 27.84
      vertex -79.611 -88.8047 27.84
      vertex -79.611 -2.15312 27.84
    endloop
  endfacet
  facet normal 0 0 1
    outer loop
      vertex -79.8189 -2.07873 27.84
      vertex -79.8189 -88.8791 27.84
      vertex -79.611 -88.8047 27.84
    endloop
  endfacet
  facet normal 0 0 1
    outer loop
      vertex -80.0185 -1.98432 27.84
      vertex -79.8189 -88.8791 27.84
      vertex -79.8189 -2.07873 27.84
    endloop
  endfacet
  facet normal 0 0 1
    outer loop
      vertex -80.0185 -1.98432 27.84
      vertex -80.0185 -88.9735 27.84
      vertex -79.8189 -88.8791 27.84
    endloop
  endfacet
  facet normal 0 0 1
    outer loop
      vertex -80.2079 -1.87081 27.84
      vertex -80.0185 -88.9735 27.84
      vertex -80.0185 -1.98432 27.84
    endloop
  endfacet
  facet normal 0 0 1
    outer loop
      vertex -80.2079 -1.87081 27.84
      vertex -80.2079 -89.0871 27.84
      vertex -80.0185 -88.9735 27.84
    endloop
  endfacet
  facet normal 0 0 1
    outer loop
      vertex -80.3852 -1.73927 27.84
      vertex -80.2079 -89.0871 27.84
      vertex -80.2079 -1.87081 27.84
    endloop
  endfacet
  facet normal 0 0 1
    outer loop
      vertex -80.3852 -1.73927 27.84
      vertex -80.3852 -89.2186 27.84
      vertex -80.2079 -89.0871 27.84
    endloop
  endfacet
  facet normal 0 0 1
    outer loop
      vertex -80.5489 -1.59099 27.84
      vertex -80.3852 -89.2186 27.84
      vertex -80.3852 -1.73927 27.84
    endloop
  endfacet
  facet normal 0 0 1
    outer loop
      vertex -80.5489 -1.59099 27.84
      vertex -80.5489 -89.3669 27.84
      vertex -80.3852 -89.2186 27.84
    endloop
  endfacet
  facet normal 0 0 1
    outer loop
      vertex -80.6971 -1.42738 27.84
      vertex -80.5489 -89.3669 27.84
      vertex -80.5489 -1.59099 27.84
    endloop
  endfacet
  facet normal 0 0 1
    outer loop
      vertex -80.6971 -1.42738 27.84
      vertex -80.6971 -89.5305 27.84
      vertex -80.5489 -89.3669 27.84
    endloop
  endfacet
  facet normal 0 0 1
    outer loop
      vertex -80.8287 -1.25003 27.84
      vertex -80.6971 -89.5305 27.84
      vertex -80.6971 -1.42738 27.84
    endloop
  endfacet
  facet normal 0 0 1
    outer loop
      vertex -80.8287 -1.25003 27.84
      vertex -80.8287 -89.7078 27.84
      vertex -80.6971 -89.5305 27.84
    endloop
  endfacet
  facet normal 0 0 1
    outer loop
      vertex -80.9422 -1.06064 27.84
      vertex -80.8287 -89.7078 27.84
      vertex -80.8287 -1.25003 27.84
    endloop
  endfacet
  facet normal 0 0 1
    outer loop
      vertex -80.9422 -1.06064 27.84
      vertex -80.9422 -89.8972 27.84
      vertex -80.8287 -89.7078 27.84
    endloop
  endfacet
  facet normal 0 0 1
    outer loop
      vertex -85.9579 -97.9579 27.84
      vertex -80.9422 -1.06064 27.84
      vertex -81.0366 -0.861037 27.84
    endloop
  endfacet
  facet normal 0 0 1
    outer loop
      vertex -80.9422 -1.06064 27.84
      vertex -85.9579 -97.9579 27.84
      vertex -80.9422 -89.8972 27.84
    endloop
  endfacet
  facet normal 0 0 1
    outer loop
      vertex -85.9579 -97.9579 27.84
      vertex -81.0366 -0.861037 27.84
      vertex -81.111 -0.65314 27.84
    endloop
  endfacet
  facet normal 0 0 1
    outer loop
      vertex -80.9422 -89.8972 27.84
      vertex -85.9579 -97.9579 27.84
      vertex -81.0366 -90.0968 27.84
    endloop
  endfacet
  facet normal 0 0 1
    outer loop
      vertex -85.9579 -97.9579 27.84
      vertex -81.111 -0.65314 27.84
      vertex -81.1646 -0.438952 27.84
    endloop
  endfacet
  facet normal 0 0 1
    outer loop
      vertex -81.0366 -90.0968 27.84
      vertex -85.9579 -97.9579 27.84
      vertex -81.111 -90.3047 27.84
    endloop
  endfacet
  facet normal 0 0 1
    outer loop
      vertex -85.9579 -97.9579 27.84
      vertex -81.1646 -0.438952 27.84
      vertex -81.197 -0.220538 27.84
    endloop
  endfacet
  facet normal 0 0 1
    outer loop
      vertex -81.111 -90.3047 27.84
      vertex -85.9579 -97.9579 27.84
      vertex -81.1646 -90.5189 27.84
    endloop
  endfacet
  facet normal 0 0 1
    outer loop
      vertex -85.9579 -97.9579 27.84
      vertex -81.197 -0.220538 27.84
      vertex -81.2079 0 27.84
    endloop
  endfacet
  facet normal 0 0 1
    outer loop
      vertex -81.1646 -90.5189 27.84
      vertex -85.9579 -97.9579 27.84
      vertex -81.197 -90.7373 27.84
    endloop
  endfacet
  facet normal 0 0 1
    outer loop
      vertex -1.98432 89.8972 27.84
      vertex -76.9735 89.8972 27.84
      vertex -1.87081 89.7078 27.84
    endloop
  endfacet
  facet normal 0 0 1
    outer loop
      vertex -1.42738 89.2186 27.84
      vertex -76.7187 0.220538 27.84
      vertex -76.7079 0 27.84
    endloop
  endfacet
  facet normal 0 0 1
    outer loop
      vertex -77.0871 89.7078 27.84
      vertex -1.87081 89.7078 27.84
      vertex -76.9735 89.8972 27.84
    endloop
  endfacet
  facet normal 0 0 1
    outer loop
      vertex -1.42738 89.2186 27.84
      vertex -76.7511 0.438952 27.84
      vertex -76.7187 0.220538 27.84
    endloop
  endfacet
  facet normal 0 0 1
    outer loop
      vertex -1.87081 89.7078 27.84
      vertex -77.0871 89.7078 27.84
      vertex -1.73927 89.5305 27.84
    endloop
  endfacet
  facet normal 0 0 1
    outer loop
      vertex -1.42738 89.2186 27.84
      vertex -76.8047 0.65314 27.84
      vertex -76.7511 0.438952 27.84
    endloop
  endfacet
  facet normal 0 0 1
    outer loop
      vertex -77.2186 89.5305 27.84
      vertex -1.73927 89.5305 27.84
      vertex -77.0871 89.7078 27.84
    endloop
  endfacet
  facet normal 0 0 1
    outer loop
      vertex -1.42738 89.2186 27.84
      vertex -76.8791 0.861037 27.84
      vertex -76.8047 0.65314 27.84
    endloop
  endfacet
  facet normal 0 0 1
    outer loop
      vertex -1.73927 89.5305 27.84
      vertex -77.2186 89.5305 27.84
      vertex -1.59099 89.3669 27.84
    endloop
  endfacet
  facet normal 0 0 1
    outer loop
      vertex -1.42738 89.2186 27.84
      vertex -76.9735 1.06064 27.84
      vertex -76.8791 0.861037 27.84
    endloop
  endfacet
  facet normal 0 0 1
    outer loop
      vertex -77.3669 89.3669 27.84
      vertex -1.59099 89.3669 27.84
      vertex -77.2186 89.5305 27.84
    endloop
  endfacet
  facet normal 0 0 1
    outer loop
      vertex -1.42738 89.2186 27.84
      vertex -77.0871 1.25003 27.84
      vertex -76.9735 1.06064 27.84
    endloop
  endfacet
  facet normal 0 0 1
    outer loop
      vertex -1.59099 89.3669 27.84
      vertex -77.3669 89.3669 27.84
      vertex -1.42738 89.2186 27.84
    endloop
  endfacet
  facet normal 0 0 1
    outer loop
      vertex -1.42738 89.2186 27.84
      vertex -77.2186 1.42738 27.84
      vertex -77.0871 1.25003 27.84
    endloop
  endfacet
  facet normal 0 0 1
    outer loop
      vertex -77.5305 89.2186 27.84
      vertex -1.42738 89.2186 27.84
      vertex -77.3669 89.3669 27.84
    endloop
  endfacet
  facet normal 0 0 1
    outer loop
      vertex -1.42738 89.2186 27.84
      vertex -77.3669 1.59099 27.84
      vertex -77.2186 1.42738 27.84
    endloop
  endfacet
  facet normal 0 0 1
    outer loop
      vertex -77.5305 1.73927 27.84
      vertex -1.42738 89.2186 27.84
      vertex -77.5305 89.2186 27.84
    endloop
  endfacet
  facet normal 0 0 1
    outer loop
      vertex -1.42738 89.2186 27.84
      vertex -77.5305 1.73927 27.84
      vertex -77.3669 1.59099 27.84
    endloop
  endfacet
  facet normal -0 0 1
    outer loop
      vertex -77.7078 89.0871 27.84
      vertex -77.5305 1.73927 27.84
      vertex -77.5305 89.2186 27.84
    endloop
  endfacet
  facet normal 0 0 1
    outer loop
      vertex -77.7078 89.0871 27.84
      vertex -77.7078 1.87081 27.84
      vertex -77.5305 1.73927 27.84
    endloop
  endfacet
  facet normal -0 0 1
    outer loop
      vertex -77.8972 88.9735 27.84
      vertex -77.7078 1.87081 27.84
      vertex -77.7078 89.0871 27.84
    endloop
  endfacet
  facet normal 0 0 1
    outer loop
      vertex -77.8972 88.9735 27.84
      vertex -77.8972 1.98432 27.84
      vertex -77.7078 1.87081 27.84
    endloop
  endfacet
  facet normal -0 0 1
    outer loop
      vertex -78.0968 88.8791 27.84
      vertex -77.8972 1.98432 27.84
      vertex -77.8972 88.9735 27.84
    endloop
  endfacet
  facet normal 0 0 1
    outer loop
      vertex -78.0968 88.8791 27.84
      vertex -78.0968 2.07873 27.84
      vertex -77.8972 1.98432 27.84
    endloop
  endfacet
  facet normal -0 0 1
    outer loop
      vertex -78.3047 88.8047 27.84
      vertex -78.0968 2.07873 27.84
      vertex -78.0968 88.8791 27.84
    endloop
  endfacet
  facet normal 0 0 1
    outer loop
      vertex -78.3047 88.8047 27.84
      vertex -78.3047 2.15312 27.84
      vertex -78.0968 2.07873 27.84
    endloop
  endfacet
  facet normal -0 0 1
    outer loop
      vertex -78.5189 88.7511 27.84
      vertex -78.3047 2.15312 27.84
      vertex -78.3047 88.8047 27.84
    endloop
  endfacet
  facet normal 0 0 1
    outer loop
      vertex -78.5189 88.7511 27.84
      vertex -78.5189 2.20677 27.84
      vertex -78.3047 2.15312 27.84
    endloop
  endfacet
  facet normal -0 0 1
    outer loop
      vertex -78.7373 88.7187 27.84
      vertex -78.5189 2.20677 27.84
      vertex -78.5189 88.7511 27.84
    endloop
  endfacet
  facet normal 0 0 1
    outer loop
      vertex -78.7373 88.7187 27.84
      vertex -78.7373 2.23917 27.84
      vertex -78.5189 2.20677 27.84
    endloop
  endfacet
  facet normal -0 0 1
    outer loop
      vertex -78.9579 88.7079 27.84
      vertex -78.7373 2.23917 27.84
      vertex -78.7373 88.7187 27.84
    endloop
  endfacet
  facet normal 0 0 1
    outer loop
      vertex -78.9579 88.7079 27.84
      vertex -78.9579 2.25 27.84
      vertex -78.7373 2.23917 27.84
    endloop
  endfacet
  facet normal 0 0 1
    outer loop
      vertex -79.1784 88.7187 27.84
      vertex -78.9579 2.25 27.84
      vertex -78.9579 88.7079 27.84
    endloop
  endfacet
  facet normal 0 0 1
    outer loop
      vertex -79.1784 88.7187 27.84
      vertex -79.1784 2.23917 27.84
      vertex -78.9579 2.25 27.84
    endloop
  endfacet
  facet normal 0 0 1
    outer loop
      vertex -79.3968 88.7511 27.84
      vertex -79.1784 2.23917 27.84
      vertex -79.1784 88.7187 27.84
    endloop
  endfacet
  facet normal 0 0 1
    outer loop
      vertex -79.3968 88.7511 27.84
      vertex -79.3968 2.20677 27.84
      vertex -79.1784 2.23917 27.84
    endloop
  endfacet
  facet normal 0 0 1
    outer loop
      vertex -79.611 88.8047 27.84
      vertex -79.3968 2.20677 27.84
      vertex -79.3968 88.7511 27.84
    endloop
  endfacet
  facet normal 0 0 1
    outer loop
      vertex -79.611 88.8047 27.84
      vertex -79.611 2.15312 27.84
      vertex -79.3968 2.20677 27.84
    endloop
  endfacet
  facet normal 0 0 1
    outer loop
      vertex -79.8189 88.8791 27.84
      vertex -79.611 2.15312 27.84
      vertex -79.611 88.8047 27.84
    endloop
  endfacet
  facet normal 0 0 1
    outer loop
      vertex -79.8189 88.8791 27.84
      vertex -79.8189 2.07873 27.84
      vertex -79.611 2.15312 27.84
    endloop
  endfacet
  facet normal 0 0 1
    outer loop
      vertex -80.0185 88.9735 27.84
      vertex -79.8189 2.07873 27.84
      vertex -79.8189 88.8791 27.84
    endloop
  endfacet
  facet normal 0 0 1
    outer loop
      vertex -80.0185 88.9735 27.84
      vertex -80.0185 1.98432 27.84
      vertex -79.8189 2.07873 27.84
    endloop
  endfacet
  facet normal 0 0 1
    outer loop
      vertex -80.2079 89.0871 27.84
      vertex -80.0185 1.98432 27.84
      vertex -80.0185 88.9735 27.84
    endloop
  endfacet
  facet normal 0 0 1
    outer loop
      vertex -80.2079 89.0871 27.84
      vertex -80.2079 1.87081 27.84
      vertex -80.0185 1.98432 27.84
    endloop
  endfacet
  facet normal 0 0 1
    outer loop
      vertex -80.3852 89.2186 27.84
      vertex -80.2079 1.87081 27.84
      vertex -80.2079 89.0871 27.84
    endloop
  endfacet
  facet normal 0 0 1
    outer loop
      vertex -80.3852 89.2186 27.84
      vertex -80.3852 1.73927 27.84
      vertex -80.2079 1.87081 27.84
    endloop
  endfacet
  facet normal 0 0 1
    outer loop
      vertex -80.5489 89.3669 27.84
      vertex -80.3852 1.73927 27.84
      vertex -80.3852 89.2186 27.84
    endloop
  endfacet
  facet normal 0 0 1
    outer loop
      vertex -80.5489 89.3669 27.84
      vertex -80.5489 1.59099 27.84
      vertex -80.3852 1.73927 27.84
    endloop
  endfacet
  facet normal 0 0 1
    outer loop
      vertex -80.6971 89.5305 27.84
      vertex -80.5489 1.59099 27.84
      vertex -80.5489 89.3669 27.84
    endloop
  endfacet
  facet normal 0 0 1
    outer loop
      vertex -80.6971 89.5305 27.84
      vertex -80.6971 1.42738 27.84
      vertex -80.5489 1.59099 27.84
    endloop
  endfacet
  facet normal 0 0 1
    outer loop
      vertex -80.8287 89.7078 27.84
      vertex -80.6971 1.42738 27.84
      vertex -80.6971 89.5305 27.84
    endloop
  endfacet
  facet normal 0 0 1
    outer loop
      vertex -80.8287 89.7078 27.84
      vertex -80.8287 1.25003 27.84
      vertex -80.6971 1.42738 27.84
    endloop
  endfacet
  facet normal 0 0 1
    outer loop
      vertex -80.9422 89.8972 27.84
      vertex -80.8287 1.25003 27.84
      vertex -80.8287 89.7078 27.84
    endloop
  endfacet
  facet normal 0 0 1
    outer loop
      vertex -80.9422 89.8972 27.84
      vertex -80.9422 1.06064 27.84
      vertex -80.8287 1.25003 27.84
    endloop
  endfacet
  facet normal 0 0 1
    outer loop
      vertex -85.9579 97.9579 27.84
      vertex -80.9422 89.8972 27.84
      vertex -81.0366 90.0968 27.84
    endloop
  endfacet
  facet normal 0 0 1
    outer loop
      vertex -80.9422 89.8972 27.84
      vertex -85.9579 97.9579 27.84
      vertex -80.9422 1.06064 27.84
    endloop
  endfacet
  facet normal 0 0 1
    outer loop
      vertex -85.9579 97.9579 27.84
      vertex -81.0366 90.0968 27.84
      vertex -81.111 90.3047 27.84
    endloop
  endfacet
  facet normal 0 0 1
    outer loop
      vertex -80.9422 1.06064 27.84
      vertex -85.9579 97.9579 27.84
      vertex -81.0366 0.861037 27.84
    endloop
  endfacet
  facet normal 0 0 1
    outer loop
      vertex -85.9579 97.9579 27.84
      vertex -81.111 90.3047 27.84
      vertex -81.1646 90.5189 27.84
    endloop
  endfacet
  facet normal 0 0 1
    outer loop
      vertex -81.0366 0.861037 27.84
      vertex -85.9579 97.9579 27.84
      vertex -81.111 0.65314 27.84
    endloop
  endfacet
  facet normal 0 0 1
    outer loop
      vertex -85.9579 97.9579 27.84
      vertex -81.1646 90.5189 27.84
      vertex -81.197 90.7373 27.84
    endloop
  endfacet
  facet normal 0 0 1
    outer loop
      vertex -81.111 0.65314 27.84
      vertex -85.9579 97.9579 27.84
      vertex -81.1646 0.438952 27.84
    endloop
  endfacet
  facet normal 0 0 1
    outer loop
      vertex -85.9579 97.9579 27.84
      vertex -81.197 90.7373 27.84
      vertex -81.2079 90.9579 27.84
    endloop
  endfacet
  facet normal 0 0 1
    outer loop
      vertex -81.1646 0.438952 27.84
      vertex -85.9579 97.9579 27.84
      vertex -81.197 0.220538 27.84
    endloop
  endfacet
  facet normal -0 0 1
    outer loop
      vertex 1.25003 89.0871 27.84
      vertex 77.3669 1.59099 27.84
      vertex 1.42738 89.2186 27.84
    endloop
  endfacet
  facet normal 0 0 1
    outer loop
      vertex 76.7079 0 27.84
      vertex 2.23917 -90.7373 27.84
      vertex 2.25 -90.9579 27.84
    endloop
  endfacet
  facet normal 0 0 1
    outer loop
      vertex 77.3669 1.59099 27.84
      vertex 1.25003 89.0871 27.84
      vertex 77.2186 1.42738 27.84
    endloop
  endfacet
  facet normal 0 0 1
    outer loop
      vertex 76.7079 0 27.84
      vertex 2.20677 -90.5189 27.84
      vertex 2.23917 -90.7373 27.84
    endloop
  endfacet
  facet normal -0 0 1
    outer loop
      vertex 1.06064 88.9735 27.84
      vertex 77.2186 1.42738 27.84
      vertex 1.25003 89.0871 27.84
    endloop
  endfacet
  facet normal 0 0 1
    outer loop
      vertex 76.7079 0 27.84
      vertex 2.15312 -90.3047 27.84
      vertex 2.20677 -90.5189 27.84
    endloop
  endfacet
  facet normal 0 0 1
    outer loop
      vertex 77.2186 1.42738 27.84
      vertex 1.06064 88.9735 27.84
      vertex 77.0871 1.25003 27.84
    endloop
  endfacet
  facet normal 0 0 1
    outer loop
      vertex 76.7079 0 27.84
      vertex 2.07873 -90.0968 27.84
      vertex 2.15312 -90.3047 27.84
    endloop
  endfacet
  facet normal -0 0 1
    outer loop
      vertex 0.861037 88.8791 27.84
      vertex 77.0871 1.25003 27.84
      vertex 1.06064 88.9735 27.84
    endloop
  endfacet
  facet normal 0 0 1
    outer loop
      vertex 76.7079 0 27.84
      vertex 1.98432 -89.8972 27.84
      vertex 2.07873 -90.0968 27.84
    endloop
  endfacet
  facet normal 0 0 1
    outer loop
      vertex 77.0871 1.25003 27.84
      vertex 0.861037 88.8791 27.84
      vertex 76.9735 1.06064 27.84
    endloop
  endfacet
  facet normal 0 0 1
    outer loop
      vertex 76.7079 0 27.84
      vertex 1.87081 -89.7078 27.84
      vertex 1.98432 -89.8972 27.84
    endloop
  endfacet
  facet normal -0 0 1
    outer loop
      vertex 0.65314 88.8047 27.84
      vertex 76.9735 1.06064 27.84
      vertex 0.861037 88.8791 27.84
    endloop
  endfacet
  facet normal 0 0 1
    outer loop
      vertex 76.7079 0 27.84
      vertex 1.73927 -89.5305 27.84
      vertex 1.87081 -89.7078 27.84
    endloop
  endfacet
  facet normal 0 0 1
    outer loop
      vertex 76.9735 1.06064 27.84
      vertex 0.65314 88.8047 27.84
      vertex 76.8791 0.861037 27.84
    endloop
  endfacet
  facet normal 0 0 1
    outer loop
      vertex 76.7079 0 27.84
      vertex 1.59099 -89.3669 27.84
      vertex 1.73927 -89.5305 27.84
    endloop
  endfacet
  facet normal -0 0 1
    outer loop
      vertex 0.438952 88.7511 27.84
      vertex 76.8791 0.861037 27.84
      vertex 0.65314 88.8047 27.84
    endloop
  endfacet
  facet normal 0 0 1
    outer loop
      vertex 76.7079 0 27.84
      vertex 1.42738 -89.2186 27.84
      vertex 1.59099 -89.3669 27.84
    endloop
  endfacet
  facet normal 0 0 1
    outer loop
      vertex 76.8791 0.861037 27.84
      vertex 0.438952 88.7511 27.84
      vertex 76.8047 0.65314 27.84
    endloop
  endfacet
  facet normal 0 0 1
    outer loop
      vertex 76.7079 0 27.84
      vertex 1.25003 -89.0871 27.84
      vertex 1.42738 -89.2186 27.84
    endloop
  endfacet
  facet normal -0 0 1
    outer loop
      vertex 0.220538 88.7187 27.84
      vertex 76.8047 0.65314 27.84
      vertex 0.438952 88.7511 27.84
    endloop
  endfacet
  facet normal 0 0 1
    outer loop
      vertex 76.7079 0 27.84
      vertex 1.06064 -88.9735 27.84
      vertex 1.25003 -89.0871 27.84
    endloop
  endfacet
  facet normal 0 0 1
    outer loop
      vertex 76.8047 0.65314 27.84
      vertex 0.220538 88.7187 27.84
      vertex 76.7511 0.438952 27.84
    endloop
  endfacet
  facet normal 0 0 1
    outer loop
      vertex 76.7079 0 27.84
      vertex 0.861037 -88.8791 27.84
      vertex 1.06064 -88.9735 27.84
    endloop
  endfacet
  facet normal -0 0 1
    outer loop
      vertex 0 88.7079 27.84
      vertex 76.7511 0.438952 27.84
      vertex 0.220538 88.7187 27.84
    endloop
  endfacet
  facet normal 0 0 1
    outer loop
      vertex 76.7079 0 27.84
      vertex 0.65314 -88.8047 27.84
      vertex 0.861037 -88.8791 27.84
    endloop
  endfacet
  facet normal 0 0 1
    outer loop
      vertex 76.7511 0.438952 27.84
      vertex 0 88.7079 27.84
      vertex 76.7187 0.220538 27.84
    endloop
  endfacet
  facet normal 0 0 1
    outer loop
      vertex 76.7079 0 27.84
      vertex 0.438952 -88.7511 27.84
      vertex 0.65314 -88.8047 27.84
    endloop
  endfacet
  facet normal 0 0 1
    outer loop
      vertex -76.7079 0 27.84
      vertex 76.7187 0.220538 27.84
      vertex 0 88.7079 27.84
    endloop
  endfacet
  facet normal 0 0 1
    outer loop
      vertex 76.7079 0 27.84
      vertex 0.220538 -88.7187 27.84
      vertex 0.438952 -88.7511 27.84
    endloop
  endfacet
  facet normal 0 0 1
    outer loop
      vertex 76.7187 0.220538 27.84
      vertex -76.7079 0 27.84
      vertex 76.7079 0 27.84
    endloop
  endfacet
  facet normal 0 0 1
    outer loop
      vertex -76.7187 -0.220538 27.84
      vertex 76.7079 0 27.84
      vertex -76.7079 0 27.84
    endloop
  endfacet
  facet normal 0 0 1
    outer loop
      vertex -76.7079 0 27.84
      vertex 0 88.7079 27.84
      vertex -0.220538 88.7187 27.84
    endloop
  endfacet
  facet normal 0 0 1
    outer loop
      vertex 76.7079 0 27.84
      vertex 0 -88.7079 27.84
      vertex 0.220538 -88.7187 27.84
    endloop
  endfacet
  facet normal 0 0 1
    outer loop
      vertex -76.7079 0 27.84
      vertex -0.220538 88.7187 27.84
      vertex -0.438952 88.7511 27.84
    endloop
  endfacet
  facet normal 0 0 1
    outer loop
      vertex 76.7079 0 27.84
      vertex -76.7187 -0.220538 27.84
      vertex 0 -88.7079 27.84
    endloop
  endfacet
  facet normal 0 0 1
    outer loop
      vertex -76.7079 0 27.84
      vertex -0.438952 88.7511 27.84
      vertex -0.65314 88.8047 27.84
    endloop
  endfacet
  facet normal -0 0 1
    outer loop
      vertex -76.7511 -0.438952 27.84
      vertex 0 -88.7079 27.84
      vertex -76.7187 -0.220538 27.84
    endloop
  endfacet
  facet normal 0 0 1
    outer loop
      vertex -76.7079 0 27.84
      vertex -0.65314 88.8047 27.84
      vertex -0.861037 88.8791 27.84
    endloop
  endfacet
  facet normal 0 0 1
    outer loop
      vertex 0 -88.7079 27.84
      vertex -76.7511 -0.438952 27.84
      vertex -0.220538 -88.7187 27.84
    endloop
  endfacet
  facet normal 0 0 1
    outer loop
      vertex -76.7079 0 27.84
      vertex -0.861037 88.8791 27.84
      vertex -1.06064 88.9735 27.84
    endloop
  endfacet
  facet normal -0 0 1
    outer loop
      vertex -76.8047 -0.65314 27.84
      vertex -0.220538 -88.7187 27.84
      vertex -76.7511 -0.438952 27.84
    endloop
  endfacet
  facet normal 0 0 1
    outer loop
      vertex -76.7079 0 27.84
      vertex -1.06064 88.9735 27.84
      vertex -1.25003 89.0871 27.84
    endloop
  endfacet
  facet normal 0 0 1
    outer loop
      vertex -0.220538 -88.7187 27.84
      vertex -76.8047 -0.65314 27.84
      vertex -0.438952 -88.7511 27.84
    endloop
  endfacet
  facet normal 0 0 1
    outer loop
      vertex -76.7079 0 27.84
      vertex -1.25003 89.0871 27.84
      vertex -1.42738 89.2186 27.84
    endloop
  endfacet
  facet normal -0 0 1
    outer loop
      vertex -76.8791 -0.861037 27.84
      vertex -0.438952 -88.7511 27.84
      vertex -76.8047 -0.65314 27.84
    endloop
  endfacet
  facet normal 0 0 1
    outer loop
      vertex -2.07873 90.0968 27.84
      vertex -76.8791 90.0968 27.84
      vertex -1.98432 89.8972 27.84
    endloop
  endfacet
  facet normal 0 0 1
    outer loop
      vertex -0.438952 -88.7511 27.84
      vertex -76.8791 -0.861037 27.84
      vertex -0.65314 -88.8047 27.84
    endloop
  endfacet
  facet normal 0 0 1
    outer loop
      vertex -76.8791 90.0968 27.84
      vertex -2.07873 90.0968 27.84
      vertex -76.8047 90.3047 27.84
    endloop
  endfacet
  facet normal -0 0 1
    outer loop
      vertex -76.9735 -1.06064 27.84
      vertex -0.65314 -88.8047 27.84
      vertex -76.8791 -0.861037 27.84
    endloop
  endfacet
  facet normal 0 0 1
    outer loop
      vertex -2.15312 90.3047 27.84
      vertex -76.8047 90.3047 27.84
      vertex -2.07873 90.0968 27.84
    endloop
  endfacet
  facet normal 0 0 1
    outer loop
      vertex -1.42738 -89.2186 27.84
      vertex -76.7079 -90.9579 27.84
      vertex -1.59099 -89.3669 27.84
    endloop
  endfacet
  facet normal 0 0 1
    outer loop
      vertex -76.8047 90.3047 27.84
      vertex -2.15312 90.3047 27.84
      vertex -76.7511 90.5189 27.84
    endloop
  endfacet
  facet normal 0 0 1
    outer loop
      vertex -1.59099 -89.3669 27.84
      vertex -76.7079 -90.9579 27.84
      vertex -1.73927 -89.5305 27.84
    endloop
  endfacet
  facet normal 0 0 1
    outer loop
      vertex -2.20677 90.5189 27.84
      vertex -76.7511 90.5189 27.84
      vertex -2.15312 90.3047 27.84
    endloop
  endfacet
  facet normal 0 0 1
    outer loop
      vertex -1.73927 -89.5305 27.84
      vertex -76.7079 -90.9579 27.84
      vertex -1.87081 -89.7078 27.84
    endloop
  endfacet
  facet normal 0 0 1
    outer loop
      vertex -76.7511 90.5189 27.84
      vertex -2.20677 90.5189 27.84
      vertex -76.7187 90.7373 27.84
    endloop
  endfacet
  facet normal 0 0 1
    outer loop
      vertex -1.87081 -89.7078 27.84
      vertex -76.7079 -90.9579 27.84
      vertex -1.98432 -89.8972 27.84
    endloop
  endfacet
  facet normal 0 0 1
    outer loop
      vertex -2.23917 90.7373 27.84
      vertex -76.7187 90.7373 27.84
      vertex -2.20677 90.5189 27.84
    endloop
  endfacet
  facet normal 0 0 1
    outer loop
      vertex -1.98432 -89.8972 27.84
      vertex -76.7079 -90.9579 27.84
      vertex -2.07873 -90.0968 27.84
    endloop
  endfacet
  facet normal 0 0 1
    outer loop
      vertex -76.7187 90.7373 27.84
      vertex -2.23917 90.7373 27.84
      vertex -76.7079 90.9579 27.84
    endloop
  endfacet
  facet normal 0 0 1
    outer loop
      vertex -2.07873 -90.0968 27.84
      vertex -76.7079 -90.9579 27.84
      vertex -2.15312 -90.3047 27.84
    endloop
  endfacet
  facet normal -0 0 1
    outer loop
      vertex -76.7079 90.9579 27.84
      vertex -2.23917 90.7373 27.84
      vertex -2.25 90.9579 27.84
    endloop
  endfacet
  facet normal 0 0 1
    outer loop
      vertex -2.15312 -90.3047 27.84
      vertex -76.7079 -90.9579 27.84
      vertex -2.20677 -90.5189 27.84
    endloop
  endfacet
  facet normal -0 0 1
    outer loop
      vertex 81.1646 -0.438952 27.84
      vertex 85.9579 -97.9579 27.84
      vertex 81.197 -0.220538 27.84
    endloop
  endfacet
  facet normal 0 0 1
    outer loop
      vertex 85.9579 -97.9579 27.84
      vertex 81.197 -90.7373 27.84
      vertex 81.2079 -90.9579 27.84
    endloop
  endfacet
  facet normal -0 0 1
    outer loop
      vertex 81.111 -0.65314 27.84
      vertex 85.9579 -97.9579 27.84
      vertex 81.1646 -0.438952 27.84
    endloop
  endfacet
  facet normal 0 0 1
    outer loop
      vertex 85.9579 -97.9579 27.84
      vertex 81.1646 -90.5189 27.84
      vertex 81.197 -90.7373 27.84
    endloop
  endfacet
  facet normal -0 0 1
    outer loop
      vertex 81.0366 -0.861037 27.84
      vertex 85.9579 -97.9579 27.84
      vertex 81.111 -0.65314 27.84
    endloop
  endfacet
  facet normal 0 0 1
    outer loop
      vertex 85.9579 -97.9579 27.84
      vertex 81.111 -90.3047 27.84
      vertex 81.1646 -90.5189 27.84
    endloop
  endfacet
  facet normal -0 0 1
    outer loop
      vertex 80.9422 -1.06064 27.84
      vertex 85.9579 -97.9579 27.84
      vertex 81.0366 -0.861037 27.84
    endloop
  endfacet
  facet normal 0 0 1
    outer loop
      vertex 85.9579 -97.9579 27.84
      vertex 81.0366 -90.0968 27.84
      vertex 81.111 -90.3047 27.84
    endloop
  endfacet
  facet normal -0 0 1
    outer loop
      vertex 80.9422 -89.8972 27.84
      vertex 85.9579 -97.9579 27.84
      vertex 80.9422 -1.06064 27.84
    endloop
  endfacet
  facet normal 0 0 1
    outer loop
      vertex 85.9579 -97.9579 27.84
      vertex 80.9422 -89.8972 27.84
      vertex 81.0366 -90.0968 27.84
    endloop
  endfacet
  facet normal -0 0 1
    outer loop
      vertex 80.8287 -1.25003 27.84
      vertex 80.9422 -89.8972 27.84
      vertex 80.9422 -1.06064 27.84
    endloop
  endfacet
  facet normal 0 0 1
    outer loop
      vertex 80.8287 -1.25003 27.84
      vertex 80.8287 -89.7078 27.84
      vertex 80.9422 -89.8972 27.84
    endloop
  endfacet
  facet normal -0 0 1
    outer loop
      vertex 80.6971 -1.42738 27.84
      vertex 80.8287 -89.7078 27.84
      vertex 80.8287 -1.25003 27.84
    endloop
  endfacet
  facet normal 0 0 1
    outer loop
      vertex 80.6971 -1.42738 27.84
      vertex 80.6971 -89.5305 27.84
      vertex 80.8287 -89.7078 27.84
    endloop
  endfacet
  facet normal -0 0 1
    outer loop
      vertex 80.5489 -1.59099 27.84
      vertex 80.6971 -89.5305 27.84
      vertex 80.6971 -1.42738 27.84
    endloop
  endfacet
  facet normal 0 0 1
    outer loop
      vertex 80.5489 -1.59099 27.84
      vertex 80.5489 -89.3669 27.84
      vertex 80.6971 -89.5305 27.84
    endloop
  endfacet
  facet normal -0 0 1
    outer loop
      vertex 80.3852 -1.73927 27.84
      vertex 80.5489 -89.3669 27.84
      vertex 80.5489 -1.59099 27.84
    endloop
  endfacet
  facet normal 0 0 1
    outer loop
      vertex 80.3852 -1.73927 27.84
      vertex 80.3852 -89.2186 27.84
      vertex 80.5489 -89.3669 27.84
    endloop
  endfacet
  facet normal -0 0 1
    outer loop
      vertex 80.2079 -1.87081 27.84
      vertex 80.3852 -89.2186 27.84
      vertex 80.3852 -1.73927 27.84
    endloop
  endfacet
  facet normal 0 0 1
    outer loop
      vertex 80.2079 -1.87081 27.84
      vertex 80.2079 -89.0871 27.84
      vertex 80.3852 -89.2186 27.84
    endloop
  endfacet
  facet normal -0 0 1
    outer loop
      vertex 80.0185 -1.98432 27.84
      vertex 80.2079 -89.0871 27.84
      vertex 80.2079 -1.87081 27.84
    endloop
  endfacet
  facet normal 0 0 1
    outer loop
      vertex 80.0185 -1.98432 27.84
      vertex 80.0185 -88.9735 27.84
      vertex 80.2079 -89.0871 27.84
    endloop
  endfacet
  facet normal -0 0 1
    outer loop
      vertex 79.8189 -2.07873 27.84
      vertex 80.0185 -88.9735 27.84
      vertex 80.0185 -1.98432 27.84
    endloop
  endfacet
  facet normal 0 0 1
    outer loop
      vertex 79.8189 -2.07873 27.84
      vertex 79.8189 -88.8791 27.84
      vertex 80.0185 -88.9735 27.84
    endloop
  endfacet
  facet normal -0 0 1
    outer loop
      vertex 79.611 -2.15312 27.84
      vertex 79.8189 -88.8791 27.84
      vertex 79.8189 -2.07873 27.84
    endloop
  endfacet
  facet normal 0 0 1
    outer loop
      vertex 79.611 -2.15312 27.84
      vertex 79.611 -88.8047 27.84
      vertex 79.8189 -88.8791 27.84
    endloop
  endfacet
  facet normal -0 0 1
    outer loop
      vertex 79.3968 -2.20677 27.84
      vertex 79.611 -88.8047 27.84
      vertex 79.611 -2.15312 27.84
    endloop
  endfacet
  facet normal 0 0 1
    outer loop
      vertex 79.3968 -2.20677 27.84
      vertex 79.3968 -88.7511 27.84
      vertex 79.611 -88.8047 27.84
    endloop
  endfacet
  facet normal -0 0 1
    outer loop
      vertex 79.1784 -2.23917 27.84
      vertex 79.3968 -88.7511 27.84
      vertex 79.3968 -2.20677 27.84
    endloop
  endfacet
  facet normal 0 0 1
    outer loop
      vertex 79.1784 -2.23917 27.84
      vertex 79.1784 -88.7187 27.84
      vertex 79.3968 -88.7511 27.84
    endloop
  endfacet
  facet normal -0 0 1
    outer loop
      vertex 78.9579 -2.25 27.84
      vertex 79.1784 -88.7187 27.84
      vertex 79.1784 -2.23917 27.84
    endloop
  endfacet
  facet normal 0 0 1
    outer loop
      vertex 78.9579 -2.25 27.84
      vertex 78.9579 -88.7079 27.84
      vertex 79.1784 -88.7187 27.84
    endloop
  endfacet
  facet normal 0 0 1
    outer loop
      vertex 78.7373 -2.23917 27.84
      vertex 78.9579 -88.7079 27.84
      vertex 78.9579 -2.25 27.84
    endloop
  endfacet
  facet normal 0 0 1
    outer loop
      vertex 78.7373 -2.23917 27.84
      vertex 78.7373 -88.7187 27.84
      vertex 78.9579 -88.7079 27.84
    endloop
  endfacet
  facet normal 0 0 1
    outer loop
      vertex 78.5189 -2.20677 27.84
      vertex 78.7373 -88.7187 27.84
      vertex 78.7373 -2.23917 27.84
    endloop
  endfacet
  facet normal 0 0 1
    outer loop
      vertex 78.5189 -2.20677 27.84
      vertex 78.5189 -88.7511 27.84
      vertex 78.7373 -88.7187 27.84
    endloop
  endfacet
  facet normal 0 0 1
    outer loop
      vertex 78.3047 -2.15312 27.84
      vertex 78.5189 -88.7511 27.84
      vertex 78.5189 -2.20677 27.84
    endloop
  endfacet
  facet normal 0 0 1
    outer loop
      vertex 78.3047 -2.15312 27.84
      vertex 78.3047 -88.8047 27.84
      vertex 78.5189 -88.7511 27.84
    endloop
  endfacet
  facet normal 0 0 1
    outer loop
      vertex 78.0968 -2.07873 27.84
      vertex 78.3047 -88.8047 27.84
      vertex 78.3047 -2.15312 27.84
    endloop
  endfacet
  facet normal 0 0 1
    outer loop
      vertex 78.0968 -2.07873 27.84
      vertex 78.0968 -88.8791 27.84
      vertex 78.3047 -88.8047 27.84
    endloop
  endfacet
  facet normal 0 0 1
    outer loop
      vertex 77.8972 -1.98432 27.84
      vertex 78.0968 -88.8791 27.84
      vertex 78.0968 -2.07873 27.84
    endloop
  endfacet
  facet normal 0 0 1
    outer loop
      vertex 77.8972 -1.98432 27.84
      vertex 77.8972 -88.9735 27.84
      vertex 78.0968 -88.8791 27.84
    endloop
  endfacet
  facet normal 0 0 1
    outer loop
      vertex 77.7078 -1.87081 27.84
      vertex 77.8972 -88.9735 27.84
      vertex 77.8972 -1.98432 27.84
    endloop
  endfacet
  facet normal 0 0 1
    outer loop
      vertex 77.7078 -1.87081 27.84
      vertex 77.7078 -89.0871 27.84
      vertex 77.8972 -88.9735 27.84
    endloop
  endfacet
  facet normal 0 0 1
    outer loop
      vertex 77.5305 -1.73927 27.84
      vertex 77.7078 -89.0871 27.84
      vertex 77.7078 -1.87081 27.84
    endloop
  endfacet
  facet normal 0 0 1
    outer loop
      vertex 77.5305 -1.73927 27.84
      vertex 77.5305 -89.2186 27.84
      vertex 77.7078 -89.0871 27.84
    endloop
  endfacet
  facet normal 0 0 1
    outer loop
      vertex 2.25 -90.9579 27.84
      vertex 77.5305 -1.73927 27.84
      vertex 77.3669 -1.59099 27.84
    endloop
  endfacet
  facet normal 0 0 1
    outer loop
      vertex 77.5305 -1.73927 27.84
      vertex 2.25 -90.9579 27.84
      vertex 77.5305 -89.2186 27.84
    endloop
  endfacet
  facet normal 0 0 1
    outer loop
      vertex 2.25 -90.9579 27.84
      vertex 77.3669 -1.59099 27.84
      vertex 77.2186 -1.42738 27.84
    endloop
  endfacet
  facet normal 0 0 1
    outer loop
      vertex 77.5305 -89.2186 27.84
      vertex 2.25 -90.9579 27.84
      vertex 77.3669 -89.3669 27.84
    endloop
  endfacet
  facet normal 0 0 1
    outer loop
      vertex 2.25 -90.9579 27.84
      vertex 77.2186 -1.42738 27.84
      vertex 77.0871 -1.25003 27.84
    endloop
  endfacet
  facet normal 0 0 1
    outer loop
      vertex 77.3669 -89.3669 27.84
      vertex 2.25 -90.9579 27.84
      vertex 77.2186 -89.5305 27.84
    endloop
  endfacet
  facet normal 0 0 1
    outer loop
      vertex 2.25 -90.9579 27.84
      vertex 77.0871 -1.25003 27.84
      vertex 76.9735 -1.06064 27.84
    endloop
  endfacet
  facet normal 0 0 1
    outer loop
      vertex 77.2186 -89.5305 27.84
      vertex 2.25 -90.9579 27.84
      vertex 77.0871 -89.7078 27.84
    endloop
  endfacet
  facet normal 0 0 1
    outer loop
      vertex 2.25 -90.9579 27.84
      vertex 76.9735 -1.06064 27.84
      vertex 76.8791 -0.861037 27.84
    endloop
  endfacet
  facet normal 0 0 1
    outer loop
      vertex 77.0871 -89.7078 27.84
      vertex 2.25 -90.9579 27.84
      vertex 76.9735 -89.8972 27.84
    endloop
  endfacet
  facet normal 0 0 1
    outer loop
      vertex 2.25 -90.9579 27.84
      vertex 76.8791 -0.861037 27.84
      vertex 76.8047 -0.65314 27.84
    endloop
  endfacet
  facet normal 0 0 1
    outer loop
      vertex 76.9735 -89.8972 27.84
      vertex 2.25 -90.9579 27.84
      vertex 76.8791 -90.0968 27.84
    endloop
  endfacet
  facet normal 0 0 1
    outer loop
      vertex 2.25 -90.9579 27.84
      vertex 76.8047 -0.65314 27.84
      vertex 76.7511 -0.438952 27.84
    endloop
  endfacet
  facet normal 0 0 1
    outer loop
      vertex 76.8791 -90.0968 27.84
      vertex 2.25 -90.9579 27.84
      vertex 76.8047 -90.3047 27.84
    endloop
  endfacet
  facet normal 0 0 1
    outer loop
      vertex 2.25 -90.9579 27.84
      vertex 76.7511 -0.438952 27.84
      vertex 76.7187 -0.220538 27.84
    endloop
  endfacet
  facet normal 0 0 1
    outer loop
      vertex 76.8047 -90.3047 27.84
      vertex 2.25 -90.9579 27.84
      vertex 76.7511 -90.5189 27.84
    endloop
  endfacet
  facet normal 0 0 1
    outer loop
      vertex 2.25 -90.9579 27.84
      vertex 76.7187 -0.220538 27.84
      vertex 76.7079 0 27.84
    endloop
  endfacet
  facet normal 0 0 1
    outer loop
      vertex 76.7511 -90.5189 27.84
      vertex 2.25 -90.9579 27.84
      vertex 76.7187 -90.7373 27.84
    endloop
  endfacet
  facet normal 0 0 1
    outer loop
      vertex 81.1646 90.5189 27.84
      vertex 85.9579 97.9579 27.84
      vertex 81.197 90.7373 27.84
    endloop
  endfacet
  facet normal 0 0 1
    outer loop
      vertex 85.9579 97.9579 27.84
      vertex 81.197 0.220538 27.84
      vertex 81.2079 0 27.84
    endloop
  endfacet
  facet normal 0 0 1
    outer loop
      vertex 81.111 90.3047 27.84
      vertex 85.9579 97.9579 27.84
      vertex 81.1646 90.5189 27.84
    endloop
  endfacet
  facet normal 0 0 1
    outer loop
      vertex 85.9579 97.9579 27.84
      vertex 81.1646 0.438952 27.84
      vertex 81.197 0.220538 27.84
    endloop
  endfacet
  facet normal 0 0 1
    outer loop
      vertex 81.0366 90.0968 27.84
      vertex 85.9579 97.9579 27.84
      vertex 81.111 90.3047 27.84
    endloop
  endfacet
  facet normal 0 0 1
    outer loop
      vertex 85.9579 97.9579 27.84
      vertex 81.111 0.65314 27.84
      vertex 81.1646 0.438952 27.84
    endloop
  endfacet
  facet normal 0 0 1
    outer loop
      vertex 80.9422 89.8972 27.84
      vertex 85.9579 97.9579 27.84
      vertex 81.0366 90.0968 27.84
    endloop
  endfacet
  facet normal 0 0 1
    outer loop
      vertex 85.9579 97.9579 27.84
      vertex 81.0366 0.861037 27.84
      vertex 81.111 0.65314 27.84
    endloop
  endfacet
  facet normal 0 0 1
    outer loop
      vertex 80.9422 1.06064 27.84
      vertex 85.9579 97.9579 27.84
      vertex 80.9422 89.8972 27.84
    endloop
  endfacet
  facet normal 0 0 1
    outer loop
      vertex 85.9579 97.9579 27.84
      vertex 80.9422 1.06064 27.84
      vertex 81.0366 0.861037 27.84
    endloop
  endfacet
  facet normal -0 0 1
    outer loop
      vertex 80.8287 89.7078 27.84
      vertex 80.9422 1.06064 27.84
      vertex 80.9422 89.8972 27.84
    endloop
  endfacet
  facet normal 0 0 1
    outer loop
      vertex 80.8287 89.7078 27.84
      vertex 80.8287 1.25003 27.84
      vertex 80.9422 1.06064 27.84
    endloop
  endfacet
  facet normal -0 0 1
    outer loop
      vertex 80.6971 89.5305 27.84
      vertex 80.8287 1.25003 27.84
      vertex 80.8287 89.7078 27.84
    endloop
  endfacet
  facet normal 0 0 1
    outer loop
      vertex 80.6971 89.5305 27.84
      vertex 80.6971 1.42738 27.84
      vertex 80.8287 1.25003 27.84
    endloop
  endfacet
  facet normal -0 0 1
    outer loop
      vertex 80.5489 89.3669 27.84
      vertex 80.6971 1.42738 27.84
      vertex 80.6971 89.5305 27.84
    endloop
  endfacet
  facet normal 0 0 1
    outer loop
      vertex 80.5489 89.3669 27.84
      vertex 80.5489 1.59099 27.84
      vertex 80.6971 1.42738 27.84
    endloop
  endfacet
  facet normal -0 0 1
    outer loop
      vertex 80.3852 89.2186 27.84
      vertex 80.5489 1.59099 27.84
      vertex 80.5489 89.3669 27.84
    endloop
  endfacet
  facet normal 0 0 1
    outer loop
      vertex 80.3852 89.2186 27.84
      vertex 80.3852 1.73927 27.84
      vertex 80.5489 1.59099 27.84
    endloop
  endfacet
  facet normal -0 0 1
    outer loop
      vertex 80.2079 89.0871 27.84
      vertex 80.3852 1.73927 27.84
      vertex 80.3852 89.2186 27.84
    endloop
  endfacet
  facet normal 0 0 1
    outer loop
      vertex 80.2079 89.0871 27.84
      vertex 80.2079 1.87081 27.84
      vertex 80.3852 1.73927 27.84
    endloop
  endfacet
  facet normal -0 0 1
    outer loop
      vertex 80.0185 88.9735 27.84
      vertex 80.2079 1.87081 27.84
      vertex 80.2079 89.0871 27.84
    endloop
  endfacet
  facet normal 0 0 1
    outer loop
      vertex 80.0185 88.9735 27.84
      vertex 80.0185 1.98432 27.84
      vertex 80.2079 1.87081 27.84
    endloop
  endfacet
  facet normal -0 0 1
    outer loop
      vertex 79.8189 88.8791 27.84
      vertex 80.0185 1.98432 27.84
      vertex 80.0185 88.9735 27.84
    endloop
  endfacet
  facet normal 0 0 1
    outer loop
      vertex 79.8189 88.8791 27.84
      vertex 79.8189 2.07873 27.84
      vertex 80.0185 1.98432 27.84
    endloop
  endfacet
  facet normal -0 0 1
    outer loop
      vertex 79.611 88.8047 27.84
      vertex 79.8189 2.07873 27.84
      vertex 79.8189 88.8791 27.84
    endloop
  endfacet
  facet normal 0 0 1
    outer loop
      vertex 79.611 88.8047 27.84
      vertex 79.611 2.15312 27.84
      vertex 79.8189 2.07873 27.84
    endloop
  endfacet
  facet normal -0 0 1
    outer loop
      vertex 79.3968 88.7511 27.84
      vertex 79.611 2.15312 27.84
      vertex 79.611 88.8047 27.84
    endloop
  endfacet
  facet normal 0 0 1
    outer loop
      vertex 79.3968 88.7511 27.84
      vertex 79.3968 2.20677 27.84
      vertex 79.611 2.15312 27.84
    endloop
  endfacet
  facet normal -0 0 1
    outer loop
      vertex 79.1784 88.7187 27.84
      vertex 79.3968 2.20677 27.84
      vertex 79.3968 88.7511 27.84
    endloop
  endfacet
  facet normal 0 0 1
    outer loop
      vertex 79.1784 88.7187 27.84
      vertex 79.1784 2.23917 27.84
      vertex 79.3968 2.20677 27.84
    endloop
  endfacet
  facet normal -0 0 1
    outer loop
      vertex 78.9579 88.7079 27.84
      vertex 79.1784 2.23917 27.84
      vertex 79.1784 88.7187 27.84
    endloop
  endfacet
  facet normal 0 0 1
    outer loop
      vertex 78.9579 88.7079 27.84
      vertex 78.9579 2.25 27.84
      vertex 79.1784 2.23917 27.84
    endloop
  endfacet
  facet normal 0 0 1
    outer loop
      vertex 78.7373 88.7187 27.84
      vertex 78.9579 2.25 27.84
      vertex 78.9579 88.7079 27.84
    endloop
  endfacet
  facet normal 0 0 1
    outer loop
      vertex 78.7373 88.7187 27.84
      vertex 78.7373 2.23917 27.84
      vertex 78.9579 2.25 27.84
    endloop
  endfacet
  facet normal 0 0 1
    outer loop
      vertex 78.5189 88.7511 27.84
      vertex 78.7373 2.23917 27.84
      vertex 78.7373 88.7187 27.84
    endloop
  endfacet
  facet normal 0 0 1
    outer loop
      vertex 78.5189 88.7511 27.84
      vertex 78.5189 2.20677 27.84
      vertex 78.7373 2.23917 27.84
    endloop
  endfacet
  facet normal 0 0 1
    outer loop
      vertex 78.3047 88.8047 27.84
      vertex 78.5189 2.20677 27.84
      vertex 78.5189 88.7511 27.84
    endloop
  endfacet
  facet normal 0 0 1
    outer loop
      vertex 78.3047 88.8047 27.84
      vertex 78.3047 2.15312 27.84
      vertex 78.5189 2.20677 27.84
    endloop
  endfacet
  facet normal 0 0 1
    outer loop
      vertex 78.0968 88.8791 27.84
      vertex 78.3047 2.15312 27.84
      vertex 78.3047 88.8047 27.84
    endloop
  endfacet
  facet normal 0 0 1
    outer loop
      vertex 78.0968 88.8791 27.84
      vertex 78.0968 2.07873 27.84
      vertex 78.3047 2.15312 27.84
    endloop
  endfacet
  facet normal 0 0 1
    outer loop
      vertex 77.8972 88.9735 27.84
      vertex 78.0968 2.07873 27.84
      vertex 78.0968 88.8791 27.84
    endloop
  endfacet
  facet normal 0 0 1
    outer loop
      vertex 77.8972 88.9735 27.84
      vertex 77.8972 1.98432 27.84
      vertex 78.0968 2.07873 27.84
    endloop
  endfacet
  facet normal 0 0 1
    outer loop
      vertex 77.7078 89.0871 27.84
      vertex 77.8972 1.98432 27.84
      vertex 77.8972 88.9735 27.84
    endloop
  endfacet
  facet normal 0 0 1
    outer loop
      vertex 77.7078 89.0871 27.84
      vertex 77.7078 1.87081 27.84
      vertex 77.8972 1.98432 27.84
    endloop
  endfacet
  facet normal 0 0 1
    outer loop
      vertex 77.5305 89.2186 27.84
      vertex 77.7078 1.87081 27.84
      vertex 77.7078 89.0871 27.84
    endloop
  endfacet
  facet normal 0 0 1
    outer loop
      vertex 77.5305 89.2186 27.84
      vertex 77.5305 1.73927 27.84
      vertex 77.7078 1.87081 27.84
    endloop
  endfacet
  facet normal 0 0 1
    outer loop
      vertex 76.8791 90.0968 27.84
      vertex 2.07873 90.0968 27.84
      vertex 76.9735 89.8972 27.84
    endloop
  endfacet
  facet normal 0 0 1
    outer loop
      vertex 1.98432 89.8972 27.84
      vertex 76.9735 89.8972 27.84
      vertex 2.07873 90.0968 27.84
    endloop
  endfacet
  facet normal 0 0 1
    outer loop
      vertex 2.07873 90.0968 27.84
      vertex 76.8791 90.0968 27.84
      vertex 2.15312 90.3047 27.84
    endloop
  endfacet
  facet normal 0 0 1
    outer loop
      vertex 76.9735 89.8972 27.84
      vertex 1.98432 89.8972 27.84
      vertex 77.0871 89.7078 27.84
    endloop
  endfacet
  facet normal 0 0 1
    outer loop
      vertex 76.8047 90.3047 27.84
      vertex 2.15312 90.3047 27.84
      vertex 76.8791 90.0968 27.84
    endloop
  endfacet
  facet normal 0 0 1
    outer loop
      vertex 1.87081 89.7078 27.84
      vertex 77.0871 89.7078 27.84
      vertex 1.98432 89.8972 27.84
    endloop
  endfacet
  facet normal 0 0 1
    outer loop
      vertex 2.15312 90.3047 27.84
      vertex 76.8047 90.3047 27.84
      vertex 2.20677 90.5189 27.84
    endloop
  endfacet
  facet normal 0 0 1
    outer loop
      vertex 77.0871 89.7078 27.84
      vertex 1.87081 89.7078 27.84
      vertex 77.2186 89.5305 27.84
    endloop
  endfacet
  facet normal 0 0 1
    outer loop
      vertex 76.7511 90.5189 27.84
      vertex 2.20677 90.5189 27.84
      vertex 76.8047 90.3047 27.84
    endloop
  endfacet
  facet normal 0 0 1
    outer loop
      vertex 1.73927 89.5305 27.84
      vertex 77.2186 89.5305 27.84
      vertex 1.87081 89.7078 27.84
    endloop
  endfacet
  facet normal 0 0 1
    outer loop
      vertex 2.20677 90.5189 27.84
      vertex 76.7511 90.5189 27.84
      vertex 2.23917 90.7373 27.84
    endloop
  endfacet
  facet normal 0 0 1
    outer loop
      vertex 77.2186 89.5305 27.84
      vertex 1.73927 89.5305 27.84
      vertex 77.3669 89.3669 27.84
    endloop
  endfacet
  facet normal 0 0 1
    outer loop
      vertex 76.7187 90.7373 27.84
      vertex 2.23917 90.7373 27.84
      vertex 76.7511 90.5189 27.84
    endloop
  endfacet
  facet normal 0 0 1
    outer loop
      vertex 1.59099 89.3669 27.84
      vertex 77.3669 89.3669 27.84
      vertex 1.73927 89.5305 27.84
    endloop
  endfacet
  facet normal 0 0 1
    outer loop
      vertex 2.23917 90.7373 27.84
      vertex 76.7187 90.7373 27.84
      vertex 2.25 90.9579 27.84
    endloop
  endfacet
  facet normal 0 0 1
    outer loop
      vertex 77.3669 89.3669 27.84
      vertex 1.59099 89.3669 27.84
      vertex 77.5305 89.2186 27.84
    endloop
  endfacet
  facet normal -0 0 1
    outer loop
      vertex 2.25 90.9579 27.84
      vertex 76.7187 90.7373 27.84
      vertex 76.7079 90.9579 27.84
    endloop
  endfacet
  facet normal 0 0 1
    outer loop
      vertex 1.42738 89.2186 27.84
      vertex 77.5305 89.2186 27.84
      vertex 1.59099 89.3669 27.84
    endloop
  endfacet
  facet normal 0 0 1
    outer loop
      vertex 81.197 90.7373 27.84
      vertex 85.9579 97.9579 27.84
      vertex 81.2079 90.9579 27.84
    endloop
  endfacet
  facet normal 0 0 1
    outer loop
      vertex 85.9579 97.9579 27.84
      vertex 81.197 91.1784 27.84
      vertex 81.2079 90.9579 27.84
    endloop
  endfacet
  facet normal 0 0 1
    outer loop
      vertex 85.9579 97.9579 27.84
      vertex 81.1646 91.3968 27.84
      vertex 81.197 91.1784 27.84
    endloop
  endfacet
  facet normal 0 0 1
    outer loop
      vertex 85.9579 97.9579 27.84
      vertex 81.111 91.611 27.84
      vertex 81.1646 91.3968 27.84
    endloop
  endfacet
  facet normal 0 0 1
    outer loop
      vertex 85.9579 97.9579 27.84
      vertex 81.0366 91.8189 27.84
      vertex 81.111 91.611 27.84
    endloop
  endfacet
  facet normal 0 0 1
    outer loop
      vertex 85.9579 97.9579 27.84
      vertex 80.9422 92.0185 27.84
      vertex 81.0366 91.8189 27.84
    endloop
  endfacet
  facet normal 0 0 1
    outer loop
      vertex 85.9579 97.9579 27.84
      vertex 80.8287 92.2079 27.84
      vertex 80.9422 92.0185 27.84
    endloop
  endfacet
  facet normal 0 0 1
    outer loop
      vertex 85.9579 97.9579 27.84
      vertex 80.6971 92.3852 27.84
      vertex 80.8287 92.2079 27.84
    endloop
  endfacet
  facet normal 0 0 1
    outer loop
      vertex 85.9579 97.9579 27.84
      vertex 80.5489 92.5489 27.84
      vertex 80.6971 92.3852 27.84
    endloop
  endfacet
  facet normal 0 0 1
    outer loop
      vertex 85.9579 97.9579 27.84
      vertex 80.3852 92.6971 27.84
      vertex 80.5489 92.5489 27.84
    endloop
  endfacet
  facet normal 0 0 1
    outer loop
      vertex 85.9579 97.9579 27.84
      vertex 80.2079 92.8287 27.84
      vertex 80.3852 92.6971 27.84
    endloop
  endfacet
  facet normal 0 0 1
    outer loop
      vertex 85.9579 97.9579 27.84
      vertex 80.0185 92.9422 27.84
      vertex 80.2079 92.8287 27.84
    endloop
  endfacet
  facet normal 0 0 1
    outer loop
      vertex 85.9579 97.9579 27.84
      vertex 79.8189 93.0366 27.84
      vertex 80.0185 92.9422 27.84
    endloop
  endfacet
  facet normal 0 0 1
    outer loop
      vertex 85.9579 97.9579 27.84
      vertex 79.611 93.111 27.84
      vertex 79.8189 93.0366 27.84
    endloop
  endfacet
  facet normal 0 0 1
    outer loop
      vertex 85.9579 97.9579 27.84
      vertex 79.3968 93.1646 27.84
      vertex 79.611 93.111 27.84
    endloop
  endfacet
  facet normal 0 0 1
    outer loop
      vertex 85.9579 97.9579 27.84
      vertex 79.1784 93.197 27.84
      vertex 79.3968 93.1646 27.84
    endloop
  endfacet
  facet normal 0 0 1
    outer loop
      vertex 85.9579 97.9579 27.84
      vertex 78.9579 93.2079 27.84
      vertex 79.1784 93.197 27.84
    endloop
  endfacet
  facet normal 0 0 1
    outer loop
      vertex 85.9579 97.9579 27.84
      vertex 78.7373 93.197 27.84
      vertex 78.9579 93.2079 27.84
    endloop
  endfacet
  facet normal 0 0 1
    outer loop
      vertex 85.9579 97.9579 27.84
      vertex 78.5189 93.1646 27.84
      vertex 78.7373 93.197 27.84
    endloop
  endfacet
  facet normal 0 0 1
    outer loop
      vertex 85.9579 97.9579 27.84
      vertex 78.3047 93.111 27.84
      vertex 78.5189 93.1646 27.84
    endloop
  endfacet
  facet normal 0 0 1
    outer loop
      vertex 85.9579 97.9579 27.84
      vertex 78.0968 93.0366 27.84
      vertex 78.3047 93.111 27.84
    endloop
  endfacet
  facet normal 0 0 1
    outer loop
      vertex 85.9579 97.9579 27.84
      vertex 77.8972 92.9422 27.84
      vertex 78.0968 93.0366 27.84
    endloop
  endfacet
  facet normal 0 0 1
    outer loop
      vertex 1.06064 92.9422 27.84
      vertex 77.8972 92.9422 27.84
      vertex 85.9579 97.9579 27.84
    endloop
  endfacet
  facet normal 0 0 1
    outer loop
      vertex 77.5305 89.2186 27.84
      vertex 1.42738 89.2186 27.84
      vertex 77.5305 1.73927 27.84
    endloop
  endfacet
  facet normal 0 0 1
    outer loop
      vertex 77.5305 1.73927 27.84
      vertex 1.42738 89.2186 27.84
      vertex 77.3669 1.59099 27.84
    endloop
  endfacet
  facet normal 0 0 1
    outer loop
      vertex 76.7187 91.1784 27.84
      vertex 2.25 90.9579 27.84
      vertex 76.7079 90.9579 27.84
    endloop
  endfacet
  facet normal 0 0 1
    outer loop
      vertex 2.23917 91.1784 27.84
      vertex 76.7187 91.1784 27.84
      vertex 76.7511 91.3968 27.84
    endloop
  endfacet
  facet normal 0 0 1
    outer loop
      vertex 2.20677 91.3968 27.84
      vertex 76.7511 91.3968 27.84
      vertex 76.8047 91.611 27.84
    endloop
  endfacet
  facet normal 0 0 1
    outer loop
      vertex 2.15312 91.611 27.84
      vertex 76.8047 91.611 27.84
      vertex 76.8791 91.8189 27.84
    endloop
  endfacet
  facet normal 0 0 1
    outer loop
      vertex 2.07873 91.8189 27.84
      vertex 76.8791 91.8189 27.84
      vertex 76.9735 92.0185 27.84
    endloop
  endfacet
  facet normal 0 0 1
    outer loop
      vertex 1.98432 92.0185 27.84
      vertex 76.9735 92.0185 27.84
      vertex 77.0871 92.2079 27.84
    endloop
  endfacet
  facet normal 0 0 1
    outer loop
      vertex 1.87081 92.2079 27.84
      vertex 77.0871 92.2079 27.84
      vertex 77.2186 92.3852 27.84
    endloop
  endfacet
  facet normal 0 0 1
    outer loop
      vertex 1.73927 92.3852 27.84
      vertex 77.2186 92.3852 27.84
      vertex 77.3669 92.5489 27.84
    endloop
  endfacet
  facet normal 0 0 1
    outer loop
      vertex 1.59099 92.5489 27.84
      vertex 77.3669 92.5489 27.84
      vertex 77.5305 92.6971 27.84
    endloop
  endfacet
  facet normal 0 0 1
    outer loop
      vertex 1.42738 92.6971 27.84
      vertex 77.5305 92.6971 27.84
      vertex 77.7078 92.8287 27.84
    endloop
  endfacet
  facet normal 0 0 1
    outer loop
      vertex 77.8972 92.9422 27.84
      vertex 1.06064 92.9422 27.84
      vertex 77.7078 92.8287 27.84
    endloop
  endfacet
  facet normal 0 0 1
    outer loop
      vertex 76.7187 91.1784 27.84
      vertex 2.23917 91.1784 27.84
      vertex 2.25 90.9579 27.84
    endloop
  endfacet
  facet normal 0 0 1
    outer loop
      vertex 76.7511 91.3968 27.84
      vertex 2.20677 91.3968 27.84
      vertex 2.23917 91.1784 27.84
    endloop
  endfacet
  facet normal 0 0 1
    outer loop
      vertex 76.8047 91.611 27.84
      vertex 2.15312 91.611 27.84
      vertex 2.20677 91.3968 27.84
    endloop
  endfacet
  facet normal 0 0 1
    outer loop
      vertex 76.8791 91.8189 27.84
      vertex 2.07873 91.8189 27.84
      vertex 2.15312 91.611 27.84
    endloop
  endfacet
  facet normal 0 0 1
    outer loop
      vertex 76.9735 92.0185 27.84
      vertex 1.98432 92.0185 27.84
      vertex 2.07873 91.8189 27.84
    endloop
  endfacet
  facet normal 0 0 1
    outer loop
      vertex 77.0871 92.2079 27.84
      vertex 1.87081 92.2079 27.84
      vertex 1.98432 92.0185 27.84
    endloop
  endfacet
  facet normal 0 0 1
    outer loop
      vertex 77.2186 92.3852 27.84
      vertex 1.73927 92.3852 27.84
      vertex 1.87081 92.2079 27.84
    endloop
  endfacet
  facet normal 0 0 1
    outer loop
      vertex 77.3669 92.5489 27.84
      vertex 1.59099 92.5489 27.84
      vertex 1.73927 92.3852 27.84
    endloop
  endfacet
  facet normal 0 0 1
    outer loop
      vertex 77.5305 92.6971 27.84
      vertex 1.42738 92.6971 27.84
      vertex 1.59099 92.5489 27.84
    endloop
  endfacet
  facet normal 0 0 1
    outer loop
      vertex 77.7078 92.8287 27.84
      vertex 1.25003 92.8287 27.84
      vertex 1.42738 92.6971 27.84
    endloop
  endfacet
  facet normal 0 0 1
    outer loop
      vertex 77.7078 92.8287 27.84
      vertex 1.06064 92.9422 27.84
      vertex 1.25003 92.8287 27.84
    endloop
  endfacet
  facet normal 0 0 1
    outer loop
      vertex 85.9579 97.9579 27.84
      vertex 0.861037 93.0366 27.84
      vertex 1.06064 92.9422 27.84
    endloop
  endfacet
  facet normal 0 0 1
    outer loop
      vertex 85.9579 97.9579 27.84
      vertex 0.65314 93.111 27.84
      vertex 0.861037 93.0366 27.84
    endloop
  endfacet
  facet normal 0 0 1
    outer loop
      vertex 85.9579 97.9579 27.84
      vertex 0.438952 93.1646 27.84
      vertex 0.65314 93.111 27.84
    endloop
  endfacet
  facet normal 0 0 1
    outer loop
      vertex 85.9579 97.9579 27.84
      vertex 0.220538 93.197 27.84
      vertex 0.438952 93.1646 27.84
    endloop
  endfacet
  facet normal 0 0 1
    outer loop
      vertex 85.9579 97.9579 27.84
      vertex 0 93.2079 27.84
      vertex 0.220538 93.197 27.84
    endloop
  endfacet
  facet normal -0 0 1
    outer loop
      vertex -85.9579 97.9579 27.84
      vertex 0 93.2079 27.84
      vertex 85.9579 97.9579 27.84
    endloop
  endfacet
  facet normal 0 0 1
    outer loop
      vertex -76.9735 89.8972 27.84
      vertex -1.98432 89.8972 27.84
      vertex -76.8791 90.0968 27.84
    endloop
  endfacet
  facet normal 0 0 1
    outer loop
      vertex -2.23917 91.1784 27.84
      vertex -76.7079 90.9579 27.84
      vertex -2.25 90.9579 27.84
    endloop
  endfacet
  facet normal 0 0 1
    outer loop
      vertex -76.7187 91.1784 27.84
      vertex -2.23917 91.1784 27.84
      vertex -2.20677 91.3968 27.84
    endloop
  endfacet
  facet normal 0 0 1
    outer loop
      vertex -76.7511 91.3968 27.84
      vertex -2.20677 91.3968 27.84
      vertex -2.15312 91.611 27.84
    endloop
  endfacet
  facet normal 0 0 1
    outer loop
      vertex -76.8047 91.611 27.84
      vertex -2.15312 91.611 27.84
      vertex -2.07873 91.8189 27.84
    endloop
  endfacet
  facet normal 0 0 1
    outer loop
      vertex -76.8791 91.8189 27.84
      vertex -2.07873 91.8189 27.84
      vertex -1.98432 92.0185 27.84
    endloop
  endfacet
  facet normal 0 0 1
    outer loop
      vertex -76.9735 92.0185 27.84
      vertex -1.98432 92.0185 27.84
      vertex -1.87081 92.2079 27.84
    endloop
  endfacet
  facet normal 0 0 1
    outer loop
      vertex -77.0871 92.2079 27.84
      vertex -1.87081 92.2079 27.84
      vertex -1.73927 92.3852 27.84
    endloop
  endfacet
  facet normal 0 0 1
    outer loop
      vertex -77.2186 92.3852 27.84
      vertex -1.73927 92.3852 27.84
      vertex -1.59099 92.5489 27.84
    endloop
  endfacet
  facet normal 0 0 1
    outer loop
      vertex -77.3669 92.5489 27.84
      vertex -1.59099 92.5489 27.84
      vertex -1.42738 92.6971 27.84
    endloop
  endfacet
  facet normal 0 0 1
    outer loop
      vertex -77.5305 92.6971 27.84
      vertex -1.42738 92.6971 27.84
      vertex -1.25003 92.8287 27.84
    endloop
  endfacet
  facet normal 0 0 1
    outer loop
      vertex -77.7078 92.8287 27.84
      vertex -1.25003 92.8287 27.84
      vertex -1.06064 92.9422 27.84
    endloop
  endfacet
  facet normal 0 0 1
    outer loop
      vertex -85.9579 97.9579 27.84
      vertex -1.06064 92.9422 27.84
      vertex -0.861037 93.0366 27.84
    endloop
  endfacet
  facet normal 0 0 1
    outer loop
      vertex -85.9579 97.9579 27.84
      vertex -0.861037 93.0366 27.84
      vertex -0.65314 93.111 27.84
    endloop
  endfacet
  facet normal 0 0 1
    outer loop
      vertex -85.9579 97.9579 27.84
      vertex -0.65314 93.111 27.84
      vertex -0.438952 93.1646 27.84
    endloop
  endfacet
  facet normal 0 0 1
    outer loop
      vertex -85.9579 97.9579 27.84
      vertex -0.438952 93.1646 27.84
      vertex -0.220538 93.197 27.84
    endloop
  endfacet
  facet normal 0 0 1
    outer loop
      vertex 0 93.2079 27.84
      vertex -85.9579 97.9579 27.84
      vertex -0.220538 93.197 27.84
    endloop
  endfacet
  facet normal 0 0 1
    outer loop
      vertex -2.23917 91.1784 27.84
      vertex -76.7187 91.1784 27.84
      vertex -76.7079 90.9579 27.84
    endloop
  endfacet
  facet normal 0 0 1
    outer loop
      vertex -2.20677 91.3968 27.84
      vertex -76.7511 91.3968 27.84
      vertex -76.7187 91.1784 27.84
    endloop
  endfacet
  facet normal 0 0 1
    outer loop
      vertex -2.15312 91.611 27.84
      vertex -76.8047 91.611 27.84
      vertex -76.7511 91.3968 27.84
    endloop
  endfacet
  facet normal 0 0 1
    outer loop
      vertex -2.07873 91.8189 27.84
      vertex -76.8791 91.8189 27.84
      vertex -76.8047 91.611 27.84
    endloop
  endfacet
  facet normal 0 0 1
    outer loop
      vertex -1.98432 92.0185 27.84
      vertex -76.9735 92.0185 27.84
      vertex -76.8791 91.8189 27.84
    endloop
  endfacet
  facet normal 0 0 1
    outer loop
      vertex -1.87081 92.2079 27.84
      vertex -77.0871 92.2079 27.84
      vertex -76.9735 92.0185 27.84
    endloop
  endfacet
  facet normal 0 0 1
    outer loop
      vertex -1.73927 92.3852 27.84
      vertex -77.2186 92.3852 27.84
      vertex -77.0871 92.2079 27.84
    endloop
  endfacet
  facet normal 0 0 1
    outer loop
      vertex -1.59099 92.5489 27.84
      vertex -77.3669 92.5489 27.84
      vertex -77.2186 92.3852 27.84
    endloop
  endfacet
  facet normal 0 0 1
    outer loop
      vertex -1.42738 92.6971 27.84
      vertex -77.5305 92.6971 27.84
      vertex -77.3669 92.5489 27.84
    endloop
  endfacet
  facet normal 0 0 1
    outer loop
      vertex -1.25003 92.8287 27.84
      vertex -77.7078 92.8287 27.84
      vertex -77.5305 92.6971 27.84
    endloop
  endfacet
  facet normal 0 0 1
    outer loop
      vertex -1.06064 92.9422 27.84
      vertex -77.8972 92.9422 27.84
      vertex -77.7078 92.8287 27.84
    endloop
  endfacet
  facet normal 0 0 1
    outer loop
      vertex -1.06064 92.9422 27.84
      vertex -85.9579 97.9579 27.84
      vertex -77.8972 92.9422 27.84
    endloop
  endfacet
  facet normal 0 0 1
    outer loop
      vertex -77.8972 92.9422 27.84
      vertex -85.9579 97.9579 27.84
      vertex -78.0968 93.0366 27.84
    endloop
  endfacet
  facet normal 0 0 1
    outer loop
      vertex -78.0968 93.0366 27.84
      vertex -85.9579 97.9579 27.84
      vertex -78.3047 93.111 27.84
    endloop
  endfacet
  facet normal 0 0 1
    outer loop
      vertex -78.3047 93.111 27.84
      vertex -85.9579 97.9579 27.84
      vertex -78.5189 93.1646 27.84
    endloop
  endfacet
  facet normal 0 0 1
    outer loop
      vertex -78.5189 93.1646 27.84
      vertex -85.9579 97.9579 27.84
      vertex -78.7373 93.197 27.84
    endloop
  endfacet
  facet normal 0 0 1
    outer loop
      vertex -81.197 0.220538 27.84
      vertex -85.9579 97.9579 27.84
      vertex -81.2079 0 27.84
    endloop
  endfacet
  facet normal 0 0 1
    outer loop
      vertex -85.9579 -97.9579 27.84
      vertex -81.2079 0 27.84
      vertex -85.9579 97.9579 27.84
    endloop
  endfacet
  facet normal 0 0 1
    outer loop
      vertex -81.197 91.1784 27.84
      vertex -85.9579 97.9579 27.84
      vertex -81.2079 90.9579 27.84
    endloop
  endfacet
  facet normal 0 0 1
    outer loop
      vertex -81.1646 91.3968 27.84
      vertex -85.9579 97.9579 27.84
      vertex -81.197 91.1784 27.84
    endloop
  endfacet
  facet normal 0 0 1
    outer loop
      vertex -81.111 91.611 27.84
      vertex -85.9579 97.9579 27.84
      vertex -81.1646 91.3968 27.84
    endloop
  endfacet
  facet normal 0 0 1
    outer loop
      vertex -81.0366 91.8189 27.84
      vertex -85.9579 97.9579 27.84
      vertex -81.111 91.611 27.84
    endloop
  endfacet
  facet normal 0 0 1
    outer loop
      vertex -80.9422 92.0185 27.84
      vertex -85.9579 97.9579 27.84
      vertex -81.0366 91.8189 27.84
    endloop
  endfacet
  facet normal 0 0 1
    outer loop
      vertex -80.8287 92.2079 27.84
      vertex -85.9579 97.9579 27.84
      vertex -80.9422 92.0185 27.84
    endloop
  endfacet
  facet normal 0 0 1
    outer loop
      vertex -80.6971 92.3852 27.84
      vertex -85.9579 97.9579 27.84
      vertex -80.8287 92.2079 27.84
    endloop
  endfacet
  facet normal 0 0 1
    outer loop
      vertex -80.5489 92.5489 27.84
      vertex -85.9579 97.9579 27.84
      vertex -80.6971 92.3852 27.84
    endloop
  endfacet
  facet normal 0 0 1
    outer loop
      vertex -80.3852 92.6971 27.84
      vertex -85.9579 97.9579 27.84
      vertex -80.5489 92.5489 27.84
    endloop
  endfacet
  facet normal 0 0 1
    outer loop
      vertex -80.2079 92.8287 27.84
      vertex -85.9579 97.9579 27.84
      vertex -80.3852 92.6971 27.84
    endloop
  endfacet
  facet normal 0 0 1
    outer loop
      vertex -80.0185 92.9422 27.84
      vertex -85.9579 97.9579 27.84
      vertex -80.2079 92.8287 27.84
    endloop
  endfacet
  facet normal 0 0 1
    outer loop
      vertex -79.8189 93.0366 27.84
      vertex -85.9579 97.9579 27.84
      vertex -80.0185 92.9422 27.84
    endloop
  endfacet
  facet normal 0 0 1
    outer loop
      vertex -79.611 93.111 27.84
      vertex -85.9579 97.9579 27.84
      vertex -79.8189 93.0366 27.84
    endloop
  endfacet
  facet normal 0 0 1
    outer loop
      vertex -79.3968 93.1646 27.84
      vertex -85.9579 97.9579 27.84
      vertex -79.611 93.111 27.84
    endloop
  endfacet
  facet normal 0 0 1
    outer loop
      vertex -79.1784 93.197 27.84
      vertex -85.9579 97.9579 27.84
      vertex -79.3968 93.1646 27.84
    endloop
  endfacet
  facet normal 0 0 1
    outer loop
      vertex -78.9579 93.2079 27.84
      vertex -85.9579 97.9579 27.84
      vertex -79.1784 93.197 27.84
    endloop
  endfacet
  facet normal 0 0 1
    outer loop
      vertex -78.7373 93.197 27.84
      vertex -85.9579 97.9579 27.84
      vertex -78.9579 93.2079 27.84
    endloop
  endfacet
  facet normal 0 0 1
    outer loop
      vertex 85.9579 97.9579 27.84
      vertex 81.2079 0 27.84
      vertex 85.9579 -97.9579 27.84
    endloop
  endfacet
  facet normal -0 0 1
    outer loop
      vertex 81.197 -0.220538 27.84
      vertex 85.9579 -97.9579 27.84
      vertex 81.2079 0 27.84
    endloop
  endfacet
  facet normal -0 0 1
    outer loop
      vertex 81.197 -91.1784 27.84
      vertex 85.9579 -97.9579 27.84
      vertex 81.2079 -90.9579 27.84
    endloop
  endfacet
  facet normal -0 0 1
    outer loop
      vertex 81.1646 -91.3968 27.84
      vertex 85.9579 -97.9579 27.84
      vertex 81.197 -91.1784 27.84
    endloop
  endfacet
  facet normal -0 0 1
    outer loop
      vertex 81.111 -91.611 27.84
      vertex 85.9579 -97.9579 27.84
      vertex 81.1646 -91.3968 27.84
    endloop
  endfacet
  facet normal -0 0 1
    outer loop
      vertex 81.0366 -91.8189 27.84
      vertex 85.9579 -97.9579 27.84
      vertex 81.111 -91.611 27.84
    endloop
  endfacet
  facet normal -0 0 1
    outer loop
      vertex 80.9422 -92.0185 27.84
      vertex 85.9579 -97.9579 27.84
      vertex 81.0366 -91.8189 27.84
    endloop
  endfacet
  facet normal -0 0 1
    outer loop
      vertex 80.8287 -92.2079 27.84
      vertex 85.9579 -97.9579 27.84
      vertex 80.9422 -92.0185 27.84
    endloop
  endfacet
  facet normal -0 0 1
    outer loop
      vertex 80.6971 -92.3852 27.84
      vertex 85.9579 -97.9579 27.84
      vertex 80.8287 -92.2079 27.84
    endloop
  endfacet
  facet normal -0 0 1
    outer loop
      vertex 80.5489 -92.5489 27.84
      vertex 85.9579 -97.9579 27.84
      vertex 80.6971 -92.3852 27.84
    endloop
  endfacet
  facet normal -0 0 1
    outer loop
      vertex 80.3852 -92.6971 27.84
      vertex 85.9579 -97.9579 27.84
      vertex 80.5489 -92.5489 27.84
    endloop
  endfacet
  facet normal -0 0 1
    outer loop
      vertex 80.2079 -92.8287 27.84
      vertex 85.9579 -97.9579 27.84
      vertex 80.3852 -92.6971 27.84
    endloop
  endfacet
  facet normal -0 0 1
    outer loop
      vertex 80.0185 -92.9422 27.84
      vertex 85.9579 -97.9579 27.84
      vertex 80.2079 -92.8287 27.84
    endloop
  endfacet
  facet normal -0 0 1
    outer loop
      vertex 79.8189 -93.0366 27.84
      vertex 85.9579 -97.9579 27.84
      vertex 80.0185 -92.9422 27.84
    endloop
  endfacet
  facet normal -0 0 1
    outer loop
      vertex 79.611 -93.111 27.84
      vertex 85.9579 -97.9579 27.84
      vertex 79.8189 -93.0366 27.84
    endloop
  endfacet
  facet normal -0 0 1
    outer loop
      vertex 79.3968 -93.1646 27.84
      vertex 85.9579 -97.9579 27.84
      vertex 79.611 -93.111 27.84
    endloop
  endfacet
  facet normal -0 0 1
    outer loop
      vertex 79.1784 -93.197 27.84
      vertex 85.9579 -97.9579 27.84
      vertex 79.3968 -93.1646 27.84
    endloop
  endfacet
  facet normal -0 0 1
    outer loop
      vertex 78.9579 -93.2079 27.84
      vertex 85.9579 -97.9579 27.84
      vertex 79.1784 -93.197 27.84
    endloop
  endfacet
  facet normal 0 0 1
    outer loop
      vertex 78.7373 -93.197 27.84
      vertex 85.9579 -97.9579 27.84
      vertex 78.9579 -93.2079 27.84
    endloop
  endfacet
  facet normal 0 0 1
    outer loop
      vertex 78.5189 -93.1646 27.84
      vertex 85.9579 -97.9579 27.84
      vertex 78.7373 -93.197 27.84
    endloop
  endfacet
  facet normal 0 0 1
    outer loop
      vertex 78.3047 -93.111 27.84
      vertex 85.9579 -97.9579 27.84
      vertex 78.5189 -93.1646 27.84
    endloop
  endfacet
  facet normal 0 0 1
    outer loop
      vertex 78.0968 -93.0366 27.84
      vertex 85.9579 -97.9579 27.84
      vertex 78.3047 -93.111 27.84
    endloop
  endfacet
  facet normal 0 0 1
    outer loop
      vertex 77.8972 -92.9422 27.84
      vertex 85.9579 -97.9579 27.84
      vertex 78.0968 -93.0366 27.84
    endloop
  endfacet
  facet normal 0 0 1
    outer loop
      vertex 1.06064 -92.9422 27.84
      vertex 77.8972 -92.9422 27.84
      vertex 77.7078 -92.8287 27.84
    endloop
  endfacet
  facet normal 0 0 1
    outer loop
      vertex 76.7187 -90.7373 27.84
      vertex 2.25 -90.9579 27.84
      vertex 76.7079 -90.9579 27.84
    endloop
  endfacet
  facet normal 0 0 1
    outer loop
      vertex 76.7079 -90.9579 27.84
      vertex 2.25 -90.9579 27.84
      vertex 76.7187 -91.1784 27.84
    endloop
  endfacet
  facet normal 0 0 1
    outer loop
      vertex 2.23917 -91.1784 27.84
      vertex 76.7187 -91.1784 27.84
      vertex 2.25 -90.9579 27.84
    endloop
  endfacet
  facet normal 0 0 1
    outer loop
      vertex 76.7187 -91.1784 27.84
      vertex 2.23917 -91.1784 27.84
      vertex 76.7511 -91.3968 27.84
    endloop
  endfacet
  facet normal 0 0 1
    outer loop
      vertex 2.20677 -91.3968 27.84
      vertex 76.7511 -91.3968 27.84
      vertex 2.23917 -91.1784 27.84
    endloop
  endfacet
  facet normal 0 0 1
    outer loop
      vertex 76.7511 -91.3968 27.84
      vertex 2.20677 -91.3968 27.84
      vertex 76.8047 -91.611 27.84
    endloop
  endfacet
  facet normal 0 0 1
    outer loop
      vertex 2.15312 -91.611 27.84
      vertex 76.8047 -91.611 27.84
      vertex 2.20677 -91.3968 27.84
    endloop
  endfacet
  facet normal 0 0 1
    outer loop
      vertex 76.8047 -91.611 27.84
      vertex 2.15312 -91.611 27.84
      vertex 76.8791 -91.8189 27.84
    endloop
  endfacet
  facet normal 0 0 1
    outer loop
      vertex 2.07873 -91.8189 27.84
      vertex 76.8791 -91.8189 27.84
      vertex 2.15312 -91.611 27.84
    endloop
  endfacet
  facet normal 0 0 1
    outer loop
      vertex 76.8791 -91.8189 27.84
      vertex 2.07873 -91.8189 27.84
      vertex 76.9735 -92.0185 27.84
    endloop
  endfacet
  facet normal 0 0 1
    outer loop
      vertex 1.98432 -92.0185 27.84
      vertex 76.9735 -92.0185 27.84
      vertex 2.07873 -91.8189 27.84
    endloop
  endfacet
  facet normal 0 0 1
    outer loop
      vertex 76.9735 -92.0185 27.84
      vertex 1.98432 -92.0185 27.84
      vertex 77.0871 -92.2079 27.84
    endloop
  endfacet
  facet normal 0 0 1
    outer loop
      vertex 1.87081 -92.2079 27.84
      vertex 77.0871 -92.2079 27.84
      vertex 1.98432 -92.0185 27.84
    endloop
  endfacet
  facet normal 0 0 1
    outer loop
      vertex 77.0871 -92.2079 27.84
      vertex 1.87081 -92.2079 27.84
      vertex 77.2186 -92.3852 27.84
    endloop
  endfacet
  facet normal 0 0 1
    outer loop
      vertex 1.73927 -92.3852 27.84
      vertex 77.2186 -92.3852 27.84
      vertex 1.87081 -92.2079 27.84
    endloop
  endfacet
  facet normal 0 0 1
    outer loop
      vertex 77.2186 -92.3852 27.84
      vertex 1.73927 -92.3852 27.84
      vertex 77.3669 -92.5489 27.84
    endloop
  endfacet
  facet normal 0 0 1
    outer loop
      vertex 1.59099 -92.5489 27.84
      vertex 77.3669 -92.5489 27.84
      vertex 1.73927 -92.3852 27.84
    endloop
  endfacet
  facet normal 0 0 1
    outer loop
      vertex 77.3669 -92.5489 27.84
      vertex 1.59099 -92.5489 27.84
      vertex 77.5305 -92.6971 27.84
    endloop
  endfacet
  facet normal 0 0 1
    outer loop
      vertex 1.42738 -92.6971 27.84
      vertex 77.5305 -92.6971 27.84
      vertex 1.59099 -92.5489 27.84
    endloop
  endfacet
  facet normal 0 0 1
    outer loop
      vertex 77.5305 -92.6971 27.84
      vertex 1.42738 -92.6971 27.84
      vertex 77.7078 -92.8287 27.84
    endloop
  endfacet
  facet normal 0 0 1
    outer loop
      vertex 1.25003 -92.8287 27.84
      vertex 77.7078 -92.8287 27.84
      vertex 1.42738 -92.6971 27.84
    endloop
  endfacet
  facet normal 0 0 1
    outer loop
      vertex 1.06064 -92.9422 27.84
      vertex 77.7078 -92.8287 27.84
      vertex 1.25003 -92.8287 27.84
    endloop
  endfacet
  facet normal 0 0 1
    outer loop
      vertex 77.8972 -92.9422 27.84
      vertex 1.06064 -92.9422 27.84
      vertex 85.9579 -97.9579 27.84
    endloop
  endfacet
  facet normal -0 0 1
    outer loop
      vertex 0.861037 -93.0366 27.84
      vertex 85.9579 -97.9579 27.84
      vertex 1.06064 -92.9422 27.84
    endloop
  endfacet
  facet normal -0 0 1
    outer loop
      vertex 0.65314 -93.111 27.84
      vertex 85.9579 -97.9579 27.84
      vertex 0.861037 -93.0366 27.84
    endloop
  endfacet
  facet normal -0 0 1
    outer loop
      vertex 0.438952 -93.1646 27.84
      vertex 85.9579 -97.9579 27.84
      vertex 0.65314 -93.111 27.84
    endloop
  endfacet
  facet normal -0 0 1
    outer loop
      vertex 0.220538 -93.197 27.84
      vertex 85.9579 -97.9579 27.84
      vertex 0.438952 -93.1646 27.84
    endloop
  endfacet
  facet normal -0 0 1
    outer loop
      vertex 0 -93.2079 27.84
      vertex 85.9579 -97.9579 27.84
      vertex 0.220538 -93.197 27.84
    endloop
  endfacet
  facet normal 0 0 1
    outer loop
      vertex -85.9579 -97.9579 27.84
      vertex 0 -93.2079 27.84
      vertex -0.220538 -93.197 27.84
    endloop
  endfacet
  facet normal 0 0 1
    outer loop
      vertex -2.20677 -90.5189 27.84
      vertex -76.7079 -90.9579 27.84
      vertex -2.23917 -90.7373 27.84
    endloop
  endfacet
  facet normal 0 0 1
    outer loop
      vertex -2.23917 -90.7373 27.84
      vertex -76.7079 -90.9579 27.84
      vertex -2.25 -90.9579 27.84
    endloop
  endfacet
  facet normal 0 0 1
    outer loop
      vertex -2.25 -90.9579 27.84
      vertex -76.7079 -90.9579 27.84
      vertex -2.23917 -91.1784 27.84
    endloop
  endfacet
  facet normal 0 0 1
    outer loop
      vertex -76.7187 -91.1784 27.84
      vertex -2.23917 -91.1784 27.84
      vertex -76.7079 -90.9579 27.84
    endloop
  endfacet
  facet normal 0 0 1
    outer loop
      vertex -2.23917 -91.1784 27.84
      vertex -76.7187 -91.1784 27.84
      vertex -2.20677 -91.3968 27.84
    endloop
  endfacet
  facet normal 0 0 1
    outer loop
      vertex -76.7511 -91.3968 27.84
      vertex -2.20677 -91.3968 27.84
      vertex -76.7187 -91.1784 27.84
    endloop
  endfacet
  facet normal 0 0 1
    outer loop
      vertex -2.20677 -91.3968 27.84
      vertex -76.7511 -91.3968 27.84
      vertex -2.15312 -91.611 27.84
    endloop
  endfacet
  facet normal 0 0 1
    outer loop
      vertex -76.8047 -91.611 27.84
      vertex -2.15312 -91.611 27.84
      vertex -76.7511 -91.3968 27.84
    endloop
  endfacet
  facet normal 0 0 1
    outer loop
      vertex -2.15312 -91.611 27.84
      vertex -76.8047 -91.611 27.84
      vertex -2.07873 -91.8189 27.84
    endloop
  endfacet
  facet normal 0 0 1
    outer loop
      vertex -76.8791 -91.8189 27.84
      vertex -2.07873 -91.8189 27.84
      vertex -76.8047 -91.611 27.84
    endloop
  endfacet
  facet normal 0 0 1
    outer loop
      vertex -2.07873 -91.8189 27.84
      vertex -76.8791 -91.8189 27.84
      vertex -1.98432 -92.0185 27.84
    endloop
  endfacet
  facet normal 0 0 1
    outer loop
      vertex -76.9735 -92.0185 27.84
      vertex -1.98432 -92.0185 27.84
      vertex -76.8791 -91.8189 27.84
    endloop
  endfacet
  facet normal 0 0 1
    outer loop
      vertex -1.98432 -92.0185 27.84
      vertex -76.9735 -92.0185 27.84
      vertex -1.87081 -92.2079 27.84
    endloop
  endfacet
  facet normal 0 0 1
    outer loop
      vertex -77.0871 -92.2079 27.84
      vertex -1.87081 -92.2079 27.84
      vertex -76.9735 -92.0185 27.84
    endloop
  endfacet
  facet normal 0 0 1
    outer loop
      vertex -1.87081 -92.2079 27.84
      vertex -77.0871 -92.2079 27.84
      vertex -1.73927 -92.3852 27.84
    endloop
  endfacet
  facet normal 0 0 1
    outer loop
      vertex -77.2186 -92.3852 27.84
      vertex -1.73927 -92.3852 27.84
      vertex -77.0871 -92.2079 27.84
    endloop
  endfacet
  facet normal 0 0 1
    outer loop
      vertex -1.73927 -92.3852 27.84
      vertex -77.2186 -92.3852 27.84
      vertex -1.59099 -92.5489 27.84
    endloop
  endfacet
  facet normal 0 0 1
    outer loop
      vertex -77.3669 -92.5489 27.84
      vertex -1.59099 -92.5489 27.84
      vertex -77.2186 -92.3852 27.84
    endloop
  endfacet
  facet normal 0 0 1
    outer loop
      vertex -1.59099 -92.5489 27.84
      vertex -77.3669 -92.5489 27.84
      vertex -1.42738 -92.6971 27.84
    endloop
  endfacet
  facet normal 0 0 1
    outer loop
      vertex -77.5305 -92.6971 27.84
      vertex -1.42738 -92.6971 27.84
      vertex -77.3669 -92.5489 27.84
    endloop
  endfacet
  facet normal 0 0 1
    outer loop
      vertex -1.42738 -92.6971 27.84
      vertex -77.5305 -92.6971 27.84
      vertex -1.25003 -92.8287 27.84
    endloop
  endfacet
  facet normal 0 0 1
    outer loop
      vertex -77.7078 -92.8287 27.84
      vertex -1.25003 -92.8287 27.84
      vertex -77.5305 -92.6971 27.84
    endloop
  endfacet
  facet normal 0 0 1
    outer loop
      vertex -1.25003 -92.8287 27.84
      vertex -77.7078 -92.8287 27.84
      vertex -1.06064 -92.9422 27.84
    endloop
  endfacet
  facet normal 0 0 1
    outer loop
      vertex -77.8972 -92.9422 27.84
      vertex -1.06064 -92.9422 27.84
      vertex -77.7078 -92.8287 27.84
    endloop
  endfacet
  facet normal 0 0 1
    outer loop
      vertex -85.9579 -97.9579 27.84
      vertex -1.06064 -92.9422 27.84
      vertex -77.8972 -92.9422 27.84
    endloop
  endfacet
  facet normal 0 0 1
    outer loop
      vertex -1.06064 -92.9422 27.84
      vertex -85.9579 -97.9579 27.84
      vertex -0.861037 -93.0366 27.84
    endloop
  endfacet
  facet normal 0 0 1
    outer loop
      vertex -0.861037 -93.0366 27.84
      vertex -85.9579 -97.9579 27.84
      vertex -0.65314 -93.111 27.84
    endloop
  endfacet
  facet normal 0 0 1
    outer loop
      vertex -0.65314 -93.111 27.84
      vertex -85.9579 -97.9579 27.84
      vertex -0.438952 -93.1646 27.84
    endloop
  endfacet
  facet normal 0 0 1
    outer loop
      vertex -0.438952 -93.1646 27.84
      vertex -85.9579 -97.9579 27.84
      vertex -0.220538 -93.197 27.84
    endloop
  endfacet
  facet normal 0 0 1
    outer loop
      vertex -85.9579 -97.9579 27.84
      vertex -77.8972 -92.9422 27.84
      vertex -78.0968 -93.0366 27.84
    endloop
  endfacet
  facet normal 0 0 1
    outer loop
      vertex -85.9579 -97.9579 27.84
      vertex -78.0968 -93.0366 27.84
      vertex -78.3047 -93.111 27.84
    endloop
  endfacet
  facet normal 0 0 1
    outer loop
      vertex -85.9579 -97.9579 27.84
      vertex -78.3047 -93.111 27.84
      vertex -78.5189 -93.1646 27.84
    endloop
  endfacet
  facet normal 0 0 1
    outer loop
      vertex -85.9579 -97.9579 27.84
      vertex -78.5189 -93.1646 27.84
      vertex -78.7373 -93.197 27.84
    endloop
  endfacet
  facet normal 0 0 1
    outer loop
      vertex -85.9579 -97.9579 27.84
      vertex -78.7373 -93.197 27.84
      vertex -78.9579 -93.2079 27.84
    endloop
  endfacet
  facet normal 0 0 1
    outer loop
      vertex 0 -93.2079 27.84
      vertex -85.9579 -97.9579 27.84
      vertex 85.9579 -97.9579 27.84
    endloop
  endfacet
  facet normal 0 0 1
    outer loop
      vertex -79.1784 -93.197 27.84
      vertex -85.9579 -97.9579 27.84
      vertex -78.9579 -93.2079 27.84
    endloop
  endfacet
  facet normal 0 0 1
    outer loop
      vertex -79.3968 -93.1646 27.84
      vertex -85.9579 -97.9579 27.84
      vertex -79.1784 -93.197 27.84
    endloop
  endfacet
  facet normal 0 0 1
    outer loop
      vertex -79.611 -93.111 27.84
      vertex -85.9579 -97.9579 27.84
      vertex -79.3968 -93.1646 27.84
    endloop
  endfacet
  facet normal 0 0 1
    outer loop
      vertex -79.8189 -93.0366 27.84
      vertex -85.9579 -97.9579 27.84
      vertex -79.611 -93.111 27.84
    endloop
  endfacet
  facet normal 0 0 1
    outer loop
      vertex -80.0185 -92.9422 27.84
      vertex -85.9579 -97.9579 27.84
      vertex -79.8189 -93.0366 27.84
    endloop
  endfacet
  facet normal 0 0 1
    outer loop
      vertex -80.2079 -92.8287 27.84
      vertex -85.9579 -97.9579 27.84
      vertex -80.0185 -92.9422 27.84
    endloop
  endfacet
  facet normal 0 0 1
    outer loop
      vertex -80.3852 -92.6971 27.84
      vertex -85.9579 -97.9579 27.84
      vertex -80.2079 -92.8287 27.84
    endloop
  endfacet
  facet normal 0 0 1
    outer loop
      vertex -80.5489 -92.5489 27.84
      vertex -85.9579 -97.9579 27.84
      vertex -80.3852 -92.6971 27.84
    endloop
  endfacet
  facet normal 0 0 1
    outer loop
      vertex -80.6971 -92.3852 27.84
      vertex -85.9579 -97.9579 27.84
      vertex -80.5489 -92.5489 27.84
    endloop
  endfacet
  facet normal 0 0 1
    outer loop
      vertex -80.8287 -92.2079 27.84
      vertex -85.9579 -97.9579 27.84
      vertex -80.6971 -92.3852 27.84
    endloop
  endfacet
  facet normal 0 0 1
    outer loop
      vertex -80.9422 -92.0185 27.84
      vertex -85.9579 -97.9579 27.84
      vertex -80.8287 -92.2079 27.84
    endloop
  endfacet
  facet normal 0 0 1
    outer loop
      vertex -81.0366 -91.8189 27.84
      vertex -85.9579 -97.9579 27.84
      vertex -80.9422 -92.0185 27.84
    endloop
  endfacet
  facet normal 0 0 1
    outer loop
      vertex -81.111 -91.611 27.84
      vertex -85.9579 -97.9579 27.84
      vertex -81.0366 -91.8189 27.84
    endloop
  endfacet
  facet normal 0 0 1
    outer loop
      vertex -81.1646 -91.3968 27.84
      vertex -85.9579 -97.9579 27.84
      vertex -81.111 -91.611 27.84
    endloop
  endfacet
  facet normal 0 0 1
    outer loop
      vertex -81.197 -91.1784 27.84
      vertex -85.9579 -97.9579 27.84
      vertex -81.1646 -91.3968 27.84
    endloop
  endfacet
  facet normal 0 0 1
    outer loop
      vertex -81.2079 -90.9579 27.84
      vertex -85.9579 -97.9579 27.84
      vertex -81.197 -91.1784 27.84
    endloop
  endfacet
  facet normal 0 0 1
    outer loop
      vertex -81.197 -90.7373 27.84
      vertex -85.9579 -97.9579 27.84
      vertex -81.2079 -90.9579 27.84
    endloop
  endfacet
endsolid OpenSCAD_Model
