solid OpenSCAD_Model
  facet normal -0.982853 0.0706226 0.170332
    outer loop
      vertex -45.126 62.534 6
      vertex -45.1802 61.7797 6
      vertex -43.9855 61.4991 13.01
    endloop
  endfacet
  facet normal 0.982856 -0.0705897 0.170328
    outer loop
      vertex 43.9421 1.44663 13.01
      vertex 45.126 1.01601 6
      vertex 43.9855 2.05091 13.01
    endloop
  endfacet
  facet normal 0.986037 0 0.166529
    outer loop
      vertex 45.126 1.01601 6
      vertex 43.9421 1.44663 13.01
      vertex 45.126 1.01515 6
    endloop
  endfacet
  facet normal 0 0.985702 0.168497
    outer loop
      vertex 39.2 66.3733 6
      vertex -39.2 65.175 13.01
      vertex 39.2 65.175 13.01
    endloop
  endfacet
  facet normal 0 0.985702 0.168497
    outer loop
      vertex -39.2 65.175 13.01
      vertex 39.2 66.3733 6
      vertex -39.2 66.3733 6
    endloop
  endfacet
  facet normal -0.985702 0 0.168497
    outer loop
      vertex -44 60.375 13.01
      vertex -45.1983 60.3766 6
      vertex -45.1983 60.375 6
    endloop
  endfacet
  facet normal -0.985622 0.0127137 0.168487
    outer loop
      vertex -45.1983 60.3766 6
      vertex -44 60.375 13.01
      vertex -43.9855 61.4991 13.01
    endloop
  endfacet
  facet normal -0.880823 -0.435502 0.185712
    outer loop
      vertex -44.7452 -0.573815 6
      vertex -43.4771 -0.149316 13.01
      vertex -43.6375 0.1751 13.01
    endloop
  endfacet
  facet normal -0.90156 -0.390286 0.186725
    outer loop
      vertex -43.4771 -0.149316 13.01
      vertex -44.7452 -0.573815 6
      vertex -44.745 -0.574277 6
    endloop
  endfacet
  facet normal 0.435514 0.880817 0.185711
    outer loop
      vertex 42.9488 65.9202 6
      vertex 42.1999 64.8125 13.01
      vertex 43.3537 65.72 6
    endloop
  endfacet
  facet normal 0.974183 -0.144537 0.173424
    outer loop
      vertex 43.8698 0.959326 13.01
      vertex 45.126 1.01515 6
      vertex 43.9421 1.44663 13.01
    endloop
  endfacet
  facet normal 0.974919 -0.139274 0.173597
    outer loop
      vertex 45.126 1.01515 6
      vertex 43.8698 0.959326 13.01
      vertex 45.1259 1.01445 6
    endloop
  endfacet
  facet normal 0.985622 -0.0127143 0.168487
    outer loop
      vertex 45.1983 3.17341 6
      vertex 43.9855 2.05091 13.01
      vertex 45.1802 1.77029 6
    endloop
  endfacet
  facet normal 0.589451 0.785935 0.186693
    outer loop
      vertex 43.3542 65.7198 6
      vertex 42.8117 64.4615 13.01
      vertex 43.3546 65.7195 6
    endloop
  endfacet
  facet normal 0.542542 0.818512 0.18891
    outer loop
      vertex 42.8117 64.4615 13.01
      vertex 43.3542 65.7198 6
      vertex 42.5243 64.652 13.01
    endloop
  endfacet
  facet normal 0.818379 -0.54274 0.188915
    outer loop
      vertex 43.2865 -0.436715 13.01
      vertex 44.307 -1.33796 6
      vertex 43.4771 -0.149316 13.01
    endloop
  endfacet
  facet normal 0.792347 -0.579766 0.189886
    outer loop
      vertex 44.307 -1.33796 6
      vertex 43.2865 -0.436715 13.01
      vertex 44.3067 -1.33837 6
    endloop
  endfacet
  facet normal 0.232339 -0.956325 0.177372
    outer loop
      vertex 41.9688 -2.66053 6
      vertex 41.8334 -1.39326 13.01
      vertex 41.4157 -1.49474 13.01
    endloop
  endfacet
  facet normal 0.223618 -0.958365 0.177573
    outer loop
      vertex 41.8334 -1.39326 13.01
      vertex 41.9688 -2.66053 6
      vertex 41.9694 -2.66039 6
    endloop
  endfacet
  facet normal 0.232384 -0.956314 0.177372
    outer loop
      vertex 42.4908 -2.53369 6
      vertex 41.8334 -1.39326 13.01
      vertex 41.9694 -2.66039 6
    endloop
  endfacet
  facet normal 0.365168 0.91292 0.182292
    outer loop
      vertex 43.3537 65.72 6
      vertex 42.5243 64.652 13.01
      vertex 43.3542 65.7198 6
    endloop
  endfacet
  facet normal 0.435736 0.880703 0.185733
    outer loop
      vertex 42.5243 64.652 13.01
      vertex 43.3537 65.72 6
      vertex 42.1999 64.8125 13.01
    endloop
  endfacet
  facet normal -0.232384 -0.956314 0.177372
    outer loop
      vertex -41.8334 -1.39326 13.01
      vertex -42.4908 -2.53369 6
      vertex -41.9694 -2.66039 6
    endloop
  endfacet
  facet normal 0.0126724 -0.985623 0.168483
    outer loop
      vertex 39.2 -1.62499 13.01
      vertex 39.2 -2.82328 6
      vertex 40.6031 -2.80524 6
    endloop
  endfacet
  facet normal 0.818502 -0.54256 0.1889
    outer loop
      vertex 44.5448 -0.979217 6
      vertex 43.4771 -0.149316 13.01
      vertex 44.307 -1.33796 6
    endloop
  endfacet
  facet normal -0.92623 -0.330295 0.18167
    outer loop
      vertex -44.9087 -0.1158 6
      vertex -43.6375 0.1751 13.01
      vertex -43.7682 0.541616 13.01
    endloop
  endfacet
  facet normal -0.926121 -0.330602 0.181663
    outer loop
      vertex -43.6375 0.1751 13.01
      vertex -44.9087 -0.1158 6
      vertex -44.7452 -0.573815 6
    endloop
  endfacet
  facet normal -0.818502 -0.54256 0.1889
    outer loop
      vertex -43.4771 -0.149316 13.01
      vertex -44.5448 -0.979217 6
      vertex -44.307 -1.33796 6
    endloop
  endfacet
  facet normal 0.956261 -0.232592 0.177387
    outer loop
      vertex 43.7682 0.541616 13.01
      vertex 44.9088 -0.115205 6
      vertex 43.8698 0.959326 13.01
    endloop
  endfacet
  facet normal 0.971243 -0.163234 0.173326
    outer loop
      vertex 44.9088 -0.115205 6
      vertex 43.7682 0.541616 13.01
      vertex 44.9087 -0.1158 6
    endloop
  endfacet
  facet normal 0.6946 0.6946 0.187245
    outer loop
      vertex 43.0652 64.2402 13.01
      vertex 44.3067 64.8884 6
      vertex 44.3064 64.8887 6
    endloop
  endfacet
  facet normal 0.739511 0.645577 0.190666
    outer loop
      vertex 44.3067 64.8884 6
      vertex 43.0652 64.2402 13.01
      vertex 43.2865 63.9867 13.01
    endloop
  endfacet
  facet normal 0.645724 -0.739385 0.190657
    outer loop
      vertex 44.0301 -1.65508 6
      vertex 43.0652 -0.690164 13.01
      vertex 43.7137 -1.9314 6
    endloop
  endfacet
  facet normal 0.880816 0.435513 0.185718
    outer loop
      vertex 44.5448 64.5292 6
      vertex 43.4771 63.6993 13.01
      vertex 44.745 64.1243 6
    endloop
  endfacet
  facet normal 0.0705873 -0.982856 0.17033
    outer loop
      vertex 40.6047 -2.80522 6
      vertex 40.9284 -1.56713 13.01
      vertex 40.3241 -1.61053 13.01
    endloop
  endfacet
  facet normal 0.0655437 -0.983155 0.170616
    outer loop
      vertex 40.9284 -1.56713 13.01
      vertex 40.6047 -2.80522 6
      vertex 40.6056 -2.80516 6
    endloop
  endfacet
  facet normal 0.5425 -0.81854 0.188906
    outer loop
      vertex 43.7134 -1.93172 6
      vertex 42.8117 -0.911538 13.01
      vertex 43.3546 -2.16952 6
    endloop
  endfacet
  facet normal -0.985622 0.0127145 0.168486
    outer loop
      vertex -45.1802 61.7797 6
      vertex -45.1983 60.3766 6
      vertex -43.9855 61.4991 13.01
    endloop
  endfacet
  facet normal -0.435736 0.880703 0.185733
    outer loop
      vertex -43.3537 65.72 6
      vertex -42.5243 64.652 13.01
      vertex -42.1999 64.8125 13.01
    endloop
  endfacet
  facet normal -0.365168 0.91292 0.182292
    outer loop
      vertex -42.5243 64.652 13.01
      vertex -43.3537 65.72 6
      vertex -43.3542 65.7198 6
    endloop
  endfacet
  facet normal -0.912083 0.364833 0.187088
    outer loop
      vertex -44.7452 64.1238 6
      vertex -43.4771 63.6993 13.01
      vertex -44.745 64.1243 6
    endloop
  endfacet
  facet normal -0.880814 0.43552 0.185712
    outer loop
      vertex -43.4771 63.6993 13.01
      vertex -44.7452 64.1238 6
      vertex -43.6375 63.3749 13.01
    endloop
  endfacet
  facet normal -0.0705873 0.982855 0.170332
    outer loop
      vertex -40.6047 66.3552 6
      vertex -40.9284 65.1171 13.01
      vertex -40.3241 65.1605 13.01
    endloop
  endfacet
  facet normal 0 0.984759 0.173927
    outer loop
      vertex -40.9284 65.1171 13.01
      vertex -40.6047 66.3552 6
      vertex -40.6056 66.3552 6
    endloop
  endfacet
  facet normal 0.985702 0 0.168497
    outer loop
      vertex 44 3.17501 13.01
      vertex 45.1983 3.17341 6
      vertex 45.1983 3.17501 6
    endloop
  endfacet
  facet normal 0.985622 -0.0127137 0.168487
    outer loop
      vertex 45.1983 3.17341 6
      vertex 44 3.17501 13.01
      vertex 43.9855 2.05091 13.01
    endloop
  endfacet
  facet normal -0.956317 -0.23238 0.177363
    outer loop
      vertex -43.8698 0.959326 13.01
      vertex -45.0355 0.406206 6
      vertex -44.9088 -0.115205 6
    endloop
  endfacet
  facet normal -0.985622 -0.0127143 0.168487
    outer loop
      vertex -43.9855 2.05091 13.01
      vertex -45.1983 3.17341 6
      vertex -45.1802 1.77029 6
    endloop
  endfacet
  facet normal -0.223618 -0.958365 0.177573
    outer loop
      vertex -41.9688 -2.66053 6
      vertex -41.8334 -1.39326 13.01
      vertex -41.9694 -2.66039 6
    endloop
  endfacet
  facet normal -0.232339 -0.956325 0.177372
    outer loop
      vertex -41.8334 -1.39326 13.01
      vertex -41.9688 -2.66053 6
      vertex -41.4157 -1.49474 13.01
    endloop
  endfacet
  facet normal 0.956317 -0.23238 0.177363
    outer loop
      vertex 45.0355 0.406206 6
      vertex 43.8698 0.959326 13.01
      vertex 44.9088 -0.115205 6
    endloop
  endfacet
  facet normal -0.986037 0 0.166529
    outer loop
      vertex -45.126 62.534 6
      vertex -43.9421 62.1034 13.01
      vertex -45.126 62.5349 6
    endloop
  endfacet
  facet normal -0.982856 0.0705874 0.170328
    outer loop
      vertex -43.9421 62.1034 13.01
      vertex -45.126 62.534 6
      vertex -43.9855 61.4991 13.01
    endloop
  endfacet
  facet normal 0.232384 0.956315 0.177368
    outer loop
      vertex 41.9694 66.2104 6
      vertex 41.8334 64.9433 13.01
      vertex 42.4908 66.0837 6
    endloop
  endfacet
  facet normal 0.0127145 0.985622 0.168484
    outer loop
      vertex 39.2 66.3733 6
      vertex 39.2 65.175 13.01
      vertex 40.6031 66.3552 6
    endloop
  endfacet
  facet normal -0.232166 0.956368 0.177367
    outer loop
      vertex -41.9688 66.2105 6
      vertex -41.8334 64.9433 13.01
      vertex -41.4157 65.0447 13.01
    endloop
  endfacet
  facet normal -0.161757 0.97054 0.178569
    outer loop
      vertex -41.8334 64.9433 13.01
      vertex -41.9688 66.2105 6
      vertex -41.9694 66.2104 6
    endloop
  endfacet
  facet normal -0.139286 -0.974999 0.173136
    outer loop
      vertex -41.9681 -2.66063 6
      vertex -41.4157 -1.49474 13.01
      vertex -41.9688 -2.66053 6
    endloop
  endfacet
  facet normal -0.144714 -0.974157 0.173424
    outer loop
      vertex -41.4157 -1.49474 13.01
      vertex -41.9681 -2.66063 6
      vertex -40.9284 -1.56713 13.01
    endloop
  endfacet
  facet normal 0.985702 -0 0.168497
    outer loop
      vertex 44 3.17501 13.01
      vertex 45.1983 60.375 6
      vertex 44 60.375 13.01
    endloop
  endfacet
  facet normal 0.985702 0 0.168497
    outer loop
      vertex 45.1983 60.375 6
      vertex 44 3.17501 13.01
      vertex 45.1983 3.17501 6
    endloop
  endfacet
  facet normal -0.563235 -0.804622 0.188014
    outer loop
      vertex -43.3542 -2.1698 6
      vertex -42.8117 -0.911538 13.01
      vertex -43.3546 -2.16952 6
    endloop
  endfacet
  facet normal -0.542546 -0.81851 0.188906
    outer loop
      vertex -42.8117 -0.911538 13.01
      vertex -43.3542 -2.1698 6
      vertex -42.5243 -1.10204 13.01
    endloop
  endfacet
  facet normal 0.330612 0.926118 0.181663
    outer loop
      vertex 42.4908 66.0837 6
      vertex 42.1999 64.8125 13.01
      vertex 42.9488 65.9202 6
    endloop
  endfacet
  facet normal 0.330532 0.926146 0.181665
    outer loop
      vertex 42.1999 64.8125 13.01
      vertex 42.4908 66.0837 6
      vertex 41.8334 64.9433 13.01
    endloop
  endfacet
  facet normal 0.5425 0.81854 0.188908
    outer loop
      vertex 43.3546 65.7195 6
      vertex 42.8117 64.4615 13.01
      vertex 43.7134 65.4817 6
    endloop
  endfacet
  facet normal -0.974148 -0.144782 0.173416
    outer loop
      vertex -43.8698 0.959326 13.01
      vertex -45.1259 1.01445 6
      vertex -45.0355 0.406206 6
    endloop
  endfacet
  facet normal 0.985622 0.0127137 0.168487
    outer loop
      vertex 44 60.375 13.01
      vertex 45.1983 60.3766 6
      vertex 43.9855 61.4991 13.01
    endloop
  endfacet
  facet normal 0.985702 0 0.168497
    outer loop
      vertex 45.1983 60.3766 6
      vertex 44 60.375 13.01
      vertex 45.1983 60.375 6
    endloop
  endfacet
  facet normal 0.982852 -0.0706244 0.170333
    outer loop
      vertex 45.1802 1.77029 6
      vertex 43.9855 2.05091 13.01
      vertex 45.126 1.01601 6
    endloop
  endfacet
  facet normal 0.971553 0.161926 0.172814
    outer loop
      vertex 43.8698 62.5907 13.01
      vertex 45.126 62.5349 6
      vertex 45.1259 62.5355 6
    endloop
  endfacet
  facet normal 0.974183 0.144538 0.173424
    outer loop
      vertex 45.126 62.5349 6
      vertex 43.8698 62.5907 13.01
      vertex 43.9421 62.1034 13.01
    endloop
  endfacet
  facet normal 0.97415 0.144769 0.173415
    outer loop
      vertex 45.0355 63.1438 6
      vertex 43.8698 62.5907 13.01
      vertex 45.1259 62.5355 6
    endloop
  endfacet
  facet normal -0.645724 -0.739385 0.190657
    outer loop
      vertex -43.0652 -0.690164 13.01
      vertex -44.0301 -1.65508 6
      vertex -43.7137 -1.9314 6
    endloop
  endfacet
  facet normal 0.6457 -0.739404 0.190664
    outer loop
      vertex 43.7134 -1.93172 6
      vertex 43.0652 -0.690164 13.01
      vertex 42.8117 -0.911538 13.01
    endloop
  endfacet
  facet normal 0.716899 -0.672093 0.185326
    outer loop
      vertex 43.0652 -0.690164 13.01
      vertex 43.7134 -1.93172 6
      vertex 43.7137 -1.9314 6
    endloop
  endfacet
  facet normal 0 -0.985702 0.168496
    outer loop
      vertex -39.2 -2.82328 6
      vertex 39.2 -1.62499 13.01
      vertex -39.2 -1.62499 13.01
    endloop
  endfacet
  facet normal 0 -0.985702 0.168496
    outer loop
      vertex 39.2 -1.62499 13.01
      vertex -39.2 -2.82328 6
      vertex 39.2 -2.82328 6
    endloop
  endfacet
  facet normal 0.974148 -0.144782 0.173416
    outer loop
      vertex 45.1259 1.01445 6
      vertex 43.8698 0.959326 13.01
      vertex 45.0355 0.406206 6
    endloop
  endfacet
  facet normal 0.985622 0.0127145 0.168486
    outer loop
      vertex 45.1802 61.7797 6
      vertex 43.9855 61.4991 13.01
      vertex 45.1983 60.3766 6
    endloop
  endfacet
  facet normal 0.785415 0.589062 0.190077
    outer loop
      vertex 43.2865 63.9867 13.01
      vertex 44.307 64.888 6
      vertex 44.3067 64.8884 6
    endloop
  endfacet
  facet normal 0.818379 0.542739 0.18892
    outer loop
      vertex 44.307 64.888 6
      vertex 43.2865 63.9867 13.01
      vertex 43.4771 63.6993 13.01
    endloop
  endfacet
  facet normal -0.956261 -0.232592 0.177387
    outer loop
      vertex -44.9088 -0.115205 6
      vertex -43.7682 0.541616 13.01
      vertex -43.8698 0.959326 13.01
    endloop
  endfacet
  facet normal -0.971243 -0.163234 0.173326
    outer loop
      vertex -43.7682 0.541616 13.01
      vertex -44.9088 -0.115205 6
      vertex -44.9087 -0.1158 6
    endloop
  endfacet
  facet normal -0.0705873 -0.982855 0.170331
    outer loop
      vertex -40.6056 -2.80516 6
      vertex -40.3241 -1.61053 13.01
      vertex -40.9284 -1.56713 13.01
    endloop
  endfacet
  facet normal -0.0655486 -0.983228 0.170192
    outer loop
      vertex -40.3241 -1.61053 13.01
      vertex -40.6056 -2.80516 6
      vertex -40.6047 -2.80522 6
    endloop
  endfacet
  facet normal 0.161757 0.97054 0.178569
    outer loop
      vertex 41.9688 66.2105 6
      vertex 41.8334 64.9433 13.01
      vertex 41.9694 66.2104 6
    endloop
  endfacet
  facet normal 0.232166 0.956368 0.177367
    outer loop
      vertex 41.8334 64.9433 13.01
      vertex 41.9688 66.2105 6
      vertex 41.4157 65.0447 13.01
    endloop
  endfacet
  facet normal -0.818379 -0.54274 0.188915
    outer loop
      vertex -44.307 -1.33796 6
      vertex -43.2865 -0.436715 13.01
      vertex -43.4771 -0.149316 13.01
    endloop
  endfacet
  facet normal -0.792347 -0.579766 0.189886
    outer loop
      vertex -43.2865 -0.436715 13.01
      vertex -44.307 -1.33796 6
      vertex -44.3067 -1.33837 6
    endloop
  endfacet
  facet normal -0.985702 0 0.168497
    outer loop
      vertex -45.1983 3.17341 6
      vertex -44 3.17501 13.01
      vertex -45.1983 3.17501 6
    endloop
  endfacet
  facet normal -0.985622 -0.0127137 0.168487
    outer loop
      vertex -44 3.17501 13.01
      vertex -45.1983 3.17341 6
      vertex -43.9855 2.05091 13.01
    endloop
  endfacet
  facet normal -0.0123204 -0.98563 0.168471
    outer loop
      vertex -40.6031 -2.80524 6
      vertex -40.3241 -1.61053 13.01
      vertex -40.6047 -2.80522 6
    endloop
  endfacet
  facet normal -0.0126787 -0.985623 0.168484
    outer loop
      vertex -40.3241 -1.61053 13.01
      vertex -40.6031 -2.80524 6
      vertex -39.2 -1.62499 13.01
    endloop
  endfacet
  facet normal -0.645577 0.739511 0.190666
    outer loop
      vertex -43.7134 65.4817 6
      vertex -43.0652 64.2402 13.01
      vertex -42.8117 64.4615 13.01
    endloop
  endfacet
  facet normal -0.6946 0.6946 0.187245
    outer loop
      vertex -43.0652 64.2402 13.01
      vertex -43.7134 65.4817 6
      vertex -43.7137 65.4814 6
    endloop
  endfacet
  facet normal 0.435548 -0.880798 0.185722
    outer loop
      vertex 43.3537 -2.17002 6
      vertex 42.1999 -1.26246 13.01
      vertex 42.9488 -2.37024 6
    endloop
  endfacet
  facet normal -0.818542 0.542501 0.188898
    outer loop
      vertex -44.307 64.888 6
      vertex -44.5448 64.5292 6
      vertex -43.4771 63.6993 13.01
    endloop
  endfacet
  facet normal 0.818542 0.542501 0.188898
    outer loop
      vertex 44.307 64.888 6
      vertex 43.4771 63.6993 13.01
      vertex 44.5448 64.5292 6
    endloop
  endfacet
  facet normal -0.0706318 0.982851 0.170338
    outer loop
      vertex -40.6056 66.3552 6
      vertex -41.3598 66.301 6
      vertex -40.9284 65.1171 13.01
    endloop
  endfacet
  facet normal -0.144769 0.974148 0.17343
    outer loop
      vertex -41.3598 66.301 6
      vertex -41.9681 66.2106 6
      vertex -40.9284 65.1171 13.01
    endloop
  endfacet
  facet normal -0.0127137 0.985622 0.168484
    outer loop
      vertex -40.6031 66.3552 6
      vertex -40.3241 65.1605 13.01
      vertex -39.2 65.175 13.01
    endloop
  endfacet
  facet normal 0 0.985786 0.168006
    outer loop
      vertex -40.3241 65.1605 13.01
      vertex -40.6031 66.3552 6
      vertex -40.6047 66.3552 6
    endloop
  endfacet
  facet normal -0.971553 0.161926 0.172814
    outer loop
      vertex -45.126 62.5349 6
      vertex -43.8698 62.5907 13.01
      vertex -45.1259 62.5355 6
    endloop
  endfacet
  facet normal -0.974183 0.144538 0.173424
    outer loop
      vertex -43.8698 62.5907 13.01
      vertex -45.126 62.5349 6
      vertex -43.9421 62.1034 13.01
    endloop
  endfacet
  facet normal 0.070593 -0.982855 0.17033
    outer loop
      vertex 40.9284 -1.56713 13.01
      vertex 40.6056 -2.80516 6
      vertex 41.3598 -2.75099 6
    endloop
  endfacet
  facet normal -0.880816 0.435513 0.185718
    outer loop
      vertex -44.5448 64.5292 6
      vertex -44.745 64.1243 6
      vertex -43.4771 63.6993 13.01
    endloop
  endfacet
  facet normal 0.0706318 0.982851 0.170338
    outer loop
      vertex 41.3598 66.301 6
      vertex 40.6056 66.3552 6
      vertex 40.9284 65.1171 13.01
    endloop
  endfacet
  facet normal 0.912083 0.364833 0.187088
    outer loop
      vertex 43.4771 63.6993 13.01
      vertex 44.7452 64.1238 6
      vertex 44.745 64.1243 6
    endloop
  endfacet
  facet normal 0.880814 0.43552 0.185712
    outer loop
      vertex 44.7452 64.1238 6
      vertex 43.4771 63.6993 13.01
      vertex 43.6375 63.3749 13.01
    endloop
  endfacet
  facet normal -0.0126724 -0.985623 0.168483
    outer loop
      vertex -39.2 -1.62499 13.01
      vertex -40.6031 -2.80524 6
      vertex -39.2 -2.82328 6
    endloop
  endfacet
  facet normal -0.739447 -0.645651 0.190662
    outer loop
      vertex -44.3067 -1.33837 6
      vertex -43.0652 -0.690164 13.01
      vertex -43.2865 -0.436715 13.01
    endloop
  endfacet
  facet normal -0.753983 -0.62832 0.191634
    outer loop
      vertex -43.0652 -0.690164 13.01
      vertex -44.3067 -1.33837 6
      vertex -44.3064 -1.33873 6
    endloop
  endfacet
  facet normal -0.956316 0.232384 0.177362
    outer loop
      vertex -44.9088 63.6652 6
      vertex -45.0355 63.1438 6
      vertex -43.8698 62.5907 13.01
    endloop
  endfacet
  facet normal -0 0.985786 0.168006
    outer loop
      vertex 40.6031 66.3552 6
      vertex 40.3241 65.1605 13.01
      vertex 40.6047 66.3552 6
    endloop
  endfacet
  facet normal 0.0127137 0.985622 0.168484
    outer loop
      vertex 40.3241 65.1605 13.01
      vertex 40.6031 66.3552 6
      vertex 39.2 65.175 13.01
    endloop
  endfacet
  facet normal 0.880823 -0.435502 0.185712
    outer loop
      vertex 43.4771 -0.149316 13.01
      vertex 44.7452 -0.573815 6
      vertex 43.6375 0.1751 13.01
    endloop
  endfacet
  facet normal 0.90156 -0.390286 0.186725
    outer loop
      vertex 44.7452 -0.573815 6
      vertex 43.4771 -0.149316 13.01
      vertex 44.745 -0.574277 6
    endloop
  endfacet
  facet normal 0.0126787 -0.985623 0.168484
    outer loop
      vertex 40.6031 -2.80524 6
      vertex 40.3241 -1.61053 13.01
      vertex 39.2 -1.62499 13.01
    endloop
  endfacet
  facet normal 0.0123204 -0.98563 0.168471
    outer loop
      vertex 40.3241 -1.61053 13.01
      vertex 40.6031 -2.80524 6
      vertex 40.6047 -2.80522 6
    endloop
  endfacet
  facet normal -0.97415 0.144769 0.173415
    outer loop
      vertex -45.0355 63.1438 6
      vertex -45.1259 62.5355 6
      vertex -43.8698 62.5907 13.01
    endloop
  endfacet
  facet normal 0.971479 0.161913 0.17324
    outer loop
      vertex 43.7682 63.0084 13.01
      vertex 44.9088 63.6652 6
      vertex 44.9087 63.6658 6
    endloop
  endfacet
  facet normal 0.95626 0.232597 0.177387
    outer loop
      vertex 44.9088 63.6652 6
      vertex 43.7682 63.0084 13.01
      vertex 43.8698 62.5907 13.01
    endloop
  endfacet
  facet normal -0.880833 -0.435479 0.185716
    outer loop
      vertex -43.4771 -0.149316 13.01
      vertex -44.745 -0.574277 6
      vertex -44.5448 -0.979217 6
    endloop
  endfacet
  facet normal 0.956316 0.232384 0.177362
    outer loop
      vertex 44.9088 63.6652 6
      vertex 43.8698 62.5907 13.01
      vertex 45.0355 63.1438 6
    endloop
  endfacet
  facet normal 0.739409 0.645697 0.190655
    outer loop
      vertex 44.0301 65.2051 6
      vertex 43.0652 64.2402 13.01
      vertex 44.3064 64.8887 6
    endloop
  endfacet
  facet normal -0.435514 0.880817 0.185711
    outer loop
      vertex -42.9488 65.9202 6
      vertex -43.3537 65.72 6
      vertex -42.1999 64.8125 13.01
    endloop
  endfacet
  facet normal 0.986037 0 0.166529
    outer loop
      vertex 43.9421 62.1034 13.01
      vertex 45.126 62.534 6
      vertex 45.126 62.5349 6
    endloop
  endfacet
  facet normal 0.982856 0.0705874 0.170328
    outer loop
      vertex 45.126 62.534 6
      vertex 43.9421 62.1034 13.01
      vertex 43.9855 61.4991 13.01
    endloop
  endfacet
  facet normal 0.982853 0.0706226 0.170332
    outer loop
      vertex 45.126 62.534 6
      vertex 43.9855 61.4991 13.01
      vertex 45.1802 61.7797 6
    endloop
  endfacet
  facet normal 0.880833 -0.435479 0.185716
    outer loop
      vertex 44.745 -0.574277 6
      vertex 43.4771 -0.149316 13.01
      vertex 44.5448 -0.979217 6
    endloop
  endfacet
  facet normal 0.542546 -0.81851 0.188906
    outer loop
      vertex 43.3542 -2.1698 6
      vertex 42.8117 -0.911538 13.01
      vertex 42.5243 -1.10204 13.01
    endloop
  endfacet
  facet normal 0.563235 -0.804622 0.188014
    outer loop
      vertex 42.8117 -0.911538 13.01
      vertex 43.3542 -2.1698 6
      vertex 43.3546 -2.16952 6
    endloop
  endfacet
  facet normal 0.435562 -0.880791 0.185724
    outer loop
      vertex 43.3537 -2.17002 6
      vertex 42.5243 -1.10204 13.01
      vertex 42.1999 -1.26246 13.01
    endloop
  endfacet
  facet normal 0.395869 -0.899703 0.183909
    outer loop
      vertex 42.5243 -1.10204 13.01
      vertex 43.3537 -2.17002 6
      vertex 43.3542 -2.1698 6
    endloop
  endfacet
  facet normal 0.330532 -0.926145 0.181668
    outer loop
      vertex 42.4908 -2.53369 6
      vertex 42.1999 -1.26246 13.01
      vertex 41.8334 -1.39326 13.01
    endloop
  endfacet
  facet normal 0.330522 -0.926149 0.181669
    outer loop
      vertex 42.1999 -1.26246 13.01
      vertex 42.4908 -2.53369 6
      vertex 42.9488 -2.37024 6
    endloop
  endfacet
  facet normal 0.739447 -0.645651 0.190662
    outer loop
      vertex 43.0652 -0.690164 13.01
      vertex 44.3067 -1.33837 6
      vertex 43.2865 -0.436715 13.01
    endloop
  endfacet
  facet normal 0.753983 -0.62832 0.191634
    outer loop
      vertex 44.3067 -1.33837 6
      vertex 43.0652 -0.690164 13.01
      vertex 44.3064 -1.33873 6
    endloop
  endfacet
  facet normal 0.739358 -0.645755 0.190657
    outer loop
      vertex 44.3064 -1.33873 6
      vertex 43.0652 -0.690164 13.01
      vertex 44.0301 -1.65508 6
    endloop
  endfacet
  facet normal 0.926118 0.330612 0.181663
    outer loop
      vertex 43.6375 63.3749 13.01
      vertex 44.9087 63.6658 6
      vertex 44.7452 64.1238 6
    endloop
  endfacet
  facet normal 0.926225 0.330307 0.18167
    outer loop
      vertex 44.9087 63.6658 6
      vertex 43.6375 63.3749 13.01
      vertex 43.7682 63.0084 13.01
    endloop
  endfacet
  facet normal -0.985702 0 0.168497
    outer loop
      vertex -45.1983 3.17501 6
      vertex -44 60.375 13.01
      vertex -45.1983 60.375 6
    endloop
  endfacet
  facet normal -0.985702 0 0.168497
    outer loop
      vertex -44 60.375 13.01
      vertex -45.1983 3.17501 6
      vertex -44 3.17501 13.01
    endloop
  endfacet
  facet normal -0.785415 0.589062 0.190077
    outer loop
      vertex -44.307 64.888 6
      vertex -43.2865 63.9867 13.01
      vertex -44.3067 64.8884 6
    endloop
  endfacet
  facet normal -0.818379 0.542739 0.18892
    outer loop
      vertex -43.2865 63.9867 13.01
      vertex -44.307 64.888 6
      vertex -43.4771 63.6993 13.01
    endloop
  endfacet
  facet normal -0.0127145 0.985622 0.168484
    outer loop
      vertex -39.2 66.3733 6
      vertex -40.6031 66.3552 6
      vertex -39.2 65.175 13.01
    endloop
  endfacet
  facet normal 0.139286 0.974999 0.173137
    outer loop
      vertex 41.9681 66.2106 6
      vertex 41.4157 65.0447 13.01
      vertex 41.9688 66.2105 6
    endloop
  endfacet
  facet normal 0.144734 0.974154 0.173426
    outer loop
      vertex 41.4157 65.0447 13.01
      vertex 41.9681 66.2106 6
      vertex 40.9284 65.1171 13.01
    endloop
  endfacet
  facet normal -0.982856 -0.0705897 0.170328
    outer loop
      vertex -45.126 1.01601 6
      vertex -43.9421 1.44663 13.01
      vertex -43.9855 2.05091 13.01
    endloop
  endfacet
  facet normal -0.986037 0 0.166529
    outer loop
      vertex -43.9421 1.44663 13.01
      vertex -45.126 1.01601 6
      vertex -45.126 1.01515 6
    endloop
  endfacet
  facet normal 0.92623 -0.330295 0.18167
    outer loop
      vertex 43.6375 0.1751 13.01
      vertex 44.9087 -0.1158 6
      vertex 43.7682 0.541616 13.01
    endloop
  endfacet
  facet normal 0.926121 -0.330602 0.181663
    outer loop
      vertex 44.9087 -0.1158 6
      vertex 43.6375 0.1751 13.01
      vertex 44.7452 -0.573815 6
    endloop
  endfacet
  facet normal -0.739409 0.645697 0.190655
    outer loop
      vertex -44.0301 65.2051 6
      vertex -44.3064 64.8887 6
      vertex -43.0652 64.2402 13.01
    endloop
  endfacet
  facet normal -0.982852 -0.0706244 0.170333
    outer loop
      vertex -43.9855 2.05091 13.01
      vertex -45.1802 1.77029 6
      vertex -45.126 1.01601 6
    endloop
  endfacet
  facet normal 0.0705872 0.982854 0.17034
    outer loop
      vertex 40.6056 66.3552 6
      vertex 40.3241 65.1605 13.01
      vertex 40.9284 65.1171 13.01
    endloop
  endfacet
  facet normal 0 0.985786 0.168006
    outer loop
      vertex 40.3241 65.1605 13.01
      vertex 40.6056 66.3552 6
      vertex 40.6047 66.3552 6
    endloop
  endfacet
  facet normal 0.144706 -0.974158 0.173423
    outer loop
      vertex 41.9681 -2.66063 6
      vertex 40.9284 -1.56713 13.01
      vertex 41.3598 -2.75099 6
    endloop
  endfacet
  facet normal 0.144714 -0.974157 0.173424
    outer loop
      vertex 41.9681 -2.66063 6
      vertex 41.4157 -1.49474 13.01
      vertex 40.9284 -1.56713 13.01
    endloop
  endfacet
  facet normal 0.139286 -0.974999 0.173136
    outer loop
      vertex 41.4157 -1.49474 13.01
      vertex 41.9681 -2.66063 6
      vertex 41.9688 -2.66053 6
    endloop
  endfacet
  facet normal -0.971479 0.161913 0.17324
    outer loop
      vertex -44.9088 63.6652 6
      vertex -43.7682 63.0084 13.01
      vertex -44.9087 63.6658 6
    endloop
  endfacet
  facet normal -0.95626 0.232597 0.177387
    outer loop
      vertex -43.7682 63.0084 13.01
      vertex -44.9088 63.6652 6
      vertex -43.8698 62.5907 13.01
    endloop
  endfacet
  facet normal 0.144769 0.974148 0.17343
    outer loop
      vertex 41.3598 66.301 6
      vertex 40.9284 65.1171 13.01
      vertex 41.9681 66.2106 6
    endloop
  endfacet
  facet normal 0 0 1
    outer loop
      vertex 39.2 65.175 13.01
      vertex 44 60.375 13.01
      vertex 43.9855 61.4991 13.01
    endloop
  endfacet
  facet normal 0 0 1
    outer loop
      vertex 44 60.375 13.01
      vertex 39.2 65.175 13.01
      vertex 44 3.17501 13.01
    endloop
  endfacet
  facet normal 0 0 1
    outer loop
      vertex 40.3241 65.1605 13.01
      vertex 43.9855 61.4991 13.01
      vertex 43.9421 62.1034 13.01
    endloop
  endfacet
  facet normal 0 0 1
    outer loop
      vertex 39.2 -1.62499 13.01
      vertex 44 3.17501 13.01
      vertex 39.2 65.175 13.01
    endloop
  endfacet
  facet normal 0 0 1
    outer loop
      vertex 40.9284 65.1171 13.01
      vertex 43.9421 62.1034 13.01
      vertex 43.8698 62.5907 13.01
    endloop
  endfacet
  facet normal 0 0 1
    outer loop
      vertex 44 3.17501 13.01
      vertex 39.2 -1.62499 13.01
      vertex 43.9855 2.05091 13.01
    endloop
  endfacet
  facet normal 0 0 1
    outer loop
      vertex 41.4157 65.0447 13.01
      vertex 43.8698 62.5907 13.01
      vertex 43.7682 63.0084 13.01
    endloop
  endfacet
  facet normal 0 -0 1
    outer loop
      vertex 40.3241 -1.61053 13.01
      vertex 43.9855 2.05091 13.01
      vertex 39.2 -1.62499 13.01
    endloop
  endfacet
  facet normal 0 0 1
    outer loop
      vertex 41.8334 64.9433 13.01
      vertex 43.7682 63.0084 13.01
      vertex 43.6375 63.3749 13.01
    endloop
  endfacet
  facet normal 0 0 1
    outer loop
      vertex 43.9855 2.05091 13.01
      vertex 40.3241 -1.61053 13.01
      vertex 43.9421 1.44663 13.01
    endloop
  endfacet
  facet normal 0 0 1
    outer loop
      vertex 42.1999 64.8125 13.01
      vertex 43.6375 63.3749 13.01
      vertex 43.4771 63.6993 13.01
    endloop
  endfacet
  facet normal 0 -0 1
    outer loop
      vertex 40.9284 -1.56713 13.01
      vertex 43.9421 1.44663 13.01
      vertex 40.3241 -1.61053 13.01
    endloop
  endfacet
  facet normal 0 0 1
    outer loop
      vertex 42.1999 64.8125 13.01
      vertex 43.4771 63.6993 13.01
      vertex 43.2865 63.9867 13.01
    endloop
  endfacet
  facet normal 0 0 1
    outer loop
      vertex 43.9421 1.44663 13.01
      vertex 40.9284 -1.56713 13.01
      vertex 43.8698 0.959326 13.01
    endloop
  endfacet
  facet normal 0 0 1
    outer loop
      vertex 42.1999 64.8125 13.01
      vertex 43.2865 63.9867 13.01
      vertex 43.0652 64.2402 13.01
    endloop
  endfacet
  facet normal 0 -0 1
    outer loop
      vertex 41.4157 -1.49474 13.01
      vertex 43.8698 0.959326 13.01
      vertex 40.9284 -1.56713 13.01
    endloop
  endfacet
  facet normal 0 0 1
    outer loop
      vertex 42.1999 64.8125 13.01
      vertex 43.0652 64.2402 13.01
      vertex 42.8117 64.4615 13.01
    endloop
  endfacet
  facet normal 0 0 1
    outer loop
      vertex 43.8698 0.959326 13.01
      vertex 41.4157 -1.49474 13.01
      vertex 43.7682 0.541616 13.01
    endloop
  endfacet
  facet normal 0 0 1
    outer loop
      vertex 42.1999 64.8125 13.01
      vertex 42.8117 64.4615 13.01
      vertex 42.5243 64.652 13.01
    endloop
  endfacet
  facet normal 0 -0 1
    outer loop
      vertex 41.8334 -1.39326 13.01
      vertex 43.7682 0.541616 13.01
      vertex 41.4157 -1.49474 13.01
    endloop
  endfacet
  facet normal 0 0 1
    outer loop
      vertex 43.6375 63.3749 13.01
      vertex 42.1999 64.8125 13.01
      vertex 41.8334 64.9433 13.01
    endloop
  endfacet
  facet normal 0 0 1
    outer loop
      vertex 43.7682 0.541616 13.01
      vertex 41.8334 -1.39326 13.01
      vertex 43.6375 0.1751 13.01
    endloop
  endfacet
  facet normal 0 0 1
    outer loop
      vertex 43.7682 63.0084 13.01
      vertex 41.8334 64.9433 13.01
      vertex 41.4157 65.0447 13.01
    endloop
  endfacet
  facet normal 0 -0 1
    outer loop
      vertex 42.1999 -1.26246 13.01
      vertex 43.6375 0.1751 13.01
      vertex 41.8334 -1.39326 13.01
    endloop
  endfacet
  facet normal 0 0 1
    outer loop
      vertex 43.8698 62.5907 13.01
      vertex 41.4157 65.0447 13.01
      vertex 40.9284 65.1171 13.01
    endloop
  endfacet
  facet normal 0 0 1
    outer loop
      vertex 43.6375 0.1751 13.01
      vertex 42.1999 -1.26246 13.01
      vertex 43.4771 -0.149316 13.01
    endloop
  endfacet
  facet normal 0 0 1
    outer loop
      vertex 43.9421 62.1034 13.01
      vertex 40.9284 65.1171 13.01
      vertex 40.3241 65.1605 13.01
    endloop
  endfacet
  facet normal 0 0 1
    outer loop
      vertex 43.4771 -0.149316 13.01
      vertex 42.1999 -1.26246 13.01
      vertex 43.2865 -0.436715 13.01
    endloop
  endfacet
  facet normal 0 0 1
    outer loop
      vertex 43.9855 61.4991 13.01
      vertex 40.3241 65.1605 13.01
      vertex 39.2 65.175 13.01
    endloop
  endfacet
  facet normal 0 0 1
    outer loop
      vertex 43.2865 -0.436715 13.01
      vertex 42.1999 -1.26246 13.01
      vertex 43.0652 -0.690164 13.01
    endloop
  endfacet
  facet normal 0 0 1
    outer loop
      vertex 43.0652 -0.690164 13.01
      vertex 42.1999 -1.26246 13.01
      vertex 42.8117 -0.911538 13.01
    endloop
  endfacet
  facet normal 0 0 1
    outer loop
      vertex 42.8117 -0.911538 13.01
      vertex 42.1999 -1.26246 13.01
      vertex 42.5243 -1.10204 13.01
    endloop
  endfacet
  facet normal -0 0 1
    outer loop
      vertex -39.2 65.175 13.01
      vertex 39.2 -1.62499 13.01
      vertex 39.2 65.175 13.01
    endloop
  endfacet
  facet normal 0 0 1
    outer loop
      vertex -39.2 65.175 13.01
      vertex -39.2 -1.62499 13.01
      vertex 39.2 -1.62499 13.01
    endloop
  endfacet
  facet normal 0 0 1
    outer loop
      vertex -44 60.375 13.01
      vertex -39.2 65.175 13.01
      vertex -40.3241 65.1605 13.01
    endloop
  endfacet
  facet normal 0 0 1
    outer loop
      vertex -39.2 65.175 13.01
      vertex -44 60.375 13.01
      vertex -39.2 -1.62499 13.01
    endloop
  endfacet
  facet normal 0 0 1
    outer loop
      vertex -43.9855 61.4991 13.01
      vertex -40.3241 65.1605 13.01
      vertex -40.9284 65.1171 13.01
    endloop
  endfacet
  facet normal -0 0 1
    outer loop
      vertex -44 3.17501 13.01
      vertex -39.2 -1.62499 13.01
      vertex -44 60.375 13.01
    endloop
  endfacet
  facet normal 0 0 1
    outer loop
      vertex -43.9421 62.1034 13.01
      vertex -40.9284 65.1171 13.01
      vertex -41.4157 65.0447 13.01
    endloop
  endfacet
  facet normal 0 0 1
    outer loop
      vertex -39.2 -1.62499 13.01
      vertex -44 3.17501 13.01
      vertex -40.3241 -1.61053 13.01
    endloop
  endfacet
  facet normal 0 0 1
    outer loop
      vertex -43.8698 62.5907 13.01
      vertex -41.4157 65.0447 13.01
      vertex -41.8334 64.9433 13.01
    endloop
  endfacet
  facet normal -0 -0 1
    outer loop
      vertex -43.9855 2.05091 13.01
      vertex -40.3241 -1.61053 13.01
      vertex -44 3.17501 13.01
    endloop
  endfacet
  facet normal 0 0 1
    outer loop
      vertex -43.7682 63.0084 13.01
      vertex -41.8334 64.9433 13.01
      vertex -42.1999 64.8125 13.01
    endloop
  endfacet
  facet normal 0 0 1
    outer loop
      vertex -40.3241 -1.61053 13.01
      vertex -43.9855 2.05091 13.01
      vertex -40.9284 -1.56713 13.01
    endloop
  endfacet
  facet normal 0 0 1
    outer loop
      vertex -43.6375 63.3749 13.01
      vertex -42.1999 64.8125 13.01
      vertex -42.5243 64.652 13.01
    endloop
  endfacet
  facet normal -0 -0 1
    outer loop
      vertex -43.9421 1.44663 13.01
      vertex -40.9284 -1.56713 13.01
      vertex -43.9855 2.05091 13.01
    endloop
  endfacet
  facet normal 0 0 1
    outer loop
      vertex -43.6375 63.3749 13.01
      vertex -42.5243 64.652 13.01
      vertex -42.8117 64.4615 13.01
    endloop
  endfacet
  facet normal 0 0 1
    outer loop
      vertex -40.9284 -1.56713 13.01
      vertex -43.9421 1.44663 13.01
      vertex -41.4157 -1.49474 13.01
    endloop
  endfacet
  facet normal 0 0 1
    outer loop
      vertex -43.6375 63.3749 13.01
      vertex -42.8117 64.4615 13.01
      vertex -43.0652 64.2402 13.01
    endloop
  endfacet
  facet normal -0 -0 1
    outer loop
      vertex -43.8698 0.959326 13.01
      vertex -41.4157 -1.49474 13.01
      vertex -43.9421 1.44663 13.01
    endloop
  endfacet
  facet normal 0 0 1
    outer loop
      vertex -43.6375 63.3749 13.01
      vertex -43.0652 64.2402 13.01
      vertex -43.2865 63.9867 13.01
    endloop
  endfacet
  facet normal 0 0 1
    outer loop
      vertex -41.4157 -1.49474 13.01
      vertex -43.8698 0.959326 13.01
      vertex -41.8334 -1.39326 13.01
    endloop
  endfacet
  facet normal 0 0 1
    outer loop
      vertex -43.6375 63.3749 13.01
      vertex -43.2865 63.9867 13.01
      vertex -43.4771 63.6993 13.01
    endloop
  endfacet
  facet normal -0 -0 1
    outer loop
      vertex -43.7682 0.541616 13.01
      vertex -41.8334 -1.39326 13.01
      vertex -43.8698 0.959326 13.01
    endloop
  endfacet
  facet normal 0 0 1
    outer loop
      vertex -42.1999 64.8125 13.01
      vertex -43.6375 63.3749 13.01
      vertex -43.7682 63.0084 13.01
    endloop
  endfacet
  facet normal 0 0 1
    outer loop
      vertex -41.8334 -1.39326 13.01
      vertex -43.7682 0.541616 13.01
      vertex -42.1999 -1.26246 13.01
    endloop
  endfacet
  facet normal 0 0 1
    outer loop
      vertex -41.8334 64.9433 13.01
      vertex -43.7682 63.0084 13.01
      vertex -43.8698 62.5907 13.01
    endloop
  endfacet
  facet normal -0 -0 1
    outer loop
      vertex -43.6375 0.1751 13.01
      vertex -42.1999 -1.26246 13.01
      vertex -43.7682 0.541616 13.01
    endloop
  endfacet
  facet normal 0 0 1
    outer loop
      vertex -41.4157 65.0447 13.01
      vertex -43.8698 62.5907 13.01
      vertex -43.9421 62.1034 13.01
    endloop
  endfacet
  facet normal 0 0 1
    outer loop
      vertex -42.1999 -1.26246 13.01
      vertex -43.6375 0.1751 13.01
      vertex -42.5243 -1.10204 13.01
    endloop
  endfacet
  facet normal 0 0 1
    outer loop
      vertex -40.9284 65.1171 13.01
      vertex -43.9421 62.1034 13.01
      vertex -43.9855 61.4991 13.01
    endloop
  endfacet
  facet normal 0 0 1
    outer loop
      vertex -42.5243 -1.10204 13.01
      vertex -43.6375 0.1751 13.01
      vertex -42.8117 -0.911538 13.01
    endloop
  endfacet
  facet normal 0 0 1
    outer loop
      vertex -40.3241 65.1605 13.01
      vertex -43.9855 61.4991 13.01
      vertex -44 60.375 13.01
    endloop
  endfacet
  facet normal 0 0 1
    outer loop
      vertex -42.8117 -0.911538 13.01
      vertex -43.6375 0.1751 13.01
      vertex -43.0652 -0.690164 13.01
    endloop
  endfacet
  facet normal 0 0 1
    outer loop
      vertex -43.0652 -0.690164 13.01
      vertex -43.6375 0.1751 13.01
      vertex -43.2865 -0.436715 13.01
    endloop
  endfacet
  facet normal 0 0 1
    outer loop
      vertex -43.2865 -0.436715 13.01
      vertex -43.6375 0.1751 13.01
      vertex -43.4771 -0.149316 13.01
    endloop
  endfacet
  facet normal -0.144734 0.974154 0.173426
    outer loop
      vertex -41.9681 66.2106 6
      vertex -41.4157 65.0447 13.01
      vertex -40.9284 65.1171 13.01
    endloop
  endfacet
  facet normal -0.139286 0.974999 0.173137
    outer loop
      vertex -41.4157 65.0447 13.01
      vertex -41.9681 66.2106 6
      vertex -41.9688 66.2105 6
    endloop
  endfacet
  facet normal -0.6946 0.6946 0.187245
    outer loop
      vertex -44.3067 64.8884 6
      vertex -43.0652 64.2402 13.01
      vertex -44.3064 64.8887 6
    endloop
  endfacet
  facet normal -0.739511 0.645577 0.190666
    outer loop
      vertex -43.0652 64.2402 13.01
      vertex -44.3067 64.8884 6
      vertex -43.2865 63.9867 13.01
    endloop
  endfacet
  facet normal 0.645697 0.739409 0.190655
    outer loop
      vertex 43.7137 65.4814 6
      vertex 43.0652 64.2402 13.01
      vertex 44.0301 65.2051 6
    endloop
  endfacet
  facet normal 0.6946 0.6946 0.187245
    outer loop
      vertex 43.7134 65.4817 6
      vertex 43.0652 64.2402 13.01
      vertex 43.7137 65.4814 6
    endloop
  endfacet
  facet normal 0.645577 0.739511 0.190666
    outer loop
      vertex 43.0652 64.2402 13.01
      vertex 43.7134 65.4817 6
      vertex 42.8117 64.4615 13.01
    endloop
  endfacet
  facet normal -0.974919 -0.139274 0.173597
    outer loop
      vertex -43.8698 0.959326 13.01
      vertex -45.126 1.01515 6
      vertex -45.1259 1.01445 6
    endloop
  endfacet
  facet normal -0.974183 -0.144537 0.173424
    outer loop
      vertex -45.126 1.01515 6
      vertex -43.8698 0.959326 13.01
      vertex -43.9421 1.44663 13.01
    endloop
  endfacet
  facet normal -0.232384 0.956315 0.177368
    outer loop
      vertex -41.9694 66.2104 6
      vertex -42.4908 66.0837 6
      vertex -41.8334 64.9433 13.01
    endloop
  endfacet
  facet normal -0.330522 -0.926149 0.181669
    outer loop
      vertex -42.4908 -2.53369 6
      vertex -42.1999 -1.26246 13.01
      vertex -42.9488 -2.37024 6
    endloop
  endfacet
  facet normal -0.330532 -0.926145 0.181668
    outer loop
      vertex -42.1999 -1.26246 13.01
      vertex -42.4908 -2.53369 6
      vertex -41.8334 -1.39326 13.01
    endloop
  endfacet
  facet normal -0.542542 0.818512 0.18891
    outer loop
      vertex -43.3542 65.7198 6
      vertex -42.8117 64.4615 13.01
      vertex -42.5243 64.652 13.01
    endloop
  endfacet
  facet normal -0.589451 0.785935 0.186693
    outer loop
      vertex -42.8117 64.4615 13.01
      vertex -43.3542 65.7198 6
      vertex -43.3546 65.7195 6
    endloop
  endfacet
  facet normal -0.739358 -0.645755 0.190657
    outer loop
      vertex -43.0652 -0.690164 13.01
      vertex -44.3064 -1.33873 6
      vertex -44.0301 -1.65508 6
    endloop
  endfacet
  facet normal -0.070593 -0.982855 0.17033
    outer loop
      vertex -40.9284 -1.56713 13.01
      vertex -41.3598 -2.75099 6
      vertex -40.6056 -2.80516 6
    endloop
  endfacet
  facet normal -0.144706 -0.974158 0.173423
    outer loop
      vertex -40.9284 -1.56713 13.01
      vertex -41.9681 -2.66063 6
      vertex -41.3598 -2.75099 6
    endloop
  endfacet
  facet normal -0.716899 -0.672093 0.185326
    outer loop
      vertex -43.7134 -1.93172 6
      vertex -43.0652 -0.690164 13.01
      vertex -43.7137 -1.9314 6
    endloop
  endfacet
  facet normal -0.6457 -0.739404 0.190664
    outer loop
      vertex -43.0652 -0.690164 13.01
      vertex -43.7134 -1.93172 6
      vertex -42.8117 -0.911538 13.01
    endloop
  endfacet
  facet normal -0.645697 0.739409 0.190655
    outer loop
      vertex -43.7137 65.4814 6
      vertex -44.0301 65.2051 6
      vertex -43.0652 64.2402 13.01
    endloop
  endfacet
  facet normal -0.5425 0.81854 0.188908
    outer loop
      vertex -43.3546 65.7195 6
      vertex -43.7134 65.4817 6
      vertex -42.8117 64.4615 13.01
    endloop
  endfacet
  facet normal -0.330532 0.926146 0.181665
    outer loop
      vertex -42.4908 66.0837 6
      vertex -42.1999 64.8125 13.01
      vertex -41.8334 64.9433 13.01
    endloop
  endfacet
  facet normal -0.330612 0.926118 0.181663
    outer loop
      vertex -42.1999 64.8125 13.01
      vertex -42.4908 66.0837 6
      vertex -42.9488 65.9202 6
    endloop
  endfacet
  facet normal -0.395869 -0.899703 0.183909
    outer loop
      vertex -43.3537 -2.17002 6
      vertex -42.5243 -1.10204 13.01
      vertex -43.3542 -2.1698 6
    endloop
  endfacet
  facet normal -0.435562 -0.880791 0.185724
    outer loop
      vertex -42.5243 -1.10204 13.01
      vertex -43.3537 -2.17002 6
      vertex -42.1999 -1.26246 13.01
    endloop
  endfacet
  facet normal -0.435548 -0.880798 0.185722
    outer loop
      vertex -42.1999 -1.26246 13.01
      vertex -43.3537 -2.17002 6
      vertex -42.9488 -2.37024 6
    endloop
  endfacet
  facet normal -0.5425 -0.81854 0.188906
    outer loop
      vertex -42.8117 -0.911538 13.01
      vertex -43.7134 -1.93172 6
      vertex -43.3546 -2.16952 6
    endloop
  endfacet
  facet normal -0.926118 0.330612 0.181663
    outer loop
      vertex -44.9087 63.6658 6
      vertex -43.6375 63.3749 13.01
      vertex -44.7452 64.1238 6
    endloop
  endfacet
  facet normal -0.926225 0.330307 0.18167
    outer loop
      vertex -43.6375 63.3749 13.01
      vertex -44.9087 63.6658 6
      vertex -43.7682 63.0084 13.01
    endloop
  endfacet
  facet normal -0.542532 0.818519 0.188907
    outer loop
      vertex -52.6514 -7.30168 6
      vertex -53.1178 -7.61082 6
      vertex -52.2161 -8.631 13.01
    endloop
  endfacet
  facet normal 0.982856 -0.070562 0.170335
    outer loop
      vertex 55.0247 -59.8774 6
      vertex 53.7704 -60.4265 13.01
      vertex 54.9543 -60.858 6
    endloop
  endfacet
  facet normal 0.954813 0.238703 0.177069
    outer loop
      vertex 53.5314 -10.6291 13.01
      vertex 54.8367 -10.6503 6
      vertex 54.8365 -10.6495 6
    endloop
  endfacet
  facet normal 0.956344 0.23226 0.177374
    outer loop
      vertex 54.8367 -10.6503 6
      vertex 53.5314 -10.6291 13.01
      vertex 53.6709 -11.2035 13.01
    endloop
  endfacet
  facet normal 0.984714 -0.0447597 0.168329
    outer loop
      vertex 53.85 -58.05 13.01
      vertex 55.0482 -58.0522 6
      vertex 55.0483 -58.05 6
    endloop
  endfacet
  facet normal 0.985624 -0.0126902 0.168474
    outer loop
      vertex 55.0482 -58.0522 6
      vertex 53.85 -58.05 13.01
      vertex 53.8301 -59.5956 13.01
    endloop
  endfacet
  facet normal 0.645813 -0.739305 0.190666
    outer loop
      vertex 53.529 -64.33 6
      vertex 52.2161 -63.669 13.01
      vertex 53.1178 -64.6892 6
    endloop
  endfacet
  facet normal -0.387571 -0.904332 0.178808
    outer loop
      vertex -51.5283 -65.4718 6
      vertex -51.3749 -64.1515 13.01
      vertex -51.529 -65.4715 6
    endloop
  endfacet
  facet normal -0.330577 -0.92613 0.181666
    outer loop
      vertex -51.3749 -64.1515 13.01
      vertex -51.5283 -65.4718 6
      vertex -50.8709 -64.3314 13.01
    endloop
  endfacet
  facet normal -0.232392 0.956312 0.177373
    outer loop
      vertex -51.5275 -6.82802 6
      vertex -50.8709 -7.96865 13.01
      vertex -50.2966 -7.82909 13.01
    endloop
  endfacet
  facet normal -0.238676 0.954702 0.1777
    outer loop
      vertex -50.8709 -7.96865 13.01
      vertex -51.5275 -6.82802 6
      vertex -51.5283 -6.82822 6
    endloop
  endfacet
  facet normal 0.435636 -0.880752 0.185735
    outer loop
      vertex 52.6502 -64.999 6
      vertex 51.8209 -63.9309 13.01
      vertex 51.3749 -64.1515 13.01
    endloop
  endfacet
  facet normal 0.439419 -0.878838 0.185891
    outer loop
      vertex 51.8209 -63.9309 13.01
      vertex 52.6502 -64.999 6
      vertex 52.6508 -64.9987 6
    endloop
  endfacet
  facet normal -0.238676 -0.954703 0.177696
    outer loop
      vertex -51.5275 -65.472 6
      vertex -50.8709 -64.3314 13.01
      vertex -51.5283 -65.4718 6
    endloop
  endfacet
  facet normal -0.232298 -0.956336 0.177364
    outer loop
      vertex -50.8709 -64.3314 13.01
      vertex -51.5275 -65.472 6
      vertex -50.2966 -64.4709 13.01
    endloop
  endfacet
  facet normal 0.926185 -0.330425 0.181661
    outer loop
      vertex 54.6718 -62.3283 6
      vertex 53.5314 -61.6709 13.01
      vertex 54.4596 -62.9231 6
    endloop
  endfacet
  facet normal -0.926174 0.330454 0.181663
    outer loop
      vertex -54.4596 -9.37694 6
      vertex -54.6718 -9.97168 6
      vertex -53.5314 -10.6291 13.01
    endloop
  endfacet
  facet normal -0.330424 -0.926184 0.181666
    outer loop
      vertex -51.3749 -64.1515 13.01
      vertex -52.1238 -65.2593 6
      vertex -51.529 -65.4715 6
    endloop
  endfacet
  facet normal -0.645755 0.739358 0.190657
    outer loop
      vertex -53.529 -7.97003 6
      vertex -52.5646 -8.93538 13.01
      vertex -52.2161 -8.631 13.01
    endloop
  endfacet
  facet normal -0.648504 0.736936 0.190702
    outer loop
      vertex -52.5646 -8.93538 13.01
      vertex -53.529 -7.97003 6
      vertex -53.5295 -7.97047 6
    endloop
  endfacet
  facet normal 0.0705792 0.982856 0.170328
    outer loop
      vertex 49.0763 -6.47521 6
      vertex 48.7956 -7.66988 13.01
      vertex 50.0568 -6.54562 6
    endloop
  endfacet
  facet normal 0.0706177 -0.982852 0.17034
    outer loop
      vertex 50.0568 -65.7544 6
      vertex 49.6265 -64.5704 13.01
      vertex 48.7956 -64.6301 13.01
    endloop
  endfacet
  facet normal 0.0818242 -0.981891 0.170866
    outer loop
      vertex 49.6265 -64.5704 13.01
      vertex 50.0568 -65.7544 6
      vertex 50.058 -65.7543 6
    endloop
  endfacet
  facet normal 0 0.985702 0.168496
    outer loop
      vertex 47.25 -6.45171 6
      vertex -47.25 -7.65 13.01
      vertex 47.25 -7.65 13.01
    endloop
  endfacet
  facet normal 0 0.985702 0.168496
    outer loop
      vertex -47.25 -7.65 13.01
      vertex 47.25 -6.45171 6
      vertex -47.25 -6.45171 6
    endloop
  endfacet
  facet normal 0.435547 -0.880798 0.185725
    outer loop
      vertex 52.6502 -64.999 6
      vertex 51.3749 -64.1515 13.01
      vertex 52.1238 -65.2593 6
    endloop
  endfacet
  facet normal 0.981258 -0.0892053 0.170806
    outer loop
      vertex 53.8301 -59.5956 13.01
      vertex 55.0247 -59.8774 6
      vertex 55.0248 -59.8763 6
    endloop
  endfacet
  facet normal 0.982853 -0.0706178 0.17033
    outer loop
      vertex 55.0247 -59.8774 6
      vertex 53.8301 -59.5956 13.01
      vertex 53.7704 -60.4265 13.01
    endloop
  endfacet
  facet normal 0.985624 0.0126902 0.168474
    outer loop
      vertex 53.85 -14.25 13.01
      vertex 55.0482 -14.2478 6
      vertex 53.8301 -12.7044 13.01
    endloop
  endfacet
  facet normal 0.984714 0.0447597 0.168329
    outer loop
      vertex 55.0482 -14.2478 6
      vertex 53.85 -14.25 13.01
      vertex 55.0483 -14.25 6
    endloop
  endfacet
  facet normal 0.645824 0.739296 0.190664
    outer loop
      vertex 53.1178 -7.61082 6
      vertex 52.2161 -8.631 13.01
      vertex 53.529 -7.97003 6
    endloop
  endfacet
  facet normal 0.238676 0.954702 0.1777
    outer loop
      vertex 51.5275 -6.82802 6
      vertex 50.8709 -7.96865 13.01
      vertex 51.5283 -6.82822 6
    endloop
  endfacet
  facet normal 0.232392 0.956312 0.177373
    outer loop
      vertex 50.8709 -7.96865 13.01
      vertex 51.5275 -6.82802 6
      vertex 50.2966 -7.82909 13.01
    endloop
  endfacet
  facet normal -0.232377 -0.956315 0.177375
    outer loop
      vertex -50.2966 -64.4709 13.01
      vertex -51.5275 -65.472 6
      vertex -50.8497 -65.6367 6
    endloop
  endfacet
  facet normal -0.974163 -0.14467 0.173429
    outer loop
      vertex -54.9543 -60.858 6
      vertex -53.6709 -61.0965 13.01
      vertex -53.7704 -60.4265 13.01
    endloop
  endfacet
  facet normal -0.974158 -0.144703 0.173427
    outer loop
      vertex -53.6709 -61.0965 13.01
      vertex -54.9543 -60.858 6
      vertex -54.8367 -61.6497 6
    endloop
  endfacet
  facet normal 0 -0.985702 0.168497
    outer loop
      vertex 47.2522 -65.8483 6
      vertex 47.25 -64.65 13.01
      vertex 47.25 -65.8483 6
    endloop
  endfacet
  facet normal 0.0126901 -0.985622 0.168488
    outer loop
      vertex 47.25 -64.65 13.01
      vertex 47.2522 -65.8483 6
      vertex 48.7956 -64.6301 13.01
    endloop
  endfacet
  facet normal 0.0705692 -0.982857 0.170332
    outer loop
      vertex 50.0568 -65.7544 6
      vertex 48.7956 -64.6301 13.01
      vertex 49.0763 -65.8248 6
    endloop
  endfacet
  facet normal 0.818553 -0.542484 0.188898
    outer loop
      vertex 54.1987 -63.4508 6
      vertex 53.131 -62.6209 13.01
      vertex 53.8896 -63.9172 6
    endloop
  endfacet
  facet normal 0.880806 0.435534 0.185718
    outer loop
      vertex 54.1987 -8.84917 6
      vertex 53.131 -9.67907 13.01
      vertex 54.459 -9.37559 6
    endloop
  endfacet
  facet normal -0.0134402 0.985613 0.168481
    outer loop
      vertex -47.2522 -6.45174 6
      vertex -47.25 -7.65 13.01
      vertex -47.25 -6.45171 6
    endloop
  endfacet
  facet normal -0.0126774 0.985623 0.168482
    outer loop
      vertex -47.25 -7.65 13.01
      vertex -47.2522 -6.45174 6
      vertex -48.7956 -7.66988 13.01
    endloop
  endfacet
  facet normal 0.985623 0.0126438 0.168484
    outer loop
      vertex 55.0248 -12.4237 6
      vertex 53.8301 -12.7044 13.01
      vertex 55.0482 -14.2478 6
    endloop
  endfacet
  facet normal 0 -0.985702 0.168497
    outer loop
      vertex -47.25 -65.8483 6
      vertex 47.25 -64.65 13.01
      vertex -47.25 -64.65 13.01
    endloop
  endfacet
  facet normal 0 -0.985702 0.168497
    outer loop
      vertex 47.25 -64.65 13.01
      vertex -47.25 -65.8483 6
      vertex 47.25 -65.8483 6
    endloop
  endfacet
  facet normal -0.985623 0.0126438 0.168484
    outer loop
      vertex -55.0248 -12.4237 6
      vertex -55.0482 -14.2478 6
      vertex -53.8301 -12.7044 13.01
    endloop
  endfacet
  facet normal 0.982853 0.0706178 0.17033
    outer loop
      vertex 53.8301 -12.7044 13.01
      vertex 55.0247 -12.4226 6
      vertex 53.7704 -11.8735 13.01
    endloop
  endfacet
  facet normal 0.981258 0.0892053 0.170806
    outer loop
      vertex 55.0247 -12.4226 6
      vertex 53.8301 -12.7044 13.01
      vertex 55.0248 -12.4237 6
    endloop
  endfacet
  facet normal -0.956318 0.232371 0.177368
    outer loop
      vertex -54.6718 -9.97168 6
      vertex -54.8365 -10.6495 6
      vertex -53.5314 -10.6291 13.01
    endloop
  endfacet
  facet normal -0.144692 0.97416 0.173424
    outer loop
      vertex -50.058 -6.5457 6
      vertex -50.2966 -7.82909 13.01
      vertex -49.6265 -7.72956 13.01
    endloop
  endfacet
  facet normal -0.151389 0.973213 0.173023
    outer loop
      vertex -50.2966 -7.82909 13.01
      vertex -50.058 -6.5457 6
      vertex -50.0589 -6.54584 6
    endloop
  endfacet
  facet normal 0.974158 0.144703 0.173427
    outer loop
      vertex 53.6709 -11.2035 13.01
      vertex 54.9543 -11.442 6
      vertex 54.8367 -10.6503 6
    endloop
  endfacet
  facet normal 0.974163 0.14467 0.173429
    outer loop
      vertex 54.9543 -11.442 6
      vertex 53.6709 -11.2035 13.01
      vertex 53.7704 -11.8735 13.01
    endloop
  endfacet
  facet normal -0.0705943 0.982855 0.170331
    outer loop
      vertex -50.0568 -6.54562 6
      vertex -49.6265 -7.72956 13.01
      vertex -48.7956 -7.66988 13.01
    endloop
  endfacet
  facet normal -0.0655498 0.983246 0.170087
    outer loop
      vertex -49.6265 -7.72956 13.01
      vertex -50.0568 -6.54562 6
      vertex -50.058 -6.5457 6
    endloop
  endfacet
  facet normal 0.905426 0.382575 0.183956
    outer loop
      vertex 53.3515 -10.1251 13.01
      vertex 54.4596 -9.37694 6
      vertex 54.4593 -9.37623 6
    endloop
  endfacet
  facet normal 0.926128 0.330576 0.181678
    outer loop
      vertex 54.4596 -9.37694 6
      vertex 53.3515 -10.1251 13.01
      vertex 53.5314 -10.6291 13.01
    endloop
  endfacet
  facet normal 0.798961 0.570686 0.18968
    outer loop
      vertex 52.869 -9.28388 13.01
      vertex 53.8896 -8.38279 6
      vertex 53.8892 -8.38223 6
    endloop
  endfacet
  facet normal 0.818461 0.542617 0.188911
    outer loop
      vertex 53.8896 -8.38279 6
      vertex 52.869 -9.28388 13.01
      vertex 53.131 -9.67907 13.01
    endloop
  endfacet
  facet normal -0.880832 -0.435479 0.185723
    outer loop
      vertex -54.4593 -62.9238 6
      vertex -53.131 -62.6209 13.01
      vertex -53.3515 -62.1749 13.01
    endloop
  endfacet
  facet normal -0.878899 -0.43945 0.185528
    outer loop
      vertex -53.131 -62.6209 13.01
      vertex -54.4593 -62.9238 6
      vertex -54.459 -62.9244 6
    endloop
  endfacet
  facet normal -0.330479 0.926165 0.181667
    outer loop
      vertex -51.5283 -6.82822 6
      vertex -51.3749 -8.14849 13.01
      vertex -50.8709 -7.96865 13.01
    endloop
  endfacet
  facet normal -0.330741 0.926073 0.181655
    outer loop
      vertex -51.3749 -8.14849 13.01
      vertex -51.5283 -6.82822 6
      vertex -51.529 -6.82847 6
    endloop
  endfacet
  facet normal -0.0126901 -0.985622 0.168488
    outer loop
      vertex -47.2522 -65.8483 6
      vertex -47.25 -64.65 13.01
      vertex -48.7956 -64.6301 13.01
    endloop
  endfacet
  facet normal 0 -0.985702 0.168497
    outer loop
      vertex -47.25 -64.65 13.01
      vertex -47.2522 -65.8483 6
      vertex -47.25 -65.8483 6
    endloop
  endfacet
  facet normal 0.648504 0.736936 0.190702
    outer loop
      vertex 53.529 -7.97003 6
      vertex 52.5646 -8.93538 13.01
      vertex 53.5295 -7.97047 6
    endloop
  endfacet
  facet normal 0.645755 0.739358 0.190657
    outer loop
      vertex 52.5646 -8.93538 13.01
      vertex 53.529 -7.97003 6
      vertex 52.2161 -8.631 13.01
    endloop
  endfacet
  facet normal 0.985702 -0 0.168497
    outer loop
      vertex 53.85 -58.05 13.01
      vertex 55.0483 -14.25 6
      vertex 53.85 -14.25 13.01
    endloop
  endfacet
  facet normal 0.985702 0 0.168497
    outer loop
      vertex 55.0483 -14.25 6
      vertex 53.85 -58.05 13.01
      vertex 55.0483 -58.05 6
    endloop
  endfacet
  facet normal 0.0126774 0.985623 0.168482
    outer loop
      vertex 47.2522 -6.45174 6
      vertex 47.25 -7.65 13.01
      vertex 48.7956 -7.66988 13.01
    endloop
  endfacet
  facet normal 0.0134402 0.985613 0.168481
    outer loop
      vertex 47.25 -7.65 13.01
      vertex 47.2522 -6.45174 6
      vertex 47.25 -6.45171 6
    endloop
  endfacet
  facet normal 0.0126978 -0.985622 0.168486
    outer loop
      vertex 48.7956 -64.6301 13.01
      vertex 47.2522 -65.8483 6
      vertex 49.0763 -65.8248 6
    endloop
  endfacet
  facet normal -0.0705692 -0.982857 0.170332
    outer loop
      vertex -48.7956 -64.6301 13.01
      vertex -50.0568 -65.7544 6
      vertex -49.0763 -65.8248 6
    endloop
  endfacet
  facet normal 0.144649 -0.974166 0.173428
    outer loop
      vertex 50.058 -65.7543 6
      vertex 50.2966 -64.4709 13.01
      vertex 49.6265 -64.5704 13.01
    endloop
  endfacet
  facet normal 0.108719 -0.978469 0.175439
    outer loop
      vertex 50.2966 -64.4709 13.01
      vertex 50.058 -65.7543 6
      vertex 50.0589 -65.7542 6
    endloop
  endfacet
  facet normal 0.818542 0.5425 0.188898
    outer loop
      vertex 53.8896 -8.38279 6
      vertex 53.131 -9.67907 13.01
      vertex 54.1987 -8.84917 6
    endloop
  endfacet
  facet normal 0.985623 -0.0126438 0.168484
    outer loop
      vertex 55.0482 -58.0522 6
      vertex 53.8301 -59.5956 13.01
      vertex 55.0248 -59.8763 6
    endloop
  endfacet
  facet normal 0.232377 0.956316 0.177371
    outer loop
      vertex 50.8497 -6.66332 6
      vertex 50.2966 -7.82909 13.01
      vertex 51.5275 -6.82802 6
    endloop
  endfacet
  facet normal -0.818553 -0.542484 0.188898
    outer loop
      vertex -53.131 -62.6209 13.01
      vertex -54.1987 -63.4508 6
      vertex -53.8896 -63.9172 6
    endloop
  endfacet
  facet normal 0.330424 -0.926184 0.181666
    outer loop
      vertex 52.1238 -65.2593 6
      vertex 51.3749 -64.1515 13.01
      vertex 51.529 -65.4715 6
    endloop
  endfacet
  facet normal -0.0126816 0.985623 0.168481
    outer loop
      vertex -47.2522 -6.45174 6
      vertex -49.0763 -6.47521 6
      vertex -48.7956 -7.66988 13.01
    endloop
  endfacet
  facet normal 0.880832 -0.435479 0.185723
    outer loop
      vertex 53.131 -62.6209 13.01
      vertex 54.4593 -62.9238 6
      vertex 53.3515 -62.1749 13.01
    endloop
  endfacet
  facet normal 0.878899 -0.43945 0.185528
    outer loop
      vertex 54.4593 -62.9238 6
      vertex 53.131 -62.6209 13.01
      vertex 54.459 -62.9244 6
    endloop
  endfacet
  facet normal 0.144719 0.974157 0.173422
    outer loop
      vertex 50.8497 -6.66332 6
      vertex 50.0589 -6.54584 6
      vertex 50.2966 -7.82909 13.01
    endloop
  endfacet
  facet normal 0.330741 0.926073 0.181655
    outer loop
      vertex 51.5283 -6.82822 6
      vertex 51.3749 -8.14849 13.01
      vertex 51.529 -6.82847 6
    endloop
  endfacet
  facet normal 0.330479 0.926165 0.181667
    outer loop
      vertex 51.3749 -8.14849 13.01
      vertex 51.5283 -6.82822 6
      vertex 50.8709 -7.96865 13.01
    endloop
  endfacet
  facet normal 0.956317 -0.232377 0.177368
    outer loop
      vertex 54.8365 -61.6505 6
      vertex 53.5314 -61.6709 13.01
      vertex 54.6718 -62.3283 6
    endloop
  endfacet
  facet normal 0.956344 -0.23226 0.177374
    outer loop
      vertex 53.5314 -61.6709 13.01
      vertex 54.8367 -61.6497 6
      vertex 53.6709 -61.0965 13.01
    endloop
  endfacet
  facet normal 0.954813 -0.238703 0.177069
    outer loop
      vertex 54.8367 -61.6497 6
      vertex 53.5314 -61.6709 13.01
      vertex 54.8365 -61.6505 6
    endloop
  endfacet
  facet normal -0.926185 -0.330425 0.181661
    outer loop
      vertex -53.5314 -61.6709 13.01
      vertex -54.6718 -62.3283 6
      vertex -54.4596 -62.9231 6
    endloop
  endfacet
  facet normal -0.108719 -0.978469 0.175439
    outer loop
      vertex -50.058 -65.7543 6
      vertex -50.2966 -64.4709 13.01
      vertex -50.0589 -65.7542 6
    endloop
  endfacet
  facet normal -0.144649 -0.974166 0.173428
    outer loop
      vertex -50.2966 -64.4709 13.01
      vertex -50.058 -65.7543 6
      vertex -49.6265 -64.5704 13.01
    endloop
  endfacet
  facet normal -0.144743 -0.974152 0.173427
    outer loop
      vertex -50.2966 -64.4709 13.01
      vertex -50.8497 -65.6367 6
      vertex -50.0589 -65.7542 6
    endloop
  endfacet
  facet normal 0.0126816 0.985623 0.168481
    outer loop
      vertex 49.0763 -6.47521 6
      vertex 47.2522 -6.45174 6
      vertex 48.7956 -7.66988 13.01
    endloop
  endfacet
  facet normal -0.739264 0.645863 0.190658
    outer loop
      vertex -53.5295 -7.97047 6
      vertex -53.8888 -8.38173 6
      vertex -52.5646 -8.93538 13.01
    endloop
  endfacet
  facet normal 0.956318 0.232371 0.177368
    outer loop
      vertex 54.6718 -9.97168 6
      vertex 53.5314 -10.6291 13.01
      vertex 54.8365 -10.6495 6
    endloop
  endfacet
  facet normal -0.435547 -0.880798 0.185725
    outer loop
      vertex -51.3749 -64.1515 13.01
      vertex -52.6502 -64.999 6
      vertex -52.1238 -65.2593 6
    endloop
  endfacet
  facet normal 0.645779 -0.739336 0.190662
    outer loop
      vertex 53.529 -64.33 6
      vertex 52.5646 -63.3646 13.01
      vertex 52.2161 -63.669 13.01
    endloop
  endfacet
  facet normal 0.694079 -0.694079 0.191075
    outer loop
      vertex 52.5646 -63.3646 13.01
      vertex 53.529 -64.33 6
      vertex 53.5295 -64.3295 6
    endloop
  endfacet
  facet normal -0.985702 0 0.168497
    outer loop
      vertex -55.0483 -58.05 6
      vertex -53.85 -14.25 13.01
      vertex -55.0483 -14.25 6
    endloop
  endfacet
  facet normal -0.985702 0 0.168497
    outer loop
      vertex -53.85 -14.25 13.01
      vertex -55.0483 -58.05 6
      vertex -53.85 -58.05 13.01
    endloop
  endfacet
  facet normal 0.542464 -0.818563 0.188909
    outer loop
      vertex 52.6508 -64.9987 6
      vertex 52.2161 -63.669 13.01
      vertex 51.8209 -63.9309 13.01
    endloop
  endfacet
  facet normal 0.544727 -0.817091 0.18877
    outer loop
      vertex 52.2161 -63.669 13.01
      vertex 52.6508 -64.9987 6
      vertex 52.6514 -64.9983 6
    endloop
  endfacet
  facet normal 0.0655498 0.983246 0.170087
    outer loop
      vertex 50.0568 -6.54562 6
      vertex 49.6265 -7.72956 13.01
      vertex 50.058 -6.5457 6
    endloop
  endfacet
  facet normal 0.0705943 0.982855 0.170331
    outer loop
      vertex 49.6265 -7.72956 13.01
      vertex 50.0568 -6.54562 6
      vertex 48.7956 -7.66988 13.01
    endloop
  endfacet
  facet normal -0.982856 0.070562 0.170335
    outer loop
      vertex -54.9543 -11.442 6
      vertex -55.0247 -12.4226 6
      vertex -53.7704 -11.8735 13.01
    endloop
  endfacet
  facet normal -0.435573 0.880784 0.185728
    outer loop
      vertex -52.6502 -7.30099 6
      vertex -51.8209 -8.36905 13.01
      vertex -51.3749 -8.14849 13.01
    endloop
  endfacet
  facet normal -0.45098 0.872865 0.186344
    outer loop
      vertex -51.8209 -8.36905 13.01
      vertex -52.6502 -7.30099 6
      vertex -52.6508 -7.3013 6
    endloop
  endfacet
  facet normal 0.818468 -0.542608 0.188912
    outer loop
      vertex 52.869 -63.0161 13.01
      vertex 53.8896 -63.9172 6
      vertex 53.131 -62.6209 13.01
    endloop
  endfacet
  facet normal 0.817058 -0.544705 0.188976
    outer loop
      vertex 53.8896 -63.9172 6
      vertex 52.869 -63.0161 13.01
      vertex 53.8892 -63.9178 6
    endloop
  endfacet
  facet normal 0.739335 -0.645778 0.190666
    outer loop
      vertex 52.5646 -63.3646 13.01
      vertex 53.8892 -63.9178 6
      vertex 52.869 -63.0161 13.01
    endloop
  endfacet
  facet normal 0.766165 -0.612932 0.193144
    outer loop
      vertex 53.8892 -63.9178 6
      vertex 52.5646 -63.3646 13.01
      vertex 53.8888 -63.9183 6
    endloop
  endfacet
  facet normal -0.144719 0.974157 0.173422
    outer loop
      vertex -50.0589 -6.54584 6
      vertex -50.8497 -6.66332 6
      vertex -50.2966 -7.82909 13.01
    endloop
  endfacet
  facet normal -0.880806 0.435534 0.185718
    outer loop
      vertex -54.1987 -8.84917 6
      vertex -54.459 -9.37559 6
      vertex -53.131 -9.67907 13.01
    endloop
  endfacet
  facet normal -0.985623 -0.0126438 0.168484
    outer loop
      vertex -53.8301 -59.5956 13.01
      vertex -55.0482 -58.0522 6
      vertex -55.0248 -59.8763 6
    endloop
  endfacet
  facet normal 0.232377 -0.956315 0.177375
    outer loop
      vertex 51.5275 -65.472 6
      vertex 50.2966 -64.4709 13.01
      vertex 50.8497 -65.6367 6
    endloop
  endfacet
  facet normal 0.144743 -0.974152 0.173427
    outer loop
      vertex 50.2966 -64.4709 13.01
      vertex 50.0589 -65.7542 6
      vertex 50.8497 -65.6367 6
    endloop
  endfacet
  facet normal -0.984714 -0.0447597 0.168329
    outer loop
      vertex -55.0482 -58.0522 6
      vertex -53.85 -58.05 13.01
      vertex -55.0483 -58.05 6
    endloop
  endfacet
  facet normal -0.985624 -0.0126902 0.168474
    outer loop
      vertex -53.85 -58.05 13.01
      vertex -55.0482 -58.0522 6
      vertex -53.8301 -59.5956 13.01
    endloop
  endfacet
  facet normal 0.926127 -0.330576 0.18168
    outer loop
      vertex 53.3515 -62.1749 13.01
      vertex 54.4596 -62.9231 6
      vertex 53.5314 -61.6709 13.01
    endloop
  endfacet
  facet normal 0.903429 -0.387184 0.184134
    outer loop
      vertex 54.4596 -62.9231 6
      vertex 53.3515 -62.1749 13.01
      vertex 54.4593 -62.9238 6
    endloop
  endfacet
  facet normal 0.525315 0.829445 0.18991
    outer loop
      vertex 52.6508 -7.3013 6
      vertex 52.2161 -8.631 13.01
      vertex 52.6514 -7.30168 6
    endloop
  endfacet
  facet normal 0.542536 0.818516 0.188905
    outer loop
      vertex 52.2161 -8.631 13.01
      vertex 52.6508 -7.3013 6
      vertex 51.8209 -8.36905 13.01
    endloop
  endfacet
  facet normal -0.984714 0.0447597 0.168329
    outer loop
      vertex -53.85 -14.25 13.01
      vertex -55.0482 -14.2478 6
      vertex -55.0483 -14.25 6
    endloop
  endfacet
  facet normal -0.985624 0.0126902 0.168474
    outer loop
      vertex -55.0482 -14.2478 6
      vertex -53.85 -14.25 13.01
      vertex -53.8301 -12.7044 13.01
    endloop
  endfacet
  facet normal 0.232298 -0.956336 0.177364
    outer loop
      vertex 51.5275 -65.472 6
      vertex 50.8709 -64.3314 13.01
      vertex 50.2966 -64.4709 13.01
    endloop
  endfacet
  facet normal 0.238676 -0.954703 0.177696
    outer loop
      vertex 50.8709 -64.3314 13.01
      vertex 51.5275 -65.472 6
      vertex 51.5283 -65.4718 6
    endloop
  endfacet
  facet normal 0.542532 0.818519 0.188907
    outer loop
      vertex 52.6514 -7.30168 6
      vertex 52.2161 -8.631 13.01
      vertex 53.1178 -7.61082 6
    endloop
  endfacet
  facet normal -0.0818242 -0.981891 0.170866
    outer loop
      vertex -50.0568 -65.7544 6
      vertex -49.6265 -64.5704 13.01
      vertex -50.058 -65.7543 6
    endloop
  endfacet
  facet normal -0.0706177 -0.982852 0.17034
    outer loop
      vertex -49.6265 -64.5704 13.01
      vertex -50.0568 -65.7544 6
      vertex -48.7956 -64.6301 13.01
    endloop
  endfacet
  facet normal -0.0126978 -0.985622 0.168486
    outer loop
      vertex -48.7956 -64.6301 13.01
      vertex -49.0763 -65.8248 6
      vertex -47.2522 -65.8483 6
    endloop
  endfacet
  facet normal -0.330479 0.926164 0.181667
    outer loop
      vertex -51.529 -6.82847 6
      vertex -52.1238 -7.04071 6
      vertex -51.3749 -8.14849 13.01
    endloop
  endfacet
  facet normal 0.880799 -0.435547 0.185719
    outer loop
      vertex 54.459 -62.9244 6
      vertex 53.131 -62.6209 13.01
      vertex 54.1987 -63.4508 6
    endloop
  endfacet
  facet normal 0.43552 0.880812 0.185721
    outer loop
      vertex 52.1238 -7.04071 6
      vertex 51.3749 -8.14849 13.01
      vertex 52.6502 -7.30099 6
    endloop
  endfacet
  facet normal -0.981258 -0.0892053 0.170806
    outer loop
      vertex -55.0247 -59.8774 6
      vertex -53.8301 -59.5956 13.01
      vertex -55.0248 -59.8763 6
    endloop
  endfacet
  facet normal -0.982853 -0.0706178 0.17033
    outer loop
      vertex -53.8301 -59.5956 13.01
      vertex -55.0247 -59.8774 6
      vertex -53.7704 -60.4265 13.01
    endloop
  endfacet
  facet normal 0.982856 0.070562 0.170335
    outer loop
      vertex 54.9543 -11.442 6
      vertex 53.7704 -11.8735 13.01
      vertex 55.0247 -12.4226 6
    endloop
  endfacet
  facet normal -0.954813 0.238703 0.177069
    outer loop
      vertex -54.8367 -10.6503 6
      vertex -53.5314 -10.6291 13.01
      vertex -54.8365 -10.6495 6
    endloop
  endfacet
  facet normal -0.956344 0.23226 0.177374
    outer loop
      vertex -53.5314 -10.6291 13.01
      vertex -54.8367 -10.6503 6
      vertex -53.6709 -11.2035 13.01
    endloop
  endfacet
  facet normal -0.981258 0.0892053 0.170806
    outer loop
      vertex -53.8301 -12.7044 13.01
      vertex -55.0247 -12.4226 6
      vertex -55.0248 -12.4237 6
    endloop
  endfacet
  facet normal -0.982853 0.0706178 0.17033
    outer loop
      vertex -55.0247 -12.4226 6
      vertex -53.8301 -12.7044 13.01
      vertex -53.7704 -11.8735 13.01
    endloop
  endfacet
  facet normal -0.645824 0.739296 0.190664
    outer loop
      vertex -53.1178 -7.61082 6
      vertex -53.529 -7.97003 6
      vertex -52.2161 -8.631 13.01
    endloop
  endfacet
  facet normal -0.905426 0.382575 0.183956
    outer loop
      vertex -54.4596 -9.37694 6
      vertex -53.3515 -10.1251 13.01
      vertex -54.4593 -9.37623 6
    endloop
  endfacet
  facet normal -0.926128 0.330576 0.181678
    outer loop
      vertex -53.3515 -10.1251 13.01
      vertex -54.4596 -9.37694 6
      vertex -53.5314 -10.6291 13.01
    endloop
  endfacet
  facet normal 0.330577 -0.92613 0.181666
    outer loop
      vertex 51.5283 -65.4718 6
      vertex 51.3749 -64.1515 13.01
      vertex 50.8709 -64.3314 13.01
    endloop
  endfacet
  facet normal 0.387571 -0.904332 0.178808
    outer loop
      vertex 51.3749 -64.1515 13.01
      vertex 51.5283 -65.4718 6
      vertex 51.529 -65.4715 6
    endloop
  endfacet
  facet normal 0.926174 0.330454 0.181663
    outer loop
      vertex 54.4596 -9.37694 6
      vertex 53.5314 -10.6291 13.01
      vertex 54.6718 -9.97168 6
    endloop
  endfacet
  facet normal 0.88956 0.416981 0.186574
    outer loop
      vertex 53.131 -9.67907 13.01
      vertex 54.4593 -9.37623 6
      vertex 54.459 -9.37559 6
    endloop
  endfacet
  facet normal 0.880844 0.435455 0.18572
    outer loop
      vertex 54.4593 -9.37623 6
      vertex 53.131 -9.67907 13.01
      vertex 53.3515 -10.1251 13.01
    endloop
  endfacet
  facet normal -0.956317 -0.232377 0.177368
    outer loop
      vertex -53.5314 -61.6709 13.01
      vertex -54.8365 -61.6505 6
      vertex -54.6718 -62.3283 6
    endloop
  endfacet
  facet normal -0.88956 0.416981 0.186574
    outer loop
      vertex -54.4593 -9.37623 6
      vertex -53.131 -9.67907 13.01
      vertex -54.459 -9.37559 6
    endloop
  endfacet
  facet normal -0.880844 0.435455 0.18572
    outer loop
      vertex -53.131 -9.67907 13.01
      vertex -54.4593 -9.37623 6
      vertex -53.3515 -10.1251 13.01
    endloop
  endfacet
  facet normal 0.974163 -0.14467 0.173429
    outer loop
      vertex 53.6709 -61.0965 13.01
      vertex 54.9543 -60.858 6
      vertex 53.7704 -60.4265 13.01
    endloop
  endfacet
  facet normal 0.974158 -0.144703 0.173427
    outer loop
      vertex 54.9543 -60.858 6
      vertex 53.6709 -61.0965 13.01
      vertex 54.8367 -61.6497 6
    endloop
  endfacet
  facet normal -0.974158 0.144703 0.173427
    outer loop
      vertex -54.9543 -11.442 6
      vertex -53.6709 -11.2035 13.01
      vertex -54.8367 -10.6503 6
    endloop
  endfacet
  facet normal -0.974163 0.14467 0.173429
    outer loop
      vertex -53.6709 -11.2035 13.01
      vertex -54.9543 -11.442 6
      vertex -53.7704 -11.8735 13.01
    endloop
  endfacet
  facet normal 0.330479 0.926164 0.181667
    outer loop
      vertex 51.529 -6.82847 6
      vertex 51.3749 -8.14849 13.01
      vertex 52.1238 -7.04071 6
    endloop
  endfacet
  facet normal -0.43552 0.880812 0.185721
    outer loop
      vertex -52.1238 -7.04071 6
      vertex -52.6502 -7.30099 6
      vertex -51.3749 -8.14849 13.01
    endloop
  endfacet
  facet normal -0.0705792 0.982856 0.170328
    outer loop
      vertex -49.0763 -6.47521 6
      vertex -50.0568 -6.54562 6
      vertex -48.7956 -7.66988 13.01
    endloop
  endfacet
  facet normal 0.739217 -0.645916 0.190658
    outer loop
      vertex 53.8888 -63.9183 6
      vertex 52.5646 -63.3646 13.01
      vertex 53.5295 -64.3295 6
    endloop
  endfacet
  facet normal -0.798961 0.570686 0.18968
    outer loop
      vertex -53.8896 -8.38279 6
      vertex -52.869 -9.28388 13.01
      vertex -53.8892 -8.38223 6
    endloop
  endfacet
  facet normal -0.818461 0.542617 0.188911
    outer loop
      vertex -52.869 -9.28388 13.01
      vertex -53.8896 -8.38279 6
      vertex -53.131 -9.67907 13.01
    endloop
  endfacet
  facet normal -0.880799 -0.435547 0.185719
    outer loop
      vertex -53.131 -62.6209 13.01
      vertex -54.459 -62.9244 6
      vertex -54.1987 -63.4508 6
    endloop
  endfacet
  facet normal -0.982856 -0.070562 0.170335
    outer loop
      vertex -53.7704 -60.4265 13.01
      vertex -55.0247 -59.8774 6
      vertex -54.9543 -60.858 6
    endloop
  endfacet
  facet normal 0.151389 0.973213 0.173023
    outer loop
      vertex 50.058 -6.5457 6
      vertex 50.2966 -7.82909 13.01
      vertex 50.0589 -6.54584 6
    endloop
  endfacet
  facet normal 0.144692 0.97416 0.173424
    outer loop
      vertex 50.2966 -7.82909 13.01
      vertex 50.058 -6.5457 6
      vertex 49.6265 -7.72956 13.01
    endloop
  endfacet
  facet normal -0.542536 0.818516 0.188905
    outer loop
      vertex -52.6508 -7.3013 6
      vertex -52.2161 -8.631 13.01
      vertex -51.8209 -8.36905 13.01
    endloop
  endfacet
  facet normal -0.525315 0.829445 0.18991
    outer loop
      vertex -52.2161 -8.631 13.01
      vertex -52.6508 -7.3013 6
      vertex -52.6514 -7.30168 6
    endloop
  endfacet
  facet normal -0.954813 -0.238703 0.177069
    outer loop
      vertex -53.5314 -61.6709 13.01
      vertex -54.8367 -61.6497 6
      vertex -54.8365 -61.6505 6
    endloop
  endfacet
  facet normal -0.956344 -0.23226 0.177374
    outer loop
      vertex -54.8367 -61.6497 6
      vertex -53.5314 -61.6709 13.01
      vertex -53.6709 -61.0965 13.01
    endloop
  endfacet
  facet normal -0.694079 -0.694079 0.191075
    outer loop
      vertex -53.529 -64.33 6
      vertex -52.5646 -63.3646 13.01
      vertex -53.5295 -64.3295 6
    endloop
  endfacet
  facet normal -0.645779 -0.739336 0.190662
    outer loop
      vertex -52.5646 -63.3646 13.01
      vertex -53.529 -64.33 6
      vertex -52.2161 -63.669 13.01
    endloop
  endfacet
  facet normal 0.542483 -0.818551 0.188908
    outer loop
      vertex 53.1178 -64.6892 6
      vertex 52.2161 -63.669 13.01
      vertex 52.6514 -64.9983 6
    endloop
  endfacet
  facet normal 0.45098 0.872865 0.186344
    outer loop
      vertex 52.6502 -7.30099 6
      vertex 51.8209 -8.36905 13.01
      vertex 52.6508 -7.3013 6
    endloop
  endfacet
  facet normal 0.435573 0.880784 0.185728
    outer loop
      vertex 51.8209 -8.36905 13.01
      vertex 52.6502 -7.30099 6
      vertex 51.3749 -8.14849 13.01
    endloop
  endfacet
  facet normal -0.232377 0.956316 0.177371
    outer loop
      vertex -50.8497 -6.66332 6
      vertex -51.5275 -6.82802 6
      vertex -50.2966 -7.82909 13.01
    endloop
  endfacet
  facet normal -0.818468 -0.542608 0.188912
    outer loop
      vertex -53.8896 -63.9172 6
      vertex -52.869 -63.0161 13.01
      vertex -53.131 -62.6209 13.01
    endloop
  endfacet
  facet normal -0.817058 -0.544705 0.188976
    outer loop
      vertex -52.869 -63.0161 13.01
      vertex -53.8896 -63.9172 6
      vertex -53.8892 -63.9178 6
    endloop
  endfacet
  facet normal -0.926127 -0.330576 0.18168
    outer loop
      vertex -54.4596 -62.9231 6
      vertex -53.3515 -62.1749 13.01
      vertex -53.5314 -61.6709 13.01
    endloop
  endfacet
  facet normal -0.903429 -0.387184 0.184134
    outer loop
      vertex -53.3515 -62.1749 13.01
      vertex -54.4596 -62.9231 6
      vertex -54.4593 -62.9238 6
    endloop
  endfacet
  facet normal -0.645813 -0.739305 0.190666
    outer loop
      vertex -52.2161 -63.669 13.01
      vertex -53.529 -64.33 6
      vertex -53.1178 -64.6892 6
    endloop
  endfacet
  facet normal 0 0 1
    outer loop
      vertex 47.25 -7.65 13.01
      vertex 53.85 -14.25 13.01
      vertex 53.8301 -12.7044 13.01
    endloop
  endfacet
  facet normal 0 0 1
    outer loop
      vertex 53.85 -14.25 13.01
      vertex 47.25 -7.65 13.01
      vertex 53.85 -58.05 13.01
    endloop
  endfacet
  facet normal 0 0 1
    outer loop
      vertex 48.7956 -7.66988 13.01
      vertex 53.8301 -12.7044 13.01
      vertex 53.7704 -11.8735 13.01
    endloop
  endfacet
  facet normal 0 0 1
    outer loop
      vertex 47.25 -64.65 13.01
      vertex 53.85 -58.05 13.01
      vertex 47.25 -7.65 13.01
    endloop
  endfacet
  facet normal 0 0 1
    outer loop
      vertex 49.6265 -7.72956 13.01
      vertex 53.7704 -11.8735 13.01
      vertex 53.6709 -11.2035 13.01
    endloop
  endfacet
  facet normal 0 0 1
    outer loop
      vertex 53.85 -58.05 13.01
      vertex 47.25 -64.65 13.01
      vertex 53.8301 -59.5956 13.01
    endloop
  endfacet
  facet normal 0 0 1
    outer loop
      vertex 50.2966 -7.82909 13.01
      vertex 53.6709 -11.2035 13.01
      vertex 53.5314 -10.6291 13.01
    endloop
  endfacet
  facet normal 0 -0 1
    outer loop
      vertex 48.7956 -64.6301 13.01
      vertex 53.8301 -59.5956 13.01
      vertex 47.25 -64.65 13.01
    endloop
  endfacet
  facet normal 0 0 1
    outer loop
      vertex 50.8709 -7.96865 13.01
      vertex 53.5314 -10.6291 13.01
      vertex 53.3515 -10.1251 13.01
    endloop
  endfacet
  facet normal 0 0 1
    outer loop
      vertex 53.8301 -59.5956 13.01
      vertex 48.7956 -64.6301 13.01
      vertex 53.7704 -60.4265 13.01
    endloop
  endfacet
  facet normal 0 0 1
    outer loop
      vertex 51.3749 -8.14849 13.01
      vertex 53.3515 -10.1251 13.01
      vertex 53.131 -9.67907 13.01
    endloop
  endfacet
  facet normal 0 -0 1
    outer loop
      vertex 49.6265 -64.5704 13.01
      vertex 53.7704 -60.4265 13.01
      vertex 48.7956 -64.6301 13.01
    endloop
  endfacet
  facet normal 0 0 1
    outer loop
      vertex 51.3749 -8.14849 13.01
      vertex 53.131 -9.67907 13.01
      vertex 52.869 -9.28388 13.01
    endloop
  endfacet
  facet normal 0 0 1
    outer loop
      vertex 53.7704 -60.4265 13.01
      vertex 49.6265 -64.5704 13.01
      vertex 53.6709 -61.0965 13.01
    endloop
  endfacet
  facet normal 0 0 1
    outer loop
      vertex 51.3749 -8.14849 13.01
      vertex 52.869 -9.28388 13.01
      vertex 52.5646 -8.93538 13.01
    endloop
  endfacet
  facet normal 0 -0 1
    outer loop
      vertex 50.2966 -64.4709 13.01
      vertex 53.6709 -61.0965 13.01
      vertex 49.6265 -64.5704 13.01
    endloop
  endfacet
  facet normal 0 0 1
    outer loop
      vertex 51.3749 -8.14849 13.01
      vertex 52.5646 -8.93538 13.01
      vertex 52.2161 -8.631 13.01
    endloop
  endfacet
  facet normal 0 0 1
    outer loop
      vertex 53.6709 -61.0965 13.01
      vertex 50.2966 -64.4709 13.01
      vertex 53.5314 -61.6709 13.01
    endloop
  endfacet
  facet normal 0 0 1
    outer loop
      vertex 51.3749 -8.14849 13.01
      vertex 52.2161 -8.631 13.01
      vertex 51.8209 -8.36905 13.01
    endloop
  endfacet
  facet normal 0 -0 1
    outer loop
      vertex 50.8709 -64.3314 13.01
      vertex 53.5314 -61.6709 13.01
      vertex 50.2966 -64.4709 13.01
    endloop
  endfacet
  facet normal 0 0 1
    outer loop
      vertex 53.3515 -10.1251 13.01
      vertex 51.3749 -8.14849 13.01
      vertex 50.8709 -7.96865 13.01
    endloop
  endfacet
  facet normal 0 0 1
    outer loop
      vertex 53.5314 -61.6709 13.01
      vertex 50.8709 -64.3314 13.01
      vertex 53.3515 -62.1749 13.01
    endloop
  endfacet
  facet normal 0 0 1
    outer loop
      vertex 53.5314 -10.6291 13.01
      vertex 50.8709 -7.96865 13.01
      vertex 50.2966 -7.82909 13.01
    endloop
  endfacet
  facet normal 0 -0 1
    outer loop
      vertex 51.3749 -64.1515 13.01
      vertex 53.3515 -62.1749 13.01
      vertex 50.8709 -64.3314 13.01
    endloop
  endfacet
  facet normal 0 0 1
    outer loop
      vertex 53.6709 -11.2035 13.01
      vertex 50.2966 -7.82909 13.01
      vertex 49.6265 -7.72956 13.01
    endloop
  endfacet
  facet normal 0 0 1
    outer loop
      vertex 53.3515 -62.1749 13.01
      vertex 51.3749 -64.1515 13.01
      vertex 53.131 -62.6209 13.01
    endloop
  endfacet
  facet normal 0 0 1
    outer loop
      vertex 53.7704 -11.8735 13.01
      vertex 49.6265 -7.72956 13.01
      vertex 48.7956 -7.66988 13.01
    endloop
  endfacet
  facet normal 0 0 1
    outer loop
      vertex 53.131 -62.6209 13.01
      vertex 51.3749 -64.1515 13.01
      vertex 52.869 -63.0161 13.01
    endloop
  endfacet
  facet normal 0 0 1
    outer loop
      vertex 53.8301 -12.7044 13.01
      vertex 48.7956 -7.66988 13.01
      vertex 47.25 -7.65 13.01
    endloop
  endfacet
  facet normal 0 0 1
    outer loop
      vertex 52.869 -63.0161 13.01
      vertex 51.3749 -64.1515 13.01
      vertex 52.5646 -63.3646 13.01
    endloop
  endfacet
  facet normal 0 0 1
    outer loop
      vertex 52.5646 -63.3646 13.01
      vertex 51.3749 -64.1515 13.01
      vertex 52.2161 -63.669 13.01
    endloop
  endfacet
  facet normal 0 0 1
    outer loop
      vertex 52.2161 -63.669 13.01
      vertex 51.3749 -64.1515 13.01
      vertex 51.8209 -63.9309 13.01
    endloop
  endfacet
  facet normal -0 0 1
    outer loop
      vertex -47.25 -7.65 13.01
      vertex 47.25 -64.65 13.01
      vertex 47.25 -7.65 13.01
    endloop
  endfacet
  facet normal 0 0 1
    outer loop
      vertex -47.25 -7.65 13.01
      vertex -47.25 -64.65 13.01
      vertex 47.25 -64.65 13.01
    endloop
  endfacet
  facet normal 0 0 1
    outer loop
      vertex -53.85 -14.25 13.01
      vertex -47.25 -7.65 13.01
      vertex -48.7956 -7.66988 13.01
    endloop
  endfacet
  facet normal 0 0 1
    outer loop
      vertex -47.25 -7.65 13.01
      vertex -53.85 -14.25 13.01
      vertex -47.25 -64.65 13.01
    endloop
  endfacet
  facet normal 0 0 1
    outer loop
      vertex -53.8301 -12.7044 13.01
      vertex -48.7956 -7.66988 13.01
      vertex -49.6265 -7.72956 13.01
    endloop
  endfacet
  facet normal -0 0 1
    outer loop
      vertex -53.85 -58.05 13.01
      vertex -47.25 -64.65 13.01
      vertex -53.85 -14.25 13.01
    endloop
  endfacet
  facet normal 0 0 1
    outer loop
      vertex -53.7704 -11.8735 13.01
      vertex -49.6265 -7.72956 13.01
      vertex -50.2966 -7.82909 13.01
    endloop
  endfacet
  facet normal 0 0 1
    outer loop
      vertex -47.25 -64.65 13.01
      vertex -53.85 -58.05 13.01
      vertex -48.7956 -64.6301 13.01
    endloop
  endfacet
  facet normal 0 0 1
    outer loop
      vertex -53.6709 -11.2035 13.01
      vertex -50.2966 -7.82909 13.01
      vertex -50.8709 -7.96865 13.01
    endloop
  endfacet
  facet normal -0 -0 1
    outer loop
      vertex -53.8301 -59.5956 13.01
      vertex -48.7956 -64.6301 13.01
      vertex -53.85 -58.05 13.01
    endloop
  endfacet
  facet normal 0 0 1
    outer loop
      vertex -53.5314 -10.6291 13.01
      vertex -50.8709 -7.96865 13.01
      vertex -51.3749 -8.14849 13.01
    endloop
  endfacet
  facet normal 0 0 1
    outer loop
      vertex -48.7956 -64.6301 13.01
      vertex -53.8301 -59.5956 13.01
      vertex -49.6265 -64.5704 13.01
    endloop
  endfacet
  facet normal 0 0 1
    outer loop
      vertex -53.3515 -10.1251 13.01
      vertex -51.3749 -8.14849 13.01
      vertex -51.8209 -8.36905 13.01
    endloop
  endfacet
  facet normal -0 -0 1
    outer loop
      vertex -53.7704 -60.4265 13.01
      vertex -49.6265 -64.5704 13.01
      vertex -53.8301 -59.5956 13.01
    endloop
  endfacet
  facet normal 0 0 1
    outer loop
      vertex -53.3515 -10.1251 13.01
      vertex -51.8209 -8.36905 13.01
      vertex -52.2161 -8.631 13.01
    endloop
  endfacet
  facet normal 0 0 1
    outer loop
      vertex -49.6265 -64.5704 13.01
      vertex -53.7704 -60.4265 13.01
      vertex -50.2966 -64.4709 13.01
    endloop
  endfacet
  facet normal 0 0 1
    outer loop
      vertex -53.3515 -10.1251 13.01
      vertex -52.2161 -8.631 13.01
      vertex -52.5646 -8.93538 13.01
    endloop
  endfacet
  facet normal -0 -0 1
    outer loop
      vertex -53.6709 -61.0965 13.01
      vertex -50.2966 -64.4709 13.01
      vertex -53.7704 -60.4265 13.01
    endloop
  endfacet
  facet normal 0 0 1
    outer loop
      vertex -53.3515 -10.1251 13.01
      vertex -52.5646 -8.93538 13.01
      vertex -52.869 -9.28388 13.01
    endloop
  endfacet
  facet normal 0 0 1
    outer loop
      vertex -50.2966 -64.4709 13.01
      vertex -53.6709 -61.0965 13.01
      vertex -50.8709 -64.3314 13.01
    endloop
  endfacet
  facet normal 0 0 1
    outer loop
      vertex -53.3515 -10.1251 13.01
      vertex -52.869 -9.28388 13.01
      vertex -53.131 -9.67907 13.01
    endloop
  endfacet
  facet normal -0 -0 1
    outer loop
      vertex -53.5314 -61.6709 13.01
      vertex -50.8709 -64.3314 13.01
      vertex -53.6709 -61.0965 13.01
    endloop
  endfacet
  facet normal 0 0 1
    outer loop
      vertex -51.3749 -8.14849 13.01
      vertex -53.3515 -10.1251 13.01
      vertex -53.5314 -10.6291 13.01
    endloop
  endfacet
  facet normal 0 0 1
    outer loop
      vertex -50.8709 -64.3314 13.01
      vertex -53.5314 -61.6709 13.01
      vertex -51.3749 -64.1515 13.01
    endloop
  endfacet
  facet normal 0 0 1
    outer loop
      vertex -50.8709 -7.96865 13.01
      vertex -53.5314 -10.6291 13.01
      vertex -53.6709 -11.2035 13.01
    endloop
  endfacet
  facet normal -0 -0 1
    outer loop
      vertex -53.3515 -62.1749 13.01
      vertex -51.3749 -64.1515 13.01
      vertex -53.5314 -61.6709 13.01
    endloop
  endfacet
  facet normal 0 0 1
    outer loop
      vertex -50.2966 -7.82909 13.01
      vertex -53.6709 -11.2035 13.01
      vertex -53.7704 -11.8735 13.01
    endloop
  endfacet
  facet normal 0 0 1
    outer loop
      vertex -51.3749 -64.1515 13.01
      vertex -53.3515 -62.1749 13.01
      vertex -51.8209 -63.9309 13.01
    endloop
  endfacet
  facet normal 0 0 1
    outer loop
      vertex -49.6265 -7.72956 13.01
      vertex -53.7704 -11.8735 13.01
      vertex -53.8301 -12.7044 13.01
    endloop
  endfacet
  facet normal 0 0 1
    outer loop
      vertex -51.8209 -63.9309 13.01
      vertex -53.3515 -62.1749 13.01
      vertex -52.2161 -63.669 13.01
    endloop
  endfacet
  facet normal 0 0 1
    outer loop
      vertex -48.7956 -7.66988 13.01
      vertex -53.8301 -12.7044 13.01
      vertex -53.85 -14.25 13.01
    endloop
  endfacet
  facet normal 0 0 1
    outer loop
      vertex -52.2161 -63.669 13.01
      vertex -53.3515 -62.1749 13.01
      vertex -52.5646 -63.3646 13.01
    endloop
  endfacet
  facet normal 0 0 1
    outer loop
      vertex -52.5646 -63.3646 13.01
      vertex -53.3515 -62.1749 13.01
      vertex -52.869 -63.0161 13.01
    endloop
  endfacet
  facet normal 0 0 1
    outer loop
      vertex -52.869 -63.0161 13.01
      vertex -53.3515 -62.1749 13.01
      vertex -53.131 -62.6209 13.01
    endloop
  endfacet
  facet normal -0.739217 -0.645916 0.190658
    outer loop
      vertex -52.5646 -63.3646 13.01
      vertex -53.8888 -63.9183 6
      vertex -53.5295 -64.3295 6
    endloop
  endfacet
  facet normal 0.739264 0.645863 0.190658
    outer loop
      vertex 53.5295 -7.97047 6
      vertex 52.5646 -8.93538 13.01
      vertex 53.8888 -8.38173 6
    endloop
  endfacet
  facet normal 0.766166 0.612933 0.193139
    outer loop
      vertex 52.5646 -8.93538 13.01
      vertex 53.8892 -8.38223 6
      vertex 53.8888 -8.38173 6
    endloop
  endfacet
  facet normal 0.739336 0.645779 0.190662
    outer loop
      vertex 53.8892 -8.38223 6
      vertex 52.5646 -8.93538 13.01
      vertex 52.869 -9.28388 13.01
    endloop
  endfacet
  facet normal -0.766166 0.612933 0.193139
    outer loop
      vertex -53.8892 -8.38223 6
      vertex -52.5646 -8.93538 13.01
      vertex -53.8888 -8.38173 6
    endloop
  endfacet
  facet normal -0.739336 0.645779 0.190662
    outer loop
      vertex -52.5646 -8.93538 13.01
      vertex -53.8892 -8.38223 6
      vertex -52.869 -9.28388 13.01
    endloop
  endfacet
  facet normal -0.818542 0.5425 0.188898
    outer loop
      vertex -53.8896 -8.38279 6
      vertex -54.1987 -8.84917 6
      vertex -53.131 -9.67907 13.01
    endloop
  endfacet
  facet normal -0.739335 -0.645778 0.190666
    outer loop
      vertex -53.8892 -63.9178 6
      vertex -52.5646 -63.3646 13.01
      vertex -52.869 -63.0161 13.01
    endloop
  endfacet
  facet normal -0.766165 -0.612932 0.193144
    outer loop
      vertex -52.5646 -63.3646 13.01
      vertex -53.8892 -63.9178 6
      vertex -53.8888 -63.9183 6
    endloop
  endfacet
  facet normal -0.542483 -0.818551 0.188908
    outer loop
      vertex -52.2161 -63.669 13.01
      vertex -53.1178 -64.6892 6
      vertex -52.6514 -64.9983 6
    endloop
  endfacet
  facet normal -0.544727 -0.817091 0.18877
    outer loop
      vertex -52.6508 -64.9987 6
      vertex -52.2161 -63.669 13.01
      vertex -52.6514 -64.9983 6
    endloop
  endfacet
  facet normal -0.542464 -0.818563 0.188909
    outer loop
      vertex -52.2161 -63.669 13.01
      vertex -52.6508 -64.9987 6
      vertex -51.8209 -63.9309 13.01
    endloop
  endfacet
  facet normal -0.439419 -0.878838 0.185891
    outer loop
      vertex -52.6502 -64.999 6
      vertex -51.8209 -63.9309 13.01
      vertex -52.6508 -64.9987 6
    endloop
  endfacet
  facet normal -0.435636 -0.880752 0.185735
    outer loop
      vertex -51.8209 -63.9309 13.01
      vertex -52.6502 -64.999 6
      vertex -51.3749 -64.1515 13.01
    endloop
  endfacet
  facet normal 0.989171 0.14677 0
    outer loop
      vertex -76.9675 -69.7618 12
      vertex -76.9963 -69.5677 6
      vertex -76.9963 -69.5677 12
    endloop
  endfacet
  facet normal 0.989171 0.14677 0
    outer loop
      vertex -76.9963 -69.5677 6
      vertex -76.9675 -69.7618 12
      vertex -76.9675 -69.7618 6
    endloop
  endfacet
  facet normal 0.998804 0.0488961 0
    outer loop
      vertex -76.9579 -69.9579 12
      vertex -76.9675 -69.7618 6
      vertex -76.9675 -69.7618 12
    endloop
  endfacet
  facet normal 0.998804 0.0488961 0
    outer loop
      vertex -76.9675 -69.7618 6
      vertex -76.9579 -69.9579 12
      vertex -76.9579 -69.9579 6
    endloop
  endfacet
  facet normal 0.970023 0.243015 0
    outer loop
      vertex -76.9963 -69.5677 12
      vertex -77.044 -69.3773 6
      vertex -77.044 -69.3773 12
    endloop
  endfacet
  facet normal 0.970023 0.243015 0
    outer loop
      vertex -77.044 -69.3773 6
      vertex -76.9963 -69.5677 12
      vertex -76.9963 -69.5677 6
    endloop
  endfacet
  facet normal -0.741137 0.671353 0
    outer loop
      vertex -80.5039 -68.6891 6
      vertex -80.3721 -68.5436 12
      vertex -80.3721 -68.5436 6
    endloop
  endfacet
  facet normal -0.741137 0.671353 0
    outer loop
      vertex -80.3721 -68.5436 12
      vertex -80.5039 -68.6891 6
      vertex -80.5039 -68.6891 12
    endloop
  endfacet
  facet normal -0.803169 -0.595751 0
    outer loop
      vertex -80.5039 -71.2266 6
      vertex -80.6208 -71.069 12
      vertex -80.6208 -71.069 6
    endloop
  endfacet
  facet normal -0.803169 -0.595751 0
    outer loop
      vertex -80.6208 -71.069 12
      vertex -80.5039 -71.2266 6
      vertex -80.5039 -71.2266 12
    endloop
  endfacet
  facet normal 0.513971 -0.857807 0
    outer loop
      vertex -78.0151 -71.7217 6
      vertex -77.8467 -71.6208 12
      vertex -78.0151 -71.7217 12
    endloop
  endfacet
  facet normal 0.513971 -0.857807 0
    outer loop
      vertex -77.8467 -71.6208 12
      vertex -78.0151 -71.7217 6
      vertex -77.8467 -71.6208 6
    endloop
  endfacet
  facet normal 0.803169 0.595751 0
    outer loop
      vertex -77.2949 -68.8467 12
      vertex -77.4118 -68.6891 6
      vertex -77.4118 -68.6891 12
    endloop
  endfacet
  facet normal 0.803169 0.595751 0
    outer loop
      vertex -77.4118 -68.6891 6
      vertex -77.2949 -68.8467 12
      vertex -77.2949 -68.8467 6
    endloop
  endfacet
  facet normal -0.14677 0.989171 0
    outer loop
      vertex -79.1539 -67.9675 6
      vertex -79.348 -67.9963 12
      vertex -79.1539 -67.9675 12
    endloop
  endfacet
  facet normal -0.14677 0.989171 0
    outer loop
      vertex -79.348 -67.9963 12
      vertex -79.1539 -67.9675 6
      vertex -79.348 -67.9963 6
    endloop
  endfacet
  facet normal 0.94158 0.336788 0
    outer loop
      vertex -77.044 -69.3773 12
      vertex -77.1101 -69.1925 6
      vertex -77.1101 -69.1925 12
    endloop
  endfacet
  facet normal 0.94158 0.336788 0
    outer loop
      vertex -77.1101 -69.1925 6
      vertex -77.044 -69.3773 12
      vertex -77.044 -69.3773 6
    endloop
  endfacet
  facet normal 0.970023 -0.243015 0
    outer loop
      vertex -77.044 -70.5384 12
      vertex -76.9963 -70.348 6
      vertex -76.9963 -70.348 12
    endloop
  endfacet
  facet normal 0.970023 -0.243015 0
    outer loop
      vertex -76.9963 -70.348 6
      vertex -77.044 -70.5384 12
      vertex -77.044 -70.5384 6
    endloop
  endfacet
  facet normal -0.970023 -0.243015 0
    outer loop
      vertex -80.8717 -70.5384 6
      vertex -80.9194 -70.348 12
      vertex -80.9194 -70.348 6
    endloop
  endfacet
  facet normal -0.970023 -0.243015 0
    outer loop
      vertex -80.9194 -70.348 12
      vertex -80.8717 -70.5384 6
      vertex -80.8717 -70.5384 12
    endloop
  endfacet
  facet normal -0.514196 -0.857673 0
    outer loop
      vertex -80.069 -71.6208 6
      vertex -79.9007 -71.7217 12
      vertex -80.069 -71.6208 12
    endloop
  endfacet
  facet normal -0.514196 -0.857673 -0
    outer loop
      vertex -79.9007 -71.7217 12
      vertex -80.069 -71.6208 6
      vertex -79.9007 -71.7217 6
    endloop
  endfacet
  facet normal -0.94158 0.336788 0
    outer loop
      vertex -80.8717 -69.3773 6
      vertex -80.8056 -69.1925 12
      vertex -80.8056 -69.1925 6
    endloop
  endfacet
  facet normal -0.94158 0.336788 0
    outer loop
      vertex -80.8056 -69.1925 12
      vertex -80.8717 -69.3773 6
      vertex -80.8717 -69.3773 12
    endloop
  endfacet
  facet normal -0.595751 0.803169 0
    outer loop
      vertex -80.069 -68.2949 6
      vertex -80.2266 -68.4118 12
      vertex -80.069 -68.2949 12
    endloop
  endfacet
  facet normal -0.595751 0.803169 0
    outer loop
      vertex -80.2266 -68.4118 12
      vertex -80.069 -68.2949 6
      vertex -80.2266 -68.4118 6
    endloop
  endfacet
  facet normal -0.94158 -0.336788 0
    outer loop
      vertex -80.8056 -70.7232 6
      vertex -80.8717 -70.5384 12
      vertex -80.8717 -70.5384 6
    endloop
  endfacet
  facet normal -0.94158 -0.336788 0
    outer loop
      vertex -80.8717 -70.5384 12
      vertex -80.8056 -70.7232 6
      vertex -80.8056 -70.7232 12
    endloop
  endfacet
  facet normal 0.336788 0.94158 -0
    outer loop
      vertex -78.1925 -68.1101 6
      vertex -78.3773 -68.044 12
      vertex -78.1925 -68.1101 12
    endloop
  endfacet
  facet normal 0.336788 0.94158 0
    outer loop
      vertex -78.3773 -68.044 12
      vertex -78.1925 -68.1101 6
      vertex -78.3773 -68.044 6
    endloop
  endfacet
  facet normal -0.803169 0.595751 0
    outer loop
      vertex -80.6208 -68.8467 6
      vertex -80.5039 -68.6891 12
      vertex -80.5039 -68.6891 6
    endloop
  endfacet
  facet normal -0.803169 0.595751 0
    outer loop
      vertex -80.5039 -68.6891 12
      vertex -80.6208 -68.8467 6
      vertex -80.6208 -68.8467 12
    endloop
  endfacet
  facet normal -0.857673 -0.514196 0
    outer loop
      vertex -80.6208 -71.069 6
      vertex -80.7217 -70.9007 12
      vertex -80.7217 -70.9007 6
    endloop
  endfacet
  facet normal -0.857673 -0.514196 0
    outer loop
      vertex -80.7217 -70.9007 12
      vertex -80.6208 -71.069 6
      vertex -80.6208 -71.069 12
    endloop
  endfacet
  facet normal 0.857673 -0.514196 0
    outer loop
      vertex -77.2949 -71.069 12
      vertex -77.194 -70.9007 6
      vertex -77.194 -70.9007 12
    endloop
  endfacet
  facet normal 0.857673 -0.514196 0
    outer loop
      vertex -77.194 -70.9007 6
      vertex -77.2949 -71.069 12
      vertex -77.2949 -71.069 6
    endloop
  endfacet
  facet normal -0.671353 0.741137 0
    outer loop
      vertex -80.2266 -68.4118 6
      vertex -80.3721 -68.5436 12
      vertex -80.2266 -68.4118 12
    endloop
  endfacet
  facet normal -0.671353 0.741137 0
    outer loop
      vertex -80.3721 -68.5436 12
      vertex -80.2266 -68.4118 6
      vertex -80.3721 -68.5436 6
    endloop
  endfacet
  facet normal -0.998778 -0.0494293 0
    outer loop
      vertex -80.9482 -70.1539 6
      vertex -80.9579 -69.9579 12
      vertex -80.9579 -69.9579 6
    endloop
  endfacet
  facet normal -0.998778 -0.0494293 0
    outer loop
      vertex -80.9579 -69.9579 12
      vertex -80.9482 -70.1539 6
      vertex -80.9482 -70.1539 12
    endloop
  endfacet
  facet normal 0.90409 -0.427342 0
    outer loop
      vertex -77.194 -70.9007 12
      vertex -77.1101 -70.7232 6
      vertex -77.1101 -70.7232 12
    endloop
  endfacet
  facet normal 0.90409 -0.427342 0
    outer loop
      vertex -77.1101 -70.7232 6
      vertex -77.194 -70.9007 12
      vertex -77.194 -70.9007 6
    endloop
  endfacet
  facet normal 0.513971 0.857807 -0
    outer loop
      vertex -77.8467 -68.2949 6
      vertex -78.0151 -68.194 12
      vertex -77.8467 -68.2949 12
    endloop
  endfacet
  facet normal 0.513971 0.857807 0
    outer loop
      vertex -78.0151 -68.194 12
      vertex -77.8467 -68.2949 6
      vertex -78.0151 -68.194 6
    endloop
  endfacet
  facet normal 0.903997 0.427539 0
    outer loop
      vertex -77.1101 -69.1925 12
      vertex -77.194 -69.0151 6
      vertex -77.194 -69.0151 12
    endloop
  endfacet
  facet normal 0.903997 0.427539 0
    outer loop
      vertex -77.194 -69.0151 6
      vertex -77.1101 -69.1925 12
      vertex -77.1101 -69.1925 6
    endloop
  endfacet
  facet normal -0.336788 0.94158 0
    outer loop
      vertex -79.5384 -68.044 6
      vertex -79.7232 -68.1101 12
      vertex -79.5384 -68.044 12
    endloop
  endfacet
  facet normal -0.336788 0.94158 0
    outer loop
      vertex -79.7232 -68.1101 12
      vertex -79.5384 -68.044 6
      vertex -79.7232 -68.1101 6
    endloop
  endfacet
  facet normal 0.243015 -0.970023 0
    outer loop
      vertex -78.5677 -71.9194 6
      vertex -78.3773 -71.8717 12
      vertex -78.5677 -71.9194 12
    endloop
  endfacet
  facet normal 0.243015 -0.970023 0
    outer loop
      vertex -78.3773 -71.8717 12
      vertex -78.5677 -71.9194 6
      vertex -78.3773 -71.8717 6
    endloop
  endfacet
  facet normal 0.741137 -0.671353 0
    outer loop
      vertex -77.5436 -71.3721 12
      vertex -77.4118 -71.2266 6
      vertex -77.4118 -71.2266 12
    endloop
  endfacet
  facet normal 0.741137 -0.671353 0
    outer loop
      vertex -77.4118 -71.2266 6
      vertex -77.5436 -71.3721 12
      vertex -77.5436 -71.3721 6
    endloop
  endfacet
  facet normal 0.243015 0.970023 -0
    outer loop
      vertex -78.3773 -68.044 6
      vertex -78.5677 -67.9963 12
      vertex -78.3773 -68.044 12
    endloop
  endfacet
  facet normal 0.243015 0.970023 0
    outer loop
      vertex -78.5677 -67.9963 12
      vertex -78.3773 -68.044 6
      vertex -78.5677 -67.9963 6
    endloop
  endfacet
  facet normal -0.0494293 -0.998778 0
    outer loop
      vertex -79.1539 -71.9482 6
      vertex -78.9579 -71.9579 12
      vertex -79.1539 -71.9482 12
    endloop
  endfacet
  facet normal -0.0494293 -0.998778 -0
    outer loop
      vertex -78.9579 -71.9579 12
      vertex -79.1539 -71.9482 6
      vertex -78.9579 -71.9579 6
    endloop
  endfacet
  facet normal 0.14677 -0.989171 0
    outer loop
      vertex -78.7618 -71.9482 6
      vertex -78.5677 -71.9194 12
      vertex -78.7618 -71.9482 12
    endloop
  endfacet
  facet normal 0.14677 -0.989171 0
    outer loop
      vertex -78.5677 -71.9194 12
      vertex -78.7618 -71.9482 6
      vertex -78.5677 -71.9194 6
    endloop
  endfacet
  facet normal 0.741137 0.671353 0
    outer loop
      vertex -77.4118 -68.6891 12
      vertex -77.5436 -68.5436 6
      vertex -77.5436 -68.5436 12
    endloop
  endfacet
  facet normal 0.741137 0.671353 0
    outer loop
      vertex -77.5436 -68.5436 6
      vertex -77.4118 -68.6891 12
      vertex -77.4118 -68.6891 6
    endloop
  endfacet
  facet normal 0.857807 0.513971 0
    outer loop
      vertex -77.194 -69.0151 12
      vertex -77.2949 -68.8467 6
      vertex -77.2949 -68.8467 12
    endloop
  endfacet
  facet normal 0.857807 0.513971 0
    outer loop
      vertex -77.2949 -68.8467 6
      vertex -77.194 -69.0151 12
      vertex -77.194 -69.0151 6
    endloop
  endfacet
  facet normal 0.989171 -0.14677 0
    outer loop
      vertex -76.9963 -70.348 12
      vertex -76.9675 -70.1539 6
      vertex -76.9675 -70.1539 12
    endloop
  endfacet
  facet normal 0.989171 -0.14677 0
    outer loop
      vertex -76.9675 -70.1539 6
      vertex -76.9963 -70.348 12
      vertex -76.9963 -70.348 6
    endloop
  endfacet
  facet normal 0.998803 -0.0489209 0
    outer loop
      vertex -76.9675 -70.1539 12
      vertex -76.9579 -69.9579 6
      vertex -76.9579 -69.9579 12
    endloop
  endfacet
  facet normal 0.998803 -0.0489209 0
    outer loop
      vertex -76.9579 -69.9579 6
      vertex -76.9675 -70.1539 12
      vertex -76.9675 -70.1539 6
    endloop
  endfacet
  facet normal -0.243015 -0.970023 0
    outer loop
      vertex -79.5384 -71.8717 6
      vertex -79.348 -71.9194 12
      vertex -79.5384 -71.8717 12
    endloop
  endfacet
  facet normal -0.243015 -0.970023 -0
    outer loop
      vertex -79.348 -71.9194 12
      vertex -79.5384 -71.8717 6
      vertex -79.348 -71.9194 6
    endloop
  endfacet
  facet normal -0.903997 0.427539 0
    outer loop
      vertex -80.8056 -69.1925 6
      vertex -80.7217 -69.0151 12
      vertex -80.7217 -69.0151 6
    endloop
  endfacet
  facet normal -0.903997 0.427539 0
    outer loop
      vertex -80.7217 -69.0151 12
      vertex -80.8056 -69.1925 6
      vertex -80.8056 -69.1925 12
    endloop
  endfacet
  facet normal 0.671353 -0.741137 0
    outer loop
      vertex -77.6891 -71.5039 6
      vertex -77.5436 -71.3721 12
      vertex -77.6891 -71.5039 12
    endloop
  endfacet
  facet normal 0.671353 -0.741137 0
    outer loop
      vertex -77.5436 -71.3721 12
      vertex -77.6891 -71.5039 6
      vertex -77.5436 -71.3721 6
    endloop
  endfacet
  facet normal 0.427539 0.903997 -0
    outer loop
      vertex -78.0151 -68.194 6
      vertex -78.1925 -68.1101 12
      vertex -78.0151 -68.194 12
    endloop
  endfacet
  facet normal 0.427539 0.903997 0
    outer loop
      vertex -78.1925 -68.1101 12
      vertex -78.0151 -68.194 6
      vertex -78.1925 -68.1101 6
    endloop
  endfacet
  facet normal 0.595751 0.803169 -0
    outer loop
      vertex -77.6891 -68.4118 6
      vertex -77.8467 -68.2949 12
      vertex -77.6891 -68.4118 12
    endloop
  endfacet
  facet normal 0.595751 0.803169 0
    outer loop
      vertex -77.8467 -68.2949 12
      vertex -77.6891 -68.4118 6
      vertex -77.8467 -68.2949 6
    endloop
  endfacet
  facet normal 0.427539 -0.903997 0
    outer loop
      vertex -78.1925 -71.8056 6
      vertex -78.0151 -71.7217 12
      vertex -78.1925 -71.8056 12
    endloop
  endfacet
  facet normal 0.427539 -0.903997 0
    outer loop
      vertex -78.0151 -71.7217 12
      vertex -78.1925 -71.8056 6
      vertex -78.0151 -71.7217 6
    endloop
  endfacet
  facet normal -0.427342 0.90409 0
    outer loop
      vertex -79.7232 -68.1101 6
      vertex -79.9007 -68.194 12
      vertex -79.7232 -68.1101 12
    endloop
  endfacet
  facet normal -0.427342 0.90409 0
    outer loop
      vertex -79.9007 -68.194 12
      vertex -79.7232 -68.1101 6
      vertex -79.9007 -68.194 6
    endloop
  endfacet
  facet normal 0.0488961 0.998804 -0
    outer loop
      vertex -78.7618 -67.9675 6
      vertex -78.9579 -67.9579 12
      vertex -78.7618 -67.9675 12
    endloop
  endfacet
  facet normal 0.0488961 0.998804 0
    outer loop
      vertex -78.9579 -67.9579 12
      vertex -78.7618 -67.9675 6
      vertex -78.9579 -67.9579 6
    endloop
  endfacet
  facet normal 0.94158 -0.336788 0
    outer loop
      vertex -77.1101 -70.7232 12
      vertex -77.044 -70.5384 6
      vertex -77.044 -70.5384 12
    endloop
  endfacet
  facet normal 0.94158 -0.336788 0
    outer loop
      vertex -77.044 -70.5384 6
      vertex -77.1101 -70.7232 12
      vertex -77.1101 -70.7232 6
    endloop
  endfacet
  facet normal -0.970023 0.243015 0
    outer loop
      vertex -80.9194 -69.5677 6
      vertex -80.8717 -69.3773 12
      vertex -80.8717 -69.3773 6
    endloop
  endfacet
  facet normal -0.970023 0.243015 0
    outer loop
      vertex -80.8717 -69.3773 12
      vertex -80.9194 -69.5677 6
      vertex -80.9194 -69.5677 12
    endloop
  endfacet
  facet normal -0.671353 -0.741137 0
    outer loop
      vertex -80.3721 -71.3721 6
      vertex -80.2266 -71.5039 12
      vertex -80.3721 -71.3721 12
    endloop
  endfacet
  facet normal -0.671353 -0.741137 -0
    outer loop
      vertex -80.2266 -71.5039 12
      vertex -80.3721 -71.3721 6
      vertex -80.2266 -71.5039 6
    endloop
  endfacet
  facet normal -0.741137 -0.671353 0
    outer loop
      vertex -80.3721 -71.3721 6
      vertex -80.5039 -71.2266 12
      vertex -80.5039 -71.2266 6
    endloop
  endfacet
  facet normal -0.741137 -0.671353 0
    outer loop
      vertex -80.5039 -71.2266 12
      vertex -80.3721 -71.3721 6
      vertex -80.3721 -71.3721 12
    endloop
  endfacet
  facet normal 0.803169 -0.595751 0
    outer loop
      vertex -77.4118 -71.2266 12
      vertex -77.2949 -71.069 6
      vertex -77.2949 -71.069 12
    endloop
  endfacet
  facet normal 0.803169 -0.595751 0
    outer loop
      vertex -77.2949 -71.069 6
      vertex -77.4118 -71.2266 12
      vertex -77.4118 -71.2266 6
    endloop
  endfacet
  facet normal 0.671353 0.741137 -0
    outer loop
      vertex -77.5436 -68.5436 6
      vertex -77.6891 -68.4118 12
      vertex -77.5436 -68.5436 12
    endloop
  endfacet
  facet normal 0.671353 0.741137 0
    outer loop
      vertex -77.6891 -68.4118 12
      vertex -77.5436 -68.5436 6
      vertex -77.6891 -68.4118 6
    endloop
  endfacet
  facet normal -0.336788 -0.94158 0
    outer loop
      vertex -79.7232 -71.8056 6
      vertex -79.5384 -71.8717 12
      vertex -79.7232 -71.8056 12
    endloop
  endfacet
  facet normal -0.336788 -0.94158 -0
    outer loop
      vertex -79.5384 -71.8717 12
      vertex -79.7232 -71.8056 6
      vertex -79.5384 -71.8717 6
    endloop
  endfacet
  facet normal -0.243015 0.970023 0
    outer loop
      vertex -79.348 -67.9963 6
      vertex -79.5384 -68.044 12
      vertex -79.348 -67.9963 12
    endloop
  endfacet
  facet normal -0.243015 0.970023 0
    outer loop
      vertex -79.5384 -68.044 12
      vertex -79.348 -67.9963 6
      vertex -79.5384 -68.044 6
    endloop
  endfacet
  facet normal 0.336788 -0.94158 0
    outer loop
      vertex -78.3773 -71.8717 6
      vertex -78.1925 -71.8056 12
      vertex -78.3773 -71.8717 12
    endloop
  endfacet
  facet normal 0.336788 -0.94158 0
    outer loop
      vertex -78.1925 -71.8056 12
      vertex -78.3773 -71.8717 6
      vertex -78.1925 -71.8056 6
    endloop
  endfacet
  facet normal -0.0489209 0.998803 0
    outer loop
      vertex -78.9579 -67.9579 6
      vertex -79.1539 -67.9675 12
      vertex -78.9579 -67.9579 12
    endloop
  endfacet
  facet normal -0.0489209 0.998803 0
    outer loop
      vertex -79.1539 -67.9675 12
      vertex -78.9579 -67.9579 6
      vertex -79.1539 -67.9675 6
    endloop
  endfacet
  facet normal 0.0494042 -0.998779 0
    outer loop
      vertex -78.9579 -71.9579 6
      vertex -78.7618 -71.9482 12
      vertex -78.9579 -71.9579 12
    endloop
  endfacet
  facet normal 0.0494042 -0.998779 0
    outer loop
      vertex -78.7618 -71.9482 12
      vertex -78.9579 -71.9579 6
      vertex -78.7618 -71.9482 6
    endloop
  endfacet
  facet normal -0.989171 -0.14677 0
    outer loop
      vertex -80.9194 -70.348 6
      vertex -80.9482 -70.1539 12
      vertex -80.9482 -70.1539 6
    endloop
  endfacet
  facet normal -0.989171 -0.14677 0
    outer loop
      vertex -80.9482 -70.1539 12
      vertex -80.9194 -70.348 6
      vertex -80.9194 -70.348 12
    endloop
  endfacet
  facet normal 0.595751 -0.803169 0
    outer loop
      vertex -77.8467 -71.6208 6
      vertex -77.6891 -71.5039 12
      vertex -77.8467 -71.6208 12
    endloop
  endfacet
  facet normal 0.595751 -0.803169 0
    outer loop
      vertex -77.6891 -71.5039 12
      vertex -77.8467 -71.6208 6
      vertex -77.6891 -71.5039 6
    endloop
  endfacet
  facet normal -0.90409 -0.427342 0
    outer loop
      vertex -80.7217 -70.9007 6
      vertex -80.8056 -70.7232 12
      vertex -80.8056 -70.7232 6
    endloop
  endfacet
  facet normal -0.90409 -0.427342 0
    outer loop
      vertex -80.8056 -70.7232 12
      vertex -80.7217 -70.9007 6
      vertex -80.7217 -70.9007 12
    endloop
  endfacet
  facet normal -0.998779 0.0494042 0
    outer loop
      vertex -80.9579 -69.9579 6
      vertex -80.9482 -69.7618 12
      vertex -80.9482 -69.7618 6
    endloop
  endfacet
  facet normal -0.998779 0.0494042 0
    outer loop
      vertex -80.9482 -69.7618 12
      vertex -80.9579 -69.9579 6
      vertex -80.9579 -69.9579 12
    endloop
  endfacet
  facet normal -0.989171 0.14677 0
    outer loop
      vertex -80.9482 -69.7618 6
      vertex -80.9194 -69.5677 12
      vertex -80.9194 -69.5677 6
    endloop
  endfacet
  facet normal -0.989171 0.14677 0
    outer loop
      vertex -80.9194 -69.5677 12
      vertex -80.9482 -69.7618 6
      vertex -80.9482 -69.7618 12
    endloop
  endfacet
  facet normal -0.14677 -0.989171 0
    outer loop
      vertex -79.348 -71.9194 6
      vertex -79.1539 -71.9482 12
      vertex -79.348 -71.9194 12
    endloop
  endfacet
  facet normal -0.14677 -0.989171 -0
    outer loop
      vertex -79.1539 -71.9482 12
      vertex -79.348 -71.9194 6
      vertex -79.1539 -71.9482 6
    endloop
  endfacet
  facet normal -0.595751 -0.803169 0
    outer loop
      vertex -80.2266 -71.5039 6
      vertex -80.069 -71.6208 12
      vertex -80.2266 -71.5039 12
    endloop
  endfacet
  facet normal -0.595751 -0.803169 -0
    outer loop
      vertex -80.069 -71.6208 12
      vertex -80.2266 -71.5039 6
      vertex -80.069 -71.6208 6
    endloop
  endfacet
  facet normal -0.514196 0.857673 0
    outer loop
      vertex -79.9007 -68.194 6
      vertex -80.069 -68.2949 12
      vertex -79.9007 -68.194 12
    endloop
  endfacet
  facet normal -0.514196 0.857673 0
    outer loop
      vertex -80.069 -68.2949 12
      vertex -79.9007 -68.194 6
      vertex -80.069 -68.2949 6
    endloop
  endfacet
  facet normal 0.14677 0.989171 -0
    outer loop
      vertex -78.5677 -67.9963 6
      vertex -78.7618 -67.9675 12
      vertex -78.5677 -67.9963 12
    endloop
  endfacet
  facet normal 0.14677 0.989171 0
    outer loop
      vertex -78.7618 -67.9675 12
      vertex -78.5677 -67.9963 6
      vertex -78.7618 -67.9675 6
    endloop
  endfacet
  facet normal -0.427342 -0.90409 0
    outer loop
      vertex -79.9007 -71.7217 6
      vertex -79.7232 -71.8056 12
      vertex -79.9007 -71.7217 12
    endloop
  endfacet
  facet normal -0.427342 -0.90409 -0
    outer loop
      vertex -79.7232 -71.8056 12
      vertex -79.9007 -71.7217 6
      vertex -79.7232 -71.8056 6
    endloop
  endfacet
  facet normal 0 0 1
    outer loop
      vertex -76.9675 -69.7618 12
      vertex -76.9675 -70.1539 12
      vertex -76.9579 -69.9579 12
    endloop
  endfacet
  facet normal 0 0 1
    outer loop
      vertex -76.9963 -69.5677 12
      vertex -76.9675 -70.1539 12
      vertex -76.9675 -69.7618 12
    endloop
  endfacet
  facet normal 0 0 1
    outer loop
      vertex -76.9963 -69.5677 12
      vertex -76.9963 -70.348 12
      vertex -76.9675 -70.1539 12
    endloop
  endfacet
  facet normal 0 0 1
    outer loop
      vertex -77.044 -69.3773 12
      vertex -76.9963 -70.348 12
      vertex -76.9963 -69.5677 12
    endloop
  endfacet
  facet normal 0 0 1
    outer loop
      vertex -77.044 -69.3773 12
      vertex -77.044 -70.5384 12
      vertex -76.9963 -70.348 12
    endloop
  endfacet
  facet normal 0 0 1
    outer loop
      vertex -77.1101 -69.1925 12
      vertex -77.044 -70.5384 12
      vertex -77.044 -69.3773 12
    endloop
  endfacet
  facet normal 0 0 1
    outer loop
      vertex -77.1101 -69.1925 12
      vertex -77.1101 -70.7232 12
      vertex -77.044 -70.5384 12
    endloop
  endfacet
  facet normal 0 0 1
    outer loop
      vertex -77.194 -69.0151 12
      vertex -77.1101 -70.7232 12
      vertex -77.1101 -69.1925 12
    endloop
  endfacet
  facet normal 0 0 1
    outer loop
      vertex -77.194 -69.0151 12
      vertex -77.194 -70.9007 12
      vertex -77.1101 -70.7232 12
    endloop
  endfacet
  facet normal 0 0 1
    outer loop
      vertex -77.2949 -68.8467 12
      vertex -77.194 -70.9007 12
      vertex -77.194 -69.0151 12
    endloop
  endfacet
  facet normal 0 0 1
    outer loop
      vertex -77.2949 -68.8467 12
      vertex -77.2949 -71.069 12
      vertex -77.194 -70.9007 12
    endloop
  endfacet
  facet normal 0 0 1
    outer loop
      vertex -77.4118 -68.6891 12
      vertex -77.2949 -71.069 12
      vertex -77.2949 -68.8467 12
    endloop
  endfacet
  facet normal 0 0 1
    outer loop
      vertex -77.4118 -68.6891 12
      vertex -77.4118 -71.2266 12
      vertex -77.2949 -71.069 12
    endloop
  endfacet
  facet normal 0 0 1
    outer loop
      vertex -77.5436 -68.5436 12
      vertex -77.4118 -71.2266 12
      vertex -77.4118 -68.6891 12
    endloop
  endfacet
  facet normal 0 0 1
    outer loop
      vertex -77.5436 -68.5436 12
      vertex -77.5436 -71.3721 12
      vertex -77.4118 -71.2266 12
    endloop
  endfacet
  facet normal 0 0 1
    outer loop
      vertex -77.6891 -68.4118 12
      vertex -77.5436 -71.3721 12
      vertex -77.5436 -68.5436 12
    endloop
  endfacet
  facet normal 0 0 1
    outer loop
      vertex -77.6891 -68.4118 12
      vertex -77.6891 -71.5039 12
      vertex -77.5436 -71.3721 12
    endloop
  endfacet
  facet normal 0 0 1
    outer loop
      vertex -77.8467 -68.2949 12
      vertex -77.6891 -71.5039 12
      vertex -77.6891 -68.4118 12
    endloop
  endfacet
  facet normal 0 0 1
    outer loop
      vertex -77.8467 -68.2949 12
      vertex -77.8467 -71.6208 12
      vertex -77.6891 -71.5039 12
    endloop
  endfacet
  facet normal 0 0 1
    outer loop
      vertex -78.0151 -68.194 12
      vertex -77.8467 -71.6208 12
      vertex -77.8467 -68.2949 12
    endloop
  endfacet
  facet normal 0 0 1
    outer loop
      vertex -78.0151 -68.194 12
      vertex -78.0151 -71.7217 12
      vertex -77.8467 -71.6208 12
    endloop
  endfacet
  facet normal 0 0 1
    outer loop
      vertex -78.1925 -68.1101 12
      vertex -78.0151 -71.7217 12
      vertex -78.0151 -68.194 12
    endloop
  endfacet
  facet normal 0 0 1
    outer loop
      vertex -78.1925 -68.1101 12
      vertex -78.1925 -71.8056 12
      vertex -78.0151 -71.7217 12
    endloop
  endfacet
  facet normal 0 0 1
    outer loop
      vertex -78.3773 -68.044 12
      vertex -78.1925 -71.8056 12
      vertex -78.1925 -68.1101 12
    endloop
  endfacet
  facet normal 0 0 1
    outer loop
      vertex -78.3773 -68.044 12
      vertex -78.3773 -71.8717 12
      vertex -78.1925 -71.8056 12
    endloop
  endfacet
  facet normal 0 0 1
    outer loop
      vertex -78.5677 -67.9963 12
      vertex -78.3773 -71.8717 12
      vertex -78.3773 -68.044 12
    endloop
  endfacet
  facet normal 0 0 1
    outer loop
      vertex -78.5677 -67.9963 12
      vertex -78.5677 -71.9194 12
      vertex -78.3773 -71.8717 12
    endloop
  endfacet
  facet normal 0 0 1
    outer loop
      vertex -78.7618 -67.9675 12
      vertex -78.5677 -71.9194 12
      vertex -78.5677 -67.9963 12
    endloop
  endfacet
  facet normal 0 0 1
    outer loop
      vertex -78.7618 -67.9675 12
      vertex -78.7618 -71.9482 12
      vertex -78.5677 -71.9194 12
    endloop
  endfacet
  facet normal 0 0 1
    outer loop
      vertex -78.9579 -67.9579 12
      vertex -78.7618 -71.9482 12
      vertex -78.7618 -67.9675 12
    endloop
  endfacet
  facet normal 0 0 1
    outer loop
      vertex -78.9579 -67.9579 12
      vertex -78.9579 -71.9579 12
      vertex -78.7618 -71.9482 12
    endloop
  endfacet
  facet normal -0 0 1
    outer loop
      vertex -79.1539 -67.9675 12
      vertex -78.9579 -71.9579 12
      vertex -78.9579 -67.9579 12
    endloop
  endfacet
  facet normal 0 0 1
    outer loop
      vertex -79.1539 -67.9675 12
      vertex -79.1539 -71.9482 12
      vertex -78.9579 -71.9579 12
    endloop
  endfacet
  facet normal -0 0 1
    outer loop
      vertex -79.348 -67.9963 12
      vertex -79.1539 -71.9482 12
      vertex -79.1539 -67.9675 12
    endloop
  endfacet
  facet normal 0 0 1
    outer loop
      vertex -79.348 -67.9963 12
      vertex -79.348 -71.9194 12
      vertex -79.1539 -71.9482 12
    endloop
  endfacet
  facet normal -0 0 1
    outer loop
      vertex -79.5384 -68.044 12
      vertex -79.348 -71.9194 12
      vertex -79.348 -67.9963 12
    endloop
  endfacet
  facet normal 0 0 1
    outer loop
      vertex -79.5384 -68.044 12
      vertex -79.5384 -71.8717 12
      vertex -79.348 -71.9194 12
    endloop
  endfacet
  facet normal -0 0 1
    outer loop
      vertex -79.7232 -68.1101 12
      vertex -79.5384 -71.8717 12
      vertex -79.5384 -68.044 12
    endloop
  endfacet
  facet normal 0 0 1
    outer loop
      vertex -79.7232 -68.1101 12
      vertex -79.7232 -71.8056 12
      vertex -79.5384 -71.8717 12
    endloop
  endfacet
  facet normal -0 0 1
    outer loop
      vertex -79.9007 -68.194 12
      vertex -79.7232 -71.8056 12
      vertex -79.7232 -68.1101 12
    endloop
  endfacet
  facet normal 0 0 1
    outer loop
      vertex -79.9007 -68.194 12
      vertex -79.9007 -71.7217 12
      vertex -79.7232 -71.8056 12
    endloop
  endfacet
  facet normal -0 0 1
    outer loop
      vertex -80.069 -68.2949 12
      vertex -79.9007 -71.7217 12
      vertex -79.9007 -68.194 12
    endloop
  endfacet
  facet normal 0 0 1
    outer loop
      vertex -80.069 -68.2949 12
      vertex -80.069 -71.6208 12
      vertex -79.9007 -71.7217 12
    endloop
  endfacet
  facet normal -0 0 1
    outer loop
      vertex -80.2266 -68.4118 12
      vertex -80.069 -71.6208 12
      vertex -80.069 -68.2949 12
    endloop
  endfacet
  facet normal 0 0 1
    outer loop
      vertex -80.2266 -68.4118 12
      vertex -80.2266 -71.5039 12
      vertex -80.069 -71.6208 12
    endloop
  endfacet
  facet normal -0 0 1
    outer loop
      vertex -80.3721 -68.5436 12
      vertex -80.2266 -71.5039 12
      vertex -80.2266 -68.4118 12
    endloop
  endfacet
  facet normal 0 0 1
    outer loop
      vertex -80.3721 -68.5436 12
      vertex -80.3721 -71.3721 12
      vertex -80.2266 -71.5039 12
    endloop
  endfacet
  facet normal -0 0 1
    outer loop
      vertex -80.5039 -68.6891 12
      vertex -80.3721 -71.3721 12
      vertex -80.3721 -68.5436 12
    endloop
  endfacet
  facet normal 0 0 1
    outer loop
      vertex -80.5039 -68.6891 12
      vertex -80.5039 -71.2266 12
      vertex -80.3721 -71.3721 12
    endloop
  endfacet
  facet normal -0 0 1
    outer loop
      vertex -80.6208 -68.8467 12
      vertex -80.5039 -71.2266 12
      vertex -80.5039 -68.6891 12
    endloop
  endfacet
  facet normal 0 0 1
    outer loop
      vertex -80.6208 -68.8467 12
      vertex -80.6208 -71.069 12
      vertex -80.5039 -71.2266 12
    endloop
  endfacet
  facet normal -0 0 1
    outer loop
      vertex -80.7217 -69.0151 12
      vertex -80.6208 -71.069 12
      vertex -80.6208 -68.8467 12
    endloop
  endfacet
  facet normal 0 0 1
    outer loop
      vertex -80.7217 -69.0151 12
      vertex -80.7217 -70.9007 12
      vertex -80.6208 -71.069 12
    endloop
  endfacet
  facet normal -0 0 1
    outer loop
      vertex -80.8056 -69.1925 12
      vertex -80.7217 -70.9007 12
      vertex -80.7217 -69.0151 12
    endloop
  endfacet
  facet normal 0 0 1
    outer loop
      vertex -80.8056 -69.1925 12
      vertex -80.8056 -70.7232 12
      vertex -80.7217 -70.9007 12
    endloop
  endfacet
  facet normal -0 0 1
    outer loop
      vertex -80.8717 -69.3773 12
      vertex -80.8056 -70.7232 12
      vertex -80.8056 -69.1925 12
    endloop
  endfacet
  facet normal 0 0 1
    outer loop
      vertex -80.8717 -69.3773 12
      vertex -80.8717 -70.5384 12
      vertex -80.8056 -70.7232 12
    endloop
  endfacet
  facet normal -0 0 1
    outer loop
      vertex -80.9194 -69.5677 12
      vertex -80.8717 -70.5384 12
      vertex -80.8717 -69.3773 12
    endloop
  endfacet
  facet normal 0 0 1
    outer loop
      vertex -80.9194 -69.5677 12
      vertex -80.9194 -70.348 12
      vertex -80.8717 -70.5384 12
    endloop
  endfacet
  facet normal -0 0 1
    outer loop
      vertex -80.9482 -69.7618 12
      vertex -80.9194 -70.348 12
      vertex -80.9194 -69.5677 12
    endloop
  endfacet
  facet normal 0 0 1
    outer loop
      vertex -80.9482 -69.7618 12
      vertex -80.9482 -70.1539 12
      vertex -80.9194 -70.348 12
    endloop
  endfacet
  facet normal 0 -0 1
    outer loop
      vertex -80.9482 -70.1539 12
      vertex -80.9482 -69.7618 12
      vertex -80.9579 -69.9579 12
    endloop
  endfacet
  facet normal -0.857807 0.513971 0
    outer loop
      vertex -80.7217 -69.0151 6
      vertex -80.6208 -68.8467 12
      vertex -80.6208 -68.8467 6
    endloop
  endfacet
  facet normal -0.857807 0.513971 0
    outer loop
      vertex -80.6208 -68.8467 12
      vertex -80.7217 -69.0151 6
      vertex -80.7217 -69.0151 12
    endloop
  endfacet
  facet normal 0.989171 0.14677 0
    outer loop
      vertex -76.9675 70.1539 12
      vertex -76.9963 70.348 6
      vertex -76.9963 70.348 12
    endloop
  endfacet
  facet normal 0.989171 0.14677 0
    outer loop
      vertex -76.9963 70.348 6
      vertex -76.9675 70.1539 12
      vertex -76.9675 70.1539 6
    endloop
  endfacet
  facet normal 0.998803 0.0489209 0
    outer loop
      vertex -76.9579 69.9579 12
      vertex -76.9675 70.1539 6
      vertex -76.9675 70.1539 12
    endloop
  endfacet
  facet normal 0.998803 0.0489209 0
    outer loop
      vertex -76.9675 70.1539 6
      vertex -76.9579 69.9579 12
      vertex -76.9579 69.9579 6
    endloop
  endfacet
  facet normal 0.970023 0.243015 0
    outer loop
      vertex -76.9963 70.348 12
      vertex -77.044 70.5384 6
      vertex -77.044 70.5384 12
    endloop
  endfacet
  facet normal 0.970023 0.243015 0
    outer loop
      vertex -77.044 70.5384 6
      vertex -76.9963 70.348 12
      vertex -76.9963 70.348 6
    endloop
  endfacet
  facet normal 0.998804 -0.0488961 0
    outer loop
      vertex -76.9675 69.7618 12
      vertex -76.9579 69.9579 6
      vertex -76.9579 69.9579 12
    endloop
  endfacet
  facet normal 0.998804 -0.0488961 0
    outer loop
      vertex -76.9579 69.9579 6
      vertex -76.9675 69.7618 12
      vertex -76.9675 69.7618 6
    endloop
  endfacet
  facet normal 0.94158 -0.336788 0
    outer loop
      vertex -77.1101 69.1925 12
      vertex -77.044 69.3773 6
      vertex -77.044 69.3773 12
    endloop
  endfacet
  facet normal 0.94158 -0.336788 0
    outer loop
      vertex -77.044 69.3773 6
      vertex -77.1101 69.1925 12
      vertex -77.1101 69.1925 6
    endloop
  endfacet
  facet normal -0.336788 0.94158 0
    outer loop
      vertex -79.5384 71.8717 6
      vertex -79.7232 71.8056 12
      vertex -79.5384 71.8717 12
    endloop
  endfacet
  facet normal -0.336788 0.94158 0
    outer loop
      vertex -79.7232 71.8056 12
      vertex -79.5384 71.8717 6
      vertex -79.7232 71.8056 6
    endloop
  endfacet
  facet normal -0.90409 0.427342 0
    outer loop
      vertex -80.8056 70.7232 6
      vertex -80.7217 70.9007 12
      vertex -80.7217 70.9007 6
    endloop
  endfacet
  facet normal -0.90409 0.427342 0
    outer loop
      vertex -80.7217 70.9007 12
      vertex -80.8056 70.7232 6
      vertex -80.8056 70.7232 12
    endloop
  endfacet
  facet normal -0.803169 0.595751 0
    outer loop
      vertex -80.6208 71.069 6
      vertex -80.5039 71.2266 12
      vertex -80.5039 71.2266 6
    endloop
  endfacet
  facet normal -0.803169 0.595751 0
    outer loop
      vertex -80.5039 71.2266 12
      vertex -80.6208 71.069 6
      vertex -80.6208 71.069 12
    endloop
  endfacet
  facet normal -0.970023 -0.243015 0
    outer loop
      vertex -80.8717 69.3773 6
      vertex -80.9194 69.5677 12
      vertex -80.9194 69.5677 6
    endloop
  endfacet
  facet normal -0.970023 -0.243015 0
    outer loop
      vertex -80.9194 69.5677 12
      vertex -80.8717 69.3773 6
      vertex -80.8717 69.3773 12
    endloop
  endfacet
  facet normal 0.243015 -0.970023 0
    outer loop
      vertex -78.5677 67.9963 6
      vertex -78.3773 68.044 12
      vertex -78.5677 67.9963 12
    endloop
  endfacet
  facet normal 0.243015 -0.970023 0
    outer loop
      vertex -78.3773 68.044 12
      vertex -78.5677 67.9963 6
      vertex -78.3773 68.044 6
    endloop
  endfacet
  facet normal 0.671353 0.741137 -0
    outer loop
      vertex -77.5436 71.3721 6
      vertex -77.6891 71.5039 12
      vertex -77.5436 71.3721 12
    endloop
  endfacet
  facet normal 0.671353 0.741137 0
    outer loop
      vertex -77.6891 71.5039 12
      vertex -77.5436 71.3721 6
      vertex -77.6891 71.5039 6
    endloop
  endfacet
  facet normal -0.671353 0.741137 0
    outer loop
      vertex -80.2266 71.5039 6
      vertex -80.3721 71.3721 12
      vertex -80.2266 71.5039 12
    endloop
  endfacet
  facet normal -0.671353 0.741137 0
    outer loop
      vertex -80.3721 71.3721 12
      vertex -80.2266 71.5039 6
      vertex -80.3721 71.3721 6
    endloop
  endfacet
  facet normal -0.243015 0.970023 0
    outer loop
      vertex -79.348 71.9194 6
      vertex -79.5384 71.8717 12
      vertex -79.348 71.9194 12
    endloop
  endfacet
  facet normal -0.243015 0.970023 0
    outer loop
      vertex -79.5384 71.8717 12
      vertex -79.348 71.9194 6
      vertex -79.5384 71.8717 6
    endloop
  endfacet
  facet normal 0.513971 0.857807 -0
    outer loop
      vertex -77.8467 71.6208 6
      vertex -78.0151 71.7217 12
      vertex -77.8467 71.6208 12
    endloop
  endfacet
  facet normal 0.513971 0.857807 0
    outer loop
      vertex -78.0151 71.7217 12
      vertex -77.8467 71.6208 6
      vertex -78.0151 71.7217 6
    endloop
  endfacet
  facet normal 0.903997 -0.427539 0
    outer loop
      vertex -77.194 69.0151 12
      vertex -77.1101 69.1925 6
      vertex -77.1101 69.1925 12
    endloop
  endfacet
  facet normal 0.903997 -0.427539 0
    outer loop
      vertex -77.1101 69.1925 6
      vertex -77.194 69.0151 12
      vertex -77.194 69.0151 6
    endloop
  endfacet
  facet normal -0.595751 0.803169 0
    outer loop
      vertex -80.069 71.6208 6
      vertex -80.2266 71.5039 12
      vertex -80.069 71.6208 12
    endloop
  endfacet
  facet normal -0.595751 0.803169 0
    outer loop
      vertex -80.2266 71.5039 12
      vertex -80.069 71.6208 6
      vertex -80.2266 71.5039 6
    endloop
  endfacet
  facet normal 0.989171 -0.14677 0
    outer loop
      vertex -76.9963 69.5677 12
      vertex -76.9675 69.7618 6
      vertex -76.9675 69.7618 12
    endloop
  endfacet
  facet normal 0.989171 -0.14677 0
    outer loop
      vertex -76.9675 69.7618 6
      vertex -76.9963 69.5677 12
      vertex -76.9963 69.5677 6
    endloop
  endfacet
  facet normal 0.0488961 -0.998804 0
    outer loop
      vertex -78.9579 67.9579 6
      vertex -78.7618 67.9675 12
      vertex -78.9579 67.9579 12
    endloop
  endfacet
  facet normal 0.0488961 -0.998804 0
    outer loop
      vertex -78.7618 67.9675 12
      vertex -78.9579 67.9579 6
      vertex -78.7618 67.9675 6
    endloop
  endfacet
  facet normal -0.0489209 -0.998803 0
    outer loop
      vertex -79.1539 67.9675 6
      vertex -78.9579 67.9579 12
      vertex -79.1539 67.9675 12
    endloop
  endfacet
  facet normal -0.0489209 -0.998803 -0
    outer loop
      vertex -78.9579 67.9579 12
      vertex -79.1539 67.9675 6
      vertex -78.9579 67.9579 6
    endloop
  endfacet
  facet normal 0.90409 0.427342 0
    outer loop
      vertex -77.1101 70.7232 12
      vertex -77.194 70.9007 6
      vertex -77.194 70.9007 12
    endloop
  endfacet
  facet normal 0.90409 0.427342 0
    outer loop
      vertex -77.194 70.9007 6
      vertex -77.1101 70.7232 12
      vertex -77.1101 70.7232 6
    endloop
  endfacet
  facet normal -0.989171 0.14677 0
    outer loop
      vertex -80.9482 70.1539 6
      vertex -80.9194 70.348 12
      vertex -80.9194 70.348 6
    endloop
  endfacet
  facet normal -0.989171 0.14677 0
    outer loop
      vertex -80.9194 70.348 12
      vertex -80.9482 70.1539 6
      vertex -80.9482 70.1539 12
    endloop
  endfacet
  facet normal 0.803169 0.595751 0
    outer loop
      vertex -77.2949 71.069 12
      vertex -77.4118 71.2266 6
      vertex -77.4118 71.2266 12
    endloop
  endfacet
  facet normal 0.803169 0.595751 0
    outer loop
      vertex -77.4118 71.2266 6
      vertex -77.2949 71.069 12
      vertex -77.2949 71.069 6
    endloop
  endfacet
  facet normal 0.336788 0.94158 -0
    outer loop
      vertex -78.1925 71.8056 6
      vertex -78.3773 71.8717 12
      vertex -78.1925 71.8056 12
    endloop
  endfacet
  facet normal 0.336788 0.94158 0
    outer loop
      vertex -78.3773 71.8717 12
      vertex -78.1925 71.8056 6
      vertex -78.3773 71.8717 6
    endloop
  endfacet
  facet normal 0.857807 -0.513971 0
    outer loop
      vertex -77.2949 68.8467 12
      vertex -77.194 69.0151 6
      vertex -77.194 69.0151 12
    endloop
  endfacet
  facet normal 0.857807 -0.513971 0
    outer loop
      vertex -77.194 69.0151 6
      vertex -77.2949 68.8467 12
      vertex -77.2949 68.8467 6
    endloop
  endfacet
  facet normal -0.989171 -0.14677 0
    outer loop
      vertex -80.9194 69.5677 6
      vertex -80.9482 69.7618 12
      vertex -80.9482 69.7618 6
    endloop
  endfacet
  facet normal -0.989171 -0.14677 0
    outer loop
      vertex -80.9482 69.7618 12
      vertex -80.9194 69.5677 6
      vertex -80.9194 69.5677 12
    endloop
  endfacet
  facet normal 0.14677 0.989171 -0
    outer loop
      vertex -78.5677 71.9194 6
      vertex -78.7618 71.9482 12
      vertex -78.5677 71.9194 12
    endloop
  endfacet
  facet normal 0.14677 0.989171 0
    outer loop
      vertex -78.7618 71.9482 12
      vertex -78.5677 71.9194 6
      vertex -78.7618 71.9482 6
    endloop
  endfacet
  facet normal 0.803169 -0.595751 0
    outer loop
      vertex -77.4118 68.6891 12
      vertex -77.2949 68.8467 6
      vertex -77.2949 68.8467 12
    endloop
  endfacet
  facet normal 0.803169 -0.595751 0
    outer loop
      vertex -77.2949 68.8467 6
      vertex -77.4118 68.6891 12
      vertex -77.4118 68.6891 6
    endloop
  endfacet
  facet normal 0.427539 0.903997 -0
    outer loop
      vertex -78.0151 71.7217 6
      vertex -78.1925 71.8056 12
      vertex -78.0151 71.7217 12
    endloop
  endfacet
  facet normal 0.427539 0.903997 0
    outer loop
      vertex -78.1925 71.8056 12
      vertex -78.0151 71.7217 6
      vertex -78.1925 71.8056 6
    endloop
  endfacet
  facet normal -0.514196 -0.857673 0
    outer loop
      vertex -80.069 68.2949 6
      vertex -79.9007 68.194 12
      vertex -80.069 68.2949 12
    endloop
  endfacet
  facet normal -0.514196 -0.857673 -0
    outer loop
      vertex -79.9007 68.194 12
      vertex -80.069 68.2949 6
      vertex -79.9007 68.194 6
    endloop
  endfacet
  facet normal 0.94158 0.336788 0
    outer loop
      vertex -77.044 70.5384 12
      vertex -77.1101 70.7232 6
      vertex -77.1101 70.7232 12
    endloop
  endfacet
  facet normal 0.94158 0.336788 0
    outer loop
      vertex -77.1101 70.7232 6
      vertex -77.044 70.5384 12
      vertex -77.044 70.5384 6
    endloop
  endfacet
  facet normal -0.243015 -0.970023 0
    outer loop
      vertex -79.5384 68.044 6
      vertex -79.348 67.9963 12
      vertex -79.5384 68.044 12
    endloop
  endfacet
  facet normal -0.243015 -0.970023 -0
    outer loop
      vertex -79.348 67.9963 12
      vertex -79.5384 68.044 6
      vertex -79.348 67.9963 6
    endloop
  endfacet
  facet normal 0.595751 -0.803169 0
    outer loop
      vertex -77.8467 68.2949 6
      vertex -77.6891 68.4118 12
      vertex -77.8467 68.2949 12
    endloop
  endfacet
  facet normal 0.595751 -0.803169 0
    outer loop
      vertex -77.6891 68.4118 12
      vertex -77.8467 68.2949 6
      vertex -77.6891 68.4118 6
    endloop
  endfacet
  facet normal 0.14677 -0.989171 0
    outer loop
      vertex -78.7618 67.9675 6
      vertex -78.5677 67.9963 12
      vertex -78.7618 67.9675 12
    endloop
  endfacet
  facet normal 0.14677 -0.989171 0
    outer loop
      vertex -78.5677 67.9963 12
      vertex -78.7618 67.9675 6
      vertex -78.5677 67.9963 6
    endloop
  endfacet
  facet normal -0.94158 -0.336788 0
    outer loop
      vertex -80.8056 69.1925 6
      vertex -80.8717 69.3773 12
      vertex -80.8717 69.3773 6
    endloop
  endfacet
  facet normal -0.94158 -0.336788 0
    outer loop
      vertex -80.8717 69.3773 12
      vertex -80.8056 69.1925 6
      vertex -80.8056 69.1925 12
    endloop
  endfacet
  facet normal 0.595751 0.803169 -0
    outer loop
      vertex -77.6891 71.5039 6
      vertex -77.8467 71.6208 12
      vertex -77.6891 71.5039 12
    endloop
  endfacet
  facet normal 0.595751 0.803169 0
    outer loop
      vertex -77.8467 71.6208 12
      vertex -77.6891 71.5039 6
      vertex -77.8467 71.6208 6
    endloop
  endfacet
  facet normal 0.427539 -0.903997 0
    outer loop
      vertex -78.1925 68.1101 6
      vertex -78.0151 68.194 12
      vertex -78.1925 68.1101 12
    endloop
  endfacet
  facet normal 0.427539 -0.903997 0
    outer loop
      vertex -78.0151 68.194 12
      vertex -78.1925 68.1101 6
      vertex -78.0151 68.194 6
    endloop
  endfacet
  facet normal -0.14677 0.989171 0
    outer loop
      vertex -79.1539 71.9482 6
      vertex -79.348 71.9194 12
      vertex -79.1539 71.9482 12
    endloop
  endfacet
  facet normal -0.14677 0.989171 0
    outer loop
      vertex -79.348 71.9194 12
      vertex -79.1539 71.9482 6
      vertex -79.348 71.9194 6
    endloop
  endfacet
  facet normal 0.970023 -0.243015 0
    outer loop
      vertex -77.044 69.3773 12
      vertex -76.9963 69.5677 6
      vertex -76.9963 69.5677 12
    endloop
  endfacet
  facet normal 0.970023 -0.243015 0
    outer loop
      vertex -76.9963 69.5677 6
      vertex -77.044 69.3773 12
      vertex -77.044 69.3773 6
    endloop
  endfacet
  facet normal -0.741137 -0.671353 0
    outer loop
      vertex -80.3721 68.5436 6
      vertex -80.5039 68.6891 12
      vertex -80.5039 68.6891 6
    endloop
  endfacet
  facet normal -0.741137 -0.671353 0
    outer loop
      vertex -80.5039 68.6891 12
      vertex -80.3721 68.5436 6
      vertex -80.3721 68.5436 12
    endloop
  endfacet
  facet normal -0.427342 0.90409 0
    outer loop
      vertex -79.7232 71.8056 6
      vertex -79.9007 71.7217 12
      vertex -79.7232 71.8056 12
    endloop
  endfacet
  facet normal -0.427342 0.90409 0
    outer loop
      vertex -79.9007 71.7217 12
      vertex -79.7232 71.8056 6
      vertex -79.9007 71.7217 6
    endloop
  endfacet
  facet normal -0.857807 -0.513971 0
    outer loop
      vertex -80.6208 68.8467 6
      vertex -80.7217 69.0151 12
      vertex -80.7217 69.0151 6
    endloop
  endfacet
  facet normal -0.857807 -0.513971 0
    outer loop
      vertex -80.7217 69.0151 12
      vertex -80.6208 68.8467 6
      vertex -80.6208 68.8467 12
    endloop
  endfacet
  facet normal 0.0494042 0.998779 -0
    outer loop
      vertex -78.7618 71.9482 6
      vertex -78.9579 71.9579 12
      vertex -78.7618 71.9482 12
    endloop
  endfacet
  facet normal 0.0494042 0.998779 0
    outer loop
      vertex -78.9579 71.9579 12
      vertex -78.7618 71.9482 6
      vertex -78.9579 71.9579 6
    endloop
  endfacet
  facet normal 0.741137 0.671353 0
    outer loop
      vertex -77.4118 71.2266 12
      vertex -77.5436 71.3721 6
      vertex -77.5436 71.3721 12
    endloop
  endfacet
  facet normal 0.741137 0.671353 0
    outer loop
      vertex -77.5436 71.3721 6
      vertex -77.4118 71.2266 12
      vertex -77.4118 71.2266 6
    endloop
  endfacet
  facet normal 0.857673 0.514196 0
    outer loop
      vertex -77.194 70.9007 12
      vertex -77.2949 71.069 6
      vertex -77.2949 71.069 12
    endloop
  endfacet
  facet normal 0.857673 0.514196 0
    outer loop
      vertex -77.2949 71.069 6
      vertex -77.194 70.9007 12
      vertex -77.194 70.9007 6
    endloop
  endfacet
  facet normal -0.14677 -0.989171 0
    outer loop
      vertex -79.348 67.9963 6
      vertex -79.1539 67.9675 12
      vertex -79.348 67.9963 12
    endloop
  endfacet
  facet normal -0.14677 -0.989171 -0
    outer loop
      vertex -79.1539 67.9675 12
      vertex -79.348 67.9963 6
      vertex -79.1539 67.9675 6
    endloop
  endfacet
  facet normal -0.514196 0.857673 0
    outer loop
      vertex -79.9007 71.7217 6
      vertex -80.069 71.6208 12
      vertex -79.9007 71.7217 12
    endloop
  endfacet
  facet normal -0.514196 0.857673 0
    outer loop
      vertex -80.069 71.6208 12
      vertex -79.9007 71.7217 6
      vertex -80.069 71.6208 6
    endloop
  endfacet
  facet normal 0.671353 -0.741137 0
    outer loop
      vertex -77.6891 68.4118 6
      vertex -77.5436 68.5436 12
      vertex -77.6891 68.4118 12
    endloop
  endfacet
  facet normal 0.671353 -0.741137 0
    outer loop
      vertex -77.5436 68.5436 12
      vertex -77.6891 68.4118 6
      vertex -77.5436 68.5436 6
    endloop
  endfacet
  facet normal 0.243015 0.970023 -0
    outer loop
      vertex -78.3773 71.8717 6
      vertex -78.5677 71.9194 12
      vertex -78.3773 71.8717 12
    endloop
  endfacet
  facet normal 0.243015 0.970023 0
    outer loop
      vertex -78.5677 71.9194 12
      vertex -78.3773 71.8717 6
      vertex -78.5677 71.9194 6
    endloop
  endfacet
  facet normal -0.671353 -0.741137 0
    outer loop
      vertex -80.3721 68.5436 6
      vertex -80.2266 68.4118 12
      vertex -80.3721 68.5436 12
    endloop
  endfacet
  facet normal -0.671353 -0.741137 -0
    outer loop
      vertex -80.2266 68.4118 12
      vertex -80.3721 68.5436 6
      vertex -80.2266 68.4118 6
    endloop
  endfacet
  facet normal 0.336788 -0.94158 0
    outer loop
      vertex -78.3773 68.044 6
      vertex -78.1925 68.1101 12
      vertex -78.3773 68.044 12
    endloop
  endfacet
  facet normal 0.336788 -0.94158 0
    outer loop
      vertex -78.1925 68.1101 12
      vertex -78.3773 68.044 6
      vertex -78.1925 68.1101 6
    endloop
  endfacet
  facet normal 0.741137 -0.671353 0
    outer loop
      vertex -77.5436 68.5436 12
      vertex -77.4118 68.6891 6
      vertex -77.4118 68.6891 12
    endloop
  endfacet
  facet normal 0.741137 -0.671353 0
    outer loop
      vertex -77.4118 68.6891 6
      vertex -77.5436 68.5436 12
      vertex -77.5436 68.5436 6
    endloop
  endfacet
  facet normal -0.741137 0.671353 0
    outer loop
      vertex -80.5039 71.2266 6
      vertex -80.3721 71.3721 12
      vertex -80.3721 71.3721 6
    endloop
  endfacet
  facet normal -0.741137 0.671353 0
    outer loop
      vertex -80.3721 71.3721 12
      vertex -80.5039 71.2266 6
      vertex -80.5039 71.2266 12
    endloop
  endfacet
  facet normal 0.513971 -0.857807 0
    outer loop
      vertex -78.0151 68.194 6
      vertex -77.8467 68.2949 12
      vertex -78.0151 68.194 12
    endloop
  endfacet
  facet normal 0.513971 -0.857807 0
    outer loop
      vertex -77.8467 68.2949 12
      vertex -78.0151 68.194 6
      vertex -77.8467 68.2949 6
    endloop
  endfacet
  facet normal -0.595751 -0.803169 0
    outer loop
      vertex -80.2266 68.4118 6
      vertex -80.069 68.2949 12
      vertex -80.2266 68.4118 12
    endloop
  endfacet
  facet normal -0.595751 -0.803169 -0
    outer loop
      vertex -80.069 68.2949 12
      vertex -80.2266 68.4118 6
      vertex -80.069 68.2949 6
    endloop
  endfacet
  facet normal -0.803169 -0.595751 0
    outer loop
      vertex -80.5039 68.6891 6
      vertex -80.6208 68.8467 12
      vertex -80.6208 68.8467 6
    endloop
  endfacet
  facet normal -0.803169 -0.595751 0
    outer loop
      vertex -80.6208 68.8467 12
      vertex -80.5039 68.6891 6
      vertex -80.5039 68.6891 12
    endloop
  endfacet
  facet normal -0.998778 0.0494293 0
    outer loop
      vertex -80.9579 69.9579 6
      vertex -80.9482 70.1539 12
      vertex -80.9482 70.1539 6
    endloop
  endfacet
  facet normal -0.998778 0.0494293 0
    outer loop
      vertex -80.9482 70.1539 12
      vertex -80.9579 69.9579 6
      vertex -80.9579 69.9579 12
    endloop
  endfacet
  facet normal -0.0494293 0.998778 0
    outer loop
      vertex -78.9579 71.9579 6
      vertex -79.1539 71.9482 12
      vertex -78.9579 71.9579 12
    endloop
  endfacet
  facet normal -0.0494293 0.998778 0
    outer loop
      vertex -79.1539 71.9482 12
      vertex -78.9579 71.9579 6
      vertex -79.1539 71.9482 6
    endloop
  endfacet
  facet normal -0.998779 -0.0494042 0
    outer loop
      vertex -80.9482 69.7618 6
      vertex -80.9579 69.9579 12
      vertex -80.9579 69.9579 6
    endloop
  endfacet
  facet normal -0.998779 -0.0494042 0
    outer loop
      vertex -80.9579 69.9579 12
      vertex -80.9482 69.7618 6
      vertex -80.9482 69.7618 12
    endloop
  endfacet
  facet normal -0.336788 -0.94158 0
    outer loop
      vertex -79.7232 68.1101 6
      vertex -79.5384 68.044 12
      vertex -79.7232 68.1101 12
    endloop
  endfacet
  facet normal -0.336788 -0.94158 -0
    outer loop
      vertex -79.5384 68.044 12
      vertex -79.7232 68.1101 6
      vertex -79.5384 68.044 6
    endloop
  endfacet
  facet normal -0.94158 0.336788 0
    outer loop
      vertex -80.8717 70.5384 6
      vertex -80.8056 70.7232 12
      vertex -80.8056 70.7232 6
    endloop
  endfacet
  facet normal -0.94158 0.336788 0
    outer loop
      vertex -80.8056 70.7232 12
      vertex -80.8717 70.5384 6
      vertex -80.8717 70.5384 12
    endloop
  endfacet
  facet normal -0.970023 0.243015 0
    outer loop
      vertex -80.9194 70.348 6
      vertex -80.8717 70.5384 12
      vertex -80.8717 70.5384 6
    endloop
  endfacet
  facet normal -0.970023 0.243015 0
    outer loop
      vertex -80.8717 70.5384 12
      vertex -80.9194 70.348 6
      vertex -80.9194 70.348 12
    endloop
  endfacet
  facet normal -0.427342 -0.90409 0
    outer loop
      vertex -79.9007 68.194 6
      vertex -79.7232 68.1101 12
      vertex -79.9007 68.194 12
    endloop
  endfacet
  facet normal -0.427342 -0.90409 -0
    outer loop
      vertex -79.7232 68.1101 12
      vertex -79.9007 68.194 6
      vertex -79.7232 68.1101 6
    endloop
  endfacet
  facet normal 0 0 1
    outer loop
      vertex -76.9675 70.1539 12
      vertex -76.9675 69.7618 12
      vertex -76.9579 69.9579 12
    endloop
  endfacet
  facet normal 0 0 1
    outer loop
      vertex -76.9963 70.348 12
      vertex -76.9675 69.7618 12
      vertex -76.9675 70.1539 12
    endloop
  endfacet
  facet normal 0 0 1
    outer loop
      vertex -76.9963 70.348 12
      vertex -76.9963 69.5677 12
      vertex -76.9675 69.7618 12
    endloop
  endfacet
  facet normal 0 0 1
    outer loop
      vertex -77.044 70.5384 12
      vertex -76.9963 69.5677 12
      vertex -76.9963 70.348 12
    endloop
  endfacet
  facet normal 0 0 1
    outer loop
      vertex -77.044 70.5384 12
      vertex -77.044 69.3773 12
      vertex -76.9963 69.5677 12
    endloop
  endfacet
  facet normal 0 0 1
    outer loop
      vertex -77.1101 70.7232 12
      vertex -77.044 69.3773 12
      vertex -77.044 70.5384 12
    endloop
  endfacet
  facet normal 0 0 1
    outer loop
      vertex -77.1101 70.7232 12
      vertex -77.1101 69.1925 12
      vertex -77.044 69.3773 12
    endloop
  endfacet
  facet normal 0 0 1
    outer loop
      vertex -77.194 70.9007 12
      vertex -77.1101 69.1925 12
      vertex -77.1101 70.7232 12
    endloop
  endfacet
  facet normal 0 0 1
    outer loop
      vertex -77.194 70.9007 12
      vertex -77.194 69.0151 12
      vertex -77.1101 69.1925 12
    endloop
  endfacet
  facet normal 0 0 1
    outer loop
      vertex -77.2949 71.069 12
      vertex -77.194 69.0151 12
      vertex -77.194 70.9007 12
    endloop
  endfacet
  facet normal 0 0 1
    outer loop
      vertex -77.2949 71.069 12
      vertex -77.2949 68.8467 12
      vertex -77.194 69.0151 12
    endloop
  endfacet
  facet normal 0 0 1
    outer loop
      vertex -77.4118 71.2266 12
      vertex -77.2949 68.8467 12
      vertex -77.2949 71.069 12
    endloop
  endfacet
  facet normal 0 0 1
    outer loop
      vertex -77.4118 71.2266 12
      vertex -77.4118 68.6891 12
      vertex -77.2949 68.8467 12
    endloop
  endfacet
  facet normal 0 0 1
    outer loop
      vertex -77.5436 71.3721 12
      vertex -77.4118 68.6891 12
      vertex -77.4118 71.2266 12
    endloop
  endfacet
  facet normal 0 0 1
    outer loop
      vertex -77.5436 71.3721 12
      vertex -77.5436 68.5436 12
      vertex -77.4118 68.6891 12
    endloop
  endfacet
  facet normal 0 0 1
    outer loop
      vertex -77.6891 71.5039 12
      vertex -77.5436 68.5436 12
      vertex -77.5436 71.3721 12
    endloop
  endfacet
  facet normal 0 0 1
    outer loop
      vertex -77.6891 71.5039 12
      vertex -77.6891 68.4118 12
      vertex -77.5436 68.5436 12
    endloop
  endfacet
  facet normal 0 0 1
    outer loop
      vertex -77.8467 71.6208 12
      vertex -77.6891 68.4118 12
      vertex -77.6891 71.5039 12
    endloop
  endfacet
  facet normal 0 0 1
    outer loop
      vertex -77.8467 71.6208 12
      vertex -77.8467 68.2949 12
      vertex -77.6891 68.4118 12
    endloop
  endfacet
  facet normal 0 0 1
    outer loop
      vertex -78.0151 71.7217 12
      vertex -77.8467 68.2949 12
      vertex -77.8467 71.6208 12
    endloop
  endfacet
  facet normal 0 0 1
    outer loop
      vertex -78.0151 71.7217 12
      vertex -78.0151 68.194 12
      vertex -77.8467 68.2949 12
    endloop
  endfacet
  facet normal 0 0 1
    outer loop
      vertex -78.1925 71.8056 12
      vertex -78.0151 68.194 12
      vertex -78.0151 71.7217 12
    endloop
  endfacet
  facet normal 0 0 1
    outer loop
      vertex -78.1925 71.8056 12
      vertex -78.1925 68.1101 12
      vertex -78.0151 68.194 12
    endloop
  endfacet
  facet normal 0 0 1
    outer loop
      vertex -78.3773 71.8717 12
      vertex -78.1925 68.1101 12
      vertex -78.1925 71.8056 12
    endloop
  endfacet
  facet normal 0 0 1
    outer loop
      vertex -78.3773 71.8717 12
      vertex -78.3773 68.044 12
      vertex -78.1925 68.1101 12
    endloop
  endfacet
  facet normal 0 0 1
    outer loop
      vertex -78.5677 71.9194 12
      vertex -78.3773 68.044 12
      vertex -78.3773 71.8717 12
    endloop
  endfacet
  facet normal 0 0 1
    outer loop
      vertex -78.5677 71.9194 12
      vertex -78.5677 67.9963 12
      vertex -78.3773 68.044 12
    endloop
  endfacet
  facet normal 0 0 1
    outer loop
      vertex -78.7618 71.9482 12
      vertex -78.5677 67.9963 12
      vertex -78.5677 71.9194 12
    endloop
  endfacet
  facet normal 0 0 1
    outer loop
      vertex -78.7618 71.9482 12
      vertex -78.7618 67.9675 12
      vertex -78.5677 67.9963 12
    endloop
  endfacet
  facet normal 0 0 1
    outer loop
      vertex -78.9579 71.9579 12
      vertex -78.7618 67.9675 12
      vertex -78.7618 71.9482 12
    endloop
  endfacet
  facet normal 0 0 1
    outer loop
      vertex -78.9579 71.9579 12
      vertex -78.9579 67.9579 12
      vertex -78.7618 67.9675 12
    endloop
  endfacet
  facet normal -0 0 1
    outer loop
      vertex -79.1539 71.9482 12
      vertex -78.9579 67.9579 12
      vertex -78.9579 71.9579 12
    endloop
  endfacet
  facet normal 0 0 1
    outer loop
      vertex -79.1539 71.9482 12
      vertex -79.1539 67.9675 12
      vertex -78.9579 67.9579 12
    endloop
  endfacet
  facet normal -0 0 1
    outer loop
      vertex -79.348 71.9194 12
      vertex -79.1539 67.9675 12
      vertex -79.1539 71.9482 12
    endloop
  endfacet
  facet normal 0 0 1
    outer loop
      vertex -79.348 71.9194 12
      vertex -79.348 67.9963 12
      vertex -79.1539 67.9675 12
    endloop
  endfacet
  facet normal -0 0 1
    outer loop
      vertex -79.5384 71.8717 12
      vertex -79.348 67.9963 12
      vertex -79.348 71.9194 12
    endloop
  endfacet
  facet normal 0 0 1
    outer loop
      vertex -79.5384 71.8717 12
      vertex -79.5384 68.044 12
      vertex -79.348 67.9963 12
    endloop
  endfacet
  facet normal -0 0 1
    outer loop
      vertex -79.7232 71.8056 12
      vertex -79.5384 68.044 12
      vertex -79.5384 71.8717 12
    endloop
  endfacet
  facet normal 0 0 1
    outer loop
      vertex -79.7232 71.8056 12
      vertex -79.7232 68.1101 12
      vertex -79.5384 68.044 12
    endloop
  endfacet
  facet normal -0 0 1
    outer loop
      vertex -79.9007 71.7217 12
      vertex -79.7232 68.1101 12
      vertex -79.7232 71.8056 12
    endloop
  endfacet
  facet normal 0 0 1
    outer loop
      vertex -79.9007 71.7217 12
      vertex -79.9007 68.194 12
      vertex -79.7232 68.1101 12
    endloop
  endfacet
  facet normal -0 0 1
    outer loop
      vertex -80.069 71.6208 12
      vertex -79.9007 68.194 12
      vertex -79.9007 71.7217 12
    endloop
  endfacet
  facet normal 0 0 1
    outer loop
      vertex -80.069 71.6208 12
      vertex -80.069 68.2949 12
      vertex -79.9007 68.194 12
    endloop
  endfacet
  facet normal -0 0 1
    outer loop
      vertex -80.2266 71.5039 12
      vertex -80.069 68.2949 12
      vertex -80.069 71.6208 12
    endloop
  endfacet
  facet normal 0 0 1
    outer loop
      vertex -80.2266 71.5039 12
      vertex -80.2266 68.4118 12
      vertex -80.069 68.2949 12
    endloop
  endfacet
  facet normal -0 0 1
    outer loop
      vertex -80.3721 71.3721 12
      vertex -80.2266 68.4118 12
      vertex -80.2266 71.5039 12
    endloop
  endfacet
  facet normal 0 0 1
    outer loop
      vertex -80.3721 71.3721 12
      vertex -80.3721 68.5436 12
      vertex -80.2266 68.4118 12
    endloop
  endfacet
  facet normal -0 0 1
    outer loop
      vertex -80.5039 71.2266 12
      vertex -80.3721 68.5436 12
      vertex -80.3721 71.3721 12
    endloop
  endfacet
  facet normal 0 0 1
    outer loop
      vertex -80.5039 71.2266 12
      vertex -80.5039 68.6891 12
      vertex -80.3721 68.5436 12
    endloop
  endfacet
  facet normal -0 0 1
    outer loop
      vertex -80.6208 71.069 12
      vertex -80.5039 68.6891 12
      vertex -80.5039 71.2266 12
    endloop
  endfacet
  facet normal 0 0 1
    outer loop
      vertex -80.6208 71.069 12
      vertex -80.6208 68.8467 12
      vertex -80.5039 68.6891 12
    endloop
  endfacet
  facet normal -0 0 1
    outer loop
      vertex -80.7217 70.9007 12
      vertex -80.6208 68.8467 12
      vertex -80.6208 71.069 12
    endloop
  endfacet
  facet normal 0 0 1
    outer loop
      vertex -80.7217 70.9007 12
      vertex -80.7217 69.0151 12
      vertex -80.6208 68.8467 12
    endloop
  endfacet
  facet normal -0 0 1
    outer loop
      vertex -80.8056 70.7232 12
      vertex -80.7217 69.0151 12
      vertex -80.7217 70.9007 12
    endloop
  endfacet
  facet normal 0 0 1
    outer loop
      vertex -80.8056 70.7232 12
      vertex -80.8056 69.1925 12
      vertex -80.7217 69.0151 12
    endloop
  endfacet
  facet normal -0 0 1
    outer loop
      vertex -80.8717 70.5384 12
      vertex -80.8056 69.1925 12
      vertex -80.8056 70.7232 12
    endloop
  endfacet
  facet normal 0 0 1
    outer loop
      vertex -80.8717 70.5384 12
      vertex -80.8717 69.3773 12
      vertex -80.8056 69.1925 12
    endloop
  endfacet
  facet normal -0 0 1
    outer loop
      vertex -80.9194 70.348 12
      vertex -80.8717 69.3773 12
      vertex -80.8717 70.5384 12
    endloop
  endfacet
  facet normal 0 0 1
    outer loop
      vertex -80.9194 70.348 12
      vertex -80.9194 69.5677 12
      vertex -80.8717 69.3773 12
    endloop
  endfacet
  facet normal -0 0 1
    outer loop
      vertex -80.9482 70.1539 12
      vertex -80.9194 69.5677 12
      vertex -80.9194 70.348 12
    endloop
  endfacet
  facet normal 0 0 1
    outer loop
      vertex -80.9482 70.1539 12
      vertex -80.9482 69.7618 12
      vertex -80.9194 69.5677 12
    endloop
  endfacet
  facet normal 0 -0 1
    outer loop
      vertex -80.9482 69.7618 12
      vertex -80.9482 70.1539 12
      vertex -80.9579 69.9579 12
    endloop
  endfacet
  facet normal -0.857673 0.514196 0
    outer loop
      vertex -80.7217 70.9007 6
      vertex -80.6208 71.069 12
      vertex -80.6208 71.069 6
    endloop
  endfacet
  facet normal -0.857673 0.514196 0
    outer loop
      vertex -80.6208 71.069 12
      vertex -80.7217 70.9007 6
      vertex -80.7217 70.9007 12
    endloop
  endfacet
  facet normal -0.903997 -0.427539 0
    outer loop
      vertex -80.7217 69.0151 6
      vertex -80.8056 69.1925 12
      vertex -80.8056 69.1925 6
    endloop
  endfacet
  facet normal -0.903997 -0.427539 0
    outer loop
      vertex -80.8056 69.1925 12
      vertex -80.7217 69.0151 6
      vertex -80.7217 69.0151 12
    endloop
  endfacet
  facet normal 0.989171 0.14677 0
    outer loop
      vertex 80.9482 -69.7618 12
      vertex 80.9194 -69.5677 6
      vertex 80.9194 -69.5677 12
    endloop
  endfacet
  facet normal 0.989171 0.14677 0
    outer loop
      vertex 80.9194 -69.5677 6
      vertex 80.9482 -69.7618 12
      vertex 80.9482 -69.7618 6
    endloop
  endfacet
  facet normal 0.998779 0.0494042 0
    outer loop
      vertex 80.9579 -69.9579 12
      vertex 80.9482 -69.7618 6
      vertex 80.9482 -69.7618 12
    endloop
  endfacet
  facet normal 0.998779 0.0494042 0
    outer loop
      vertex 80.9482 -69.7618 6
      vertex 80.9579 -69.9579 12
      vertex 80.9579 -69.9579 6
    endloop
  endfacet
  facet normal 0.970023 0.243015 0
    outer loop
      vertex 80.9194 -69.5677 12
      vertex 80.8717 -69.3773 6
      vertex 80.8717 -69.3773 12
    endloop
  endfacet
  facet normal 0.970023 0.243015 0
    outer loop
      vertex 80.8717 -69.3773 6
      vertex 80.9194 -69.5677 12
      vertex 80.9194 -69.5677 6
    endloop
  endfacet
  facet normal -0.14677 -0.989171 0
    outer loop
      vertex 78.5677 -71.9194 6
      vertex 78.7618 -71.9482 12
      vertex 78.5677 -71.9194 12
    endloop
  endfacet
  facet normal -0.14677 -0.989171 -0
    outer loop
      vertex 78.7618 -71.9482 12
      vertex 78.5677 -71.9194 6
      vertex 78.7618 -71.9482 6
    endloop
  endfacet
  facet normal 0.0489209 0.998803 -0
    outer loop
      vertex 79.1539 -67.9675 6
      vertex 78.9579 -67.9579 12
      vertex 79.1539 -67.9675 12
    endloop
  endfacet
  facet normal 0.0489209 0.998803 0
    outer loop
      vertex 78.9579 -67.9579 12
      vertex 79.1539 -67.9675 6
      vertex 78.9579 -67.9579 6
    endloop
  endfacet
  facet normal 0.243015 0.970023 -0
    outer loop
      vertex 79.5384 -68.044 6
      vertex 79.348 -67.9963 12
      vertex 79.5384 -68.044 12
    endloop
  endfacet
  facet normal 0.243015 0.970023 0
    outer loop
      vertex 79.348 -67.9963 12
      vertex 79.5384 -68.044 6
      vertex 79.348 -67.9963 6
    endloop
  endfacet
  facet normal -0.595751 -0.803169 0
    outer loop
      vertex 77.6891 -71.5039 6
      vertex 77.8467 -71.6208 12
      vertex 77.6891 -71.5039 12
    endloop
  endfacet
  facet normal -0.595751 -0.803169 -0
    outer loop
      vertex 77.8467 -71.6208 12
      vertex 77.6891 -71.5039 6
      vertex 77.8467 -71.6208 6
    endloop
  endfacet
  facet normal -0.803169 -0.595751 0
    outer loop
      vertex 77.4118 -71.2266 6
      vertex 77.2949 -71.069 12
      vertex 77.2949 -71.069 6
    endloop
  endfacet
  facet normal -0.803169 -0.595751 0
    outer loop
      vertex 77.2949 -71.069 12
      vertex 77.4118 -71.2266 6
      vertex 77.4118 -71.2266 12
    endloop
  endfacet
  facet normal -0.671353 0.741137 0
    outer loop
      vertex 77.6891 -68.4118 6
      vertex 77.5436 -68.5436 12
      vertex 77.6891 -68.4118 12
    endloop
  endfacet
  facet normal -0.671353 0.741137 0
    outer loop
      vertex 77.5436 -68.5436 12
      vertex 77.6891 -68.4118 6
      vertex 77.5436 -68.5436 6
    endloop
  endfacet
  facet normal 0.514196 0.857673 -0
    outer loop
      vertex 80.069 -68.2949 6
      vertex 79.9007 -68.194 12
      vertex 80.069 -68.2949 12
    endloop
  endfacet
  facet normal 0.514196 0.857673 0
    outer loop
      vertex 79.9007 -68.194 12
      vertex 80.069 -68.2949 6
      vertex 79.9007 -68.194 6
    endloop
  endfacet
  facet normal 0.90409 -0.427342 0
    outer loop
      vertex 80.7217 -70.9007 12
      vertex 80.8056 -70.7232 6
      vertex 80.8056 -70.7232 12
    endloop
  endfacet
  facet normal 0.90409 -0.427342 0
    outer loop
      vertex 80.8056 -70.7232 6
      vertex 80.7217 -70.9007 12
      vertex 80.7217 -70.9007 6
    endloop
  endfacet
  facet normal -0.0488961 0.998804 0
    outer loop
      vertex 78.9579 -67.9579 6
      vertex 78.7618 -67.9675 12
      vertex 78.9579 -67.9579 12
    endloop
  endfacet
  facet normal -0.0488961 0.998804 0
    outer loop
      vertex 78.7618 -67.9675 12
      vertex 78.9579 -67.9579 6
      vertex 78.7618 -67.9675 6
    endloop
  endfacet
  facet normal 0.427342 -0.90409 0
    outer loop
      vertex 79.7232 -71.8056 6
      vertex 79.9007 -71.7217 12
      vertex 79.7232 -71.8056 12
    endloop
  endfacet
  facet normal 0.427342 -0.90409 0
    outer loop
      vertex 79.9007 -71.7217 12
      vertex 79.7232 -71.8056 6
      vertex 79.9007 -71.7217 6
    endloop
  endfacet
  facet normal 0.741137 0.671353 0
    outer loop
      vertex 80.5039 -68.6891 12
      vertex 80.3721 -68.5436 6
      vertex 80.3721 -68.5436 12
    endloop
  endfacet
  facet normal 0.741137 0.671353 0
    outer loop
      vertex 80.3721 -68.5436 6
      vertex 80.5039 -68.6891 12
      vertex 80.5039 -68.6891 6
    endloop
  endfacet
  facet normal -0.595751 0.803169 0
    outer loop
      vertex 77.8467 -68.2949 6
      vertex 77.6891 -68.4118 12
      vertex 77.8467 -68.2949 12
    endloop
  endfacet
  facet normal -0.595751 0.803169 0
    outer loop
      vertex 77.6891 -68.4118 12
      vertex 77.8467 -68.2949 6
      vertex 77.6891 -68.4118 6
    endloop
  endfacet
  facet normal 0.989171 -0.14677 0
    outer loop
      vertex 80.9194 -70.348 12
      vertex 80.9482 -70.1539 6
      vertex 80.9482 -70.1539 12
    endloop
  endfacet
  facet normal 0.989171 -0.14677 0
    outer loop
      vertex 80.9482 -70.1539 6
      vertex 80.9194 -70.348 12
      vertex 80.9194 -70.348 6
    endloop
  endfacet
  facet normal 0.803169 0.595751 0
    outer loop
      vertex 80.6208 -68.8467 12
      vertex 80.5039 -68.6891 6
      vertex 80.5039 -68.6891 12
    endloop
  endfacet
  facet normal 0.803169 0.595751 0
    outer loop
      vertex 80.5039 -68.6891 6
      vertex 80.6208 -68.8467 12
      vertex 80.6208 -68.8467 6
    endloop
  endfacet
  facet normal -0.970023 0.243015 0
    outer loop
      vertex 76.9963 -69.5677 6
      vertex 77.044 -69.3773 12
      vertex 77.044 -69.3773 6
    endloop
  endfacet
  facet normal -0.970023 0.243015 0
    outer loop
      vertex 77.044 -69.3773 12
      vertex 76.9963 -69.5677 6
      vertex 76.9963 -69.5677 12
    endloop
  endfacet
  facet normal 0.970023 -0.243015 0
    outer loop
      vertex 80.8717 -70.5384 12
      vertex 80.9194 -70.348 6
      vertex 80.9194 -70.348 12
    endloop
  endfacet
  facet normal 0.970023 -0.243015 0
    outer loop
      vertex 80.9194 -70.348 6
      vertex 80.8717 -70.5384 12
      vertex 80.8717 -70.5384 6
    endloop
  endfacet
  facet normal -0.427539 0.903997 0
    outer loop
      vertex 78.1925 -68.1101 6
      vertex 78.0151 -68.194 12
      vertex 78.1925 -68.1101 12
    endloop
  endfacet
  facet normal -0.427539 0.903997 0
    outer loop
      vertex 78.0151 -68.194 12
      vertex 78.1925 -68.1101 6
      vertex 78.0151 -68.194 6
    endloop
  endfacet
  facet normal 0.336788 0.94158 -0
    outer loop
      vertex 79.7232 -68.1101 6
      vertex 79.5384 -68.044 12
      vertex 79.7232 -68.1101 12
    endloop
  endfacet
  facet normal 0.336788 0.94158 0
    outer loop
      vertex 79.5384 -68.044 12
      vertex 79.7232 -68.1101 6
      vertex 79.5384 -68.044 6
    endloop
  endfacet
  facet normal -0.336788 -0.94158 0
    outer loop
      vertex 78.1925 -71.8056 6
      vertex 78.3773 -71.8717 12
      vertex 78.1925 -71.8056 12
    endloop
  endfacet
  facet normal -0.336788 -0.94158 -0
    outer loop
      vertex 78.3773 -71.8717 12
      vertex 78.1925 -71.8056 6
      vertex 78.3773 -71.8717 6
    endloop
  endfacet
  facet normal -0.243015 0.970023 0
    outer loop
      vertex 78.5677 -67.9963 6
      vertex 78.3773 -68.044 12
      vertex 78.5677 -67.9963 12
    endloop
  endfacet
  facet normal -0.243015 0.970023 0
    outer loop
      vertex 78.3773 -68.044 12
      vertex 78.5677 -67.9963 6
      vertex 78.3773 -68.044 6
    endloop
  endfacet
  facet normal -0.903997 0.427539 0
    outer loop
      vertex 77.1101 -69.1925 6
      vertex 77.194 -69.0151 12
      vertex 77.194 -69.0151 6
    endloop
  endfacet
  facet normal -0.903997 0.427539 0
    outer loop
      vertex 77.194 -69.0151 12
      vertex 77.1101 -69.1925 6
      vertex 77.1101 -69.1925 12
    endloop
  endfacet
  facet normal -0.336788 0.94158 0
    outer loop
      vertex 78.3773 -68.044 6
      vertex 78.1925 -68.1101 12
      vertex 78.3773 -68.044 12
    endloop
  endfacet
  facet normal -0.336788 0.94158 0
    outer loop
      vertex 78.1925 -68.1101 12
      vertex 78.3773 -68.044 6
      vertex 78.1925 -68.1101 6
    endloop
  endfacet
  facet normal -0.970023 -0.243015 0
    outer loop
      vertex 77.044 -70.5384 6
      vertex 76.9963 -70.348 12
      vertex 76.9963 -70.348 6
    endloop
  endfacet
  facet normal -0.970023 -0.243015 0
    outer loop
      vertex 76.9963 -70.348 12
      vertex 77.044 -70.5384 6
      vertex 77.044 -70.5384 12
    endloop
  endfacet
  facet normal 0.14677 0.989171 -0
    outer loop
      vertex 79.348 -67.9963 6
      vertex 79.1539 -67.9675 12
      vertex 79.348 -67.9963 12
    endloop
  endfacet
  facet normal 0.14677 0.989171 0
    outer loop
      vertex 79.1539 -67.9675 12
      vertex 79.348 -67.9963 6
      vertex 79.1539 -67.9675 6
    endloop
  endfacet
  facet normal -0.989171 -0.14677 0
    outer loop
      vertex 76.9963 -70.348 6
      vertex 76.9675 -70.1539 12
      vertex 76.9675 -70.1539 6
    endloop
  endfacet
  facet normal -0.989171 -0.14677 0
    outer loop
      vertex 76.9675 -70.1539 12
      vertex 76.9963 -70.348 6
      vertex 76.9963 -70.348 12
    endloop
  endfacet
  facet normal -0.0494042 -0.998779 0
    outer loop
      vertex 78.7618 -71.9482 6
      vertex 78.9579 -71.9579 12
      vertex 78.7618 -71.9482 12
    endloop
  endfacet
  facet normal -0.0494042 -0.998779 -0
    outer loop
      vertex 78.9579 -71.9579 12
      vertex 78.7618 -71.9482 6
      vertex 78.9579 -71.9579 6
    endloop
  endfacet
  facet normal 0.998778 -0.0494293 0
    outer loop
      vertex 80.9482 -70.1539 12
      vertex 80.9579 -69.9579 6
      vertex 80.9579 -69.9579 12
    endloop
  endfacet
  facet normal 0.998778 -0.0494293 0
    outer loop
      vertex 80.9579 -69.9579 6
      vertex 80.9482 -70.1539 12
      vertex 80.9482 -70.1539 6
    endloop
  endfacet
  facet normal 0.427342 0.90409 -0
    outer loop
      vertex 79.9007 -68.194 6
      vertex 79.7232 -68.1101 12
      vertex 79.9007 -68.194 12
    endloop
  endfacet
  facet normal 0.427342 0.90409 0
    outer loop
      vertex 79.7232 -68.1101 12
      vertex 79.9007 -68.194 6
      vertex 79.7232 -68.1101 6
    endloop
  endfacet
  facet normal 0.741137 -0.671353 0
    outer loop
      vertex 80.3721 -71.3721 12
      vertex 80.5039 -71.2266 6
      vertex 80.5039 -71.2266 12
    endloop
  endfacet
  facet normal 0.741137 -0.671353 0
    outer loop
      vertex 80.5039 -71.2266 6
      vertex 80.3721 -71.3721 12
      vertex 80.3721 -71.3721 6
    endloop
  endfacet
  facet normal 0.514196 -0.857673 0
    outer loop
      vertex 79.9007 -71.7217 6
      vertex 80.069 -71.6208 12
      vertex 79.9007 -71.7217 12
    endloop
  endfacet
  facet normal 0.514196 -0.857673 0
    outer loop
      vertex 80.069 -71.6208 12
      vertex 79.9007 -71.7217 6
      vertex 80.069 -71.6208 6
    endloop
  endfacet
  facet normal 0.94158 0.336788 0
    outer loop
      vertex 80.8717 -69.3773 12
      vertex 80.8056 -69.1925 6
      vertex 80.8056 -69.1925 12
    endloop
  endfacet
  facet normal 0.94158 0.336788 0
    outer loop
      vertex 80.8056 -69.1925 6
      vertex 80.8717 -69.3773 12
      vertex 80.8717 -69.3773 6
    endloop
  endfacet
  facet normal 0.94158 -0.336788 0
    outer loop
      vertex 80.8056 -70.7232 12
      vertex 80.8717 -70.5384 6
      vertex 80.8717 -70.5384 12
    endloop
  endfacet
  facet normal 0.94158 -0.336788 0
    outer loop
      vertex 80.8717 -70.5384 6
      vertex 80.8056 -70.7232 12
      vertex 80.8056 -70.7232 6
    endloop
  endfacet
  facet normal -0.998803 -0.0489209 0
    outer loop
      vertex 76.9675 -70.1539 6
      vertex 76.9579 -69.9579 12
      vertex 76.9579 -69.9579 6
    endloop
  endfacet
  facet normal -0.998803 -0.0489209 0
    outer loop
      vertex 76.9579 -69.9579 12
      vertex 76.9675 -70.1539 6
      vertex 76.9675 -70.1539 12
    endloop
  endfacet
  facet normal -0.741137 0.671353 0
    outer loop
      vertex 77.4118 -68.6891 6
      vertex 77.5436 -68.5436 12
      vertex 77.5436 -68.5436 6
    endloop
  endfacet
  facet normal -0.741137 0.671353 0
    outer loop
      vertex 77.5436 -68.5436 12
      vertex 77.4118 -68.6891 6
      vertex 77.4118 -68.6891 12
    endloop
  endfacet
  facet normal 0.671353 0.741137 -0
    outer loop
      vertex 80.3721 -68.5436 6
      vertex 80.2266 -68.4118 12
      vertex 80.3721 -68.5436 12
    endloop
  endfacet
  facet normal 0.671353 0.741137 0
    outer loop
      vertex 80.2266 -68.4118 12
      vertex 80.3721 -68.5436 6
      vertex 80.2266 -68.4118 6
    endloop
  endfacet
  facet normal 0.803169 -0.595751 0
    outer loop
      vertex 80.5039 -71.2266 12
      vertex 80.6208 -71.069 6
      vertex 80.6208 -71.069 12
    endloop
  endfacet
  facet normal 0.803169 -0.595751 0
    outer loop
      vertex 80.6208 -71.069 6
      vertex 80.5039 -71.2266 12
      vertex 80.5039 -71.2266 6
    endloop
  endfacet
  facet normal 0.903997 0.427539 0
    outer loop
      vertex 80.8056 -69.1925 12
      vertex 80.7217 -69.0151 6
      vertex 80.7217 -69.0151 12
    endloop
  endfacet
  facet normal 0.903997 0.427539 0
    outer loop
      vertex 80.7217 -69.0151 6
      vertex 80.8056 -69.1925 12
      vertex 80.8056 -69.1925 6
    endloop
  endfacet
  facet normal 0.14677 -0.989171 0
    outer loop
      vertex 79.1539 -71.9482 6
      vertex 79.348 -71.9194 12
      vertex 79.1539 -71.9482 12
    endloop
  endfacet
  facet normal 0.14677 -0.989171 0
    outer loop
      vertex 79.348 -71.9194 12
      vertex 79.1539 -71.9482 6
      vertex 79.348 -71.9194 6
    endloop
  endfacet
  facet normal 0.595751 0.803169 -0
    outer loop
      vertex 80.2266 -68.4118 6
      vertex 80.069 -68.2949 12
      vertex 80.2266 -68.4118 12
    endloop
  endfacet
  facet normal 0.595751 0.803169 0
    outer loop
      vertex 80.069 -68.2949 12
      vertex 80.2266 -68.4118 6
      vertex 80.069 -68.2949 6
    endloop
  endfacet
  facet normal -0.998804 0.0488961 0
    outer loop
      vertex 76.9579 -69.9579 6
      vertex 76.9675 -69.7618 12
      vertex 76.9675 -69.7618 6
    endloop
  endfacet
  facet normal -0.998804 0.0488961 0
    outer loop
      vertex 76.9675 -69.7618 12
      vertex 76.9579 -69.9579 6
      vertex 76.9579 -69.9579 12
    endloop
  endfacet
  facet normal 0.0494293 -0.998778 0
    outer loop
      vertex 78.9579 -71.9579 6
      vertex 79.1539 -71.9482 12
      vertex 78.9579 -71.9579 12
    endloop
  endfacet
  facet normal 0.0494293 -0.998778 0
    outer loop
      vertex 79.1539 -71.9482 12
      vertex 78.9579 -71.9579 6
      vertex 79.1539 -71.9482 6
    endloop
  endfacet
  facet normal 0.857807 0.513971 0
    outer loop
      vertex 80.7217 -69.0151 12
      vertex 80.6208 -68.8467 6
      vertex 80.6208 -68.8467 12
    endloop
  endfacet
  facet normal 0.857807 0.513971 0
    outer loop
      vertex 80.6208 -68.8467 6
      vertex 80.7217 -69.0151 12
      vertex 80.7217 -69.0151 6
    endloop
  endfacet
  facet normal -0.513971 0.857807 0
    outer loop
      vertex 78.0151 -68.194 6
      vertex 77.8467 -68.2949 12
      vertex 78.0151 -68.194 12
    endloop
  endfacet
  facet normal -0.513971 0.857807 0
    outer loop
      vertex 77.8467 -68.2949 12
      vertex 78.0151 -68.194 6
      vertex 77.8467 -68.2949 6
    endloop
  endfacet
  facet normal -0.857807 0.513971 0
    outer loop
      vertex 77.194 -69.0151 6
      vertex 77.2949 -68.8467 12
      vertex 77.2949 -68.8467 6
    endloop
  endfacet
  facet normal -0.857807 0.513971 0
    outer loop
      vertex 77.2949 -68.8467 12
      vertex 77.194 -69.0151 6
      vertex 77.194 -69.0151 12
    endloop
  endfacet
  facet normal 0.857673 -0.514196 0
    outer loop
      vertex 80.6208 -71.069 12
      vertex 80.7217 -70.9007 6
      vertex 80.7217 -70.9007 12
    endloop
  endfacet
  facet normal 0.857673 -0.514196 0
    outer loop
      vertex 80.7217 -70.9007 6
      vertex 80.6208 -71.069 12
      vertex 80.6208 -71.069 6
    endloop
  endfacet
  facet normal -0.90409 -0.427342 0
    outer loop
      vertex 77.194 -70.9007 6
      vertex 77.1101 -70.7232 12
      vertex 77.1101 -70.7232 6
    endloop
  endfacet
  facet normal -0.90409 -0.427342 0
    outer loop
      vertex 77.1101 -70.7232 12
      vertex 77.194 -70.9007 6
      vertex 77.194 -70.9007 12
    endloop
  endfacet
  facet normal 0.336788 -0.94158 0
    outer loop
      vertex 79.5384 -71.8717 6
      vertex 79.7232 -71.8056 12
      vertex 79.5384 -71.8717 12
    endloop
  endfacet
  facet normal 0.336788 -0.94158 0
    outer loop
      vertex 79.7232 -71.8056 12
      vertex 79.5384 -71.8717 6
      vertex 79.7232 -71.8056 6
    endloop
  endfacet
  facet normal -0.14677 0.989171 0
    outer loop
      vertex 78.7618 -67.9675 6
      vertex 78.5677 -67.9963 12
      vertex 78.7618 -67.9675 12
    endloop
  endfacet
  facet normal -0.14677 0.989171 0
    outer loop
      vertex 78.5677 -67.9963 12
      vertex 78.7618 -67.9675 6
      vertex 78.5677 -67.9963 6
    endloop
  endfacet
  facet normal 0.243015 -0.970023 0
    outer loop
      vertex 79.348 -71.9194 6
      vertex 79.5384 -71.8717 12
      vertex 79.348 -71.9194 12
    endloop
  endfacet
  facet normal 0.243015 -0.970023 0
    outer loop
      vertex 79.5384 -71.8717 12
      vertex 79.348 -71.9194 6
      vertex 79.5384 -71.8717 6
    endloop
  endfacet
  facet normal -0.513971 -0.857807 0
    outer loop
      vertex 77.8467 -71.6208 6
      vertex 78.0151 -71.7217 12
      vertex 77.8467 -71.6208 12
    endloop
  endfacet
  facet normal -0.513971 -0.857807 -0
    outer loop
      vertex 78.0151 -71.7217 12
      vertex 77.8467 -71.6208 6
      vertex 78.0151 -71.7217 6
    endloop
  endfacet
  facet normal 0 0 1
    outer loop
      vertex 80.9482 -69.7618 12
      vertex 80.9482 -70.1539 12
      vertex 80.9579 -69.9579 12
    endloop
  endfacet
  facet normal 0 0 1
    outer loop
      vertex 80.9194 -69.5677 12
      vertex 80.9482 -70.1539 12
      vertex 80.9482 -69.7618 12
    endloop
  endfacet
  facet normal 0 0 1
    outer loop
      vertex 80.9194 -69.5677 12
      vertex 80.9194 -70.348 12
      vertex 80.9482 -70.1539 12
    endloop
  endfacet
  facet normal 0 0 1
    outer loop
      vertex 80.8717 -69.3773 12
      vertex 80.9194 -70.348 12
      vertex 80.9194 -69.5677 12
    endloop
  endfacet
  facet normal 0 0 1
    outer loop
      vertex 80.8717 -69.3773 12
      vertex 80.8717 -70.5384 12
      vertex 80.9194 -70.348 12
    endloop
  endfacet
  facet normal 0 0 1
    outer loop
      vertex 80.8056 -69.1925 12
      vertex 80.8717 -70.5384 12
      vertex 80.8717 -69.3773 12
    endloop
  endfacet
  facet normal 0 0 1
    outer loop
      vertex 80.8056 -69.1925 12
      vertex 80.8056 -70.7232 12
      vertex 80.8717 -70.5384 12
    endloop
  endfacet
  facet normal 0 0 1
    outer loop
      vertex 80.7217 -69.0151 12
      vertex 80.8056 -70.7232 12
      vertex 80.8056 -69.1925 12
    endloop
  endfacet
  facet normal 0 0 1
    outer loop
      vertex 80.7217 -69.0151 12
      vertex 80.7217 -70.9007 12
      vertex 80.8056 -70.7232 12
    endloop
  endfacet
  facet normal 0 0 1
    outer loop
      vertex 80.6208 -68.8467 12
      vertex 80.7217 -70.9007 12
      vertex 80.7217 -69.0151 12
    endloop
  endfacet
  facet normal 0 0 1
    outer loop
      vertex 80.6208 -68.8467 12
      vertex 80.6208 -71.069 12
      vertex 80.7217 -70.9007 12
    endloop
  endfacet
  facet normal 0 0 1
    outer loop
      vertex 80.5039 -68.6891 12
      vertex 80.6208 -71.069 12
      vertex 80.6208 -68.8467 12
    endloop
  endfacet
  facet normal 0 0 1
    outer loop
      vertex 80.5039 -68.6891 12
      vertex 80.5039 -71.2266 12
      vertex 80.6208 -71.069 12
    endloop
  endfacet
  facet normal 0 0 1
    outer loop
      vertex 80.3721 -68.5436 12
      vertex 80.5039 -71.2266 12
      vertex 80.5039 -68.6891 12
    endloop
  endfacet
  facet normal 0 0 1
    outer loop
      vertex 80.3721 -68.5436 12
      vertex 80.3721 -71.3721 12
      vertex 80.5039 -71.2266 12
    endloop
  endfacet
  facet normal 0 0 1
    outer loop
      vertex 80.2266 -68.4118 12
      vertex 80.3721 -71.3721 12
      vertex 80.3721 -68.5436 12
    endloop
  endfacet
  facet normal 0 0 1
    outer loop
      vertex 80.2266 -68.4118 12
      vertex 80.2266 -71.5039 12
      vertex 80.3721 -71.3721 12
    endloop
  endfacet
  facet normal 0 0 1
    outer loop
      vertex 80.069 -68.2949 12
      vertex 80.2266 -71.5039 12
      vertex 80.2266 -68.4118 12
    endloop
  endfacet
  facet normal 0 0 1
    outer loop
      vertex 80.069 -68.2949 12
      vertex 80.069 -71.6208 12
      vertex 80.2266 -71.5039 12
    endloop
  endfacet
  facet normal 0 0 1
    outer loop
      vertex 79.9007 -68.194 12
      vertex 80.069 -71.6208 12
      vertex 80.069 -68.2949 12
    endloop
  endfacet
  facet normal 0 0 1
    outer loop
      vertex 79.9007 -68.194 12
      vertex 79.9007 -71.7217 12
      vertex 80.069 -71.6208 12
    endloop
  endfacet
  facet normal 0 0 1
    outer loop
      vertex 79.7232 -68.1101 12
      vertex 79.9007 -71.7217 12
      vertex 79.9007 -68.194 12
    endloop
  endfacet
  facet normal 0 0 1
    outer loop
      vertex 79.7232 -68.1101 12
      vertex 79.7232 -71.8056 12
      vertex 79.9007 -71.7217 12
    endloop
  endfacet
  facet normal 0 0 1
    outer loop
      vertex 79.5384 -68.044 12
      vertex 79.7232 -71.8056 12
      vertex 79.7232 -68.1101 12
    endloop
  endfacet
  facet normal 0 0 1
    outer loop
      vertex 79.5384 -68.044 12
      vertex 79.5384 -71.8717 12
      vertex 79.7232 -71.8056 12
    endloop
  endfacet
  facet normal 0 0 1
    outer loop
      vertex 79.348 -67.9963 12
      vertex 79.5384 -71.8717 12
      vertex 79.5384 -68.044 12
    endloop
  endfacet
  facet normal 0 0 1
    outer loop
      vertex 79.348 -67.9963 12
      vertex 79.348 -71.9194 12
      vertex 79.5384 -71.8717 12
    endloop
  endfacet
  facet normal 0 0 1
    outer loop
      vertex 79.1539 -67.9675 12
      vertex 79.348 -71.9194 12
      vertex 79.348 -67.9963 12
    endloop
  endfacet
  facet normal 0 0 1
    outer loop
      vertex 79.1539 -67.9675 12
      vertex 79.1539 -71.9482 12
      vertex 79.348 -71.9194 12
    endloop
  endfacet
  facet normal 0 0 1
    outer loop
      vertex 78.9579 -67.9579 12
      vertex 79.1539 -71.9482 12
      vertex 79.1539 -67.9675 12
    endloop
  endfacet
  facet normal 0 0 1
    outer loop
      vertex 78.9579 -67.9579 12
      vertex 78.9579 -71.9579 12
      vertex 79.1539 -71.9482 12
    endloop
  endfacet
  facet normal -0 0 1
    outer loop
      vertex 78.7618 -67.9675 12
      vertex 78.9579 -71.9579 12
      vertex 78.9579 -67.9579 12
    endloop
  endfacet
  facet normal 0 0 1
    outer loop
      vertex 78.7618 -67.9675 12
      vertex 78.7618 -71.9482 12
      vertex 78.9579 -71.9579 12
    endloop
  endfacet
  facet normal -0 0 1
    outer loop
      vertex 78.5677 -67.9963 12
      vertex 78.7618 -71.9482 12
      vertex 78.7618 -67.9675 12
    endloop
  endfacet
  facet normal 0 0 1
    outer loop
      vertex 78.5677 -67.9963 12
      vertex 78.5677 -71.9194 12
      vertex 78.7618 -71.9482 12
    endloop
  endfacet
  facet normal -0 0 1
    outer loop
      vertex 78.3773 -68.044 12
      vertex 78.5677 -71.9194 12
      vertex 78.5677 -67.9963 12
    endloop
  endfacet
  facet normal 0 0 1
    outer loop
      vertex 78.3773 -68.044 12
      vertex 78.3773 -71.8717 12
      vertex 78.5677 -71.9194 12
    endloop
  endfacet
  facet normal -0 0 1
    outer loop
      vertex 78.1925 -68.1101 12
      vertex 78.3773 -71.8717 12
      vertex 78.3773 -68.044 12
    endloop
  endfacet
  facet normal 0 0 1
    outer loop
      vertex 78.1925 -68.1101 12
      vertex 78.1925 -71.8056 12
      vertex 78.3773 -71.8717 12
    endloop
  endfacet
  facet normal -0 0 1
    outer loop
      vertex 78.0151 -68.194 12
      vertex 78.1925 -71.8056 12
      vertex 78.1925 -68.1101 12
    endloop
  endfacet
  facet normal 0 0 1
    outer loop
      vertex 78.0151 -68.194 12
      vertex 78.0151 -71.7217 12
      vertex 78.1925 -71.8056 12
    endloop
  endfacet
  facet normal -0 0 1
    outer loop
      vertex 77.8467 -68.2949 12
      vertex 78.0151 -71.7217 12
      vertex 78.0151 -68.194 12
    endloop
  endfacet
  facet normal 0 0 1
    outer loop
      vertex 77.8467 -68.2949 12
      vertex 77.8467 -71.6208 12
      vertex 78.0151 -71.7217 12
    endloop
  endfacet
  facet normal -0 0 1
    outer loop
      vertex 77.6891 -68.4118 12
      vertex 77.8467 -71.6208 12
      vertex 77.8467 -68.2949 12
    endloop
  endfacet
  facet normal 0 0 1
    outer loop
      vertex 77.6891 -68.4118 12
      vertex 77.6891 -71.5039 12
      vertex 77.8467 -71.6208 12
    endloop
  endfacet
  facet normal -0 0 1
    outer loop
      vertex 77.5436 -68.5436 12
      vertex 77.6891 -71.5039 12
      vertex 77.6891 -68.4118 12
    endloop
  endfacet
  facet normal 0 0 1
    outer loop
      vertex 77.5436 -68.5436 12
      vertex 77.5436 -71.3721 12
      vertex 77.6891 -71.5039 12
    endloop
  endfacet
  facet normal -0 0 1
    outer loop
      vertex 77.4118 -68.6891 12
      vertex 77.5436 -71.3721 12
      vertex 77.5436 -68.5436 12
    endloop
  endfacet
  facet normal 0 0 1
    outer loop
      vertex 77.4118 -68.6891 12
      vertex 77.4118 -71.2266 12
      vertex 77.5436 -71.3721 12
    endloop
  endfacet
  facet normal -0 0 1
    outer loop
      vertex 77.2949 -68.8467 12
      vertex 77.4118 -71.2266 12
      vertex 77.4118 -68.6891 12
    endloop
  endfacet
  facet normal 0 0 1
    outer loop
      vertex 77.2949 -68.8467 12
      vertex 77.2949 -71.069 12
      vertex 77.4118 -71.2266 12
    endloop
  endfacet
  facet normal -0 0 1
    outer loop
      vertex 77.194 -69.0151 12
      vertex 77.2949 -71.069 12
      vertex 77.2949 -68.8467 12
    endloop
  endfacet
  facet normal 0 0 1
    outer loop
      vertex 77.194 -69.0151 12
      vertex 77.194 -70.9007 12
      vertex 77.2949 -71.069 12
    endloop
  endfacet
  facet normal -0 0 1
    outer loop
      vertex 77.1101 -69.1925 12
      vertex 77.194 -70.9007 12
      vertex 77.194 -69.0151 12
    endloop
  endfacet
  facet normal 0 0 1
    outer loop
      vertex 77.1101 -69.1925 12
      vertex 77.1101 -70.7232 12
      vertex 77.194 -70.9007 12
    endloop
  endfacet
  facet normal -0 0 1
    outer loop
      vertex 77.044 -69.3773 12
      vertex 77.1101 -70.7232 12
      vertex 77.1101 -69.1925 12
    endloop
  endfacet
  facet normal 0 0 1
    outer loop
      vertex 77.044 -69.3773 12
      vertex 77.044 -70.5384 12
      vertex 77.1101 -70.7232 12
    endloop
  endfacet
  facet normal -0 0 1
    outer loop
      vertex 76.9963 -69.5677 12
      vertex 77.044 -70.5384 12
      vertex 77.044 -69.3773 12
    endloop
  endfacet
  facet normal 0 0 1
    outer loop
      vertex 76.9963 -69.5677 12
      vertex 76.9963 -70.348 12
      vertex 77.044 -70.5384 12
    endloop
  endfacet
  facet normal -0 0 1
    outer loop
      vertex 76.9675 -69.7618 12
      vertex 76.9963 -70.348 12
      vertex 76.9963 -69.5677 12
    endloop
  endfacet
  facet normal 0 0 1
    outer loop
      vertex 76.9675 -69.7618 12
      vertex 76.9675 -70.1539 12
      vertex 76.9963 -70.348 12
    endloop
  endfacet
  facet normal 0 -0 1
    outer loop
      vertex 76.9675 -70.1539 12
      vertex 76.9675 -69.7618 12
      vertex 76.9579 -69.9579 12
    endloop
  endfacet
  facet normal -0.803169 0.595751 0
    outer loop
      vertex 77.2949 -68.8467 6
      vertex 77.4118 -68.6891 12
      vertex 77.4118 -68.6891 6
    endloop
  endfacet
  facet normal -0.803169 0.595751 0
    outer loop
      vertex 77.4118 -68.6891 12
      vertex 77.2949 -68.8467 6
      vertex 77.2949 -68.8467 12
    endloop
  endfacet
  facet normal -0.94158 0.336788 0
    outer loop
      vertex 77.044 -69.3773 6
      vertex 77.1101 -69.1925 12
      vertex 77.1101 -69.1925 6
    endloop
  endfacet
  facet normal -0.94158 0.336788 0
    outer loop
      vertex 77.1101 -69.1925 12
      vertex 77.044 -69.3773 6
      vertex 77.044 -69.3773 12
    endloop
  endfacet
  facet normal -0.94158 -0.336788 0
    outer loop
      vertex 77.1101 -70.7232 6
      vertex 77.044 -70.5384 12
      vertex 77.044 -70.5384 6
    endloop
  endfacet
  facet normal -0.94158 -0.336788 0
    outer loop
      vertex 77.044 -70.5384 12
      vertex 77.1101 -70.7232 6
      vertex 77.1101 -70.7232 12
    endloop
  endfacet
  facet normal -0.741137 -0.671353 0
    outer loop
      vertex 77.5436 -71.3721 6
      vertex 77.4118 -71.2266 12
      vertex 77.4118 -71.2266 6
    endloop
  endfacet
  facet normal -0.741137 -0.671353 0
    outer loop
      vertex 77.4118 -71.2266 12
      vertex 77.5436 -71.3721 6
      vertex 77.5436 -71.3721 12
    endloop
  endfacet
  facet normal -0.857673 -0.514196 0
    outer loop
      vertex 77.2949 -71.069 6
      vertex 77.194 -70.9007 12
      vertex 77.194 -70.9007 6
    endloop
  endfacet
  facet normal -0.857673 -0.514196 0
    outer loop
      vertex 77.194 -70.9007 12
      vertex 77.2949 -71.069 6
      vertex 77.2949 -71.069 12
    endloop
  endfacet
  facet normal 0.595751 -0.803169 0
    outer loop
      vertex 80.069 -71.6208 6
      vertex 80.2266 -71.5039 12
      vertex 80.069 -71.6208 12
    endloop
  endfacet
  facet normal 0.595751 -0.803169 0
    outer loop
      vertex 80.2266 -71.5039 12
      vertex 80.069 -71.6208 6
      vertex 80.2266 -71.5039 6
    endloop
  endfacet
  facet normal -0.671353 -0.741137 0
    outer loop
      vertex 77.5436 -71.3721 6
      vertex 77.6891 -71.5039 12
      vertex 77.5436 -71.3721 12
    endloop
  endfacet
  facet normal -0.671353 -0.741137 -0
    outer loop
      vertex 77.6891 -71.5039 12
      vertex 77.5436 -71.3721 6
      vertex 77.6891 -71.5039 6
    endloop
  endfacet
  facet normal -0.427539 -0.903997 0
    outer loop
      vertex 78.0151 -71.7217 6
      vertex 78.1925 -71.8056 12
      vertex 78.0151 -71.7217 12
    endloop
  endfacet
  facet normal -0.427539 -0.903997 -0
    outer loop
      vertex 78.1925 -71.8056 12
      vertex 78.0151 -71.7217 6
      vertex 78.1925 -71.8056 6
    endloop
  endfacet
  facet normal 0.671353 -0.741137 0
    outer loop
      vertex 80.2266 -71.5039 6
      vertex 80.3721 -71.3721 12
      vertex 80.2266 -71.5039 12
    endloop
  endfacet
  facet normal 0.671353 -0.741137 0
    outer loop
      vertex 80.3721 -71.3721 12
      vertex 80.2266 -71.5039 6
      vertex 80.3721 -71.3721 6
    endloop
  endfacet
  facet normal -0.989171 0.14677 0
    outer loop
      vertex 76.9675 -69.7618 6
      vertex 76.9963 -69.5677 12
      vertex 76.9963 -69.5677 6
    endloop
  endfacet
  facet normal -0.989171 0.14677 0
    outer loop
      vertex 76.9963 -69.5677 12
      vertex 76.9675 -69.7618 6
      vertex 76.9675 -69.7618 12
    endloop
  endfacet
  facet normal -0.243015 -0.970023 0
    outer loop
      vertex 78.3773 -71.8717 6
      vertex 78.5677 -71.9194 12
      vertex 78.3773 -71.8717 12
    endloop
  endfacet
  facet normal -0.243015 -0.970023 -0
    outer loop
      vertex 78.5677 -71.9194 12
      vertex 78.3773 -71.8717 6
      vertex 78.5677 -71.9194 6
    endloop
  endfacet
  facet normal 0.989171 0.14677 0
    outer loop
      vertex 80.9482 70.1539 12
      vertex 80.9194 70.348 6
      vertex 80.9194 70.348 12
    endloop
  endfacet
  facet normal 0.989171 0.14677 0
    outer loop
      vertex 80.9194 70.348 6
      vertex 80.9482 70.1539 12
      vertex 80.9482 70.1539 6
    endloop
  endfacet
  facet normal 0.998778 0.0494293 0
    outer loop
      vertex 80.9579 69.9579 12
      vertex 80.9482 70.1539 6
      vertex 80.9482 70.1539 12
    endloop
  endfacet
  facet normal 0.998778 0.0494293 0
    outer loop
      vertex 80.9482 70.1539 6
      vertex 80.9579 69.9579 12
      vertex 80.9579 69.9579 6
    endloop
  endfacet
  facet normal 0.970023 0.243015 0
    outer loop
      vertex 80.9194 70.348 12
      vertex 80.8717 70.5384 6
      vertex 80.8717 70.5384 12
    endloop
  endfacet
  facet normal 0.970023 0.243015 0
    outer loop
      vertex 80.8717 70.5384 6
      vertex 80.9194 70.348 12
      vertex 80.9194 70.348 6
    endloop
  endfacet
  facet normal 0.243015 0.970023 -0
    outer loop
      vertex 79.5384 71.8717 6
      vertex 79.348 71.9194 12
      vertex 79.5384 71.8717 12
    endloop
  endfacet
  facet normal 0.243015 0.970023 0
    outer loop
      vertex 79.348 71.9194 12
      vertex 79.5384 71.8717 6
      vertex 79.348 71.9194 6
    endloop
  endfacet
  facet normal -0.595751 -0.803169 0
    outer loop
      vertex 77.6891 68.4118 6
      vertex 77.8467 68.2949 12
      vertex 77.6891 68.4118 12
    endloop
  endfacet
  facet normal -0.595751 -0.803169 -0
    outer loop
      vertex 77.8467 68.2949 12
      vertex 77.6891 68.4118 6
      vertex 77.8467 68.2949 6
    endloop
  endfacet
  facet normal -0.427539 -0.903997 0
    outer loop
      vertex 78.0151 68.194 6
      vertex 78.1925 68.1101 12
      vertex 78.0151 68.194 12
    endloop
  endfacet
  facet normal -0.427539 -0.903997 -0
    outer loop
      vertex 78.1925 68.1101 12
      vertex 78.0151 68.194 6
      vertex 78.1925 68.1101 6
    endloop
  endfacet
  facet normal -0.513971 -0.857807 0
    outer loop
      vertex 77.8467 68.2949 6
      vertex 78.0151 68.194 12
      vertex 77.8467 68.2949 12
    endloop
  endfacet
  facet normal -0.513971 -0.857807 -0
    outer loop
      vertex 78.0151 68.194 12
      vertex 77.8467 68.2949 6
      vertex 78.0151 68.194 6
    endloop
  endfacet
  facet normal -0.803169 -0.595751 0
    outer loop
      vertex 77.4118 68.6891 6
      vertex 77.2949 68.8467 12
      vertex 77.2949 68.8467 6
    endloop
  endfacet
  facet normal -0.803169 -0.595751 0
    outer loop
      vertex 77.2949 68.8467 12
      vertex 77.4118 68.6891 6
      vertex 77.4118 68.6891 12
    endloop
  endfacet
  facet normal 0.741137 0.671353 0
    outer loop
      vertex 80.5039 71.2266 12
      vertex 80.3721 71.3721 6
      vertex 80.3721 71.3721 12
    endloop
  endfacet
  facet normal 0.741137 0.671353 0
    outer loop
      vertex 80.3721 71.3721 6
      vertex 80.5039 71.2266 12
      vertex 80.5039 71.2266 6
    endloop
  endfacet
  facet normal 0.336788 -0.94158 0
    outer loop
      vertex 79.5384 68.044 6
      vertex 79.7232 68.1101 12
      vertex 79.5384 68.044 12
    endloop
  endfacet
  facet normal 0.336788 -0.94158 0
    outer loop
      vertex 79.7232 68.1101 12
      vertex 79.5384 68.044 6
      vertex 79.7232 68.1101 6
    endloop
  endfacet
  facet normal 0.427342 -0.90409 0
    outer loop
      vertex 79.7232 68.1101 6
      vertex 79.9007 68.194 12
      vertex 79.7232 68.1101 12
    endloop
  endfacet
  facet normal 0.427342 -0.90409 0
    outer loop
      vertex 79.9007 68.194 12
      vertex 79.7232 68.1101 6
      vertex 79.9007 68.194 6
    endloop
  endfacet
  facet normal 0.671353 -0.741137 0
    outer loop
      vertex 80.2266 68.4118 6
      vertex 80.3721 68.5436 12
      vertex 80.2266 68.4118 12
    endloop
  endfacet
  facet normal 0.671353 -0.741137 0
    outer loop
      vertex 80.3721 68.5436 12
      vertex 80.2266 68.4118 6
      vertex 80.3721 68.5436 6
    endloop
  endfacet
  facet normal -0.0494042 0.998779 0
    outer loop
      vertex 78.9579 71.9579 6
      vertex 78.7618 71.9482 12
      vertex 78.9579 71.9579 12
    endloop
  endfacet
  facet normal -0.0494042 0.998779 0
    outer loop
      vertex 78.7618 71.9482 12
      vertex 78.9579 71.9579 6
      vertex 78.7618 71.9482 6
    endloop
  endfacet
  facet normal -0.243015 0.970023 0
    outer loop
      vertex 78.5677 71.9194 6
      vertex 78.3773 71.8717 12
      vertex 78.5677 71.9194 12
    endloop
  endfacet
  facet normal -0.243015 0.970023 0
    outer loop
      vertex 78.3773 71.8717 12
      vertex 78.5677 71.9194 6
      vertex 78.3773 71.8717 6
    endloop
  endfacet
  facet normal 0.0494293 0.998778 -0
    outer loop
      vertex 79.1539 71.9482 6
      vertex 78.9579 71.9579 12
      vertex 79.1539 71.9482 12
    endloop
  endfacet
  facet normal 0.0494293 0.998778 0
    outer loop
      vertex 78.9579 71.9579 12
      vertex 79.1539 71.9482 6
      vertex 78.9579 71.9579 6
    endloop
  endfacet
  facet normal 0.514196 0.857673 -0
    outer loop
      vertex 80.069 71.6208 6
      vertex 79.9007 71.7217 12
      vertex 80.069 71.6208 12
    endloop
  endfacet
  facet normal 0.514196 0.857673 0
    outer loop
      vertex 79.9007 71.7217 12
      vertex 80.069 71.6208 6
      vertex 79.9007 71.7217 6
    endloop
  endfacet
  facet normal 0.903997 -0.427539 0
    outer loop
      vertex 80.7217 69.0151 12
      vertex 80.8056 69.1925 6
      vertex 80.8056 69.1925 12
    endloop
  endfacet
  facet normal 0.903997 -0.427539 0
    outer loop
      vertex 80.8056 69.1925 6
      vertex 80.7217 69.0151 12
      vertex 80.7217 69.0151 6
    endloop
  endfacet
  facet normal -0.336788 0.94158 0
    outer loop
      vertex 78.3773 71.8717 6
      vertex 78.1925 71.8056 12
      vertex 78.3773 71.8717 12
    endloop
  endfacet
  facet normal -0.336788 0.94158 0
    outer loop
      vertex 78.1925 71.8056 12
      vertex 78.3773 71.8717 6
      vertex 78.1925 71.8056 6
    endloop
  endfacet
  facet normal 0.857807 -0.513971 0
    outer loop
      vertex 80.6208 68.8467 12
      vertex 80.7217 69.0151 6
      vertex 80.7217 69.0151 12
    endloop
  endfacet
  facet normal 0.857807 -0.513971 0
    outer loop
      vertex 80.7217 69.0151 6
      vertex 80.6208 68.8467 12
      vertex 80.6208 68.8467 6
    endloop
  endfacet
  facet normal 0.803169 0.595751 0
    outer loop
      vertex 80.6208 71.069 12
      vertex 80.5039 71.2266 6
      vertex 80.5039 71.2266 12
    endloop
  endfacet
  facet normal 0.803169 0.595751 0
    outer loop
      vertex 80.5039 71.2266 6
      vertex 80.6208 71.069 12
      vertex 80.6208 71.069 6
    endloop
  endfacet
  facet normal 0.336788 0.94158 -0
    outer loop
      vertex 79.7232 71.8056 6
      vertex 79.5384 71.8717 12
      vertex 79.7232 71.8056 12
    endloop
  endfacet
  facet normal 0.336788 0.94158 0
    outer loop
      vertex 79.5384 71.8717 12
      vertex 79.7232 71.8056 6
      vertex 79.5384 71.8717 6
    endloop
  endfacet
  facet normal 0.741137 -0.671353 0
    outer loop
      vertex 80.3721 68.5436 12
      vertex 80.5039 68.6891 6
      vertex 80.5039 68.6891 12
    endloop
  endfacet
  facet normal 0.741137 -0.671353 0
    outer loop
      vertex 80.5039 68.6891 6
      vertex 80.3721 68.5436 12
      vertex 80.3721 68.5436 6
    endloop
  endfacet
  facet normal -0.857807 -0.513971 0
    outer loop
      vertex 77.2949 68.8467 6
      vertex 77.194 69.0151 12
      vertex 77.194 69.0151 6
    endloop
  endfacet
  facet normal -0.857807 -0.513971 0
    outer loop
      vertex 77.194 69.0151 12
      vertex 77.2949 68.8467 6
      vertex 77.2949 68.8467 12
    endloop
  endfacet
  facet normal -0.595751 0.803169 0
    outer loop
      vertex 77.8467 71.6208 6
      vertex 77.6891 71.5039 12
      vertex 77.8467 71.6208 12
    endloop
  endfacet
  facet normal -0.595751 0.803169 0
    outer loop
      vertex 77.6891 71.5039 12
      vertex 77.8467 71.6208 6
      vertex 77.6891 71.5039 6
    endloop
  endfacet
  facet normal -0.671353 -0.741137 0
    outer loop
      vertex 77.5436 68.5436 6
      vertex 77.6891 68.4118 12
      vertex 77.5436 68.5436 12
    endloop
  endfacet
  facet normal -0.671353 -0.741137 -0
    outer loop
      vertex 77.6891 68.4118 12
      vertex 77.5436 68.5436 6
      vertex 77.6891 68.4118 6
    endloop
  endfacet
  facet normal -0.90409 0.427342 0
    outer loop
      vertex 77.1101 70.7232 6
      vertex 77.194 70.9007 12
      vertex 77.194 70.9007 6
    endloop
  endfacet
  facet normal -0.90409 0.427342 0
    outer loop
      vertex 77.194 70.9007 12
      vertex 77.1101 70.7232 6
      vertex 77.1101 70.7232 12
    endloop
  endfacet
  facet normal -0.998804 -0.0488961 0
    outer loop
      vertex 76.9675 69.7618 6
      vertex 76.9579 69.9579 12
      vertex 76.9579 69.9579 6
    endloop
  endfacet
  facet normal -0.998804 -0.0488961 0
    outer loop
      vertex 76.9579 69.9579 12
      vertex 76.9675 69.7618 6
      vertex 76.9675 69.7618 12
    endloop
  endfacet
  facet normal -0.998803 0.0489209 0
    outer loop
      vertex 76.9579 69.9579 6
      vertex 76.9675 70.1539 12
      vertex 76.9675 70.1539 6
    endloop
  endfacet
  facet normal -0.998803 0.0489209 0
    outer loop
      vertex 76.9675 70.1539 12
      vertex 76.9579 69.9579 6
      vertex 76.9579 69.9579 12
    endloop
  endfacet
  facet normal -0.671353 0.741137 0
    outer loop
      vertex 77.6891 71.5039 6
      vertex 77.5436 71.3721 12
      vertex 77.6891 71.5039 12
    endloop
  endfacet
  facet normal -0.671353 0.741137 0
    outer loop
      vertex 77.5436 71.3721 12
      vertex 77.6891 71.5039 6
      vertex 77.5436 71.3721 6
    endloop
  endfacet
  facet normal 0.427342 0.90409 -0
    outer loop
      vertex 79.9007 71.7217 6
      vertex 79.7232 71.8056 12
      vertex 79.9007 71.7217 12
    endloop
  endfacet
  facet normal 0.427342 0.90409 0
    outer loop
      vertex 79.7232 71.8056 12
      vertex 79.9007 71.7217 6
      vertex 79.7232 71.8056 6
    endloop
  endfacet
  facet normal 0.94158 0.336788 0
    outer loop
      vertex 80.8717 70.5384 12
      vertex 80.8056 70.7232 6
      vertex 80.8056 70.7232 12
    endloop
  endfacet
  facet normal 0.94158 0.336788 0
    outer loop
      vertex 80.8056 70.7232 6
      vertex 80.8717 70.5384 12
      vertex 80.8717 70.5384 6
    endloop
  endfacet
  facet normal 0.595751 0.803169 -0
    outer loop
      vertex 80.2266 71.5039 6
      vertex 80.069 71.6208 12
      vertex 80.2266 71.5039 12
    endloop
  endfacet
  facet normal 0.595751 0.803169 0
    outer loop
      vertex 80.069 71.6208 12
      vertex 80.2266 71.5039 6
      vertex 80.069 71.6208 6
    endloop
  endfacet
  facet normal 0.989171 -0.14677 0
    outer loop
      vertex 80.9194 69.5677 12
      vertex 80.9482 69.7618 6
      vertex 80.9482 69.7618 12
    endloop
  endfacet
  facet normal 0.989171 -0.14677 0
    outer loop
      vertex 80.9482 69.7618 6
      vertex 80.9194 69.5677 12
      vertex 80.9194 69.5677 6
    endloop
  endfacet
  facet normal 0.998779 -0.0494042 0
    outer loop
      vertex 80.9482 69.7618 12
      vertex 80.9579 69.9579 6
      vertex 80.9579 69.9579 12
    endloop
  endfacet
  facet normal 0.998779 -0.0494042 0
    outer loop
      vertex 80.9579 69.9579 6
      vertex 80.9482 69.7618 12
      vertex 80.9482 69.7618 6
    endloop
  endfacet
  facet normal 0.803169 -0.595751 0
    outer loop
      vertex 80.5039 68.6891 12
      vertex 80.6208 68.8467 6
      vertex 80.6208 68.8467 12
    endloop
  endfacet
  facet normal 0.803169 -0.595751 0
    outer loop
      vertex 80.6208 68.8467 6
      vertex 80.5039 68.6891 12
      vertex 80.5039 68.6891 6
    endloop
  endfacet
  facet normal 0.90409 0.427342 0
    outer loop
      vertex 80.8056 70.7232 12
      vertex 80.7217 70.9007 6
      vertex 80.7217 70.9007 12
    endloop
  endfacet
  facet normal 0.90409 0.427342 0
    outer loop
      vertex 80.7217 70.9007 6
      vertex 80.8056 70.7232 12
      vertex 80.8056 70.7232 6
    endloop
  endfacet
  facet normal 0.14677 -0.989171 0
    outer loop
      vertex 79.1539 67.9675 6
      vertex 79.348 67.9963 12
      vertex 79.1539 67.9675 12
    endloop
  endfacet
  facet normal 0.14677 -0.989171 0
    outer loop
      vertex 79.348 67.9963 12
      vertex 79.1539 67.9675 6
      vertex 79.348 67.9963 6
    endloop
  endfacet
  facet normal -0.803169 0.595751 0
    outer loop
      vertex 77.2949 71.069 6
      vertex 77.4118 71.2266 12
      vertex 77.4118 71.2266 6
    endloop
  endfacet
  facet normal -0.803169 0.595751 0
    outer loop
      vertex 77.4118 71.2266 12
      vertex 77.2949 71.069 6
      vertex 77.2949 71.069 12
    endloop
  endfacet
  facet normal 0.970023 -0.243015 0
    outer loop
      vertex 80.8717 69.3773 12
      vertex 80.9194 69.5677 6
      vertex 80.9194 69.5677 12
    endloop
  endfacet
  facet normal 0.970023 -0.243015 0
    outer loop
      vertex 80.9194 69.5677 6
      vertex 80.8717 69.3773 12
      vertex 80.8717 69.3773 6
    endloop
  endfacet
  facet normal 0.94158 -0.336788 0
    outer loop
      vertex 80.8056 69.1925 12
      vertex 80.8717 69.3773 6
      vertex 80.8717 69.3773 12
    endloop
  endfacet
  facet normal 0.94158 -0.336788 0
    outer loop
      vertex 80.8717 69.3773 6
      vertex 80.8056 69.1925 12
      vertex 80.8056 69.1925 6
    endloop
  endfacet
  facet normal 0 0 1
    outer loop
      vertex 80.9482 70.1539 12
      vertex 80.9482 69.7618 12
      vertex 80.9579 69.9579 12
    endloop
  endfacet
  facet normal 0 0 1
    outer loop
      vertex 80.9194 70.348 12
      vertex 80.9482 69.7618 12
      vertex 80.9482 70.1539 12
    endloop
  endfacet
  facet normal 0 0 1
    outer loop
      vertex 80.9194 70.348 12
      vertex 80.9194 69.5677 12
      vertex 80.9482 69.7618 12
    endloop
  endfacet
  facet normal 0 0 1
    outer loop
      vertex 80.8717 70.5384 12
      vertex 80.9194 69.5677 12
      vertex 80.9194 70.348 12
    endloop
  endfacet
  facet normal 0 0 1
    outer loop
      vertex 80.8717 70.5384 12
      vertex 80.8717 69.3773 12
      vertex 80.9194 69.5677 12
    endloop
  endfacet
  facet normal 0 0 1
    outer loop
      vertex 80.8056 70.7232 12
      vertex 80.8717 69.3773 12
      vertex 80.8717 70.5384 12
    endloop
  endfacet
  facet normal 0 0 1
    outer loop
      vertex 80.8056 70.7232 12
      vertex 80.8056 69.1925 12
      vertex 80.8717 69.3773 12
    endloop
  endfacet
  facet normal 0 0 1
    outer loop
      vertex 80.7217 70.9007 12
      vertex 80.8056 69.1925 12
      vertex 80.8056 70.7232 12
    endloop
  endfacet
  facet normal 0 0 1
    outer loop
      vertex 80.7217 70.9007 12
      vertex 80.7217 69.0151 12
      vertex 80.8056 69.1925 12
    endloop
  endfacet
  facet normal 0 0 1
    outer loop
      vertex 80.6208 71.069 12
      vertex 80.7217 69.0151 12
      vertex 80.7217 70.9007 12
    endloop
  endfacet
  facet normal 0 0 1
    outer loop
      vertex 80.6208 71.069 12
      vertex 80.6208 68.8467 12
      vertex 80.7217 69.0151 12
    endloop
  endfacet
  facet normal 0 0 1
    outer loop
      vertex 80.5039 71.2266 12
      vertex 80.6208 68.8467 12
      vertex 80.6208 71.069 12
    endloop
  endfacet
  facet normal 0 0 1
    outer loop
      vertex 80.5039 71.2266 12
      vertex 80.5039 68.6891 12
      vertex 80.6208 68.8467 12
    endloop
  endfacet
  facet normal 0 0 1
    outer loop
      vertex 80.3721 71.3721 12
      vertex 80.5039 68.6891 12
      vertex 80.5039 71.2266 12
    endloop
  endfacet
  facet normal 0 0 1
    outer loop
      vertex 80.3721 71.3721 12
      vertex 80.3721 68.5436 12
      vertex 80.5039 68.6891 12
    endloop
  endfacet
  facet normal 0 0 1
    outer loop
      vertex 80.2266 71.5039 12
      vertex 80.3721 68.5436 12
      vertex 80.3721 71.3721 12
    endloop
  endfacet
  facet normal 0 0 1
    outer loop
      vertex 80.2266 71.5039 12
      vertex 80.2266 68.4118 12
      vertex 80.3721 68.5436 12
    endloop
  endfacet
  facet normal 0 0 1
    outer loop
      vertex 80.069 71.6208 12
      vertex 80.2266 68.4118 12
      vertex 80.2266 71.5039 12
    endloop
  endfacet
  facet normal 0 0 1
    outer loop
      vertex 80.069 71.6208 12
      vertex 80.069 68.2949 12
      vertex 80.2266 68.4118 12
    endloop
  endfacet
  facet normal 0 0 1
    outer loop
      vertex 79.9007 71.7217 12
      vertex 80.069 68.2949 12
      vertex 80.069 71.6208 12
    endloop
  endfacet
  facet normal 0 0 1
    outer loop
      vertex 79.9007 71.7217 12
      vertex 79.9007 68.194 12
      vertex 80.069 68.2949 12
    endloop
  endfacet
  facet normal 0 0 1
    outer loop
      vertex 79.7232 71.8056 12
      vertex 79.9007 68.194 12
      vertex 79.9007 71.7217 12
    endloop
  endfacet
  facet normal 0 0 1
    outer loop
      vertex 79.7232 71.8056 12
      vertex 79.7232 68.1101 12
      vertex 79.9007 68.194 12
    endloop
  endfacet
  facet normal 0 0 1
    outer loop
      vertex 79.5384 71.8717 12
      vertex 79.7232 68.1101 12
      vertex 79.7232 71.8056 12
    endloop
  endfacet
  facet normal 0 0 1
    outer loop
      vertex 79.5384 71.8717 12
      vertex 79.5384 68.044 12
      vertex 79.7232 68.1101 12
    endloop
  endfacet
  facet normal 0 0 1
    outer loop
      vertex 79.348 71.9194 12
      vertex 79.5384 68.044 12
      vertex 79.5384 71.8717 12
    endloop
  endfacet
  facet normal 0 0 1
    outer loop
      vertex 79.348 71.9194 12
      vertex 79.348 67.9963 12
      vertex 79.5384 68.044 12
    endloop
  endfacet
  facet normal 0 0 1
    outer loop
      vertex 79.1539 71.9482 12
      vertex 79.348 67.9963 12
      vertex 79.348 71.9194 12
    endloop
  endfacet
  facet normal 0 0 1
    outer loop
      vertex 79.1539 71.9482 12
      vertex 79.1539 67.9675 12
      vertex 79.348 67.9963 12
    endloop
  endfacet
  facet normal 0 0 1
    outer loop
      vertex 78.9579 71.9579 12
      vertex 79.1539 67.9675 12
      vertex 79.1539 71.9482 12
    endloop
  endfacet
  facet normal 0 0 1
    outer loop
      vertex 78.9579 71.9579 12
      vertex 78.9579 67.9579 12
      vertex 79.1539 67.9675 12
    endloop
  endfacet
  facet normal -0 0 1
    outer loop
      vertex 78.7618 71.9482 12
      vertex 78.9579 67.9579 12
      vertex 78.9579 71.9579 12
    endloop
  endfacet
  facet normal 0 0 1
    outer loop
      vertex 78.7618 71.9482 12
      vertex 78.7618 67.9675 12
      vertex 78.9579 67.9579 12
    endloop
  endfacet
  facet normal -0 0 1
    outer loop
      vertex 78.5677 71.9194 12
      vertex 78.7618 67.9675 12
      vertex 78.7618 71.9482 12
    endloop
  endfacet
  facet normal 0 0 1
    outer loop
      vertex 78.5677 71.9194 12
      vertex 78.5677 67.9963 12
      vertex 78.7618 67.9675 12
    endloop
  endfacet
  facet normal -0 0 1
    outer loop
      vertex 78.3773 71.8717 12
      vertex 78.5677 67.9963 12
      vertex 78.5677 71.9194 12
    endloop
  endfacet
  facet normal 0 0 1
    outer loop
      vertex 78.3773 71.8717 12
      vertex 78.3773 68.044 12
      vertex 78.5677 67.9963 12
    endloop
  endfacet
  facet normal -0 0 1
    outer loop
      vertex 78.1925 71.8056 12
      vertex 78.3773 68.044 12
      vertex 78.3773 71.8717 12
    endloop
  endfacet
  facet normal 0 0 1
    outer loop
      vertex 78.1925 71.8056 12
      vertex 78.1925 68.1101 12
      vertex 78.3773 68.044 12
    endloop
  endfacet
  facet normal -0 0 1
    outer loop
      vertex 78.0151 71.7217 12
      vertex 78.1925 68.1101 12
      vertex 78.1925 71.8056 12
    endloop
  endfacet
  facet normal 0 0 1
    outer loop
      vertex 78.0151 71.7217 12
      vertex 78.0151 68.194 12
      vertex 78.1925 68.1101 12
    endloop
  endfacet
  facet normal -0 0 1
    outer loop
      vertex 77.8467 71.6208 12
      vertex 78.0151 68.194 12
      vertex 78.0151 71.7217 12
    endloop
  endfacet
  facet normal 0 0 1
    outer loop
      vertex 77.8467 71.6208 12
      vertex 77.8467 68.2949 12
      vertex 78.0151 68.194 12
    endloop
  endfacet
  facet normal -0 0 1
    outer loop
      vertex 77.6891 71.5039 12
      vertex 77.8467 68.2949 12
      vertex 77.8467 71.6208 12
    endloop
  endfacet
  facet normal 0 0 1
    outer loop
      vertex 77.6891 71.5039 12
      vertex 77.6891 68.4118 12
      vertex 77.8467 68.2949 12
    endloop
  endfacet
  facet normal -0 0 1
    outer loop
      vertex 77.5436 71.3721 12
      vertex 77.6891 68.4118 12
      vertex 77.6891 71.5039 12
    endloop
  endfacet
  facet normal 0 0 1
    outer loop
      vertex 77.5436 71.3721 12
      vertex 77.5436 68.5436 12
      vertex 77.6891 68.4118 12
    endloop
  endfacet
  facet normal -0 0 1
    outer loop
      vertex 77.4118 71.2266 12
      vertex 77.5436 68.5436 12
      vertex 77.5436 71.3721 12
    endloop
  endfacet
  facet normal 0 0 1
    outer loop
      vertex 77.4118 71.2266 12
      vertex 77.4118 68.6891 12
      vertex 77.5436 68.5436 12
    endloop
  endfacet
  facet normal -0 0 1
    outer loop
      vertex 77.2949 71.069 12
      vertex 77.4118 68.6891 12
      vertex 77.4118 71.2266 12
    endloop
  endfacet
  facet normal 0 0 1
    outer loop
      vertex 77.2949 71.069 12
      vertex 77.2949 68.8467 12
      vertex 77.4118 68.6891 12
    endloop
  endfacet
  facet normal -0 0 1
    outer loop
      vertex 77.194 70.9007 12
      vertex 77.2949 68.8467 12
      vertex 77.2949 71.069 12
    endloop
  endfacet
  facet normal 0 0 1
    outer loop
      vertex 77.194 70.9007 12
      vertex 77.194 69.0151 12
      vertex 77.2949 68.8467 12
    endloop
  endfacet
  facet normal -0 0 1
    outer loop
      vertex 77.1101 70.7232 12
      vertex 77.194 69.0151 12
      vertex 77.194 70.9007 12
    endloop
  endfacet
  facet normal 0 0 1
    outer loop
      vertex 77.1101 70.7232 12
      vertex 77.1101 69.1925 12
      vertex 77.194 69.0151 12
    endloop
  endfacet
  facet normal -0 0 1
    outer loop
      vertex 77.044 70.5384 12
      vertex 77.1101 69.1925 12
      vertex 77.1101 70.7232 12
    endloop
  endfacet
  facet normal 0 0 1
    outer loop
      vertex 77.044 70.5384 12
      vertex 77.044 69.3773 12
      vertex 77.1101 69.1925 12
    endloop
  endfacet
  facet normal -0 0 1
    outer loop
      vertex 76.9963 70.348 12
      vertex 77.044 69.3773 12
      vertex 77.044 70.5384 12
    endloop
  endfacet
  facet normal 0 0 1
    outer loop
      vertex 76.9963 70.348 12
      vertex 76.9963 69.5677 12
      vertex 77.044 69.3773 12
    endloop
  endfacet
  facet normal -0 0 1
    outer loop
      vertex 76.9675 70.1539 12
      vertex 76.9963 69.5677 12
      vertex 76.9963 70.348 12
    endloop
  endfacet
  facet normal 0 0 1
    outer loop
      vertex 76.9675 70.1539 12
      vertex 76.9675 69.7618 12
      vertex 76.9963 69.5677 12
    endloop
  endfacet
  facet normal 0 -0 1
    outer loop
      vertex 76.9675 69.7618 12
      vertex 76.9675 70.1539 12
      vertex 76.9579 69.9579 12
    endloop
  endfacet
  facet normal -0.903997 -0.427539 0
    outer loop
      vertex 77.194 69.0151 6
      vertex 77.1101 69.1925 12
      vertex 77.1101 69.1925 6
    endloop
  endfacet
  facet normal -0.903997 -0.427539 0
    outer loop
      vertex 77.1101 69.1925 12
      vertex 77.194 69.0151 6
      vertex 77.194 69.0151 12
    endloop
  endfacet
  facet normal -0.14677 0.989171 0
    outer loop
      vertex 78.7618 71.9482 6
      vertex 78.5677 71.9194 12
      vertex 78.7618 71.9482 12
    endloop
  endfacet
  facet normal -0.14677 0.989171 0
    outer loop
      vertex 78.5677 71.9194 12
      vertex 78.7618 71.9482 6
      vertex 78.5677 71.9194 6
    endloop
  endfacet
  facet normal -0.427539 0.903997 0
    outer loop
      vertex 78.1925 71.8056 6
      vertex 78.0151 71.7217 12
      vertex 78.1925 71.8056 12
    endloop
  endfacet
  facet normal -0.427539 0.903997 0
    outer loop
      vertex 78.0151 71.7217 12
      vertex 78.1925 71.8056 6
      vertex 78.0151 71.7217 6
    endloop
  endfacet
  facet normal -0.857673 0.514196 0
    outer loop
      vertex 77.194 70.9007 6
      vertex 77.2949 71.069 12
      vertex 77.2949 71.069 6
    endloop
  endfacet
  facet normal -0.857673 0.514196 0
    outer loop
      vertex 77.2949 71.069 12
      vertex 77.194 70.9007 6
      vertex 77.194 70.9007 12
    endloop
  endfacet
  facet normal 0.243015 -0.970023 0
    outer loop
      vertex 79.348 67.9963 6
      vertex 79.5384 68.044 12
      vertex 79.348 67.9963 12
    endloop
  endfacet
  facet normal 0.243015 -0.970023 0
    outer loop
      vertex 79.5384 68.044 12
      vertex 79.348 67.9963 6
      vertex 79.5384 68.044 6
    endloop
  endfacet
  facet normal 0.671353 0.741137 -0
    outer loop
      vertex 80.3721 71.3721 6
      vertex 80.2266 71.5039 12
      vertex 80.3721 71.3721 12
    endloop
  endfacet
  facet normal 0.671353 0.741137 0
    outer loop
      vertex 80.2266 71.5039 12
      vertex 80.3721 71.3721 6
      vertex 80.2266 71.5039 6
    endloop
  endfacet
  facet normal 0.857673 0.514196 0
    outer loop
      vertex 80.7217 70.9007 12
      vertex 80.6208 71.069 6
      vertex 80.6208 71.069 12
    endloop
  endfacet
  facet normal 0.857673 0.514196 0
    outer loop
      vertex 80.6208 71.069 6
      vertex 80.7217 70.9007 12
      vertex 80.7217 70.9007 6
    endloop
  endfacet
  facet normal 0.14677 0.989171 -0
    outer loop
      vertex 79.348 71.9194 6
      vertex 79.1539 71.9482 12
      vertex 79.348 71.9194 12
    endloop
  endfacet
  facet normal 0.14677 0.989171 0
    outer loop
      vertex 79.1539 71.9482 12
      vertex 79.348 71.9194 6
      vertex 79.1539 71.9482 6
    endloop
  endfacet
  facet normal -0.970023 0.243015 0
    outer loop
      vertex 76.9963 70.348 6
      vertex 77.044 70.5384 12
      vertex 77.044 70.5384 6
    endloop
  endfacet
  facet normal -0.970023 0.243015 0
    outer loop
      vertex 77.044 70.5384 12
      vertex 76.9963 70.348 6
      vertex 76.9963 70.348 12
    endloop
  endfacet
  facet normal -0.243015 -0.970023 0
    outer loop
      vertex 78.3773 68.044 6
      vertex 78.5677 67.9963 12
      vertex 78.3773 68.044 12
    endloop
  endfacet
  facet normal -0.243015 -0.970023 -0
    outer loop
      vertex 78.5677 67.9963 12
      vertex 78.3773 68.044 6
      vertex 78.5677 67.9963 6
    endloop
  endfacet
  facet normal 0.0489209 -0.998803 0
    outer loop
      vertex 78.9579 67.9579 6
      vertex 79.1539 67.9675 12
      vertex 78.9579 67.9579 12
    endloop
  endfacet
  facet normal 0.0489209 -0.998803 0
    outer loop
      vertex 79.1539 67.9675 12
      vertex 78.9579 67.9579 6
      vertex 79.1539 67.9675 6
    endloop
  endfacet
  facet normal -0.0488961 -0.998804 0
    outer loop
      vertex 78.7618 67.9675 6
      vertex 78.9579 67.9579 12
      vertex 78.7618 67.9675 12
    endloop
  endfacet
  facet normal -0.0488961 -0.998804 -0
    outer loop
      vertex 78.9579 67.9579 12
      vertex 78.7618 67.9675 6
      vertex 78.9579 67.9579 6
    endloop
  endfacet
  facet normal -0.336788 -0.94158 0
    outer loop
      vertex 78.1925 68.1101 6
      vertex 78.3773 68.044 12
      vertex 78.1925 68.1101 12
    endloop
  endfacet
  facet normal -0.336788 -0.94158 -0
    outer loop
      vertex 78.3773 68.044 12
      vertex 78.1925 68.1101 6
      vertex 78.3773 68.044 6
    endloop
  endfacet
  facet normal -0.741137 0.671353 0
    outer loop
      vertex 77.4118 71.2266 6
      vertex 77.5436 71.3721 12
      vertex 77.5436 71.3721 6
    endloop
  endfacet
  facet normal -0.741137 0.671353 0
    outer loop
      vertex 77.5436 71.3721 12
      vertex 77.4118 71.2266 6
      vertex 77.4118 71.2266 12
    endloop
  endfacet
  facet normal -0.94158 -0.336788 0
    outer loop
      vertex 77.1101 69.1925 6
      vertex 77.044 69.3773 12
      vertex 77.044 69.3773 6
    endloop
  endfacet
  facet normal -0.94158 -0.336788 0
    outer loop
      vertex 77.044 69.3773 12
      vertex 77.1101 69.1925 6
      vertex 77.1101 69.1925 12
    endloop
  endfacet
  facet normal 0.514196 -0.857673 0
    outer loop
      vertex 79.9007 68.194 6
      vertex 80.069 68.2949 12
      vertex 79.9007 68.194 12
    endloop
  endfacet
  facet normal 0.514196 -0.857673 0
    outer loop
      vertex 80.069 68.2949 12
      vertex 79.9007 68.194 6
      vertex 80.069 68.2949 6
    endloop
  endfacet
  facet normal -0.513971 0.857807 0
    outer loop
      vertex 78.0151 71.7217 6
      vertex 77.8467 71.6208 12
      vertex 78.0151 71.7217 12
    endloop
  endfacet
  facet normal -0.513971 0.857807 0
    outer loop
      vertex 77.8467 71.6208 12
      vertex 78.0151 71.7217 6
      vertex 77.8467 71.6208 6
    endloop
  endfacet
  facet normal 0.595751 -0.803169 0
    outer loop
      vertex 80.069 68.2949 6
      vertex 80.2266 68.4118 12
      vertex 80.069 68.2949 12
    endloop
  endfacet
  facet normal 0.595751 -0.803169 0
    outer loop
      vertex 80.2266 68.4118 12
      vertex 80.069 68.2949 6
      vertex 80.2266 68.4118 6
    endloop
  endfacet
  facet normal -0.94158 0.336788 0
    outer loop
      vertex 77.044 70.5384 6
      vertex 77.1101 70.7232 12
      vertex 77.1101 70.7232 6
    endloop
  endfacet
  facet normal -0.94158 0.336788 0
    outer loop
      vertex 77.1101 70.7232 12
      vertex 77.044 70.5384 6
      vertex 77.044 70.5384 12
    endloop
  endfacet
  facet normal -0.970023 -0.243015 0
    outer loop
      vertex 77.044 69.3773 6
      vertex 76.9963 69.5677 12
      vertex 76.9963 69.5677 6
    endloop
  endfacet
  facet normal -0.970023 -0.243015 0
    outer loop
      vertex 76.9963 69.5677 12
      vertex 77.044 69.3773 6
      vertex 77.044 69.3773 12
    endloop
  endfacet
  facet normal -0.741137 -0.671353 0
    outer loop
      vertex 77.5436 68.5436 6
      vertex 77.4118 68.6891 12
      vertex 77.4118 68.6891 6
    endloop
  endfacet
  facet normal -0.741137 -0.671353 0
    outer loop
      vertex 77.4118 68.6891 12
      vertex 77.5436 68.5436 6
      vertex 77.5436 68.5436 12
    endloop
  endfacet
  facet normal -0.989171 -0.14677 0
    outer loop
      vertex 76.9963 69.5677 6
      vertex 76.9675 69.7618 12
      vertex 76.9675 69.7618 6
    endloop
  endfacet
  facet normal -0.989171 -0.14677 0
    outer loop
      vertex 76.9675 69.7618 12
      vertex 76.9963 69.5677 6
      vertex 76.9963 69.5677 12
    endloop
  endfacet
  facet normal -0.989171 0.14677 0
    outer loop
      vertex 76.9675 70.1539 6
      vertex 76.9963 70.348 12
      vertex 76.9963 70.348 6
    endloop
  endfacet
  facet normal -0.989171 0.14677 0
    outer loop
      vertex 76.9963 70.348 12
      vertex 76.9675 70.1539 6
      vertex 76.9675 70.1539 12
    endloop
  endfacet
  facet normal -0.14677 -0.989171 0
    outer loop
      vertex 78.5677 67.9963 6
      vertex 78.7618 67.9675 12
      vertex 78.5677 67.9963 12
    endloop
  endfacet
  facet normal -0.14677 -0.989171 -0
    outer loop
      vertex 78.7618 67.9675 12
      vertex 78.5677 67.9963 6
      vertex 78.7618 67.9675 6
    endloop
  endfacet
  facet normal 1 -0 0
    outer loop
      vertex 85.9579 -97.9579 6
      vertex 85.9579 97.9579 0
      vertex 85.9579 97.9579 6
    endloop
  endfacet
  facet normal 1 0 0
    outer loop
      vertex 85.9579 97.9579 0
      vertex 85.9579 -97.9579 6
      vertex 85.9579 -97.9579 0
    endloop
  endfacet
  facet normal 0 0 1
    outer loop
      vertex -54.8367 -10.6503 6
      vertex -77.2186 -1.42738 6
      vertex -54.9543 -11.442 6
    endloop
  endfacet
  facet normal 0 0 1
    outer loop
      vertex -76.9675 -70.1539 6
      vertex -55.0483 -58.05 6
      vertex -76.9579 -69.9579 6
    endloop
  endfacet
  facet normal -0 0 1
    outer loop
      vertex -77.3669 -1.59099 6
      vertex -54.9543 -11.442 6
      vertex -77.2186 -1.42738 6
    endloop
  endfacet
  facet normal 0 0 1
    outer loop
      vertex -55.0483 -58.05 6
      vertex -76.7187 -90.7373 6
      vertex -76.7079 -90.9579 6
    endloop
  endfacet
  facet normal 0 0 1
    outer loop
      vertex -54.9543 -11.442 6
      vertex -77.3669 -1.59099 6
      vertex -55.0247 -12.4226 6
    endloop
  endfacet
  facet normal 0 0 1
    outer loop
      vertex -76.9963 -70.348 6
      vertex -55.0483 -58.05 6
      vertex -76.9675 -70.1539 6
    endloop
  endfacet
  facet normal 0 0 1
    outer loop
      vertex -55.0247 -12.4226 6
      vertex -77.3669 -1.59099 6
      vertex -55.0248 -12.4237 6
    endloop
  endfacet
  facet normal 0 0 1
    outer loop
      vertex -55.0483 -58.05 6
      vertex -76.7511 -90.5189 6
      vertex -76.7187 -90.7373 6
    endloop
  endfacet
  facet normal 0 0 1
    outer loop
      vertex -77.044 -70.5384 6
      vertex -55.0483 -58.05 6
      vertex -76.9963 -70.348 6
    endloop
  endfacet
  facet normal 0 0 1
    outer loop
      vertex -55.0483 -58.05 6
      vertex -76.9675 -69.7618 6
      vertex -76.9579 -69.9579 6
    endloop
  endfacet
  facet normal -0 0 1
    outer loop
      vertex -77.5305 -1.73927 6
      vertex -55.0248 -12.4237 6
      vertex -77.3669 -1.59099 6
    endloop
  endfacet
  facet normal 0 0 1
    outer loop
      vertex -55.0483 -58.05 6
      vertex -76.9963 -69.5677 6
      vertex -76.9675 -69.7618 6
    endloop
  endfacet
  facet normal 0 0 1
    outer loop
      vertex -55.0483 -58.05 6
      vertex -77.044 -69.3773 6
      vertex -76.9963 -69.5677 6
    endloop
  endfacet
  facet normal 0 0 1
    outer loop
      vertex -55.0248 -12.4237 6
      vertex -77.5305 -1.73927 6
      vertex -55.0482 -14.2478 6
    endloop
  endfacet
  facet normal 0 0 1
    outer loop
      vertex -55.0483 -58.05 6
      vertex -77.1101 -69.1925 6
      vertex -77.044 -69.3773 6
    endloop
  endfacet
  facet normal 0 0 1
    outer loop
      vertex -55.0483 -58.05 6
      vertex -77.194 -69.0151 6
      vertex -77.1101 -69.1925 6
    endloop
  endfacet
  facet normal -0 0 1
    outer loop
      vertex -77.7078 -1.87081 6
      vertex -55.0482 -14.2478 6
      vertex -77.5305 -1.73927 6
    endloop
  endfacet
  facet normal 0 0 1
    outer loop
      vertex -55.0483 -58.05 6
      vertex -77.2949 -68.8467 6
      vertex -77.194 -69.0151 6
    endloop
  endfacet
  facet normal 0 0 1
    outer loop
      vertex -55.0482 -14.2478 6
      vertex -77.7078 -1.87081 6
      vertex -55.0483 -14.25 6
    endloop
  endfacet
  facet normal 0 0 1
    outer loop
      vertex -55.0483 -58.05 6
      vertex -77.4118 -68.6891 6
      vertex -77.2949 -68.8467 6
    endloop
  endfacet
  facet normal -0 0 1
    outer loop
      vertex -77.8972 -1.98432 6
      vertex -55.0483 -14.25 6
      vertex -77.7078 -1.87081 6
    endloop
  endfacet
  facet normal 0 0 1
    outer loop
      vertex -55.0483 -58.05 6
      vertex -77.5436 -68.5436 6
      vertex -77.4118 -68.6891 6
    endloop
  endfacet
  facet normal 0 0 1
    outer loop
      vertex -55.0483 -58.05 6
      vertex -77.6891 -68.4118 6
      vertex -77.5436 -68.5436 6
    endloop
  endfacet
  facet normal -0 0 1
    outer loop
      vertex -78.0968 -2.07873 6
      vertex -55.0483 -14.25 6
      vertex -77.8972 -1.98432 6
    endloop
  endfacet
  facet normal 0 0 1
    outer loop
      vertex -55.0483 -58.05 6
      vertex -77.8467 -68.2949 6
      vertex -77.6891 -68.4118 6
    endloop
  endfacet
  facet normal -0 0 1
    outer loop
      vertex -78.3047 -2.15312 6
      vertex -55.0483 -14.25 6
      vertex -78.0968 -2.07873 6
    endloop
  endfacet
  facet normal 0 0 1
    outer loop
      vertex -55.0483 -58.05 6
      vertex -78.0151 -68.194 6
      vertex -77.8467 -68.2949 6
    endloop
  endfacet
  facet normal -0 0 1
    outer loop
      vertex -78.5189 -2.20677 6
      vertex -55.0483 -14.25 6
      vertex -78.3047 -2.15312 6
    endloop
  endfacet
  facet normal 0 0 1
    outer loop
      vertex -55.0483 -58.05 6
      vertex -78.1925 -68.1101 6
      vertex -78.0151 -68.194 6
    endloop
  endfacet
  facet normal -0 0 1
    outer loop
      vertex -78.7373 -2.23917 6
      vertex -55.0483 -14.25 6
      vertex -78.5189 -2.20677 6
    endloop
  endfacet
  facet normal 0 0 1
    outer loop
      vertex -55.0483 -58.05 6
      vertex -78.3773 -68.044 6
      vertex -78.1925 -68.1101 6
    endloop
  endfacet
  facet normal -0 0 1
    outer loop
      vertex -78.9579 -2.25 6
      vertex -55.0483 -14.25 6
      vertex -78.7373 -2.23917 6
    endloop
  endfacet
  facet normal 0 0 1
    outer loop
      vertex -55.0483 -58.05 6
      vertex -78.5677 -67.9963 6
      vertex -78.3773 -68.044 6
    endloop
  endfacet
  facet normal 0 0 1
    outer loop
      vertex -78.9579 -67.9579 6
      vertex -55.0483 -14.25 6
      vertex -78.9579 -2.25 6
    endloop
  endfacet
  facet normal 0 0 1
    outer loop
      vertex -55.0483 -58.05 6
      vertex -78.7618 -67.9675 6
      vertex -78.5677 -67.9963 6
    endloop
  endfacet
  facet normal 0 0 1
    outer loop
      vertex -55.0483 -14.25 6
      vertex -78.9579 -67.9579 6
      vertex -55.0483 -58.05 6
    endloop
  endfacet
  facet normal 0 0 1
    outer loop
      vertex -55.0483 -58.05 6
      vertex -78.9579 -67.9579 6
      vertex -78.7618 -67.9675 6
    endloop
  endfacet
  facet normal 0 0 1
    outer loop
      vertex -78.9579 -2.25 6
      vertex -79.1539 -67.9675 6
      vertex -78.9579 -67.9579 6
    endloop
  endfacet
  facet normal 0 0 1
    outer loop
      vertex -79.1784 -2.23917 6
      vertex -79.1539 -67.9675 6
      vertex -78.9579 -2.25 6
    endloop
  endfacet
  facet normal 0 0 1
    outer loop
      vertex -79.1784 -2.23917 6
      vertex -79.348 -67.9963 6
      vertex -79.1539 -67.9675 6
    endloop
  endfacet
  facet normal 0 0 1
    outer loop
      vertex -79.3968 -2.20677 6
      vertex -79.348 -67.9963 6
      vertex -79.1784 -2.23917 6
    endloop
  endfacet
  facet normal 0 0 1
    outer loop
      vertex -79.3968 -2.20677 6
      vertex -79.5384 -68.044 6
      vertex -79.348 -67.9963 6
    endloop
  endfacet
  facet normal 0 0 1
    outer loop
      vertex -79.611 -2.15312 6
      vertex -79.5384 -68.044 6
      vertex -79.3968 -2.20677 6
    endloop
  endfacet
  facet normal 0 0 1
    outer loop
      vertex -79.611 -2.15312 6
      vertex -79.7232 -68.1101 6
      vertex -79.5384 -68.044 6
    endloop
  endfacet
  facet normal 0 0 1
    outer loop
      vertex -79.8189 -2.07873 6
      vertex -79.7232 -68.1101 6
      vertex -79.611 -2.15312 6
    endloop
  endfacet
  facet normal 0 0 1
    outer loop
      vertex -79.8189 -2.07873 6
      vertex -79.9007 -68.194 6
      vertex -79.7232 -68.1101 6
    endloop
  endfacet
  facet normal 0 0 1
    outer loop
      vertex -80.0185 -1.98432 6
      vertex -79.9007 -68.194 6
      vertex -79.8189 -2.07873 6
    endloop
  endfacet
  facet normal 0 0 1
    outer loop
      vertex -80.0185 -1.98432 6
      vertex -80.069 -68.2949 6
      vertex -79.9007 -68.194 6
    endloop
  endfacet
  facet normal 0 0 1
    outer loop
      vertex -80.2079 -1.87081 6
      vertex -80.069 -68.2949 6
      vertex -80.0185 -1.98432 6
    endloop
  endfacet
  facet normal 0 0 1
    outer loop
      vertex -80.2079 -1.87081 6
      vertex -80.2266 -68.4118 6
      vertex -80.069 -68.2949 6
    endloop
  endfacet
  facet normal 0 0 1
    outer loop
      vertex -80.3852 -1.73927 6
      vertex -80.2266 -68.4118 6
      vertex -80.2079 -1.87081 6
    endloop
  endfacet
  facet normal 0 0 1
    outer loop
      vertex -80.2266 -68.4118 6
      vertex -80.3852 -1.73927 6
      vertex -80.3721 -68.5436 6
    endloop
  endfacet
  facet normal 0 0 1
    outer loop
      vertex -80.5489 -1.59099 6
      vertex -80.3721 -68.5436 6
      vertex -80.3852 -1.73927 6
    endloop
  endfacet
  facet normal 0 0 1
    outer loop
      vertex -80.3721 -68.5436 6
      vertex -80.5489 -1.59099 6
      vertex -80.5039 -68.6891 6
    endloop
  endfacet
  facet normal 0 0 1
    outer loop
      vertex -80.6971 -1.42738 6
      vertex -80.5039 -68.6891 6
      vertex -80.5489 -1.59099 6
    endloop
  endfacet
  facet normal 0 0 1
    outer loop
      vertex -80.5039 -68.6891 6
      vertex -80.6971 -1.42738 6
      vertex -80.6208 -68.8467 6
    endloop
  endfacet
  facet normal 0 0 1
    outer loop
      vertex -80.8287 -1.25003 6
      vertex -80.6208 -68.8467 6
      vertex -80.6971 -1.42738 6
    endloop
  endfacet
  facet normal 0 0 1
    outer loop
      vertex -80.6208 -68.8467 6
      vertex -80.8287 -1.25003 6
      vertex -80.7217 -69.0151 6
    endloop
  endfacet
  facet normal 0 0 1
    outer loop
      vertex -80.9422 -1.06064 6
      vertex -80.7217 -69.0151 6
      vertex -80.8287 -1.25003 6
    endloop
  endfacet
  facet normal 0 0 1
    outer loop
      vertex -80.7217 -69.0151 6
      vertex -80.9422 -1.06064 6
      vertex -80.8056 -69.1925 6
    endloop
  endfacet
  facet normal 0 0 1
    outer loop
      vertex -81.0366 -0.861037 6
      vertex -80.8056 -69.1925 6
      vertex -80.9422 -1.06064 6
    endloop
  endfacet
  facet normal 0 0 1
    outer loop
      vertex -80.8056 -69.1925 6
      vertex -81.0366 -0.861037 6
      vertex -80.8717 -69.3773 6
    endloop
  endfacet
  facet normal 0 0 1
    outer loop
      vertex -81.111 -0.65314 6
      vertex -80.8717 -69.3773 6
      vertex -81.0366 -0.861037 6
    endloop
  endfacet
  facet normal 0 0 1
    outer loop
      vertex -80.8717 -69.3773 6
      vertex -81.111 -0.65314 6
      vertex -80.9194 -69.5677 6
    endloop
  endfacet
  facet normal 0 0 1
    outer loop
      vertex -81.1646 -0.438952 6
      vertex -80.9194 -69.5677 6
      vertex -81.111 -0.65314 6
    endloop
  endfacet
  facet normal 0 0 1
    outer loop
      vertex -44.7452 64.1238 6
      vertex -76.9579 69.9579 6
      vertex -44.9087 63.6658 6
    endloop
  endfacet
  facet normal -0 0 1
    outer loop
      vertex -77.1101 69.1925 6
      vertex -45.126 62.534 6
      vertex -77.044 69.3773 6
    endloop
  endfacet
  facet normal -0 0 1
    outer loop
      vertex -76.9675 69.7618 6
      vertex -44.9087 63.6658 6
      vertex -76.9579 69.9579 6
    endloop
  endfacet
  facet normal 0 0 1
    outer loop
      vertex -45.1983 60.375 6
      vertex -76.7187 0.220538 6
      vertex -76.7079 0 6
    endloop
  endfacet
  facet normal 0 0 1
    outer loop
      vertex -44.9088 63.6652 6
      vertex -76.9675 69.7618 6
      vertex -45.0355 63.1438 6
    endloop
  endfacet
  facet normal 0 0 1
    outer loop
      vertex -45.126 62.534 6
      vertex -77.1101 69.1925 6
      vertex -45.1802 61.7797 6
    endloop
  endfacet
  facet normal -0 0 1
    outer loop
      vertex -76.9963 69.5677 6
      vertex -45.0355 63.1438 6
      vertex -76.9675 69.7618 6
    endloop
  endfacet
  facet normal 0 0 1
    outer loop
      vertex -45.1983 60.375 6
      vertex -76.7511 0.438952 6
      vertex -76.7187 0.220538 6
    endloop
  endfacet
  facet normal -0 0 1
    outer loop
      vertex -77.194 69.0151 6
      vertex -45.1802 61.7797 6
      vertex -77.1101 69.1925 6
    endloop
  endfacet
  facet normal 0 0 1
    outer loop
      vertex -45.126 62.5349 6
      vertex -77.044 69.3773 6
      vertex -45.126 62.534 6
    endloop
  endfacet
  facet normal 0 0 1
    outer loop
      vertex -44.9087 63.6658 6
      vertex -76.9675 69.7618 6
      vertex -44.9088 63.6652 6
    endloop
  endfacet
  facet normal 0 0 1
    outer loop
      vertex -45.1259 62.5355 6
      vertex -77.044 69.3773 6
      vertex -45.126 62.5349 6
    endloop
  endfacet
  facet normal 0 0 1
    outer loop
      vertex -45.0355 63.1438 6
      vertex -77.044 69.3773 6
      vertex -45.1259 62.5355 6
    endloop
  endfacet
  facet normal 0 0 1
    outer loop
      vertex -77.194 70.9007 6
      vertex -76.9735 89.8972 6
      vertex -77.0871 89.7078 6
    endloop
  endfacet
  facet normal -0 0 1
    outer loop
      vertex -77.044 69.3773 6
      vertex -45.0355 63.1438 6
      vertex -76.9963 69.5677 6
    endloop
  endfacet
  facet normal 0 0 1
    outer loop
      vertex -76.9735 89.8972 6
      vertex -77.194 70.9007 6
      vertex -77.1101 70.7232 6
    endloop
  endfacet
  facet normal 0 0 1
    outer loop
      vertex -77.2949 71.069 6
      vertex -77.0871 89.7078 6
      vertex -77.2186 89.5305 6
    endloop
  endfacet
  facet normal 0 0 1
    outer loop
      vertex -77.0871 89.7078 6
      vertex -77.2949 71.069 6
      vertex -77.194 70.9007 6
    endloop
  endfacet
  facet normal 0 0 1
    outer loop
      vertex -77.4118 71.2266 6
      vertex -77.2186 89.5305 6
      vertex -77.3669 89.3669 6
    endloop
  endfacet
  facet normal 0 0 1
    outer loop
      vertex -77.2186 89.5305 6
      vertex -77.4118 71.2266 6
      vertex -77.2949 71.069 6
    endloop
  endfacet
  facet normal 0 0 1
    outer loop
      vertex -77.5436 71.3721 6
      vertex -77.3669 89.3669 6
      vertex -77.5305 89.2186 6
    endloop
  endfacet
  facet normal 0 0 1
    outer loop
      vertex -77.3669 89.3669 6
      vertex -77.5436 71.3721 6
      vertex -77.4118 71.2266 6
    endloop
  endfacet
  facet normal 0 0 1
    outer loop
      vertex -77.5305 89.2186 6
      vertex -77.6891 71.5039 6
      vertex -77.5436 71.3721 6
    endloop
  endfacet
  facet normal -0 0 1
    outer loop
      vertex -77.7078 89.0871 6
      vertex -77.6891 71.5039 6
      vertex -77.5305 89.2186 6
    endloop
  endfacet
  facet normal 0 0 1
    outer loop
      vertex -77.7078 89.0871 6
      vertex -77.8467 71.6208 6
      vertex -77.6891 71.5039 6
    endloop
  endfacet
  facet normal -0 0 1
    outer loop
      vertex -77.8972 88.9735 6
      vertex -77.8467 71.6208 6
      vertex -77.7078 89.0871 6
    endloop
  endfacet
  facet normal 0 0 1
    outer loop
      vertex -77.8972 88.9735 6
      vertex -78.0151 71.7217 6
      vertex -77.8467 71.6208 6
    endloop
  endfacet
  facet normal -0 0 1
    outer loop
      vertex -78.0968 88.8791 6
      vertex -78.0151 71.7217 6
      vertex -77.8972 88.9735 6
    endloop
  endfacet
  facet normal 0 0 1
    outer loop
      vertex -78.0968 88.8791 6
      vertex -78.1925 71.8056 6
      vertex -78.0151 71.7217 6
    endloop
  endfacet
  facet normal -0 0 1
    outer loop
      vertex -78.3047 88.8047 6
      vertex -78.1925 71.8056 6
      vertex -78.0968 88.8791 6
    endloop
  endfacet
  facet normal 0 0 1
    outer loop
      vertex -78.3047 88.8047 6
      vertex -78.3773 71.8717 6
      vertex -78.1925 71.8056 6
    endloop
  endfacet
  facet normal -0 0 1
    outer loop
      vertex -78.5189 88.7511 6
      vertex -78.3773 71.8717 6
      vertex -78.3047 88.8047 6
    endloop
  endfacet
  facet normal 0 0 1
    outer loop
      vertex -78.5189 88.7511 6
      vertex -78.5677 71.9194 6
      vertex -78.3773 71.8717 6
    endloop
  endfacet
  facet normal -0 0 1
    outer loop
      vertex -78.7373 88.7187 6
      vertex -78.5677 71.9194 6
      vertex -78.5189 88.7511 6
    endloop
  endfacet
  facet normal 0 0 1
    outer loop
      vertex -78.7373 88.7187 6
      vertex -78.7618 71.9482 6
      vertex -78.5677 71.9194 6
    endloop
  endfacet
  facet normal -0 0 1
    outer loop
      vertex -78.9579 88.7079 6
      vertex -78.7618 71.9482 6
      vertex -78.7373 88.7187 6
    endloop
  endfacet
  facet normal 0 0 1
    outer loop
      vertex -78.9579 88.7079 6
      vertex -78.9579 71.9579 6
      vertex -78.7618 71.9482 6
    endloop
  endfacet
  facet normal 0 0 1
    outer loop
      vertex -78.9579 88.7079 6
      vertex -79.1539 71.9482 6
      vertex -78.9579 71.9579 6
    endloop
  endfacet
  facet normal 0 0 1
    outer loop
      vertex -79.1784 88.7187 6
      vertex -79.1539 71.9482 6
      vertex -78.9579 88.7079 6
    endloop
  endfacet
  facet normal 0 0 1
    outer loop
      vertex -79.1784 88.7187 6
      vertex -79.348 71.9194 6
      vertex -79.1539 71.9482 6
    endloop
  endfacet
  facet normal 0 0 1
    outer loop
      vertex -79.3968 88.7511 6
      vertex -79.348 71.9194 6
      vertex -79.1784 88.7187 6
    endloop
  endfacet
  facet normal 0 0 1
    outer loop
      vertex -79.3968 88.7511 6
      vertex -79.5384 71.8717 6
      vertex -79.348 71.9194 6
    endloop
  endfacet
  facet normal 0 0 1
    outer loop
      vertex -79.611 88.8047 6
      vertex -79.5384 71.8717 6
      vertex -79.3968 88.7511 6
    endloop
  endfacet
  facet normal 0 0 1
    outer loop
      vertex -79.611 88.8047 6
      vertex -79.7232 71.8056 6
      vertex -79.5384 71.8717 6
    endloop
  endfacet
  facet normal 0 0 1
    outer loop
      vertex -79.8189 88.8791 6
      vertex -79.7232 71.8056 6
      vertex -79.611 88.8047 6
    endloop
  endfacet
  facet normal 0 0 1
    outer loop
      vertex -79.8189 88.8791 6
      vertex -79.9007 71.7217 6
      vertex -79.7232 71.8056 6
    endloop
  endfacet
  facet normal 0 0 1
    outer loop
      vertex -80.0185 88.9735 6
      vertex -79.9007 71.7217 6
      vertex -79.8189 88.8791 6
    endloop
  endfacet
  facet normal 0 0 1
    outer loop
      vertex -80.0185 88.9735 6
      vertex -80.069 71.6208 6
      vertex -79.9007 71.7217 6
    endloop
  endfacet
  facet normal 0 0 1
    outer loop
      vertex -80.2079 89.0871 6
      vertex -80.069 71.6208 6
      vertex -80.0185 88.9735 6
    endloop
  endfacet
  facet normal 0 0 1
    outer loop
      vertex -80.2079 89.0871 6
      vertex -80.2266 71.5039 6
      vertex -80.069 71.6208 6
    endloop
  endfacet
  facet normal 0 0 1
    outer loop
      vertex -80.3852 89.2186 6
      vertex -80.2266 71.5039 6
      vertex -80.2079 89.0871 6
    endloop
  endfacet
  facet normal 0 0 1
    outer loop
      vertex -80.2266 71.5039 6
      vertex -80.3852 89.2186 6
      vertex -80.3721 71.3721 6
    endloop
  endfacet
  facet normal 0 0 1
    outer loop
      vertex -80.5489 89.3669 6
      vertex -80.3721 71.3721 6
      vertex -80.3852 89.2186 6
    endloop
  endfacet
  facet normal 0 0 1
    outer loop
      vertex -80.3721 71.3721 6
      vertex -80.5489 89.3669 6
      vertex -80.5039 71.2266 6
    endloop
  endfacet
  facet normal 0 0 1
    outer loop
      vertex -80.6971 89.5305 6
      vertex -80.5039 71.2266 6
      vertex -80.5489 89.3669 6
    endloop
  endfacet
  facet normal 0 0 1
    outer loop
      vertex -80.5039 71.2266 6
      vertex -80.6971 89.5305 6
      vertex -80.6208 71.069 6
    endloop
  endfacet
  facet normal 0 0 1
    outer loop
      vertex -80.8287 89.7078 6
      vertex -80.6208 71.069 6
      vertex -80.6971 89.5305 6
    endloop
  endfacet
  facet normal 0 0 1
    outer loop
      vertex -80.6208 71.069 6
      vertex -80.8287 89.7078 6
      vertex -80.7217 70.9007 6
    endloop
  endfacet
  facet normal 0 0 1
    outer loop
      vertex -80.9422 89.8972 6
      vertex -80.7217 70.9007 6
      vertex -80.8287 89.7078 6
    endloop
  endfacet
  facet normal 0 0 1
    outer loop
      vertex -80.7217 70.9007 6
      vertex -80.9422 89.8972 6
      vertex -80.8056 70.7232 6
    endloop
  endfacet
  facet normal 0 0 1
    outer loop
      vertex -81.0366 90.0968 6
      vertex -80.8056 70.7232 6
      vertex -80.9422 89.8972 6
    endloop
  endfacet
  facet normal 0 0 1
    outer loop
      vertex -85.9579 97.9579 6
      vertex -80.8056 70.7232 6
      vertex -81.0366 90.0968 6
    endloop
  endfacet
  facet normal 0 0 1
    outer loop
      vertex -80.8056 70.7232 6
      vertex -85.9579 97.9579 6
      vertex -80.8717 70.5384 6
    endloop
  endfacet
  facet normal 0 0 1
    outer loop
      vertex -80.8717 70.5384 6
      vertex -85.9579 97.9579 6
      vertex -80.9194 70.348 6
    endloop
  endfacet
  facet normal 0 0 1
    outer loop
      vertex -80.9194 70.348 6
      vertex -85.9579 97.9579 6
      vertex -80.9482 70.1539 6
    endloop
  endfacet
  facet normal 0 0 1
    outer loop
      vertex -45.1983 60.375 6
      vertex -76.8047 0.65314 6
      vertex -76.7511 0.438952 6
    endloop
  endfacet
  facet normal 0 0 1
    outer loop
      vertex -45.1802 61.7797 6
      vertex -77.194 69.0151 6
      vertex -45.1983 60.3766 6
    endloop
  endfacet
  facet normal 0 0 1
    outer loop
      vertex -45.1983 60.375 6
      vertex -76.8791 0.861037 6
      vertex -76.8047 0.65314 6
    endloop
  endfacet
  facet normal 0 0 1
    outer loop
      vertex -45.1983 60.3766 6
      vertex -77.194 69.0151 6
      vertex -45.1983 60.375 6
    endloop
  endfacet
  facet normal 0 0 1
    outer loop
      vertex -45.1983 60.375 6
      vertex -76.9735 1.06064 6
      vertex -76.8791 0.861037 6
    endloop
  endfacet
  facet normal -0 0 1
    outer loop
      vertex -77.2949 68.8467 6
      vertex -45.1983 60.375 6
      vertex -77.194 69.0151 6
    endloop
  endfacet
  facet normal 0 0 1
    outer loop
      vertex -45.1983 60.375 6
      vertex -77.0871 1.25003 6
      vertex -76.9735 1.06064 6
    endloop
  endfacet
  facet normal -0 0 1
    outer loop
      vertex -77.4118 68.6891 6
      vertex -45.1983 60.375 6
      vertex -77.2949 68.8467 6
    endloop
  endfacet
  facet normal 0 0 1
    outer loop
      vertex -45.1983 60.375 6
      vertex -77.2186 1.42738 6
      vertex -77.0871 1.25003 6
    endloop
  endfacet
  facet normal -0 0 1
    outer loop
      vertex -77.5436 68.5436 6
      vertex -45.1983 60.375 6
      vertex -77.4118 68.6891 6
    endloop
  endfacet
  facet normal 0 0 1
    outer loop
      vertex -45.1983 60.375 6
      vertex -77.3669 1.59099 6
      vertex -77.2186 1.42738 6
    endloop
  endfacet
  facet normal -0 0 1
    outer loop
      vertex -77.6891 68.4118 6
      vertex -45.1983 60.375 6
      vertex -77.5436 68.5436 6
    endloop
  endfacet
  facet normal 0 0 1
    outer loop
      vertex -45.1983 60.375 6
      vertex -77.5305 1.73927 6
      vertex -77.3669 1.59099 6
    endloop
  endfacet
  facet normal -0 0 1
    outer loop
      vertex -77.8467 68.2949 6
      vertex -45.1983 60.375 6
      vertex -77.6891 68.4118 6
    endloop
  endfacet
  facet normal 0 0 1
    outer loop
      vertex -45.1983 60.375 6
      vertex -77.7078 1.87081 6
      vertex -77.5305 1.73927 6
    endloop
  endfacet
  facet normal -0 0 1
    outer loop
      vertex -78.0151 68.194 6
      vertex -45.1983 60.375 6
      vertex -77.8467 68.2949 6
    endloop
  endfacet
  facet normal 0 0 1
    outer loop
      vertex -45.1983 60.375 6
      vertex -77.8972 1.98432 6
      vertex -77.7078 1.87081 6
    endloop
  endfacet
  facet normal -0 0 1
    outer loop
      vertex -78.1925 68.1101 6
      vertex -45.1983 60.375 6
      vertex -78.0151 68.194 6
    endloop
  endfacet
  facet normal 0 0 1
    outer loop
      vertex -45.1983 60.375 6
      vertex -78.0968 2.07873 6
      vertex -77.8972 1.98432 6
    endloop
  endfacet
  facet normal -0 0 1
    outer loop
      vertex -78.3773 68.044 6
      vertex -45.1983 60.375 6
      vertex -78.1925 68.1101 6
    endloop
  endfacet
  facet normal 0 0 1
    outer loop
      vertex -45.1983 60.375 6
      vertex -78.3047 2.15312 6
      vertex -78.0968 2.07873 6
    endloop
  endfacet
  facet normal 0 0 1
    outer loop
      vertex -45.1983 60.375 6
      vertex -78.3773 68.044 6
      vertex -78.3047 2.15312 6
    endloop
  endfacet
  facet normal 0 0 1
    outer loop
      vertex -78.3773 68.044 6
      vertex -78.5189 2.20677 6
      vertex -78.3047 2.15312 6
    endloop
  endfacet
  facet normal -0 0 1
    outer loop
      vertex -78.5677 67.9963 6
      vertex -78.5189 2.20677 6
      vertex -78.3773 68.044 6
    endloop
  endfacet
  facet normal 0 0 1
    outer loop
      vertex -78.5677 67.9963 6
      vertex -78.7373 2.23917 6
      vertex -78.5189 2.20677 6
    endloop
  endfacet
  facet normal -0 0 1
    outer loop
      vertex -78.7618 67.9675 6
      vertex -78.7373 2.23917 6
      vertex -78.5677 67.9963 6
    endloop
  endfacet
  facet normal -0 0 1
    outer loop
      vertex -78.9579 67.9579 6
      vertex -78.7373 2.23917 6
      vertex -78.7618 67.9675 6
    endloop
  endfacet
  facet normal 0 0 1
    outer loop
      vertex -78.9579 67.9579 6
      vertex -78.9579 2.25 6
      vertex -78.7373 2.23917 6
    endloop
  endfacet
  facet normal 0 0 1
    outer loop
      vertex -79.1539 67.9675 6
      vertex -78.9579 2.25 6
      vertex -78.9579 67.9579 6
    endloop
  endfacet
  facet normal 0 0 1
    outer loop
      vertex -79.1539 67.9675 6
      vertex -79.1784 2.23917 6
      vertex -78.9579 2.25 6
    endloop
  endfacet
  facet normal 0 0 1
    outer loop
      vertex -79.348 67.9963 6
      vertex -79.1784 2.23917 6
      vertex -79.1539 67.9675 6
    endloop
  endfacet
  facet normal 0 0 1
    outer loop
      vertex -79.348 67.9963 6
      vertex -79.3968 2.20677 6
      vertex -79.1784 2.23917 6
    endloop
  endfacet
  facet normal 0 0 1
    outer loop
      vertex -79.5384 68.044 6
      vertex -79.3968 2.20677 6
      vertex -79.348 67.9963 6
    endloop
  endfacet
  facet normal 0 0 1
    outer loop
      vertex -79.5384 68.044 6
      vertex -79.611 2.15312 6
      vertex -79.3968 2.20677 6
    endloop
  endfacet
  facet normal 0 0 1
    outer loop
      vertex -79.7232 68.1101 6
      vertex -79.611 2.15312 6
      vertex -79.5384 68.044 6
    endloop
  endfacet
  facet normal 0 0 1
    outer loop
      vertex -79.7232 68.1101 6
      vertex -79.8189 2.07873 6
      vertex -79.611 2.15312 6
    endloop
  endfacet
  facet normal 0 0 1
    outer loop
      vertex -79.9007 68.194 6
      vertex -79.8189 2.07873 6
      vertex -79.7232 68.1101 6
    endloop
  endfacet
  facet normal 0 0 1
    outer loop
      vertex -79.9007 68.194 6
      vertex -80.0185 1.98432 6
      vertex -79.8189 2.07873 6
    endloop
  endfacet
  facet normal 0 0 1
    outer loop
      vertex -80.069 68.2949 6
      vertex -80.0185 1.98432 6
      vertex -79.9007 68.194 6
    endloop
  endfacet
  facet normal 0 0 1
    outer loop
      vertex -80.069 68.2949 6
      vertex -80.2079 1.87081 6
      vertex -80.0185 1.98432 6
    endloop
  endfacet
  facet normal 0 0 1
    outer loop
      vertex -80.2266 68.4118 6
      vertex -80.2079 1.87081 6
      vertex -80.069 68.2949 6
    endloop
  endfacet
  facet normal 0 0 1
    outer loop
      vertex -80.3852 1.73927 6
      vertex -80.2266 68.4118 6
      vertex -80.3721 68.5436 6
    endloop
  endfacet
  facet normal 0 0 1
    outer loop
      vertex -80.2266 68.4118 6
      vertex -80.3852 1.73927 6
      vertex -80.2079 1.87081 6
    endloop
  endfacet
  facet normal 0 0 1
    outer loop
      vertex -80.5489 1.59099 6
      vertex -80.3721 68.5436 6
      vertex -80.5039 68.6891 6
    endloop
  endfacet
  facet normal 0 0 1
    outer loop
      vertex -80.3721 68.5436 6
      vertex -80.5489 1.59099 6
      vertex -80.3852 1.73927 6
    endloop
  endfacet
  facet normal 0 0 1
    outer loop
      vertex -80.6971 1.42738 6
      vertex -80.5039 68.6891 6
      vertex -80.6208 68.8467 6
    endloop
  endfacet
  facet normal 0 0 1
    outer loop
      vertex -80.5039 68.6891 6
      vertex -80.6971 1.42738 6
      vertex -80.5489 1.59099 6
    endloop
  endfacet
  facet normal 0 0 1
    outer loop
      vertex -80.8287 1.25003 6
      vertex -80.6208 68.8467 6
      vertex -80.7217 69.0151 6
    endloop
  endfacet
  facet normal 0 0 1
    outer loop
      vertex -80.9422 1.06064 6
      vertex -80.7217 69.0151 6
      vertex -80.8056 69.1925 6
    endloop
  endfacet
  facet normal 0 0 1
    outer loop
      vertex -80.6208 68.8467 6
      vertex -80.8287 1.25003 6
      vertex -80.6971 1.42738 6
    endloop
  endfacet
  facet normal 0 0 1
    outer loop
      vertex -81.0366 0.861037 6
      vertex -80.8056 69.1925 6
      vertex -80.8717 69.3773 6
    endloop
  endfacet
  facet normal 0 0 1
    outer loop
      vertex -81.111 0.65314 6
      vertex -80.8717 69.3773 6
      vertex -80.9194 69.5677 6
    endloop
  endfacet
  facet normal 0 0 1
    outer loop
      vertex -80.7217 69.0151 6
      vertex -80.9422 1.06064 6
      vertex -80.8287 1.25003 6
    endloop
  endfacet
  facet normal 0 0 1
    outer loop
      vertex -81.1646 0.438952 6
      vertex -80.9194 69.5677 6
      vertex -80.9482 69.7618 6
    endloop
  endfacet
  facet normal 0 0 1
    outer loop
      vertex -85.9579 97.9579 6
      vertex -80.9482 69.7618 6
      vertex -80.9579 69.9579 6
    endloop
  endfacet
  facet normal 0 0 1
    outer loop
      vertex -80.9482 70.1539 6
      vertex -85.9579 97.9579 6
      vertex -80.9579 69.9579 6
    endloop
  endfacet
  facet normal 0 0 1
    outer loop
      vertex -80.9482 69.7618 6
      vertex -85.9579 97.9579 6
      vertex -81.197 0.220538 6
    endloop
  endfacet
  facet normal 0 0 1
    outer loop
      vertex -85.9579 97.9579 6
      vertex -81.0366 90.0968 6
      vertex -81.111 90.3047 6
    endloop
  endfacet
  facet normal 0 0 1
    outer loop
      vertex -80.8056 69.1925 6
      vertex -81.0366 0.861037 6
      vertex -80.9422 1.06064 6
    endloop
  endfacet
  facet normal 0 0 1
    outer loop
      vertex -85.9579 97.9579 6
      vertex -81.111 90.3047 6
      vertex -81.1646 90.5189 6
    endloop
  endfacet
  facet normal 0 0 1
    outer loop
      vertex -80.8717 69.3773 6
      vertex -81.111 0.65314 6
      vertex -81.0366 0.861037 6
    endloop
  endfacet
  facet normal 0 0 1
    outer loop
      vertex -85.9579 97.9579 6
      vertex -81.1646 90.5189 6
      vertex -81.197 90.7373 6
    endloop
  endfacet
  facet normal 0 0 1
    outer loop
      vertex -80.9194 69.5677 6
      vertex -81.1646 0.438952 6
      vertex -81.111 0.65314 6
    endloop
  endfacet
  facet normal 0 0 1
    outer loop
      vertex -85.9579 97.9579 6
      vertex -81.197 90.7373 6
      vertex -81.2079 90.9579 6
    endloop
  endfacet
  facet normal 0 0 1
    outer loop
      vertex -80.9482 69.7618 6
      vertex -81.197 0.220538 6
      vertex -81.1646 0.438952 6
    endloop
  endfacet
  facet normal 0 0 1
    outer loop
      vertex -55.0483 -58.05 6
      vertex -76.8047 -90.3047 6
      vertex -76.7511 -90.5189 6
    endloop
  endfacet
  facet normal 0 0 1
    outer loop
      vertex -77.1101 -70.7232 6
      vertex -55.0483 -58.05 6
      vertex -77.044 -70.5384 6
    endloop
  endfacet
  facet normal 0 0 1
    outer loop
      vertex -55.0483 -58.05 6
      vertex -76.8791 -90.0968 6
      vertex -76.8047 -90.3047 6
    endloop
  endfacet
  facet normal 0 -0 1
    outer loop
      vertex -76.9735 -89.8972 6
      vertex -55.0483 -58.05 6
      vertex -77.1101 -70.7232 6
    endloop
  endfacet
  facet normal 0 0 1
    outer loop
      vertex -55.0483 -58.05 6
      vertex -76.9735 -89.8972 6
      vertex -76.8791 -90.0968 6
    endloop
  endfacet
  facet normal -0 0 1
    outer loop
      vertex -77.194 -70.9007 6
      vertex -76.9735 -89.8972 6
      vertex -77.1101 -70.7232 6
    endloop
  endfacet
  facet normal 0 0 1
    outer loop
      vertex -76.9735 -89.8972 6
      vertex -77.194 -70.9007 6
      vertex -77.0871 -89.7078 6
    endloop
  endfacet
  facet normal -0 0 1
    outer loop
      vertex -77.2949 -71.069 6
      vertex -77.0871 -89.7078 6
      vertex -77.194 -70.9007 6
    endloop
  endfacet
  facet normal 0 0 1
    outer loop
      vertex -77.0871 -89.7078 6
      vertex -77.2949 -71.069 6
      vertex -77.2186 -89.5305 6
    endloop
  endfacet
  facet normal -0 0 1
    outer loop
      vertex -77.4118 -71.2266 6
      vertex -77.2186 -89.5305 6
      vertex -77.2949 -71.069 6
    endloop
  endfacet
  facet normal 0 0 1
    outer loop
      vertex -77.2186 -89.5305 6
      vertex -77.4118 -71.2266 6
      vertex -77.3669 -89.3669 6
    endloop
  endfacet
  facet normal -0 0 1
    outer loop
      vertex -77.5436 -71.3721 6
      vertex -77.3669 -89.3669 6
      vertex -77.4118 -71.2266 6
    endloop
  endfacet
  facet normal 0 0 1
    outer loop
      vertex -77.3669 -89.3669 6
      vertex -77.5436 -71.3721 6
      vertex -77.5305 -89.2186 6
    endloop
  endfacet
  facet normal -0 0 1
    outer loop
      vertex -77.6891 -71.5039 6
      vertex -77.5305 -89.2186 6
      vertex -77.5436 -71.3721 6
    endloop
  endfacet
  facet normal 0 0 1
    outer loop
      vertex -77.6891 -71.5039 6
      vertex -77.7078 -89.0871 6
      vertex -77.5305 -89.2186 6
    endloop
  endfacet
  facet normal -0 0 1
    outer loop
      vertex -77.8467 -71.6208 6
      vertex -77.7078 -89.0871 6
      vertex -77.6891 -71.5039 6
    endloop
  endfacet
  facet normal 0 0 1
    outer loop
      vertex -77.8467 -71.6208 6
      vertex -77.8972 -88.9735 6
      vertex -77.7078 -89.0871 6
    endloop
  endfacet
  facet normal -0 0 1
    outer loop
      vertex -78.0151 -71.7217 6
      vertex -77.8972 -88.9735 6
      vertex -77.8467 -71.6208 6
    endloop
  endfacet
  facet normal 0 0 1
    outer loop
      vertex -78.0151 -71.7217 6
      vertex -78.0968 -88.8791 6
      vertex -77.8972 -88.9735 6
    endloop
  endfacet
  facet normal -0 0 1
    outer loop
      vertex -78.1925 -71.8056 6
      vertex -78.0968 -88.8791 6
      vertex -78.0151 -71.7217 6
    endloop
  endfacet
  facet normal 0 0 1
    outer loop
      vertex -78.1925 -71.8056 6
      vertex -78.3047 -88.8047 6
      vertex -78.0968 -88.8791 6
    endloop
  endfacet
  facet normal -0 0 1
    outer loop
      vertex -78.3773 -71.8717 6
      vertex -78.3047 -88.8047 6
      vertex -78.1925 -71.8056 6
    endloop
  endfacet
  facet normal 0 0 1
    outer loop
      vertex -78.3773 -71.8717 6
      vertex -78.5189 -88.7511 6
      vertex -78.3047 -88.8047 6
    endloop
  endfacet
  facet normal -0 0 1
    outer loop
      vertex -78.5677 -71.9194 6
      vertex -78.5189 -88.7511 6
      vertex -78.3773 -71.8717 6
    endloop
  endfacet
  facet normal 0 0 1
    outer loop
      vertex -78.5677 -71.9194 6
      vertex -78.7373 -88.7187 6
      vertex -78.5189 -88.7511 6
    endloop
  endfacet
  facet normal -0 0 1
    outer loop
      vertex -78.7618 -71.9482 6
      vertex -78.7373 -88.7187 6
      vertex -78.5677 -71.9194 6
    endloop
  endfacet
  facet normal -0 0 1
    outer loop
      vertex -78.9579 -71.9579 6
      vertex -78.7373 -88.7187 6
      vertex -78.7618 -71.9482 6
    endloop
  endfacet
  facet normal 0 0 1
    outer loop
      vertex -78.9579 -71.9579 6
      vertex -78.9579 -88.7079 6
      vertex -78.7373 -88.7187 6
    endloop
  endfacet
  facet normal 0 0 1
    outer loop
      vertex -79.1539 -71.9482 6
      vertex -78.9579 -88.7079 6
      vertex -78.9579 -71.9579 6
    endloop
  endfacet
  facet normal 0 0 1
    outer loop
      vertex -79.1539 -71.9482 6
      vertex -79.1784 -88.7187 6
      vertex -78.9579 -88.7079 6
    endloop
  endfacet
  facet normal 0 0 1
    outer loop
      vertex -79.348 -71.9194 6
      vertex -79.1784 -88.7187 6
      vertex -79.1539 -71.9482 6
    endloop
  endfacet
  facet normal 0 0 1
    outer loop
      vertex -79.348 -71.9194 6
      vertex -79.3968 -88.7511 6
      vertex -79.1784 -88.7187 6
    endloop
  endfacet
  facet normal 0 0 1
    outer loop
      vertex -79.5384 -71.8717 6
      vertex -79.3968 -88.7511 6
      vertex -79.348 -71.9194 6
    endloop
  endfacet
  facet normal 0 0 1
    outer loop
      vertex -79.5384 -71.8717 6
      vertex -79.611 -88.8047 6
      vertex -79.3968 -88.7511 6
    endloop
  endfacet
  facet normal 0 0 1
    outer loop
      vertex -79.7232 -71.8056 6
      vertex -79.611 -88.8047 6
      vertex -79.5384 -71.8717 6
    endloop
  endfacet
  facet normal 0 0 1
    outer loop
      vertex -79.7232 -71.8056 6
      vertex -79.8189 -88.8791 6
      vertex -79.611 -88.8047 6
    endloop
  endfacet
  facet normal 0 0 1
    outer loop
      vertex -79.9007 -71.7217 6
      vertex -79.8189 -88.8791 6
      vertex -79.7232 -71.8056 6
    endloop
  endfacet
  facet normal 0 0 1
    outer loop
      vertex -79.9007 -71.7217 6
      vertex -80.0185 -88.9735 6
      vertex -79.8189 -88.8791 6
    endloop
  endfacet
  facet normal 0 0 1
    outer loop
      vertex -80.069 -71.6208 6
      vertex -80.0185 -88.9735 6
      vertex -79.9007 -71.7217 6
    endloop
  endfacet
  facet normal 0 0 1
    outer loop
      vertex -80.069 -71.6208 6
      vertex -80.2079 -89.0871 6
      vertex -80.0185 -88.9735 6
    endloop
  endfacet
  facet normal 0 0 1
    outer loop
      vertex -80.2266 -71.5039 6
      vertex -80.2079 -89.0871 6
      vertex -80.069 -71.6208 6
    endloop
  endfacet
  facet normal 0 0 1
    outer loop
      vertex -80.3852 -89.2186 6
      vertex -80.2266 -71.5039 6
      vertex -80.3721 -71.3721 6
    endloop
  endfacet
  facet normal 0 0 1
    outer loop
      vertex -80.2266 -71.5039 6
      vertex -80.3852 -89.2186 6
      vertex -80.2079 -89.0871 6
    endloop
  endfacet
  facet normal 0 0 1
    outer loop
      vertex -80.5489 -89.3669 6
      vertex -80.3721 -71.3721 6
      vertex -80.5039 -71.2266 6
    endloop
  endfacet
  facet normal 0 0 1
    outer loop
      vertex -80.3721 -71.3721 6
      vertex -80.5489 -89.3669 6
      vertex -80.3852 -89.2186 6
    endloop
  endfacet
  facet normal 0 0 1
    outer loop
      vertex -80.6971 -89.5305 6
      vertex -80.5039 -71.2266 6
      vertex -80.6208 -71.069 6
    endloop
  endfacet
  facet normal 0 0 1
    outer loop
      vertex -80.5039 -71.2266 6
      vertex -80.6971 -89.5305 6
      vertex -80.5489 -89.3669 6
    endloop
  endfacet
  facet normal 0 0 1
    outer loop
      vertex -80.8287 -89.7078 6
      vertex -80.6208 -71.069 6
      vertex -80.7217 -70.9007 6
    endloop
  endfacet
  facet normal 0 0 1
    outer loop
      vertex -80.9422 -89.8972 6
      vertex -80.7217 -70.9007 6
      vertex -80.8056 -70.7232 6
    endloop
  endfacet
  facet normal 0 0 1
    outer loop
      vertex -80.6208 -71.069 6
      vertex -80.8287 -89.7078 6
      vertex -80.6971 -89.5305 6
    endloop
  endfacet
  facet normal 0 0 1
    outer loop
      vertex -85.9579 -97.9579 6
      vertex -80.8056 -70.7232 6
      vertex -80.8717 -70.5384 6
    endloop
  endfacet
  facet normal 0 0 1
    outer loop
      vertex -85.9579 -97.9579 6
      vertex -80.8717 -70.5384 6
      vertex -80.9194 -70.348 6
    endloop
  endfacet
  facet normal 0 0 1
    outer loop
      vertex -80.7217 -70.9007 6
      vertex -80.9422 -89.8972 6
      vertex -80.8287 -89.7078 6
    endloop
  endfacet
  facet normal 0 0 1
    outer loop
      vertex -85.9579 -97.9579 6
      vertex -80.9194 -70.348 6
      vertex -80.9482 -70.1539 6
    endloop
  endfacet
  facet normal 0 0 1
    outer loop
      vertex -85.9579 -97.9579 6
      vertex -80.9482 -70.1539 6
      vertex -80.9579 -69.9579 6
    endloop
  endfacet
  facet normal 0 0 1
    outer loop
      vertex -80.9194 -69.5677 6
      vertex -81.1646 -0.438952 6
      vertex -80.9482 -69.7618 6
    endloop
  endfacet
  facet normal 0 0 1
    outer loop
      vertex -80.8056 -70.7232 6
      vertex -85.9579 -97.9579 6
      vertex -81.0366 -90.0968 6
    endloop
  endfacet
  facet normal 0 0 1
    outer loop
      vertex -81.197 -0.220538 6
      vertex -80.9482 -69.7618 6
      vertex -81.1646 -0.438952 6
    endloop
  endfacet
  facet normal 0 0 1
    outer loop
      vertex -80.8056 -70.7232 6
      vertex -81.0366 -90.0968 6
      vertex -80.9422 -89.8972 6
    endloop
  endfacet
  facet normal 0 0 1
    outer loop
      vertex -85.9579 -97.9579 6
      vertex -80.9482 -69.7618 6
      vertex -81.197 -0.220538 6
    endloop
  endfacet
  facet normal 0 0 1
    outer loop
      vertex -81.0366 -90.0968 6
      vertex -85.9579 -97.9579 6
      vertex -81.111 -90.3047 6
    endloop
  endfacet
  facet normal 0 0 1
    outer loop
      vertex -80.9482 -69.7618 6
      vertex -85.9579 -97.9579 6
      vertex -80.9579 -69.9579 6
    endloop
  endfacet
  facet normal 0 0 1
    outer loop
      vertex -81.111 -90.3047 6
      vertex -85.9579 -97.9579 6
      vertex -81.1646 -90.5189 6
    endloop
  endfacet
  facet normal 0 0 1
    outer loop
      vertex -85.9579 -97.9579 6
      vertex -81.197 -0.220538 6
      vertex -81.2079 0 6
    endloop
  endfacet
  facet normal 0 0 1
    outer loop
      vertex -81.1646 -90.5189 6
      vertex -85.9579 -97.9579 6
      vertex -81.197 -90.7373 6
    endloop
  endfacet
  facet normal 0 0 1
    outer loop
      vertex 47.25 -65.8483 6
      vertex 2.23917 -90.7373 6
      vertex 2.25 -90.9579 6
    endloop
  endfacet
  facet normal 0 0 1
    outer loop
      vertex 47.25 -65.8483 6
      vertex 2.20677 -90.5189 6
      vertex 2.23917 -90.7373 6
    endloop
  endfacet
  facet normal 0 0 1
    outer loop
      vertex 47.25 -65.8483 6
      vertex 2.15312 -90.3047 6
      vertex 2.20677 -90.5189 6
    endloop
  endfacet
  facet normal 0 0 1
    outer loop
      vertex 47.25 -65.8483 6
      vertex 2.07873 -90.0968 6
      vertex 2.15312 -90.3047 6
    endloop
  endfacet
  facet normal 0 0 1
    outer loop
      vertex 47.25 -65.8483 6
      vertex 1.98432 -89.8972 6
      vertex 2.07873 -90.0968 6
    endloop
  endfacet
  facet normal 0 0 1
    outer loop
      vertex 47.25 -65.8483 6
      vertex 1.87081 -89.7078 6
      vertex 1.98432 -89.8972 6
    endloop
  endfacet
  facet normal 0 0 1
    outer loop
      vertex 47.25 -65.8483 6
      vertex 1.73927 -89.5305 6
      vertex 1.87081 -89.7078 6
    endloop
  endfacet
  facet normal 0 0 1
    outer loop
      vertex 47.25 -65.8483 6
      vertex 1.59099 -89.3669 6
      vertex 1.73927 -89.5305 6
    endloop
  endfacet
  facet normal 0 0 1
    outer loop
      vertex 47.25 -65.8483 6
      vertex 1.42738 -89.2186 6
      vertex 1.59099 -89.3669 6
    endloop
  endfacet
  facet normal 0 0 1
    outer loop
      vertex 47.25 -65.8483 6
      vertex 1.25003 -89.0871 6
      vertex 1.42738 -89.2186 6
    endloop
  endfacet
  facet normal 0 0 1
    outer loop
      vertex 47.25 -65.8483 6
      vertex 1.06064 -88.9735 6
      vertex 1.25003 -89.0871 6
    endloop
  endfacet
  facet normal 0 0 1
    outer loop
      vertex 47.25 -65.8483 6
      vertex 0.861037 -88.8791 6
      vertex 1.06064 -88.9735 6
    endloop
  endfacet
  facet normal 0 0 1
    outer loop
      vertex 47.25 -65.8483 6
      vertex 0.65314 -88.8047 6
      vertex 0.861037 -88.8791 6
    endloop
  endfacet
  facet normal 0 0 1
    outer loop
      vertex 47.25 -65.8483 6
      vertex 0.438952 -88.7511 6
      vertex 0.65314 -88.8047 6
    endloop
  endfacet
  facet normal 0 0 1
    outer loop
      vertex 47.25 -65.8483 6
      vertex 0.220538 -88.7187 6
      vertex 0.438952 -88.7511 6
    endloop
  endfacet
  facet normal 0 0 1
    outer loop
      vertex 47.25 -65.8483 6
      vertex 0 -88.7079 6
      vertex 0.220538 -88.7187 6
    endloop
  endfacet
  facet normal -0 0 1
    outer loop
      vertex -47.25 -65.8483 6
      vertex 0 -88.7079 6
      vertex 47.25 -65.8483 6
    endloop
  endfacet
  facet normal 0 0 1
    outer loop
      vertex 0 -88.7079 6
      vertex -47.25 -65.8483 6
      vertex -0.220538 -88.7187 6
    endloop
  endfacet
  facet normal 0 0 1
    outer loop
      vertex -0.220538 -88.7187 6
      vertex -47.25 -65.8483 6
      vertex -0.438952 -88.7511 6
    endloop
  endfacet
  facet normal 0 0 1
    outer loop
      vertex -0.438952 -88.7511 6
      vertex -47.25 -65.8483 6
      vertex -0.65314 -88.8047 6
    endloop
  endfacet
  facet normal 0 0 1
    outer loop
      vertex -0.65314 -88.8047 6
      vertex -47.25 -65.8483 6
      vertex -0.861037 -88.8791 6
    endloop
  endfacet
  facet normal 0 0 1
    outer loop
      vertex -2.23917 -90.7373 6
      vertex -47.25 -65.8483 6
      vertex -2.25 -90.9579 6
    endloop
  endfacet
  facet normal 0 0 1
    outer loop
      vertex -2.20677 -90.5189 6
      vertex -47.25 -65.8483 6
      vertex -2.23917 -90.7373 6
    endloop
  endfacet
  facet normal 0 0 1
    outer loop
      vertex -2.15312 -90.3047 6
      vertex -47.25 -65.8483 6
      vertex -2.20677 -90.5189 6
    endloop
  endfacet
  facet normal 0 0 1
    outer loop
      vertex -2.07873 -90.0968 6
      vertex -47.25 -65.8483 6
      vertex -2.15312 -90.3047 6
    endloop
  endfacet
  facet normal 0 0 1
    outer loop
      vertex -1.98432 -89.8972 6
      vertex -47.25 -65.8483 6
      vertex -2.07873 -90.0968 6
    endloop
  endfacet
  facet normal 0 0 1
    outer loop
      vertex -1.87081 -89.7078 6
      vertex -47.25 -65.8483 6
      vertex -1.98432 -89.8972 6
    endloop
  endfacet
  facet normal 0 0 1
    outer loop
      vertex -1.73927 -89.5305 6
      vertex -47.25 -65.8483 6
      vertex -1.87081 -89.7078 6
    endloop
  endfacet
  facet normal 0 0 1
    outer loop
      vertex -1.59099 -89.3669 6
      vertex -47.25 -65.8483 6
      vertex -1.73927 -89.5305 6
    endloop
  endfacet
  facet normal 0 0 1
    outer loop
      vertex -1.42738 -89.2186 6
      vertex -47.25 -65.8483 6
      vertex -1.59099 -89.3669 6
    endloop
  endfacet
  facet normal 0 0 1
    outer loop
      vertex -1.25003 -89.0871 6
      vertex -47.25 -65.8483 6
      vertex -1.42738 -89.2186 6
    endloop
  endfacet
  facet normal 0 0 1
    outer loop
      vertex -1.06064 -88.9735 6
      vertex -47.25 -65.8483 6
      vertex -1.25003 -89.0871 6
    endloop
  endfacet
  facet normal 0 0 1
    outer loop
      vertex -0.861037 -88.8791 6
      vertex -47.25 -65.8483 6
      vertex -1.06064 -88.9735 6
    endloop
  endfacet
  facet normal 0 0 1
    outer loop
      vertex 50.8497 -6.66332 6
      vertex 45.1259 1.01445 6
      vertex 50.0589 -6.54584 6
    endloop
  endfacet
  facet normal -0 0 1
    outer loop
      vertex 45.0355 0.406206 6
      vertex 50.0589 -6.54584 6
      vertex 45.1259 1.01445 6
    endloop
  endfacet
  facet normal 0 0 1
    outer loop
      vertex 50.0589 -6.54584 6
      vertex 45.0355 0.406206 6
      vertex 50.058 -6.5457 6
    endloop
  endfacet
  facet normal 0 0 1
    outer loop
      vertex 50.058 -6.5457 6
      vertex 45.0355 0.406206 6
      vertex 50.0568 -6.54562 6
    endloop
  endfacet
  facet normal -0 0 1
    outer loop
      vertex 44.9088 -0.115205 6
      vertex 50.0568 -6.54562 6
      vertex 45.0355 0.406206 6
    endloop
  endfacet
  facet normal -0 0 1
    outer loop
      vertex 44.9087 -0.1158 6
      vertex 50.0568 -6.54562 6
      vertex 44.9088 -0.115205 6
    endloop
  endfacet
  facet normal 0 0 1
    outer loop
      vertex 50.0568 -6.54562 6
      vertex 44.9087 -0.1158 6
      vertex 49.0763 -6.47521 6
    endloop
  endfacet
  facet normal -0 0 1
    outer loop
      vertex 44.7452 -0.573815 6
      vertex 49.0763 -6.47521 6
      vertex 44.9087 -0.1158 6
    endloop
  endfacet
  facet normal -0 0 1
    outer loop
      vertex 44.745 -0.574277 6
      vertex 49.0763 -6.47521 6
      vertex 44.7452 -0.573815 6
    endloop
  endfacet
  facet normal 0 0 1
    outer loop
      vertex 49.0763 -6.47521 6
      vertex 44.745 -0.574277 6
      vertex 47.2522 -6.45174 6
    endloop
  endfacet
  facet normal -0 0 1
    outer loop
      vertex 44.5448 -0.979217 6
      vertex 47.2522 -6.45174 6
      vertex 44.745 -0.574277 6
    endloop
  endfacet
  facet normal 0 0 1
    outer loop
      vertex 47.2522 -6.45174 6
      vertex 44.5448 -0.979217 6
      vertex 47.25 -6.45171 6
    endloop
  endfacet
  facet normal -0 0 1
    outer loop
      vertex 44.307 -1.33796 6
      vertex 47.25 -6.45171 6
      vertex 44.5448 -0.979217 6
    endloop
  endfacet
  facet normal -0 0 1
    outer loop
      vertex 44.3067 -1.33837 6
      vertex 47.25 -6.45171 6
      vertex 44.307 -1.33796 6
    endloop
  endfacet
  facet normal -0 0 1
    outer loop
      vertex 44.3064 -1.33873 6
      vertex 47.25 -6.45171 6
      vertex 44.3067 -1.33837 6
    endloop
  endfacet
  facet normal -0 0 1
    outer loop
      vertex 44.0301 -1.65508 6
      vertex 47.25 -6.45171 6
      vertex 44.3064 -1.33873 6
    endloop
  endfacet
  facet normal -0 0 1
    outer loop
      vertex 43.7137 -1.9314 6
      vertex 47.25 -6.45171 6
      vertex 44.0301 -1.65508 6
    endloop
  endfacet
  facet normal -0 0 1
    outer loop
      vertex 43.7134 -1.93172 6
      vertex 47.25 -6.45171 6
      vertex 43.7137 -1.9314 6
    endloop
  endfacet
  facet normal -0 0 1
    outer loop
      vertex 43.3546 -2.16952 6
      vertex 47.25 -6.45171 6
      vertex 43.7134 -1.93172 6
    endloop
  endfacet
  facet normal -0 0 1
    outer loop
      vertex 43.3542 -2.1698 6
      vertex 47.25 -6.45171 6
      vertex 43.3546 -2.16952 6
    endloop
  endfacet
  facet normal -0 0 1
    outer loop
      vertex 43.3537 -2.17002 6
      vertex 47.25 -6.45171 6
      vertex 43.3542 -2.1698 6
    endloop
  endfacet
  facet normal -0 0 1
    outer loop
      vertex 42.9488 -2.37024 6
      vertex 47.25 -6.45171 6
      vertex 43.3537 -2.17002 6
    endloop
  endfacet
  facet normal -0 0 1
    outer loop
      vertex 42.4908 -2.53369 6
      vertex 47.25 -6.45171 6
      vertex 42.9488 -2.37024 6
    endloop
  endfacet
  facet normal -0 0 1
    outer loop
      vertex 41.9694 -2.66039 6
      vertex 47.25 -6.45171 6
      vertex 42.4908 -2.53369 6
    endloop
  endfacet
  facet normal -0 0 1
    outer loop
      vertex 41.9688 -2.66053 6
      vertex 47.25 -6.45171 6
      vertex 41.9694 -2.66039 6
    endloop
  endfacet
  facet normal -0 0 1
    outer loop
      vertex 41.9681 -2.66063 6
      vertex 47.25 -6.45171 6
      vertex 41.9688 -2.66053 6
    endloop
  endfacet
  facet normal -0 0 1
    outer loop
      vertex 41.3598 -2.75099 6
      vertex 47.25 -6.45171 6
      vertex 41.9681 -2.66063 6
    endloop
  endfacet
  facet normal -0 0 1
    outer loop
      vertex 40.6056 -2.80516 6
      vertex 47.25 -6.45171 6
      vertex 41.3598 -2.75099 6
    endloop
  endfacet
  facet normal -0 0 1
    outer loop
      vertex 40.6047 -2.80522 6
      vertex 47.25 -6.45171 6
      vertex 40.6056 -2.80516 6
    endloop
  endfacet
  facet normal -0 0 1
    outer loop
      vertex 40.6031 -2.80524 6
      vertex 47.25 -6.45171 6
      vertex 40.6047 -2.80522 6
    endloop
  endfacet
  facet normal -0 0 1
    outer loop
      vertex 39.2 -2.82328 6
      vertex 47.25 -6.45171 6
      vertex 40.6031 -2.80524 6
    endloop
  endfacet
  facet normal -0 0 1
    outer loop
      vertex -39.2 -2.82328 6
      vertex 47.25 -6.45171 6
      vertex 39.2 -2.82328 6
    endloop
  endfacet
  facet normal 0 0 1
    outer loop
      vertex -47.25 -6.45171 6
      vertex -39.2 -2.82328 6
      vertex -40.6031 -2.80524 6
    endloop
  endfacet
  facet normal 0 0 1
    outer loop
      vertex -47.25 -6.45171 6
      vertex -40.6031 -2.80524 6
      vertex -40.6047 -2.80522 6
    endloop
  endfacet
  facet normal 0 0 1
    outer loop
      vertex -47.25 -6.45171 6
      vertex -41.9681 -2.66063 6
      vertex -41.9688 -2.66053 6
    endloop
  endfacet
  facet normal 0 0 1
    outer loop
      vertex -47.25 -6.45171 6
      vertex -41.9694 -2.66039 6
      vertex -42.4908 -2.53369 6
    endloop
  endfacet
  facet normal 0 0 1
    outer loop
      vertex -47.25 -6.45171 6
      vertex -43.3546 -2.16952 6
      vertex -43.7134 -1.93172 6
    endloop
  endfacet
  facet normal 0 0 1
    outer loop
      vertex -47.25 -6.45171 6
      vertex -43.7137 -1.9314 6
      vertex -44.0301 -1.65508 6
    endloop
  endfacet
  facet normal 0 0 1
    outer loop
      vertex -49.0763 -6.47521 6
      vertex -44.745 -0.574277 6
      vertex -44.7452 -0.573815 6
    endloop
  endfacet
  facet normal 0 0 1
    outer loop
      vertex -50.0568 -6.54562 6
      vertex -44.9088 -0.115205 6
      vertex -45.0355 0.406206 6
    endloop
  endfacet
  facet normal 0 0 1
    outer loop
      vertex -50.8497 -6.66332 6
      vertex -45.126 1.01601 6
      vertex -45.1802 1.77029 6
    endloop
  endfacet
  facet normal 0 0 1
    outer loop
      vertex -52.1238 -7.04071 6
      vertex -45.1983 3.17341 6
      vertex -45.1983 3.17501 6
    endloop
  endfacet
  facet normal 0 0 1
    outer loop
      vertex -39.2 -2.82328 6
      vertex -47.25 -6.45171 6
      vertex 47.25 -6.45171 6
    endloop
  endfacet
  facet normal 0 0 1
    outer loop
      vertex -40.6056 -2.80516 6
      vertex -47.25 -6.45171 6
      vertex -40.6047 -2.80522 6
    endloop
  endfacet
  facet normal 0 0 1
    outer loop
      vertex -41.3598 -2.75099 6
      vertex -47.25 -6.45171 6
      vertex -40.6056 -2.80516 6
    endloop
  endfacet
  facet normal 0 0 1
    outer loop
      vertex -41.9681 -2.66063 6
      vertex -47.25 -6.45171 6
      vertex -41.3598 -2.75099 6
    endloop
  endfacet
  facet normal 0 0 1
    outer loop
      vertex -41.9694 -2.66039 6
      vertex -47.25 -6.45171 6
      vertex -41.9688 -2.66053 6
    endloop
  endfacet
  facet normal 0 0 1
    outer loop
      vertex -42.9488 -2.37024 6
      vertex -47.25 -6.45171 6
      vertex -42.4908 -2.53369 6
    endloop
  endfacet
  facet normal 0 0 1
    outer loop
      vertex -43.3537 -2.17002 6
      vertex -47.25 -6.45171 6
      vertex -42.9488 -2.37024 6
    endloop
  endfacet
  facet normal 0 0 1
    outer loop
      vertex -43.3542 -2.1698 6
      vertex -47.25 -6.45171 6
      vertex -43.3537 -2.17002 6
    endloop
  endfacet
  facet normal 0 0 1
    outer loop
      vertex -43.3546 -2.16952 6
      vertex -47.25 -6.45171 6
      vertex -43.3542 -2.1698 6
    endloop
  endfacet
  facet normal 0 0 1
    outer loop
      vertex -43.7137 -1.9314 6
      vertex -47.25 -6.45171 6
      vertex -43.7134 -1.93172 6
    endloop
  endfacet
  facet normal 0 0 1
    outer loop
      vertex -44.3064 -1.33873 6
      vertex -47.25 -6.45171 6
      vertex -44.0301 -1.65508 6
    endloop
  endfacet
  facet normal 0 0 1
    outer loop
      vertex -44.3067 -1.33837 6
      vertex -47.25 -6.45171 6
      vertex -44.3064 -1.33873 6
    endloop
  endfacet
  facet normal 0 0 1
    outer loop
      vertex -44.307 -1.33796 6
      vertex -47.25 -6.45171 6
      vertex -44.3067 -1.33837 6
    endloop
  endfacet
  facet normal 0 0 1
    outer loop
      vertex -44.5448 -0.979217 6
      vertex -47.25 -6.45171 6
      vertex -44.307 -1.33796 6
    endloop
  endfacet
  facet normal 0 0 1
    outer loop
      vertex -44.745 -0.574277 6
      vertex -47.2522 -6.45174 6
      vertex -44.5448 -0.979217 6
    endloop
  endfacet
  facet normal 0 0 1
    outer loop
      vertex -49.0763 -6.47521 6
      vertex -44.7452 -0.573815 6
      vertex -44.9087 -0.1158 6
    endloop
  endfacet
  facet normal 0 0 1
    outer loop
      vertex -44.9088 -0.115205 6
      vertex -50.0568 -6.54562 6
      vertex -44.9087 -0.1158 6
    endloop
  endfacet
  facet normal 0 0 1
    outer loop
      vertex -50.0589 -6.54584 6
      vertex -45.0355 0.406206 6
      vertex -45.1259 1.01445 6
    endloop
  endfacet
  facet normal 0 0 1
    outer loop
      vertex -50.8497 -6.66332 6
      vertex -45.1259 1.01445 6
      vertex -45.126 1.01515 6
    endloop
  endfacet
  facet normal 0 0 1
    outer loop
      vertex -45.126 1.01601 6
      vertex -50.8497 -6.66332 6
      vertex -45.126 1.01515 6
    endloop
  endfacet
  facet normal 0 0 1
    outer loop
      vertex -45.1983 3.17341 6
      vertex -51.529 -6.82847 6
      vertex -45.1802 1.77029 6
    endloop
  endfacet
  facet normal -0 0 1
    outer loop
      vertex 2.23917 90.7373 6
      vertex 39.2 66.3733 6
      vertex 2.25 90.9579 6
    endloop
  endfacet
  facet normal -0 0 1
    outer loop
      vertex 2.20677 90.5189 6
      vertex 39.2 66.3733 6
      vertex 2.23917 90.7373 6
    endloop
  endfacet
  facet normal -0 0 1
    outer loop
      vertex 2.15312 90.3047 6
      vertex 39.2 66.3733 6
      vertex 2.20677 90.5189 6
    endloop
  endfacet
  facet normal -0 0 1
    outer loop
      vertex 2.07873 90.0968 6
      vertex 39.2 66.3733 6
      vertex 2.15312 90.3047 6
    endloop
  endfacet
  facet normal -0 0 1
    outer loop
      vertex 1.98432 89.8972 6
      vertex 39.2 66.3733 6
      vertex 2.07873 90.0968 6
    endloop
  endfacet
  facet normal -0 0 1
    outer loop
      vertex 1.87081 89.7078 6
      vertex 39.2 66.3733 6
      vertex 1.98432 89.8972 6
    endloop
  endfacet
  facet normal -0 0 1
    outer loop
      vertex 1.73927 89.5305 6
      vertex 39.2 66.3733 6
      vertex 1.87081 89.7078 6
    endloop
  endfacet
  facet normal -0 0 1
    outer loop
      vertex 1.59099 89.3669 6
      vertex 39.2 66.3733 6
      vertex 1.73927 89.5305 6
    endloop
  endfacet
  facet normal -0 0 1
    outer loop
      vertex 1.42738 89.2186 6
      vertex 39.2 66.3733 6
      vertex 1.59099 89.3669 6
    endloop
  endfacet
  facet normal -0 0 1
    outer loop
      vertex 1.25003 89.0871 6
      vertex 39.2 66.3733 6
      vertex 1.42738 89.2186 6
    endloop
  endfacet
  facet normal -0 0 1
    outer loop
      vertex 1.06064 88.9735 6
      vertex 39.2 66.3733 6
      vertex 1.25003 89.0871 6
    endloop
  endfacet
  facet normal -0 0 1
    outer loop
      vertex 0.861037 88.8791 6
      vertex 39.2 66.3733 6
      vertex 1.06064 88.9735 6
    endloop
  endfacet
  facet normal -0 0 1
    outer loop
      vertex 0.65314 88.8047 6
      vertex 39.2 66.3733 6
      vertex 0.861037 88.8791 6
    endloop
  endfacet
  facet normal -0 0 1
    outer loop
      vertex 0.438952 88.7511 6
      vertex 39.2 66.3733 6
      vertex 0.65314 88.8047 6
    endloop
  endfacet
  facet normal -0 0 1
    outer loop
      vertex 0.220538 88.7187 6
      vertex 39.2 66.3733 6
      vertex 0.438952 88.7511 6
    endloop
  endfacet
  facet normal -0 0 1
    outer loop
      vertex 0 88.7079 6
      vertex 39.2 66.3733 6
      vertex 0.220538 88.7187 6
    endloop
  endfacet
  facet normal 0 0 1
    outer loop
      vertex -39.2 66.3733 6
      vertex 0 88.7079 6
      vertex -0.220538 88.7187 6
    endloop
  endfacet
  facet normal 0 0 1
    outer loop
      vertex -39.2 66.3733 6
      vertex -0.220538 88.7187 6
      vertex -0.438952 88.7511 6
    endloop
  endfacet
  facet normal 0 0 1
    outer loop
      vertex -39.2 66.3733 6
      vertex -0.438952 88.7511 6
      vertex -0.65314 88.8047 6
    endloop
  endfacet
  facet normal 0 0 1
    outer loop
      vertex -39.2 66.3733 6
      vertex -0.65314 88.8047 6
      vertex -0.861037 88.8791 6
    endloop
  endfacet
  facet normal 0 0 1
    outer loop
      vertex -39.2 66.3733 6
      vertex -0.861037 88.8791 6
      vertex -1.06064 88.9735 6
    endloop
  endfacet
  facet normal 0 0 1
    outer loop
      vertex 0 88.7079 6
      vertex -39.2 66.3733 6
      vertex 39.2 66.3733 6
    endloop
  endfacet
  facet normal 0 0 1
    outer loop
      vertex -1.25003 89.0871 6
      vertex -39.2 66.3733 6
      vertex -1.06064 88.9735 6
    endloop
  endfacet
  facet normal 0 0 1
    outer loop
      vertex -1.42738 89.2186 6
      vertex -39.2 66.3733 6
      vertex -1.25003 89.0871 6
    endloop
  endfacet
  facet normal 0 0 1
    outer loop
      vertex -1.59099 89.3669 6
      vertex -39.2 66.3733 6
      vertex -1.42738 89.2186 6
    endloop
  endfacet
  facet normal 0 0 1
    outer loop
      vertex -1.73927 89.5305 6
      vertex -39.2 66.3733 6
      vertex -1.59099 89.3669 6
    endloop
  endfacet
  facet normal 0 0 1
    outer loop
      vertex -1.87081 89.7078 6
      vertex -39.2 66.3733 6
      vertex -1.73927 89.5305 6
    endloop
  endfacet
  facet normal 0 0 1
    outer loop
      vertex -1.98432 89.8972 6
      vertex -39.2 66.3733 6
      vertex -1.87081 89.7078 6
    endloop
  endfacet
  facet normal 0 0 1
    outer loop
      vertex -2.07873 90.0968 6
      vertex -39.2 66.3733 6
      vertex -1.98432 89.8972 6
    endloop
  endfacet
  facet normal 0 0 1
    outer loop
      vertex -2.15312 90.3047 6
      vertex -39.2 66.3733 6
      vertex -2.07873 90.0968 6
    endloop
  endfacet
  facet normal 0 0 1
    outer loop
      vertex -2.20677 90.5189 6
      vertex -39.2 66.3733 6
      vertex -2.15312 90.3047 6
    endloop
  endfacet
  facet normal 0 0 1
    outer loop
      vertex -2.23917 90.7373 6
      vertex -39.2 66.3733 6
      vertex -2.20677 90.5189 6
    endloop
  endfacet
  facet normal 0 0 1
    outer loop
      vertex -39.2 66.3733 6
      vertex -2.23917 90.7373 6
      vertex -2.25 90.9579 6
    endloop
  endfacet
  facet normal -0 0 1
    outer loop
      vertex 80.9482 -69.7618 6
      vertex 85.9579 -97.9579 6
      vertex 81.197 -0.220538 6
    endloop
  endfacet
  facet normal -0 0 1
    outer loop
      vertex 80.9482 -70.1539 6
      vertex 85.9579 -97.9579 6
      vertex 80.9579 -69.9579 6
    endloop
  endfacet
  facet normal 0 0 1
    outer loop
      vertex 80.9482 -69.7618 6
      vertex 81.197 -0.220538 6
      vertex 81.1646 -0.438952 6
    endloop
  endfacet
  facet normal 0 0 1
    outer loop
      vertex 85.9579 -97.9579 6
      vertex 81.197 -90.7373 6
      vertex 81.2079 -90.9579 6
    endloop
  endfacet
  facet normal 0 0 1
    outer loop
      vertex 80.9194 -69.5677 6
      vertex 81.1646 -0.438952 6
      vertex 81.111 -0.65314 6
    endloop
  endfacet
  facet normal -0 0 1
    outer loop
      vertex 80.9194 -70.348 6
      vertex 85.9579 -97.9579 6
      vertex 80.9482 -70.1539 6
    endloop
  endfacet
  facet normal 0 0 1
    outer loop
      vertex 80.8717 -69.3773 6
      vertex 81.111 -0.65314 6
      vertex 81.0366 -0.861037 6
    endloop
  endfacet
  facet normal 0 0 1
    outer loop
      vertex 85.9579 -97.9579 6
      vertex 81.1646 -90.5189 6
      vertex 81.197 -90.7373 6
    endloop
  endfacet
  facet normal -0 0 1
    outer loop
      vertex 80.8717 -70.5384 6
      vertex 85.9579 -97.9579 6
      vertex 80.9194 -70.348 6
    endloop
  endfacet
  facet normal 0 0 1
    outer loop
      vertex 85.9579 -97.9579 6
      vertex 80.9482 -69.7618 6
      vertex 80.9579 -69.9579 6
    endloop
  endfacet
  facet normal 0 0 1
    outer loop
      vertex 80.8056 -69.1925 6
      vertex 81.0366 -0.861037 6
      vertex 80.9422 -1.06064 6
    endloop
  endfacet
  facet normal 0 0 1
    outer loop
      vertex 81.1646 -0.438952 6
      vertex 80.9194 -69.5677 6
      vertex 80.9482 -69.7618 6
    endloop
  endfacet
  facet normal 0 0 1
    outer loop
      vertex 81.111 -0.65314 6
      vertex 80.8717 -69.3773 6
      vertex 80.9194 -69.5677 6
    endloop
  endfacet
  facet normal 0 0 1
    outer loop
      vertex 80.7217 -69.0151 6
      vertex 80.9422 -1.06064 6
      vertex 80.8287 -1.25003 6
    endloop
  endfacet
  facet normal 0 0 1
    outer loop
      vertex 81.0366 -0.861037 6
      vertex 80.8056 -69.1925 6
      vertex 80.8717 -69.3773 6
    endloop
  endfacet
  facet normal 0 0 1
    outer loop
      vertex 80.9422 -1.06064 6
      vertex 80.7217 -69.0151 6
      vertex 80.8056 -69.1925 6
    endloop
  endfacet
  facet normal 0 0 1
    outer loop
      vertex 80.6208 -68.8467 6
      vertex 80.8287 -1.25003 6
      vertex 80.6971 -1.42738 6
    endloop
  endfacet
  facet normal 0 0 1
    outer loop
      vertex 80.8287 -1.25003 6
      vertex 80.6208 -68.8467 6
      vertex 80.7217 -69.0151 6
    endloop
  endfacet
  facet normal 0 0 1
    outer loop
      vertex 80.5039 -68.6891 6
      vertex 80.6971 -1.42738 6
      vertex 80.5489 -1.59099 6
    endloop
  endfacet
  facet normal 0 0 1
    outer loop
      vertex 80.6971 -1.42738 6
      vertex 80.5039 -68.6891 6
      vertex 80.6208 -68.8467 6
    endloop
  endfacet
  facet normal 0 0 1
    outer loop
      vertex 80.3721 -68.5436 6
      vertex 80.5489 -1.59099 6
      vertex 80.3852 -1.73927 6
    endloop
  endfacet
  facet normal 0 0 1
    outer loop
      vertex 80.5489 -1.59099 6
      vertex 80.3721 -68.5436 6
      vertex 80.5039 -68.6891 6
    endloop
  endfacet
  facet normal 0 0 1
    outer loop
      vertex 80.3852 -1.73927 6
      vertex 80.2266 -68.4118 6
      vertex 80.3721 -68.5436 6
    endloop
  endfacet
  facet normal -0 0 1
    outer loop
      vertex 80.2079 -1.87081 6
      vertex 80.2266 -68.4118 6
      vertex 80.3852 -1.73927 6
    endloop
  endfacet
  facet normal 0 0 1
    outer loop
      vertex 80.2079 -1.87081 6
      vertex 80.069 -68.2949 6
      vertex 80.2266 -68.4118 6
    endloop
  endfacet
  facet normal -0 0 1
    outer loop
      vertex 80.0185 -1.98432 6
      vertex 80.069 -68.2949 6
      vertex 80.2079 -1.87081 6
    endloop
  endfacet
  facet normal 0 0 1
    outer loop
      vertex 80.0185 -1.98432 6
      vertex 79.9007 -68.194 6
      vertex 80.069 -68.2949 6
    endloop
  endfacet
  facet normal -0 0 1
    outer loop
      vertex 79.8189 -2.07873 6
      vertex 79.9007 -68.194 6
      vertex 80.0185 -1.98432 6
    endloop
  endfacet
  facet normal 0 0 1
    outer loop
      vertex 79.8189 -2.07873 6
      vertex 79.7232 -68.1101 6
      vertex 79.9007 -68.194 6
    endloop
  endfacet
  facet normal -0 0 1
    outer loop
      vertex 79.611 -2.15312 6
      vertex 79.7232 -68.1101 6
      vertex 79.8189 -2.07873 6
    endloop
  endfacet
  facet normal 0 0 1
    outer loop
      vertex 79.611 -2.15312 6
      vertex 79.5384 -68.044 6
      vertex 79.7232 -68.1101 6
    endloop
  endfacet
  facet normal -0 0 1
    outer loop
      vertex 79.3968 -2.20677 6
      vertex 79.5384 -68.044 6
      vertex 79.611 -2.15312 6
    endloop
  endfacet
  facet normal 0 0 1
    outer loop
      vertex 79.3968 -2.20677 6
      vertex 79.348 -67.9963 6
      vertex 79.5384 -68.044 6
    endloop
  endfacet
  facet normal -0 0 1
    outer loop
      vertex 79.1784 -2.23917 6
      vertex 79.348 -67.9963 6
      vertex 79.3968 -2.20677 6
    endloop
  endfacet
  facet normal 0 0 1
    outer loop
      vertex 79.1784 -2.23917 6
      vertex 79.1539 -67.9675 6
      vertex 79.348 -67.9963 6
    endloop
  endfacet
  facet normal -0 0 1
    outer loop
      vertex 78.9579 -2.25 6
      vertex 79.1539 -67.9675 6
      vertex 79.1784 -2.23917 6
    endloop
  endfacet
  facet normal 0 0 1
    outer loop
      vertex 78.9579 -2.25 6
      vertex 78.9579 -67.9579 6
      vertex 79.1539 -67.9675 6
    endloop
  endfacet
  facet normal 0 0 1
    outer loop
      vertex 78.9579 -2.25 6
      vertex 78.7618 -67.9675 6
      vertex 78.9579 -67.9579 6
    endloop
  endfacet
  facet normal 0 0 1
    outer loop
      vertex 78.7373 -2.23917 6
      vertex 78.7618 -67.9675 6
      vertex 78.9579 -2.25 6
    endloop
  endfacet
  facet normal 0 0 1
    outer loop
      vertex 78.7373 -2.23917 6
      vertex 78.5677 -67.9963 6
      vertex 78.7618 -67.9675 6
    endloop
  endfacet
  facet normal 0 0 1
    outer loop
      vertex 78.5189 -2.20677 6
      vertex 78.5677 -67.9963 6
      vertex 78.7373 -2.23917 6
    endloop
  endfacet
  facet normal 0 0 1
    outer loop
      vertex 78.5189 -2.20677 6
      vertex 78.3773 -68.044 6
      vertex 78.5677 -67.9963 6
    endloop
  endfacet
  facet normal 0 0 1
    outer loop
      vertex 78.3047 -2.15312 6
      vertex 78.3773 -68.044 6
      vertex 78.5189 -2.20677 6
    endloop
  endfacet
  facet normal 0 0 1
    outer loop
      vertex 78.3047 -2.15312 6
      vertex 78.1925 -68.1101 6
      vertex 78.3773 -68.044 6
    endloop
  endfacet
  facet normal 0 0 1
    outer loop
      vertex 78.0968 -2.07873 6
      vertex 78.1925 -68.1101 6
      vertex 78.3047 -2.15312 6
    endloop
  endfacet
  facet normal 0 0 1
    outer loop
      vertex 78.0968 -2.07873 6
      vertex 78.0151 -68.194 6
      vertex 78.1925 -68.1101 6
    endloop
  endfacet
  facet normal 0 0 1
    outer loop
      vertex 77.8972 -1.98432 6
      vertex 78.0151 -68.194 6
      vertex 78.0968 -2.07873 6
    endloop
  endfacet
  facet normal 0 0 1
    outer loop
      vertex 77.8972 -1.98432 6
      vertex 77.8467 -68.2949 6
      vertex 78.0151 -68.194 6
    endloop
  endfacet
  facet normal 0 0 1
    outer loop
      vertex 77.7078 -1.87081 6
      vertex 77.8467 -68.2949 6
      vertex 77.8972 -1.98432 6
    endloop
  endfacet
  facet normal 0 0 1
    outer loop
      vertex 77.7078 -1.87081 6
      vertex 77.6891 -68.4118 6
      vertex 77.8467 -68.2949 6
    endloop
  endfacet
  facet normal 0 0 1
    outer loop
      vertex 77.5305 -1.73927 6
      vertex 77.6891 -68.4118 6
      vertex 77.7078 -1.87081 6
    endloop
  endfacet
  facet normal 0 0 1
    outer loop
      vertex 77.6891 -68.4118 6
      vertex 77.5305 -1.73927 6
      vertex 77.5436 -68.5436 6
    endloop
  endfacet
  facet normal 0 0 1
    outer loop
      vertex 77.3669 -1.59099 6
      vertex 77.5436 -68.5436 6
      vertex 77.5305 -1.73927 6
    endloop
  endfacet
  facet normal 0 0 1
    outer loop
      vertex 77.5436 -68.5436 6
      vertex 77.3669 -1.59099 6
      vertex 77.4118 -68.6891 6
    endloop
  endfacet
  facet normal 0 0 1
    outer loop
      vertex 77.2186 -1.42738 6
      vertex 77.4118 -68.6891 6
      vertex 77.3669 -1.59099 6
    endloop
  endfacet
  facet normal 0 0 1
    outer loop
      vertex 77.4118 -68.6891 6
      vertex 77.2186 -1.42738 6
      vertex 77.2949 -68.8467 6
    endloop
  endfacet
  facet normal 0 0 1
    outer loop
      vertex 77.0871 -1.25003 6
      vertex 77.2949 -68.8467 6
      vertex 77.2186 -1.42738 6
    endloop
  endfacet
  facet normal 0 0 1
    outer loop
      vertex 77.2949 -68.8467 6
      vertex 77.0871 -1.25003 6
      vertex 77.194 -69.0151 6
    endloop
  endfacet
  facet normal 0 0 1
    outer loop
      vertex 76.9735 -1.06064 6
      vertex 77.194 -69.0151 6
      vertex 77.0871 -1.25003 6
    endloop
  endfacet
  facet normal 0 0 1
    outer loop
      vertex 77.194 -69.0151 6
      vertex 76.9735 -1.06064 6
      vertex 77.1101 -69.1925 6
    endloop
  endfacet
  facet normal 0 0 1
    outer loop
      vertex 76.8791 -0.861037 6
      vertex 77.1101 -69.1925 6
      vertex 76.9735 -1.06064 6
    endloop
  endfacet
  facet normal 0 0 1
    outer loop
      vertex 77.1101 -69.1925 6
      vertex 76.8791 -0.861037 6
      vertex 77.044 -69.3773 6
    endloop
  endfacet
  facet normal 0 0 1
    outer loop
      vertex 76.8047 -0.65314 6
      vertex 77.044 -69.3773 6
      vertex 76.8791 -0.861037 6
    endloop
  endfacet
  facet normal 0 0 1
    outer loop
      vertex 77.044 -69.3773 6
      vertex 76.8047 -0.65314 6
      vertex 76.9963 -69.5677 6
    endloop
  endfacet
  facet normal 0 0 1
    outer loop
      vertex 76.7511 -0.438952 6
      vertex 76.9963 -69.5677 6
      vertex 76.8047 -0.65314 6
    endloop
  endfacet
  facet normal 0 0 1
    outer loop
      vertex 81.1646 90.5189 6
      vertex 85.9579 97.9579 6
      vertex 81.197 90.7373 6
    endloop
  endfacet
  facet normal 0 0 1
    outer loop
      vertex 80.9482 69.7618 6
      vertex 85.9579 97.9579 6
      vertex 80.9579 69.9579 6
    endloop
  endfacet
  facet normal 0 0 1
    outer loop
      vertex 81.111 90.3047 6
      vertex 85.9579 97.9579 6
      vertex 81.1646 90.5189 6
    endloop
  endfacet
  facet normal 0 0 1
    outer loop
      vertex 85.9579 97.9579 6
      vertex 81.197 0.220538 6
      vertex 81.2079 0 6
    endloop
  endfacet
  facet normal 0 0 1
    outer loop
      vertex 81.0366 90.0968 6
      vertex 85.9579 97.9579 6
      vertex 81.111 90.3047 6
    endloop
  endfacet
  facet normal 0 0 1
    outer loop
      vertex 85.9579 97.9579 6
      vertex 80.9482 69.7618 6
      vertex 81.197 0.220538 6
    endloop
  endfacet
  facet normal 0 0 1
    outer loop
      vertex 80.8056 70.7232 6
      vertex 85.9579 97.9579 6
      vertex 81.0366 90.0968 6
    endloop
  endfacet
  facet normal 0 0 1
    outer loop
      vertex 81.197 0.220538 6
      vertex 80.9482 69.7618 6
      vertex 81.1646 0.438952 6
    endloop
  endfacet
  facet normal -0 0 1
    outer loop
      vertex 80.9194 69.5677 6
      vertex 81.1646 0.438952 6
      vertex 80.9482 69.7618 6
    endloop
  endfacet
  facet normal 0 0 1
    outer loop
      vertex 85.9579 97.9579 6
      vertex 80.9482 70.1539 6
      vertex 80.9579 69.9579 6
    endloop
  endfacet
  facet normal 0 0 1
    outer loop
      vertex 80.8056 70.7232 6
      vertex 81.0366 90.0968 6
      vertex 80.9422 89.8972 6
    endloop
  endfacet
  facet normal 0 0 1
    outer loop
      vertex 85.9579 97.9579 6
      vertex 80.9194 70.348 6
      vertex 80.9482 70.1539 6
    endloop
  endfacet
  facet normal 0 0 1
    outer loop
      vertex 85.9579 97.9579 6
      vertex 80.8717 70.5384 6
      vertex 80.9194 70.348 6
    endloop
  endfacet
  facet normal 0 0 1
    outer loop
      vertex 80.7217 70.9007 6
      vertex 80.9422 89.8972 6
      vertex 80.8287 89.7078 6
    endloop
  endfacet
  facet normal 0 0 1
    outer loop
      vertex 85.9579 97.9579 6
      vertex 80.8056 70.7232 6
      vertex 80.8717 70.5384 6
    endloop
  endfacet
  facet normal 0 0 1
    outer loop
      vertex 80.9422 89.8972 6
      vertex 80.7217 70.9007 6
      vertex 80.8056 70.7232 6
    endloop
  endfacet
  facet normal 0 0 1
    outer loop
      vertex 80.6208 71.069 6
      vertex 80.8287 89.7078 6
      vertex 80.6971 89.5305 6
    endloop
  endfacet
  facet normal 0 0 1
    outer loop
      vertex 80.8287 89.7078 6
      vertex 80.6208 71.069 6
      vertex 80.7217 70.9007 6
    endloop
  endfacet
  facet normal 0 0 1
    outer loop
      vertex 80.5039 71.2266 6
      vertex 80.6971 89.5305 6
      vertex 80.5489 89.3669 6
    endloop
  endfacet
  facet normal 0 0 1
    outer loop
      vertex 80.6971 89.5305 6
      vertex 80.5039 71.2266 6
      vertex 80.6208 71.069 6
    endloop
  endfacet
  facet normal 0 0 1
    outer loop
      vertex 80.3721 71.3721 6
      vertex 80.5489 89.3669 6
      vertex 80.3852 89.2186 6
    endloop
  endfacet
  facet normal 0 0 1
    outer loop
      vertex 80.5489 89.3669 6
      vertex 80.3721 71.3721 6
      vertex 80.5039 71.2266 6
    endloop
  endfacet
  facet normal 0 0 1
    outer loop
      vertex 80.3852 89.2186 6
      vertex 80.2266 71.5039 6
      vertex 80.3721 71.3721 6
    endloop
  endfacet
  facet normal -0 0 1
    outer loop
      vertex 80.2079 89.0871 6
      vertex 80.2266 71.5039 6
      vertex 80.3852 89.2186 6
    endloop
  endfacet
  facet normal 0 0 1
    outer loop
      vertex 80.2079 89.0871 6
      vertex 80.069 71.6208 6
      vertex 80.2266 71.5039 6
    endloop
  endfacet
  facet normal -0 0 1
    outer loop
      vertex 80.0185 88.9735 6
      vertex 80.069 71.6208 6
      vertex 80.2079 89.0871 6
    endloop
  endfacet
  facet normal 0 0 1
    outer loop
      vertex 80.0185 88.9735 6
      vertex 79.9007 71.7217 6
      vertex 80.069 71.6208 6
    endloop
  endfacet
  facet normal -0 0 1
    outer loop
      vertex 79.8189 88.8791 6
      vertex 79.9007 71.7217 6
      vertex 80.0185 88.9735 6
    endloop
  endfacet
  facet normal 0 0 1
    outer loop
      vertex 79.8189 88.8791 6
      vertex 79.7232 71.8056 6
      vertex 79.9007 71.7217 6
    endloop
  endfacet
  facet normal -0 0 1
    outer loop
      vertex 79.611 88.8047 6
      vertex 79.7232 71.8056 6
      vertex 79.8189 88.8791 6
    endloop
  endfacet
  facet normal 0 0 1
    outer loop
      vertex 79.611 88.8047 6
      vertex 79.5384 71.8717 6
      vertex 79.7232 71.8056 6
    endloop
  endfacet
  facet normal -0 0 1
    outer loop
      vertex 79.3968 88.7511 6
      vertex 79.5384 71.8717 6
      vertex 79.611 88.8047 6
    endloop
  endfacet
  facet normal 0 0 1
    outer loop
      vertex 79.3968 88.7511 6
      vertex 79.348 71.9194 6
      vertex 79.5384 71.8717 6
    endloop
  endfacet
  facet normal -0 0 1
    outer loop
      vertex 79.1784 88.7187 6
      vertex 79.348 71.9194 6
      vertex 79.3968 88.7511 6
    endloop
  endfacet
  facet normal 0 0 1
    outer loop
      vertex 79.1784 88.7187 6
      vertex 79.1539 71.9482 6
      vertex 79.348 71.9194 6
    endloop
  endfacet
  facet normal -0 0 1
    outer loop
      vertex 78.9579 88.7079 6
      vertex 79.1539 71.9482 6
      vertex 79.1784 88.7187 6
    endloop
  endfacet
  facet normal 0 0 1
    outer loop
      vertex 78.9579 88.7079 6
      vertex 78.9579 71.9579 6
      vertex 79.1539 71.9482 6
    endloop
  endfacet
  facet normal 0 0 1
    outer loop
      vertex 78.9579 88.7079 6
      vertex 78.7618 71.9482 6
      vertex 78.9579 71.9579 6
    endloop
  endfacet
  facet normal 0 0 1
    outer loop
      vertex 78.7373 88.7187 6
      vertex 78.7618 71.9482 6
      vertex 78.9579 88.7079 6
    endloop
  endfacet
  facet normal 0 0 1
    outer loop
      vertex 78.7373 88.7187 6
      vertex 78.5677 71.9194 6
      vertex 78.7618 71.9482 6
    endloop
  endfacet
  facet normal 0 0 1
    outer loop
      vertex 78.5189 88.7511 6
      vertex 78.5677 71.9194 6
      vertex 78.7373 88.7187 6
    endloop
  endfacet
  facet normal 0 0 1
    outer loop
      vertex 78.5189 88.7511 6
      vertex 78.3773 71.8717 6
      vertex 78.5677 71.9194 6
    endloop
  endfacet
  facet normal 0 0 1
    outer loop
      vertex 78.3047 88.8047 6
      vertex 78.3773 71.8717 6
      vertex 78.5189 88.7511 6
    endloop
  endfacet
  facet normal 0 0 1
    outer loop
      vertex 78.3047 88.8047 6
      vertex 78.1925 71.8056 6
      vertex 78.3773 71.8717 6
    endloop
  endfacet
  facet normal 0 0 1
    outer loop
      vertex 78.0968 88.8791 6
      vertex 78.1925 71.8056 6
      vertex 78.3047 88.8047 6
    endloop
  endfacet
  facet normal 0 0 1
    outer loop
      vertex 78.0968 88.8791 6
      vertex 78.0151 71.7217 6
      vertex 78.1925 71.8056 6
    endloop
  endfacet
  facet normal 0 0 1
    outer loop
      vertex 77.8972 88.9735 6
      vertex 78.0151 71.7217 6
      vertex 78.0968 88.8791 6
    endloop
  endfacet
  facet normal 0 0 1
    outer loop
      vertex 77.8972 88.9735 6
      vertex 77.8467 71.6208 6
      vertex 78.0151 71.7217 6
    endloop
  endfacet
  facet normal 0 0 1
    outer loop
      vertex 77.7078 89.0871 6
      vertex 77.8467 71.6208 6
      vertex 77.8972 88.9735 6
    endloop
  endfacet
  facet normal 0 0 1
    outer loop
      vertex 77.7078 89.0871 6
      vertex 77.6891 71.5039 6
      vertex 77.8467 71.6208 6
    endloop
  endfacet
  facet normal 0 0 1
    outer loop
      vertex 77.5305 89.2186 6
      vertex 77.6891 71.5039 6
      vertex 77.7078 89.0871 6
    endloop
  endfacet
  facet normal 0 0 1
    outer loop
      vertex 77.6891 71.5039 6
      vertex 77.5305 89.2186 6
      vertex 77.5436 71.3721 6
    endloop
  endfacet
  facet normal 0 0 1
    outer loop
      vertex 77.3669 89.3669 6
      vertex 77.5436 71.3721 6
      vertex 77.5305 89.2186 6
    endloop
  endfacet
  facet normal 0 0 1
    outer loop
      vertex 77.5436 71.3721 6
      vertex 77.3669 89.3669 6
      vertex 77.4118 71.2266 6
    endloop
  endfacet
  facet normal 0 0 1
    outer loop
      vertex 77.2186 89.5305 6
      vertex 77.4118 71.2266 6
      vertex 77.3669 89.3669 6
    endloop
  endfacet
  facet normal 0 0 1
    outer loop
      vertex 77.4118 71.2266 6
      vertex 77.2186 89.5305 6
      vertex 77.2949 71.069 6
    endloop
  endfacet
  facet normal 0 0 1
    outer loop
      vertex 77.0871 89.7078 6
      vertex 77.2949 71.069 6
      vertex 77.2186 89.5305 6
    endloop
  endfacet
  facet normal 0 0 1
    outer loop
      vertex 77.2949 71.069 6
      vertex 77.0871 89.7078 6
      vertex 77.194 70.9007 6
    endloop
  endfacet
  facet normal 0 0 1
    outer loop
      vertex 76.9735 89.8972 6
      vertex 77.194 70.9007 6
      vertex 77.0871 89.7078 6
    endloop
  endfacet
  facet normal 0 0 1
    outer loop
      vertex 77.194 70.9007 6
      vertex 76.9735 89.8972 6
      vertex 77.1101 70.7232 6
    endloop
  endfacet
  facet normal 0 0 1
    outer loop
      vertex 45.1983 60.375 6
      vertex 77.1101 70.7232 6
      vertex 76.9735 89.8972 6
    endloop
  endfacet
  facet normal 0 0 1
    outer loop
      vertex 77.1101 70.7232 6
      vertex 45.1983 60.375 6
      vertex 77.044 70.5384 6
    endloop
  endfacet
  facet normal 0 0 1
    outer loop
      vertex 77.044 70.5384 6
      vertex 45.1983 60.375 6
      vertex 76.9963 70.348 6
    endloop
  endfacet
  facet normal 0 0 1
    outer loop
      vertex 76.9963 70.348 6
      vertex 45.1983 60.375 6
      vertex 76.9675 70.1539 6
    endloop
  endfacet
  facet normal 0 0 1
    outer loop
      vertex 45.1983 60.375 6
      vertex 76.9735 89.8972 6
      vertex 76.8791 90.0968 6
    endloop
  endfacet
  facet normal 0 0 1
    outer loop
      vertex 81.197 90.7373 6
      vertex 85.9579 97.9579 6
      vertex 81.2079 90.9579 6
    endloop
  endfacet
  facet normal 0 0 1
    outer loop
      vertex 85.9579 97.9579 6
      vertex 81.197 91.1784 6
      vertex 81.2079 90.9579 6
    endloop
  endfacet
  facet normal 0 0 1
    outer loop
      vertex 85.9579 97.9579 6
      vertex 81.1646 91.3968 6
      vertex 81.197 91.1784 6
    endloop
  endfacet
  facet normal 0 0 1
    outer loop
      vertex 85.9579 97.9579 6
      vertex 81.111 91.611 6
      vertex 81.1646 91.3968 6
    endloop
  endfacet
  facet normal 0 0 1
    outer loop
      vertex 85.9579 97.9579 6
      vertex 81.0366 91.8189 6
      vertex 81.111 91.611 6
    endloop
  endfacet
  facet normal 0 0 1
    outer loop
      vertex 85.9579 97.9579 6
      vertex 80.9422 92.0185 6
      vertex 81.0366 91.8189 6
    endloop
  endfacet
  facet normal 0 0 1
    outer loop
      vertex 85.9579 97.9579 6
      vertex 80.8287 92.2079 6
      vertex 80.9422 92.0185 6
    endloop
  endfacet
  facet normal 0 0 1
    outer loop
      vertex 85.9579 97.9579 6
      vertex 80.6971 92.3852 6
      vertex 80.8287 92.2079 6
    endloop
  endfacet
  facet normal 0 0 1
    outer loop
      vertex 85.9579 97.9579 6
      vertex 80.5489 92.5489 6
      vertex 80.6971 92.3852 6
    endloop
  endfacet
  facet normal 0 0 1
    outer loop
      vertex 85.9579 97.9579 6
      vertex 80.3852 92.6971 6
      vertex 80.5489 92.5489 6
    endloop
  endfacet
  facet normal 0 0 1
    outer loop
      vertex 85.9579 97.9579 6
      vertex 80.2079 92.8287 6
      vertex 80.3852 92.6971 6
    endloop
  endfacet
  facet normal 0 0 1
    outer loop
      vertex 85.9579 97.9579 6
      vertex 80.0185 92.9422 6
      vertex 80.2079 92.8287 6
    endloop
  endfacet
  facet normal 0 0 1
    outer loop
      vertex 85.9579 97.9579 6
      vertex 79.8189 93.0366 6
      vertex 80.0185 92.9422 6
    endloop
  endfacet
  facet normal 0 0 1
    outer loop
      vertex 85.9579 97.9579 6
      vertex 79.611 93.111 6
      vertex 79.8189 93.0366 6
    endloop
  endfacet
  facet normal 0 0 1
    outer loop
      vertex 85.9579 97.9579 6
      vertex 79.3968 93.1646 6
      vertex 79.611 93.111 6
    endloop
  endfacet
  facet normal 0 0 1
    outer loop
      vertex 85.9579 97.9579 6
      vertex 79.1784 93.197 6
      vertex 79.3968 93.1646 6
    endloop
  endfacet
  facet normal 0 0 1
    outer loop
      vertex 85.9579 97.9579 6
      vertex 78.9579 93.2079 6
      vertex 79.1784 93.197 6
    endloop
  endfacet
  facet normal 0 0 1
    outer loop
      vertex 85.9579 97.9579 6
      vertex 78.7373 93.197 6
      vertex 78.9579 93.2079 6
    endloop
  endfacet
  facet normal 0 0 1
    outer loop
      vertex 85.9579 97.9579 6
      vertex 78.5189 93.1646 6
      vertex 78.7373 93.197 6
    endloop
  endfacet
  facet normal 0 0 1
    outer loop
      vertex 85.9579 97.9579 6
      vertex 78.3047 93.111 6
      vertex 78.5189 93.1646 6
    endloop
  endfacet
  facet normal 0 0 1
    outer loop
      vertex 85.9579 97.9579 6
      vertex 78.0968 93.0366 6
      vertex 78.3047 93.111 6
    endloop
  endfacet
  facet normal 0 0 1
    outer loop
      vertex 85.9579 97.9579 6
      vertex 77.8972 92.9422 6
      vertex 78.0968 93.0366 6
    endloop
  endfacet
  facet normal 0 0 1
    outer loop
      vertex 1.06064 92.9422 6
      vertex 77.8972 92.9422 6
      vertex 85.9579 97.9579 6
    endloop
  endfacet
  facet normal 0 0 1
    outer loop
      vertex 45.1983 3.17501 6
      vertex 76.9735 1.06064 6
      vertex 77.0871 1.25003 6
    endloop
  endfacet
  facet normal 0 -0 1
    outer loop
      vertex 55.0482 -14.2478 6
      vertex 76.7079 0 6
      vertex 55.0248 -12.4237 6
    endloop
  endfacet
  facet normal 0 0 1
    outer loop
      vertex 42.4908 66.0837 6
      vertex 76.7079 90.9579 6
      vertex 76.7187 91.1784 6
    endloop
  endfacet
  facet normal 0 0 1
    outer loop
      vertex 41.9688 66.2105 6
      vertex 76.7187 91.1784 6
      vertex 76.7511 91.3968 6
    endloop
  endfacet
  facet normal 0 0 1
    outer loop
      vertex 55.0483 -58.05 6
      vertex 76.7079 0 6
      vertex 55.0483 -14.25 6
    endloop
  endfacet
  facet normal 0 -0 1
    outer loop
      vertex 55.0483 -14.25 6
      vertex 76.7079 0 6
      vertex 55.0482 -14.2478 6
    endloop
  endfacet
  facet normal 0 0 1
    outer loop
      vertex 76.7079 0 6
      vertex 55.0247 -12.4226 6
      vertex 55.0248 -12.4237 6
    endloop
  endfacet
  facet normal 0 0 1
    outer loop
      vertex 76.7079 0 6
      vertex 54.9543 -11.442 6
      vertex 55.0247 -12.4226 6
    endloop
  endfacet
  facet normal 0 0 1
    outer loop
      vertex 76.7079 0 6
      vertex 54.8367 -10.6503 6
      vertex 54.9543 -11.442 6
    endloop
  endfacet
  facet normal 0 0 1
    outer loop
      vertex 76.7079 0 6
      vertex 54.8365 -10.6495 6
      vertex 54.8367 -10.6503 6
    endloop
  endfacet
  facet normal 0 0 1
    outer loop
      vertex 76.7079 0 6
      vertex 54.6718 -9.97168 6
      vertex 54.8365 -10.6495 6
    endloop
  endfacet
  facet normal 0 0 1
    outer loop
      vertex 76.7079 0 6
      vertex 54.4596 -9.37694 6
      vertex 54.6718 -9.97168 6
    endloop
  endfacet
  facet normal 0 0 1
    outer loop
      vertex 76.7079 0 6
      vertex 54.4593 -9.37623 6
      vertex 54.4596 -9.37694 6
    endloop
  endfacet
  facet normal 0 0 1
    outer loop
      vertex 76.7079 0 6
      vertex 54.459 -9.37559 6
      vertex 54.4593 -9.37623 6
    endloop
  endfacet
  facet normal 0 0 1
    outer loop
      vertex 76.7079 0 6
      vertex 54.1987 -8.84917 6
      vertex 54.459 -9.37559 6
    endloop
  endfacet
  facet normal 0 0 1
    outer loop
      vertex 76.7079 0 6
      vertex 53.8896 -8.38279 6
      vertex 54.1987 -8.84917 6
    endloop
  endfacet
  facet normal 0 0 1
    outer loop
      vertex 76.7079 0 6
      vertex 53.8892 -8.38223 6
      vertex 53.8896 -8.38279 6
    endloop
  endfacet
  facet normal 0 0 1
    outer loop
      vertex 52.6508 -7.3013 6
      vertex 45.1983 3.17501 6
      vertex 52.6502 -7.30099 6
    endloop
  endfacet
  facet normal 0 0 1
    outer loop
      vertex 76.7079 0 6
      vertex 53.8888 -8.38173 6
      vertex 53.8892 -8.38223 6
    endloop
  endfacet
  facet normal 0 0 1
    outer loop
      vertex 76.7079 0 6
      vertex 53.5295 -7.97047 6
      vertex 53.8888 -8.38173 6
    endloop
  endfacet
  facet normal 0 0 1
    outer loop
      vertex 76.7187 0.220538 6
      vertex 53.5295 -7.97047 6
      vertex 76.7079 0 6
    endloop
  endfacet
  facet normal 0 0 1
    outer loop
      vertex 76.7511 0.438952 6
      vertex 53.5295 -7.97047 6
      vertex 76.7187 0.220538 6
    endloop
  endfacet
  facet normal 0 -0 1
    outer loop
      vertex 53.5295 -7.97047 6
      vertex 76.7511 0.438952 6
      vertex 53.529 -7.97003 6
    endloop
  endfacet
  facet normal 0 -0 1
    outer loop
      vertex 53.529 -7.97003 6
      vertex 76.7511 0.438952 6
      vertex 53.1178 -7.61082 6
    endloop
  endfacet
  facet normal 0 0 1
    outer loop
      vertex 76.8047 0.65314 6
      vertex 53.1178 -7.61082 6
      vertex 76.7511 0.438952 6
    endloop
  endfacet
  facet normal 0 -0 1
    outer loop
      vertex 53.1178 -7.61082 6
      vertex 76.8047 0.65314 6
      vertex 52.6514 -7.30168 6
    endloop
  endfacet
  facet normal 0 0 1
    outer loop
      vertex 41.3598 66.301 6
      vertex 76.7511 91.3968 6
      vertex 76.8047 91.611 6
    endloop
  endfacet
  facet normal 0 -0 1
    outer loop
      vertex 52.6514 -7.30168 6
      vertex 76.8047 0.65314 6
      vertex 52.6508 -7.3013 6
    endloop
  endfacet
  facet normal 0 0 1
    outer loop
      vertex 76.8791 0.861037 6
      vertex 52.6508 -7.3013 6
      vertex 76.8047 0.65314 6
    endloop
  endfacet
  facet normal 0 0 1
    outer loop
      vertex 45.1983 3.17501 6
      vertex 76.8791 0.861037 6
      vertex 76.9735 1.06064 6
    endloop
  endfacet
  facet normal 0 0 1
    outer loop
      vertex 76.8791 0.861037 6
      vertex 45.1983 3.17501 6
      vertex 52.6508 -7.3013 6
    endloop
  endfacet
  facet normal 0 0 1
    outer loop
      vertex 51.529 -6.82847 6
      vertex 45.1802 1.77029 6
      vertex 51.5283 -6.82822 6
    endloop
  endfacet
  facet normal 0 0 1
    outer loop
      vertex 51.5283 -6.82822 6
      vertex 45.1802 1.77029 6
      vertex 51.5275 -6.82802 6
    endloop
  endfacet
  facet normal 0 0 1
    outer loop
      vertex 51.5275 -6.82802 6
      vertex 45.1802 1.77029 6
      vertex 50.8497 -6.66332 6
    endloop
  endfacet
  facet normal -0 0 1
    outer loop
      vertex 45.126 1.01601 6
      vertex 50.8497 -6.66332 6
      vertex 45.1802 1.77029 6
    endloop
  endfacet
  facet normal -0 0 1
    outer loop
      vertex 45.126 1.01515 6
      vertex 50.8497 -6.66332 6
      vertex 45.126 1.01601 6
    endloop
  endfacet
  facet normal -0 0 1
    outer loop
      vertex 45.1259 1.01445 6
      vertex 50.8497 -6.66332 6
      vertex 45.126 1.01515 6
    endloop
  endfacet
  facet normal 0 0 1
    outer loop
      vertex 40.6047 66.3552 6
      vertex 76.8047 91.611 6
      vertex 76.8791 91.8189 6
    endloop
  endfacet
  facet normal 0 0 1
    outer loop
      vertex 2.07873 91.8189 6
      vertex 76.8791 91.8189 6
      vertex 76.9735 92.0185 6
    endloop
  endfacet
  facet normal 0 0 1
    outer loop
      vertex 1.98432 92.0185 6
      vertex 76.9735 92.0185 6
      vertex 77.0871 92.2079 6
    endloop
  endfacet
  facet normal 0 0 1
    outer loop
      vertex 1.87081 92.2079 6
      vertex 77.0871 92.2079 6
      vertex 77.2186 92.3852 6
    endloop
  endfacet
  facet normal 0 0 1
    outer loop
      vertex 1.73927 92.3852 6
      vertex 77.2186 92.3852 6
      vertex 77.3669 92.5489 6
    endloop
  endfacet
  facet normal 0 0 1
    outer loop
      vertex 76.7079 90.9579 6
      vertex 45.1983 60.3766 6
      vertex 45.1983 60.375 6
    endloop
  endfacet
  facet normal 0 0 1
    outer loop
      vertex 76.7079 90.9579 6
      vertex 45.1802 61.7797 6
      vertex 45.1983 60.3766 6
    endloop
  endfacet
  facet normal 0 0 1
    outer loop
      vertex 76.7079 90.9579 6
      vertex 45.126 62.534 6
      vertex 45.1802 61.7797 6
    endloop
  endfacet
  facet normal 0 0 1
    outer loop
      vertex 76.7079 90.9579 6
      vertex 45.126 62.5349 6
      vertex 45.126 62.534 6
    endloop
  endfacet
  facet normal 0 0 1
    outer loop
      vertex 76.7079 90.9579 6
      vertex 45.1259 62.5355 6
      vertex 45.126 62.5349 6
    endloop
  endfacet
  facet normal 0 0 1
    outer loop
      vertex 76.7079 90.9579 6
      vertex 45.0355 63.1438 6
      vertex 45.1259 62.5355 6
    endloop
  endfacet
  facet normal 0 0 1
    outer loop
      vertex 76.7079 90.9579 6
      vertex 44.9088 63.6652 6
      vertex 45.0355 63.1438 6
    endloop
  endfacet
  facet normal 0 0 1
    outer loop
      vertex 1.59099 92.5489 6
      vertex 77.3669 92.5489 6
      vertex 77.5305 92.6971 6
    endloop
  endfacet
  facet normal 0 0 1
    outer loop
      vertex 76.7079 90.9579 6
      vertex 44.9087 63.6658 6
      vertex 44.9088 63.6652 6
    endloop
  endfacet
  facet normal 0 0 1
    outer loop
      vertex 76.7079 90.9579 6
      vertex 44.7452 64.1238 6
      vertex 44.9087 63.6658 6
    endloop
  endfacet
  facet normal 0 0 1
    outer loop
      vertex 76.7079 90.9579 6
      vertex 44.745 64.1243 6
      vertex 44.7452 64.1238 6
    endloop
  endfacet
  facet normal 0 0 1
    outer loop
      vertex 76.7079 90.9579 6
      vertex 44.5448 64.5292 6
      vertex 44.745 64.1243 6
    endloop
  endfacet
  facet normal 0 0 1
    outer loop
      vertex 76.7079 90.9579 6
      vertex 44.307 64.888 6
      vertex 44.5448 64.5292 6
    endloop
  endfacet
  facet normal 0 0 1
    outer loop
      vertex 76.7079 90.9579 6
      vertex 44.3067 64.8884 6
      vertex 44.307 64.888 6
    endloop
  endfacet
  facet normal 0 0 1
    outer loop
      vertex 76.7079 90.9579 6
      vertex 44.3064 64.8887 6
      vertex 44.3067 64.8884 6
    endloop
  endfacet
  facet normal 0 0 1
    outer loop
      vertex 76.7079 90.9579 6
      vertex 44.0301 65.2051 6
      vertex 44.3064 64.8887 6
    endloop
  endfacet
  facet normal 0 0 1
    outer loop
      vertex 76.7079 90.9579 6
      vertex 43.7137 65.4814 6
      vertex 44.0301 65.2051 6
    endloop
  endfacet
  facet normal 0 0 1
    outer loop
      vertex 76.7079 90.9579 6
      vertex 43.7134 65.4817 6
      vertex 43.7137 65.4814 6
    endloop
  endfacet
  facet normal 0 0 1
    outer loop
      vertex 76.7079 90.9579 6
      vertex 43.3546 65.7195 6
      vertex 43.7134 65.4817 6
    endloop
  endfacet
  facet normal 0 0 1
    outer loop
      vertex 76.7079 90.9579 6
      vertex 43.3542 65.7198 6
      vertex 43.3546 65.7195 6
    endloop
  endfacet
  facet normal 0 0 1
    outer loop
      vertex 76.7079 90.9579 6
      vertex 43.3537 65.72 6
      vertex 43.3542 65.7198 6
    endloop
  endfacet
  facet normal 0 0 1
    outer loop
      vertex 76.7079 90.9579 6
      vertex 42.9488 65.9202 6
      vertex 43.3537 65.72 6
    endloop
  endfacet
  facet normal 0 0 1
    outer loop
      vertex 76.7079 90.9579 6
      vertex 42.4908 66.0837 6
      vertex 42.9488 65.9202 6
    endloop
  endfacet
  facet normal 0 0 1
    outer loop
      vertex 76.7187 91.1784 6
      vertex 41.9694 66.2104 6
      vertex 42.4908 66.0837 6
    endloop
  endfacet
  facet normal 0 0 1
    outer loop
      vertex 76.7187 91.1784 6
      vertex 41.9688 66.2105 6
      vertex 41.9694 66.2104 6
    endloop
  endfacet
  facet normal 0 0 1
    outer loop
      vertex 76.7511 91.3968 6
      vertex 41.9681 66.2106 6
      vertex 41.9688 66.2105 6
    endloop
  endfacet
  facet normal 0 0 1
    outer loop
      vertex 76.7511 91.3968 6
      vertex 41.3598 66.301 6
      vertex 41.9681 66.2106 6
    endloop
  endfacet
  facet normal 0 0 1
    outer loop
      vertex 1.42738 92.6971 6
      vertex 77.5305 92.6971 6
      vertex 77.7078 92.8287 6
    endloop
  endfacet
  facet normal 0 0 1
    outer loop
      vertex 76.8047 91.611 6
      vertex 40.6056 66.3552 6
      vertex 41.3598 66.301 6
    endloop
  endfacet
  facet normal 0 0 1
    outer loop
      vertex 76.8047 91.611 6
      vertex 40.6047 66.3552 6
      vertex 40.6056 66.3552 6
    endloop
  endfacet
  facet normal 0 0 1
    outer loop
      vertex 76.8791 91.8189 6
      vertex 40.6031 66.3552 6
      vertex 40.6047 66.3552 6
    endloop
  endfacet
  facet normal 0 0 1
    outer loop
      vertex 76.8791 91.8189 6
      vertex 39.2 66.3733 6
      vertex 40.6031 66.3552 6
    endloop
  endfacet
  facet normal 0 0 1
    outer loop
      vertex 76.8791 91.8189 6
      vertex 2.07873 91.8189 6
      vertex 39.2 66.3733 6
    endloop
  endfacet
  facet normal 0 0 1
    outer loop
      vertex 77.8972 92.9422 6
      vertex 1.06064 92.9422 6
      vertex 77.7078 92.8287 6
    endloop
  endfacet
  facet normal 0 0 1
    outer loop
      vertex 39.2 66.3733 6
      vertex 2.23917 91.1784 6
      vertex 2.25 90.9579 6
    endloop
  endfacet
  facet normal 0 0 1
    outer loop
      vertex 39.2 66.3733 6
      vertex 2.20677 91.3968 6
      vertex 2.23917 91.1784 6
    endloop
  endfacet
  facet normal 0 0 1
    outer loop
      vertex 39.2 66.3733 6
      vertex 2.15312 91.611 6
      vertex 2.20677 91.3968 6
    endloop
  endfacet
  facet normal 0 0 1
    outer loop
      vertex 39.2 66.3733 6
      vertex 2.07873 91.8189 6
      vertex 2.15312 91.611 6
    endloop
  endfacet
  facet normal 0 0 1
    outer loop
      vertex 76.9735 92.0185 6
      vertex 1.98432 92.0185 6
      vertex 2.07873 91.8189 6
    endloop
  endfacet
  facet normal 0 0 1
    outer loop
      vertex 77.0871 92.2079 6
      vertex 1.87081 92.2079 6
      vertex 1.98432 92.0185 6
    endloop
  endfacet
  facet normal 0 0 1
    outer loop
      vertex 77.2186 92.3852 6
      vertex 1.73927 92.3852 6
      vertex 1.87081 92.2079 6
    endloop
  endfacet
  facet normal 0 0 1
    outer loop
      vertex 77.3669 92.5489 6
      vertex 1.59099 92.5489 6
      vertex 1.73927 92.3852 6
    endloop
  endfacet
  facet normal 0 0 1
    outer loop
      vertex 77.5305 92.6971 6
      vertex 1.42738 92.6971 6
      vertex 1.59099 92.5489 6
    endloop
  endfacet
  facet normal 0 0 1
    outer loop
      vertex 77.7078 92.8287 6
      vertex 1.25003 92.8287 6
      vertex 1.42738 92.6971 6
    endloop
  endfacet
  facet normal 0 0 1
    outer loop
      vertex 77.7078 92.8287 6
      vertex 1.06064 92.9422 6
      vertex 1.25003 92.8287 6
    endloop
  endfacet
  facet normal 0 0 1
    outer loop
      vertex 85.9579 97.9579 6
      vertex 0.861037 93.0366 6
      vertex 1.06064 92.9422 6
    endloop
  endfacet
  facet normal 0 0 1
    outer loop
      vertex 85.9579 97.9579 6
      vertex 0.65314 93.111 6
      vertex 0.861037 93.0366 6
    endloop
  endfacet
  facet normal 0 0 1
    outer loop
      vertex 85.9579 97.9579 6
      vertex 0.438952 93.1646 6
      vertex 0.65314 93.111 6
    endloop
  endfacet
  facet normal 0 0 1
    outer loop
      vertex 85.9579 97.9579 6
      vertex 0.220538 93.197 6
      vertex 0.438952 93.1646 6
    endloop
  endfacet
  facet normal 0 0 1
    outer loop
      vertex 85.9579 97.9579 6
      vertex 0 93.2079 6
      vertex 0.220538 93.197 6
    endloop
  endfacet
  facet normal -0 0 1
    outer loop
      vertex -85.9579 97.9579 6
      vertex 0 93.2079 6
      vertex 85.9579 97.9579 6
    endloop
  endfacet
  facet normal 0 0 1
    outer loop
      vertex -2.23917 91.1784 6
      vertex -39.2 66.3733 6
      vertex -2.25 90.9579 6
    endloop
  endfacet
  facet normal 0 0 1
    outer loop
      vertex -2.20677 91.3968 6
      vertex -39.2 66.3733 6
      vertex -2.23917 91.1784 6
    endloop
  endfacet
  facet normal 0 0 1
    outer loop
      vertex -2.15312 91.611 6
      vertex -39.2 66.3733 6
      vertex -2.20677 91.3968 6
    endloop
  endfacet
  facet normal 0 0 1
    outer loop
      vertex -2.07873 91.8189 6
      vertex -39.2 66.3733 6
      vertex -2.15312 91.611 6
    endloop
  endfacet
  facet normal 0 0 1
    outer loop
      vertex -76.8791 91.8189 6
      vertex -2.07873 91.8189 6
      vertex -1.98432 92.0185 6
    endloop
  endfacet
  facet normal 0 0 1
    outer loop
      vertex -76.9735 92.0185 6
      vertex -1.98432 92.0185 6
      vertex -1.87081 92.2079 6
    endloop
  endfacet
  facet normal 0 0 1
    outer loop
      vertex -77.0871 92.2079 6
      vertex -1.87081 92.2079 6
      vertex -1.73927 92.3852 6
    endloop
  endfacet
  facet normal 0 0 1
    outer loop
      vertex -77.2186 92.3852 6
      vertex -1.73927 92.3852 6
      vertex -1.59099 92.5489 6
    endloop
  endfacet
  facet normal 0 0 1
    outer loop
      vertex -77.3669 92.5489 6
      vertex -1.59099 92.5489 6
      vertex -1.42738 92.6971 6
    endloop
  endfacet
  facet normal 0 0 1
    outer loop
      vertex -77.5305 92.6971 6
      vertex -1.42738 92.6971 6
      vertex -1.25003 92.8287 6
    endloop
  endfacet
  facet normal 0 0 1
    outer loop
      vertex -2.07873 91.8189 6
      vertex -76.8791 91.8189 6
      vertex -39.2 66.3733 6
    endloop
  endfacet
  facet normal 0 0 1
    outer loop
      vertex -39.2 66.3733 6
      vertex -76.8791 91.8189 6
      vertex -40.6031 66.3552 6
    endloop
  endfacet
  facet normal 0 0 1
    outer loop
      vertex -40.6031 66.3552 6
      vertex -76.8791 91.8189 6
      vertex -40.6047 66.3552 6
    endloop
  endfacet
  facet normal -0 -0 1
    outer loop
      vertex -76.8047 91.611 6
      vertex -40.6047 66.3552 6
      vertex -76.8791 91.8189 6
    endloop
  endfacet
  facet normal 0 0 1
    outer loop
      vertex -40.6047 66.3552 6
      vertex -76.8047 91.611 6
      vertex -40.6056 66.3552 6
    endloop
  endfacet
  facet normal 0 0 1
    outer loop
      vertex -40.6056 66.3552 6
      vertex -76.8047 91.611 6
      vertex -41.3598 66.301 6
    endloop
  endfacet
  facet normal -0 -0 1
    outer loop
      vertex -76.7511 91.3968 6
      vertex -41.3598 66.301 6
      vertex -76.8047 91.611 6
    endloop
  endfacet
  facet normal 0 0 1
    outer loop
      vertex -41.3598 66.301 6
      vertex -76.7511 91.3968 6
      vertex -41.9681 66.2106 6
    endloop
  endfacet
  facet normal 0 0 1
    outer loop
      vertex -41.9681 66.2106 6
      vertex -76.7511 91.3968 6
      vertex -41.9688 66.2105 6
    endloop
  endfacet
  facet normal -0 -0 1
    outer loop
      vertex -76.7187 91.1784 6
      vertex -41.9688 66.2105 6
      vertex -76.7511 91.3968 6
    endloop
  endfacet
  facet normal 0 0 1
    outer loop
      vertex -41.9694 66.2104 6
      vertex -76.7187 91.1784 6
      vertex -42.4908 66.0837 6
    endloop
  endfacet
  facet normal 0 0 -1
    outer loop
      vertex -44.5448 64.5292 6
      vertex -44.7452 64.1238 6
      vertex -44.745 64.1243 6
    endloop
  endfacet
  facet normal -0 -0 1
    outer loop
      vertex -76.9675 70.1539 6
      vertex -44.5448 64.5292 6
      vertex -76.9963 70.348 6
    endloop
  endfacet
  facet normal 0 0 1
    outer loop
      vertex -44.3067 64.8884 6
      vertex -77.044 70.5384 6
      vertex -44.307 64.888 6
    endloop
  endfacet
  facet normal -0 -0 1
    outer loop
      vertex -76.9963 70.348 6
      vertex -44.5448 64.5292 6
      vertex -77.044 70.5384 6
    endloop
  endfacet
  facet normal 0 0 1
    outer loop
      vertex -76.7079 0 6
      vertex -45.1983 3.17501 6
      vertex -45.1983 60.375 6
    endloop
  endfacet
  facet normal 0 0 1
    outer loop
      vertex -44.5448 64.5292 6
      vertex -76.9675 70.1539 6
      vertex -44.7452 64.1238 6
    endloop
  endfacet
  facet normal 0 0 1
    outer loop
      vertex -44.5448 -0.979217 6
      vertex -47.2522 -6.45174 6
      vertex -47.25 -6.45171 6
    endloop
  endfacet
  facet normal 0 0 1
    outer loop
      vertex -44.745 -0.574277 6
      vertex -49.0763 -6.47521 6
      vertex -47.2522 -6.45174 6
    endloop
  endfacet
  facet normal 0 0 1
    outer loop
      vertex -44.9087 -0.1158 6
      vertex -50.0568 -6.54562 6
      vertex -49.0763 -6.47521 6
    endloop
  endfacet
  facet normal 0 0 1
    outer loop
      vertex -45.0355 0.406206 6
      vertex -50.058 -6.5457 6
      vertex -50.0568 -6.54562 6
    endloop
  endfacet
  facet normal 0 0 1
    outer loop
      vertex -45.0355 0.406206 6
      vertex -50.0589 -6.54584 6
      vertex -50.058 -6.5457 6
    endloop
  endfacet
  facet normal 0 0 1
    outer loop
      vertex -45.1259 1.01445 6
      vertex -50.8497 -6.66332 6
      vertex -50.0589 -6.54584 6
    endloop
  endfacet
  facet normal 0 0 1
    outer loop
      vertex -44.307 64.888 6
      vertex -77.044 70.5384 6
      vertex -44.5448 64.5292 6
    endloop
  endfacet
  facet normal 0 -0 1
    outer loop
      vertex -52.6508 -7.3013 6
      vertex -45.1983 3.17501 6
      vertex -76.7079 0 6
    endloop
  endfacet
  facet normal 0 0 1
    outer loop
      vertex -45.1802 1.77029 6
      vertex -51.5275 -6.82802 6
      vertex -50.8497 -6.66332 6
    endloop
  endfacet
  facet normal 0 0 1
    outer loop
      vertex -45.1802 1.77029 6
      vertex -51.5283 -6.82822 6
      vertex -51.5275 -6.82802 6
    endloop
  endfacet
  facet normal 0 0 1
    outer loop
      vertex -45.1802 1.77029 6
      vertex -51.529 -6.82847 6
      vertex -51.5283 -6.82822 6
    endloop
  endfacet
  facet normal 0 0 1
    outer loop
      vertex -45.1983 3.17341 6
      vertex -52.1238 -7.04071 6
      vertex -51.529 -6.82847 6
    endloop
  endfacet
  facet normal 0 0 1
    outer loop
      vertex -45.1983 3.17501 6
      vertex -52.6502 -7.30099 6
      vertex -52.1238 -7.04071 6
    endloop
  endfacet
  facet normal 0 0 1
    outer loop
      vertex -45.1983 3.17501 6
      vertex -52.6508 -7.3013 6
      vertex -52.6502 -7.30099 6
    endloop
  endfacet
  facet normal 0 0 1
    outer loop
      vertex -52.6508 -7.3013 6
      vertex -76.7079 0 6
      vertex -52.6514 -7.30168 6
    endloop
  endfacet
  facet normal 0 0 1
    outer loop
      vertex -52.6514 -7.30168 6
      vertex -76.7079 0 6
      vertex -53.1178 -7.61082 6
    endloop
  endfacet
  facet normal 0 0 1
    outer loop
      vertex -53.1178 -7.61082 6
      vertex -76.7079 0 6
      vertex -53.529 -7.97003 6
    endloop
  endfacet
  facet normal 0 0 1
    outer loop
      vertex -53.529 -7.97003 6
      vertex -76.7079 0 6
      vertex -53.5295 -7.97047 6
    endloop
  endfacet
  facet normal 0 0 1
    outer loop
      vertex -53.5295 -7.97047 6
      vertex -76.7079 0 6
      vertex -53.8888 -8.38173 6
    endloop
  endfacet
  facet normal 0 0 1
    outer loop
      vertex -53.8888 -8.38173 6
      vertex -76.7079 0 6
      vertex -53.8892 -8.38223 6
    endloop
  endfacet
  facet normal -0 0 1
    outer loop
      vertex -76.7187 -0.220538 6
      vertex -53.8892 -8.38223 6
      vertex -76.7079 0 6
    endloop
  endfacet
  facet normal 0 0 1
    outer loop
      vertex -53.8892 -8.38223 6
      vertex -76.7187 -0.220538 6
      vertex -53.8896 -8.38279 6
    endloop
  endfacet
  facet normal 0 0 1
    outer loop
      vertex -53.8896 -8.38279 6
      vertex -76.7187 -0.220538 6
      vertex -54.1987 -8.84917 6
    endloop
  endfacet
  facet normal -0 0 1
    outer loop
      vertex -76.7511 -0.438952 6
      vertex -54.1987 -8.84917 6
      vertex -76.7187 -0.220538 6
    endloop
  endfacet
  facet normal -0 0 1
    outer loop
      vertex -76.8047 -0.65314 6
      vertex -54.1987 -8.84917 6
      vertex -76.7511 -0.438952 6
    endloop
  endfacet
  facet normal 0 0 1
    outer loop
      vertex -54.1987 -8.84917 6
      vertex -76.8047 -0.65314 6
      vertex -54.459 -9.37559 6
    endloop
  endfacet
  facet normal 0 0 1
    outer loop
      vertex -54.459 -9.37559 6
      vertex -76.8047 -0.65314 6
      vertex -54.4593 -9.37623 6
    endloop
  endfacet
  facet normal -0 0 1
    outer loop
      vertex -76.8791 -0.861037 6
      vertex -54.4593 -9.37623 6
      vertex -76.8047 -0.65314 6
    endloop
  endfacet
  facet normal 0 0 1
    outer loop
      vertex -54.6718 -9.97168 6
      vertex -76.9735 -1.06064 6
      vertex -54.8365 -10.6495 6
    endloop
  endfacet
  facet normal -0 0 1
    outer loop
      vertex -77.0871 -1.25003 6
      vertex -54.8365 -10.6495 6
      vertex -76.9735 -1.06064 6
    endloop
  endfacet
  facet normal -0 0 1
    outer loop
      vertex -76.9735 -1.06064 6
      vertex -54.6718 -9.97168 6
      vertex -76.8791 -0.861037 6
    endloop
  endfacet
  facet normal 0 0 1
    outer loop
      vertex -54.4596 -9.37694 6
      vertex -76.8791 -0.861037 6
      vertex -54.6718 -9.97168 6
    endloop
  endfacet
  facet normal 0 0 1
    outer loop
      vertex -54.4593 -9.37623 6
      vertex -76.8791 -0.861037 6
      vertex -54.4596 -9.37694 6
    endloop
  endfacet
  facet normal -0 -0 1
    outer loop
      vertex -76.9579 69.9579 6
      vertex -44.7452 64.1238 6
      vertex -76.9675 70.1539 6
    endloop
  endfacet
  facet normal -0 -0 1
    outer loop
      vertex -77.044 70.5384 6
      vertex -44.3067 64.8884 6
      vertex -77.1101 70.7232 6
    endloop
  endfacet
  facet normal 0 0 1
    outer loop
      vertex -44.3064 64.8887 6
      vertex -77.1101 70.7232 6
      vertex -44.3067 64.8884 6
    endloop
  endfacet
  facet normal 0 0 1
    outer loop
      vertex -44.0301 65.2051 6
      vertex -77.1101 70.7232 6
      vertex -44.3064 64.8887 6
    endloop
  endfacet
  facet normal -0 0 1
    outer loop
      vertex -77.1101 70.7232 6
      vertex -44.0301 65.2051 6
      vertex -76.9735 89.8972 6
    endloop
  endfacet
  facet normal -0 0 1
    outer loop
      vertex -76.9735 89.8972 6
      vertex -44.0301 65.2051 6
      vertex -76.8791 90.0968 6
    endloop
  endfacet
  facet normal 0 0 1
    outer loop
      vertex -43.7137 65.4814 6
      vertex -76.8791 90.0968 6
      vertex -44.0301 65.2051 6
    endloop
  endfacet
  facet normal 0 0 1
    outer loop
      vertex -43.7134 65.4817 6
      vertex -76.8791 90.0968 6
      vertex -43.7137 65.4814 6
    endloop
  endfacet
  facet normal -0 0 1
    outer loop
      vertex -76.8791 90.0968 6
      vertex -43.7134 65.4817 6
      vertex -76.8047 90.3047 6
    endloop
  endfacet
  facet normal 0 0 1
    outer loop
      vertex -43.3546 65.7195 6
      vertex -76.8047 90.3047 6
      vertex -43.7134 65.4817 6
    endloop
  endfacet
  facet normal 0 0 1
    outer loop
      vertex -43.3542 65.7198 6
      vertex -76.8047 90.3047 6
      vertex -43.3546 65.7195 6
    endloop
  endfacet
  facet normal -0 0 1
    outer loop
      vertex -76.8047 90.3047 6
      vertex -43.3542 65.7198 6
      vertex -76.7511 90.5189 6
    endloop
  endfacet
  facet normal 0 0 1
    outer loop
      vertex -43.3537 65.72 6
      vertex -76.7511 90.5189 6
      vertex -43.3542 65.7198 6
    endloop
  endfacet
  facet normal 0 0 1
    outer loop
      vertex -42.9488 65.9202 6
      vertex -76.7511 90.5189 6
      vertex -43.3537 65.72 6
    endloop
  endfacet
  facet normal -0 -0 1
    outer loop
      vertex -76.7079 90.9579 6
      vertex -42.4908 66.0837 6
      vertex -76.7187 91.1784 6
    endloop
  endfacet
  facet normal 0 0 1
    outer loop
      vertex -77.7078 92.8287 6
      vertex -1.25003 92.8287 6
      vertex -1.06064 92.9422 6
    endloop
  endfacet
  facet normal 0 0 1
    outer loop
      vertex -85.9579 97.9579 6
      vertex -1.06064 92.9422 6
      vertex -0.861037 93.0366 6
    endloop
  endfacet
  facet normal 0 0 1
    outer loop
      vertex -85.9579 97.9579 6
      vertex -0.861037 93.0366 6
      vertex -0.65314 93.111 6
    endloop
  endfacet
  facet normal 0 0 1
    outer loop
      vertex -85.9579 97.9579 6
      vertex -0.65314 93.111 6
      vertex -0.438952 93.1646 6
    endloop
  endfacet
  facet normal 0 0 1
    outer loop
      vertex -85.9579 97.9579 6
      vertex -0.438952 93.1646 6
      vertex -0.220538 93.197 6
    endloop
  endfacet
  facet normal 0 0 1
    outer loop
      vertex 0 93.2079 6
      vertex -85.9579 97.9579 6
      vertex -0.220538 93.197 6
    endloop
  endfacet
  facet normal -0 0 1
    outer loop
      vertex -76.7511 90.5189 6
      vertex -42.9488 65.9202 6
      vertex -76.7187 90.7373 6
    endloop
  endfacet
  facet normal -0 0 1
    outer loop
      vertex -76.7187 90.7373 6
      vertex -42.9488 65.9202 6
      vertex -76.7079 90.9579 6
    endloop
  endfacet
  facet normal 0 0 1
    outer loop
      vertex -42.4908 66.0837 6
      vertex -76.7079 90.9579 6
      vertex -42.9488 65.9202 6
    endloop
  endfacet
  facet normal 0 0 1
    outer loop
      vertex -41.9688 66.2105 6
      vertex -76.7187 91.1784 6
      vertex -41.9694 66.2104 6
    endloop
  endfacet
  facet normal 0 0 1
    outer loop
      vertex -1.98432 92.0185 6
      vertex -76.9735 92.0185 6
      vertex -76.8791 91.8189 6
    endloop
  endfacet
  facet normal 0 0 1
    outer loop
      vertex -1.87081 92.2079 6
      vertex -77.0871 92.2079 6
      vertex -76.9735 92.0185 6
    endloop
  endfacet
  facet normal 0 0 1
    outer loop
      vertex -1.73927 92.3852 6
      vertex -77.2186 92.3852 6
      vertex -77.0871 92.2079 6
    endloop
  endfacet
  facet normal 0 0 1
    outer loop
      vertex -1.59099 92.5489 6
      vertex -77.3669 92.5489 6
      vertex -77.2186 92.3852 6
    endloop
  endfacet
  facet normal 0 0 1
    outer loop
      vertex -1.42738 92.6971 6
      vertex -77.5305 92.6971 6
      vertex -77.3669 92.5489 6
    endloop
  endfacet
  facet normal 0 0 1
    outer loop
      vertex -1.25003 92.8287 6
      vertex -77.7078 92.8287 6
      vertex -77.5305 92.6971 6
    endloop
  endfacet
  facet normal 0 0 1
    outer loop
      vertex -1.06064 92.9422 6
      vertex -77.8972 92.9422 6
      vertex -77.7078 92.8287 6
    endloop
  endfacet
  facet normal 0 0 1
    outer loop
      vertex -1.06064 92.9422 6
      vertex -85.9579 97.9579 6
      vertex -77.8972 92.9422 6
    endloop
  endfacet
  facet normal 0 0 1
    outer loop
      vertex -77.8972 92.9422 6
      vertex -85.9579 97.9579 6
      vertex -78.0968 93.0366 6
    endloop
  endfacet
  facet normal 0 0 1
    outer loop
      vertex -78.0968 93.0366 6
      vertex -85.9579 97.9579 6
      vertex -78.3047 93.111 6
    endloop
  endfacet
  facet normal 0 0 1
    outer loop
      vertex -78.3047 93.111 6
      vertex -85.9579 97.9579 6
      vertex -78.5189 93.1646 6
    endloop
  endfacet
  facet normal 0 0 1
    outer loop
      vertex -78.5189 93.1646 6
      vertex -85.9579 97.9579 6
      vertex -78.7373 93.197 6
    endloop
  endfacet
  facet normal 0 0 1
    outer loop
      vertex -81.197 0.220538 6
      vertex -85.9579 97.9579 6
      vertex -81.2079 0 6
    endloop
  endfacet
  facet normal 0 0 1
    outer loop
      vertex -85.9579 -97.9579 6
      vertex -81.2079 0 6
      vertex -85.9579 97.9579 6
    endloop
  endfacet
  facet normal 0 0 1
    outer loop
      vertex -81.197 91.1784 6
      vertex -85.9579 97.9579 6
      vertex -81.2079 90.9579 6
    endloop
  endfacet
  facet normal 0 0 1
    outer loop
      vertex -81.1646 91.3968 6
      vertex -85.9579 97.9579 6
      vertex -81.197 91.1784 6
    endloop
  endfacet
  facet normal 0 0 1
    outer loop
      vertex -81.111 91.611 6
      vertex -85.9579 97.9579 6
      vertex -81.1646 91.3968 6
    endloop
  endfacet
  facet normal 0 0 1
    outer loop
      vertex -81.0366 91.8189 6
      vertex -85.9579 97.9579 6
      vertex -81.111 91.611 6
    endloop
  endfacet
  facet normal 0 0 1
    outer loop
      vertex -80.9422 92.0185 6
      vertex -85.9579 97.9579 6
      vertex -81.0366 91.8189 6
    endloop
  endfacet
  facet normal 0 0 1
    outer loop
      vertex -80.8287 92.2079 6
      vertex -85.9579 97.9579 6
      vertex -80.9422 92.0185 6
    endloop
  endfacet
  facet normal 0 0 1
    outer loop
      vertex -80.6971 92.3852 6
      vertex -85.9579 97.9579 6
      vertex -80.8287 92.2079 6
    endloop
  endfacet
  facet normal 0 0 1
    outer loop
      vertex -80.5489 92.5489 6
      vertex -85.9579 97.9579 6
      vertex -80.6971 92.3852 6
    endloop
  endfacet
  facet normal 0 0 1
    outer loop
      vertex -80.3852 92.6971 6
      vertex -85.9579 97.9579 6
      vertex -80.5489 92.5489 6
    endloop
  endfacet
  facet normal 0 0 1
    outer loop
      vertex -80.2079 92.8287 6
      vertex -85.9579 97.9579 6
      vertex -80.3852 92.6971 6
    endloop
  endfacet
  facet normal 0 0 1
    outer loop
      vertex -80.0185 92.9422 6
      vertex -85.9579 97.9579 6
      vertex -80.2079 92.8287 6
    endloop
  endfacet
  facet normal 0 0 1
    outer loop
      vertex -79.8189 93.0366 6
      vertex -85.9579 97.9579 6
      vertex -80.0185 92.9422 6
    endloop
  endfacet
  facet normal 0 0 1
    outer loop
      vertex -79.611 93.111 6
      vertex -85.9579 97.9579 6
      vertex -79.8189 93.0366 6
    endloop
  endfacet
  facet normal 0 0 1
    outer loop
      vertex -79.3968 93.1646 6
      vertex -85.9579 97.9579 6
      vertex -79.611 93.111 6
    endloop
  endfacet
  facet normal 0 0 1
    outer loop
      vertex -79.1784 93.197 6
      vertex -85.9579 97.9579 6
      vertex -79.3968 93.1646 6
    endloop
  endfacet
  facet normal 0 0 1
    outer loop
      vertex -78.9579 93.2079 6
      vertex -85.9579 97.9579 6
      vertex -79.1784 93.197 6
    endloop
  endfacet
  facet normal 0 0 1
    outer loop
      vertex -78.7373 93.197 6
      vertex -85.9579 97.9579 6
      vertex -78.9579 93.2079 6
    endloop
  endfacet
  facet normal 0 0 1
    outer loop
      vertex 85.9579 97.9579 6
      vertex 81.2079 0 6
      vertex 85.9579 -97.9579 6
    endloop
  endfacet
  facet normal -0 0 1
    outer loop
      vertex 81.197 -0.220538 6
      vertex 85.9579 -97.9579 6
      vertex 81.2079 0 6
    endloop
  endfacet
  facet normal -0 0 1
    outer loop
      vertex 81.197 -91.1784 6
      vertex 85.9579 -97.9579 6
      vertex 81.2079 -90.9579 6
    endloop
  endfacet
  facet normal -0 0 1
    outer loop
      vertex 81.1646 -91.3968 6
      vertex 85.9579 -97.9579 6
      vertex 81.197 -91.1784 6
    endloop
  endfacet
  facet normal -0 0 1
    outer loop
      vertex 81.111 -91.611 6
      vertex 85.9579 -97.9579 6
      vertex 81.1646 -91.3968 6
    endloop
  endfacet
  facet normal -0 0 1
    outer loop
      vertex 81.0366 -91.8189 6
      vertex 85.9579 -97.9579 6
      vertex 81.111 -91.611 6
    endloop
  endfacet
  facet normal -0 0 1
    outer loop
      vertex 80.9422 -92.0185 6
      vertex 85.9579 -97.9579 6
      vertex 81.0366 -91.8189 6
    endloop
  endfacet
  facet normal -0 0 1
    outer loop
      vertex 80.8287 -92.2079 6
      vertex 85.9579 -97.9579 6
      vertex 80.9422 -92.0185 6
    endloop
  endfacet
  facet normal -0 0 1
    outer loop
      vertex 80.6971 -92.3852 6
      vertex 85.9579 -97.9579 6
      vertex 80.8287 -92.2079 6
    endloop
  endfacet
  facet normal -0 0 1
    outer loop
      vertex 80.5489 -92.5489 6
      vertex 85.9579 -97.9579 6
      vertex 80.6971 -92.3852 6
    endloop
  endfacet
  facet normal -0 0 1
    outer loop
      vertex 80.3852 -92.6971 6
      vertex 85.9579 -97.9579 6
      vertex 80.5489 -92.5489 6
    endloop
  endfacet
  facet normal -0 0 1
    outer loop
      vertex 80.2079 -92.8287 6
      vertex 85.9579 -97.9579 6
      vertex 80.3852 -92.6971 6
    endloop
  endfacet
  facet normal -0 0 1
    outer loop
      vertex 80.0185 -92.9422 6
      vertex 85.9579 -97.9579 6
      vertex 80.2079 -92.8287 6
    endloop
  endfacet
  facet normal -0 0 1
    outer loop
      vertex 79.8189 -93.0366 6
      vertex 85.9579 -97.9579 6
      vertex 80.0185 -92.9422 6
    endloop
  endfacet
  facet normal -0 0 1
    outer loop
      vertex 79.611 -93.111 6
      vertex 85.9579 -97.9579 6
      vertex 79.8189 -93.0366 6
    endloop
  endfacet
  facet normal -0 0 1
    outer loop
      vertex 79.3968 -93.1646 6
      vertex 85.9579 -97.9579 6
      vertex 79.611 -93.111 6
    endloop
  endfacet
  facet normal -0 0 1
    outer loop
      vertex 79.1784 -93.197 6
      vertex 85.9579 -97.9579 6
      vertex 79.3968 -93.1646 6
    endloop
  endfacet
  facet normal -0 0 1
    outer loop
      vertex 78.9579 -93.2079 6
      vertex 85.9579 -97.9579 6
      vertex 79.1784 -93.197 6
    endloop
  endfacet
  facet normal 0 0 1
    outer loop
      vertex 78.7373 -93.197 6
      vertex 85.9579 -97.9579 6
      vertex 78.9579 -93.2079 6
    endloop
  endfacet
  facet normal 0 0 1
    outer loop
      vertex 78.5189 -93.1646 6
      vertex 85.9579 -97.9579 6
      vertex 78.7373 -93.197 6
    endloop
  endfacet
  facet normal 0 0 1
    outer loop
      vertex 78.3047 -93.111 6
      vertex 85.9579 -97.9579 6
      vertex 78.5189 -93.1646 6
    endloop
  endfacet
  facet normal 0 0 1
    outer loop
      vertex 78.0968 -93.0366 6
      vertex 85.9579 -97.9579 6
      vertex 78.3047 -93.111 6
    endloop
  endfacet
  facet normal 0 0 1
    outer loop
      vertex 77.8972 -92.9422 6
      vertex 85.9579 -97.9579 6
      vertex 78.0968 -93.0366 6
    endloop
  endfacet
  facet normal 0 0 1
    outer loop
      vertex 1.06064 -92.9422 6
      vertex 77.8972 -92.9422 6
      vertex 77.7078 -92.8287 6
    endloop
  endfacet
  facet normal 0 0 1
    outer loop
      vertex 76.7079 0 6
      vertex 55.0483 -58.05 6
      vertex 76.7079 -90.9579 6
    endloop
  endfacet
  facet normal -0 0 1
    outer loop
      vertex 55.0482 -58.0522 6
      vertex 76.7079 -90.9579 6
      vertex 55.0483 -58.05 6
    endloop
  endfacet
  facet normal -0 0 1
    outer loop
      vertex 55.0248 -59.8763 6
      vertex 76.7079 -90.9579 6
      vertex 55.0482 -58.0522 6
    endloop
  endfacet
  facet normal -0 0 1
    outer loop
      vertex 55.0247 -59.8774 6
      vertex 76.7079 -90.9579 6
      vertex 55.0248 -59.8763 6
    endloop
  endfacet
  facet normal -0 0 1
    outer loop
      vertex 54.9543 -60.858 6
      vertex 76.7079 -90.9579 6
      vertex 55.0247 -59.8774 6
    endloop
  endfacet
  facet normal -0 0 1
    outer loop
      vertex 54.8367 -61.6497 6
      vertex 76.7079 -90.9579 6
      vertex 54.9543 -60.858 6
    endloop
  endfacet
  facet normal -0 0 1
    outer loop
      vertex 54.8365 -61.6505 6
      vertex 76.7079 -90.9579 6
      vertex 54.8367 -61.6497 6
    endloop
  endfacet
  facet normal -0 0 1
    outer loop
      vertex 54.6718 -62.3283 6
      vertex 76.7079 -90.9579 6
      vertex 54.8365 -61.6505 6
    endloop
  endfacet
  facet normal -0 0 1
    outer loop
      vertex 54.4596 -62.9231 6
      vertex 76.7079 -90.9579 6
      vertex 54.6718 -62.3283 6
    endloop
  endfacet
  facet normal -0 0 1
    outer loop
      vertex 54.4593 -62.9238 6
      vertex 76.7079 -90.9579 6
      vertex 54.4596 -62.9231 6
    endloop
  endfacet
  facet normal -0 0 1
    outer loop
      vertex 54.459 -62.9244 6
      vertex 76.7079 -90.9579 6
      vertex 54.4593 -62.9238 6
    endloop
  endfacet
  facet normal -0 0 1
    outer loop
      vertex 54.1987 -63.4508 6
      vertex 76.7079 -90.9579 6
      vertex 54.459 -62.9244 6
    endloop
  endfacet
  facet normal -0 0 1
    outer loop
      vertex 53.8896 -63.9172 6
      vertex 76.7079 -90.9579 6
      vertex 54.1987 -63.4508 6
    endloop
  endfacet
  facet normal -0 0 1
    outer loop
      vertex 53.8892 -63.9178 6
      vertex 76.7079 -90.9579 6
      vertex 53.8896 -63.9172 6
    endloop
  endfacet
  facet normal -0 0 1
    outer loop
      vertex 53.8888 -63.9183 6
      vertex 76.7079 -90.9579 6
      vertex 53.8892 -63.9178 6
    endloop
  endfacet
  facet normal -0 0 1
    outer loop
      vertex 53.5295 -64.3295 6
      vertex 76.7079 -90.9579 6
      vertex 53.8888 -63.9183 6
    endloop
  endfacet
  facet normal -0 0 1
    outer loop
      vertex 53.529 -64.33 6
      vertex 76.7079 -90.9579 6
      vertex 53.5295 -64.3295 6
    endloop
  endfacet
  facet normal -0 0 1
    outer loop
      vertex 53.1178 -64.6892 6
      vertex 76.7079 -90.9579 6
      vertex 53.529 -64.33 6
    endloop
  endfacet
  facet normal -0 0 1
    outer loop
      vertex 52.6514 -64.9983 6
      vertex 76.7079 -90.9579 6
      vertex 53.1178 -64.6892 6
    endloop
  endfacet
  facet normal -0 0 1
    outer loop
      vertex 52.6508 -64.9987 6
      vertex 76.7079 -90.9579 6
      vertex 52.6514 -64.9983 6
    endloop
  endfacet
  facet normal -0 0 1
    outer loop
      vertex 52.6502 -64.999 6
      vertex 76.7079 -90.9579 6
      vertex 52.6508 -64.9987 6
    endloop
  endfacet
  facet normal -0 0 1
    outer loop
      vertex 52.1238 -65.2593 6
      vertex 76.7079 -90.9579 6
      vertex 52.6502 -64.999 6
    endloop
  endfacet
  facet normal -0 0 1
    outer loop
      vertex 51.529 -65.4715 6
      vertex 76.7079 -90.9579 6
      vertex 52.1238 -65.2593 6
    endloop
  endfacet
  facet normal -0 0 1
    outer loop
      vertex 51.5283 -65.4718 6
      vertex 76.7079 -90.9579 6
      vertex 51.529 -65.4715 6
    endloop
  endfacet
  facet normal -0 0 1
    outer loop
      vertex 51.5275 -65.472 6
      vertex 76.7079 -90.9579 6
      vertex 51.5283 -65.4718 6
    endloop
  endfacet
  facet normal -0 0 1
    outer loop
      vertex 50.8497 -65.6367 6
      vertex 76.7079 -90.9579 6
      vertex 51.5275 -65.472 6
    endloop
  endfacet
  facet normal -0 0 1
    outer loop
      vertex 50.0589 -65.7542 6
      vertex 76.7079 -90.9579 6
      vertex 50.8497 -65.6367 6
    endloop
  endfacet
  facet normal -0 0 1
    outer loop
      vertex 50.058 -65.7543 6
      vertex 76.7079 -90.9579 6
      vertex 50.0589 -65.7542 6
    endloop
  endfacet
  facet normal -0 0 1
    outer loop
      vertex 50.0568 -65.7544 6
      vertex 76.7079 -90.9579 6
      vertex 50.058 -65.7543 6
    endloop
  endfacet
  facet normal -0 0 1
    outer loop
      vertex 49.0763 -65.8248 6
      vertex 76.7079 -90.9579 6
      vertex 50.0568 -65.7544 6
    endloop
  endfacet
  facet normal 0 0 1
    outer loop
      vertex 76.7079 -90.9579 6
      vertex 49.0763 -65.8248 6
      vertex 76.7187 -91.1784 6
    endloop
  endfacet
  facet normal -0 0 1
    outer loop
      vertex 47.2522 -65.8483 6
      vertex 76.7187 -91.1784 6
      vertex 49.0763 -65.8248 6
    endloop
  endfacet
  facet normal -0 0 1
    outer loop
      vertex 47.25 -65.8483 6
      vertex 76.7187 -91.1784 6
      vertex 47.2522 -65.8483 6
    endloop
  endfacet
  facet normal 0 0 1
    outer loop
      vertex 76.7187 -91.1784 6
      vertex 47.25 -65.8483 6
      vertex 76.7511 -91.3968 6
    endloop
  endfacet
  facet normal 0 0 1
    outer loop
      vertex 76.7511 -91.3968 6
      vertex 47.25 -65.8483 6
      vertex 76.8047 -91.611 6
    endloop
  endfacet
  facet normal 0 0 1
    outer loop
      vertex 2.15312 -91.611 6
      vertex 76.8047 -91.611 6
      vertex 47.25 -65.8483 6
    endloop
  endfacet
  facet normal 0 0 1
    outer loop
      vertex 76.8047 -91.611 6
      vertex 2.15312 -91.611 6
      vertex 76.8791 -91.8189 6
    endloop
  endfacet
  facet normal 0 0 1
    outer loop
      vertex 2.07873 -91.8189 6
      vertex 76.8791 -91.8189 6
      vertex 2.15312 -91.611 6
    endloop
  endfacet
  facet normal 0 0 1
    outer loop
      vertex 76.8791 -91.8189 6
      vertex 2.07873 -91.8189 6
      vertex 76.9735 -92.0185 6
    endloop
  endfacet
  facet normal 0 0 1
    outer loop
      vertex 1.98432 -92.0185 6
      vertex 76.9735 -92.0185 6
      vertex 2.07873 -91.8189 6
    endloop
  endfacet
  facet normal 0 0 1
    outer loop
      vertex 76.9735 -92.0185 6
      vertex 1.98432 -92.0185 6
      vertex 77.0871 -92.2079 6
    endloop
  endfacet
  facet normal 0 0 1
    outer loop
      vertex 2.23917 -91.1784 6
      vertex 47.25 -65.8483 6
      vertex 2.25 -90.9579 6
    endloop
  endfacet
  facet normal 0 0 1
    outer loop
      vertex 2.20677 -91.3968 6
      vertex 47.25 -65.8483 6
      vertex 2.23917 -91.1784 6
    endloop
  endfacet
  facet normal 0 0 1
    outer loop
      vertex 2.15312 -91.611 6
      vertex 47.25 -65.8483 6
      vertex 2.20677 -91.3968 6
    endloop
  endfacet
  facet normal 0 0 1
    outer loop
      vertex 1.87081 -92.2079 6
      vertex 77.0871 -92.2079 6
      vertex 1.98432 -92.0185 6
    endloop
  endfacet
  facet normal 0 0 1
    outer loop
      vertex 77.0871 -92.2079 6
      vertex 1.87081 -92.2079 6
      vertex 77.2186 -92.3852 6
    endloop
  endfacet
  facet normal 0 0 1
    outer loop
      vertex 1.73927 -92.3852 6
      vertex 77.2186 -92.3852 6
      vertex 1.87081 -92.2079 6
    endloop
  endfacet
  facet normal 0 0 1
    outer loop
      vertex 77.2186 -92.3852 6
      vertex 1.73927 -92.3852 6
      vertex 77.3669 -92.5489 6
    endloop
  endfacet
  facet normal 0 0 1
    outer loop
      vertex 1.59099 -92.5489 6
      vertex 77.3669 -92.5489 6
      vertex 1.73927 -92.3852 6
    endloop
  endfacet
  facet normal 0 0 1
    outer loop
      vertex 77.3669 -92.5489 6
      vertex 1.59099 -92.5489 6
      vertex 77.5305 -92.6971 6
    endloop
  endfacet
  facet normal 0 0 1
    outer loop
      vertex 1.42738 -92.6971 6
      vertex 77.5305 -92.6971 6
      vertex 1.59099 -92.5489 6
    endloop
  endfacet
  facet normal 0 0 1
    outer loop
      vertex 77.5305 -92.6971 6
      vertex 1.42738 -92.6971 6
      vertex 77.7078 -92.8287 6
    endloop
  endfacet
  facet normal 0 0 1
    outer loop
      vertex 1.25003 -92.8287 6
      vertex 77.7078 -92.8287 6
      vertex 1.42738 -92.6971 6
    endloop
  endfacet
  facet normal 0 0 1
    outer loop
      vertex 1.06064 -92.9422 6
      vertex 77.7078 -92.8287 6
      vertex 1.25003 -92.8287 6
    endloop
  endfacet
  facet normal 0 0 1
    outer loop
      vertex 77.8972 -92.9422 6
      vertex 1.06064 -92.9422 6
      vertex 85.9579 -97.9579 6
    endloop
  endfacet
  facet normal -0 0 1
    outer loop
      vertex 0.861037 -93.0366 6
      vertex 85.9579 -97.9579 6
      vertex 1.06064 -92.9422 6
    endloop
  endfacet
  facet normal -0 0 1
    outer loop
      vertex 0.65314 -93.111 6
      vertex 85.9579 -97.9579 6
      vertex 0.861037 -93.0366 6
    endloop
  endfacet
  facet normal -0 0 1
    outer loop
      vertex 0.438952 -93.1646 6
      vertex 85.9579 -97.9579 6
      vertex 0.65314 -93.111 6
    endloop
  endfacet
  facet normal -0 0 1
    outer loop
      vertex 0.220538 -93.197 6
      vertex 85.9579 -97.9579 6
      vertex 0.438952 -93.1646 6
    endloop
  endfacet
  facet normal -0 0 1
    outer loop
      vertex 0 -93.2079 6
      vertex 85.9579 -97.9579 6
      vertex 0.220538 -93.197 6
    endloop
  endfacet
  facet normal 0 0 1
    outer loop
      vertex -85.9579 -97.9579 6
      vertex 0 -93.2079 6
      vertex -0.220538 -93.197 6
    endloop
  endfacet
  facet normal 0 0 1
    outer loop
      vertex -47.25 -65.8483 6
      vertex -2.23917 -91.1784 6
      vertex -2.25 -90.9579 6
    endloop
  endfacet
  facet normal 0 0 1
    outer loop
      vertex -47.25 -65.8483 6
      vertex -2.20677 -91.3968 6
      vertex -2.23917 -91.1784 6
    endloop
  endfacet
  facet normal 0 0 1
    outer loop
      vertex -47.25 -65.8483 6
      vertex -2.15312 -91.611 6
      vertex -2.20677 -91.3968 6
    endloop
  endfacet
  facet normal 0 0 1
    outer loop
      vertex -76.8047 -91.611 6
      vertex -2.15312 -91.611 6
      vertex -47.25 -65.8483 6
    endloop
  endfacet
  facet normal 0 0 1
    outer loop
      vertex -2.15312 -91.611 6
      vertex -76.8047 -91.611 6
      vertex -2.07873 -91.8189 6
    endloop
  endfacet
  facet normal 0 0 1
    outer loop
      vertex -76.8791 -91.8189 6
      vertex -2.07873 -91.8189 6
      vertex -76.8047 -91.611 6
    endloop
  endfacet
  facet normal 0 0 1
    outer loop
      vertex -2.07873 -91.8189 6
      vertex -76.8791 -91.8189 6
      vertex -1.98432 -92.0185 6
    endloop
  endfacet
  facet normal 0 0 1
    outer loop
      vertex -76.9735 -92.0185 6
      vertex -1.98432 -92.0185 6
      vertex -76.8791 -91.8189 6
    endloop
  endfacet
  facet normal 0 0 1
    outer loop
      vertex -1.98432 -92.0185 6
      vertex -76.9735 -92.0185 6
      vertex -1.87081 -92.2079 6
    endloop
  endfacet
  facet normal 0 0 1
    outer loop
      vertex -77.0871 -92.2079 6
      vertex -1.87081 -92.2079 6
      vertex -76.9735 -92.0185 6
    endloop
  endfacet
  facet normal 0 0 1
    outer loop
      vertex -1.87081 -92.2079 6
      vertex -77.0871 -92.2079 6
      vertex -1.73927 -92.3852 6
    endloop
  endfacet
  facet normal 0 0 1
    outer loop
      vertex -76.7187 -91.1784 6
      vertex -47.25 -65.8483 6
      vertex -47.2522 -65.8483 6
    endloop
  endfacet
  facet normal 0 0 1
    outer loop
      vertex -76.7187 -91.1784 6
      vertex -47.2522 -65.8483 6
      vertex -49.0763 -65.8248 6
    endloop
  endfacet
  facet normal 0 0 1
    outer loop
      vertex -76.7079 -90.9579 6
      vertex -49.0763 -65.8248 6
      vertex -50.0568 -65.7544 6
    endloop
  endfacet
  facet normal 0 0 1
    outer loop
      vertex -76.7079 -90.9579 6
      vertex -50.0568 -65.7544 6
      vertex -50.058 -65.7543 6
    endloop
  endfacet
  facet normal 0 0 1
    outer loop
      vertex -76.7079 -90.9579 6
      vertex -50.058 -65.7543 6
      vertex -50.0589 -65.7542 6
    endloop
  endfacet
  facet normal 0 0 1
    outer loop
      vertex -76.7079 -90.9579 6
      vertex -50.0589 -65.7542 6
      vertex -50.8497 -65.6367 6
    endloop
  endfacet
  facet normal 0 0 1
    outer loop
      vertex -76.7079 -90.9579 6
      vertex -50.8497 -65.6367 6
      vertex -51.5275 -65.472 6
    endloop
  endfacet
  facet normal 0 0 1
    outer loop
      vertex -76.7079 -90.9579 6
      vertex -51.5275 -65.472 6
      vertex -51.5283 -65.4718 6
    endloop
  endfacet
  facet normal 0 0 1
    outer loop
      vertex -76.7079 -90.9579 6
      vertex -51.5283 -65.4718 6
      vertex -51.529 -65.4715 6
    endloop
  endfacet
  facet normal 0 0 1
    outer loop
      vertex -76.7079 -90.9579 6
      vertex -51.529 -65.4715 6
      vertex -52.1238 -65.2593 6
    endloop
  endfacet
  facet normal 0 0 1
    outer loop
      vertex -76.7079 -90.9579 6
      vertex -52.1238 -65.2593 6
      vertex -52.6502 -64.999 6
    endloop
  endfacet
  facet normal 0 0 1
    outer loop
      vertex -76.7079 -90.9579 6
      vertex -52.6502 -64.999 6
      vertex -52.6508 -64.9987 6
    endloop
  endfacet
  facet normal 0 0 1
    outer loop
      vertex -76.7079 -90.9579 6
      vertex -52.6514 -64.9983 6
      vertex -53.1178 -64.6892 6
    endloop
  endfacet
  facet normal 0 0 1
    outer loop
      vertex -76.7079 -90.9579 6
      vertex -54.459 -62.9244 6
      vertex -54.4593 -62.9238 6
    endloop
  endfacet
  facet normal 0 0 1
    outer loop
      vertex -76.7079 -90.9579 6
      vertex -54.4596 -62.9231 6
      vertex -54.6718 -62.3283 6
    endloop
  endfacet
  facet normal 0 0 1
    outer loop
      vertex -76.7079 -90.9579 6
      vertex -54.8365 -61.6505 6
      vertex -54.8367 -61.6497 6
    endloop
  endfacet
  facet normal 0 0 1
    outer loop
      vertex -76.7079 -90.9579 6
      vertex -55.0482 -58.0522 6
      vertex -55.0483 -58.05 6
    endloop
  endfacet
  facet normal 0 0 1
    outer loop
      vertex -54.8365 -10.6495 6
      vertex -77.0871 -1.25003 6
      vertex -54.8367 -10.6503 6
    endloop
  endfacet
  facet normal -0 0 1
    outer loop
      vertex -77.2186 -1.42738 6
      vertex -54.8367 -10.6503 6
      vertex -77.0871 -1.25003 6
    endloop
  endfacet
  facet normal 0 0 1
    outer loop
      vertex -55.0482 -58.0522 6
      vertex -76.7079 -90.9579 6
      vertex -55.0248 -59.8763 6
    endloop
  endfacet
  facet normal 0 0 1
    outer loop
      vertex -55.0248 -59.8763 6
      vertex -76.7079 -90.9579 6
      vertex -55.0247 -59.8774 6
    endloop
  endfacet
  facet normal 0 0 1
    outer loop
      vertex -55.0247 -59.8774 6
      vertex -76.7079 -90.9579 6
      vertex -54.9543 -60.858 6
    endloop
  endfacet
  facet normal 0 0 1
    outer loop
      vertex -54.9543 -60.858 6
      vertex -76.7079 -90.9579 6
      vertex -54.8367 -61.6497 6
    endloop
  endfacet
  facet normal 0 0 1
    outer loop
      vertex -54.8365 -61.6505 6
      vertex -76.7079 -90.9579 6
      vertex -54.6718 -62.3283 6
    endloop
  endfacet
  facet normal 0 0 1
    outer loop
      vertex -54.4596 -62.9231 6
      vertex -76.7079 -90.9579 6
      vertex -54.4593 -62.9238 6
    endloop
  endfacet
  facet normal 0 0 1
    outer loop
      vertex -54.459 -62.9244 6
      vertex -76.7079 -90.9579 6
      vertex -54.1987 -63.4508 6
    endloop
  endfacet
  facet normal 0 0 1
    outer loop
      vertex -76.7079 -90.9579 6
      vertex -53.8896 -63.9172 6
      vertex -54.1987 -63.4508 6
    endloop
  endfacet
  facet normal 0 0 1
    outer loop
      vertex -76.7079 -90.9579 6
      vertex -53.8892 -63.9178 6
      vertex -53.8896 -63.9172 6
    endloop
  endfacet
  facet normal 0 0 1
    outer loop
      vertex -76.7079 -90.9579 6
      vertex -53.8888 -63.9183 6
      vertex -53.8892 -63.9178 6
    endloop
  endfacet
  facet normal 0 0 1
    outer loop
      vertex -76.7079 -90.9579 6
      vertex -53.5295 -64.3295 6
      vertex -53.8888 -63.9183 6
    endloop
  endfacet
  facet normal 0 0 1
    outer loop
      vertex -76.7079 -90.9579 6
      vertex -53.529 -64.33 6
      vertex -53.5295 -64.3295 6
    endloop
  endfacet
  facet normal 0 0 1
    outer loop
      vertex -76.7079 -90.9579 6
      vertex -53.1178 -64.6892 6
      vertex -53.529 -64.33 6
    endloop
  endfacet
  facet normal 0 0 1
    outer loop
      vertex -52.6514 -64.9983 6
      vertex -76.7079 -90.9579 6
      vertex -52.6508 -64.9987 6
    endloop
  endfacet
  facet normal 0 0 1
    outer loop
      vertex -49.0763 -65.8248 6
      vertex -76.7079 -90.9579 6
      vertex -76.7187 -91.1784 6
    endloop
  endfacet
  facet normal 0 0 1
    outer loop
      vertex -47.25 -65.8483 6
      vertex -76.7187 -91.1784 6
      vertex -76.7511 -91.3968 6
    endloop
  endfacet
  facet normal 0 0 1
    outer loop
      vertex -47.25 -65.8483 6
      vertex -76.7511 -91.3968 6
      vertex -76.8047 -91.611 6
    endloop
  endfacet
  facet normal 0 0 1
    outer loop
      vertex -77.2186 -92.3852 6
      vertex -1.73927 -92.3852 6
      vertex -77.0871 -92.2079 6
    endloop
  endfacet
  facet normal 0 0 1
    outer loop
      vertex -1.73927 -92.3852 6
      vertex -77.2186 -92.3852 6
      vertex -1.59099 -92.5489 6
    endloop
  endfacet
  facet normal 0 0 1
    outer loop
      vertex -77.3669 -92.5489 6
      vertex -1.59099 -92.5489 6
      vertex -77.2186 -92.3852 6
    endloop
  endfacet
  facet normal 0 0 1
    outer loop
      vertex -1.59099 -92.5489 6
      vertex -77.3669 -92.5489 6
      vertex -1.42738 -92.6971 6
    endloop
  endfacet
  facet normal 0 0 1
    outer loop
      vertex -77.5305 -92.6971 6
      vertex -1.42738 -92.6971 6
      vertex -77.3669 -92.5489 6
    endloop
  endfacet
  facet normal 0 0 1
    outer loop
      vertex -1.42738 -92.6971 6
      vertex -77.5305 -92.6971 6
      vertex -1.25003 -92.8287 6
    endloop
  endfacet
  facet normal 0 0 1
    outer loop
      vertex -77.7078 -92.8287 6
      vertex -1.25003 -92.8287 6
      vertex -77.5305 -92.6971 6
    endloop
  endfacet
  facet normal 0 0 1
    outer loop
      vertex -1.25003 -92.8287 6
      vertex -77.7078 -92.8287 6
      vertex -1.06064 -92.9422 6
    endloop
  endfacet
  facet normal 0 0 1
    outer loop
      vertex -77.8972 -92.9422 6
      vertex -1.06064 -92.9422 6
      vertex -77.7078 -92.8287 6
    endloop
  endfacet
  facet normal 0 0 1
    outer loop
      vertex -85.9579 -97.9579 6
      vertex -1.06064 -92.9422 6
      vertex -77.8972 -92.9422 6
    endloop
  endfacet
  facet normal 0 0 1
    outer loop
      vertex -1.06064 -92.9422 6
      vertex -85.9579 -97.9579 6
      vertex -0.861037 -93.0366 6
    endloop
  endfacet
  facet normal 0 0 1
    outer loop
      vertex -0.861037 -93.0366 6
      vertex -85.9579 -97.9579 6
      vertex -0.65314 -93.111 6
    endloop
  endfacet
  facet normal 0 0 1
    outer loop
      vertex -0.65314 -93.111 6
      vertex -85.9579 -97.9579 6
      vertex -0.438952 -93.1646 6
    endloop
  endfacet
  facet normal 0 0 1
    outer loop
      vertex -0.438952 -93.1646 6
      vertex -85.9579 -97.9579 6
      vertex -0.220538 -93.197 6
    endloop
  endfacet
  facet normal 0 0 1
    outer loop
      vertex -85.9579 -97.9579 6
      vertex -77.8972 -92.9422 6
      vertex -78.0968 -93.0366 6
    endloop
  endfacet
  facet normal 0 0 1
    outer loop
      vertex -85.9579 -97.9579 6
      vertex -78.0968 -93.0366 6
      vertex -78.3047 -93.111 6
    endloop
  endfacet
  facet normal 0 0 1
    outer loop
      vertex -85.9579 -97.9579 6
      vertex -78.3047 -93.111 6
      vertex -78.5189 -93.1646 6
    endloop
  endfacet
  facet normal 0 0 1
    outer loop
      vertex -85.9579 -97.9579 6
      vertex -78.5189 -93.1646 6
      vertex -78.7373 -93.197 6
    endloop
  endfacet
  facet normal 0 0 1
    outer loop
      vertex -85.9579 -97.9579 6
      vertex -78.7373 -93.197 6
      vertex -78.9579 -93.2079 6
    endloop
  endfacet
  facet normal 0 0 1
    outer loop
      vertex 0 -93.2079 6
      vertex -85.9579 -97.9579 6
      vertex 85.9579 -97.9579 6
    endloop
  endfacet
  facet normal 0 0 1
    outer loop
      vertex -79.1784 -93.197 6
      vertex -85.9579 -97.9579 6
      vertex -78.9579 -93.2079 6
    endloop
  endfacet
  facet normal 0 0 1
    outer loop
      vertex -79.3968 -93.1646 6
      vertex -85.9579 -97.9579 6
      vertex -79.1784 -93.197 6
    endloop
  endfacet
  facet normal 0 0 1
    outer loop
      vertex -79.611 -93.111 6
      vertex -85.9579 -97.9579 6
      vertex -79.3968 -93.1646 6
    endloop
  endfacet
  facet normal 0 0 1
    outer loop
      vertex -79.8189 -93.0366 6
      vertex -85.9579 -97.9579 6
      vertex -79.611 -93.111 6
    endloop
  endfacet
  facet normal 0 0 1
    outer loop
      vertex -80.0185 -92.9422 6
      vertex -85.9579 -97.9579 6
      vertex -79.8189 -93.0366 6
    endloop
  endfacet
  facet normal 0 0 1
    outer loop
      vertex -80.2079 -92.8287 6
      vertex -85.9579 -97.9579 6
      vertex -80.0185 -92.9422 6
    endloop
  endfacet
  facet normal 0 0 1
    outer loop
      vertex -80.3852 -92.6971 6
      vertex -85.9579 -97.9579 6
      vertex -80.2079 -92.8287 6
    endloop
  endfacet
  facet normal 0 0 1
    outer loop
      vertex -80.5489 -92.5489 6
      vertex -85.9579 -97.9579 6
      vertex -80.3852 -92.6971 6
    endloop
  endfacet
  facet normal 0 0 1
    outer loop
      vertex -80.6971 -92.3852 6
      vertex -85.9579 -97.9579 6
      vertex -80.5489 -92.5489 6
    endloop
  endfacet
  facet normal 0 0 1
    outer loop
      vertex -80.8287 -92.2079 6
      vertex -85.9579 -97.9579 6
      vertex -80.6971 -92.3852 6
    endloop
  endfacet
  facet normal 0 0 1
    outer loop
      vertex -80.9422 -92.0185 6
      vertex -85.9579 -97.9579 6
      vertex -80.8287 -92.2079 6
    endloop
  endfacet
  facet normal 0 0 1
    outer loop
      vertex -81.0366 -91.8189 6
      vertex -85.9579 -97.9579 6
      vertex -80.9422 -92.0185 6
    endloop
  endfacet
  facet normal 0 0 1
    outer loop
      vertex -81.111 -91.611 6
      vertex -85.9579 -97.9579 6
      vertex -81.0366 -91.8189 6
    endloop
  endfacet
  facet normal 0 0 1
    outer loop
      vertex -81.1646 -91.3968 6
      vertex -85.9579 -97.9579 6
      vertex -81.111 -91.611 6
    endloop
  endfacet
  facet normal 0 0 1
    outer loop
      vertex -81.197 -91.1784 6
      vertex -85.9579 -97.9579 6
      vertex -81.1646 -91.3968 6
    endloop
  endfacet
  facet normal 0 0 1
    outer loop
      vertex -81.2079 -90.9579 6
      vertex -85.9579 -97.9579 6
      vertex -81.197 -91.1784 6
    endloop
  endfacet
  facet normal 0 0 1
    outer loop
      vertex -81.197 -90.7373 6
      vertex -85.9579 -97.9579 6
      vertex -81.2079 -90.9579 6
    endloop
  endfacet
  facet normal 0 0 1
    outer loop
      vertex 81.1646 0.438952 6
      vertex 80.9194 69.5677 6
      vertex 81.111 0.65314 6
    endloop
  endfacet
  facet normal -0 0 1
    outer loop
      vertex 80.8717 69.3773 6
      vertex 81.111 0.65314 6
      vertex 80.9194 69.5677 6
    endloop
  endfacet
  facet normal 0 0 1
    outer loop
      vertex 81.111 0.65314 6
      vertex 80.8717 69.3773 6
      vertex 81.0366 0.861037 6
    endloop
  endfacet
  facet normal -0 0 1
    outer loop
      vertex 80.8056 69.1925 6
      vertex 81.0366 0.861037 6
      vertex 80.8717 69.3773 6
    endloop
  endfacet
  facet normal 0 0 1
    outer loop
      vertex 81.0366 0.861037 6
      vertex 80.8056 69.1925 6
      vertex 80.9422 1.06064 6
    endloop
  endfacet
  facet normal -0 0 1
    outer loop
      vertex 80.7217 69.0151 6
      vertex 80.9422 1.06064 6
      vertex 80.8056 69.1925 6
    endloop
  endfacet
  facet normal 0 0 1
    outer loop
      vertex 80.9422 1.06064 6
      vertex 80.7217 69.0151 6
      vertex 80.8287 1.25003 6
    endloop
  endfacet
  facet normal -0 0 1
    outer loop
      vertex 80.6208 68.8467 6
      vertex 80.8287 1.25003 6
      vertex 80.7217 69.0151 6
    endloop
  endfacet
  facet normal 0 0 1
    outer loop
      vertex 80.8287 1.25003 6
      vertex 80.6208 68.8467 6
      vertex 80.6971 1.42738 6
    endloop
  endfacet
  facet normal -0 0 1
    outer loop
      vertex 80.5039 68.6891 6
      vertex 80.6971 1.42738 6
      vertex 80.6208 68.8467 6
    endloop
  endfacet
  facet normal 0 0 1
    outer loop
      vertex 80.6971 1.42738 6
      vertex 80.5039 68.6891 6
      vertex 80.5489 1.59099 6
    endloop
  endfacet
  facet normal -0 0 1
    outer loop
      vertex 80.3721 68.5436 6
      vertex 80.5489 1.59099 6
      vertex 80.5039 68.6891 6
    endloop
  endfacet
  facet normal 0 0 1
    outer loop
      vertex 80.5489 1.59099 6
      vertex 80.3721 68.5436 6
      vertex 80.3852 1.73927 6
    endloop
  endfacet
  facet normal -0 0 1
    outer loop
      vertex 80.2266 68.4118 6
      vertex 80.3852 1.73927 6
      vertex 80.3721 68.5436 6
    endloop
  endfacet
  facet normal 0 0 1
    outer loop
      vertex 80.2266 68.4118 6
      vertex 80.2079 1.87081 6
      vertex 80.3852 1.73927 6
    endloop
  endfacet
  facet normal -0 0 1
    outer loop
      vertex 80.069 68.2949 6
      vertex 80.2079 1.87081 6
      vertex 80.2266 68.4118 6
    endloop
  endfacet
  facet normal 0 0 1
    outer loop
      vertex 80.069 68.2949 6
      vertex 80.0185 1.98432 6
      vertex 80.2079 1.87081 6
    endloop
  endfacet
  facet normal -0 0 1
    outer loop
      vertex 79.9007 68.194 6
      vertex 80.0185 1.98432 6
      vertex 80.069 68.2949 6
    endloop
  endfacet
  facet normal 0 0 1
    outer loop
      vertex 79.9007 68.194 6
      vertex 79.8189 2.07873 6
      vertex 80.0185 1.98432 6
    endloop
  endfacet
  facet normal -0 0 1
    outer loop
      vertex 79.7232 68.1101 6
      vertex 79.8189 2.07873 6
      vertex 79.9007 68.194 6
    endloop
  endfacet
  facet normal 0 0 1
    outer loop
      vertex 79.7232 68.1101 6
      vertex 79.611 2.15312 6
      vertex 79.8189 2.07873 6
    endloop
  endfacet
  facet normal -0 0 1
    outer loop
      vertex 79.5384 68.044 6
      vertex 79.611 2.15312 6
      vertex 79.7232 68.1101 6
    endloop
  endfacet
  facet normal 0 0 1
    outer loop
      vertex 79.5384 68.044 6
      vertex 79.3968 2.20677 6
      vertex 79.611 2.15312 6
    endloop
  endfacet
  facet normal -0 0 1
    outer loop
      vertex 79.348 67.9963 6
      vertex 79.3968 2.20677 6
      vertex 79.5384 68.044 6
    endloop
  endfacet
  facet normal 0 0 1
    outer loop
      vertex 79.348 67.9963 6
      vertex 79.1784 2.23917 6
      vertex 79.3968 2.20677 6
    endloop
  endfacet
  facet normal -0 0 1
    outer loop
      vertex 79.1539 67.9675 6
      vertex 79.1784 2.23917 6
      vertex 79.348 67.9963 6
    endloop
  endfacet
  facet normal -0 0 1
    outer loop
      vertex 78.9579 67.9579 6
      vertex 79.1784 2.23917 6
      vertex 79.1539 67.9675 6
    endloop
  endfacet
  facet normal 0 0 1
    outer loop
      vertex 78.9579 67.9579 6
      vertex 78.9579 2.25 6
      vertex 79.1784 2.23917 6
    endloop
  endfacet
  facet normal 0 0 1
    outer loop
      vertex 78.7618 67.9675 6
      vertex 78.9579 2.25 6
      vertex 78.9579 67.9579 6
    endloop
  endfacet
  facet normal 0 0 1
    outer loop
      vertex 78.7618 67.9675 6
      vertex 78.7373 2.23917 6
      vertex 78.9579 2.25 6
    endloop
  endfacet
  facet normal 0 0 1
    outer loop
      vertex 78.5677 67.9963 6
      vertex 78.7373 2.23917 6
      vertex 78.7618 67.9675 6
    endloop
  endfacet
  facet normal 0 0 1
    outer loop
      vertex 78.5677 67.9963 6
      vertex 78.5189 2.20677 6
      vertex 78.7373 2.23917 6
    endloop
  endfacet
  facet normal 0 0 1
    outer loop
      vertex 78.3773 68.044 6
      vertex 78.5189 2.20677 6
      vertex 78.5677 67.9963 6
    endloop
  endfacet
  facet normal 0 0 1
    outer loop
      vertex 78.3773 68.044 6
      vertex 78.3047 2.15312 6
      vertex 78.5189 2.20677 6
    endloop
  endfacet
  facet normal 0 0 1
    outer loop
      vertex 45.1983 60.375 6
      vertex 78.3773 68.044 6
      vertex 78.1925 68.1101 6
    endloop
  endfacet
  facet normal 0 0 1
    outer loop
      vertex 78.3773 68.044 6
      vertex 45.1983 60.375 6
      vertex 78.3047 2.15312 6
    endloop
  endfacet
  facet normal 0 0 1
    outer loop
      vertex 45.1983 60.375 6
      vertex 78.1925 68.1101 6
      vertex 78.0151 68.194 6
    endloop
  endfacet
  facet normal 0 0 1
    outer loop
      vertex 78.3047 2.15312 6
      vertex 45.1983 60.375 6
      vertex 78.0968 2.07873 6
    endloop
  endfacet
  facet normal 0 0 1
    outer loop
      vertex 45.1983 60.375 6
      vertex 78.0151 68.194 6
      vertex 77.8467 68.2949 6
    endloop
  endfacet
  facet normal 0 0 1
    outer loop
      vertex 78.0968 2.07873 6
      vertex 45.1983 60.375 6
      vertex 77.8972 1.98432 6
    endloop
  endfacet
  facet normal 0 0 1
    outer loop
      vertex 45.1983 60.375 6
      vertex 77.8467 68.2949 6
      vertex 77.6891 68.4118 6
    endloop
  endfacet
  facet normal 0 0 1
    outer loop
      vertex 45.1983 60.375 6
      vertex 77.6891 68.4118 6
      vertex 77.5436 68.5436 6
    endloop
  endfacet
  facet normal -0 0 1
    outer loop
      vertex 45.1983 3.17501 6
      vertex 77.8972 1.98432 6
      vertex 45.1983 60.375 6
    endloop
  endfacet
  facet normal 0 0 1
    outer loop
      vertex 45.1983 60.375 6
      vertex 77.5436 68.5436 6
      vertex 77.4118 68.6891 6
    endloop
  endfacet
  facet normal 0 0 1
    outer loop
      vertex 77.8972 1.98432 6
      vertex 45.1983 3.17501 6
      vertex 77.7078 1.87081 6
    endloop
  endfacet
  facet normal 0 0 1
    outer loop
      vertex 45.1983 60.375 6
      vertex 77.4118 68.6891 6
      vertex 77.2949 68.8467 6
    endloop
  endfacet
  facet normal 0 0 1
    outer loop
      vertex 77.7078 1.87081 6
      vertex 45.1983 3.17501 6
      vertex 77.5305 1.73927 6
    endloop
  endfacet
  facet normal 0 0 1
    outer loop
      vertex 45.1983 60.375 6
      vertex 77.2949 68.8467 6
      vertex 77.194 69.0151 6
    endloop
  endfacet
  facet normal 0 0 1
    outer loop
      vertex 45.1983 60.375 6
      vertex 77.194 69.0151 6
      vertex 77.1101 69.1925 6
    endloop
  endfacet
  facet normal 0 0 1
    outer loop
      vertex 45.1983 3.17501 6
      vertex 77.3669 1.59099 6
      vertex 77.5305 1.73927 6
    endloop
  endfacet
  facet normal 0 0 1
    outer loop
      vertex 45.1983 60.375 6
      vertex 77.1101 69.1925 6
      vertex 77.044 69.3773 6
    endloop
  endfacet
  facet normal 0 0 1
    outer loop
      vertex 45.1983 60.375 6
      vertex 77.044 69.3773 6
      vertex 76.9963 69.5677 6
    endloop
  endfacet
  facet normal 0 0 1
    outer loop
      vertex 45.1983 3.17501 6
      vertex 77.2186 1.42738 6
      vertex 77.3669 1.59099 6
    endloop
  endfacet
  facet normal 0 0 1
    outer loop
      vertex 45.1983 60.375 6
      vertex 76.9963 69.5677 6
      vertex 76.9675 69.7618 6
    endloop
  endfacet
  facet normal 0 0 1
    outer loop
      vertex 45.1983 60.375 6
      vertex 76.9675 69.7618 6
      vertex 76.9579 69.9579 6
    endloop
  endfacet
  facet normal 0 0 1
    outer loop
      vertex 45.1983 60.375 6
      vertex 76.8791 90.0968 6
      vertex 76.8047 90.3047 6
    endloop
  endfacet
  facet normal -0 0 1
    outer loop
      vertex 45.1802 1.77029 6
      vertex 51.529 -6.82847 6
      vertex 45.1983 3.17341 6
    endloop
  endfacet
  facet normal 0 0 1
    outer loop
      vertex 45.1983 60.375 6
      vertex 76.8047 90.3047 6
      vertex 76.7511 90.5189 6
    endloop
  endfacet
  facet normal 0 0 1
    outer loop
      vertex 52.1238 -7.04071 6
      vertex 45.1983 3.17341 6
      vertex 51.529 -6.82847 6
    endloop
  endfacet
  facet normal 0 0 1
    outer loop
      vertex 45.1983 60.375 6
      vertex 76.7511 90.5189 6
      vertex 76.7187 90.7373 6
    endloop
  endfacet
  facet normal 0 0 1
    outer loop
      vertex 45.1983 3.17501 6
      vertex 77.0871 1.25003 6
      vertex 77.2186 1.42738 6
    endloop
  endfacet
  facet normal 0 0 1
    outer loop
      vertex 45.1983 60.375 6
      vertex 76.7187 90.7373 6
      vertex 76.7079 90.9579 6
    endloop
  endfacet
  facet normal -0 0 1
    outer loop
      vertex 45.1983 3.17341 6
      vertex 52.1238 -7.04071 6
      vertex 45.1983 3.17501 6
    endloop
  endfacet
  facet normal 0 0 1
    outer loop
      vertex 76.9675 70.1539 6
      vertex 45.1983 60.375 6
      vertex 76.9579 69.9579 6
    endloop
  endfacet
  facet normal 0 0 1
    outer loop
      vertex 52.6502 -7.30099 6
      vertex 45.1983 3.17501 6
      vertex 52.1238 -7.04071 6
    endloop
  endfacet
  facet normal 0 0 1
    outer loop
      vertex 85.9579 -97.9579 6
      vertex 81.111 -90.3047 6
      vertex 81.1646 -90.5189 6
    endloop
  endfacet
  facet normal -0 0 1
    outer loop
      vertex 80.8056 -70.7232 6
      vertex 85.9579 -97.9579 6
      vertex 80.8717 -70.5384 6
    endloop
  endfacet
  facet normal 0 0 1
    outer loop
      vertex 85.9579 -97.9579 6
      vertex 81.0366 -90.0968 6
      vertex 81.111 -90.3047 6
    endloop
  endfacet
  facet normal 0 0 1
    outer loop
      vertex 85.9579 -97.9579 6
      vertex 80.8056 -70.7232 6
      vertex 81.0366 -90.0968 6
    endloop
  endfacet
  facet normal 0 0 1
    outer loop
      vertex 81.0366 -90.0968 6
      vertex 80.8056 -70.7232 6
      vertex 80.9422 -89.8972 6
    endloop
  endfacet
  facet normal -0 0 1
    outer loop
      vertex 80.7217 -70.9007 6
      vertex 80.9422 -89.8972 6
      vertex 80.8056 -70.7232 6
    endloop
  endfacet
  facet normal 0 0 1
    outer loop
      vertex 80.9422 -89.8972 6
      vertex 80.7217 -70.9007 6
      vertex 80.8287 -89.7078 6
    endloop
  endfacet
  facet normal -0 0 1
    outer loop
      vertex 80.6208 -71.069 6
      vertex 80.8287 -89.7078 6
      vertex 80.7217 -70.9007 6
    endloop
  endfacet
  facet normal 0 0 1
    outer loop
      vertex 80.8287 -89.7078 6
      vertex 80.6208 -71.069 6
      vertex 80.6971 -89.5305 6
    endloop
  endfacet
  facet normal -0 0 1
    outer loop
      vertex 80.5039 -71.2266 6
      vertex 80.6971 -89.5305 6
      vertex 80.6208 -71.069 6
    endloop
  endfacet
  facet normal 0 0 1
    outer loop
      vertex 80.6971 -89.5305 6
      vertex 80.5039 -71.2266 6
      vertex 80.5489 -89.3669 6
    endloop
  endfacet
  facet normal -0 0 1
    outer loop
      vertex 80.3721 -71.3721 6
      vertex 80.5489 -89.3669 6
      vertex 80.5039 -71.2266 6
    endloop
  endfacet
  facet normal 0 0 1
    outer loop
      vertex 80.5489 -89.3669 6
      vertex 80.3721 -71.3721 6
      vertex 80.3852 -89.2186 6
    endloop
  endfacet
  facet normal -0 0 1
    outer loop
      vertex 80.2266 -71.5039 6
      vertex 80.3852 -89.2186 6
      vertex 80.3721 -71.3721 6
    endloop
  endfacet
  facet normal 0 0 1
    outer loop
      vertex 80.2266 -71.5039 6
      vertex 80.2079 -89.0871 6
      vertex 80.3852 -89.2186 6
    endloop
  endfacet
  facet normal -0 0 1
    outer loop
      vertex 80.069 -71.6208 6
      vertex 80.2079 -89.0871 6
      vertex 80.2266 -71.5039 6
    endloop
  endfacet
  facet normal 0 0 1
    outer loop
      vertex 80.069 -71.6208 6
      vertex 80.0185 -88.9735 6
      vertex 80.2079 -89.0871 6
    endloop
  endfacet
  facet normal -0 0 1
    outer loop
      vertex 79.9007 -71.7217 6
      vertex 80.0185 -88.9735 6
      vertex 80.069 -71.6208 6
    endloop
  endfacet
  facet normal 0 0 1
    outer loop
      vertex 79.9007 -71.7217 6
      vertex 79.8189 -88.8791 6
      vertex 80.0185 -88.9735 6
    endloop
  endfacet
  facet normal -0 0 1
    outer loop
      vertex 79.7232 -71.8056 6
      vertex 79.8189 -88.8791 6
      vertex 79.9007 -71.7217 6
    endloop
  endfacet
  facet normal 0 0 1
    outer loop
      vertex 79.7232 -71.8056 6
      vertex 79.611 -88.8047 6
      vertex 79.8189 -88.8791 6
    endloop
  endfacet
  facet normal -0 0 1
    outer loop
      vertex 79.5384 -71.8717 6
      vertex 79.611 -88.8047 6
      vertex 79.7232 -71.8056 6
    endloop
  endfacet
  facet normal 0 0 1
    outer loop
      vertex 79.5384 -71.8717 6
      vertex 79.3968 -88.7511 6
      vertex 79.611 -88.8047 6
    endloop
  endfacet
  facet normal -0 0 1
    outer loop
      vertex 79.348 -71.9194 6
      vertex 79.3968 -88.7511 6
      vertex 79.5384 -71.8717 6
    endloop
  endfacet
  facet normal 0 0 1
    outer loop
      vertex 79.348 -71.9194 6
      vertex 79.1784 -88.7187 6
      vertex 79.3968 -88.7511 6
    endloop
  endfacet
  facet normal -0 0 1
    outer loop
      vertex 79.1539 -71.9482 6
      vertex 79.1784 -88.7187 6
      vertex 79.348 -71.9194 6
    endloop
  endfacet
  facet normal -0 0 1
    outer loop
      vertex 78.9579 -71.9579 6
      vertex 79.1784 -88.7187 6
      vertex 79.1539 -71.9482 6
    endloop
  endfacet
  facet normal 0 0 1
    outer loop
      vertex 78.9579 -71.9579 6
      vertex 78.9579 -88.7079 6
      vertex 79.1784 -88.7187 6
    endloop
  endfacet
  facet normal 0 0 1
    outer loop
      vertex 78.7618 -71.9482 6
      vertex 78.9579 -88.7079 6
      vertex 78.9579 -71.9579 6
    endloop
  endfacet
  facet normal 0 0 1
    outer loop
      vertex 78.7618 -71.9482 6
      vertex 78.7373 -88.7187 6
      vertex 78.9579 -88.7079 6
    endloop
  endfacet
  facet normal 0 0 1
    outer loop
      vertex 78.5677 -71.9194 6
      vertex 78.7373 -88.7187 6
      vertex 78.7618 -71.9482 6
    endloop
  endfacet
  facet normal 0 0 1
    outer loop
      vertex 78.5677 -71.9194 6
      vertex 78.5189 -88.7511 6
      vertex 78.7373 -88.7187 6
    endloop
  endfacet
  facet normal 0 0 1
    outer loop
      vertex 78.3773 -71.8717 6
      vertex 78.5189 -88.7511 6
      vertex 78.5677 -71.9194 6
    endloop
  endfacet
  facet normal 0 0 1
    outer loop
      vertex 78.3773 -71.8717 6
      vertex 78.3047 -88.8047 6
      vertex 78.5189 -88.7511 6
    endloop
  endfacet
  facet normal 0 0 1
    outer loop
      vertex 78.1925 -71.8056 6
      vertex 78.3047 -88.8047 6
      vertex 78.3773 -71.8717 6
    endloop
  endfacet
  facet normal 0 0 1
    outer loop
      vertex 78.1925 -71.8056 6
      vertex 78.0968 -88.8791 6
      vertex 78.3047 -88.8047 6
    endloop
  endfacet
  facet normal 0 0 1
    outer loop
      vertex 78.0151 -71.7217 6
      vertex 78.0968 -88.8791 6
      vertex 78.1925 -71.8056 6
    endloop
  endfacet
  facet normal 0 0 1
    outer loop
      vertex 78.0151 -71.7217 6
      vertex 77.8972 -88.9735 6
      vertex 78.0968 -88.8791 6
    endloop
  endfacet
  facet normal 0 0 1
    outer loop
      vertex 77.8467 -71.6208 6
      vertex 77.8972 -88.9735 6
      vertex 78.0151 -71.7217 6
    endloop
  endfacet
  facet normal 0 0 1
    outer loop
      vertex 77.8467 -71.6208 6
      vertex 77.7078 -89.0871 6
      vertex 77.8972 -88.9735 6
    endloop
  endfacet
  facet normal 0 0 1
    outer loop
      vertex 77.6891 -71.5039 6
      vertex 77.7078 -89.0871 6
      vertex 77.8467 -71.6208 6
    endloop
  endfacet
  facet normal 0 0 1
    outer loop
      vertex 77.5305 -89.2186 6
      vertex 77.6891 -71.5039 6
      vertex 77.5436 -71.3721 6
    endloop
  endfacet
  facet normal 0 0 1
    outer loop
      vertex 77.6891 -71.5039 6
      vertex 77.5305 -89.2186 6
      vertex 77.7078 -89.0871 6
    endloop
  endfacet
  facet normal 0 0 1
    outer loop
      vertex 77.3669 -89.3669 6
      vertex 77.5436 -71.3721 6
      vertex 77.4118 -71.2266 6
    endloop
  endfacet
  facet normal 0 0 1
    outer loop
      vertex 77.5436 -71.3721 6
      vertex 77.3669 -89.3669 6
      vertex 77.5305 -89.2186 6
    endloop
  endfacet
  facet normal 0 0 1
    outer loop
      vertex 77.2186 -89.5305 6
      vertex 77.4118 -71.2266 6
      vertex 77.2949 -71.069 6
    endloop
  endfacet
  facet normal 0 0 1
    outer loop
      vertex 77.4118 -71.2266 6
      vertex 77.2186 -89.5305 6
      vertex 77.3669 -89.3669 6
    endloop
  endfacet
  facet normal 0 0 1
    outer loop
      vertex 77.0871 -89.7078 6
      vertex 77.2949 -71.069 6
      vertex 77.194 -70.9007 6
    endloop
  endfacet
  facet normal 0 0 1
    outer loop
      vertex 76.9735 -89.8972 6
      vertex 77.194 -70.9007 6
      vertex 77.1101 -70.7232 6
    endloop
  endfacet
  facet normal 0 0 1
    outer loop
      vertex 77.2949 -71.069 6
      vertex 77.0871 -89.7078 6
      vertex 77.2186 -89.5305 6
    endloop
  endfacet
  facet normal 0 0 1
    outer loop
      vertex 76.8791 -90.0968 6
      vertex 77.1101 -70.7232 6
      vertex 77.044 -70.5384 6
    endloop
  endfacet
  facet normal 0 0 1
    outer loop
      vertex 76.8047 -90.3047 6
      vertex 77.044 -70.5384 6
      vertex 76.9963 -70.348 6
    endloop
  endfacet
  facet normal 0 0 1
    outer loop
      vertex 77.194 -70.9007 6
      vertex 76.9735 -89.8972 6
      vertex 77.0871 -89.7078 6
    endloop
  endfacet
  facet normal 0 0 1
    outer loop
      vertex 76.7511 -90.5189 6
      vertex 76.9963 -70.348 6
      vertex 76.9675 -70.1539 6
    endloop
  endfacet
  facet normal 0 0 1
    outer loop
      vertex 76.7187 -90.7373 6
      vertex 76.9675 -70.1539 6
      vertex 76.9579 -69.9579 6
    endloop
  endfacet
  facet normal 0 0 1
    outer loop
      vertex 76.9963 -69.5677 6
      vertex 76.7511 -0.438952 6
      vertex 76.9675 -69.7618 6
    endloop
  endfacet
  facet normal 0 0 1
    outer loop
      vertex 77.1101 -70.7232 6
      vertex 76.8791 -90.0968 6
      vertex 76.9735 -89.8972 6
    endloop
  endfacet
  facet normal 0 0 1
    outer loop
      vertex 76.7187 -0.220538 6
      vertex 76.9675 -69.7618 6
      vertex 76.7511 -0.438952 6
    endloop
  endfacet
  facet normal 0 0 1
    outer loop
      vertex 77.044 -70.5384 6
      vertex 76.8047 -90.3047 6
      vertex 76.8791 -90.0968 6
    endloop
  endfacet
  facet normal 0 0 1
    outer loop
      vertex 76.9675 -69.7618 6
      vertex 76.7187 -0.220538 6
      vertex 76.9579 -69.9579 6
    endloop
  endfacet
  facet normal 0 0 1
    outer loop
      vertex 76.9963 -70.348 6
      vertex 76.7511 -90.5189 6
      vertex 76.8047 -90.3047 6
    endloop
  endfacet
  facet normal 0 0 1
    outer loop
      vertex 76.7079 0 6
      vertex 76.9579 -69.9579 6
      vertex 76.7187 -0.220538 6
    endloop
  endfacet
  facet normal 0 0 1
    outer loop
      vertex 76.9675 -70.1539 6
      vertex 76.7187 -90.7373 6
      vertex 76.7511 -90.5189 6
    endloop
  endfacet
  facet normal 0 0 1
    outer loop
      vertex 76.7079 -90.9579 6
      vertex 76.9579 -69.9579 6
      vertex 76.7079 0 6
    endloop
  endfacet
  facet normal 0 0 1
    outer loop
      vertex 76.9579 -69.9579 6
      vertex 76.7079 -90.9579 6
      vertex 76.7187 -90.7373 6
    endloop
  endfacet
  facet normal -0 0 -1
    outer loop
      vertex -0.65314 88.8047 0
      vertex -76.9735 1.06064 0
      vertex -0.861037 88.8791 0
    endloop
  endfacet
  facet normal 0 0 -1
    outer loop
      vertex -1.42738 89.2186 0
      vertex -76.7187 90.7373 0
      vertex -76.7079 90.9579 0
    endloop
  endfacet
  facet normal 0 0 -1
    outer loop
      vertex -77.0871 1.25003 0
      vertex -0.861037 88.8791 0
      vertex -76.9735 1.06064 0
    endloop
  endfacet
  facet normal 0 0 -1
    outer loop
      vertex -1.42738 89.2186 0
      vertex -76.7511 90.5189 0
      vertex -76.7187 90.7373 0
    endloop
  endfacet
  facet normal -0 0 -1
    outer loop
      vertex -0.861037 88.8791 0
      vertex -77.0871 1.25003 0
      vertex -1.06064 88.9735 0
    endloop
  endfacet
  facet normal 0 0 -1
    outer loop
      vertex -1.42738 89.2186 0
      vertex -76.8047 90.3047 0
      vertex -76.7511 90.5189 0
    endloop
  endfacet
  facet normal 0 0 -1
    outer loop
      vertex -77.2186 1.42738 0
      vertex -1.06064 88.9735 0
      vertex -77.0871 1.25003 0
    endloop
  endfacet
  facet normal 0 0 -1
    outer loop
      vertex -1.42738 89.2186 0
      vertex -76.8791 90.0968 0
      vertex -76.8047 90.3047 0
    endloop
  endfacet
  facet normal -0 0 -1
    outer loop
      vertex -1.06064 88.9735 0
      vertex -77.2186 1.42738 0
      vertex -1.25003 89.0871 0
    endloop
  endfacet
  facet normal 0 0 -1
    outer loop
      vertex -1.42738 89.2186 0
      vertex -76.9735 89.8972 0
      vertex -76.8791 90.0968 0
    endloop
  endfacet
  facet normal 0 0 -1
    outer loop
      vertex -77.3669 1.59099 0
      vertex -1.25003 89.0871 0
      vertex -77.2186 1.42738 0
    endloop
  endfacet
  facet normal 0 0 -1
    outer loop
      vertex -1.42738 89.2186 0
      vertex -77.0871 89.7078 0
      vertex -76.9735 89.8972 0
    endloop
  endfacet
  facet normal -0 0 -1
    outer loop
      vertex -1.25003 89.0871 0
      vertex -77.3669 1.59099 0
      vertex -1.42738 89.2186 0
    endloop
  endfacet
  facet normal 0 0 -1
    outer loop
      vertex -1.42738 89.2186 0
      vertex -77.2186 89.5305 0
      vertex -77.0871 89.7078 0
    endloop
  endfacet
  facet normal 0 0 -1
    outer loop
      vertex -77.5305 1.73927 0
      vertex -1.42738 89.2186 0
      vertex -77.3669 1.59099 0
    endloop
  endfacet
  facet normal 0 0 -1
    outer loop
      vertex -1.42738 89.2186 0
      vertex -77.3669 89.3669 0
      vertex -77.2186 89.5305 0
    endloop
  endfacet
  facet normal 0 0 -1
    outer loop
      vertex -77.5305 89.2186 0
      vertex -1.42738 89.2186 0
      vertex -77.5305 1.73927 0
    endloop
  endfacet
  facet normal 0 0 -1
    outer loop
      vertex -1.42738 89.2186 0
      vertex -77.5305 89.2186 0
      vertex -77.3669 89.3669 0
    endloop
  endfacet
  facet normal 0 0 -1
    outer loop
      vertex -77.7078 1.87081 0
      vertex -77.5305 89.2186 0
      vertex -77.5305 1.73927 0
    endloop
  endfacet
  facet normal 0 0 -1
    outer loop
      vertex -77.7078 1.87081 0
      vertex -77.7078 89.0871 0
      vertex -77.5305 89.2186 0
    endloop
  endfacet
  facet normal 0 0 -1
    outer loop
      vertex -77.8972 1.98432 0
      vertex -77.7078 89.0871 0
      vertex -77.7078 1.87081 0
    endloop
  endfacet
  facet normal 0 0 -1
    outer loop
      vertex -77.8972 1.98432 0
      vertex -77.8972 88.9735 0
      vertex -77.7078 89.0871 0
    endloop
  endfacet
  facet normal 0 0 -1
    outer loop
      vertex -78.0968 2.07873 0
      vertex -77.8972 88.9735 0
      vertex -77.8972 1.98432 0
    endloop
  endfacet
  facet normal 0 0 -1
    outer loop
      vertex -78.0968 2.07873 0
      vertex -78.0968 88.8791 0
      vertex -77.8972 88.9735 0
    endloop
  endfacet
  facet normal 0 0 -1
    outer loop
      vertex -78.3047 2.15312 0
      vertex -78.0968 88.8791 0
      vertex -78.0968 2.07873 0
    endloop
  endfacet
  facet normal 0 0 -1
    outer loop
      vertex -78.3047 2.15312 0
      vertex -78.3047 88.8047 0
      vertex -78.0968 88.8791 0
    endloop
  endfacet
  facet normal 0 0 -1
    outer loop
      vertex -78.5189 2.20677 0
      vertex -78.3047 88.8047 0
      vertex -78.3047 2.15312 0
    endloop
  endfacet
  facet normal 0 0 -1
    outer loop
      vertex -78.5189 2.20677 0
      vertex -78.5189 88.7511 0
      vertex -78.3047 88.8047 0
    endloop
  endfacet
  facet normal 0 0 -1
    outer loop
      vertex -78.7373 2.23917 0
      vertex -78.5189 88.7511 0
      vertex -78.5189 2.20677 0
    endloop
  endfacet
  facet normal 0 0 -1
    outer loop
      vertex -78.7373 2.23917 0
      vertex -78.7373 88.7187 0
      vertex -78.5189 88.7511 0
    endloop
  endfacet
  facet normal 0 0 -1
    outer loop
      vertex -78.9579 2.25 0
      vertex -78.7373 88.7187 0
      vertex -78.7373 2.23917 0
    endloop
  endfacet
  facet normal 0 0 -1
    outer loop
      vertex -78.9579 2.25 0
      vertex -78.9579 88.7079 0
      vertex -78.7373 88.7187 0
    endloop
  endfacet
  facet normal 0 0 -1
    outer loop
      vertex -79.1784 2.23917 0
      vertex -78.9579 88.7079 0
      vertex -78.9579 2.25 0
    endloop
  endfacet
  facet normal 0 0 -1
    outer loop
      vertex -79.1784 2.23917 0
      vertex -79.1784 88.7187 0
      vertex -78.9579 88.7079 0
    endloop
  endfacet
  facet normal 0 0 -1
    outer loop
      vertex -79.3968 2.20677 0
      vertex -79.1784 88.7187 0
      vertex -79.1784 2.23917 0
    endloop
  endfacet
  facet normal 0 0 -1
    outer loop
      vertex -79.3968 2.20677 0
      vertex -79.3968 88.7511 0
      vertex -79.1784 88.7187 0
    endloop
  endfacet
  facet normal 0 0 -1
    outer loop
      vertex -79.611 2.15312 0
      vertex -79.3968 88.7511 0
      vertex -79.3968 2.20677 0
    endloop
  endfacet
  facet normal 0 0 -1
    outer loop
      vertex -79.611 2.15312 0
      vertex -79.611 88.8047 0
      vertex -79.3968 88.7511 0
    endloop
  endfacet
  facet normal 0 0 -1
    outer loop
      vertex -79.8189 2.07873 0
      vertex -79.611 88.8047 0
      vertex -79.611 2.15312 0
    endloop
  endfacet
  facet normal 0 0 -1
    outer loop
      vertex -79.8189 2.07873 0
      vertex -79.8189 88.8791 0
      vertex -79.611 88.8047 0
    endloop
  endfacet
  facet normal 0 0 -1
    outer loop
      vertex -80.0185 1.98432 0
      vertex -79.8189 88.8791 0
      vertex -79.8189 2.07873 0
    endloop
  endfacet
  facet normal 0 0 -1
    outer loop
      vertex -80.0185 1.98432 0
      vertex -80.0185 88.9735 0
      vertex -79.8189 88.8791 0
    endloop
  endfacet
  facet normal 0 0 -1
    outer loop
      vertex -80.2079 1.87081 0
      vertex -80.0185 88.9735 0
      vertex -80.0185 1.98432 0
    endloop
  endfacet
  facet normal 0 0 -1
    outer loop
      vertex -80.2079 1.87081 0
      vertex -80.2079 89.0871 0
      vertex -80.0185 88.9735 0
    endloop
  endfacet
  facet normal 0 0 -1
    outer loop
      vertex -80.3852 1.73927 0
      vertex -80.2079 89.0871 0
      vertex -80.2079 1.87081 0
    endloop
  endfacet
  facet normal 0 0 -1
    outer loop
      vertex -80.3852 1.73927 0
      vertex -80.3852 89.2186 0
      vertex -80.2079 89.0871 0
    endloop
  endfacet
  facet normal 0 0 -1
    outer loop
      vertex -80.5489 1.59099 0
      vertex -80.3852 89.2186 0
      vertex -80.3852 1.73927 0
    endloop
  endfacet
  facet normal 0 0 -1
    outer loop
      vertex -80.5489 1.59099 0
      vertex -80.5489 89.3669 0
      vertex -80.3852 89.2186 0
    endloop
  endfacet
  facet normal 0 0 -1
    outer loop
      vertex -80.6971 1.42738 0
      vertex -80.5489 89.3669 0
      vertex -80.5489 1.59099 0
    endloop
  endfacet
  facet normal 0 0 -1
    outer loop
      vertex -80.6971 1.42738 0
      vertex -80.6971 89.5305 0
      vertex -80.5489 89.3669 0
    endloop
  endfacet
  facet normal 0 0 -1
    outer loop
      vertex -80.8287 1.25003 0
      vertex -80.6971 89.5305 0
      vertex -80.6971 1.42738 0
    endloop
  endfacet
  facet normal 0 0 -1
    outer loop
      vertex -80.8287 1.25003 0
      vertex -80.8287 89.7078 0
      vertex -80.6971 89.5305 0
    endloop
  endfacet
  facet normal 0 0 -1
    outer loop
      vertex -80.9422 1.06064 0
      vertex -80.8287 89.7078 0
      vertex -80.8287 1.25003 0
    endloop
  endfacet
  facet normal 0 0 -1
    outer loop
      vertex -80.9422 1.06064 0
      vertex -80.9422 89.8972 0
      vertex -80.8287 89.7078 0
    endloop
  endfacet
  facet normal 0 0 -1
    outer loop
      vertex -85.9579 97.9579 0
      vertex -80.9422 1.06064 0
      vertex -81.0366 0.861037 0
    endloop
  endfacet
  facet normal 0 0 -1
    outer loop
      vertex -80.9422 1.06064 0
      vertex -85.9579 97.9579 0
      vertex -80.9422 89.8972 0
    endloop
  endfacet
  facet normal 0 0 -1
    outer loop
      vertex -85.9579 97.9579 0
      vertex -81.0366 0.861037 0
      vertex -81.111 0.65314 0
    endloop
  endfacet
  facet normal 0 0 -1
    outer loop
      vertex -80.9422 89.8972 0
      vertex -85.9579 97.9579 0
      vertex -81.0366 90.0968 0
    endloop
  endfacet
  facet normal 0 0 -1
    outer loop
      vertex -85.9579 97.9579 0
      vertex -81.111 0.65314 0
      vertex -81.1646 0.438952 0
    endloop
  endfacet
  facet normal 0 0 -1
    outer loop
      vertex -81.0366 90.0968 0
      vertex -85.9579 97.9579 0
      vertex -81.111 90.3047 0
    endloop
  endfacet
  facet normal 0 0 -1
    outer loop
      vertex -85.9579 97.9579 0
      vertex -81.1646 0.438952 0
      vertex -81.197 0.220538 0
    endloop
  endfacet
  facet normal 0 0 -1
    outer loop
      vertex -81.111 90.3047 0
      vertex -85.9579 97.9579 0
      vertex -81.1646 90.5189 0
    endloop
  endfacet
  facet normal 0 0 -1
    outer loop
      vertex -85.9579 97.9579 0
      vertex -81.197 0.220538 0
      vertex -81.2079 0 0
    endloop
  endfacet
  facet normal 0 0 -1
    outer loop
      vertex -81.1646 90.5189 0
      vertex -85.9579 97.9579 0
      vertex -81.197 90.7373 0
    endloop
  endfacet
  facet normal 0 0 -1
    outer loop
      vertex -1.98432 -89.8972 0
      vertex -76.9735 -89.8972 0
      vertex -1.87081 -89.7078 0
    endloop
  endfacet
  facet normal 0 0 -1
    outer loop
      vertex -1.42738 -89.2186 0
      vertex -76.7187 -0.220538 0
      vertex -76.7079 0 0
    endloop
  endfacet
  facet normal 0 0 -1
    outer loop
      vertex -77.0871 -89.7078 0
      vertex -1.87081 -89.7078 0
      vertex -76.9735 -89.8972 0
    endloop
  endfacet
  facet normal 0 0 -1
    outer loop
      vertex -1.42738 -89.2186 0
      vertex -76.7511 -0.438952 0
      vertex -76.7187 -0.220538 0
    endloop
  endfacet
  facet normal 0 0 -1
    outer loop
      vertex -1.87081 -89.7078 0
      vertex -77.0871 -89.7078 0
      vertex -1.73927 -89.5305 0
    endloop
  endfacet
  facet normal 0 0 -1
    outer loop
      vertex -1.42738 -89.2186 0
      vertex -76.8047 -0.65314 0
      vertex -76.7511 -0.438952 0
    endloop
  endfacet
  facet normal 0 0 -1
    outer loop
      vertex -77.2186 -89.5305 0
      vertex -1.73927 -89.5305 0
      vertex -77.0871 -89.7078 0
    endloop
  endfacet
  facet normal 0 0 -1
    outer loop
      vertex -1.42738 -89.2186 0
      vertex -76.8791 -0.861037 0
      vertex -76.8047 -0.65314 0
    endloop
  endfacet
  facet normal 0 0 -1
    outer loop
      vertex -1.73927 -89.5305 0
      vertex -77.2186 -89.5305 0
      vertex -1.59099 -89.3669 0
    endloop
  endfacet
  facet normal 0 0 -1
    outer loop
      vertex -1.42738 -89.2186 0
      vertex -76.9735 -1.06064 0
      vertex -76.8791 -0.861037 0
    endloop
  endfacet
  facet normal 0 0 -1
    outer loop
      vertex -77.3669 -89.3669 0
      vertex -1.59099 -89.3669 0
      vertex -77.2186 -89.5305 0
    endloop
  endfacet
  facet normal 0 0 -1
    outer loop
      vertex -1.42738 -89.2186 0
      vertex -77.0871 -1.25003 0
      vertex -76.9735 -1.06064 0
    endloop
  endfacet
  facet normal 0 0 -1
    outer loop
      vertex -1.59099 -89.3669 0
      vertex -77.3669 -89.3669 0
      vertex -1.42738 -89.2186 0
    endloop
  endfacet
  facet normal 0 0 -1
    outer loop
      vertex -1.42738 -89.2186 0
      vertex -77.2186 -1.42738 0
      vertex -77.0871 -1.25003 0
    endloop
  endfacet
  facet normal 0 0 -1
    outer loop
      vertex -77.5305 -89.2186 0
      vertex -1.42738 -89.2186 0
      vertex -77.3669 -89.3669 0
    endloop
  endfacet
  facet normal 0 0 -1
    outer loop
      vertex -1.42738 -89.2186 0
      vertex -77.3669 -1.59099 0
      vertex -77.2186 -1.42738 0
    endloop
  endfacet
  facet normal 0 0 -1
    outer loop
      vertex -77.5305 -1.73927 0
      vertex -1.42738 -89.2186 0
      vertex -77.5305 -89.2186 0
    endloop
  endfacet
  facet normal 0 0 -1
    outer loop
      vertex -1.42738 -89.2186 0
      vertex -77.5305 -1.73927 0
      vertex -77.3669 -1.59099 0
    endloop
  endfacet
  facet normal 0 0 -1
    outer loop
      vertex -77.7078 -89.0871 0
      vertex -77.5305 -1.73927 0
      vertex -77.5305 -89.2186 0
    endloop
  endfacet
  facet normal 0 0 -1
    outer loop
      vertex -77.7078 -89.0871 0
      vertex -77.7078 -1.87081 0
      vertex -77.5305 -1.73927 0
    endloop
  endfacet
  facet normal 0 0 -1
    outer loop
      vertex -77.8972 -88.9735 0
      vertex -77.7078 -1.87081 0
      vertex -77.7078 -89.0871 0
    endloop
  endfacet
  facet normal 0 0 -1
    outer loop
      vertex -77.8972 -88.9735 0
      vertex -77.8972 -1.98432 0
      vertex -77.7078 -1.87081 0
    endloop
  endfacet
  facet normal 0 0 -1
    outer loop
      vertex -78.0968 -88.8791 0
      vertex -77.8972 -1.98432 0
      vertex -77.8972 -88.9735 0
    endloop
  endfacet
  facet normal 0 0 -1
    outer loop
      vertex -78.0968 -88.8791 0
      vertex -78.0968 -2.07873 0
      vertex -77.8972 -1.98432 0
    endloop
  endfacet
  facet normal 0 0 -1
    outer loop
      vertex -78.3047 -88.8047 0
      vertex -78.0968 -2.07873 0
      vertex -78.0968 -88.8791 0
    endloop
  endfacet
  facet normal 0 0 -1
    outer loop
      vertex -78.3047 -88.8047 0
      vertex -78.3047 -2.15312 0
      vertex -78.0968 -2.07873 0
    endloop
  endfacet
  facet normal 0 0 -1
    outer loop
      vertex -78.5189 -88.7511 0
      vertex -78.3047 -2.15312 0
      vertex -78.3047 -88.8047 0
    endloop
  endfacet
  facet normal 0 0 -1
    outer loop
      vertex -78.5189 -88.7511 0
      vertex -78.5189 -2.20677 0
      vertex -78.3047 -2.15312 0
    endloop
  endfacet
  facet normal 0 0 -1
    outer loop
      vertex -78.7373 -88.7187 0
      vertex -78.5189 -2.20677 0
      vertex -78.5189 -88.7511 0
    endloop
  endfacet
  facet normal 0 0 -1
    outer loop
      vertex -78.7373 -88.7187 0
      vertex -78.7373 -2.23917 0
      vertex -78.5189 -2.20677 0
    endloop
  endfacet
  facet normal 0 0 -1
    outer loop
      vertex -78.9579 -88.7079 0
      vertex -78.7373 -2.23917 0
      vertex -78.7373 -88.7187 0
    endloop
  endfacet
  facet normal 0 0 -1
    outer loop
      vertex -78.9579 -88.7079 0
      vertex -78.9579 -2.25 0
      vertex -78.7373 -2.23917 0
    endloop
  endfacet
  facet normal 0 0 -1
    outer loop
      vertex -79.1784 -88.7187 0
      vertex -78.9579 -2.25 0
      vertex -78.9579 -88.7079 0
    endloop
  endfacet
  facet normal 0 0 -1
    outer loop
      vertex -79.1784 -88.7187 0
      vertex -79.1784 -2.23917 0
      vertex -78.9579 -2.25 0
    endloop
  endfacet
  facet normal 0 0 -1
    outer loop
      vertex -79.3968 -88.7511 0
      vertex -79.1784 -2.23917 0
      vertex -79.1784 -88.7187 0
    endloop
  endfacet
  facet normal 0 0 -1
    outer loop
      vertex -79.3968 -88.7511 0
      vertex -79.3968 -2.20677 0
      vertex -79.1784 -2.23917 0
    endloop
  endfacet
  facet normal 0 0 -1
    outer loop
      vertex -79.611 -88.8047 0
      vertex -79.3968 -2.20677 0
      vertex -79.3968 -88.7511 0
    endloop
  endfacet
  facet normal 0 0 -1
    outer loop
      vertex -79.611 -88.8047 0
      vertex -79.611 -2.15312 0
      vertex -79.3968 -2.20677 0
    endloop
  endfacet
  facet normal 0 0 -1
    outer loop
      vertex -79.8189 -88.8791 0
      vertex -79.611 -2.15312 0
      vertex -79.611 -88.8047 0
    endloop
  endfacet
  facet normal 0 0 -1
    outer loop
      vertex -79.8189 -88.8791 0
      vertex -79.8189 -2.07873 0
      vertex -79.611 -2.15312 0
    endloop
  endfacet
  facet normal 0 0 -1
    outer loop
      vertex -80.0185 -88.9735 0
      vertex -79.8189 -2.07873 0
      vertex -79.8189 -88.8791 0
    endloop
  endfacet
  facet normal 0 0 -1
    outer loop
      vertex -80.0185 -88.9735 0
      vertex -80.0185 -1.98432 0
      vertex -79.8189 -2.07873 0
    endloop
  endfacet
  facet normal 0 0 -1
    outer loop
      vertex -80.2079 -89.0871 0
      vertex -80.0185 -1.98432 0
      vertex -80.0185 -88.9735 0
    endloop
  endfacet
  facet normal 0 0 -1
    outer loop
      vertex -80.2079 -89.0871 0
      vertex -80.2079 -1.87081 0
      vertex -80.0185 -1.98432 0
    endloop
  endfacet
  facet normal 0 0 -1
    outer loop
      vertex -80.3852 -89.2186 0
      vertex -80.2079 -1.87081 0
      vertex -80.2079 -89.0871 0
    endloop
  endfacet
  facet normal 0 0 -1
    outer loop
      vertex -80.3852 -89.2186 0
      vertex -80.3852 -1.73927 0
      vertex -80.2079 -1.87081 0
    endloop
  endfacet
  facet normal 0 0 -1
    outer loop
      vertex -80.5489 -89.3669 0
      vertex -80.3852 -1.73927 0
      vertex -80.3852 -89.2186 0
    endloop
  endfacet
  facet normal 0 0 -1
    outer loop
      vertex -80.5489 -89.3669 0
      vertex -80.5489 -1.59099 0
      vertex -80.3852 -1.73927 0
    endloop
  endfacet
  facet normal 0 0 -1
    outer loop
      vertex -80.6971 -89.5305 0
      vertex -80.5489 -1.59099 0
      vertex -80.5489 -89.3669 0
    endloop
  endfacet
  facet normal 0 0 -1
    outer loop
      vertex -80.6971 -89.5305 0
      vertex -80.6971 -1.42738 0
      vertex -80.5489 -1.59099 0
    endloop
  endfacet
  facet normal 0 0 -1
    outer loop
      vertex -80.8287 -89.7078 0
      vertex -80.6971 -1.42738 0
      vertex -80.6971 -89.5305 0
    endloop
  endfacet
  facet normal 0 0 -1
    outer loop
      vertex -80.8287 -89.7078 0
      vertex -80.8287 -1.25003 0
      vertex -80.6971 -1.42738 0
    endloop
  endfacet
  facet normal 0 0 -1
    outer loop
      vertex -80.9422 -89.8972 0
      vertex -80.8287 -1.25003 0
      vertex -80.8287 -89.7078 0
    endloop
  endfacet
  facet normal 0 0 -1
    outer loop
      vertex -80.9422 -89.8972 0
      vertex -80.9422 -1.06064 0
      vertex -80.8287 -1.25003 0
    endloop
  endfacet
  facet normal 0 0 -1
    outer loop
      vertex -85.9579 -97.9579 0
      vertex -80.9422 -89.8972 0
      vertex -81.0366 -90.0968 0
    endloop
  endfacet
  facet normal -0 0 -1
    outer loop
      vertex -80.9422 -89.8972 0
      vertex -85.9579 -97.9579 0
      vertex -80.9422 -1.06064 0
    endloop
  endfacet
  facet normal 0 0 -1
    outer loop
      vertex -85.9579 -97.9579 0
      vertex -81.0366 -90.0968 0
      vertex -81.111 -90.3047 0
    endloop
  endfacet
  facet normal -0 0 -1
    outer loop
      vertex -80.9422 -1.06064 0
      vertex -85.9579 -97.9579 0
      vertex -81.0366 -0.861037 0
    endloop
  endfacet
  facet normal 0 0 -1
    outer loop
      vertex -85.9579 -97.9579 0
      vertex -81.111 -90.3047 0
      vertex -81.1646 -90.5189 0
    endloop
  endfacet
  facet normal -0 0 -1
    outer loop
      vertex -81.0366 -0.861037 0
      vertex -85.9579 -97.9579 0
      vertex -81.111 -0.65314 0
    endloop
  endfacet
  facet normal 0 0 -1
    outer loop
      vertex -85.9579 -97.9579 0
      vertex -81.1646 -90.5189 0
      vertex -81.197 -90.7373 0
    endloop
  endfacet
  facet normal -0 0 -1
    outer loop
      vertex -81.111 -0.65314 0
      vertex -85.9579 -97.9579 0
      vertex -81.1646 -0.438952 0
    endloop
  endfacet
  facet normal 0 0 -1
    outer loop
      vertex -85.9579 -97.9579 0
      vertex -81.197 -90.7373 0
      vertex -81.2079 -90.9579 0
    endloop
  endfacet
  facet normal -0 0 -1
    outer loop
      vertex -81.1646 -0.438952 0
      vertex -85.9579 -97.9579 0
      vertex -81.197 -0.220538 0
    endloop
  endfacet
  facet normal 0 0 -1
    outer loop
      vertex 1.25003 -89.0871 0
      vertex 77.3669 -1.59099 0
      vertex 1.42738 -89.2186 0
    endloop
  endfacet
  facet normal 0 0 -1
    outer loop
      vertex 76.7079 0 0
      vertex 2.23917 90.7373 0
      vertex 2.25 90.9579 0
    endloop
  endfacet
  facet normal -0 0 -1
    outer loop
      vertex 77.3669 -1.59099 0
      vertex 1.25003 -89.0871 0
      vertex 77.2186 -1.42738 0
    endloop
  endfacet
  facet normal 0 0 -1
    outer loop
      vertex 76.7079 0 0
      vertex 2.20677 90.5189 0
      vertex 2.23917 90.7373 0
    endloop
  endfacet
  facet normal 0 0 -1
    outer loop
      vertex 1.06064 -88.9735 0
      vertex 77.2186 -1.42738 0
      vertex 1.25003 -89.0871 0
    endloop
  endfacet
  facet normal 0 0 -1
    outer loop
      vertex 76.7079 0 0
      vertex 2.15312 90.3047 0
      vertex 2.20677 90.5189 0
    endloop
  endfacet
  facet normal -0 0 -1
    outer loop
      vertex 77.2186 -1.42738 0
      vertex 1.06064 -88.9735 0
      vertex 77.0871 -1.25003 0
    endloop
  endfacet
  facet normal 0 0 -1
    outer loop
      vertex 76.7079 0 0
      vertex 2.07873 90.0968 0
      vertex 2.15312 90.3047 0
    endloop
  endfacet
  facet normal 0 0 -1
    outer loop
      vertex 0.861037 -88.8791 0
      vertex 77.0871 -1.25003 0
      vertex 1.06064 -88.9735 0
    endloop
  endfacet
  facet normal 0 0 -1
    outer loop
      vertex 76.7079 0 0
      vertex 1.98432 89.8972 0
      vertex 2.07873 90.0968 0
    endloop
  endfacet
  facet normal -0 0 -1
    outer loop
      vertex 77.0871 -1.25003 0
      vertex 0.861037 -88.8791 0
      vertex 76.9735 -1.06064 0
    endloop
  endfacet
  facet normal 0 0 -1
    outer loop
      vertex 76.7079 0 0
      vertex 1.87081 89.7078 0
      vertex 1.98432 89.8972 0
    endloop
  endfacet
  facet normal 0 0 -1
    outer loop
      vertex 0.65314 -88.8047 0
      vertex 76.9735 -1.06064 0
      vertex 0.861037 -88.8791 0
    endloop
  endfacet
  facet normal 0 0 -1
    outer loop
      vertex 76.7079 0 0
      vertex 1.73927 89.5305 0
      vertex 1.87081 89.7078 0
    endloop
  endfacet
  facet normal -0 0 -1
    outer loop
      vertex 76.9735 -1.06064 0
      vertex 0.65314 -88.8047 0
      vertex 76.8791 -0.861037 0
    endloop
  endfacet
  facet normal 0 0 -1
    outer loop
      vertex 76.7079 0 0
      vertex 1.59099 89.3669 0
      vertex 1.73927 89.5305 0
    endloop
  endfacet
  facet normal 0 0 -1
    outer loop
      vertex 0.438952 -88.7511 0
      vertex 76.8791 -0.861037 0
      vertex 0.65314 -88.8047 0
    endloop
  endfacet
  facet normal 0 0 -1
    outer loop
      vertex 76.7079 0 0
      vertex 1.42738 89.2186 0
      vertex 1.59099 89.3669 0
    endloop
  endfacet
  facet normal -0 0 -1
    outer loop
      vertex 76.8791 -0.861037 0
      vertex 0.438952 -88.7511 0
      vertex 76.8047 -0.65314 0
    endloop
  endfacet
  facet normal 0 0 -1
    outer loop
      vertex 76.7079 0 0
      vertex 1.25003 89.0871 0
      vertex 1.42738 89.2186 0
    endloop
  endfacet
  facet normal 0 0 -1
    outer loop
      vertex 0.220538 -88.7187 0
      vertex 76.8047 -0.65314 0
      vertex 0.438952 -88.7511 0
    endloop
  endfacet
  facet normal 0 0 -1
    outer loop
      vertex 76.7079 0 0
      vertex 1.06064 88.9735 0
      vertex 1.25003 89.0871 0
    endloop
  endfacet
  facet normal -0 0 -1
    outer loop
      vertex 76.8047 -0.65314 0
      vertex 0.220538 -88.7187 0
      vertex 76.7511 -0.438952 0
    endloop
  endfacet
  facet normal 0 0 -1
    outer loop
      vertex 76.7079 0 0
      vertex 0.861037 88.8791 0
      vertex 1.06064 88.9735 0
    endloop
  endfacet
  facet normal 0 0 -1
    outer loop
      vertex 0 -88.7079 0
      vertex 76.7511 -0.438952 0
      vertex 0.220538 -88.7187 0
    endloop
  endfacet
  facet normal 0 0 -1
    outer loop
      vertex 76.7079 0 0
      vertex 0.65314 88.8047 0
      vertex 0.861037 88.8791 0
    endloop
  endfacet
  facet normal -0 0 -1
    outer loop
      vertex 76.7511 -0.438952 0
      vertex 0 -88.7079 0
      vertex 76.7187 -0.220538 0
    endloop
  endfacet
  facet normal 0 0 -1
    outer loop
      vertex 76.7079 0 0
      vertex 0.438952 88.7511 0
      vertex 0.65314 88.8047 0
    endloop
  endfacet
  facet normal 0 0 -1
    outer loop
      vertex -76.7079 0 0
      vertex 76.7187 -0.220538 0
      vertex 0 -88.7079 0
    endloop
  endfacet
  facet normal 0 0 -1
    outer loop
      vertex 76.7079 0 0
      vertex 0.220538 88.7187 0
      vertex 0.438952 88.7511 0
    endloop
  endfacet
  facet normal 0 0 -1
    outer loop
      vertex 76.7187 -0.220538 0
      vertex -76.7079 0 0
      vertex 76.7079 0 0
    endloop
  endfacet
  facet normal 0 0 -1
    outer loop
      vertex -76.7187 0.220538 0
      vertex 76.7079 0 0
      vertex -76.7079 0 0
    endloop
  endfacet
  facet normal 0 0 -1
    outer loop
      vertex -76.7079 0 0
      vertex 0 -88.7079 0
      vertex -0.220538 -88.7187 0
    endloop
  endfacet
  facet normal 0 0 -1
    outer loop
      vertex 76.7079 0 0
      vertex 0 88.7079 0
      vertex 0.220538 88.7187 0
    endloop
  endfacet
  facet normal 0 0 -1
    outer loop
      vertex -76.7079 0 0
      vertex -0.220538 -88.7187 0
      vertex -0.438952 -88.7511 0
    endloop
  endfacet
  facet normal 0 0 -1
    outer loop
      vertex 76.7079 0 0
      vertex -76.7187 0.220538 0
      vertex 0 88.7079 0
    endloop
  endfacet
  facet normal 0 0 -1
    outer loop
      vertex -76.7079 0 0
      vertex -0.438952 -88.7511 0
      vertex -0.65314 -88.8047 0
    endloop
  endfacet
  facet normal 0 0 -1
    outer loop
      vertex -76.7511 0.438952 0
      vertex 0 88.7079 0
      vertex -76.7187 0.220538 0
    endloop
  endfacet
  facet normal 0 0 -1
    outer loop
      vertex -76.7079 0 0
      vertex -0.65314 -88.8047 0
      vertex -0.861037 -88.8791 0
    endloop
  endfacet
  facet normal -0 0 -1
    outer loop
      vertex 0 88.7079 0
      vertex -76.7511 0.438952 0
      vertex -0.220538 88.7187 0
    endloop
  endfacet
  facet normal 0 0 -1
    outer loop
      vertex -76.7079 0 0
      vertex -0.861037 -88.8791 0
      vertex -1.06064 -88.9735 0
    endloop
  endfacet
  facet normal 0 0 -1
    outer loop
      vertex -76.8047 0.65314 0
      vertex -0.220538 88.7187 0
      vertex -76.7511 0.438952 0
    endloop
  endfacet
  facet normal 0 0 -1
    outer loop
      vertex -76.7079 0 0
      vertex -1.06064 -88.9735 0
      vertex -1.25003 -89.0871 0
    endloop
  endfacet
  facet normal -0 0 -1
    outer loop
      vertex -0.220538 88.7187 0
      vertex -76.8047 0.65314 0
      vertex -0.438952 88.7511 0
    endloop
  endfacet
  facet normal 0 0 -1
    outer loop
      vertex -76.7079 0 0
      vertex -1.25003 -89.0871 0
      vertex -1.42738 -89.2186 0
    endloop
  endfacet
  facet normal 0 0 -1
    outer loop
      vertex -76.8791 0.861037 0
      vertex -0.438952 88.7511 0
      vertex -76.8047 0.65314 0
    endloop
  endfacet
  facet normal 0 0 -1
    outer loop
      vertex -2.07873 -90.0968 0
      vertex -76.8791 -90.0968 0
      vertex -1.98432 -89.8972 0
    endloop
  endfacet
  facet normal -0 0 -1
    outer loop
      vertex -0.438952 88.7511 0
      vertex -76.8791 0.861037 0
      vertex -0.65314 88.8047 0
    endloop
  endfacet
  facet normal 0 0 -1
    outer loop
      vertex -76.8791 -90.0968 0
      vertex -2.07873 -90.0968 0
      vertex -76.8047 -90.3047 0
    endloop
  endfacet
  facet normal 0 0 -1
    outer loop
      vertex -76.9735 1.06064 0
      vertex -0.65314 88.8047 0
      vertex -76.8791 0.861037 0
    endloop
  endfacet
  facet normal 0 0 -1
    outer loop
      vertex -2.15312 -90.3047 0
      vertex -76.8047 -90.3047 0
      vertex -2.07873 -90.0968 0
    endloop
  endfacet
  facet normal 0 0 -1
    outer loop
      vertex -1.42738 89.2186 0
      vertex -76.7079 90.9579 0
      vertex -1.59099 89.3669 0
    endloop
  endfacet
  facet normal 0 0 -1
    outer loop
      vertex -76.8047 -90.3047 0
      vertex -2.15312 -90.3047 0
      vertex -76.7511 -90.5189 0
    endloop
  endfacet
  facet normal 0 0 -1
    outer loop
      vertex -1.59099 89.3669 0
      vertex -76.7079 90.9579 0
      vertex -1.73927 89.5305 0
    endloop
  endfacet
  facet normal 0 0 -1
    outer loop
      vertex -2.20677 -90.5189 0
      vertex -76.7511 -90.5189 0
      vertex -2.15312 -90.3047 0
    endloop
  endfacet
  facet normal 0 0 -1
    outer loop
      vertex -1.73927 89.5305 0
      vertex -76.7079 90.9579 0
      vertex -1.87081 89.7078 0
    endloop
  endfacet
  facet normal 0 0 -1
    outer loop
      vertex -76.7511 -90.5189 0
      vertex -2.20677 -90.5189 0
      vertex -76.7187 -90.7373 0
    endloop
  endfacet
  facet normal 0 0 -1
    outer loop
      vertex -1.87081 89.7078 0
      vertex -76.7079 90.9579 0
      vertex -1.98432 89.8972 0
    endloop
  endfacet
  facet normal 0 0 -1
    outer loop
      vertex -2.23917 -90.7373 0
      vertex -76.7187 -90.7373 0
      vertex -2.20677 -90.5189 0
    endloop
  endfacet
  facet normal 0 0 -1
    outer loop
      vertex -1.98432 89.8972 0
      vertex -76.7079 90.9579 0
      vertex -2.07873 90.0968 0
    endloop
  endfacet
  facet normal 0 0 -1
    outer loop
      vertex -76.7187 -90.7373 0
      vertex -2.23917 -90.7373 0
      vertex -76.7079 -90.9579 0
    endloop
  endfacet
  facet normal 0 0 -1
    outer loop
      vertex -2.07873 90.0968 0
      vertex -76.7079 90.9579 0
      vertex -2.15312 90.3047 0
    endloop
  endfacet
  facet normal 0 0 -1
    outer loop
      vertex -76.7079 -90.9579 0
      vertex -2.23917 -90.7373 0
      vertex -2.25 -90.9579 0
    endloop
  endfacet
  facet normal 0 0 -1
    outer loop
      vertex -2.15312 90.3047 0
      vertex -76.7079 90.9579 0
      vertex -2.20677 90.5189 0
    endloop
  endfacet
  facet normal 0 0 -1
    outer loop
      vertex 81.1646 0.438952 0
      vertex 85.9579 97.9579 0
      vertex 81.197 0.220538 0
    endloop
  endfacet
  facet normal 0 0 -1
    outer loop
      vertex 85.9579 97.9579 0
      vertex 81.197 90.7373 0
      vertex 81.2079 90.9579 0
    endloop
  endfacet
  facet normal 0 0 -1
    outer loop
      vertex 81.111 0.65314 0
      vertex 85.9579 97.9579 0
      vertex 81.1646 0.438952 0
    endloop
  endfacet
  facet normal 0 0 -1
    outer loop
      vertex 85.9579 97.9579 0
      vertex 81.1646 90.5189 0
      vertex 81.197 90.7373 0
    endloop
  endfacet
  facet normal 0 0 -1
    outer loop
      vertex 81.0366 0.861037 0
      vertex 85.9579 97.9579 0
      vertex 81.111 0.65314 0
    endloop
  endfacet
  facet normal 0 0 -1
    outer loop
      vertex 85.9579 97.9579 0
      vertex 81.111 90.3047 0
      vertex 81.1646 90.5189 0
    endloop
  endfacet
  facet normal 0 0 -1
    outer loop
      vertex 80.9422 1.06064 0
      vertex 85.9579 97.9579 0
      vertex 81.0366 0.861037 0
    endloop
  endfacet
  facet normal 0 0 -1
    outer loop
      vertex 85.9579 97.9579 0
      vertex 81.0366 90.0968 0
      vertex 81.111 90.3047 0
    endloop
  endfacet
  facet normal 0 0 -1
    outer loop
      vertex 80.9422 89.8972 0
      vertex 85.9579 97.9579 0
      vertex 80.9422 1.06064 0
    endloop
  endfacet
  facet normal 0 0 -1
    outer loop
      vertex 85.9579 97.9579 0
      vertex 80.9422 89.8972 0
      vertex 81.0366 90.0968 0
    endloop
  endfacet
  facet normal 0 0 -1
    outer loop
      vertex 80.8287 1.25003 0
      vertex 80.9422 89.8972 0
      vertex 80.9422 1.06064 0
    endloop
  endfacet
  facet normal 0 0 -1
    outer loop
      vertex 80.8287 1.25003 0
      vertex 80.8287 89.7078 0
      vertex 80.9422 89.8972 0
    endloop
  endfacet
  facet normal 0 0 -1
    outer loop
      vertex 80.6971 1.42738 0
      vertex 80.8287 89.7078 0
      vertex 80.8287 1.25003 0
    endloop
  endfacet
  facet normal 0 0 -1
    outer loop
      vertex 80.6971 1.42738 0
      vertex 80.6971 89.5305 0
      vertex 80.8287 89.7078 0
    endloop
  endfacet
  facet normal 0 0 -1
    outer loop
      vertex 80.5489 1.59099 0
      vertex 80.6971 89.5305 0
      vertex 80.6971 1.42738 0
    endloop
  endfacet
  facet normal 0 0 -1
    outer loop
      vertex 80.5489 1.59099 0
      vertex 80.5489 89.3669 0
      vertex 80.6971 89.5305 0
    endloop
  endfacet
  facet normal 0 0 -1
    outer loop
      vertex 80.3852 1.73927 0
      vertex 80.5489 89.3669 0
      vertex 80.5489 1.59099 0
    endloop
  endfacet
  facet normal 0 0 -1
    outer loop
      vertex 80.3852 1.73927 0
      vertex 80.3852 89.2186 0
      vertex 80.5489 89.3669 0
    endloop
  endfacet
  facet normal 0 0 -1
    outer loop
      vertex 80.2079 1.87081 0
      vertex 80.3852 89.2186 0
      vertex 80.3852 1.73927 0
    endloop
  endfacet
  facet normal 0 0 -1
    outer loop
      vertex 80.2079 1.87081 0
      vertex 80.2079 89.0871 0
      vertex 80.3852 89.2186 0
    endloop
  endfacet
  facet normal 0 0 -1
    outer loop
      vertex 80.0185 1.98432 0
      vertex 80.2079 89.0871 0
      vertex 80.2079 1.87081 0
    endloop
  endfacet
  facet normal 0 0 -1
    outer loop
      vertex 80.0185 1.98432 0
      vertex 80.0185 88.9735 0
      vertex 80.2079 89.0871 0
    endloop
  endfacet
  facet normal 0 0 -1
    outer loop
      vertex 79.8189 2.07873 0
      vertex 80.0185 88.9735 0
      vertex 80.0185 1.98432 0
    endloop
  endfacet
  facet normal 0 0 -1
    outer loop
      vertex 79.8189 2.07873 0
      vertex 79.8189 88.8791 0
      vertex 80.0185 88.9735 0
    endloop
  endfacet
  facet normal 0 0 -1
    outer loop
      vertex 79.611 2.15312 0
      vertex 79.8189 88.8791 0
      vertex 79.8189 2.07873 0
    endloop
  endfacet
  facet normal 0 0 -1
    outer loop
      vertex 79.611 2.15312 0
      vertex 79.611 88.8047 0
      vertex 79.8189 88.8791 0
    endloop
  endfacet
  facet normal 0 0 -1
    outer loop
      vertex 79.3968 2.20677 0
      vertex 79.611 88.8047 0
      vertex 79.611 2.15312 0
    endloop
  endfacet
  facet normal 0 0 -1
    outer loop
      vertex 79.3968 2.20677 0
      vertex 79.3968 88.7511 0
      vertex 79.611 88.8047 0
    endloop
  endfacet
  facet normal 0 0 -1
    outer loop
      vertex 79.1784 2.23917 0
      vertex 79.3968 88.7511 0
      vertex 79.3968 2.20677 0
    endloop
  endfacet
  facet normal 0 0 -1
    outer loop
      vertex 79.1784 2.23917 0
      vertex 79.1784 88.7187 0
      vertex 79.3968 88.7511 0
    endloop
  endfacet
  facet normal 0 0 -1
    outer loop
      vertex 78.9579 2.25 0
      vertex 79.1784 88.7187 0
      vertex 79.1784 2.23917 0
    endloop
  endfacet
  facet normal 0 0 -1
    outer loop
      vertex 78.9579 2.25 0
      vertex 78.9579 88.7079 0
      vertex 79.1784 88.7187 0
    endloop
  endfacet
  facet normal 0 0 -1
    outer loop
      vertex 78.7373 2.23917 0
      vertex 78.9579 88.7079 0
      vertex 78.9579 2.25 0
    endloop
  endfacet
  facet normal 0 0 -1
    outer loop
      vertex 78.7373 2.23917 0
      vertex 78.7373 88.7187 0
      vertex 78.9579 88.7079 0
    endloop
  endfacet
  facet normal 0 0 -1
    outer loop
      vertex 78.5189 2.20677 0
      vertex 78.7373 88.7187 0
      vertex 78.7373 2.23917 0
    endloop
  endfacet
  facet normal 0 0 -1
    outer loop
      vertex 78.5189 2.20677 0
      vertex 78.5189 88.7511 0
      vertex 78.7373 88.7187 0
    endloop
  endfacet
  facet normal 0 0 -1
    outer loop
      vertex 78.3047 2.15312 0
      vertex 78.5189 88.7511 0
      vertex 78.5189 2.20677 0
    endloop
  endfacet
  facet normal 0 0 -1
    outer loop
      vertex 78.3047 2.15312 0
      vertex 78.3047 88.8047 0
      vertex 78.5189 88.7511 0
    endloop
  endfacet
  facet normal 0 0 -1
    outer loop
      vertex 78.0968 2.07873 0
      vertex 78.3047 88.8047 0
      vertex 78.3047 2.15312 0
    endloop
  endfacet
  facet normal 0 0 -1
    outer loop
      vertex 78.0968 2.07873 0
      vertex 78.0968 88.8791 0
      vertex 78.3047 88.8047 0
    endloop
  endfacet
  facet normal 0 0 -1
    outer loop
      vertex 77.8972 1.98432 0
      vertex 78.0968 88.8791 0
      vertex 78.0968 2.07873 0
    endloop
  endfacet
  facet normal 0 0 -1
    outer loop
      vertex 77.8972 1.98432 0
      vertex 77.8972 88.9735 0
      vertex 78.0968 88.8791 0
    endloop
  endfacet
  facet normal 0 0 -1
    outer loop
      vertex 77.7078 1.87081 0
      vertex 77.8972 88.9735 0
      vertex 77.8972 1.98432 0
    endloop
  endfacet
  facet normal 0 0 -1
    outer loop
      vertex 77.7078 1.87081 0
      vertex 77.7078 89.0871 0
      vertex 77.8972 88.9735 0
    endloop
  endfacet
  facet normal 0 0 -1
    outer loop
      vertex 77.5305 1.73927 0
      vertex 77.7078 89.0871 0
      vertex 77.7078 1.87081 0
    endloop
  endfacet
  facet normal 0 0 -1
    outer loop
      vertex 77.5305 1.73927 0
      vertex 77.5305 89.2186 0
      vertex 77.7078 89.0871 0
    endloop
  endfacet
  facet normal 0 0 -1
    outer loop
      vertex 2.25 90.9579 0
      vertex 77.5305 1.73927 0
      vertex 77.3669 1.59099 0
    endloop
  endfacet
  facet normal 0 0 -1
    outer loop
      vertex 77.5305 1.73927 0
      vertex 2.25 90.9579 0
      vertex 77.5305 89.2186 0
    endloop
  endfacet
  facet normal 0 0 -1
    outer loop
      vertex 2.25 90.9579 0
      vertex 77.3669 1.59099 0
      vertex 77.2186 1.42738 0
    endloop
  endfacet
  facet normal 0 0 -1
    outer loop
      vertex 77.5305 89.2186 0
      vertex 2.25 90.9579 0
      vertex 77.3669 89.3669 0
    endloop
  endfacet
  facet normal 0 0 -1
    outer loop
      vertex 2.25 90.9579 0
      vertex 77.2186 1.42738 0
      vertex 77.0871 1.25003 0
    endloop
  endfacet
  facet normal 0 0 -1
    outer loop
      vertex 77.3669 89.3669 0
      vertex 2.25 90.9579 0
      vertex 77.2186 89.5305 0
    endloop
  endfacet
  facet normal 0 0 -1
    outer loop
      vertex 2.25 90.9579 0
      vertex 77.0871 1.25003 0
      vertex 76.9735 1.06064 0
    endloop
  endfacet
  facet normal 0 0 -1
    outer loop
      vertex 77.2186 89.5305 0
      vertex 2.25 90.9579 0
      vertex 77.0871 89.7078 0
    endloop
  endfacet
  facet normal 0 0 -1
    outer loop
      vertex 2.25 90.9579 0
      vertex 76.9735 1.06064 0
      vertex 76.8791 0.861037 0
    endloop
  endfacet
  facet normal 0 0 -1
    outer loop
      vertex 77.0871 89.7078 0
      vertex 2.25 90.9579 0
      vertex 76.9735 89.8972 0
    endloop
  endfacet
  facet normal 0 0 -1
    outer loop
      vertex 2.25 90.9579 0
      vertex 76.8791 0.861037 0
      vertex 76.8047 0.65314 0
    endloop
  endfacet
  facet normal 0 0 -1
    outer loop
      vertex 76.9735 89.8972 0
      vertex 2.25 90.9579 0
      vertex 76.8791 90.0968 0
    endloop
  endfacet
  facet normal 0 0 -1
    outer loop
      vertex 2.25 90.9579 0
      vertex 76.8047 0.65314 0
      vertex 76.7511 0.438952 0
    endloop
  endfacet
  facet normal 0 0 -1
    outer loop
      vertex 76.8791 90.0968 0
      vertex 2.25 90.9579 0
      vertex 76.8047 90.3047 0
    endloop
  endfacet
  facet normal 0 0 -1
    outer loop
      vertex 2.25 90.9579 0
      vertex 76.7511 0.438952 0
      vertex 76.7187 0.220538 0
    endloop
  endfacet
  facet normal 0 0 -1
    outer loop
      vertex 76.8047 90.3047 0
      vertex 2.25 90.9579 0
      vertex 76.7511 90.5189 0
    endloop
  endfacet
  facet normal 0 0 -1
    outer loop
      vertex 2.25 90.9579 0
      vertex 76.7187 0.220538 0
      vertex 76.7079 0 0
    endloop
  endfacet
  facet normal 0 0 -1
    outer loop
      vertex 76.7511 90.5189 0
      vertex 2.25 90.9579 0
      vertex 76.7187 90.7373 0
    endloop
  endfacet
  facet normal 0 0 -1
    outer loop
      vertex 81.1646 -90.5189 0
      vertex 85.9579 -97.9579 0
      vertex 81.197 -90.7373 0
    endloop
  endfacet
  facet normal 0 0 -1
    outer loop
      vertex 85.9579 -97.9579 0
      vertex 81.197 -0.220538 0
      vertex 81.2079 0 0
    endloop
  endfacet
  facet normal 0 0 -1
    outer loop
      vertex 81.111 -90.3047 0
      vertex 85.9579 -97.9579 0
      vertex 81.1646 -90.5189 0
    endloop
  endfacet
  facet normal 0 0 -1
    outer loop
      vertex 85.9579 -97.9579 0
      vertex 81.1646 -0.438952 0
      vertex 81.197 -0.220538 0
    endloop
  endfacet
  facet normal 0 0 -1
    outer loop
      vertex 81.0366 -90.0968 0
      vertex 85.9579 -97.9579 0
      vertex 81.111 -90.3047 0
    endloop
  endfacet
  facet normal 0 0 -1
    outer loop
      vertex 85.9579 -97.9579 0
      vertex 81.111 -0.65314 0
      vertex 81.1646 -0.438952 0
    endloop
  endfacet
  facet normal 0 0 -1
    outer loop
      vertex 80.9422 -89.8972 0
      vertex 85.9579 -97.9579 0
      vertex 81.0366 -90.0968 0
    endloop
  endfacet
  facet normal 0 0 -1
    outer loop
      vertex 85.9579 -97.9579 0
      vertex 81.0366 -0.861037 0
      vertex 81.111 -0.65314 0
    endloop
  endfacet
  facet normal 0 0 -1
    outer loop
      vertex 80.9422 -1.06064 0
      vertex 85.9579 -97.9579 0
      vertex 80.9422 -89.8972 0
    endloop
  endfacet
  facet normal 0 0 -1
    outer loop
      vertex 85.9579 -97.9579 0
      vertex 80.9422 -1.06064 0
      vertex 81.0366 -0.861037 0
    endloop
  endfacet
  facet normal 0 0 -1
    outer loop
      vertex 80.8287 -89.7078 0
      vertex 80.9422 -1.06064 0
      vertex 80.9422 -89.8972 0
    endloop
  endfacet
  facet normal 0 0 -1
    outer loop
      vertex 80.8287 -89.7078 0
      vertex 80.8287 -1.25003 0
      vertex 80.9422 -1.06064 0
    endloop
  endfacet
  facet normal 0 0 -1
    outer loop
      vertex 80.6971 -89.5305 0
      vertex 80.8287 -1.25003 0
      vertex 80.8287 -89.7078 0
    endloop
  endfacet
  facet normal 0 0 -1
    outer loop
      vertex 80.6971 -89.5305 0
      vertex 80.6971 -1.42738 0
      vertex 80.8287 -1.25003 0
    endloop
  endfacet
  facet normal 0 0 -1
    outer loop
      vertex 80.5489 -89.3669 0
      vertex 80.6971 -1.42738 0
      vertex 80.6971 -89.5305 0
    endloop
  endfacet
  facet normal 0 0 -1
    outer loop
      vertex 80.5489 -89.3669 0
      vertex 80.5489 -1.59099 0
      vertex 80.6971 -1.42738 0
    endloop
  endfacet
  facet normal 0 0 -1
    outer loop
      vertex 80.3852 -89.2186 0
      vertex 80.5489 -1.59099 0
      vertex 80.5489 -89.3669 0
    endloop
  endfacet
  facet normal 0 0 -1
    outer loop
      vertex 80.3852 -89.2186 0
      vertex 80.3852 -1.73927 0
      vertex 80.5489 -1.59099 0
    endloop
  endfacet
  facet normal 0 0 -1
    outer loop
      vertex 80.2079 -89.0871 0
      vertex 80.3852 -1.73927 0
      vertex 80.3852 -89.2186 0
    endloop
  endfacet
  facet normal 0 0 -1
    outer loop
      vertex 80.2079 -89.0871 0
      vertex 80.2079 -1.87081 0
      vertex 80.3852 -1.73927 0
    endloop
  endfacet
  facet normal 0 0 -1
    outer loop
      vertex 80.0185 -88.9735 0
      vertex 80.2079 -1.87081 0
      vertex 80.2079 -89.0871 0
    endloop
  endfacet
  facet normal 0 0 -1
    outer loop
      vertex 80.0185 -88.9735 0
      vertex 80.0185 -1.98432 0
      vertex 80.2079 -1.87081 0
    endloop
  endfacet
  facet normal 0 0 -1
    outer loop
      vertex 79.8189 -88.8791 0
      vertex 80.0185 -1.98432 0
      vertex 80.0185 -88.9735 0
    endloop
  endfacet
  facet normal 0 0 -1
    outer loop
      vertex 79.8189 -88.8791 0
      vertex 79.8189 -2.07873 0
      vertex 80.0185 -1.98432 0
    endloop
  endfacet
  facet normal 0 0 -1
    outer loop
      vertex 79.611 -88.8047 0
      vertex 79.8189 -2.07873 0
      vertex 79.8189 -88.8791 0
    endloop
  endfacet
  facet normal 0 0 -1
    outer loop
      vertex 79.611 -88.8047 0
      vertex 79.611 -2.15312 0
      vertex 79.8189 -2.07873 0
    endloop
  endfacet
  facet normal 0 0 -1
    outer loop
      vertex 79.3968 -88.7511 0
      vertex 79.611 -2.15312 0
      vertex 79.611 -88.8047 0
    endloop
  endfacet
  facet normal 0 0 -1
    outer loop
      vertex 79.3968 -88.7511 0
      vertex 79.3968 -2.20677 0
      vertex 79.611 -2.15312 0
    endloop
  endfacet
  facet normal 0 0 -1
    outer loop
      vertex 79.1784 -88.7187 0
      vertex 79.3968 -2.20677 0
      vertex 79.3968 -88.7511 0
    endloop
  endfacet
  facet normal 0 0 -1
    outer loop
      vertex 79.1784 -88.7187 0
      vertex 79.1784 -2.23917 0
      vertex 79.3968 -2.20677 0
    endloop
  endfacet
  facet normal 0 0 -1
    outer loop
      vertex 78.9579 -88.7079 0
      vertex 79.1784 -2.23917 0
      vertex 79.1784 -88.7187 0
    endloop
  endfacet
  facet normal 0 0 -1
    outer loop
      vertex 78.9579 -88.7079 0
      vertex 78.9579 -2.25 0
      vertex 79.1784 -2.23917 0
    endloop
  endfacet
  facet normal 0 0 -1
    outer loop
      vertex 78.7373 -88.7187 0
      vertex 78.9579 -2.25 0
      vertex 78.9579 -88.7079 0
    endloop
  endfacet
  facet normal 0 0 -1
    outer loop
      vertex 78.7373 -88.7187 0
      vertex 78.7373 -2.23917 0
      vertex 78.9579 -2.25 0
    endloop
  endfacet
  facet normal 0 0 -1
    outer loop
      vertex 78.5189 -88.7511 0
      vertex 78.7373 -2.23917 0
      vertex 78.7373 -88.7187 0
    endloop
  endfacet
  facet normal 0 0 -1
    outer loop
      vertex 78.5189 -88.7511 0
      vertex 78.5189 -2.20677 0
      vertex 78.7373 -2.23917 0
    endloop
  endfacet
  facet normal 0 0 -1
    outer loop
      vertex 78.3047 -88.8047 0
      vertex 78.5189 -2.20677 0
      vertex 78.5189 -88.7511 0
    endloop
  endfacet
  facet normal 0 0 -1
    outer loop
      vertex 78.3047 -88.8047 0
      vertex 78.3047 -2.15312 0
      vertex 78.5189 -2.20677 0
    endloop
  endfacet
  facet normal 0 0 -1
    outer loop
      vertex 78.0968 -88.8791 0
      vertex 78.3047 -2.15312 0
      vertex 78.3047 -88.8047 0
    endloop
  endfacet
  facet normal 0 0 -1
    outer loop
      vertex 78.0968 -88.8791 0
      vertex 78.0968 -2.07873 0
      vertex 78.3047 -2.15312 0
    endloop
  endfacet
  facet normal 0 0 -1
    outer loop
      vertex 77.8972 -88.9735 0
      vertex 78.0968 -2.07873 0
      vertex 78.0968 -88.8791 0
    endloop
  endfacet
  facet normal 0 0 -1
    outer loop
      vertex 77.8972 -88.9735 0
      vertex 77.8972 -1.98432 0
      vertex 78.0968 -2.07873 0
    endloop
  endfacet
  facet normal 0 0 -1
    outer loop
      vertex 77.7078 -89.0871 0
      vertex 77.8972 -1.98432 0
      vertex 77.8972 -88.9735 0
    endloop
  endfacet
  facet normal 0 0 -1
    outer loop
      vertex 77.7078 -89.0871 0
      vertex 77.7078 -1.87081 0
      vertex 77.8972 -1.98432 0
    endloop
  endfacet
  facet normal 0 0 -1
    outer loop
      vertex 77.5305 -89.2186 0
      vertex 77.7078 -1.87081 0
      vertex 77.7078 -89.0871 0
    endloop
  endfacet
  facet normal 0 0 -1
    outer loop
      vertex 77.5305 -89.2186 0
      vertex 77.5305 -1.73927 0
      vertex 77.7078 -1.87081 0
    endloop
  endfacet
  facet normal 0 0 -1
    outer loop
      vertex 76.8791 -90.0968 0
      vertex 2.07873 -90.0968 0
      vertex 76.9735 -89.8972 0
    endloop
  endfacet
  facet normal 0 0 -1
    outer loop
      vertex 1.98432 -89.8972 0
      vertex 76.9735 -89.8972 0
      vertex 2.07873 -90.0968 0
    endloop
  endfacet
  facet normal 0 0 -1
    outer loop
      vertex 2.07873 -90.0968 0
      vertex 76.8791 -90.0968 0
      vertex 2.15312 -90.3047 0
    endloop
  endfacet
  facet normal 0 0 -1
    outer loop
      vertex 76.9735 -89.8972 0
      vertex 1.98432 -89.8972 0
      vertex 77.0871 -89.7078 0
    endloop
  endfacet
  facet normal 0 0 -1
    outer loop
      vertex 76.8047 -90.3047 0
      vertex 2.15312 -90.3047 0
      vertex 76.8791 -90.0968 0
    endloop
  endfacet
  facet normal 0 0 -1
    outer loop
      vertex 1.87081 -89.7078 0
      vertex 77.0871 -89.7078 0
      vertex 1.98432 -89.8972 0
    endloop
  endfacet
  facet normal 0 0 -1
    outer loop
      vertex 2.15312 -90.3047 0
      vertex 76.8047 -90.3047 0
      vertex 2.20677 -90.5189 0
    endloop
  endfacet
  facet normal 0 0 -1
    outer loop
      vertex 77.0871 -89.7078 0
      vertex 1.87081 -89.7078 0
      vertex 77.2186 -89.5305 0
    endloop
  endfacet
  facet normal 0 0 -1
    outer loop
      vertex 76.7511 -90.5189 0
      vertex 2.20677 -90.5189 0
      vertex 76.8047 -90.3047 0
    endloop
  endfacet
  facet normal 0 0 -1
    outer loop
      vertex 1.73927 -89.5305 0
      vertex 77.2186 -89.5305 0
      vertex 1.87081 -89.7078 0
    endloop
  endfacet
  facet normal 0 0 -1
    outer loop
      vertex 2.20677 -90.5189 0
      vertex 76.7511 -90.5189 0
      vertex 2.23917 -90.7373 0
    endloop
  endfacet
  facet normal 0 0 -1
    outer loop
      vertex 77.2186 -89.5305 0
      vertex 1.73927 -89.5305 0
      vertex 77.3669 -89.3669 0
    endloop
  endfacet
  facet normal 0 0 -1
    outer loop
      vertex 76.7187 -90.7373 0
      vertex 2.23917 -90.7373 0
      vertex 76.7511 -90.5189 0
    endloop
  endfacet
  facet normal 0 0 -1
    outer loop
      vertex 1.59099 -89.3669 0
      vertex 77.3669 -89.3669 0
      vertex 1.73927 -89.5305 0
    endloop
  endfacet
  facet normal 0 0 -1
    outer loop
      vertex 2.23917 -90.7373 0
      vertex 76.7187 -90.7373 0
      vertex 2.25 -90.9579 0
    endloop
  endfacet
  facet normal 0 0 -1
    outer loop
      vertex 77.3669 -89.3669 0
      vertex 1.59099 -89.3669 0
      vertex 77.5305 -89.2186 0
    endloop
  endfacet
  facet normal 0 0 -1
    outer loop
      vertex 2.25 -90.9579 0
      vertex 76.7187 -90.7373 0
      vertex 76.7079 -90.9579 0
    endloop
  endfacet
  facet normal 0 0 -1
    outer loop
      vertex 1.42738 -89.2186 0
      vertex 77.5305 -89.2186 0
      vertex 1.59099 -89.3669 0
    endloop
  endfacet
  facet normal 0 0 -1
    outer loop
      vertex 81.197 -90.7373 0
      vertex 85.9579 -97.9579 0
      vertex 81.2079 -90.9579 0
    endloop
  endfacet
  facet normal 0 0 -1
    outer loop
      vertex 85.9579 -97.9579 0
      vertex 81.197 -91.1784 0
      vertex 81.2079 -90.9579 0
    endloop
  endfacet
  facet normal 0 0 -1
    outer loop
      vertex 85.9579 -97.9579 0
      vertex 81.1646 -91.3968 0
      vertex 81.197 -91.1784 0
    endloop
  endfacet
  facet normal 0 0 -1
    outer loop
      vertex 85.9579 -97.9579 0
      vertex 81.111 -91.611 0
      vertex 81.1646 -91.3968 0
    endloop
  endfacet
  facet normal 0 0 -1
    outer loop
      vertex 85.9579 -97.9579 0
      vertex 81.0366 -91.8189 0
      vertex 81.111 -91.611 0
    endloop
  endfacet
  facet normal 0 0 -1
    outer loop
      vertex 85.9579 -97.9579 0
      vertex 80.9422 -92.0185 0
      vertex 81.0366 -91.8189 0
    endloop
  endfacet
  facet normal 0 0 -1
    outer loop
      vertex 85.9579 -97.9579 0
      vertex 80.8287 -92.2079 0
      vertex 80.9422 -92.0185 0
    endloop
  endfacet
  facet normal 0 0 -1
    outer loop
      vertex 85.9579 -97.9579 0
      vertex 80.6971 -92.3852 0
      vertex 80.8287 -92.2079 0
    endloop
  endfacet
  facet normal 0 0 -1
    outer loop
      vertex 85.9579 -97.9579 0
      vertex 80.5489 -92.5489 0
      vertex 80.6971 -92.3852 0
    endloop
  endfacet
  facet normal 0 0 -1
    outer loop
      vertex 85.9579 -97.9579 0
      vertex 80.3852 -92.6971 0
      vertex 80.5489 -92.5489 0
    endloop
  endfacet
  facet normal 0 0 -1
    outer loop
      vertex 85.9579 -97.9579 0
      vertex 80.2079 -92.8287 0
      vertex 80.3852 -92.6971 0
    endloop
  endfacet
  facet normal 0 0 -1
    outer loop
      vertex 85.9579 -97.9579 0
      vertex 80.0185 -92.9422 0
      vertex 80.2079 -92.8287 0
    endloop
  endfacet
  facet normal 0 0 -1
    outer loop
      vertex 85.9579 -97.9579 0
      vertex 79.8189 -93.0366 0
      vertex 80.0185 -92.9422 0
    endloop
  endfacet
  facet normal 0 0 -1
    outer loop
      vertex 85.9579 -97.9579 0
      vertex 79.611 -93.111 0
      vertex 79.8189 -93.0366 0
    endloop
  endfacet
  facet normal 0 0 -1
    outer loop
      vertex 85.9579 -97.9579 0
      vertex 79.3968 -93.1646 0
      vertex 79.611 -93.111 0
    endloop
  endfacet
  facet normal 0 0 -1
    outer loop
      vertex 85.9579 -97.9579 0
      vertex 79.1784 -93.197 0
      vertex 79.3968 -93.1646 0
    endloop
  endfacet
  facet normal 0 0 -1
    outer loop
      vertex 85.9579 -97.9579 0
      vertex 78.9579 -93.2079 0
      vertex 79.1784 -93.197 0
    endloop
  endfacet
  facet normal 0 0 -1
    outer loop
      vertex 85.9579 -97.9579 0
      vertex 78.7373 -93.197 0
      vertex 78.9579 -93.2079 0
    endloop
  endfacet
  facet normal 0 0 -1
    outer loop
      vertex 85.9579 -97.9579 0
      vertex 78.5189 -93.1646 0
      vertex 78.7373 -93.197 0
    endloop
  endfacet
  facet normal 0 0 -1
    outer loop
      vertex 85.9579 -97.9579 0
      vertex 78.3047 -93.111 0
      vertex 78.5189 -93.1646 0
    endloop
  endfacet
  facet normal 0 0 -1
    outer loop
      vertex 85.9579 -97.9579 0
      vertex 78.0968 -93.0366 0
      vertex 78.3047 -93.111 0
    endloop
  endfacet
  facet normal 0 0 -1
    outer loop
      vertex 85.9579 -97.9579 0
      vertex 77.8972 -92.9422 0
      vertex 78.0968 -93.0366 0
    endloop
  endfacet
  facet normal 0 0 -1
    outer loop
      vertex 1.06064 -92.9422 0
      vertex 77.8972 -92.9422 0
      vertex 85.9579 -97.9579 0
    endloop
  endfacet
  facet normal 0 0 -1
    outer loop
      vertex 77.5305 -89.2186 0
      vertex 1.42738 -89.2186 0
      vertex 77.5305 -1.73927 0
    endloop
  endfacet
  facet normal -0 0 -1
    outer loop
      vertex 77.5305 -1.73927 0
      vertex 1.42738 -89.2186 0
      vertex 77.3669 -1.59099 0
    endloop
  endfacet
  facet normal 0 0 -1
    outer loop
      vertex 76.7187 -91.1784 0
      vertex 2.25 -90.9579 0
      vertex 76.7079 -90.9579 0
    endloop
  endfacet
  facet normal 0 0 -1
    outer loop
      vertex 2.23917 -91.1784 0
      vertex 76.7187 -91.1784 0
      vertex 76.7511 -91.3968 0
    endloop
  endfacet
  facet normal 0 0 -1
    outer loop
      vertex 2.20677 -91.3968 0
      vertex 76.7511 -91.3968 0
      vertex 76.8047 -91.611 0
    endloop
  endfacet
  facet normal 0 0 -1
    outer loop
      vertex 2.15312 -91.611 0
      vertex 76.8047 -91.611 0
      vertex 76.8791 -91.8189 0
    endloop
  endfacet
  facet normal 0 0 -1
    outer loop
      vertex 2.07873 -91.8189 0
      vertex 76.8791 -91.8189 0
      vertex 76.9735 -92.0185 0
    endloop
  endfacet
  facet normal 0 0 -1
    outer loop
      vertex 1.98432 -92.0185 0
      vertex 76.9735 -92.0185 0
      vertex 77.0871 -92.2079 0
    endloop
  endfacet
  facet normal 0 0 -1
    outer loop
      vertex 1.87081 -92.2079 0
      vertex 77.0871 -92.2079 0
      vertex 77.2186 -92.3852 0
    endloop
  endfacet
  facet normal 0 0 -1
    outer loop
      vertex 1.73927 -92.3852 0
      vertex 77.2186 -92.3852 0
      vertex 77.3669 -92.5489 0
    endloop
  endfacet
  facet normal 0 0 -1
    outer loop
      vertex 1.59099 -92.5489 0
      vertex 77.3669 -92.5489 0
      vertex 77.5305 -92.6971 0
    endloop
  endfacet
  facet normal 0 0 -1
    outer loop
      vertex 1.42738 -92.6971 0
      vertex 77.5305 -92.6971 0
      vertex 77.7078 -92.8287 0
    endloop
  endfacet
  facet normal 0 0 -1
    outer loop
      vertex 77.8972 -92.9422 0
      vertex 1.06064 -92.9422 0
      vertex 77.7078 -92.8287 0
    endloop
  endfacet
  facet normal 0 0 -1
    outer loop
      vertex 76.7187 -91.1784 0
      vertex 2.23917 -91.1784 0
      vertex 2.25 -90.9579 0
    endloop
  endfacet
  facet normal 0 0 -1
    outer loop
      vertex 76.7511 -91.3968 0
      vertex 2.20677 -91.3968 0
      vertex 2.23917 -91.1784 0
    endloop
  endfacet
  facet normal 0 0 -1
    outer loop
      vertex 76.8047 -91.611 0
      vertex 2.15312 -91.611 0
      vertex 2.20677 -91.3968 0
    endloop
  endfacet
  facet normal 0 0 -1
    outer loop
      vertex 76.8791 -91.8189 0
      vertex 2.07873 -91.8189 0
      vertex 2.15312 -91.611 0
    endloop
  endfacet
  facet normal 0 0 -1
    outer loop
      vertex 76.9735 -92.0185 0
      vertex 1.98432 -92.0185 0
      vertex 2.07873 -91.8189 0
    endloop
  endfacet
  facet normal 0 0 -1
    outer loop
      vertex 77.0871 -92.2079 0
      vertex 1.87081 -92.2079 0
      vertex 1.98432 -92.0185 0
    endloop
  endfacet
  facet normal 0 0 -1
    outer loop
      vertex 77.2186 -92.3852 0
      vertex 1.73927 -92.3852 0
      vertex 1.87081 -92.2079 0
    endloop
  endfacet
  facet normal 0 0 -1
    outer loop
      vertex 77.3669 -92.5489 0
      vertex 1.59099 -92.5489 0
      vertex 1.73927 -92.3852 0
    endloop
  endfacet
  facet normal 0 0 -1
    outer loop
      vertex 77.5305 -92.6971 0
      vertex 1.42738 -92.6971 0
      vertex 1.59099 -92.5489 0
    endloop
  endfacet
  facet normal 0 0 -1
    outer loop
      vertex 77.7078 -92.8287 0
      vertex 1.25003 -92.8287 0
      vertex 1.42738 -92.6971 0
    endloop
  endfacet
  facet normal -0 0 -1
    outer loop
      vertex 77.7078 -92.8287 0
      vertex 1.06064 -92.9422 0
      vertex 1.25003 -92.8287 0
    endloop
  endfacet
  facet normal 0 0 -1
    outer loop
      vertex 85.9579 -97.9579 0
      vertex 0.861037 -93.0366 0
      vertex 1.06064 -92.9422 0
    endloop
  endfacet
  facet normal 0 0 -1
    outer loop
      vertex 85.9579 -97.9579 0
      vertex 0.65314 -93.111 0
      vertex 0.861037 -93.0366 0
    endloop
  endfacet
  facet normal 0 0 -1
    outer loop
      vertex 85.9579 -97.9579 0
      vertex 0.438952 -93.1646 0
      vertex 0.65314 -93.111 0
    endloop
  endfacet
  facet normal 0 0 -1
    outer loop
      vertex 85.9579 -97.9579 0
      vertex 0.220538 -93.197 0
      vertex 0.438952 -93.1646 0
    endloop
  endfacet
  facet normal 0 0 -1
    outer loop
      vertex 85.9579 -97.9579 0
      vertex 0 -93.2079 0
      vertex 0.220538 -93.197 0
    endloop
  endfacet
  facet normal 0 0 -1
    outer loop
      vertex -85.9579 -97.9579 0
      vertex 0 -93.2079 0
      vertex 85.9579 -97.9579 0
    endloop
  endfacet
  facet normal 0 0 -1
    outer loop
      vertex -76.9735 -89.8972 0
      vertex -1.98432 -89.8972 0
      vertex -76.8791 -90.0968 0
    endloop
  endfacet
  facet normal 0 0 -1
    outer loop
      vertex -2.23917 -91.1784 0
      vertex -76.7079 -90.9579 0
      vertex -2.25 -90.9579 0
    endloop
  endfacet
  facet normal 0 0 -1
    outer loop
      vertex -76.7187 -91.1784 0
      vertex -2.23917 -91.1784 0
      vertex -2.20677 -91.3968 0
    endloop
  endfacet
  facet normal 0 0 -1
    outer loop
      vertex -76.7511 -91.3968 0
      vertex -2.20677 -91.3968 0
      vertex -2.15312 -91.611 0
    endloop
  endfacet
  facet normal 0 0 -1
    outer loop
      vertex -76.8047 -91.611 0
      vertex -2.15312 -91.611 0
      vertex -2.07873 -91.8189 0
    endloop
  endfacet
  facet normal 0 0 -1
    outer loop
      vertex -76.8791 -91.8189 0
      vertex -2.07873 -91.8189 0
      vertex -1.98432 -92.0185 0
    endloop
  endfacet
  facet normal 0 0 -1
    outer loop
      vertex -76.9735 -92.0185 0
      vertex -1.98432 -92.0185 0
      vertex -1.87081 -92.2079 0
    endloop
  endfacet
  facet normal 0 0 -1
    outer loop
      vertex -77.0871 -92.2079 0
      vertex -1.87081 -92.2079 0
      vertex -1.73927 -92.3852 0
    endloop
  endfacet
  facet normal 0 0 -1
    outer loop
      vertex -77.2186 -92.3852 0
      vertex -1.73927 -92.3852 0
      vertex -1.59099 -92.5489 0
    endloop
  endfacet
  facet normal 0 0 -1
    outer loop
      vertex -77.3669 -92.5489 0
      vertex -1.59099 -92.5489 0
      vertex -1.42738 -92.6971 0
    endloop
  endfacet
  facet normal 0 0 -1
    outer loop
      vertex -77.5305 -92.6971 0
      vertex -1.42738 -92.6971 0
      vertex -1.25003 -92.8287 0
    endloop
  endfacet
  facet normal 0 0 -1
    outer loop
      vertex -77.7078 -92.8287 0
      vertex -1.25003 -92.8287 0
      vertex -1.06064 -92.9422 0
    endloop
  endfacet
  facet normal 0 0 -1
    outer loop
      vertex -85.9579 -97.9579 0
      vertex -1.06064 -92.9422 0
      vertex -0.861037 -93.0366 0
    endloop
  endfacet
  facet normal 0 0 -1
    outer loop
      vertex -85.9579 -97.9579 0
      vertex -0.861037 -93.0366 0
      vertex -0.65314 -93.111 0
    endloop
  endfacet
  facet normal 0 0 -1
    outer loop
      vertex -85.9579 -97.9579 0
      vertex -0.65314 -93.111 0
      vertex -0.438952 -93.1646 0
    endloop
  endfacet
  facet normal 0 0 -1
    outer loop
      vertex -85.9579 -97.9579 0
      vertex -0.438952 -93.1646 0
      vertex -0.220538 -93.197 0
    endloop
  endfacet
  facet normal -0 0 -1
    outer loop
      vertex 0 -93.2079 0
      vertex -85.9579 -97.9579 0
      vertex -0.220538 -93.197 0
    endloop
  endfacet
  facet normal 0 0 -1
    outer loop
      vertex -2.23917 -91.1784 0
      vertex -76.7187 -91.1784 0
      vertex -76.7079 -90.9579 0
    endloop
  endfacet
  facet normal 0 0 -1
    outer loop
      vertex -2.20677 -91.3968 0
      vertex -76.7511 -91.3968 0
      vertex -76.7187 -91.1784 0
    endloop
  endfacet
  facet normal 0 0 -1
    outer loop
      vertex -2.15312 -91.611 0
      vertex -76.8047 -91.611 0
      vertex -76.7511 -91.3968 0
    endloop
  endfacet
  facet normal 0 0 -1
    outer loop
      vertex -2.07873 -91.8189 0
      vertex -76.8791 -91.8189 0
      vertex -76.8047 -91.611 0
    endloop
  endfacet
  facet normal 0 0 -1
    outer loop
      vertex -1.98432 -92.0185 0
      vertex -76.9735 -92.0185 0
      vertex -76.8791 -91.8189 0
    endloop
  endfacet
  facet normal 0 0 -1
    outer loop
      vertex -1.87081 -92.2079 0
      vertex -77.0871 -92.2079 0
      vertex -76.9735 -92.0185 0
    endloop
  endfacet
  facet normal 0 0 -1
    outer loop
      vertex -1.73927 -92.3852 0
      vertex -77.2186 -92.3852 0
      vertex -77.0871 -92.2079 0
    endloop
  endfacet
  facet normal 0 0 -1
    outer loop
      vertex -1.59099 -92.5489 0
      vertex -77.3669 -92.5489 0
      vertex -77.2186 -92.3852 0
    endloop
  endfacet
  facet normal 0 0 -1
    outer loop
      vertex -1.42738 -92.6971 0
      vertex -77.5305 -92.6971 0
      vertex -77.3669 -92.5489 0
    endloop
  endfacet
  facet normal 0 0 -1
    outer loop
      vertex -1.25003 -92.8287 0
      vertex -77.7078 -92.8287 0
      vertex -77.5305 -92.6971 0
    endloop
  endfacet
  facet normal 0 0 -1
    outer loop
      vertex -1.06064 -92.9422 0
      vertex -77.8972 -92.9422 0
      vertex -77.7078 -92.8287 0
    endloop
  endfacet
  facet normal -0 0 -1
    outer loop
      vertex -1.06064 -92.9422 0
      vertex -85.9579 -97.9579 0
      vertex -77.8972 -92.9422 0
    endloop
  endfacet
  facet normal 0 0 -1
    outer loop
      vertex -77.8972 -92.9422 0
      vertex -85.9579 -97.9579 0
      vertex -78.0968 -93.0366 0
    endloop
  endfacet
  facet normal 0 0 -1
    outer loop
      vertex -78.0968 -93.0366 0
      vertex -85.9579 -97.9579 0
      vertex -78.3047 -93.111 0
    endloop
  endfacet
  facet normal 0 0 -1
    outer loop
      vertex -78.3047 -93.111 0
      vertex -85.9579 -97.9579 0
      vertex -78.5189 -93.1646 0
    endloop
  endfacet
  facet normal 0 0 -1
    outer loop
      vertex -78.5189 -93.1646 0
      vertex -85.9579 -97.9579 0
      vertex -78.7373 -93.197 0
    endloop
  endfacet
  facet normal -0 0 -1
    outer loop
      vertex -81.197 -0.220538 0
      vertex -85.9579 -97.9579 0
      vertex -81.2079 0 0
    endloop
  endfacet
  facet normal 0 0 -1
    outer loop
      vertex -85.9579 97.9579 0
      vertex -81.2079 0 0
      vertex -85.9579 -97.9579 0
    endloop
  endfacet
  facet normal -0 0 -1
    outer loop
      vertex -81.197 -91.1784 0
      vertex -85.9579 -97.9579 0
      vertex -81.2079 -90.9579 0
    endloop
  endfacet
  facet normal -0 0 -1
    outer loop
      vertex -81.1646 -91.3968 0
      vertex -85.9579 -97.9579 0
      vertex -81.197 -91.1784 0
    endloop
  endfacet
  facet normal -0 0 -1
    outer loop
      vertex -81.111 -91.611 0
      vertex -85.9579 -97.9579 0
      vertex -81.1646 -91.3968 0
    endloop
  endfacet
  facet normal -0 0 -1
    outer loop
      vertex -81.0366 -91.8189 0
      vertex -85.9579 -97.9579 0
      vertex -81.111 -91.611 0
    endloop
  endfacet
  facet normal -0 0 -1
    outer loop
      vertex -80.9422 -92.0185 0
      vertex -85.9579 -97.9579 0
      vertex -81.0366 -91.8189 0
    endloop
  endfacet
  facet normal -0 0 -1
    outer loop
      vertex -80.8287 -92.2079 0
      vertex -85.9579 -97.9579 0
      vertex -80.9422 -92.0185 0
    endloop
  endfacet
  facet normal -0 0 -1
    outer loop
      vertex -80.6971 -92.3852 0
      vertex -85.9579 -97.9579 0
      vertex -80.8287 -92.2079 0
    endloop
  endfacet
  facet normal -0 0 -1
    outer loop
      vertex -80.5489 -92.5489 0
      vertex -85.9579 -97.9579 0
      vertex -80.6971 -92.3852 0
    endloop
  endfacet
  facet normal -0 0 -1
    outer loop
      vertex -80.3852 -92.6971 0
      vertex -85.9579 -97.9579 0
      vertex -80.5489 -92.5489 0
    endloop
  endfacet
  facet normal -0 0 -1
    outer loop
      vertex -80.2079 -92.8287 0
      vertex -85.9579 -97.9579 0
      vertex -80.3852 -92.6971 0
    endloop
  endfacet
  facet normal -0 0 -1
    outer loop
      vertex -80.0185 -92.9422 0
      vertex -85.9579 -97.9579 0
      vertex -80.2079 -92.8287 0
    endloop
  endfacet
  facet normal -0 0 -1
    outer loop
      vertex -79.8189 -93.0366 0
      vertex -85.9579 -97.9579 0
      vertex -80.0185 -92.9422 0
    endloop
  endfacet
  facet normal -0 0 -1
    outer loop
      vertex -79.611 -93.111 0
      vertex -85.9579 -97.9579 0
      vertex -79.8189 -93.0366 0
    endloop
  endfacet
  facet normal -0 0 -1
    outer loop
      vertex -79.3968 -93.1646 0
      vertex -85.9579 -97.9579 0
      vertex -79.611 -93.111 0
    endloop
  endfacet
  facet normal -0 0 -1
    outer loop
      vertex -79.1784 -93.197 0
      vertex -85.9579 -97.9579 0
      vertex -79.3968 -93.1646 0
    endloop
  endfacet
  facet normal -0 0 -1
    outer loop
      vertex -78.9579 -93.2079 0
      vertex -85.9579 -97.9579 0
      vertex -79.1784 -93.197 0
    endloop
  endfacet
  facet normal 0 0 -1
    outer loop
      vertex -78.7373 -93.197 0
      vertex -85.9579 -97.9579 0
      vertex -78.9579 -93.2079 0
    endloop
  endfacet
  facet normal 0 0 -1
    outer loop
      vertex 85.9579 -97.9579 0
      vertex 81.2079 0 0
      vertex 85.9579 97.9579 0
    endloop
  endfacet
  facet normal 0 0 -1
    outer loop
      vertex 81.197 0.220538 0
      vertex 85.9579 97.9579 0
      vertex 81.2079 0 0
    endloop
  endfacet
  facet normal 0 0 -1
    outer loop
      vertex 81.197 91.1784 0
      vertex 85.9579 97.9579 0
      vertex 81.2079 90.9579 0
    endloop
  endfacet
  facet normal 0 0 -1
    outer loop
      vertex 81.1646 91.3968 0
      vertex 85.9579 97.9579 0
      vertex 81.197 91.1784 0
    endloop
  endfacet
  facet normal 0 0 -1
    outer loop
      vertex 81.111 91.611 0
      vertex 85.9579 97.9579 0
      vertex 81.1646 91.3968 0
    endloop
  endfacet
  facet normal 0 0 -1
    outer loop
      vertex 81.0366 91.8189 0
      vertex 85.9579 97.9579 0
      vertex 81.111 91.611 0
    endloop
  endfacet
  facet normal 0 0 -1
    outer loop
      vertex 80.9422 92.0185 0
      vertex 85.9579 97.9579 0
      vertex 81.0366 91.8189 0
    endloop
  endfacet
  facet normal 0 0 -1
    outer loop
      vertex 80.8287 92.2079 0
      vertex 85.9579 97.9579 0
      vertex 80.9422 92.0185 0
    endloop
  endfacet
  facet normal 0 0 -1
    outer loop
      vertex 80.6971 92.3852 0
      vertex 85.9579 97.9579 0
      vertex 80.8287 92.2079 0
    endloop
  endfacet
  facet normal 0 0 -1
    outer loop
      vertex 80.5489 92.5489 0
      vertex 85.9579 97.9579 0
      vertex 80.6971 92.3852 0
    endloop
  endfacet
  facet normal 0 0 -1
    outer loop
      vertex 80.3852 92.6971 0
      vertex 85.9579 97.9579 0
      vertex 80.5489 92.5489 0
    endloop
  endfacet
  facet normal 0 0 -1
    outer loop
      vertex 80.2079 92.8287 0
      vertex 85.9579 97.9579 0
      vertex 80.3852 92.6971 0
    endloop
  endfacet
  facet normal 0 0 -1
    outer loop
      vertex 80.0185 92.9422 0
      vertex 85.9579 97.9579 0
      vertex 80.2079 92.8287 0
    endloop
  endfacet
  facet normal 0 0 -1
    outer loop
      vertex 79.8189 93.0366 0
      vertex 85.9579 97.9579 0
      vertex 80.0185 92.9422 0
    endloop
  endfacet
  facet normal 0 0 -1
    outer loop
      vertex 79.611 93.111 0
      vertex 85.9579 97.9579 0
      vertex 79.8189 93.0366 0
    endloop
  endfacet
  facet normal 0 0 -1
    outer loop
      vertex 79.3968 93.1646 0
      vertex 85.9579 97.9579 0
      vertex 79.611 93.111 0
    endloop
  endfacet
  facet normal 0 0 -1
    outer loop
      vertex 79.1784 93.197 0
      vertex 85.9579 97.9579 0
      vertex 79.3968 93.1646 0
    endloop
  endfacet
  facet normal 0 0 -1
    outer loop
      vertex 78.9579 93.2079 0
      vertex 85.9579 97.9579 0
      vertex 79.1784 93.197 0
    endloop
  endfacet
  facet normal 0 0 -1
    outer loop
      vertex 78.7373 93.197 0
      vertex 85.9579 97.9579 0
      vertex 78.9579 93.2079 0
    endloop
  endfacet
  facet normal 0 0 -1
    outer loop
      vertex 78.5189 93.1646 0
      vertex 85.9579 97.9579 0
      vertex 78.7373 93.197 0
    endloop
  endfacet
  facet normal 0 0 -1
    outer loop
      vertex 78.3047 93.111 0
      vertex 85.9579 97.9579 0
      vertex 78.5189 93.1646 0
    endloop
  endfacet
  facet normal 0 0 -1
    outer loop
      vertex 78.0968 93.0366 0
      vertex 85.9579 97.9579 0
      vertex 78.3047 93.111 0
    endloop
  endfacet
  facet normal 0 0 -1
    outer loop
      vertex 77.8972 92.9422 0
      vertex 85.9579 97.9579 0
      vertex 78.0968 93.0366 0
    endloop
  endfacet
  facet normal 0 0 -1
    outer loop
      vertex 1.06064 92.9422 0
      vertex 77.8972 92.9422 0
      vertex 77.7078 92.8287 0
    endloop
  endfacet
  facet normal 0 0 -1
    outer loop
      vertex 76.7187 90.7373 0
      vertex 2.25 90.9579 0
      vertex 76.7079 90.9579 0
    endloop
  endfacet
  facet normal 0 0 -1
    outer loop
      vertex 76.7079 90.9579 0
      vertex 2.25 90.9579 0
      vertex 76.7187 91.1784 0
    endloop
  endfacet
  facet normal 0 0 -1
    outer loop
      vertex 2.23917 91.1784 0
      vertex 76.7187 91.1784 0
      vertex 2.25 90.9579 0
    endloop
  endfacet
  facet normal 0 0 -1
    outer loop
      vertex 76.7187 91.1784 0
      vertex 2.23917 91.1784 0
      vertex 76.7511 91.3968 0
    endloop
  endfacet
  facet normal 0 0 -1
    outer loop
      vertex 2.20677 91.3968 0
      vertex 76.7511 91.3968 0
      vertex 2.23917 91.1784 0
    endloop
  endfacet
  facet normal 0 0 -1
    outer loop
      vertex 76.7511 91.3968 0
      vertex 2.20677 91.3968 0
      vertex 76.8047 91.611 0
    endloop
  endfacet
  facet normal 0 0 -1
    outer loop
      vertex 2.15312 91.611 0
      vertex 76.8047 91.611 0
      vertex 2.20677 91.3968 0
    endloop
  endfacet
  facet normal 0 0 -1
    outer loop
      vertex 76.8047 91.611 0
      vertex 2.15312 91.611 0
      vertex 76.8791 91.8189 0
    endloop
  endfacet
  facet normal 0 0 -1
    outer loop
      vertex 2.07873 91.8189 0
      vertex 76.8791 91.8189 0
      vertex 2.15312 91.611 0
    endloop
  endfacet
  facet normal 0 0 -1
    outer loop
      vertex 76.8791 91.8189 0
      vertex 2.07873 91.8189 0
      vertex 76.9735 92.0185 0
    endloop
  endfacet
  facet normal 0 0 -1
    outer loop
      vertex 1.98432 92.0185 0
      vertex 76.9735 92.0185 0
      vertex 2.07873 91.8189 0
    endloop
  endfacet
  facet normal 0 0 -1
    outer loop
      vertex 76.9735 92.0185 0
      vertex 1.98432 92.0185 0
      vertex 77.0871 92.2079 0
    endloop
  endfacet
  facet normal 0 0 -1
    outer loop
      vertex 1.87081 92.2079 0
      vertex 77.0871 92.2079 0
      vertex 1.98432 92.0185 0
    endloop
  endfacet
  facet normal 0 0 -1
    outer loop
      vertex 77.0871 92.2079 0
      vertex 1.87081 92.2079 0
      vertex 77.2186 92.3852 0
    endloop
  endfacet
  facet normal 0 0 -1
    outer loop
      vertex 1.73927 92.3852 0
      vertex 77.2186 92.3852 0
      vertex 1.87081 92.2079 0
    endloop
  endfacet
  facet normal 0 0 -1
    outer loop
      vertex 77.2186 92.3852 0
      vertex 1.73927 92.3852 0
      vertex 77.3669 92.5489 0
    endloop
  endfacet
  facet normal 0 0 -1
    outer loop
      vertex 1.59099 92.5489 0
      vertex 77.3669 92.5489 0
      vertex 1.73927 92.3852 0
    endloop
  endfacet
  facet normal 0 0 -1
    outer loop
      vertex 77.3669 92.5489 0
      vertex 1.59099 92.5489 0
      vertex 77.5305 92.6971 0
    endloop
  endfacet
  facet normal 0 0 -1
    outer loop
      vertex 1.42738 92.6971 0
      vertex 77.5305 92.6971 0
      vertex 1.59099 92.5489 0
    endloop
  endfacet
  facet normal 0 0 -1
    outer loop
      vertex 77.5305 92.6971 0
      vertex 1.42738 92.6971 0
      vertex 77.7078 92.8287 0
    endloop
  endfacet
  facet normal 0 0 -1
    outer loop
      vertex 1.25003 92.8287 0
      vertex 77.7078 92.8287 0
      vertex 1.42738 92.6971 0
    endloop
  endfacet
  facet normal 0 0 -1
    outer loop
      vertex 1.06064 92.9422 0
      vertex 77.7078 92.8287 0
      vertex 1.25003 92.8287 0
    endloop
  endfacet
  facet normal 0 0 -1
    outer loop
      vertex 77.8972 92.9422 0
      vertex 1.06064 92.9422 0
      vertex 85.9579 97.9579 0
    endloop
  endfacet
  facet normal 0 0 -1
    outer loop
      vertex 0.861037 93.0366 0
      vertex 85.9579 97.9579 0
      vertex 1.06064 92.9422 0
    endloop
  endfacet
  facet normal 0 0 -1
    outer loop
      vertex 0.65314 93.111 0
      vertex 85.9579 97.9579 0
      vertex 0.861037 93.0366 0
    endloop
  endfacet
  facet normal 0 0 -1
    outer loop
      vertex 0.438952 93.1646 0
      vertex 85.9579 97.9579 0
      vertex 0.65314 93.111 0
    endloop
  endfacet
  facet normal 0 0 -1
    outer loop
      vertex 0.220538 93.197 0
      vertex 85.9579 97.9579 0
      vertex 0.438952 93.1646 0
    endloop
  endfacet
  facet normal 0 0 -1
    outer loop
      vertex 0 93.2079 0
      vertex 85.9579 97.9579 0
      vertex 0.220538 93.197 0
    endloop
  endfacet
  facet normal 0 0 -1
    outer loop
      vertex -85.9579 97.9579 0
      vertex 0 93.2079 0
      vertex -0.220538 93.197 0
    endloop
  endfacet
  facet normal 0 0 -1
    outer loop
      vertex -2.20677 90.5189 0
      vertex -76.7079 90.9579 0
      vertex -2.23917 90.7373 0
    endloop
  endfacet
  facet normal 0 0 -1
    outer loop
      vertex -2.23917 90.7373 0
      vertex -76.7079 90.9579 0
      vertex -2.25 90.9579 0
    endloop
  endfacet
  facet normal 0 0 -1
    outer loop
      vertex -2.25 90.9579 0
      vertex -76.7079 90.9579 0
      vertex -2.23917 91.1784 0
    endloop
  endfacet
  facet normal 0 0 -1
    outer loop
      vertex -76.7187 91.1784 0
      vertex -2.23917 91.1784 0
      vertex -76.7079 90.9579 0
    endloop
  endfacet
  facet normal 0 0 -1
    outer loop
      vertex -2.23917 91.1784 0
      vertex -76.7187 91.1784 0
      vertex -2.20677 91.3968 0
    endloop
  endfacet
  facet normal 0 0 -1
    outer loop
      vertex -76.7511 91.3968 0
      vertex -2.20677 91.3968 0
      vertex -76.7187 91.1784 0
    endloop
  endfacet
  facet normal 0 0 -1
    outer loop
      vertex -2.20677 91.3968 0
      vertex -76.7511 91.3968 0
      vertex -2.15312 91.611 0
    endloop
  endfacet
  facet normal 0 0 -1
    outer loop
      vertex -76.8047 91.611 0
      vertex -2.15312 91.611 0
      vertex -76.7511 91.3968 0
    endloop
  endfacet
  facet normal 0 0 -1
    outer loop
      vertex -2.15312 91.611 0
      vertex -76.8047 91.611 0
      vertex -2.07873 91.8189 0
    endloop
  endfacet
  facet normal 0 0 -1
    outer loop
      vertex -76.8791 91.8189 0
      vertex -2.07873 91.8189 0
      vertex -76.8047 91.611 0
    endloop
  endfacet
  facet normal 0 0 -1
    outer loop
      vertex -2.07873 91.8189 0
      vertex -76.8791 91.8189 0
      vertex -1.98432 92.0185 0
    endloop
  endfacet
  facet normal 0 0 -1
    outer loop
      vertex -76.9735 92.0185 0
      vertex -1.98432 92.0185 0
      vertex -76.8791 91.8189 0
    endloop
  endfacet
  facet normal 0 0 -1
    outer loop
      vertex -1.98432 92.0185 0
      vertex -76.9735 92.0185 0
      vertex -1.87081 92.2079 0
    endloop
  endfacet
  facet normal 0 0 -1
    outer loop
      vertex -77.0871 92.2079 0
      vertex -1.87081 92.2079 0
      vertex -76.9735 92.0185 0
    endloop
  endfacet
  facet normal 0 0 -1
    outer loop
      vertex -1.87081 92.2079 0
      vertex -77.0871 92.2079 0
      vertex -1.73927 92.3852 0
    endloop
  endfacet
  facet normal 0 0 -1
    outer loop
      vertex -77.2186 92.3852 0
      vertex -1.73927 92.3852 0
      vertex -77.0871 92.2079 0
    endloop
  endfacet
  facet normal 0 0 -1
    outer loop
      vertex -1.73927 92.3852 0
      vertex -77.2186 92.3852 0
      vertex -1.59099 92.5489 0
    endloop
  endfacet
  facet normal 0 0 -1
    outer loop
      vertex -77.3669 92.5489 0
      vertex -1.59099 92.5489 0
      vertex -77.2186 92.3852 0
    endloop
  endfacet
  facet normal 0 0 -1
    outer loop
      vertex -1.59099 92.5489 0
      vertex -77.3669 92.5489 0
      vertex -1.42738 92.6971 0
    endloop
  endfacet
  facet normal 0 0 -1
    outer loop
      vertex -77.5305 92.6971 0
      vertex -1.42738 92.6971 0
      vertex -77.3669 92.5489 0
    endloop
  endfacet
  facet normal 0 0 -1
    outer loop
      vertex -1.42738 92.6971 0
      vertex -77.5305 92.6971 0
      vertex -1.25003 92.8287 0
    endloop
  endfacet
  facet normal 0 0 -1
    outer loop
      vertex -77.7078 92.8287 0
      vertex -1.25003 92.8287 0
      vertex -77.5305 92.6971 0
    endloop
  endfacet
  facet normal 0 0 -1
    outer loop
      vertex -1.25003 92.8287 0
      vertex -77.7078 92.8287 0
      vertex -1.06064 92.9422 0
    endloop
  endfacet
  facet normal 0 0 -1
    outer loop
      vertex -77.8972 92.9422 0
      vertex -1.06064 92.9422 0
      vertex -77.7078 92.8287 0
    endloop
  endfacet
  facet normal 0 0 -1
    outer loop
      vertex -85.9579 97.9579 0
      vertex -1.06064 92.9422 0
      vertex -77.8972 92.9422 0
    endloop
  endfacet
  facet normal 0 0 -1
    outer loop
      vertex -1.06064 92.9422 0
      vertex -85.9579 97.9579 0
      vertex -0.861037 93.0366 0
    endloop
  endfacet
  facet normal 0 0 -1
    outer loop
      vertex -0.861037 93.0366 0
      vertex -85.9579 97.9579 0
      vertex -0.65314 93.111 0
    endloop
  endfacet
  facet normal 0 0 -1
    outer loop
      vertex -0.65314 93.111 0
      vertex -85.9579 97.9579 0
      vertex -0.438952 93.1646 0
    endloop
  endfacet
  facet normal 0 0 -1
    outer loop
      vertex -0.438952 93.1646 0
      vertex -85.9579 97.9579 0
      vertex -0.220538 93.197 0
    endloop
  endfacet
  facet normal 0 0 -1
    outer loop
      vertex -85.9579 97.9579 0
      vertex -77.8972 92.9422 0
      vertex -78.0968 93.0366 0
    endloop
  endfacet
  facet normal 0 0 -1
    outer loop
      vertex -85.9579 97.9579 0
      vertex -78.0968 93.0366 0
      vertex -78.3047 93.111 0
    endloop
  endfacet
  facet normal 0 0 -1
    outer loop
      vertex -85.9579 97.9579 0
      vertex -78.3047 93.111 0
      vertex -78.5189 93.1646 0
    endloop
  endfacet
  facet normal 0 0 -1
    outer loop
      vertex -85.9579 97.9579 0
      vertex -78.5189 93.1646 0
      vertex -78.7373 93.197 0
    endloop
  endfacet
  facet normal 0 0 -1
    outer loop
      vertex -85.9579 97.9579 0
      vertex -78.7373 93.197 0
      vertex -78.9579 93.2079 0
    endloop
  endfacet
  facet normal 0 0 -1
    outer loop
      vertex 0 93.2079 0
      vertex -85.9579 97.9579 0
      vertex 85.9579 97.9579 0
    endloop
  endfacet
  facet normal 0 0 -1
    outer loop
      vertex -79.1784 93.197 0
      vertex -85.9579 97.9579 0
      vertex -78.9579 93.2079 0
    endloop
  endfacet
  facet normal 0 0 -1
    outer loop
      vertex -79.3968 93.1646 0
      vertex -85.9579 97.9579 0
      vertex -79.1784 93.197 0
    endloop
  endfacet
  facet normal 0 0 -1
    outer loop
      vertex -79.611 93.111 0
      vertex -85.9579 97.9579 0
      vertex -79.3968 93.1646 0
    endloop
  endfacet
  facet normal 0 0 -1
    outer loop
      vertex -79.8189 93.0366 0
      vertex -85.9579 97.9579 0
      vertex -79.611 93.111 0
    endloop
  endfacet
  facet normal 0 0 -1
    outer loop
      vertex -80.0185 92.9422 0
      vertex -85.9579 97.9579 0
      vertex -79.8189 93.0366 0
    endloop
  endfacet
  facet normal 0 0 -1
    outer loop
      vertex -80.2079 92.8287 0
      vertex -85.9579 97.9579 0
      vertex -80.0185 92.9422 0
    endloop
  endfacet
  facet normal 0 0 -1
    outer loop
      vertex -80.3852 92.6971 0
      vertex -85.9579 97.9579 0
      vertex -80.2079 92.8287 0
    endloop
  endfacet
  facet normal 0 0 -1
    outer loop
      vertex -80.5489 92.5489 0
      vertex -85.9579 97.9579 0
      vertex -80.3852 92.6971 0
    endloop
  endfacet
  facet normal 0 0 -1
    outer loop
      vertex -80.6971 92.3852 0
      vertex -85.9579 97.9579 0
      vertex -80.5489 92.5489 0
    endloop
  endfacet
  facet normal 0 0 -1
    outer loop
      vertex -80.8287 92.2079 0
      vertex -85.9579 97.9579 0
      vertex -80.6971 92.3852 0
    endloop
  endfacet
  facet normal 0 0 -1
    outer loop
      vertex -80.9422 92.0185 0
      vertex -85.9579 97.9579 0
      vertex -80.8287 92.2079 0
    endloop
  endfacet
  facet normal 0 0 -1
    outer loop
      vertex -81.0366 91.8189 0
      vertex -85.9579 97.9579 0
      vertex -80.9422 92.0185 0
    endloop
  endfacet
  facet normal 0 0 -1
    outer loop
      vertex -81.111 91.611 0
      vertex -85.9579 97.9579 0
      vertex -81.0366 91.8189 0
    endloop
  endfacet
  facet normal 0 0 -1
    outer loop
      vertex -81.1646 91.3968 0
      vertex -85.9579 97.9579 0
      vertex -81.111 91.611 0
    endloop
  endfacet
  facet normal 0 0 -1
    outer loop
      vertex -81.197 91.1784 0
      vertex -85.9579 97.9579 0
      vertex -81.1646 91.3968 0
    endloop
  endfacet
  facet normal 0 0 -1
    outer loop
      vertex -81.2079 90.9579 0
      vertex -85.9579 97.9579 0
      vertex -81.197 91.1784 0
    endloop
  endfacet
  facet normal 0 0 -1
    outer loop
      vertex -81.197 90.7373 0
      vertex -85.9579 97.9579 0
      vertex -81.2079 90.9579 0
    endloop
  endfacet
  facet normal -1 0 0
    outer loop
      vertex -85.9579 -97.9579 0
      vertex -85.9579 97.9579 6
      vertex -85.9579 97.9579 0
    endloop
  endfacet
  facet normal -1 -0 0
    outer loop
      vertex -85.9579 97.9579 6
      vertex -85.9579 -97.9579 0
      vertex -85.9579 -97.9579 6
    endloop
  endfacet
  facet normal 0 1 -0
    outer loop
      vertex 85.9579 97.9579 0
      vertex -85.9579 97.9579 6
      vertex 85.9579 97.9579 6
    endloop
  endfacet
  facet normal 0 1 0
    outer loop
      vertex -85.9579 97.9579 6
      vertex 85.9579 97.9579 0
      vertex -85.9579 97.9579 0
    endloop
  endfacet
  facet normal 0 -1 0
    outer loop
      vertex -85.9579 -97.9579 0
      vertex 85.9579 -97.9579 6
      vertex -85.9579 -97.9579 6
    endloop
  endfacet
  facet normal 0 -1 -0
    outer loop
      vertex 85.9579 -97.9579 6
      vertex -85.9579 -97.9579 0
      vertex 85.9579 -97.9579 0
    endloop
  endfacet
  facet normal 0.427541 -0.903996 0
    outer loop
      vertex -80.0185 -88.9735 0
      vertex -79.8189 -88.8791 6
      vertex -80.0185 -88.9735 6
    endloop
  endfacet
  facet normal 0.427541 -0.903996 0
    outer loop
      vertex -79.8189 -88.8791 6
      vertex -80.0185 -88.9735 0
      vertex -79.8189 -88.8791 0
    endloop
  endfacet
  facet normal -0.989174 -0.146746 0
    outer loop
      vertex -76.7187 -90.7373 0
      vertex -76.7511 -90.5189 6
      vertex -76.7511 -90.5189 0
    endloop
  endfacet
  facet normal -0.989174 -0.146746 0
    outer loop
      vertex -76.7511 -90.5189 6
      vertex -76.7187 -90.7373 0
      vertex -76.7187 -90.7373 6
    endloop
  endfacet
  facet normal -0.998804 -0.0488988 0
    outer loop
      vertex -76.7079 -90.9579 0
      vertex -76.7187 -90.7373 6
      vertex -76.7187 -90.7373 0
    endloop
  endfacet
  facet normal -0.998804 -0.0488988 0
    outer loop
      vertex -76.7187 -90.7373 6
      vertex -76.7079 -90.9579 0
      vertex -76.7079 -90.9579 6
    endloop
  endfacet
  facet normal -0.970089 -0.242749 0
    outer loop
      vertex -76.7511 -90.5189 0
      vertex -76.8047 -90.3047 6
      vertex -76.8047 -90.3047 0
    endloop
  endfacet
  facet normal -0.970089 -0.242749 0
    outer loop
      vertex -76.8047 -90.3047 6
      vertex -76.7511 -90.5189 0
      vertex -76.7511 -90.5189 6
    endloop
  endfacet
  facet normal 0.514029 0.857773 -0
    outer loop
      vertex -80.0185 -92.9422 0
      vertex -80.2079 -92.8287 6
      vertex -80.0185 -92.9422 6
    endloop
  endfacet
  facet normal 0.514029 0.857773 0
    outer loop
      vertex -80.2079 -92.8287 6
      vertex -80.0185 -92.9422 0
      vertex -80.2079 -92.8287 0
    endloop
  endfacet
  facet normal -0.336939 -0.941527 0
    outer loop
      vertex -78.3047 -88.8047 0
      vertex -78.0968 -88.8791 6
      vertex -78.3047 -88.8047 6
    endloop
  endfacet
  facet normal -0.336939 -0.941527 -0
    outer loop
      vertex -78.0968 -88.8791 6
      vertex -78.3047 -88.8047 0
      vertex -78.0968 -88.8791 0
    endloop
  endfacet
  facet normal -0.0488988 -0.998804 0
    outer loop
      vertex -78.9579 -88.7079 0
      vertex -78.7373 -88.7187 6
      vertex -78.9579 -88.7079 6
    endloop
  endfacet
  facet normal -0.0488988 -0.998804 -0
    outer loop
      vertex -78.7373 -88.7187 6
      vertex -78.9579 -88.7079 0
      vertex -78.7373 -88.7187 0
    endloop
  endfacet
  facet normal 0.941527 0.336939 0
    outer loop
      vertex -81.0366 -91.8189 6
      vertex -81.111 -91.611 0
      vertex -81.111 -91.611 6
    endloop
  endfacet
  facet normal 0.941527 0.336939 0
    outer loop
      vertex -81.111 -91.611 0
      vertex -81.0366 -91.8189 6
      vertex -81.0366 -91.8189 0
    endloop
  endfacet
  facet normal 0.146746 -0.989174 0
    outer loop
      vertex -79.3968 -88.7511 0
      vertex -79.1784 -88.7187 6
      vertex -79.3968 -88.7511 6
    endloop
  endfacet
  facet normal 0.146746 -0.989174 0
    outer loop
      vertex -79.1784 -88.7187 6
      vertex -79.3968 -88.7511 0
      vertex -79.1784 -88.7187 0
    endloop
  endfacet
  facet normal -0.146746 0.989174 0
    outer loop
      vertex -78.5189 -93.1646 0
      vertex -78.7373 -93.197 6
      vertex -78.5189 -93.1646 6
    endloop
  endfacet
  facet normal -0.146746 0.989174 0
    outer loop
      vertex -78.7373 -93.197 6
      vertex -78.5189 -93.1646 0
      vertex -78.7373 -93.197 0
    endloop
  endfacet
  facet normal 0.741128 -0.671364 0
    outer loop
      vertex -80.6971 -89.5305 6
      vertex -80.5489 -89.3669 0
      vertex -80.5489 -89.3669 6
    endloop
  endfacet
  facet normal 0.741128 -0.671364 0
    outer loop
      vertex -80.5489 -89.3669 0
      vertex -80.6971 -89.5305 6
      vertex -80.6971 -89.5305 0
    endloop
  endfacet
  facet normal -0.514029 0.857773 0
    outer loop
      vertex -77.7078 -92.8287 0
      vertex -77.8972 -92.9422 6
      vertex -77.7078 -92.8287 6
    endloop
  endfacet
  facet normal -0.514029 0.857773 0
    outer loop
      vertex -77.8972 -92.9422 6
      vertex -77.7078 -92.8287 0
      vertex -77.8972 -92.9422 0
    endloop
  endfacet
  facet normal -0.803196 0.595715 0
    outer loop
      vertex -77.2186 -92.3852 0
      vertex -77.0871 -92.2079 6
      vertex -77.0871 -92.2079 0
    endloop
  endfacet
  facet normal -0.803196 0.595715 0
    outer loop
      vertex -77.0871 -92.2079 6
      vertex -77.2186 -92.3852 0
      vertex -77.2186 -92.3852 6
    endloop
  endfacet
  facet normal 0.514363 -0.857573 0
    outer loop
      vertex -80.2079 -89.0871 0
      vertex -80.0185 -88.9735 6
      vertex -80.2079 -89.0871 6
    endloop
  endfacet
  facet normal 0.514363 -0.857573 0
    outer loop
      vertex -80.0185 -88.9735 6
      vertex -80.2079 -89.0871 0
      vertex -80.0185 -88.9735 0
    endloop
  endfacet
  facet normal -0.989174 0.146746 0
    outer loop
      vertex -76.7511 -91.3968 0
      vertex -76.7187 -91.1784 6
      vertex -76.7187 -91.1784 0
    endloop
  endfacet
  facet normal -0.989174 0.146746 0
    outer loop
      vertex -76.7187 -91.1784 6
      vertex -76.7511 -91.3968 0
      vertex -76.7511 -91.3968 6
    endloop
  endfacet
  facet normal 0.146746 0.989174 -0
    outer loop
      vertex -79.1784 -93.197 0
      vertex -79.3968 -93.1646 6
      vertex -79.1784 -93.197 6
    endloop
  endfacet
  facet normal 0.146746 0.989174 0
    outer loop
      vertex -79.3968 -93.1646 6
      vertex -79.1784 -93.197 0
      vertex -79.3968 -93.1646 0
    endloop
  endfacet
  facet normal -0.427541 -0.903996 0
    outer loop
      vertex -78.0968 -88.8791 0
      vertex -77.8972 -88.9735 6
      vertex -78.0968 -88.8791 6
    endloop
  endfacet
  facet normal -0.427541 -0.903996 -0
    outer loop
      vertex -77.8972 -88.9735 6
      vertex -78.0968 -88.8791 0
      vertex -77.8972 -88.9735 0
    endloop
  endfacet
  facet normal 0.242749 0.970089 -0
    outer loop
      vertex -79.3968 -93.1646 0
      vertex -79.611 -93.111 6
      vertex -79.3968 -93.1646 6
    endloop
  endfacet
  facet normal 0.242749 0.970089 0
    outer loop
      vertex -79.611 -93.111 6
      vertex -79.3968 -93.1646 0
      vertex -79.611 -93.111 0
    endloop
  endfacet
  facet normal 0.970089 0.242749 0
    outer loop
      vertex -81.111 -91.611 6
      vertex -81.1646 -91.3968 0
      vertex -81.1646 -91.3968 6
    endloop
  endfacet
  facet normal 0.970089 0.242749 0
    outer loop
      vertex -81.1646 -91.3968 0
      vertex -81.111 -91.611 6
      vertex -81.111 -91.611 0
    endloop
  endfacet
  facet normal -0.336939 0.941527 0
    outer loop
      vertex -78.0968 -93.0366 0
      vertex -78.3047 -93.111 6
      vertex -78.0968 -93.0366 6
    endloop
  endfacet
  facet normal -0.336939 0.941527 0
    outer loop
      vertex -78.3047 -93.111 6
      vertex -78.0968 -93.0366 0
      vertex -78.3047 -93.111 0
    endloop
  endfacet
  facet normal -0.970089 0.242749 0
    outer loop
      vertex -76.8047 -91.611 0
      vertex -76.7511 -91.3968 6
      vertex -76.7511 -91.3968 0
    endloop
  endfacet
  facet normal -0.970089 0.242749 0
    outer loop
      vertex -76.7511 -91.3968 6
      vertex -76.8047 -91.611 0
      vertex -76.8047 -91.611 6
    endloop
  endfacet
  facet normal 0.857773 -0.514029 0
    outer loop
      vertex -80.9422 -89.8972 6
      vertex -80.8287 -89.7078 0
      vertex -80.8287 -89.7078 6
    endloop
  endfacet
  facet normal 0.857773 -0.514029 0
    outer loop
      vertex -80.8287 -89.7078 0
      vertex -80.9422 -89.8972 6
      vertex -80.9422 -89.8972 0
    endloop
  endfacet
  facet normal 0.427541 0.903996 -0
    outer loop
      vertex -79.8189 -93.0366 0
      vertex -80.0185 -92.9422 6
      vertex -79.8189 -93.0366 6
    endloop
  endfacet
  facet normal 0.427541 0.903996 0
    outer loop
      vertex -80.0185 -92.9422 6
      vertex -79.8189 -93.0366 0
      vertex -80.0185 -92.9422 0
    endloop
  endfacet
  facet normal 0.336939 -0.941527 0
    outer loop
      vertex -79.8189 -88.8791 0
      vertex -79.611 -88.8047 6
      vertex -79.8189 -88.8791 6
    endloop
  endfacet
  facet normal 0.336939 -0.941527 0
    outer loop
      vertex -79.611 -88.8047 6
      vertex -79.8189 -88.8791 0
      vertex -79.611 -88.8047 0
    endloop
  endfacet
  facet normal 0.595715 -0.803196 0
    outer loop
      vertex -80.3852 -89.2186 0
      vertex -80.2079 -89.0871 6
      vertex -80.3852 -89.2186 6
    endloop
  endfacet
  facet normal 0.595715 -0.803196 0
    outer loop
      vertex -80.2079 -89.0871 6
      vertex -80.3852 -89.2186 0
      vertex -80.2079 -89.0871 0
    endloop
  endfacet
  facet normal 0.242749 -0.970089 0
    outer loop
      vertex -79.611 -88.8047 0
      vertex -79.3968 -88.7511 6
      vertex -79.611 -88.8047 6
    endloop
  endfacet
  facet normal 0.242749 -0.970089 0
    outer loop
      vertex -79.3968 -88.7511 6
      vertex -79.611 -88.8047 0
      vertex -79.3968 -88.7511 0
    endloop
  endfacet
  facet normal -0.803196 -0.595715 0
    outer loop
      vertex -77.0871 -89.7078 0
      vertex -77.2186 -89.5305 6
      vertex -77.2186 -89.5305 0
    endloop
  endfacet
  facet normal -0.803196 -0.595715 0
    outer loop
      vertex -77.2186 -89.5305 6
      vertex -77.0871 -89.7078 0
      vertex -77.0871 -89.7078 6
    endloop
  endfacet
  facet normal -0.998803 0.0489209 0
    outer loop
      vertex -76.7187 -91.1784 0
      vertex -76.7079 -90.9579 6
      vertex -76.7079 -90.9579 0
    endloop
  endfacet
  facet normal -0.998803 0.0489209 0
    outer loop
      vertex -76.7079 -90.9579 6
      vertex -76.7187 -91.1784 0
      vertex -76.7187 -91.1784 6
    endloop
  endfacet
  facet normal -0.903996 0.427541 0
    outer loop
      vertex -76.9735 -92.0185 0
      vertex -76.8791 -91.8189 6
      vertex -76.8791 -91.8189 0
    endloop
  endfacet
  facet normal -0.903996 0.427541 0
    outer loop
      vertex -76.8791 -91.8189 6
      vertex -76.9735 -92.0185 0
      vertex -76.9735 -92.0185 6
    endloop
  endfacet
  facet normal -0.242749 -0.970089 0
    outer loop
      vertex -78.5189 -88.7511 0
      vertex -78.3047 -88.8047 6
      vertex -78.5189 -88.7511 6
    endloop
  endfacet
  facet normal -0.242749 -0.970089 -0
    outer loop
      vertex -78.3047 -88.8047 6
      vertex -78.5189 -88.7511 0
      vertex -78.3047 -88.8047 0
    endloop
  endfacet
  facet normal -0.671613 -0.740902 0
    outer loop
      vertex -77.5305 -89.2186 0
      vertex -77.3669 -89.3669 6
      vertex -77.5305 -89.2186 6
    endloop
  endfacet
  facet normal -0.671613 -0.740902 -0
    outer loop
      vertex -77.3669 -89.3669 6
      vertex -77.5305 -89.2186 0
      vertex -77.3669 -89.3669 0
    endloop
  endfacet
  facet normal -0.514363 -0.857573 0
    outer loop
      vertex -77.8972 -88.9735 0
      vertex -77.7078 -89.0871 6
      vertex -77.8972 -88.9735 6
    endloop
  endfacet
  facet normal -0.514363 -0.857573 -0
    outer loop
      vertex -77.7078 -89.0871 6
      vertex -77.8972 -88.9735 0
      vertex -77.7078 -89.0871 0
    endloop
  endfacet
  facet normal -0.595715 -0.803196 0
    outer loop
      vertex -77.7078 -89.0871 0
      vertex -77.5305 -89.2186 6
      vertex -77.7078 -89.0871 6
    endloop
  endfacet
  facet normal -0.595715 -0.803196 -0
    outer loop
      vertex -77.5305 -89.2186 6
      vertex -77.7078 -89.0871 0
      vertex -77.5305 -89.2186 0
    endloop
  endfacet
  facet normal -0.0493505 0.998782 0
    outer loop
      vertex -78.7373 -93.197 0
      vertex -78.9579 -93.2079 6
      vertex -78.7373 -93.197 6
    endloop
  endfacet
  facet normal -0.0493505 0.998782 0
    outer loop
      vertex -78.9579 -93.2079 6
      vertex -78.7373 -93.197 0
      vertex -78.9579 -93.2079 0
    endloop
  endfacet
  facet normal -0.941527 -0.336939 0
    outer loop
      vertex -76.8047 -90.3047 0
      vertex -76.8791 -90.0968 6
      vertex -76.8791 -90.0968 0
    endloop
  endfacet
  facet normal -0.941527 -0.336939 0
    outer loop
      vertex -76.8791 -90.0968 6
      vertex -76.8047 -90.3047 0
      vertex -76.8047 -90.3047 6
    endloop
  endfacet
  facet normal -0.857573 0.514363 0
    outer loop
      vertex -77.0871 -92.2079 0
      vertex -76.9735 -92.0185 6
      vertex -76.9735 -92.0185 0
    endloop
  endfacet
  facet normal -0.857573 0.514363 0
    outer loop
      vertex -76.9735 -92.0185 6
      vertex -77.0871 -92.2079 0
      vertex -77.0871 -92.2079 6
    endloop
  endfacet
  facet normal -0.941527 0.336939 0
    outer loop
      vertex -76.8791 -91.8189 0
      vertex -76.8047 -91.611 6
      vertex -76.8047 -91.611 0
    endloop
  endfacet
  facet normal -0.941527 0.336939 0
    outer loop
      vertex -76.8047 -91.611 6
      vertex -76.8791 -91.8189 0
      vertex -76.8791 -91.8189 6
    endloop
  endfacet
  facet normal -0.740902 -0.671613 0
    outer loop
      vertex -77.2186 -89.5305 0
      vertex -77.3669 -89.3669 6
      vertex -77.3669 -89.3669 0
    endloop
  endfacet
  facet normal -0.740902 -0.671613 0
    outer loop
      vertex -77.3669 -89.3669 6
      vertex -77.2186 -89.5305 0
      vertex -77.2186 -89.5305 6
    endloop
  endfacet
  facet normal -0.903996 -0.427541 0
    outer loop
      vertex -76.8791 -90.0968 0
      vertex -76.9735 -89.8972 6
      vertex -76.9735 -89.8972 0
    endloop
  endfacet
  facet normal -0.903996 -0.427541 0
    outer loop
      vertex -76.9735 -89.8972 6
      vertex -76.8791 -90.0968 0
      vertex -76.8791 -90.0968 6
    endloop
  endfacet
  facet normal 0.989174 -0.146746 0
    outer loop
      vertex -81.197 -90.7373 6
      vertex -81.1646 -90.5189 0
      vertex -81.1646 -90.5189 6
    endloop
  endfacet
  facet normal 0.989174 -0.146746 0
    outer loop
      vertex -81.1646 -90.5189 0
      vertex -81.197 -90.7373 6
      vertex -81.197 -90.7373 0
    endloop
  endfacet
  facet normal -0.857573 -0.514363 0
    outer loop
      vertex -76.9735 -89.8972 0
      vertex -77.0871 -89.7078 6
      vertex -77.0871 -89.7078 0
    endloop
  endfacet
  facet normal -0.857573 -0.514363 0
    outer loop
      vertex -77.0871 -89.7078 6
      vertex -76.9735 -89.8972 0
      vertex -76.9735 -89.8972 6
    endloop
  endfacet
  facet normal -0.146746 -0.989174 0
    outer loop
      vertex -78.7373 -88.7187 0
      vertex -78.5189 -88.7511 6
      vertex -78.7373 -88.7187 6
    endloop
  endfacet
  facet normal -0.146746 -0.989174 -0
    outer loop
      vertex -78.5189 -88.7511 6
      vertex -78.7373 -88.7187 0
      vertex -78.5189 -88.7511 0
    endloop
  endfacet
  facet normal 0.671387 -0.741107 0
    outer loop
      vertex -80.5489 -89.3669 0
      vertex -80.3852 -89.2186 6
      vertex -80.5489 -89.3669 6
    endloop
  endfacet
  facet normal 0.671387 -0.741107 0
    outer loop
      vertex -80.3852 -89.2186 6
      vertex -80.5489 -89.3669 0
      vertex -80.3852 -89.2186 0
    endloop
  endfacet
  facet normal 0.857773 0.514029 0
    outer loop
      vertex -80.8287 -92.2079 6
      vertex -80.9422 -92.0185 0
      vertex -80.9422 -92.0185 6
    endloop
  endfacet
  facet normal 0.857773 0.514029 0
    outer loop
      vertex -80.9422 -92.0185 0
      vertex -80.8287 -92.2079 6
      vertex -80.8287 -92.2079 0
    endloop
  endfacet
  facet normal 0.0489209 -0.998803 0
    outer loop
      vertex -79.1784 -88.7187 0
      vertex -78.9579 -88.7079 6
      vertex -79.1784 -88.7187 6
    endloop
  endfacet
  facet normal 0.0489209 -0.998803 0
    outer loop
      vertex -78.9579 -88.7079 6
      vertex -79.1784 -88.7187 0
      vertex -78.9579 -88.7079 0
    endloop
  endfacet
  facet normal 0.741332 0.671139 0
    outer loop
      vertex -80.5489 -92.5489 6
      vertex -80.6971 -92.3852 0
      vertex -80.6971 -92.3852 6
    endloop
  endfacet
  facet normal 0.741332 0.671139 0
    outer loop
      vertex -80.6971 -92.3852 0
      vertex -80.5489 -92.5489 6
      vertex -80.5489 -92.5489 0
    endloop
  endfacet
  facet normal 0.596007 0.802979 -0
    outer loop
      vertex -80.2079 -92.8287 0
      vertex -80.3852 -92.6971 6
      vertex -80.2079 -92.8287 6
    endloop
  endfacet
  facet normal 0.596007 0.802979 0
    outer loop
      vertex -80.3852 -92.6971 6
      vertex -80.2079 -92.8287 0
      vertex -80.3852 -92.6971 0
    endloop
  endfacet
  facet normal 0.989174 0.146746 0
    outer loop
      vertex -81.1646 -91.3968 6
      vertex -81.197 -91.1784 0
      vertex -81.197 -91.1784 6
    endloop
  endfacet
  facet normal 0.989174 0.146746 0
    outer loop
      vertex -81.197 -91.1784 0
      vertex -81.1646 -91.3968 6
      vertex -81.1646 -91.3968 0
    endloop
  endfacet
  facet normal 0.802979 0.596007 0
    outer loop
      vertex -80.6971 -92.3852 6
      vertex -80.8287 -92.2079 0
      vertex -80.8287 -92.2079 6
    endloop
  endfacet
  facet normal 0.802979 0.596007 0
    outer loop
      vertex -80.8287 -92.2079 0
      vertex -80.6971 -92.3852 6
      vertex -80.6971 -92.3852 0
    endloop
  endfacet
  facet normal -0.427541 0.903996 0
    outer loop
      vertex -77.8972 -92.9422 0
      vertex -78.0968 -93.0366 6
      vertex -77.8972 -92.9422 6
    endloop
  endfacet
  facet normal -0.427541 0.903996 0
    outer loop
      vertex -78.0968 -93.0366 6
      vertex -77.8972 -92.9422 0
      vertex -78.0968 -93.0366 0
    endloop
  endfacet
  facet normal 0.99878 0.0493728 0
    outer loop
      vertex -81.197 -91.1784 6
      vertex -81.2079 -90.9579 0
      vertex -81.2079 -90.9579 6
    endloop
  endfacet
  facet normal 0.99878 0.0493728 0
    outer loop
      vertex -81.2079 -90.9579 0
      vertex -81.197 -91.1784 6
      vertex -81.197 -91.1784 0
    endloop
  endfacet
  facet normal 0.941527 -0.336939 0
    outer loop
      vertex -81.111 -90.3047 6
      vertex -81.0366 -90.0968 0
      vertex -81.0366 -90.0968 6
    endloop
  endfacet
  facet normal 0.941527 -0.336939 0
    outer loop
      vertex -81.0366 -90.0968 0
      vertex -81.111 -90.3047 6
      vertex -81.111 -90.3047 0
    endloop
  endfacet
  facet normal 0.903996 0.427541 0
    outer loop
      vertex -80.9422 -92.0185 6
      vertex -81.0366 -91.8189 0
      vertex -81.0366 -91.8189 6
    endloop
  endfacet
  facet normal 0.903996 0.427541 0
    outer loop
      vertex -81.0366 -91.8189 0
      vertex -80.9422 -92.0185 6
      vertex -80.9422 -92.0185 0
    endloop
  endfacet
  facet normal -0.242749 0.970089 0
    outer loop
      vertex -78.3047 -93.111 0
      vertex -78.5189 -93.1646 6
      vertex -78.3047 -93.111 6
    endloop
  endfacet
  facet normal -0.242749 0.970089 0
    outer loop
      vertex -78.5189 -93.1646 6
      vertex -78.3047 -93.111 0
      vertex -78.5189 -93.1646 0
    endloop
  endfacet
  facet normal 0.802979 -0.596007 0
    outer loop
      vertex -80.8287 -89.7078 6
      vertex -80.6971 -89.5305 0
      vertex -80.6971 -89.5305 6
    endloop
  endfacet
  facet normal 0.802979 -0.596007 0
    outer loop
      vertex -80.6971 -89.5305 0
      vertex -80.8287 -89.7078 6
      vertex -80.8287 -89.7078 0
    endloop
  endfacet
  facet normal -0.596007 0.802979 0
    outer loop
      vertex -77.5305 -92.6971 0
      vertex -77.7078 -92.8287 6
      vertex -77.5305 -92.6971 6
    endloop
  endfacet
  facet normal -0.596007 0.802979 0
    outer loop
      vertex -77.7078 -92.8287 6
      vertex -77.5305 -92.6971 0
      vertex -77.7078 -92.8287 0
    endloop
  endfacet
  facet normal 0.970089 -0.242749 0
    outer loop
      vertex -81.1646 -90.5189 6
      vertex -81.111 -90.3047 0
      vertex -81.111 -90.3047 6
    endloop
  endfacet
  facet normal 0.970089 -0.242749 0
    outer loop
      vertex -81.111 -90.3047 0
      vertex -81.1646 -90.5189 6
      vertex -81.1646 -90.5189 0
    endloop
  endfacet
  facet normal 0.903996 -0.427541 0
    outer loop
      vertex -81.0366 -90.0968 6
      vertex -80.9422 -89.8972 0
      vertex -80.9422 -89.8972 6
    endloop
  endfacet
  facet normal 0.903996 -0.427541 0
    outer loop
      vertex -80.9422 -89.8972 0
      vertex -81.0366 -90.0968 6
      vertex -81.0366 -90.0968 0
    endloop
  endfacet
  facet normal 0.336939 0.941527 -0
    outer loop
      vertex -79.611 -93.111 0
      vertex -79.8189 -93.0366 6
      vertex -79.611 -93.111 6
    endloop
  endfacet
  facet normal 0.336939 0.941527 0
    outer loop
      vertex -79.8189 -93.0366 6
      vertex -79.611 -93.111 0
      vertex -79.8189 -93.0366 0
    endloop
  endfacet
  facet normal 0.0493728 0.99878 -0
    outer loop
      vertex -78.9579 -93.2079 0
      vertex -79.1784 -93.197 6
      vertex -78.9579 -93.2079 6
    endloop
  endfacet
  facet normal 0.0493728 0.99878 0
    outer loop
      vertex -79.1784 -93.197 6
      vertex -78.9579 -93.2079 0
      vertex -79.1784 -93.197 0
    endloop
  endfacet
  facet normal 0.998782 -0.0493505 0
    outer loop
      vertex -81.2079 -90.9579 6
      vertex -81.197 -90.7373 0
      vertex -81.197 -90.7373 6
    endloop
  endfacet
  facet normal 0.998782 -0.0493505 0
    outer loop
      vertex -81.197 -90.7373 0
      vertex -81.2079 -90.9579 6
      vertex -81.2079 -90.9579 0
    endloop
  endfacet
  facet normal 0.671139 0.741332 -0
    outer loop
      vertex -80.3852 -92.6971 0
      vertex -80.5489 -92.5489 6
      vertex -80.3852 -92.6971 6
    endloop
  endfacet
  facet normal 0.671139 0.741332 0
    outer loop
      vertex -80.5489 -92.5489 6
      vertex -80.3852 -92.6971 0
      vertex -80.5489 -92.5489 0
    endloop
  endfacet
  facet normal -0.741107 0.671387 0
    outer loop
      vertex -77.3669 -92.5489 0
      vertex -77.2186 -92.3852 6
      vertex -77.2186 -92.3852 0
    endloop
  endfacet
  facet normal -0.741107 0.671387 0
    outer loop
      vertex -77.2186 -92.3852 6
      vertex -77.3669 -92.5489 0
      vertex -77.3669 -92.5489 6
    endloop
  endfacet
  facet normal -0.671364 0.741128 0
    outer loop
      vertex -77.3669 -92.5489 0
      vertex -77.5305 -92.6971 6
      vertex -77.3669 -92.5489 6
    endloop
  endfacet
  facet normal -0.671364 0.741128 0
    outer loop
      vertex -77.5305 -92.6971 6
      vertex -77.3669 -92.5489 0
      vertex -77.5305 -92.6971 0
    endloop
  endfacet
  facet normal 0.336939 0.941527 -0
    outer loop
      vertex -79.611 88.8047 0
      vertex -79.8189 88.8791 6
      vertex -79.611 88.8047 6
    endloop
  endfacet
  facet normal 0.336939 0.941527 0
    outer loop
      vertex -79.8189 88.8791 6
      vertex -79.611 88.8047 0
      vertex -79.8189 88.8791 0
    endloop
  endfacet
  facet normal 0.596007 -0.802979 0
    outer loop
      vertex -80.3852 92.6971 0
      vertex -80.2079 92.8287 6
      vertex -80.3852 92.6971 6
    endloop
  endfacet
  facet normal 0.596007 -0.802979 0
    outer loop
      vertex -80.2079 92.8287 6
      vertex -80.3852 92.6971 0
      vertex -80.2079 92.8287 0
    endloop
  endfacet
  facet normal -0.989174 -0.146746 0
    outer loop
      vertex -76.7187 91.1784 0
      vertex -76.7511 91.3968 6
      vertex -76.7511 91.3968 0
    endloop
  endfacet
  facet normal -0.989174 -0.146746 0
    outer loop
      vertex -76.7511 91.3968 6
      vertex -76.7187 91.1784 0
      vertex -76.7187 91.1784 6
    endloop
  endfacet
  facet normal -0.998803 -0.0489209 0
    outer loop
      vertex -76.7079 90.9579 0
      vertex -76.7187 91.1784 6
      vertex -76.7187 91.1784 0
    endloop
  endfacet
  facet normal -0.998803 -0.0489209 0
    outer loop
      vertex -76.7187 91.1784 6
      vertex -76.7079 90.9579 0
      vertex -76.7079 90.9579 6
    endloop
  endfacet
  facet normal -0.970089 -0.242749 0
    outer loop
      vertex -76.7511 91.3968 0
      vertex -76.8047 91.611 6
      vertex -76.8047 91.611 0
    endloop
  endfacet
  facet normal -0.970089 -0.242749 0
    outer loop
      vertex -76.8047 91.611 6
      vertex -76.7511 91.3968 0
      vertex -76.7511 91.3968 6
    endloop
  endfacet
  facet normal -0.146746 -0.989174 0
    outer loop
      vertex -78.7373 93.197 0
      vertex -78.5189 93.1646 6
      vertex -78.7373 93.197 6
    endloop
  endfacet
  facet normal -0.146746 -0.989174 -0
    outer loop
      vertex -78.5189 93.1646 6
      vertex -78.7373 93.197 0
      vertex -78.5189 93.1646 0
    endloop
  endfacet
  facet normal 0.146746 -0.989174 0
    outer loop
      vertex -79.3968 93.1646 0
      vertex -79.1784 93.197 6
      vertex -79.3968 93.1646 6
    endloop
  endfacet
  facet normal 0.146746 -0.989174 0
    outer loop
      vertex -79.1784 93.197 6
      vertex -79.3968 93.1646 0
      vertex -79.1784 93.197 0
    endloop
  endfacet
  facet normal -0.803196 -0.595715 0
    outer loop
      vertex -77.0871 92.2079 0
      vertex -77.2186 92.3852 6
      vertex -77.2186 92.3852 0
    endloop
  endfacet
  facet normal -0.803196 -0.595715 0
    outer loop
      vertex -77.2186 92.3852 6
      vertex -77.0871 92.2079 0
      vertex -77.0871 92.2079 6
    endloop
  endfacet
  facet normal -0.514363 0.857573 0
    outer loop
      vertex -77.7078 89.0871 0
      vertex -77.8972 88.9735 6
      vertex -77.7078 89.0871 6
    endloop
  endfacet
  facet normal -0.514363 0.857573 0
    outer loop
      vertex -77.8972 88.9735 6
      vertex -77.7078 89.0871 0
      vertex -77.8972 88.9735 0
    endloop
  endfacet
  facet normal -0.596007 -0.802979 0
    outer loop
      vertex -77.7078 92.8287 0
      vertex -77.5305 92.6971 6
      vertex -77.7078 92.8287 6
    endloop
  endfacet
  facet normal -0.596007 -0.802979 -0
    outer loop
      vertex -77.5305 92.6971 6
      vertex -77.7078 92.8287 0
      vertex -77.5305 92.6971 0
    endloop
  endfacet
  facet normal -0.998804 0.0488988 0
    outer loop
      vertex -76.7187 90.7373 0
      vertex -76.7079 90.9579 6
      vertex -76.7079 90.9579 0
    endloop
  endfacet
  facet normal -0.998804 0.0488988 0
    outer loop
      vertex -76.7079 90.9579 6
      vertex -76.7187 90.7373 0
      vertex -76.7187 90.7373 6
    endloop
  endfacet
  facet normal 0.242749 -0.970089 0
    outer loop
      vertex -79.611 93.111 0
      vertex -79.3968 93.1646 6
      vertex -79.611 93.111 6
    endloop
  endfacet
  facet normal 0.242749 -0.970089 0
    outer loop
      vertex -79.3968 93.1646 6
      vertex -79.611 93.111 0
      vertex -79.3968 93.1646 0
    endloop
  endfacet
  facet normal -0.427541 -0.903996 0
    outer loop
      vertex -78.0968 93.0366 0
      vertex -77.8972 92.9422 6
      vertex -78.0968 93.0366 6
    endloop
  endfacet
  facet normal -0.427541 -0.903996 -0
    outer loop
      vertex -77.8972 92.9422 6
      vertex -78.0968 93.0366 0
      vertex -77.8972 92.9422 0
    endloop
  endfacet
  facet normal 0.242749 0.970089 -0
    outer loop
      vertex -79.3968 88.7511 0
      vertex -79.611 88.8047 6
      vertex -79.3968 88.7511 6
    endloop
  endfacet
  facet normal 0.242749 0.970089 0
    outer loop
      vertex -79.611 88.8047 6
      vertex -79.3968 88.7511 0
      vertex -79.611 88.8047 0
    endloop
  endfacet
  facet normal 0.989174 0.146746 0
    outer loop
      vertex -81.1646 90.5189 6
      vertex -81.197 90.7373 0
      vertex -81.197 90.7373 6
    endloop
  endfacet
  facet normal 0.989174 0.146746 0
    outer loop
      vertex -81.197 90.7373 0
      vertex -81.1646 90.5189 6
      vertex -81.1646 90.5189 0
    endloop
  endfacet
  facet normal -0.671613 0.740902 0
    outer loop
      vertex -77.3669 89.3669 0
      vertex -77.5305 89.2186 6
      vertex -77.3669 89.3669 6
    endloop
  endfacet
  facet normal -0.671613 0.740902 0
    outer loop
      vertex -77.5305 89.2186 6
      vertex -77.3669 89.3669 0
      vertex -77.5305 89.2186 0
    endloop
  endfacet
  facet normal 0.427541 -0.903996 0
    outer loop
      vertex -80.0185 92.9422 0
      vertex -79.8189 93.0366 6
      vertex -80.0185 92.9422 6
    endloop
  endfacet
  facet normal 0.427541 -0.903996 0
    outer loop
      vertex -79.8189 93.0366 6
      vertex -80.0185 92.9422 0
      vertex -79.8189 93.0366 0
    endloop
  endfacet
  facet normal -0.336939 0.941527 0
    outer loop
      vertex -78.0968 88.8791 0
      vertex -78.3047 88.8047 6
      vertex -78.0968 88.8791 6
    endloop
  endfacet
  facet normal -0.336939 0.941527 0
    outer loop
      vertex -78.3047 88.8047 6
      vertex -78.0968 88.8791 0
      vertex -78.3047 88.8047 0
    endloop
  endfacet
  facet normal 0.903996 -0.427541 0
    outer loop
      vertex -81.0366 91.8189 6
      vertex -80.9422 92.0185 0
      vertex -80.9422 92.0185 6
    endloop
  endfacet
  facet normal 0.903996 -0.427541 0
    outer loop
      vertex -80.9422 92.0185 0
      vertex -81.0366 91.8189 6
      vertex -81.0366 91.8189 0
    endloop
  endfacet
  facet normal 0.802979 0.596007 0
    outer loop
      vertex -80.6971 89.5305 6
      vertex -80.8287 89.7078 0
      vertex -80.8287 89.7078 6
    endloop
  endfacet
  facet normal 0.802979 0.596007 0
    outer loop
      vertex -80.8287 89.7078 0
      vertex -80.6971 89.5305 6
      vertex -80.6971 89.5305 0
    endloop
  endfacet
  facet normal 0.514363 0.857573 -0
    outer loop
      vertex -80.0185 88.9735 0
      vertex -80.2079 89.0871 6
      vertex -80.0185 88.9735 6
    endloop
  endfacet
  facet normal 0.514363 0.857573 0
    outer loop
      vertex -80.2079 89.0871 6
      vertex -80.0185 88.9735 0
      vertex -80.2079 89.0871 0
    endloop
  endfacet
  facet normal -0.803196 0.595715 0
    outer loop
      vertex -77.2186 89.5305 0
      vertex -77.0871 89.7078 6
      vertex -77.0871 89.7078 0
    endloop
  endfacet
  facet normal -0.803196 0.595715 0
    outer loop
      vertex -77.0871 89.7078 6
      vertex -77.2186 89.5305 0
      vertex -77.2186 89.5305 6
    endloop
  endfacet
  facet normal 0.514029 -0.857773 0
    outer loop
      vertex -80.2079 92.8287 0
      vertex -80.0185 92.9422 6
      vertex -80.2079 92.8287 6
    endloop
  endfacet
  facet normal 0.514029 -0.857773 0
    outer loop
      vertex -80.0185 92.9422 6
      vertex -80.2079 92.8287 0
      vertex -80.0185 92.9422 0
    endloop
  endfacet
  facet normal 0.427541 0.903996 -0
    outer loop
      vertex -79.8189 88.8791 0
      vertex -80.0185 88.9735 6
      vertex -79.8189 88.8791 6
    endloop
  endfacet
  facet normal 0.427541 0.903996 0
    outer loop
      vertex -80.0185 88.9735 6
      vertex -79.8189 88.8791 0
      vertex -80.0185 88.9735 0
    endloop
  endfacet
  facet normal 0.595715 0.803196 -0
    outer loop
      vertex -80.2079 89.0871 0
      vertex -80.3852 89.2186 6
      vertex -80.2079 89.0871 6
    endloop
  endfacet
  facet normal 0.595715 0.803196 0
    outer loop
      vertex -80.3852 89.2186 6
      vertex -80.2079 89.0871 0
      vertex -80.3852 89.2186 0
    endloop
  endfacet
  facet normal -0.336939 -0.941527 0
    outer loop
      vertex -78.3047 93.111 0
      vertex -78.0968 93.0366 6
      vertex -78.3047 93.111 6
    endloop
  endfacet
  facet normal -0.336939 -0.941527 -0
    outer loop
      vertex -78.0968 93.0366 6
      vertex -78.3047 93.111 0
      vertex -78.0968 93.0366 0
    endloop
  endfacet
  facet normal 0.741128 0.671364 0
    outer loop
      vertex -80.5489 89.3669 6
      vertex -80.6971 89.5305 0
      vertex -80.6971 89.5305 6
    endloop
  endfacet
  facet normal 0.741128 0.671364 0
    outer loop
      vertex -80.6971 89.5305 0
      vertex -80.5489 89.3669 6
      vertex -80.5489 89.3669 0
    endloop
  endfacet
  facet normal 0.336939 -0.941527 0
    outer loop
      vertex -79.8189 93.0366 0
      vertex -79.611 93.111 6
      vertex -79.8189 93.0366 6
    endloop
  endfacet
  facet normal 0.336939 -0.941527 0
    outer loop
      vertex -79.611 93.111 6
      vertex -79.8189 93.0366 0
      vertex -79.611 93.111 0
    endloop
  endfacet
  facet normal 0.903996 0.427541 0
    outer loop
      vertex -80.9422 89.8972 6
      vertex -81.0366 90.0968 0
      vertex -81.0366 90.0968 6
    endloop
  endfacet
  facet normal 0.903996 0.427541 0
    outer loop
      vertex -81.0366 90.0968 0
      vertex -80.9422 89.8972 6
      vertex -80.9422 89.8972 0
    endloop
  endfacet
  facet normal 0.941527 0.336939 0
    outer loop
      vertex -81.0366 90.0968 6
      vertex -81.111 90.3047 0
      vertex -81.111 90.3047 6
    endloop
  endfacet
  facet normal 0.941527 0.336939 0
    outer loop
      vertex -81.111 90.3047 0
      vertex -81.0366 90.0968 6
      vertex -81.0366 90.0968 0
    endloop
  endfacet
  facet normal -0.903996 -0.427541 0
    outer loop
      vertex -76.8791 91.8189 0
      vertex -76.9735 92.0185 6
      vertex -76.9735 92.0185 0
    endloop
  endfacet
  facet normal -0.903996 -0.427541 0
    outer loop
      vertex -76.9735 92.0185 6
      vertex -76.8791 91.8189 0
      vertex -76.8791 91.8189 6
    endloop
  endfacet
  facet normal 0.970089 0.242749 0
    outer loop
      vertex -81.111 90.3047 6
      vertex -81.1646 90.5189 0
      vertex -81.1646 90.5189 6
    endloop
  endfacet
  facet normal 0.970089 0.242749 0
    outer loop
      vertex -81.1646 90.5189 0
      vertex -81.111 90.3047 6
      vertex -81.111 90.3047 0
    endloop
  endfacet
  facet normal -0.671364 -0.741128 0
    outer loop
      vertex -77.5305 92.6971 0
      vertex -77.3669 92.5489 6
      vertex -77.5305 92.6971 6
    endloop
  endfacet
  facet normal -0.671364 -0.741128 -0
    outer loop
      vertex -77.3669 92.5489 6
      vertex -77.5305 92.6971 0
      vertex -77.3669 92.5489 0
    endloop
  endfacet
  facet normal 0.671387 0.741107 -0
    outer loop
      vertex -80.3852 89.2186 0
      vertex -80.5489 89.3669 6
      vertex -80.3852 89.2186 6
    endloop
  endfacet
  facet normal 0.671387 0.741107 0
    outer loop
      vertex -80.5489 89.3669 6
      vertex -80.3852 89.2186 0
      vertex -80.5489 89.3669 0
    endloop
  endfacet
  facet normal -0.970089 0.242749 0
    outer loop
      vertex -76.8047 90.3047 0
      vertex -76.7511 90.5189 6
      vertex -76.7511 90.5189 0
    endloop
  endfacet
  facet normal -0.970089 0.242749 0
    outer loop
      vertex -76.7511 90.5189 6
      vertex -76.8047 90.3047 0
      vertex -76.8047 90.3047 6
    endloop
  endfacet
  facet normal -0.740902 0.671613 0
    outer loop
      vertex -77.3669 89.3669 0
      vertex -77.2186 89.5305 6
      vertex -77.2186 89.5305 0
    endloop
  endfacet
  facet normal -0.740902 0.671613 0
    outer loop
      vertex -77.2186 89.5305 6
      vertex -77.3669 89.3669 0
      vertex -77.3669 89.3669 6
    endloop
  endfacet
  facet normal -0.146746 0.989174 0
    outer loop
      vertex -78.5189 88.7511 0
      vertex -78.7373 88.7187 6
      vertex -78.5189 88.7511 6
    endloop
  endfacet
  facet normal -0.146746 0.989174 0
    outer loop
      vertex -78.7373 88.7187 6
      vertex -78.5189 88.7511 0
      vertex -78.7373 88.7187 0
    endloop
  endfacet
  facet normal 0.989174 -0.146746 0
    outer loop
      vertex -81.197 91.1784 6
      vertex -81.1646 91.3968 0
      vertex -81.1646 91.3968 6
    endloop
  endfacet
  facet normal 0.989174 -0.146746 0
    outer loop
      vertex -81.1646 91.3968 0
      vertex -81.197 91.1784 6
      vertex -81.197 91.1784 0
    endloop
  endfacet
  facet normal -0.514029 -0.857773 0
    outer loop
      vertex -77.8972 92.9422 0
      vertex -77.7078 92.8287 6
      vertex -77.8972 92.9422 6
    endloop
  endfacet
  facet normal -0.514029 -0.857773 -0
    outer loop
      vertex -77.7078 92.8287 6
      vertex -77.8972 92.9422 0
      vertex -77.7078 92.8287 0
    endloop
  endfacet
  facet normal 0.970089 -0.242749 0
    outer loop
      vertex -81.1646 91.3968 6
      vertex -81.111 91.611 0
      vertex -81.111 91.611 6
    endloop
  endfacet
  facet normal 0.970089 -0.242749 0
    outer loop
      vertex -81.111 91.611 0
      vertex -81.1646 91.3968 6
      vertex -81.1646 91.3968 0
    endloop
  endfacet
  facet normal -0.941527 -0.336939 0
    outer loop
      vertex -76.8047 91.611 0
      vertex -76.8791 91.8189 6
      vertex -76.8791 91.8189 0
    endloop
  endfacet
  facet normal -0.941527 -0.336939 0
    outer loop
      vertex -76.8791 91.8189 6
      vertex -76.8047 91.611 0
      vertex -76.8047 91.611 6
    endloop
  endfacet
  facet normal -0.242749 -0.970089 0
    outer loop
      vertex -78.5189 93.1646 0
      vertex -78.3047 93.111 6
      vertex -78.5189 93.1646 6
    endloop
  endfacet
  facet normal -0.242749 -0.970089 -0
    outer loop
      vertex -78.3047 93.111 6
      vertex -78.5189 93.1646 0
      vertex -78.3047 93.111 0
    endloop
  endfacet
  facet normal -0.0493505 -0.998782 0
    outer loop
      vertex -78.9579 93.2079 0
      vertex -78.7373 93.197 6
      vertex -78.9579 93.2079 6
    endloop
  endfacet
  facet normal -0.0493505 -0.998782 -0
    outer loop
      vertex -78.7373 93.197 6
      vertex -78.9579 93.2079 0
      vertex -78.7373 93.197 0
    endloop
  endfacet
  facet normal -0.427541 0.903996 0
    outer loop
      vertex -77.8972 88.9735 0
      vertex -78.0968 88.8791 6
      vertex -77.8972 88.9735 6
    endloop
  endfacet
  facet normal -0.427541 0.903996 0
    outer loop
      vertex -78.0968 88.8791 6
      vertex -77.8972 88.9735 0
      vertex -78.0968 88.8791 0
    endloop
  endfacet
  facet normal 0.0493728 -0.99878 0
    outer loop
      vertex -79.1784 93.197 0
      vertex -78.9579 93.2079 6
      vertex -79.1784 93.197 6
    endloop
  endfacet
  facet normal 0.0493728 -0.99878 0
    outer loop
      vertex -78.9579 93.2079 6
      vertex -79.1784 93.197 0
      vertex -78.9579 93.2079 0
    endloop
  endfacet
  facet normal -0.989174 0.146746 0
    outer loop
      vertex -76.7511 90.5189 0
      vertex -76.7187 90.7373 6
      vertex -76.7187 90.7373 0
    endloop
  endfacet
  facet normal -0.989174 0.146746 0
    outer loop
      vertex -76.7187 90.7373 6
      vertex -76.7511 90.5189 0
      vertex -76.7511 90.5189 6
    endloop
  endfacet
  facet normal -0.857573 -0.514363 0
    outer loop
      vertex -76.9735 92.0185 0
      vertex -77.0871 92.2079 6
      vertex -77.0871 92.2079 0
    endloop
  endfacet
  facet normal -0.857573 -0.514363 0
    outer loop
      vertex -77.0871 92.2079 6
      vertex -76.9735 92.0185 0
      vertex -76.9735 92.0185 6
    endloop
  endfacet
  facet normal 0.671139 -0.741332 0
    outer loop
      vertex -80.5489 92.5489 0
      vertex -80.3852 92.6971 6
      vertex -80.5489 92.5489 6
    endloop
  endfacet
  facet normal 0.671139 -0.741332 0
    outer loop
      vertex -80.3852 92.6971 6
      vertex -80.5489 92.5489 0
      vertex -80.3852 92.6971 0
    endloop
  endfacet
  facet normal -0.242749 0.970089 0
    outer loop
      vertex -78.3047 88.8047 0
      vertex -78.5189 88.7511 6
      vertex -78.3047 88.8047 6
    endloop
  endfacet
  facet normal -0.242749 0.970089 0
    outer loop
      vertex -78.5189 88.7511 6
      vertex -78.3047 88.8047 0
      vertex -78.5189 88.7511 0
    endloop
  endfacet
  facet normal 0.0489209 0.998803 -0
    outer loop
      vertex -78.9579 88.7079 0
      vertex -79.1784 88.7187 6
      vertex -78.9579 88.7079 6
    endloop
  endfacet
  facet normal 0.0489209 0.998803 0
    outer loop
      vertex -79.1784 88.7187 6
      vertex -78.9579 88.7079 0
      vertex -79.1784 88.7187 0
    endloop
  endfacet
  facet normal 0.741332 -0.671139 0
    outer loop
      vertex -80.6971 92.3852 6
      vertex -80.5489 92.5489 0
      vertex -80.5489 92.5489 6
    endloop
  endfacet
  facet normal 0.741332 -0.671139 0
    outer loop
      vertex -80.5489 92.5489 0
      vertex -80.6971 92.3852 6
      vertex -80.6971 92.3852 0
    endloop
  endfacet
  facet normal 0.941527 -0.336939 0
    outer loop
      vertex -81.111 91.611 6
      vertex -81.0366 91.8189 0
      vertex -81.0366 91.8189 6
    endloop
  endfacet
  facet normal 0.941527 -0.336939 0
    outer loop
      vertex -81.0366 91.8189 0
      vertex -81.111 91.611 6
      vertex -81.111 91.611 0
    endloop
  endfacet
  facet normal -0.903996 0.427541 0
    outer loop
      vertex -76.9735 89.8972 0
      vertex -76.8791 90.0968 6
      vertex -76.8791 90.0968 0
    endloop
  endfacet
  facet normal -0.903996 0.427541 0
    outer loop
      vertex -76.8791 90.0968 6
      vertex -76.9735 89.8972 0
      vertex -76.9735 89.8972 6
    endloop
  endfacet
  facet normal -0.0488988 0.998804 0
    outer loop
      vertex -78.7373 88.7187 0
      vertex -78.9579 88.7079 6
      vertex -78.7373 88.7187 6
    endloop
  endfacet
  facet normal -0.0488988 0.998804 0
    outer loop
      vertex -78.9579 88.7079 6
      vertex -78.7373 88.7187 0
      vertex -78.9579 88.7079 0
    endloop
  endfacet
  facet normal -0.941527 0.336939 0
    outer loop
      vertex -76.8791 90.0968 0
      vertex -76.8047 90.3047 6
      vertex -76.8047 90.3047 0
    endloop
  endfacet
  facet normal -0.941527 0.336939 0
    outer loop
      vertex -76.8047 90.3047 6
      vertex -76.8791 90.0968 0
      vertex -76.8791 90.0968 6
    endloop
  endfacet
  facet normal 0.99878 -0.0493728 0
    outer loop
      vertex -81.2079 90.9579 6
      vertex -81.197 91.1784 0
      vertex -81.197 91.1784 6
    endloop
  endfacet
  facet normal 0.99878 -0.0493728 0
    outer loop
      vertex -81.197 91.1784 0
      vertex -81.2079 90.9579 6
      vertex -81.2079 90.9579 0
    endloop
  endfacet
  facet normal -0.741107 -0.671387 0
    outer loop
      vertex -77.2186 92.3852 0
      vertex -77.3669 92.5489 6
      vertex -77.3669 92.5489 0
    endloop
  endfacet
  facet normal -0.741107 -0.671387 0
    outer loop
      vertex -77.3669 92.5489 6
      vertex -77.2186 92.3852 0
      vertex -77.2186 92.3852 6
    endloop
  endfacet
  facet normal -0.595715 0.803196 0
    outer loop
      vertex -77.5305 89.2186 0
      vertex -77.7078 89.0871 6
      vertex -77.5305 89.2186 6
    endloop
  endfacet
  facet normal -0.595715 0.803196 0
    outer loop
      vertex -77.7078 89.0871 6
      vertex -77.5305 89.2186 0
      vertex -77.7078 89.0871 0
    endloop
  endfacet
  facet normal -0.857573 0.514363 0
    outer loop
      vertex -77.0871 89.7078 0
      vertex -76.9735 89.8972 6
      vertex -76.9735 89.8972 0
    endloop
  endfacet
  facet normal -0.857573 0.514363 0
    outer loop
      vertex -76.9735 89.8972 6
      vertex -77.0871 89.7078 0
      vertex -77.0871 89.7078 6
    endloop
  endfacet
  facet normal 0.857773 -0.514029 0
    outer loop
      vertex -80.9422 92.0185 6
      vertex -80.8287 92.2079 0
      vertex -80.8287 92.2079 6
    endloop
  endfacet
  facet normal 0.857773 -0.514029 0
    outer loop
      vertex -80.8287 92.2079 0
      vertex -80.9422 92.0185 6
      vertex -80.9422 92.0185 0
    endloop
  endfacet
  facet normal 0.857773 0.514029 0
    outer loop
      vertex -80.8287 89.7078 6
      vertex -80.9422 89.8972 0
      vertex -80.9422 89.8972 6
    endloop
  endfacet
  facet normal 0.857773 0.514029 0
    outer loop
      vertex -80.9422 89.8972 0
      vertex -80.8287 89.7078 6
      vertex -80.8287 89.7078 0
    endloop
  endfacet
  facet normal 0.998782 0.0493505 0
    outer loop
      vertex -81.197 90.7373 6
      vertex -81.2079 90.9579 0
      vertex -81.2079 90.9579 6
    endloop
  endfacet
  facet normal 0.998782 0.0493505 0
    outer loop
      vertex -81.2079 90.9579 0
      vertex -81.197 90.7373 6
      vertex -81.197 90.7373 0
    endloop
  endfacet
  facet normal 0.146746 0.989174 -0
    outer loop
      vertex -79.1784 88.7187 0
      vertex -79.3968 88.7511 6
      vertex -79.1784 88.7187 6
    endloop
  endfacet
  facet normal 0.146746 0.989174 0
    outer loop
      vertex -79.3968 88.7511 6
      vertex -79.1784 88.7187 0
      vertex -79.3968 88.7511 0
    endloop
  endfacet
  facet normal 0.802979 -0.596007 0
    outer loop
      vertex -80.8287 92.2079 6
      vertex -80.6971 92.3852 0
      vertex -80.6971 92.3852 6
    endloop
  endfacet
  facet normal 0.802979 -0.596007 0
    outer loop
      vertex -80.6971 92.3852 0
      vertex -80.8287 92.2079 6
      vertex -80.8287 92.2079 0
    endloop
  endfacet
  facet normal 0.903996 0.427541 0
    outer loop
      vertex 76.9735 -92.0185 6
      vertex 76.8791 -91.8189 0
      vertex 76.8791 -91.8189 6
    endloop
  endfacet
  facet normal 0.903996 0.427541 0
    outer loop
      vertex 76.8791 -91.8189 0
      vertex 76.9735 -92.0185 6
      vertex 76.9735 -92.0185 0
    endloop
  endfacet
  facet normal -0.989174 -0.146746 0
    outer loop
      vertex 81.197 -90.7373 0
      vertex 81.1646 -90.5189 6
      vertex 81.1646 -90.5189 0
    endloop
  endfacet
  facet normal -0.989174 -0.146746 0
    outer loop
      vertex 81.1646 -90.5189 6
      vertex 81.197 -90.7373 0
      vertex 81.197 -90.7373 6
    endloop
  endfacet
  facet normal -0.998782 -0.0493505 0
    outer loop
      vertex 81.2079 -90.9579 0
      vertex 81.197 -90.7373 6
      vertex 81.197 -90.7373 0
    endloop
  endfacet
  facet normal -0.998782 -0.0493505 0
    outer loop
      vertex 81.197 -90.7373 6
      vertex 81.2079 -90.9579 0
      vertex 81.2079 -90.9579 6
    endloop
  endfacet
  facet normal -0.970089 -0.242749 0
    outer loop
      vertex 81.1646 -90.5189 0
      vertex 81.111 -90.3047 6
      vertex 81.111 -90.3047 0
    endloop
  endfacet
  facet normal -0.970089 -0.242749 0
    outer loop
      vertex 81.111 -90.3047 6
      vertex 81.1646 -90.5189 0
      vertex 81.1646 -90.5189 6
    endloop
  endfacet
  facet normal 0.427541 -0.903996 0
    outer loop
      vertex 77.8972 -88.9735 0
      vertex 78.0968 -88.8791 6
      vertex 77.8972 -88.9735 6
    endloop
  endfacet
  facet normal 0.427541 -0.903996 0
    outer loop
      vertex 78.0968 -88.8791 6
      vertex 77.8972 -88.9735 0
      vertex 78.0968 -88.8791 0
    endloop
  endfacet
  facet normal 0.857573 0.514363 0
    outer loop
      vertex 77.0871 -92.2079 6
      vertex 76.9735 -92.0185 0
      vertex 76.9735 -92.0185 6
    endloop
  endfacet
  facet normal 0.857573 0.514363 0
    outer loop
      vertex 76.9735 -92.0185 0
      vertex 77.0871 -92.2079 6
      vertex 77.0871 -92.2079 0
    endloop
  endfacet
  facet normal 0.242749 0.970089 -0
    outer loop
      vertex 78.5189 -93.1646 0
      vertex 78.3047 -93.111 6
      vertex 78.5189 -93.1646 6
    endloop
  endfacet
  facet normal 0.242749 0.970089 0
    outer loop
      vertex 78.3047 -93.111 6
      vertex 78.5189 -93.1646 0
      vertex 78.3047 -93.111 0
    endloop
  endfacet
  facet normal 0.514363 -0.857573 0
    outer loop
      vertex 77.7078 -89.0871 0
      vertex 77.8972 -88.9735 6
      vertex 77.7078 -89.0871 6
    endloop
  endfacet
  facet normal 0.514363 -0.857573 0
    outer loop
      vertex 77.8972 -88.9735 6
      vertex 77.7078 -89.0871 0
      vertex 77.8972 -88.9735 0
    endloop
  endfacet
  facet normal 0.427541 0.903996 -0
    outer loop
      vertex 78.0968 -93.0366 0
      vertex 77.8972 -92.9422 6
      vertex 78.0968 -93.0366 6
    endloop
  endfacet
  facet normal 0.427541 0.903996 0
    outer loop
      vertex 77.8972 -92.9422 6
      vertex 78.0968 -93.0366 0
      vertex 77.8972 -92.9422 0
    endloop
  endfacet
  facet normal 0.242749 -0.970089 0
    outer loop
      vertex 78.3047 -88.8047 0
      vertex 78.5189 -88.7511 6
      vertex 78.3047 -88.8047 6
    endloop
  endfacet
  facet normal 0.242749 -0.970089 0
    outer loop
      vertex 78.5189 -88.7511 6
      vertex 78.3047 -88.8047 0
      vertex 78.5189 -88.7511 0
    endloop
  endfacet
  facet normal 0.970089 -0.242749 0
    outer loop
      vertex 76.7511 -90.5189 6
      vertex 76.8047 -90.3047 0
      vertex 76.8047 -90.3047 6
    endloop
  endfacet
  facet normal 0.970089 -0.242749 0
    outer loop
      vertex 76.8047 -90.3047 0
      vertex 76.7511 -90.5189 6
      vertex 76.7511 -90.5189 0
    endloop
  endfacet
  facet normal -0.146746 0.989174 0
    outer loop
      vertex 79.3968 -93.1646 0
      vertex 79.1784 -93.197 6
      vertex 79.3968 -93.1646 6
    endloop
  endfacet
  facet normal -0.146746 0.989174 0
    outer loop
      vertex 79.1784 -93.197 6
      vertex 79.3968 -93.1646 0
      vertex 79.1784 -93.197 0
    endloop
  endfacet
  facet normal -0.0489209 -0.998803 0
    outer loop
      vertex 78.9579 -88.7079 0
      vertex 79.1784 -88.7187 6
      vertex 78.9579 -88.7079 6
    endloop
  endfacet
  facet normal -0.0489209 -0.998803 -0
    outer loop
      vertex 79.1784 -88.7187 6
      vertex 78.9579 -88.7079 0
      vertex 79.1784 -88.7187 0
    endloop
  endfacet
  facet normal 0.941527 0.336939 0
    outer loop
      vertex 76.8791 -91.8189 6
      vertex 76.8047 -91.611 0
      vertex 76.8047 -91.611 6
    endloop
  endfacet
  facet normal 0.941527 0.336939 0
    outer loop
      vertex 76.8047 -91.611 0
      vertex 76.8791 -91.8189 6
      vertex 76.8791 -91.8189 0
    endloop
  endfacet
  facet normal -0.741332 0.671139 0
    outer loop
      vertex 80.5489 -92.5489 0
      vertex 80.6971 -92.3852 6
      vertex 80.6971 -92.3852 0
    endloop
  endfacet
  facet normal -0.741332 0.671139 0
    outer loop
      vertex 80.6971 -92.3852 6
      vertex 80.5489 -92.5489 0
      vertex 80.5489 -92.5489 6
    endloop
  endfacet
  facet normal -0.802979 -0.596007 0
    outer loop
      vertex 80.8287 -89.7078 0
      vertex 80.6971 -89.5305 6
      vertex 80.6971 -89.5305 0
    endloop
  endfacet
  facet normal -0.802979 -0.596007 0
    outer loop
      vertex 80.6971 -89.5305 6
      vertex 80.8287 -89.7078 0
      vertex 80.8287 -89.7078 6
    endloop
  endfacet
  facet normal -0.970089 0.242749 0
    outer loop
      vertex 81.111 -91.611 0
      vertex 81.1646 -91.3968 6
      vertex 81.1646 -91.3968 0
    endloop
  endfacet
  facet normal -0.970089 0.242749 0
    outer loop
      vertex 81.1646 -91.3968 6
      vertex 81.111 -91.611 0
      vertex 81.111 -91.611 6
    endloop
  endfacet
  facet normal 0.146746 0.989174 -0
    outer loop
      vertex 78.7373 -93.197 0
      vertex 78.5189 -93.1646 6
      vertex 78.7373 -93.197 6
    endloop
  endfacet
  facet normal 0.146746 0.989174 0
    outer loop
      vertex 78.5189 -93.1646 6
      vertex 78.7373 -93.197 0
      vertex 78.5189 -93.1646 0
    endloop
  endfacet
  facet normal 0.803196 0.595715 0
    outer loop
      vertex 77.2186 -92.3852 6
      vertex 77.0871 -92.2079 0
      vertex 77.0871 -92.2079 6
    endloop
  endfacet
  facet normal 0.803196 0.595715 0
    outer loop
      vertex 77.0871 -92.2079 0
      vertex 77.2186 -92.3852 6
      vertex 77.2186 -92.3852 0
    endloop
  endfacet
  facet normal -0.427541 -0.903996 0
    outer loop
      vertex 79.8189 -88.8791 0
      vertex 80.0185 -88.9735 6
      vertex 79.8189 -88.8791 6
    endloop
  endfacet
  facet normal -0.427541 -0.903996 -0
    outer loop
      vertex 80.0185 -88.9735 6
      vertex 79.8189 -88.8791 0
      vertex 80.0185 -88.9735 0
    endloop
  endfacet
  facet normal -0.671387 -0.741107 0
    outer loop
      vertex 80.3852 -89.2186 0
      vertex 80.5489 -89.3669 6
      vertex 80.3852 -89.2186 6
    endloop
  endfacet
  facet normal -0.671387 -0.741107 -0
    outer loop
      vertex 80.5489 -89.3669 6
      vertex 80.3852 -89.2186 0
      vertex 80.5489 -89.3669 0
    endloop
  endfacet
  facet normal -0.514363 -0.857573 0
    outer loop
      vertex 80.0185 -88.9735 0
      vertex 80.2079 -89.0871 6
      vertex 80.0185 -88.9735 6
    endloop
  endfacet
  facet normal -0.514363 -0.857573 -0
    outer loop
      vertex 80.2079 -89.0871 6
      vertex 80.0185 -88.9735 0
      vertex 80.2079 -89.0871 0
    endloop
  endfacet
  facet normal 0.595715 -0.803196 0
    outer loop
      vertex 77.5305 -89.2186 0
      vertex 77.7078 -89.0871 6
      vertex 77.5305 -89.2186 6
    endloop
  endfacet
  facet normal 0.595715 -0.803196 0
    outer loop
      vertex 77.7078 -89.0871 6
      vertex 77.5305 -89.2186 0
      vertex 77.7078 -89.0871 0
    endloop
  endfacet
  facet normal -0.941527 -0.336939 0
    outer loop
      vertex 81.111 -90.3047 0
      vertex 81.0366 -90.0968 6
      vertex 81.0366 -90.0968 0
    endloop
  endfacet
  facet normal -0.941527 -0.336939 0
    outer loop
      vertex 81.0366 -90.0968 6
      vertex 81.111 -90.3047 0
      vertex 81.111 -90.3047 6
    endloop
  endfacet
  facet normal -0.336939 -0.941527 0
    outer loop
      vertex 79.611 -88.8047 0
      vertex 79.8189 -88.8791 6
      vertex 79.611 -88.8047 6
    endloop
  endfacet
  facet normal -0.336939 -0.941527 -0
    outer loop
      vertex 79.8189 -88.8791 6
      vertex 79.611 -88.8047 0
      vertex 79.8189 -88.8791 0
    endloop
  endfacet
  facet normal 0.596007 0.802979 -0
    outer loop
      vertex 77.7078 -92.8287 0
      vertex 77.5305 -92.6971 6
      vertex 77.7078 -92.8287 6
    endloop
  endfacet
  facet normal 0.596007 0.802979 0
    outer loop
      vertex 77.5305 -92.6971 6
      vertex 77.7078 -92.8287 0
      vertex 77.5305 -92.6971 0
    endloop
  endfacet
  facet normal -0.514029 0.857773 0
    outer loop
      vertex 80.2079 -92.8287 0
      vertex 80.0185 -92.9422 6
      vertex 80.2079 -92.8287 6
    endloop
  endfacet
  facet normal -0.514029 0.857773 0
    outer loop
      vertex 80.0185 -92.9422 6
      vertex 80.2079 -92.8287 0
      vertex 80.0185 -92.9422 0
    endloop
  endfacet
  facet normal -0.242749 -0.970089 0
    outer loop
      vertex 79.3968 -88.7511 0
      vertex 79.611 -88.8047 6
      vertex 79.3968 -88.7511 6
    endloop
  endfacet
  facet normal -0.242749 -0.970089 -0
    outer loop
      vertex 79.611 -88.8047 6
      vertex 79.3968 -88.7511 0
      vertex 79.611 -88.8047 0
    endloop
  endfacet
  facet normal -0.427541 0.903996 0
    outer loop
      vertex 80.0185 -92.9422 0
      vertex 79.8189 -93.0366 6
      vertex 80.0185 -92.9422 6
    endloop
  endfacet
  facet normal -0.427541 0.903996 0
    outer loop
      vertex 79.8189 -93.0366 6
      vertex 80.0185 -92.9422 0
      vertex 79.8189 -93.0366 0
    endloop
  endfacet
  facet normal 0.740902 -0.671613 0
    outer loop
      vertex 77.2186 -89.5305 6
      vertex 77.3669 -89.3669 0
      vertex 77.3669 -89.3669 6
    endloop
  endfacet
  facet normal 0.740902 -0.671613 0
    outer loop
      vertex 77.3669 -89.3669 0
      vertex 77.2186 -89.5305 6
      vertex 77.2186 -89.5305 0
    endloop
  endfacet
  facet normal -0.595715 -0.803196 0
    outer loop
      vertex 80.2079 -89.0871 0
      vertex 80.3852 -89.2186 6
      vertex 80.2079 -89.0871 6
    endloop
  endfacet
  facet normal -0.595715 -0.803196 -0
    outer loop
      vertex 80.3852 -89.2186 6
      vertex 80.2079 -89.0871 0
      vertex 80.3852 -89.2186 0
    endloop
  endfacet
  facet normal -0.0493728 0.99878 0
    outer loop
      vertex 79.1784 -93.197 0
      vertex 78.9579 -93.2079 6
      vertex 79.1784 -93.197 6
    endloop
  endfacet
  facet normal -0.0493728 0.99878 0
    outer loop
      vertex 78.9579 -93.2079 6
      vertex 79.1784 -93.197 0
      vertex 78.9579 -93.2079 0
    endloop
  endfacet
  facet normal -0.941527 0.336939 0
    outer loop
      vertex 81.0366 -91.8189 0
      vertex 81.111 -91.611 6
      vertex 81.111 -91.611 0
    endloop
  endfacet
  facet normal -0.941527 0.336939 0
    outer loop
      vertex 81.111 -91.611 6
      vertex 81.0366 -91.8189 0
      vertex 81.0366 -91.8189 6
    endloop
  endfacet
  facet normal -0.802979 0.596007 0
    outer loop
      vertex 80.6971 -92.3852 0
      vertex 80.8287 -92.2079 6
      vertex 80.8287 -92.2079 0
    endloop
  endfacet
  facet normal -0.802979 0.596007 0
    outer loop
      vertex 80.8287 -92.2079 6
      vertex 80.6971 -92.3852 0
      vertex 80.6971 -92.3852 6
    endloop
  endfacet
  facet normal 0.146746 -0.989174 0
    outer loop
      vertex 78.5189 -88.7511 0
      vertex 78.7373 -88.7187 6
      vertex 78.5189 -88.7511 6
    endloop
  endfacet
  facet normal 0.146746 -0.989174 0
    outer loop
      vertex 78.7373 -88.7187 6
      vertex 78.5189 -88.7511 0
      vertex 78.7373 -88.7187 0
    endloop
  endfacet
  facet normal 0.941527 -0.336939 0
    outer loop
      vertex 76.8047 -90.3047 6
      vertex 76.8791 -90.0968 0
      vertex 76.8791 -90.0968 6
    endloop
  endfacet
  facet normal 0.941527 -0.336939 0
    outer loop
      vertex 76.8791 -90.0968 0
      vertex 76.8047 -90.3047 6
      vertex 76.8047 -90.3047 0
    endloop
  endfacet
  facet normal -0.989174 0.146746 0
    outer loop
      vertex 81.1646 -91.3968 0
      vertex 81.197 -91.1784 6
      vertex 81.197 -91.1784 0
    endloop
  endfacet
  facet normal -0.989174 0.146746 0
    outer loop
      vertex 81.197 -91.1784 6
      vertex 81.1646 -91.3968 0
      vertex 81.1646 -91.3968 6
    endloop
  endfacet
  facet normal 0.989174 -0.146746 0
    outer loop
      vertex 76.7187 -90.7373 6
      vertex 76.7511 -90.5189 0
      vertex 76.7511 -90.5189 6
    endloop
  endfacet
  facet normal 0.989174 -0.146746 0
    outer loop
      vertex 76.7511 -90.5189 0
      vertex 76.7187 -90.7373 6
      vertex 76.7187 -90.7373 0
    endloop
  endfacet
  facet normal 0.970089 0.242749 0
    outer loop
      vertex 76.8047 -91.611 6
      vertex 76.7511 -91.3968 0
      vertex 76.7511 -91.3968 6
    endloop
  endfacet
  facet normal 0.970089 0.242749 0
    outer loop
      vertex 76.7511 -91.3968 0
      vertex 76.8047 -91.611 6
      vertex 76.8047 -91.611 0
    endloop
  endfacet
  facet normal -0.903996 -0.427541 0
    outer loop
      vertex 81.0366 -90.0968 0
      vertex 80.9422 -89.8972 6
      vertex 80.9422 -89.8972 0
    endloop
  endfacet
  facet normal -0.903996 -0.427541 0
    outer loop
      vertex 80.9422 -89.8972 6
      vertex 81.0366 -90.0968 0
      vertex 81.0366 -90.0968 6
    endloop
  endfacet
  facet normal -0.596007 0.802979 0
    outer loop
      vertex 80.3852 -92.6971 0
      vertex 80.2079 -92.8287 6
      vertex 80.3852 -92.6971 6
    endloop
  endfacet
  facet normal -0.596007 0.802979 0
    outer loop
      vertex 80.2079 -92.8287 6
      vertex 80.3852 -92.6971 0
      vertex 80.2079 -92.8287 0
    endloop
  endfacet
  facet normal -0.857773 -0.514029 0
    outer loop
      vertex 80.9422 -89.8972 0
      vertex 80.8287 -89.7078 6
      vertex 80.8287 -89.7078 0
    endloop
  endfacet
  facet normal -0.857773 -0.514029 0
    outer loop
      vertex 80.8287 -89.7078 6
      vertex 80.9422 -89.8972 0
      vertex 80.9422 -89.8972 6
    endloop
  endfacet
  facet normal -0.99878 0.0493728 0
    outer loop
      vertex 81.197 -91.1784 0
      vertex 81.2079 -90.9579 6
      vertex 81.2079 -90.9579 0
    endloop
  endfacet
  facet normal -0.99878 0.0493728 0
    outer loop
      vertex 81.2079 -90.9579 6
      vertex 81.197 -91.1784 0
      vertex 81.197 -91.1784 6
    endloop
  endfacet
  facet normal 0.671613 -0.740902 0
    outer loop
      vertex 77.3669 -89.3669 0
      vertex 77.5305 -89.2186 6
      vertex 77.3669 -89.3669 6
    endloop
  endfacet
  facet normal 0.671613 -0.740902 0
    outer loop
      vertex 77.5305 -89.2186 6
      vertex 77.3669 -89.3669 0
      vertex 77.5305 -89.2186 0
    endloop
  endfacet
  facet normal 0.336939 -0.941527 0
    outer loop
      vertex 78.0968 -88.8791 0
      vertex 78.3047 -88.8047 6
      vertex 78.0968 -88.8791 6
    endloop
  endfacet
  facet normal 0.336939 -0.941527 0
    outer loop
      vertex 78.3047 -88.8047 6
      vertex 78.0968 -88.8791 0
      vertex 78.3047 -88.8047 0
    endloop
  endfacet
  facet normal 0.998803 0.0489209 0
    outer loop
      vertex 76.7187 -91.1784 6
      vertex 76.7079 -90.9579 0
      vertex 76.7079 -90.9579 6
    endloop
  endfacet
  facet normal 0.998803 0.0489209 0
    outer loop
      vertex 76.7079 -90.9579 0
      vertex 76.7187 -91.1784 6
      vertex 76.7187 -91.1784 0
    endloop
  endfacet
  facet normal 0.0488988 -0.998804 0
    outer loop
      vertex 78.7373 -88.7187 0
      vertex 78.9579 -88.7079 6
      vertex 78.7373 -88.7187 6
    endloop
  endfacet
  facet normal 0.0488988 -0.998804 0
    outer loop
      vertex 78.9579 -88.7079 6
      vertex 78.7373 -88.7187 0
      vertex 78.9579 -88.7079 0
    endloop
  endfacet
  facet normal -0.146746 -0.989174 0
    outer loop
      vertex 79.1784 -88.7187 0
      vertex 79.3968 -88.7511 6
      vertex 79.1784 -88.7187 6
    endloop
  endfacet
  facet normal -0.146746 -0.989174 -0
    outer loop
      vertex 79.3968 -88.7511 6
      vertex 79.1784 -88.7187 0
      vertex 79.3968 -88.7511 0
    endloop
  endfacet
  facet normal -0.336939 0.941527 0
    outer loop
      vertex 79.8189 -93.0366 0
      vertex 79.611 -93.111 6
      vertex 79.8189 -93.0366 6
    endloop
  endfacet
  facet normal -0.336939 0.941527 0
    outer loop
      vertex 79.611 -93.111 6
      vertex 79.8189 -93.0366 0
      vertex 79.611 -93.111 0
    endloop
  endfacet
  facet normal -0.242749 0.970089 0
    outer loop
      vertex 79.611 -93.111 0
      vertex 79.3968 -93.1646 6
      vertex 79.611 -93.111 6
    endloop
  endfacet
  facet normal -0.242749 0.970089 0
    outer loop
      vertex 79.3968 -93.1646 6
      vertex 79.611 -93.111 0
      vertex 79.3968 -93.1646 0
    endloop
  endfacet
  facet normal 0.741107 0.671387 0
    outer loop
      vertex 77.3669 -92.5489 6
      vertex 77.2186 -92.3852 0
      vertex 77.2186 -92.3852 6
    endloop
  endfacet
  facet normal 0.741107 0.671387 0
    outer loop
      vertex 77.2186 -92.3852 0
      vertex 77.3669 -92.5489 6
      vertex 77.3669 -92.5489 0
    endloop
  endfacet
  facet normal 0.857573 -0.514363 0
    outer loop
      vertex 76.9735 -89.8972 6
      vertex 77.0871 -89.7078 0
      vertex 77.0871 -89.7078 6
    endloop
  endfacet
  facet normal 0.857573 -0.514363 0
    outer loop
      vertex 77.0871 -89.7078 0
      vertex 76.9735 -89.8972 6
      vertex 76.9735 -89.8972 0
    endloop
  endfacet
  facet normal 0.989174 0.146746 0
    outer loop
      vertex 76.7511 -91.3968 6
      vertex 76.7187 -91.1784 0
      vertex 76.7187 -91.1784 6
    endloop
  endfacet
  facet normal 0.989174 0.146746 0
    outer loop
      vertex 76.7187 -91.1784 0
      vertex 76.7511 -91.3968 6
      vertex 76.7511 -91.3968 0
    endloop
  endfacet
  facet normal -0.741128 -0.671364 0
    outer loop
      vertex 80.6971 -89.5305 0
      vertex 80.5489 -89.3669 6
      vertex 80.5489 -89.3669 0
    endloop
  endfacet
  facet normal -0.741128 -0.671364 0
    outer loop
      vertex 80.5489 -89.3669 6
      vertex 80.6971 -89.5305 0
      vertex 80.6971 -89.5305 6
    endloop
  endfacet
  facet normal 0.514029 0.857773 -0
    outer loop
      vertex 77.8972 -92.9422 0
      vertex 77.7078 -92.8287 6
      vertex 77.8972 -92.9422 6
    endloop
  endfacet
  facet normal 0.514029 0.857773 0
    outer loop
      vertex 77.7078 -92.8287 6
      vertex 77.8972 -92.9422 0
      vertex 77.7078 -92.8287 0
    endloop
  endfacet
  facet normal -0.857773 0.514029 0
    outer loop
      vertex 80.8287 -92.2079 0
      vertex 80.9422 -92.0185 6
      vertex 80.9422 -92.0185 0
    endloop
  endfacet
  facet normal -0.857773 0.514029 0
    outer loop
      vertex 80.9422 -92.0185 6
      vertex 80.8287 -92.2079 0
      vertex 80.8287 -92.2079 6
    endloop
  endfacet
  facet normal 0.803196 -0.595715 0
    outer loop
      vertex 77.0871 -89.7078 6
      vertex 77.2186 -89.5305 0
      vertex 77.2186 -89.5305 6
    endloop
  endfacet
  facet normal 0.803196 -0.595715 0
    outer loop
      vertex 77.2186 -89.5305 0
      vertex 77.0871 -89.7078 6
      vertex 77.0871 -89.7078 0
    endloop
  endfacet
  facet normal -0.903996 0.427541 0
    outer loop
      vertex 80.9422 -92.0185 0
      vertex 81.0366 -91.8189 6
      vertex 81.0366 -91.8189 0
    endloop
  endfacet
  facet normal -0.903996 0.427541 0
    outer loop
      vertex 81.0366 -91.8189 6
      vertex 80.9422 -92.0185 0
      vertex 80.9422 -92.0185 6
    endloop
  endfacet
  facet normal 0.671364 0.741128 -0
    outer loop
      vertex 77.5305 -92.6971 0
      vertex 77.3669 -92.5489 6
      vertex 77.5305 -92.6971 6
    endloop
  endfacet
  facet normal 0.671364 0.741128 0
    outer loop
      vertex 77.3669 -92.5489 6
      vertex 77.5305 -92.6971 0
      vertex 77.3669 -92.5489 0
    endloop
  endfacet
  facet normal 0.336939 0.941527 -0
    outer loop
      vertex 78.3047 -93.111 0
      vertex 78.0968 -93.0366 6
      vertex 78.3047 -93.111 6
    endloop
  endfacet
  facet normal 0.336939 0.941527 0
    outer loop
      vertex 78.0968 -93.0366 6
      vertex 78.3047 -93.111 0
      vertex 78.0968 -93.0366 0
    endloop
  endfacet
  facet normal 0.903996 -0.427541 0
    outer loop
      vertex 76.8791 -90.0968 6
      vertex 76.9735 -89.8972 0
      vertex 76.9735 -89.8972 6
    endloop
  endfacet
  facet normal 0.903996 -0.427541 0
    outer loop
      vertex 76.9735 -89.8972 0
      vertex 76.8791 -90.0968 6
      vertex 76.8791 -90.0968 0
    endloop
  endfacet
  facet normal 0.0493505 0.998782 -0
    outer loop
      vertex 78.9579 -93.2079 0
      vertex 78.7373 -93.197 6
      vertex 78.9579 -93.2079 6
    endloop
  endfacet
  facet normal 0.0493505 0.998782 0
    outer loop
      vertex 78.7373 -93.197 6
      vertex 78.9579 -93.2079 0
      vertex 78.7373 -93.197 0
    endloop
  endfacet
  facet normal 0.998804 -0.0488988 0
    outer loop
      vertex 76.7079 -90.9579 6
      vertex 76.7187 -90.7373 0
      vertex 76.7187 -90.7373 6
    endloop
  endfacet
  facet normal 0.998804 -0.0488988 0
    outer loop
      vertex 76.7187 -90.7373 0
      vertex 76.7079 -90.9579 6
      vertex 76.7079 -90.9579 0
    endloop
  endfacet
  facet normal -0.671139 0.741332 0
    outer loop
      vertex 80.5489 -92.5489 0
      vertex 80.3852 -92.6971 6
      vertex 80.5489 -92.5489 6
    endloop
  endfacet
  facet normal -0.671139 0.741332 0
    outer loop
      vertex 80.3852 -92.6971 6
      vertex 80.5489 -92.5489 0
      vertex 80.3852 -92.6971 0
    endloop
  endfacet
  facet normal -0.989174 -0.146746 0
    outer loop
      vertex 81.197 91.1784 0
      vertex 81.1646 91.3968 6
      vertex 81.1646 91.3968 0
    endloop
  endfacet
  facet normal -0.989174 -0.146746 0
    outer loop
      vertex 81.1646 91.3968 6
      vertex 81.197 91.1784 0
      vertex 81.197 91.1784 6
    endloop
  endfacet
  facet normal -0.99878 -0.0493728 0
    outer loop
      vertex 81.2079 90.9579 0
      vertex 81.197 91.1784 6
      vertex 81.197 91.1784 0
    endloop
  endfacet
  facet normal -0.99878 -0.0493728 0
    outer loop
      vertex 81.197 91.1784 6
      vertex 81.2079 90.9579 0
      vertex 81.2079 90.9579 6
    endloop
  endfacet
  facet normal -0.970089 -0.242749 0
    outer loop
      vertex 81.1646 91.3968 0
      vertex 81.111 91.611 6
      vertex 81.111 91.611 0
    endloop
  endfacet
  facet normal -0.970089 -0.242749 0
    outer loop
      vertex 81.111 91.611 6
      vertex 81.1646 91.3968 0
      vertex 81.1646 91.3968 6
    endloop
  endfacet
  facet normal -0.514363 0.857573 0
    outer loop
      vertex 80.2079 89.0871 0
      vertex 80.0185 88.9735 6
      vertex 80.2079 89.0871 6
    endloop
  endfacet
  facet normal -0.514363 0.857573 0
    outer loop
      vertex 80.0185 88.9735 6
      vertex 80.2079 89.0871 0
      vertex 80.0185 88.9735 0
    endloop
  endfacet
  facet normal -0.242749 -0.970089 0
    outer loop
      vertex 79.3968 93.1646 0
      vertex 79.611 93.111 6
      vertex 79.3968 93.1646 6
    endloop
  endfacet
  facet normal -0.242749 -0.970089 -0
    outer loop
      vertex 79.611 93.111 6
      vertex 79.3968 93.1646 0
      vertex 79.611 93.111 0
    endloop
  endfacet
  facet normal -0.596007 -0.802979 0
    outer loop
      vertex 80.2079 92.8287 0
      vertex 80.3852 92.6971 6
      vertex 80.2079 92.8287 6
    endloop
  endfacet
  facet normal -0.596007 -0.802979 -0
    outer loop
      vertex 80.3852 92.6971 6
      vertex 80.2079 92.8287 0
      vertex 80.3852 92.6971 0
    endloop
  endfacet
  facet normal -0.0493728 -0.99878 0
    outer loop
      vertex 78.9579 93.2079 0
      vertex 79.1784 93.197 6
      vertex 78.9579 93.2079 6
    endloop
  endfacet
  facet normal -0.0493728 -0.99878 -0
    outer loop
      vertex 79.1784 93.197 6
      vertex 78.9579 93.2079 0
      vertex 79.1784 93.197 0
    endloop
  endfacet
  facet normal 0.803196 -0.595715 0
    outer loop
      vertex 77.0871 92.2079 6
      vertex 77.2186 92.3852 0
      vertex 77.2186 92.3852 6
    endloop
  endfacet
  facet normal 0.803196 -0.595715 0
    outer loop
      vertex 77.2186 92.3852 0
      vertex 77.0871 92.2079 6
      vertex 77.0871 92.2079 0
    endloop
  endfacet
  facet normal 0.514029 -0.857773 0
    outer loop
      vertex 77.7078 92.8287 0
      vertex 77.8972 92.9422 6
      vertex 77.7078 92.8287 6
    endloop
  endfacet
  facet normal 0.514029 -0.857773 0
    outer loop
      vertex 77.8972 92.9422 6
      vertex 77.7078 92.8287 0
      vertex 77.8972 92.9422 0
    endloop
  endfacet
  facet normal 0.0493505 -0.998782 0
    outer loop
      vertex 78.7373 93.197 0
      vertex 78.9579 93.2079 6
      vertex 78.7373 93.197 6
    endloop
  endfacet
  facet normal 0.0493505 -0.998782 0
    outer loop
      vertex 78.9579 93.2079 6
      vertex 78.7373 93.197 0
      vertex 78.9579 93.2079 0
    endloop
  endfacet
  facet normal 0.970089 0.242749 0
    outer loop
      vertex 76.8047 90.3047 6
      vertex 76.7511 90.5189 0
      vertex 76.7511 90.5189 6
    endloop
  endfacet
  facet normal 0.970089 0.242749 0
    outer loop
      vertex 76.7511 90.5189 0
      vertex 76.8047 90.3047 6
      vertex 76.8047 90.3047 0
    endloop
  endfacet
  facet normal 0.242749 -0.970089 0
    outer loop
      vertex 78.3047 93.111 0
      vertex 78.5189 93.1646 6
      vertex 78.3047 93.111 6
    endloop
  endfacet
  facet normal 0.242749 -0.970089 0
    outer loop
      vertex 78.5189 93.1646 6
      vertex 78.3047 93.111 0
      vertex 78.5189 93.1646 0
    endloop
  endfacet
  facet normal -0.671139 -0.741332 0
    outer loop
      vertex 80.3852 92.6971 0
      vertex 80.5489 92.5489 6
      vertex 80.3852 92.6971 6
    endloop
  endfacet
  facet normal -0.671139 -0.741332 -0
    outer loop
      vertex 80.5489 92.5489 6
      vertex 80.3852 92.6971 0
      vertex 80.5489 92.5489 0
    endloop
  endfacet
  facet normal -0.514029 -0.857773 0
    outer loop
      vertex 80.0185 92.9422 0
      vertex 80.2079 92.8287 6
      vertex 80.0185 92.9422 6
    endloop
  endfacet
  facet normal -0.514029 -0.857773 -0
    outer loop
      vertex 80.2079 92.8287 6
      vertex 80.0185 92.9422 0
      vertex 80.2079 92.8287 0
    endloop
  endfacet
  facet normal -0.903996 0.427541 0
    outer loop
      vertex 80.9422 89.8972 0
      vertex 81.0366 90.0968 6
      vertex 81.0366 90.0968 0
    endloop
  endfacet
  facet normal -0.903996 0.427541 0
    outer loop
      vertex 81.0366 90.0968 6
      vertex 80.9422 89.8972 0
      vertex 80.9422 89.8972 6
    endloop
  endfacet
  facet normal 0.671613 0.740902 -0
    outer loop
      vertex 77.5305 89.2186 0
      vertex 77.3669 89.3669 6
      vertex 77.5305 89.2186 6
    endloop
  endfacet
  facet normal 0.671613 0.740902 0
    outer loop
      vertex 77.3669 89.3669 6
      vertex 77.5305 89.2186 0
      vertex 77.3669 89.3669 0
    endloop
  endfacet
  facet normal 0.970089 -0.242749 0
    outer loop
      vertex 76.7511 91.3968 6
      vertex 76.8047 91.611 0
      vertex 76.8047 91.611 6
    endloop
  endfacet
  facet normal 0.970089 -0.242749 0
    outer loop
      vertex 76.8047 91.611 0
      vertex 76.7511 91.3968 6
      vertex 76.7511 91.3968 0
    endloop
  endfacet
  facet normal 0.146746 0.989174 -0
    outer loop
      vertex 78.7373 88.7187 0
      vertex 78.5189 88.7511 6
      vertex 78.7373 88.7187 6
    endloop
  endfacet
  facet normal 0.146746 0.989174 0
    outer loop
      vertex 78.5189 88.7511 6
      vertex 78.7373 88.7187 0
      vertex 78.5189 88.7511 0
    endloop
  endfacet
  facet normal -0.741332 -0.671139 0
    outer loop
      vertex 80.6971 92.3852 0
      vertex 80.5489 92.5489 6
      vertex 80.5489 92.5489 0
    endloop
  endfacet
  facet normal -0.741332 -0.671139 0
    outer loop
      vertex 80.5489 92.5489 6
      vertex 80.6971 92.3852 0
      vertex 80.6971 92.3852 6
    endloop
  endfacet
  facet normal -0.857773 0.514029 0
    outer loop
      vertex 80.8287 89.7078 0
      vertex 80.9422 89.8972 6
      vertex 80.9422 89.8972 0
    endloop
  endfacet
  facet normal -0.857773 0.514029 0
    outer loop
      vertex 80.9422 89.8972 6
      vertex 80.8287 89.7078 0
      vertex 80.8287 89.7078 6
    endloop
  endfacet
  facet normal 0.336939 -0.941527 0
    outer loop
      vertex 78.0968 93.0366 0
      vertex 78.3047 93.111 6
      vertex 78.0968 93.0366 6
    endloop
  endfacet
  facet normal 0.336939 -0.941527 0
    outer loop
      vertex 78.3047 93.111 6
      vertex 78.0968 93.0366 0
      vertex 78.3047 93.111 0
    endloop
  endfacet
  facet normal -0.802979 -0.596007 0
    outer loop
      vertex 80.8287 92.2079 0
      vertex 80.6971 92.3852 6
      vertex 80.6971 92.3852 0
    endloop
  endfacet
  facet normal -0.802979 -0.596007 0
    outer loop
      vertex 80.6971 92.3852 6
      vertex 80.8287 92.2079 0
      vertex 80.8287 92.2079 6
    endloop
  endfacet
  facet normal 0.514363 0.857573 -0
    outer loop
      vertex 77.8972 88.9735 0
      vertex 77.7078 89.0871 6
      vertex 77.8972 88.9735 6
    endloop
  endfacet
  facet normal 0.514363 0.857573 0
    outer loop
      vertex 77.7078 89.0871 6
      vertex 77.8972 88.9735 0
      vertex 77.7078 89.0871 0
    endloop
  endfacet
  facet normal -0.427541 0.903996 0
    outer loop
      vertex 80.0185 88.9735 0
      vertex 79.8189 88.8791 6
      vertex 80.0185 88.9735 6
    endloop
  endfacet
  facet normal -0.427541 0.903996 0
    outer loop
      vertex 79.8189 88.8791 6
      vertex 80.0185 88.9735 0
      vertex 79.8189 88.8791 0
    endloop
  endfacet
  facet normal 0.595715 0.803196 -0
    outer loop
      vertex 77.7078 89.0871 0
      vertex 77.5305 89.2186 6
      vertex 77.7078 89.0871 6
    endloop
  endfacet
  facet normal 0.595715 0.803196 0
    outer loop
      vertex 77.5305 89.2186 6
      vertex 77.7078 89.0871 0
      vertex 77.5305 89.2186 0
    endloop
  endfacet
  facet normal -0.336939 -0.941527 0
    outer loop
      vertex 79.611 93.111 0
      vertex 79.8189 93.0366 6
      vertex 79.611 93.111 6
    endloop
  endfacet
  facet normal -0.336939 -0.941527 -0
    outer loop
      vertex 79.8189 93.0366 6
      vertex 79.611 93.111 0
      vertex 79.8189 93.0366 0
    endloop
  endfacet
  facet normal -0.242749 0.970089 0
    outer loop
      vertex 79.611 88.8047 0
      vertex 79.3968 88.7511 6
      vertex 79.611 88.8047 6
    endloop
  endfacet
  facet normal -0.242749 0.970089 0
    outer loop
      vertex 79.3968 88.7511 6
      vertex 79.611 88.8047 0
      vertex 79.3968 88.7511 0
    endloop
  endfacet
  facet normal 0.903996 -0.427541 0
    outer loop
      vertex 76.8791 91.8189 6
      vertex 76.9735 92.0185 0
      vertex 76.9735 92.0185 6
    endloop
  endfacet
  facet normal 0.903996 -0.427541 0
    outer loop
      vertex 76.9735 92.0185 0
      vertex 76.8791 91.8189 6
      vertex 76.8791 91.8189 0
    endloop
  endfacet
  facet normal 0.740902 0.671613 0
    outer loop
      vertex 77.3669 89.3669 6
      vertex 77.2186 89.5305 0
      vertex 77.2186 89.5305 6
    endloop
  endfacet
  facet normal 0.740902 0.671613 0
    outer loop
      vertex 77.2186 89.5305 0
      vertex 77.3669 89.3669 6
      vertex 77.3669 89.3669 0
    endloop
  endfacet
  facet normal -0.970089 0.242749 0
    outer loop
      vertex 81.111 90.3047 0
      vertex 81.1646 90.5189 6
      vertex 81.1646 90.5189 0
    endloop
  endfacet
  facet normal -0.970089 0.242749 0
    outer loop
      vertex 81.1646 90.5189 6
      vertex 81.111 90.3047 0
      vertex 81.111 90.3047 6
    endloop
  endfacet
  facet normal -0.671387 0.741107 0
    outer loop
      vertex 80.5489 89.3669 0
      vertex 80.3852 89.2186 6
      vertex 80.5489 89.3669 6
    endloop
  endfacet
  facet normal -0.671387 0.741107 0
    outer loop
      vertex 80.3852 89.2186 6
      vertex 80.5489 89.3669 0
      vertex 80.3852 89.2186 0
    endloop
  endfacet
  facet normal 0.941527 0.336939 0
    outer loop
      vertex 76.8791 90.0968 6
      vertex 76.8047 90.3047 0
      vertex 76.8047 90.3047 6
    endloop
  endfacet
  facet normal 0.941527 0.336939 0
    outer loop
      vertex 76.8047 90.3047 0
      vertex 76.8791 90.0968 6
      vertex 76.8791 90.0968 0
    endloop
  endfacet
  facet normal 0.903996 0.427541 0
    outer loop
      vertex 76.9735 89.8972 6
      vertex 76.8791 90.0968 0
      vertex 76.8791 90.0968 6
    endloop
  endfacet
  facet normal 0.903996 0.427541 0
    outer loop
      vertex 76.8791 90.0968 0
      vertex 76.9735 89.8972 6
      vertex 76.9735 89.8972 0
    endloop
  endfacet
  facet normal 0.671364 -0.741128 0
    outer loop
      vertex 77.3669 92.5489 0
      vertex 77.5305 92.6971 6
      vertex 77.3669 92.5489 6
    endloop
  endfacet
  facet normal 0.671364 -0.741128 0
    outer loop
      vertex 77.5305 92.6971 6
      vertex 77.3669 92.5489 0
      vertex 77.5305 92.6971 0
    endloop
  endfacet
  facet normal -0.427541 -0.903996 0
    outer loop
      vertex 79.8189 93.0366 0
      vertex 80.0185 92.9422 6
      vertex 79.8189 93.0366 6
    endloop
  endfacet
  facet normal -0.427541 -0.903996 -0
    outer loop
      vertex 80.0185 92.9422 6
      vertex 79.8189 93.0366 0
      vertex 80.0185 92.9422 0
    endloop
  endfacet
  facet normal -0.595715 0.803196 0
    outer loop
      vertex 80.3852 89.2186 0
      vertex 80.2079 89.0871 6
      vertex 80.3852 89.2186 6
    endloop
  endfacet
  facet normal -0.595715 0.803196 0
    outer loop
      vertex 80.2079 89.0871 6
      vertex 80.3852 89.2186 0
      vertex 80.2079 89.0871 0
    endloop
  endfacet
  facet normal -0.941527 -0.336939 0
    outer loop
      vertex 81.111 91.611 0
      vertex 81.0366 91.8189 6
      vertex 81.0366 91.8189 0
    endloop
  endfacet
  facet normal -0.941527 -0.336939 0
    outer loop
      vertex 81.0366 91.8189 6
      vertex 81.111 91.611 0
      vertex 81.111 91.611 6
    endloop
  endfacet
  facet normal -0.989174 0.146746 0
    outer loop
      vertex 81.1646 90.5189 0
      vertex 81.197 90.7373 6
      vertex 81.197 90.7373 0
    endloop
  endfacet
  facet normal -0.989174 0.146746 0
    outer loop
      vertex 81.197 90.7373 6
      vertex 81.1646 90.5189 0
      vertex 81.1646 90.5189 6
    endloop
  endfacet
  facet normal -0.998782 0.0493505 0
    outer loop
      vertex 81.197 90.7373 0
      vertex 81.2079 90.9579 6
      vertex 81.2079 90.9579 0
    endloop
  endfacet
  facet normal -0.998782 0.0493505 0
    outer loop
      vertex 81.2079 90.9579 6
      vertex 81.197 90.7373 0
      vertex 81.197 90.7373 6
    endloop
  endfacet
  facet normal 0.989174 0.146746 0
    outer loop
      vertex 76.7511 90.5189 6
      vertex 76.7187 90.7373 0
      vertex 76.7187 90.7373 6
    endloop
  endfacet
  facet normal 0.989174 0.146746 0
    outer loop
      vertex 76.7187 90.7373 0
      vertex 76.7511 90.5189 6
      vertex 76.7511 90.5189 0
    endloop
  endfacet
  facet normal -0.802979 0.596007 0
    outer loop
      vertex 80.6971 89.5305 0
      vertex 80.8287 89.7078 6
      vertex 80.8287 89.7078 0
    endloop
  endfacet
  facet normal -0.802979 0.596007 0
    outer loop
      vertex 80.8287 89.7078 6
      vertex 80.6971 89.5305 0
      vertex 80.6971 89.5305 6
    endloop
  endfacet
  facet normal -0.903996 -0.427541 0
    outer loop
      vertex 81.0366 91.8189 0
      vertex 80.9422 92.0185 6
      vertex 80.9422 92.0185 0
    endloop
  endfacet
  facet normal -0.903996 -0.427541 0
    outer loop
      vertex 80.9422 92.0185 6
      vertex 81.0366 91.8189 0
      vertex 81.0366 91.8189 6
    endloop
  endfacet
  facet normal -0.146746 0.989174 0
    outer loop
      vertex 79.3968 88.7511 0
      vertex 79.1784 88.7187 6
      vertex 79.3968 88.7511 6
    endloop
  endfacet
  facet normal -0.146746 0.989174 0
    outer loop
      vertex 79.1784 88.7187 6
      vertex 79.3968 88.7511 0
      vertex 79.1784 88.7187 0
    endloop
  endfacet
  facet normal 0.989174 -0.146746 0
    outer loop
      vertex 76.7187 91.1784 6
      vertex 76.7511 91.3968 0
      vertex 76.7511 91.3968 6
    endloop
  endfacet
  facet normal 0.989174 -0.146746 0
    outer loop
      vertex 76.7511 91.3968 0
      vertex 76.7187 91.1784 6
      vertex 76.7187 91.1784 0
    endloop
  endfacet
  facet normal 0.941527 -0.336939 0
    outer loop
      vertex 76.8047 91.611 6
      vertex 76.8791 91.8189 0
      vertex 76.8791 91.8189 6
    endloop
  endfacet
  facet normal 0.941527 -0.336939 0
    outer loop
      vertex 76.8791 91.8189 0
      vertex 76.8047 91.611 6
      vertex 76.8047 91.611 0
    endloop
  endfacet
  facet normal 0.146746 -0.989174 0
    outer loop
      vertex 78.5189 93.1646 0
      vertex 78.7373 93.197 6
      vertex 78.5189 93.1646 6
    endloop
  endfacet
  facet normal 0.146746 -0.989174 0
    outer loop
      vertex 78.7373 93.197 6
      vertex 78.5189 93.1646 0
      vertex 78.7373 93.197 0
    endloop
  endfacet
  facet normal 0.427541 -0.903996 0
    outer loop
      vertex 77.8972 92.9422 0
      vertex 78.0968 93.0366 6
      vertex 77.8972 92.9422 6
    endloop
  endfacet
  facet normal 0.427541 -0.903996 0
    outer loop
      vertex 78.0968 93.0366 6
      vertex 77.8972 92.9422 0
      vertex 78.0968 93.0366 0
    endloop
  endfacet
  facet normal -0.941527 0.336939 0
    outer loop
      vertex 81.0366 90.0968 0
      vertex 81.111 90.3047 6
      vertex 81.111 90.3047 0
    endloop
  endfacet
  facet normal -0.941527 0.336939 0
    outer loop
      vertex 81.111 90.3047 6
      vertex 81.0366 90.0968 0
      vertex 81.0366 90.0968 6
    endloop
  endfacet
  facet normal -0.857773 -0.514029 0
    outer loop
      vertex 80.9422 92.0185 0
      vertex 80.8287 92.2079 6
      vertex 80.8287 92.2079 0
    endloop
  endfacet
  facet normal -0.857773 -0.514029 0
    outer loop
      vertex 80.8287 92.2079 6
      vertex 80.9422 92.0185 0
      vertex 80.9422 92.0185 6
    endloop
  endfacet
  facet normal 0.336939 0.941527 -0
    outer loop
      vertex 78.3047 88.8047 0
      vertex 78.0968 88.8791 6
      vertex 78.3047 88.8047 6
    endloop
  endfacet
  facet normal 0.336939 0.941527 0
    outer loop
      vertex 78.0968 88.8791 6
      vertex 78.3047 88.8047 0
      vertex 78.0968 88.8791 0
    endloop
  endfacet
  facet normal 0.242749 0.970089 -0
    outer loop
      vertex 78.5189 88.7511 0
      vertex 78.3047 88.8047 6
      vertex 78.5189 88.7511 6
    endloop
  endfacet
  facet normal 0.242749 0.970089 0
    outer loop
      vertex 78.3047 88.8047 6
      vertex 78.5189 88.7511 0
      vertex 78.3047 88.8047 0
    endloop
  endfacet
  facet normal 0.803196 0.595715 0
    outer loop
      vertex 77.2186 89.5305 6
      vertex 77.0871 89.7078 0
      vertex 77.0871 89.7078 6
    endloop
  endfacet
  facet normal 0.803196 0.595715 0
    outer loop
      vertex 77.0871 89.7078 0
      vertex 77.2186 89.5305 6
      vertex 77.2186 89.5305 0
    endloop
  endfacet
  facet normal -0.0489209 0.998803 0
    outer loop
      vertex 79.1784 88.7187 0
      vertex 78.9579 88.7079 6
      vertex 79.1784 88.7187 6
    endloop
  endfacet
  facet normal -0.0489209 0.998803 0
    outer loop
      vertex 78.9579 88.7079 6
      vertex 79.1784 88.7187 0
      vertex 78.9579 88.7079 0
    endloop
  endfacet
  facet normal -0.146746 -0.989174 0
    outer loop
      vertex 79.1784 93.197 0
      vertex 79.3968 93.1646 6
      vertex 79.1784 93.197 6
    endloop
  endfacet
  facet normal -0.146746 -0.989174 -0
    outer loop
      vertex 79.3968 93.1646 6
      vertex 79.1784 93.197 0
      vertex 79.3968 93.1646 0
    endloop
  endfacet
  facet normal 0.741107 -0.671387 0
    outer loop
      vertex 77.2186 92.3852 6
      vertex 77.3669 92.5489 0
      vertex 77.3669 92.5489 6
    endloop
  endfacet
  facet normal 0.741107 -0.671387 0
    outer loop
      vertex 77.3669 92.5489 0
      vertex 77.2186 92.3852 6
      vertex 77.2186 92.3852 0
    endloop
  endfacet
  facet normal 0.596007 -0.802979 0
    outer loop
      vertex 77.5305 92.6971 0
      vertex 77.7078 92.8287 6
      vertex 77.5305 92.6971 6
    endloop
  endfacet
  facet normal 0.596007 -0.802979 0
    outer loop
      vertex 77.7078 92.8287 6
      vertex 77.5305 92.6971 0
      vertex 77.7078 92.8287 0
    endloop
  endfacet
  facet normal -0.336939 0.941527 0
    outer loop
      vertex 79.8189 88.8791 0
      vertex 79.611 88.8047 6
      vertex 79.8189 88.8791 6
    endloop
  endfacet
  facet normal -0.336939 0.941527 0
    outer loop
      vertex 79.611 88.8047 6
      vertex 79.8189 88.8791 0
      vertex 79.611 88.8047 0
    endloop
  endfacet
  facet normal 0.857573 0.514363 0
    outer loop
      vertex 77.0871 89.7078 6
      vertex 76.9735 89.8972 0
      vertex 76.9735 89.8972 6
    endloop
  endfacet
  facet normal 0.857573 0.514363 0
    outer loop
      vertex 76.9735 89.8972 0
      vertex 77.0871 89.7078 6
      vertex 77.0871 89.7078 0
    endloop
  endfacet
  facet normal -0.741128 0.671364 0
    outer loop
      vertex 80.5489 89.3669 0
      vertex 80.6971 89.5305 6
      vertex 80.6971 89.5305 0
    endloop
  endfacet
  facet normal -0.741128 0.671364 0
    outer loop
      vertex 80.6971 89.5305 6
      vertex 80.5489 89.3669 0
      vertex 80.5489 89.3669 6
    endloop
  endfacet
  facet normal 0.0488988 0.998804 -0
    outer loop
      vertex 78.9579 88.7079 0
      vertex 78.7373 88.7187 6
      vertex 78.9579 88.7079 6
    endloop
  endfacet
  facet normal 0.0488988 0.998804 0
    outer loop
      vertex 78.7373 88.7187 6
      vertex 78.9579 88.7079 0
      vertex 78.7373 88.7187 0
    endloop
  endfacet
  facet normal 0.427541 0.903996 -0
    outer loop
      vertex 78.0968 88.8791 0
      vertex 77.8972 88.9735 6
      vertex 78.0968 88.8791 6
    endloop
  endfacet
  facet normal 0.427541 0.903996 0
    outer loop
      vertex 77.8972 88.9735 6
      vertex 78.0968 88.8791 0
      vertex 77.8972 88.9735 0
    endloop
  endfacet
  facet normal 0.998803 -0.0489209 0
    outer loop
      vertex 76.7079 90.9579 6
      vertex 76.7187 91.1784 0
      vertex 76.7187 91.1784 6
    endloop
  endfacet
  facet normal 0.998803 -0.0489209 0
    outer loop
      vertex 76.7187 91.1784 0
      vertex 76.7079 90.9579 6
      vertex 76.7079 90.9579 0
    endloop
  endfacet
  facet normal 0.998804 0.0488988 0
    outer loop
      vertex 76.7187 90.7373 6
      vertex 76.7079 90.9579 0
      vertex 76.7079 90.9579 6
    endloop
  endfacet
  facet normal 0.998804 0.0488988 0
    outer loop
      vertex 76.7079 90.9579 0
      vertex 76.7187 90.7373 6
      vertex 76.7187 90.7373 0
    endloop
  endfacet
  facet normal 0.857573 -0.514363 0
    outer loop
      vertex 76.9735 92.0185 6
      vertex 77.0871 92.2079 0
      vertex 77.0871 92.2079 6
    endloop
  endfacet
  facet normal 0.857573 -0.514363 0
    outer loop
      vertex 77.0871 92.2079 0
      vertex 76.9735 92.0185 6
      vertex 76.9735 92.0185 0
    endloop
  endfacet
  facet normal 0.427578 0.903978 -0
    outer loop
      vertex -79.8189 -2.07873 0
      vertex -80.0185 -1.98432 6
      vertex -79.8189 -2.07873 6
    endloop
  endfacet
  facet normal 0.427578 0.903978 0
    outer loop
      vertex -80.0185 -1.98432 6
      vertex -79.8189 -2.07873 0
      vertex -80.0185 -1.98432 0
    endloop
  endfacet
  facet normal -0.989176 -0.146736 0
    outer loop
      vertex -76.7187 0.220538 0
      vertex -76.7511 0.438952 6
      vertex -76.7511 0.438952 0
    endloop
  endfacet
  facet normal -0.989176 -0.146736 0
    outer loop
      vertex -76.7511 0.438952 6
      vertex -76.7187 0.220538 0
      vertex -76.7187 0.220538 6
    endloop
  endfacet
  facet normal -0.998803 -0.0489125 0
    outer loop
      vertex -76.7079 0 0
      vertex -76.7187 0.220538 6
      vertex -76.7187 0.220538 0
    endloop
  endfacet
  facet normal -0.998803 -0.0489125 0
    outer loop
      vertex -76.7187 0.220538 6
      vertex -76.7079 0 0
      vertex -76.7079 0 6
    endloop
  endfacet
  facet normal -0.970086 -0.242762 0
    outer loop
      vertex -76.7511 0.438952 0
      vertex -76.8047 0.65314 6
      vertex -76.8047 0.65314 0
    endloop
  endfacet
  facet normal -0.970086 -0.242762 0
    outer loop
      vertex -76.8047 0.65314 6
      vertex -76.7511 0.438952 0
      vertex -76.7511 0.438952 6
    endloop
  endfacet
  facet normal -0.427578 0.903978 0
    outer loop
      vertex -77.8972 -1.98432 0
      vertex -78.0968 -2.07873 6
      vertex -77.8972 -1.98432 6
    endloop
  endfacet
  facet normal -0.427578 0.903978 0
    outer loop
      vertex -78.0968 -2.07873 6
      vertex -77.8972 -1.98432 0
      vertex -78.0968 -2.07873 0
    endloop
  endfacet
  facet normal 0.0490565 -0.998796 0
    outer loop
      vertex -79.1784 2.23917 0
      vertex -78.9579 2.25 6
      vertex -79.1784 2.23917 6
    endloop
  endfacet
  facet normal 0.0490565 -0.998796 0
    outer loop
      vertex -78.9579 2.25 6
      vertex -79.1784 2.23917 0
      vertex -78.9579 2.25 0
    endloop
  endfacet
  facet normal 0.989176 -0.146736 0
    outer loop
      vertex -81.197 0.220538 6
      vertex -81.1646 0.438952 0
      vertex -81.1646 0.438952 6
    endloop
  endfacet
  facet normal 0.989176 -0.146736 0
    outer loop
      vertex -81.1646 0.438952 0
      vertex -81.197 0.220538 6
      vertex -81.197 0.220538 0
    endloop
  endfacet
  facet normal 0.146746 0.989174 -0
    outer loop
      vertex -79.1784 -2.23917 0
      vertex -79.3968 -2.20677 6
      vertex -79.1784 -2.23917 6
    endloop
  endfacet
  facet normal 0.146746 0.989174 0
    outer loop
      vertex -79.3968 -2.20677 6
      vertex -79.1784 -2.23917 0
      vertex -79.3968 -2.20677 0
    endloop
  endfacet
  facet normal -0.427578 -0.903978 0
    outer loop
      vertex -78.0968 2.07873 0
      vertex -77.8972 1.98432 6
      vertex -78.0968 2.07873 6
    endloop
  endfacet
  facet normal -0.427578 -0.903978 -0
    outer loop
      vertex -77.8972 1.98432 6
      vertex -78.0968 2.07873 0
      vertex -77.8972 1.98432 0
    endloop
  endfacet
  facet normal 0.146746 -0.989174 0
    outer loop
      vertex -79.3968 2.20677 0
      vertex -79.1784 2.23917 6
      vertex -79.3968 2.20677 6
    endloop
  endfacet
  facet normal 0.146746 -0.989174 0
    outer loop
      vertex -79.1784 2.23917 6
      vertex -79.3968 2.20677 0
      vertex -79.1784 2.23917 0
    endloop
  endfacet
  facet normal 0.242962 0.970036 -0
    outer loop
      vertex -79.3968 -2.20677 0
      vertex -79.611 -2.15312 6
      vertex -79.3968 -2.20677 6
    endloop
  endfacet
  facet normal 0.242962 0.970036 0
    outer loop
      vertex -79.611 -2.15312 6
      vertex -79.3968 -2.20677 0
      vertex -79.611 -2.15312 0
    endloop
  endfacet
  facet normal 0.336899 0.941541 -0
    outer loop
      vertex -79.611 -2.15312 0
      vertex -79.8189 -2.07873 6
      vertex -79.611 -2.15312 6
    endloop
  endfacet
  facet normal 0.336899 0.941541 0
    outer loop
      vertex -79.8189 -2.07873 6
      vertex -79.611 -2.15312 0
      vertex -79.8189 -2.07873 0
    endloop
  endfacet
  facet normal 0.595832 -0.803109 0
    outer loop
      vertex -80.3852 1.73927 0
      vertex -80.2079 1.87081 6
      vertex -80.3852 1.73927 6
    endloop
  endfacet
  facet normal 0.595832 -0.803109 0
    outer loop
      vertex -80.2079 1.87081 6
      vertex -80.3852 1.73927 0
      vertex -80.2079 1.87081 0
    endloop
  endfacet
  facet normal 0.903998 -0.427536 0
    outer loop
      vertex -81.0366 0.861037 6
      vertex -80.9422 1.06064 0
      vertex -80.9422 1.06064 6
    endloop
  endfacet
  facet normal 0.903998 -0.427536 0
    outer loop
      vertex -80.9422 1.06064 0
      vertex -81.0366 0.861037 6
      vertex -81.0366 0.861037 0
    endloop
  endfacet
  facet normal -0.146746 0.989174 0
    outer loop
      vertex -78.5189 -2.20677 0
      vertex -78.7373 -2.23917 6
      vertex -78.5189 -2.20677 6
    endloop
  endfacet
  facet normal -0.146746 0.989174 0
    outer loop
      vertex -78.7373 -2.23917 6
      vertex -78.5189 -2.20677 0
      vertex -78.7373 -2.23917 0
    endloop
  endfacet
  facet normal 0.595832 0.803109 -0
    outer loop
      vertex -80.2079 -1.87081 0
      vertex -80.3852 -1.73927 6
      vertex -80.2079 -1.87081 6
    endloop
  endfacet
  facet normal 0.595832 0.803109 0
    outer loop
      vertex -80.3852 -1.73927 6
      vertex -80.2079 -1.87081 0
      vertex -80.3852 -1.73927 0
    endloop
  endfacet
  facet normal 0.903998 0.427536 0
    outer loop
      vertex -80.9422 -1.06064 6
      vertex -81.0366 -0.861037 0
      vertex -81.0366 -0.861037 6
    endloop
  endfacet
  facet normal 0.903998 0.427536 0
    outer loop
      vertex -81.0366 -0.861037 0
      vertex -80.9422 -1.06064 6
      vertex -80.9422 -1.06064 0
    endloop
  endfacet
  facet normal -0.514063 -0.857753 0
    outer loop
      vertex -77.8972 1.98432 0
      vertex -77.7078 1.87081 6
      vertex -77.8972 1.98432 6
    endloop
  endfacet
  facet normal -0.514063 -0.857753 -0
    outer loop
      vertex -77.7078 1.87081 6
      vertex -77.8972 1.98432 0
      vertex -77.7078 1.87081 0
    endloop
  endfacet
  facet normal -0.0490343 -0.998797 0
    outer loop
      vertex -78.9579 2.25 0
      vertex -78.7373 2.23917 6
      vertex -78.9579 2.25 6
    endloop
  endfacet
  facet normal -0.0490343 -0.998797 -0
    outer loop
      vertex -78.7373 2.23917 6
      vertex -78.9579 2.25 0
      vertex -78.7373 2.23917 0
    endloop
  endfacet
  facet normal 0.998781 0.0493643 0
    outer loop
      vertex -81.197 -0.220538 6
      vertex -81.2079 0 0
      vertex -81.2079 0 6
    endloop
  endfacet
  facet normal 0.998781 0.0493643 0
    outer loop
      vertex -81.2079 0 0
      vertex -81.197 -0.220538 6
      vertex -81.197 -0.220538 0
    endloop
  endfacet
  facet normal -0.595832 -0.803109 0
    outer loop
      vertex -77.7078 1.87081 0
      vertex -77.5305 1.73927 6
      vertex -77.7078 1.87081 6
    endloop
  endfacet
  facet normal -0.595832 -0.803109 -0
    outer loop
      vertex -77.5305 1.73927 6
      vertex -77.7078 1.87081 0
      vertex -77.5305 1.73927 0
    endloop
  endfacet
  facet normal -0.970086 0.242762 0
    outer loop
      vertex -76.8047 -0.65314 0
      vertex -76.7511 -0.438952 6
      vertex -76.7511 -0.438952 0
    endloop
  endfacet
  facet normal -0.970086 0.242762 0
    outer loop
      vertex -76.7511 -0.438952 6
      vertex -76.8047 -0.65314 0
      vertex -76.8047 -0.65314 6
    endloop
  endfacet
  facet normal -0.740923 -0.67159 0
    outer loop
      vertex -77.2186 1.42738 0
      vertex -77.3669 1.59099 6
      vertex -77.3669 1.59099 0
    endloop
  endfacet
  facet normal -0.740923 -0.67159 0
    outer loop
      vertex -77.3669 1.59099 6
      vertex -77.2186 1.42738 0
      vertex -77.2186 1.42738 6
    endloop
  endfacet
  facet normal 0.941525 0.336943 0
    outer loop
      vertex -81.0366 -0.861037 6
      vertex -81.111 -0.65314 0
      vertex -81.111 -0.65314 6
    endloop
  endfacet
  facet normal 0.941525 0.336943 0
    outer loop
      vertex -81.111 -0.65314 0
      vertex -81.0366 -0.861037 6
      vertex -81.0366 -0.861037 0
    endloop
  endfacet
  facet normal -0.242962 -0.970036 0
    outer loop
      vertex -78.5189 2.20677 0
      vertex -78.3047 2.15312 6
      vertex -78.5189 2.20677 6
    endloop
  endfacet
  facet normal -0.242962 -0.970036 -0
    outer loop
      vertex -78.3047 2.15312 6
      vertex -78.5189 2.20677 0
      vertex -78.3047 2.15312 0
    endloop
  endfacet
  facet normal 0.741148 -0.671341 0
    outer loop
      vertex -80.6971 1.42738 6
      vertex -80.5489 1.59099 0
      vertex -80.5489 1.59099 6
    endloop
  endfacet
  facet normal 0.741148 -0.671341 0
    outer loop
      vertex -80.5489 1.59099 0
      vertex -80.6971 1.42738 6
      vertex -80.6971 1.42738 0
    endloop
  endfacet
  facet normal -0.0490343 0.998797 0
    outer loop
      vertex -78.7373 -2.23917 0
      vertex -78.9579 -2.25 6
      vertex -78.7373 -2.23917 6
    endloop
  endfacet
  facet normal -0.0490343 0.998797 0
    outer loop
      vertex -78.9579 -2.25 6
      vertex -78.7373 -2.23917 0
      vertex -78.9579 -2.25 0
    endloop
  endfacet
  facet normal -0.803276 -0.595607 0
    outer loop
      vertex -77.0871 1.25003 0
      vertex -77.2186 1.42738 6
      vertex -77.2186 1.42738 0
    endloop
  endfacet
  facet normal -0.803276 -0.595607 0
    outer loop
      vertex -77.2186 1.42738 6
      vertex -77.0871 1.25003 0
      vertex -77.0871 1.25003 6
    endloop
  endfacet
  facet normal 0.970086 0.242762 0
    outer loop
      vertex -81.111 -0.65314 6
      vertex -81.1646 -0.438952 0
      vertex -81.1646 -0.438952 6
    endloop
  endfacet
  facet normal 0.970086 0.242762 0
    outer loop
      vertex -81.1646 -0.438952 0
      vertex -81.111 -0.65314 6
      vertex -81.111 -0.65314 0
    endloop
  endfacet
  facet normal -0.989176 0.146736 0
    outer loop
      vertex -76.7511 -0.438952 0
      vertex -76.7187 -0.220538 6
      vertex -76.7187 -0.220538 0
    endloop
  endfacet
  facet normal -0.989176 0.146736 0
    outer loop
      vertex -76.7187 -0.220538 6
      vertex -76.7511 -0.438952 0
      vertex -76.7511 -0.438952 6
    endloop
  endfacet
  facet normal -0.514063 0.857753 0
    outer loop
      vertex -77.7078 -1.87081 0
      vertex -77.8972 -1.98432 6
      vertex -77.7078 -1.87081 6
    endloop
  endfacet
  facet normal -0.514063 0.857753 0
    outer loop
      vertex -77.8972 -1.98432 6
      vertex -77.7078 -1.87081 0
      vertex -77.8972 -1.98432 0
    endloop
  endfacet
  facet normal 0.941525 -0.336943 0
    outer loop
      vertex -81.111 0.65314 6
      vertex -81.0366 0.861037 0
      vertex -81.0366 0.861037 6
    endloop
  endfacet
  facet normal 0.941525 -0.336943 0
    outer loop
      vertex -81.0366 0.861037 0
      vertex -81.111 0.65314 6
      vertex -81.111 0.65314 0
    endloop
  endfacet
  facet normal -0.903998 0.427536 0
    outer loop
      vertex -76.9735 -1.06064 0
      vertex -76.8791 -0.861037 6
      vertex -76.8791 -0.861037 0
    endloop
  endfacet
  facet normal -0.903998 0.427536 0
    outer loop
      vertex -76.8791 -0.861037 6
      vertex -76.9735 -1.06064 0
      vertex -76.9735 -1.06064 6
    endloop
  endfacet
  facet normal -0.336899 -0.941541 0
    outer loop
      vertex -78.3047 2.15312 0
      vertex -78.0968 2.07873 6
      vertex -78.3047 2.15312 6
    endloop
  endfacet
  facet normal -0.336899 -0.941541 -0
    outer loop
      vertex -78.0968 2.07873 6
      vertex -78.3047 2.15312 0
      vertex -78.0968 2.07873 0
    endloop
  endfacet
  facet normal -0.998803 0.0489125 0
    outer loop
      vertex -76.7187 -0.220538 0
      vertex -76.7079 0 6
      vertex -76.7079 0 0
    endloop
  endfacet
  facet normal -0.998803 0.0489125 0
    outer loop
      vertex -76.7079 0 6
      vertex -76.7187 -0.220538 0
      vertex -76.7187 -0.220538 6
    endloop
  endfacet
  facet normal -0.336899 0.941541 0
    outer loop
      vertex -78.0968 -2.07873 0
      vertex -78.3047 -2.15312 6
      vertex -78.0968 -2.07873 6
    endloop
  endfacet
  facet normal -0.336899 0.941541 0
    outer loop
      vertex -78.3047 -2.15312 6
      vertex -78.0968 -2.07873 0
      vertex -78.3047 -2.15312 0
    endloop
  endfacet
  facet normal -0.941525 -0.336943 0
    outer loop
      vertex -76.8047 0.65314 0
      vertex -76.8791 0.861037 6
      vertex -76.8791 0.861037 0
    endloop
  endfacet
  facet normal -0.941525 -0.336943 0
    outer loop
      vertex -76.8791 0.861037 6
      vertex -76.8047 0.65314 0
      vertex -76.8047 0.65314 6
    endloop
  endfacet
  facet normal -0.803276 0.595607 0
    outer loop
      vertex -77.2186 -1.42738 0
      vertex -77.0871 -1.25003 6
      vertex -77.0871 -1.25003 0
    endloop
  endfacet
  facet normal -0.803276 0.595607 0
    outer loop
      vertex -77.0871 -1.25003 6
      vertex -77.2186 -1.42738 0
      vertex -77.2186 -1.42738 6
    endloop
  endfacet
  facet normal -0.857561 0.514383 0
    outer loop
      vertex -77.0871 -1.25003 0
      vertex -76.9735 -1.06064 6
      vertex -76.9735 -1.06064 0
    endloop
  endfacet
  facet normal -0.857561 0.514383 0
    outer loop
      vertex -76.9735 -1.06064 6
      vertex -77.0871 -1.25003 0
      vertex -77.0871 -1.25003 6
    endloop
  endfacet
  facet normal 0.242962 -0.970036 0
    outer loop
      vertex -79.611 2.15312 0
      vertex -79.3968 2.20677 6
      vertex -79.611 2.15312 6
    endloop
  endfacet
  facet normal 0.242962 -0.970036 0
    outer loop
      vertex -79.3968 2.20677 6
      vertex -79.611 2.15312 0
      vertex -79.3968 2.20677 0
    endloop
  endfacet
  facet normal -0.941525 0.336943 0
    outer loop
      vertex -76.8791 -0.861037 0
      vertex -76.8047 -0.65314 6
      vertex -76.8047 -0.65314 0
    endloop
  endfacet
  facet normal -0.941525 0.336943 0
    outer loop
      vertex -76.8047 -0.65314 6
      vertex -76.8791 -0.861037 0
      vertex -76.8791 -0.861037 6
    endloop
  endfacet
  facet normal -0.903998 -0.427536 0
    outer loop
      vertex -76.8791 0.861037 0
      vertex -76.9735 1.06064 6
      vertex -76.9735 1.06064 0
    endloop
  endfacet
  facet normal -0.903998 -0.427536 0
    outer loop
      vertex -76.9735 1.06064 6
      vertex -76.8791 0.861037 0
      vertex -76.8791 0.861037 6
    endloop
  endfacet
  facet normal -0.146746 -0.989174 0
    outer loop
      vertex -78.7373 2.23917 0
      vertex -78.5189 2.20677 6
      vertex -78.7373 2.23917 6
    endloop
  endfacet
  facet normal -0.146746 -0.989174 -0
    outer loop
      vertex -78.5189 2.20677 6
      vertex -78.7373 2.23917 0
      vertex -78.5189 2.20677 0
    endloop
  endfacet
  facet normal 0.857761 0.514049 0
    outer loop
      vertex -80.8287 -1.25003 6
      vertex -80.9422 -1.06064 0
      vertex -80.9422 -1.06064 6
    endloop
  endfacet
  facet normal 0.857761 0.514049 0
    outer loop
      vertex -80.9422 -1.06064 0
      vertex -80.8287 -1.25003 6
      vertex -80.8287 -1.25003 0
    endloop
  endfacet
  facet normal -0.857561 -0.514383 0
    outer loop
      vertex -76.9735 1.06064 0
      vertex -77.0871 1.25003 6
      vertex -77.0871 1.25003 0
    endloop
  endfacet
  facet normal -0.857561 -0.514383 0
    outer loop
      vertex -77.0871 1.25003 6
      vertex -76.9735 1.06064 0
      vertex -76.9735 1.06064 6
    endloop
  endfacet
  facet normal 0.336899 -0.941541 0
    outer loop
      vertex -79.8189 2.07873 0
      vertex -79.611 2.15312 6
      vertex -79.8189 2.07873 6
    endloop
  endfacet
  facet normal 0.336899 -0.941541 0
    outer loop
      vertex -79.611 2.15312 6
      vertex -79.8189 2.07873 0
      vertex -79.611 2.15312 0
    endloop
  endfacet
  facet normal 0.741148 0.671341 0
    outer loop
      vertex -80.5489 -1.59099 6
      vertex -80.6971 -1.42738 0
      vertex -80.6971 -1.42738 6
    endloop
  endfacet
  facet normal 0.741148 0.671341 0
    outer loop
      vertex -80.6971 -1.42738 0
      vertex -80.5489 -1.59099 6
      vertex -80.5489 -1.59099 0
    endloop
  endfacet
  facet normal 0.671338 -0.741152 0
    outer loop
      vertex -80.5489 1.59099 0
      vertex -80.3852 1.73927 6
      vertex -80.5489 1.59099 6
    endloop
  endfacet
  facet normal 0.671338 -0.741152 0
    outer loop
      vertex -80.3852 1.73927 6
      vertex -80.5489 1.59099 0
      vertex -80.3852 1.73927 0
    endloop
  endfacet
  facet normal -0.242962 0.970036 0
    outer loop
      vertex -78.3047 -2.15312 0
      vertex -78.5189 -2.20677 6
      vertex -78.3047 -2.15312 6
    endloop
  endfacet
  facet normal -0.242962 0.970036 0
    outer loop
      vertex -78.5189 -2.20677 6
      vertex -78.3047 -2.15312 0
      vertex -78.5189 -2.20677 0
    endloop
  endfacet
  facet normal 0.514063 -0.857753 0
    outer loop
      vertex -80.2079 1.87081 0
      vertex -80.0185 1.98432 6
      vertex -80.2079 1.87081 6
    endloop
  endfacet
  facet normal 0.514063 -0.857753 0
    outer loop
      vertex -80.0185 1.98432 6
      vertex -80.2079 1.87081 0
      vertex -80.0185 1.98432 0
    endloop
  endfacet
  facet normal 0.427578 -0.903978 0
    outer loop
      vertex -80.0185 1.98432 0
      vertex -79.8189 2.07873 6
      vertex -80.0185 1.98432 6
    endloop
  endfacet
  facet normal 0.427578 -0.903978 0
    outer loop
      vertex -79.8189 2.07873 6
      vertex -80.0185 1.98432 0
      vertex -79.8189 2.07873 0
    endloop
  endfacet
  facet normal 0.514063 0.857753 -0
    outer loop
      vertex -80.0185 -1.98432 0
      vertex -80.2079 -1.87081 6
      vertex -80.0185 -1.98432 6
    endloop
  endfacet
  facet normal 0.514063 0.857753 0
    outer loop
      vertex -80.2079 -1.87081 6
      vertex -80.0185 -1.98432 0
      vertex -80.2079 -1.87081 0
    endloop
  endfacet
  facet normal -0.671563 -0.740948 0
    outer loop
      vertex -77.5305 1.73927 0
      vertex -77.3669 1.59099 6
      vertex -77.5305 1.73927 6
    endloop
  endfacet
  facet normal -0.671563 -0.740948 -0
    outer loop
      vertex -77.3669 1.59099 6
      vertex -77.5305 1.73927 0
      vertex -77.3669 1.59099 0
    endloop
  endfacet
  facet normal 0.970086 -0.242762 0
    outer loop
      vertex -81.1646 0.438952 6
      vertex -81.111 0.65314 0
      vertex -81.111 0.65314 6
    endloop
  endfacet
  facet normal 0.970086 -0.242762 0
    outer loop
      vertex -81.111 0.65314 0
      vertex -81.1646 0.438952 6
      vertex -81.1646 0.438952 0
    endloop
  endfacet
  facet normal 0.80306 0.595899 0
    outer loop
      vertex -80.6971 -1.42738 6
      vertex -80.8287 -1.25003 0
      vertex -80.8287 -1.25003 6
    endloop
  endfacet
  facet normal 0.80306 0.595899 0
    outer loop
      vertex -80.8287 -1.25003 0
      vertex -80.6971 -1.42738 6
      vertex -80.6971 -1.42738 0
    endloop
  endfacet
  facet normal 0.989176 0.146736 0
    outer loop
      vertex -81.1646 -0.438952 6
      vertex -81.197 -0.220538 0
      vertex -81.197 -0.220538 6
    endloop
  endfacet
  facet normal 0.989176 0.146736 0
    outer loop
      vertex -81.197 -0.220538 0
      vertex -81.1646 -0.438952 6
      vertex -81.1646 -0.438952 0
    endloop
  endfacet
  facet normal -0.595832 0.803109 0
    outer loop
      vertex -77.5305 -1.73927 0
      vertex -77.7078 -1.87081 6
      vertex -77.5305 -1.73927 6
    endloop
  endfacet
  facet normal -0.595832 0.803109 0
    outer loop
      vertex -77.7078 -1.87081 6
      vertex -77.5305 -1.73927 0
      vertex -77.7078 -1.87081 0
    endloop
  endfacet
  facet normal 0.671338 0.741152 -0
    outer loop
      vertex -80.3852 -1.73927 0
      vertex -80.5489 -1.59099 6
      vertex -80.3852 -1.73927 6
    endloop
  endfacet
  facet normal 0.671338 0.741152 0
    outer loop
      vertex -80.5489 -1.59099 6
      vertex -80.3852 -1.73927 0
      vertex -80.5489 -1.59099 0
    endloop
  endfacet
  facet normal 0.80306 -0.595899 0
    outer loop
      vertex -80.8287 1.25003 6
      vertex -80.6971 1.42738 0
      vertex -80.6971 1.42738 6
    endloop
  endfacet
  facet normal 0.80306 -0.595899 0
    outer loop
      vertex -80.6971 1.42738 0
      vertex -80.8287 1.25003 6
      vertex -80.8287 1.25003 0
    endloop
  endfacet
  facet normal 0.857761 -0.514049 0
    outer loop
      vertex -80.9422 1.06064 6
      vertex -80.8287 1.25003 0
      vertex -80.8287 1.25003 6
    endloop
  endfacet
  facet normal 0.857761 -0.514049 0
    outer loop
      vertex -80.8287 1.25003 0
      vertex -80.9422 1.06064 6
      vertex -80.9422 1.06064 0
    endloop
  endfacet
  facet normal 0.0490565 0.998796 -0
    outer loop
      vertex -78.9579 -2.25 0
      vertex -79.1784 -2.23917 6
      vertex -78.9579 -2.25 6
    endloop
  endfacet
  facet normal 0.0490565 0.998796 0
    outer loop
      vertex -79.1784 -2.23917 6
      vertex -78.9579 -2.25 0
      vertex -79.1784 -2.23917 0
    endloop
  endfacet
  facet normal 0.998781 -0.0493643 0
    outer loop
      vertex -81.2079 0 6
      vertex -81.197 0.220538 0
      vertex -81.197 0.220538 6
    endloop
  endfacet
  facet normal 0.998781 -0.0493643 0
    outer loop
      vertex -81.197 0.220538 0
      vertex -81.2079 0 6
      vertex -81.2079 0 0
    endloop
  endfacet
  facet normal -0.740923 0.67159 0
    outer loop
      vertex -77.3669 -1.59099 0
      vertex -77.2186 -1.42738 6
      vertex -77.2186 -1.42738 0
    endloop
  endfacet
  facet normal -0.740923 0.67159 0
    outer loop
      vertex -77.2186 -1.42738 6
      vertex -77.3669 -1.59099 0
      vertex -77.3669 -1.59099 6
    endloop
  endfacet
  facet normal -0.671563 0.740948 0
    outer loop
      vertex -77.3669 -1.59099 0
      vertex -77.5305 -1.73927 6
      vertex -77.3669 -1.59099 6
    endloop
  endfacet
  facet normal -0.671563 0.740948 0
    outer loop
      vertex -77.5305 -1.73927 6
      vertex -77.3669 -1.59099 0
      vertex -77.5305 -1.73927 0
    endloop
  endfacet
  facet normal 0.671563 0.740948 -0
    outer loop
      vertex 77.5305 -1.73927 0
      vertex 77.3669 -1.59099 6
      vertex 77.5305 -1.73927 6
    endloop
  endfacet
  facet normal 0.671563 0.740948 0
    outer loop
      vertex 77.3669 -1.59099 6
      vertex 77.5305 -1.73927 0
      vertex 77.3669 -1.59099 0
    endloop
  endfacet
  facet normal 0.941525 -0.336943 0
    outer loop
      vertex 76.8047 0.65314 6
      vertex 76.8791 0.861037 0
      vertex 76.8791 0.861037 6
    endloop
  endfacet
  facet normal 0.941525 -0.336943 0
    outer loop
      vertex 76.8791 0.861037 0
      vertex 76.8047 0.65314 6
      vertex 76.8047 0.65314 0
    endloop
  endfacet
  facet normal -0.989176 -0.146736 0
    outer loop
      vertex 81.197 0.220538 0
      vertex 81.1646 0.438952 6
      vertex 81.1646 0.438952 0
    endloop
  endfacet
  facet normal -0.989176 -0.146736 0
    outer loop
      vertex 81.1646 0.438952 6
      vertex 81.197 0.220538 0
      vertex 81.197 0.220538 6
    endloop
  endfacet
  facet normal -0.998781 -0.0493643 0
    outer loop
      vertex 81.2079 0 0
      vertex 81.197 0.220538 6
      vertex 81.197 0.220538 0
    endloop
  endfacet
  facet normal -0.998781 -0.0493643 0
    outer loop
      vertex 81.197 0.220538 6
      vertex 81.2079 0 0
      vertex 81.2079 0 6
    endloop
  endfacet
  facet normal 0.514063 0.857753 -0
    outer loop
      vertex 77.8972 -1.98432 0
      vertex 77.7078 -1.87081 6
      vertex 77.8972 -1.98432 6
    endloop
  endfacet
  facet normal 0.514063 0.857753 0
    outer loop
      vertex 77.7078 -1.87081 6
      vertex 77.8972 -1.98432 0
      vertex 77.7078 -1.87081 0
    endloop
  endfacet
  facet normal -0.671338 -0.741152 0
    outer loop
      vertex 80.3852 1.73927 0
      vertex 80.5489 1.59099 6
      vertex 80.3852 1.73927 6
    endloop
  endfacet
  facet normal -0.671338 -0.741152 -0
    outer loop
      vertex 80.5489 1.59099 6
      vertex 80.3852 1.73927 0
      vertex 80.5489 1.59099 0
    endloop
  endfacet
  facet normal 0.146746 0.989174 -0
    outer loop
      vertex 78.7373 -2.23917 0
      vertex 78.5189 -2.20677 6
      vertex 78.7373 -2.23917 6
    endloop
  endfacet
  facet normal 0.146746 0.989174 0
    outer loop
      vertex 78.5189 -2.20677 6
      vertex 78.7373 -2.23917 0
      vertex 78.5189 -2.20677 0
    endloop
  endfacet
  facet normal -0.741148 -0.671341 0
    outer loop
      vertex 80.6971 1.42738 0
      vertex 80.5489 1.59099 6
      vertex 80.5489 1.59099 0
    endloop
  endfacet
  facet normal -0.741148 -0.671341 0
    outer loop
      vertex 80.5489 1.59099 6
      vertex 80.6971 1.42738 0
      vertex 80.6971 1.42738 6
    endloop
  endfacet
  facet normal -0.427578 -0.903978 0
    outer loop
      vertex 79.8189 2.07873 0
      vertex 80.0185 1.98432 6
      vertex 79.8189 2.07873 6
    endloop
  endfacet
  facet normal -0.427578 -0.903978 -0
    outer loop
      vertex 80.0185 1.98432 6
      vertex 79.8189 2.07873 0
      vertex 80.0185 1.98432 0
    endloop
  endfacet
  facet normal -0.0490565 0.998796 0
    outer loop
      vertex 79.1784 -2.23917 0
      vertex 78.9579 -2.25 6
      vertex 79.1784 -2.23917 6
    endloop
  endfacet
  facet normal -0.0490565 0.998796 0
    outer loop
      vertex 78.9579 -2.25 6
      vertex 79.1784 -2.23917 0
      vertex 78.9579 -2.25 0
    endloop
  endfacet
  facet normal 0.740923 -0.67159 0
    outer loop
      vertex 77.2186 1.42738 6
      vertex 77.3669 1.59099 0
      vertex 77.3669 1.59099 6
    endloop
  endfacet
  facet normal 0.740923 -0.67159 0
    outer loop
      vertex 77.3669 1.59099 0
      vertex 77.2186 1.42738 6
      vertex 77.2186 1.42738 0
    endloop
  endfacet
  facet normal -0.989176 0.146736 0
    outer loop
      vertex 81.1646 -0.438952 0
      vertex 81.197 -0.220538 6
      vertex 81.197 -0.220538 0
    endloop
  endfacet
  facet normal -0.989176 0.146736 0
    outer loop
      vertex 81.197 -0.220538 6
      vertex 81.1646 -0.438952 0
      vertex 81.1646 -0.438952 6
    endloop
  endfacet
  facet normal -0.903998 -0.427536 0
    outer loop
      vertex 81.0366 0.861037 0
      vertex 80.9422 1.06064 6
      vertex 80.9422 1.06064 0
    endloop
  endfacet
  facet normal -0.903998 -0.427536 0
    outer loop
      vertex 80.9422 1.06064 6
      vertex 81.0366 0.861037 0
      vertex 81.0366 0.861037 6
    endloop
  endfacet
  facet normal 0.242962 -0.970036 0
    outer loop
      vertex 78.3047 2.15312 0
      vertex 78.5189 2.20677 6
      vertex 78.3047 2.15312 6
    endloop
  endfacet
  facet normal 0.242962 -0.970036 0
    outer loop
      vertex 78.5189 2.20677 6
      vertex 78.3047 2.15312 0
      vertex 78.5189 2.20677 0
    endloop
  endfacet
  facet normal 0.803276 -0.595607 0
    outer loop
      vertex 77.0871 1.25003 6
      vertex 77.2186 1.42738 0
      vertex 77.2186 1.42738 6
    endloop
  endfacet
  facet normal 0.803276 -0.595607 0
    outer loop
      vertex 77.2186 1.42738 0
      vertex 77.0871 1.25003 6
      vertex 77.0871 1.25003 0
    endloop
  endfacet
  facet normal -0.242962 -0.970036 0
    outer loop
      vertex 79.3968 2.20677 0
      vertex 79.611 2.15312 6
      vertex 79.3968 2.20677 6
    endloop
  endfacet
  facet normal -0.242962 -0.970036 -0
    outer loop
      vertex 79.611 2.15312 6
      vertex 79.3968 2.20677 0
      vertex 79.611 2.15312 0
    endloop
  endfacet
  facet normal -0.336899 -0.941541 0
    outer loop
      vertex 79.611 2.15312 0
      vertex 79.8189 2.07873 6
      vertex 79.611 2.15312 6
    endloop
  endfacet
  facet normal -0.336899 -0.941541 -0
    outer loop
      vertex 79.8189 2.07873 6
      vertex 79.611 2.15312 0
      vertex 79.8189 2.07873 0
    endloop
  endfacet
  facet normal -0.941525 -0.336943 0
    outer loop
      vertex 81.111 0.65314 0
      vertex 81.0366 0.861037 6
      vertex 81.0366 0.861037 0
    endloop
  endfacet
  facet normal -0.941525 -0.336943 0
    outer loop
      vertex 81.0366 0.861037 6
      vertex 81.111 0.65314 0
      vertex 81.111 0.65314 6
    endloop
  endfacet
  facet normal -0.595832 -0.803109 0
    outer loop
      vertex 80.2079 1.87081 0
      vertex 80.3852 1.73927 6
      vertex 80.2079 1.87081 6
    endloop
  endfacet
  facet normal -0.595832 -0.803109 -0
    outer loop
      vertex 80.3852 1.73927 6
      vertex 80.2079 1.87081 0
      vertex 80.3852 1.73927 0
    endloop
  endfacet
  facet normal 0.857561 0.514383 0
    outer loop
      vertex 77.0871 -1.25003 6
      vertex 76.9735 -1.06064 0
      vertex 76.9735 -1.06064 6
    endloop
  endfacet
  facet normal 0.857561 0.514383 0
    outer loop
      vertex 76.9735 -1.06064 0
      vertex 77.0871 -1.25003 6
      vertex 77.0871 -1.25003 0
    endloop
  endfacet
  facet normal -0.514063 -0.857753 0
    outer loop
      vertex 80.0185 1.98432 0
      vertex 80.2079 1.87081 6
      vertex 80.0185 1.98432 6
    endloop
  endfacet
  facet normal -0.514063 -0.857753 -0
    outer loop
      vertex 80.2079 1.87081 6
      vertex 80.0185 1.98432 0
      vertex 80.2079 1.87081 0
    endloop
  endfacet
  facet normal -0.941525 0.336943 0
    outer loop
      vertex 81.0366 -0.861037 0
      vertex 81.111 -0.65314 6
      vertex 81.111 -0.65314 0
    endloop
  endfacet
  facet normal -0.941525 0.336943 0
    outer loop
      vertex 81.111 -0.65314 6
      vertex 81.0366 -0.861037 0
      vertex 81.0366 -0.861037 6
    endloop
  endfacet
  facet normal 0.857561 -0.514383 0
    outer loop
      vertex 76.9735 1.06064 6
      vertex 77.0871 1.25003 0
      vertex 77.0871 1.25003 6
    endloop
  endfacet
  facet normal 0.857561 -0.514383 0
    outer loop
      vertex 77.0871 1.25003 0
      vertex 76.9735 1.06064 6
      vertex 76.9735 1.06064 0
    endloop
  endfacet
  facet normal 0.970086 0.242762 0
    outer loop
      vertex 76.8047 -0.65314 6
      vertex 76.7511 -0.438952 0
      vertex 76.7511 -0.438952 6
    endloop
  endfacet
  facet normal 0.970086 0.242762 0
    outer loop
      vertex 76.7511 -0.438952 0
      vertex 76.8047 -0.65314 6
      vertex 76.8047 -0.65314 0
    endloop
  endfacet
  facet normal -0.0490565 -0.998796 0
    outer loop
      vertex 78.9579 2.25 0
      vertex 79.1784 2.23917 6
      vertex 78.9579 2.25 6
    endloop
  endfacet
  facet normal -0.0490565 -0.998796 -0
    outer loop
      vertex 79.1784 2.23917 6
      vertex 78.9579 2.25 0
      vertex 79.1784 2.23917 0
    endloop
  endfacet
  facet normal -0.857761 -0.514049 0
    outer loop
      vertex 80.9422 1.06064 0
      vertex 80.8287 1.25003 6
      vertex 80.8287 1.25003 0
    endloop
  endfacet
  facet normal -0.857761 -0.514049 0
    outer loop
      vertex 80.8287 1.25003 6
      vertex 80.9422 1.06064 0
      vertex 80.9422 1.06064 6
    endloop
  endfacet
  facet normal 0.941525 0.336943 0
    outer loop
      vertex 76.8791 -0.861037 6
      vertex 76.8047 -0.65314 0
      vertex 76.8047 -0.65314 6
    endloop
  endfacet
  facet normal 0.941525 0.336943 0
    outer loop
      vertex 76.8047 -0.65314 0
      vertex 76.8791 -0.861037 6
      vertex 76.8791 -0.861037 0
    endloop
  endfacet
  facet normal 0.671563 -0.740948 0
    outer loop
      vertex 77.3669 1.59099 0
      vertex 77.5305 1.73927 6
      vertex 77.3669 1.59099 6
    endloop
  endfacet
  facet normal 0.671563 -0.740948 0
    outer loop
      vertex 77.5305 1.73927 6
      vertex 77.3669 1.59099 0
      vertex 77.5305 1.73927 0
    endloop
  endfacet
  facet normal -0.970086 0.242762 0
    outer loop
      vertex 81.111 -0.65314 0
      vertex 81.1646 -0.438952 6
      vertex 81.1646 -0.438952 0
    endloop
  endfacet
  facet normal -0.970086 0.242762 0
    outer loop
      vertex 81.1646 -0.438952 6
      vertex 81.111 -0.65314 0
      vertex 81.111 -0.65314 6
    endloop
  endfacet
  facet normal 0.514063 -0.857753 0
    outer loop
      vertex 77.7078 1.87081 0
      vertex 77.8972 1.98432 6
      vertex 77.7078 1.87081 6
    endloop
  endfacet
  facet normal 0.514063 -0.857753 0
    outer loop
      vertex 77.8972 1.98432 6
      vertex 77.7078 1.87081 0
      vertex 77.8972 1.98432 0
    endloop
  endfacet
  facet normal 0.998803 0.0489125 0
    outer loop
      vertex 76.7187 -0.220538 6
      vertex 76.7079 0 0
      vertex 76.7079 0 6
    endloop
  endfacet
  facet normal 0.998803 0.0489125 0
    outer loop
      vertex 76.7079 0 0
      vertex 76.7187 -0.220538 6
      vertex 76.7187 -0.220538 0
    endloop
  endfacet
  facet normal 0.970086 -0.242762 0
    outer loop
      vertex 76.7511 0.438952 6
      vertex 76.8047 0.65314 0
      vertex 76.8047 0.65314 6
    endloop
  endfacet
  facet normal 0.970086 -0.242762 0
    outer loop
      vertex 76.8047 0.65314 0
      vertex 76.7511 0.438952 6
      vertex 76.7511 0.438952 0
    endloop
  endfacet
  facet normal -0.427578 0.903978 0
    outer loop
      vertex 80.0185 -1.98432 0
      vertex 79.8189 -2.07873 6
      vertex 80.0185 -1.98432 6
    endloop
  endfacet
  facet normal -0.427578 0.903978 0
    outer loop
      vertex 79.8189 -2.07873 6
      vertex 80.0185 -1.98432 0
      vertex 79.8189 -2.07873 0
    endloop
  endfacet
  facet normal 0.336899 0.941541 -0
    outer loop
      vertex 78.3047 -2.15312 0
      vertex 78.0968 -2.07873 6
      vertex 78.3047 -2.15312 6
    endloop
  endfacet
  facet normal 0.336899 0.941541 0
    outer loop
      vertex 78.0968 -2.07873 6
      vertex 78.3047 -2.15312 0
      vertex 78.0968 -2.07873 0
    endloop
  endfacet
  facet normal 0.336899 -0.941541 0
    outer loop
      vertex 78.0968 2.07873 0
      vertex 78.3047 2.15312 6
      vertex 78.0968 2.07873 6
    endloop
  endfacet
  facet normal 0.336899 -0.941541 0
    outer loop
      vertex 78.3047 2.15312 6
      vertex 78.0968 2.07873 0
      vertex 78.3047 2.15312 0
    endloop
  endfacet
  facet normal -0.514063 0.857753 0
    outer loop
      vertex 80.2079 -1.87081 0
      vertex 80.0185 -1.98432 6
      vertex 80.2079 -1.87081 6
    endloop
  endfacet
  facet normal -0.514063 0.857753 0
    outer loop
      vertex 80.0185 -1.98432 6
      vertex 80.2079 -1.87081 0
      vertex 80.0185 -1.98432 0
    endloop
  endfacet
  facet normal -0.146746 0.989174 0
    outer loop
      vertex 79.3968 -2.20677 0
      vertex 79.1784 -2.23917 6
      vertex 79.3968 -2.20677 6
    endloop
  endfacet
  facet normal -0.146746 0.989174 0
    outer loop
      vertex 79.1784 -2.23917 6
      vertex 79.3968 -2.20677 0
      vertex 79.1784 -2.23917 0
    endloop
  endfacet
  facet normal -0.741148 0.671341 0
    outer loop
      vertex 80.5489 -1.59099 0
      vertex 80.6971 -1.42738 6
      vertex 80.6971 -1.42738 0
    endloop
  endfacet
  facet normal -0.741148 0.671341 0
    outer loop
      vertex 80.6971 -1.42738 6
      vertex 80.5489 -1.59099 0
      vertex 80.5489 -1.59099 6
    endloop
  endfacet
  facet normal -0.80306 0.595899 0
    outer loop
      vertex 80.6971 -1.42738 0
      vertex 80.8287 -1.25003 6
      vertex 80.8287 -1.25003 0
    endloop
  endfacet
  facet normal -0.80306 0.595899 0
    outer loop
      vertex 80.8287 -1.25003 6
      vertex 80.6971 -1.42738 0
      vertex 80.6971 -1.42738 6
    endloop
  endfacet
  facet normal 0.0490343 -0.998797 0
    outer loop
      vertex 78.7373 2.23917 0
      vertex 78.9579 2.25 6
      vertex 78.7373 2.23917 6
    endloop
  endfacet
  facet normal 0.0490343 -0.998797 0
    outer loop
      vertex 78.9579 2.25 6
      vertex 78.7373 2.23917 0
      vertex 78.9579 2.25 0
    endloop
  endfacet
  facet normal 0.427578 -0.903978 0
    outer loop
      vertex 77.8972 1.98432 0
      vertex 78.0968 2.07873 6
      vertex 77.8972 1.98432 6
    endloop
  endfacet
  facet normal 0.427578 -0.903978 0
    outer loop
      vertex 78.0968 2.07873 6
      vertex 77.8972 1.98432 0
      vertex 78.0968 2.07873 0
    endloop
  endfacet
  facet normal 0.595832 -0.803109 0
    outer loop
      vertex 77.5305 1.73927 0
      vertex 77.7078 1.87081 6
      vertex 77.5305 1.73927 6
    endloop
  endfacet
  facet normal 0.595832 -0.803109 0
    outer loop
      vertex 77.7078 1.87081 6
      vertex 77.5305 1.73927 0
      vertex 77.7078 1.87081 0
    endloop
  endfacet
  facet normal 0.989176 -0.146736 0
    outer loop
      vertex 76.7187 0.220538 6
      vertex 76.7511 0.438952 0
      vertex 76.7511 0.438952 6
    endloop
  endfacet
  facet normal 0.989176 -0.146736 0
    outer loop
      vertex 76.7511 0.438952 0
      vertex 76.7187 0.220538 6
      vertex 76.7187 0.220538 0
    endloop
  endfacet
  facet normal 0.242962 0.970036 -0
    outer loop
      vertex 78.5189 -2.20677 0
      vertex 78.3047 -2.15312 6
      vertex 78.5189 -2.20677 6
    endloop
  endfacet
  facet normal 0.242962 0.970036 0
    outer loop
      vertex 78.3047 -2.15312 6
      vertex 78.5189 -2.20677 0
      vertex 78.3047 -2.15312 0
    endloop
  endfacet
  facet normal -0.970086 -0.242762 0
    outer loop
      vertex 81.1646 0.438952 0
      vertex 81.111 0.65314 6
      vertex 81.111 0.65314 0
    endloop
  endfacet
  facet normal -0.970086 -0.242762 0
    outer loop
      vertex 81.111 0.65314 6
      vertex 81.1646 0.438952 0
      vertex 81.1646 0.438952 6
    endloop
  endfacet
  facet normal -0.80306 -0.595899 0
    outer loop
      vertex 80.8287 1.25003 0
      vertex 80.6971 1.42738 6
      vertex 80.6971 1.42738 0
    endloop
  endfacet
  facet normal -0.80306 -0.595899 0
    outer loop
      vertex 80.6971 1.42738 6
      vertex 80.8287 1.25003 0
      vertex 80.8287 1.25003 6
    endloop
  endfacet
  facet normal 0.803276 0.595607 0
    outer loop
      vertex 77.2186 -1.42738 6
      vertex 77.0871 -1.25003 0
      vertex 77.0871 -1.25003 6
    endloop
  endfacet
  facet normal 0.803276 0.595607 0
    outer loop
      vertex 77.0871 -1.25003 0
      vertex 77.2186 -1.42738 6
      vertex 77.2186 -1.42738 0
    endloop
  endfacet
  facet normal 0.903998 0.427536 0
    outer loop
      vertex 76.9735 -1.06064 6
      vertex 76.8791 -0.861037 0
      vertex 76.8791 -0.861037 6
    endloop
  endfacet
  facet normal 0.903998 0.427536 0
    outer loop
      vertex 76.8791 -0.861037 0
      vertex 76.9735 -1.06064 6
      vertex 76.9735 -1.06064 0
    endloop
  endfacet
  facet normal -0.146746 -0.989174 0
    outer loop
      vertex 79.1784 2.23917 0
      vertex 79.3968 2.20677 6
      vertex 79.1784 2.23917 6
    endloop
  endfacet
  facet normal -0.146746 -0.989174 -0
    outer loop
      vertex 79.3968 2.20677 6
      vertex 79.1784 2.23917 0
      vertex 79.3968 2.20677 0
    endloop
  endfacet
  facet normal 0.427578 0.903978 -0
    outer loop
      vertex 78.0968 -2.07873 0
      vertex 77.8972 -1.98432 6
      vertex 78.0968 -2.07873 6
    endloop
  endfacet
  facet normal 0.427578 0.903978 0
    outer loop
      vertex 77.8972 -1.98432 6
      vertex 78.0968 -2.07873 0
      vertex 77.8972 -1.98432 0
    endloop
  endfacet
  facet normal -0.595832 0.803109 0
    outer loop
      vertex 80.3852 -1.73927 0
      vertex 80.2079 -1.87081 6
      vertex 80.3852 -1.73927 6
    endloop
  endfacet
  facet normal -0.595832 0.803109 0
    outer loop
      vertex 80.2079 -1.87081 6
      vertex 80.3852 -1.73927 0
      vertex 80.2079 -1.87081 0
    endloop
  endfacet
  facet normal -0.998781 0.0493643 0
    outer loop
      vertex 81.197 -0.220538 0
      vertex 81.2079 0 6
      vertex 81.2079 0 0
    endloop
  endfacet
  facet normal -0.998781 0.0493643 0
    outer loop
      vertex 81.2079 0 6
      vertex 81.197 -0.220538 0
      vertex 81.197 -0.220538 6
    endloop
  endfacet
  facet normal 0.146746 -0.989174 0
    outer loop
      vertex 78.5189 2.20677 0
      vertex 78.7373 2.23917 6
      vertex 78.5189 2.20677 6
    endloop
  endfacet
  facet normal 0.146746 -0.989174 0
    outer loop
      vertex 78.7373 2.23917 6
      vertex 78.5189 2.20677 0
      vertex 78.7373 2.23917 0
    endloop
  endfacet
  facet normal 0.989176 0.146736 0
    outer loop
      vertex 76.7511 -0.438952 6
      vertex 76.7187 -0.220538 0
      vertex 76.7187 -0.220538 6
    endloop
  endfacet
  facet normal 0.989176 0.146736 0
    outer loop
      vertex 76.7187 -0.220538 0
      vertex 76.7511 -0.438952 6
      vertex 76.7511 -0.438952 0
    endloop
  endfacet
  facet normal -0.336899 0.941541 0
    outer loop
      vertex 79.8189 -2.07873 0
      vertex 79.611 -2.15312 6
      vertex 79.8189 -2.07873 6
    endloop
  endfacet
  facet normal -0.336899 0.941541 0
    outer loop
      vertex 79.611 -2.15312 6
      vertex 79.8189 -2.07873 0
      vertex 79.611 -2.15312 0
    endloop
  endfacet
  facet normal -0.242962 0.970036 0
    outer loop
      vertex 79.611 -2.15312 0
      vertex 79.3968 -2.20677 6
      vertex 79.611 -2.15312 6
    endloop
  endfacet
  facet normal -0.242962 0.970036 0
    outer loop
      vertex 79.3968 -2.20677 6
      vertex 79.611 -2.15312 0
      vertex 79.3968 -2.20677 0
    endloop
  endfacet
  facet normal 0.740923 0.67159 0
    outer loop
      vertex 77.3669 -1.59099 6
      vertex 77.2186 -1.42738 0
      vertex 77.2186 -1.42738 6
    endloop
  endfacet
  facet normal 0.740923 0.67159 0
    outer loop
      vertex 77.2186 -1.42738 0
      vertex 77.3669 -1.59099 6
      vertex 77.3669 -1.59099 0
    endloop
  endfacet
  facet normal 0.903998 -0.427536 0
    outer loop
      vertex 76.8791 0.861037 6
      vertex 76.9735 1.06064 0
      vertex 76.9735 1.06064 6
    endloop
  endfacet
  facet normal 0.903998 -0.427536 0
    outer loop
      vertex 76.9735 1.06064 0
      vertex 76.8791 0.861037 6
      vertex 76.8791 0.861037 0
    endloop
  endfacet
  facet normal 0.595832 0.803109 -0
    outer loop
      vertex 77.7078 -1.87081 0
      vertex 77.5305 -1.73927 6
      vertex 77.7078 -1.87081 6
    endloop
  endfacet
  facet normal 0.595832 0.803109 0
    outer loop
      vertex 77.5305 -1.73927 6
      vertex 77.7078 -1.87081 0
      vertex 77.5305 -1.73927 0
    endloop
  endfacet
  facet normal -0.903998 0.427536 0
    outer loop
      vertex 80.9422 -1.06064 0
      vertex 81.0366 -0.861037 6
      vertex 81.0366 -0.861037 0
    endloop
  endfacet
  facet normal -0.903998 0.427536 0
    outer loop
      vertex 81.0366 -0.861037 6
      vertex 80.9422 -1.06064 0
      vertex 80.9422 -1.06064 6
    endloop
  endfacet
  facet normal -0.857761 0.514049 0
    outer loop
      vertex 80.8287 -1.25003 0
      vertex 80.9422 -1.06064 6
      vertex 80.9422 -1.06064 0
    endloop
  endfacet
  facet normal -0.857761 0.514049 0
    outer loop
      vertex 80.9422 -1.06064 6
      vertex 80.8287 -1.25003 0
      vertex 80.8287 -1.25003 6
    endloop
  endfacet
  facet normal 0.0490343 0.998797 -0
    outer loop
      vertex 78.9579 -2.25 0
      vertex 78.7373 -2.23917 6
      vertex 78.9579 -2.25 6
    endloop
  endfacet
  facet normal 0.0490343 0.998797 0
    outer loop
      vertex 78.7373 -2.23917 6
      vertex 78.9579 -2.25 0
      vertex 78.7373 -2.23917 0
    endloop
  endfacet
  facet normal 0.998803 -0.0489125 0
    outer loop
      vertex 76.7079 0 6
      vertex 76.7187 0.220538 0
      vertex 76.7187 0.220538 6
    endloop
  endfacet
  facet normal 0.998803 -0.0489125 0
    outer loop
      vertex 76.7187 0.220538 0
      vertex 76.7079 0 6
      vertex 76.7079 0 0
    endloop
  endfacet
  facet normal -0.671338 0.741152 0
    outer loop
      vertex 80.5489 -1.59099 0
      vertex 80.3852 -1.73927 6
      vertex 80.5489 -1.59099 6
    endloop
  endfacet
  facet normal -0.671338 0.741152 0
    outer loop
      vertex 80.3852 -1.73927 6
      vertex 80.5489 -1.59099 0
      vertex 80.3852 -1.73927 0
    endloop
  endfacet
  facet normal -0.0489125 -0.998803 0
    outer loop
      vertex 0 -88.7079 0
      vertex 0.220538 -88.7187 6
      vertex 0 -88.7079 6
    endloop
  endfacet
  facet normal -0.0489125 -0.998803 -0
    outer loop
      vertex 0.220538 -88.7187 6
      vertex 0 -88.7079 0
      vertex 0.220538 -88.7187 0
    endloop
  endfacet
  facet normal -0.989174 -0.146746 0
    outer loop
      vertex 2.23917 -90.7373 0
      vertex 2.20677 -90.5189 6
      vertex 2.20677 -90.5189 0
    endloop
  endfacet
  facet normal -0.989174 -0.146746 0
    outer loop
      vertex 2.20677 -90.5189 6
      vertex 2.23917 -90.7373 0
      vertex 2.23917 -90.7373 6
    endloop
  endfacet
  facet normal -0.998797 -0.0490343 0
    outer loop
      vertex 2.25 -90.9579 0
      vertex 2.23917 -90.7373 6
      vertex 2.23917 -90.7373 0
    endloop
  endfacet
  facet normal -0.998797 -0.0490343 0
    outer loop
      vertex 2.23917 -90.7373 6
      vertex 2.25 -90.9579 0
      vertex 2.25 -90.9579 6
    endloop
  endfacet
  facet normal -0.970036 -0.242962 0
    outer loop
      vertex 2.20677 -90.5189 0
      vertex 2.15312 -90.3047 6
      vertex 2.15312 -90.3047 0
    endloop
  endfacet
  facet normal -0.970036 -0.242962 0
    outer loop
      vertex 2.15312 -90.3047 6
      vertex 2.20677 -90.5189 0
      vertex 2.20677 -90.5189 6
    endloop
  endfacet
  facet normal 0.514049 0.857761 -0
    outer loop
      vertex -1.06064 -92.9422 0
      vertex -1.25003 -92.8287 6
      vertex -1.06064 -92.9422 6
    endloop
  endfacet
  facet normal 0.514049 0.857761 0
    outer loop
      vertex -1.25003 -92.8287 6
      vertex -1.06064 -92.9422 0
      vertex -1.25003 -92.8287 0
    endloop
  endfacet
  facet normal -0.941541 -0.336899 0
    outer loop
      vertex 2.15312 -90.3047 0
      vertex 2.07873 -90.0968 6
      vertex 2.07873 -90.0968 0
    endloop
  endfacet
  facet normal -0.941541 -0.336899 0
    outer loop
      vertex 2.07873 -90.0968 6
      vertex 2.15312 -90.3047 0
      vertex 2.15312 -90.3047 6
    endloop
  endfacet
  facet normal -0.336943 -0.941525 0
    outer loop
      vertex 0.65314 -88.8047 0
      vertex 0.861037 -88.8791 6
      vertex 0.65314 -88.8047 6
    endloop
  endfacet
  facet normal -0.336943 -0.941525 -0
    outer loop
      vertex 0.861037 -88.8791 6
      vertex 0.65314 -88.8047 0
      vertex 0.861037 -88.8791 0
    endloop
  endfacet
  facet normal 0.242762 0.970086 -0
    outer loop
      vertex -0.438952 -93.1646 0
      vertex -0.65314 -93.111 6
      vertex -0.438952 -93.1646 6
    endloop
  endfacet
  facet normal 0.242762 0.970086 0
    outer loop
      vertex -0.65314 -93.111 6
      vertex -0.438952 -93.1646 0
      vertex -0.65314 -93.111 0
    endloop
  endfacet
  facet normal 0.146736 -0.989176 0
    outer loop
      vertex -0.438952 -88.7511 0
      vertex -0.220538 -88.7187 6
      vertex -0.438952 -88.7511 6
    endloop
  endfacet
  facet normal 0.146736 -0.989176 0
    outer loop
      vertex -0.220538 -88.7187 6
      vertex -0.438952 -88.7511 0
      vertex -0.220538 -88.7187 0
    endloop
  endfacet
  facet normal -0.146736 0.989176 0
    outer loop
      vertex 0.438952 -93.1646 0
      vertex 0.220538 -93.197 6
      vertex 0.438952 -93.1646 6
    endloop
  endfacet
  facet normal -0.146736 0.989176 0
    outer loop
      vertex 0.220538 -93.197 6
      vertex 0.438952 -93.1646 0
      vertex 0.220538 -93.197 0
    endloop
  endfacet
  facet normal 0.740948 -0.671563 0
    outer loop
      vertex -1.73927 -89.5305 6
      vertex -1.59099 -89.3669 0
      vertex -1.59099 -89.3669 6
    endloop
  endfacet
  facet normal 0.740948 -0.671563 0
    outer loop
      vertex -1.59099 -89.3669 0
      vertex -1.73927 -89.5305 6
      vertex -1.73927 -89.5305 0
    endloop
  endfacet
  facet normal -0.427536 0.903998 0
    outer loop
      vertex 1.06064 -92.9422 0
      vertex 0.861037 -93.0366 6
      vertex 1.06064 -92.9422 6
    endloop
  endfacet
  facet normal -0.427536 0.903998 0
    outer loop
      vertex 0.861037 -93.0366 6
      vertex 1.06064 -92.9422 0
      vertex 0.861037 -93.0366 0
    endloop
  endfacet
  facet normal -0.741152 0.671338 0
    outer loop
      vertex 1.59099 -92.5489 0
      vertex 1.73927 -92.3852 6
      vertex 1.73927 -92.3852 0
    endloop
  endfacet
  facet normal -0.741152 0.671338 0
    outer loop
      vertex 1.73927 -92.3852 6
      vertex 1.59099 -92.5489 0
      vertex 1.59099 -92.5489 6
    endloop
  endfacet
  facet normal 0.146736 0.989176 -0
    outer loop
      vertex -0.220538 -93.197 0
      vertex -0.438952 -93.1646 6
      vertex -0.220538 -93.197 6
    endloop
  endfacet
  facet normal 0.146736 0.989176 0
    outer loop
      vertex -0.438952 -93.1646 6
      vertex -0.220538 -93.197 0
      vertex -0.438952 -93.1646 0
    endloop
  endfacet
  facet normal 0.427536 0.903998 -0
    outer loop
      vertex -0.861037 -93.0366 0
      vertex -1.06064 -92.9422 6
      vertex -0.861037 -93.0366 6
    endloop
  endfacet
  facet normal 0.427536 0.903998 0
    outer loop
      vertex -1.06064 -92.9422 6
      vertex -0.861037 -93.0366 0
      vertex -1.06064 -92.9422 0
    endloop
  endfacet
  facet normal -0.427536 -0.903998 0
    outer loop
      vertex 0.861037 -88.8791 0
      vertex 1.06064 -88.9735 6
      vertex 0.861037 -88.8791 6
    endloop
  endfacet
  facet normal -0.427536 -0.903998 -0
    outer loop
      vertex 1.06064 -88.9735 6
      vertex 0.861037 -88.8791 0
      vertex 1.06064 -88.9735 0
    endloop
  endfacet
  facet normal 0.970036 0.242962 0
    outer loop
      vertex -2.15312 -91.611 6
      vertex -2.20677 -91.3968 0
      vertex -2.20677 -91.3968 6
    endloop
  endfacet
  facet normal 0.970036 0.242962 0
    outer loop
      vertex -2.20677 -91.3968 0
      vertex -2.15312 -91.611 6
      vertex -2.15312 -91.611 0
    endloop
  endfacet
  facet normal -0.941541 0.336899 0
    outer loop
      vertex 2.07873 -91.8189 0
      vertex 2.15312 -91.611 6
      vertex 2.15312 -91.611 0
    endloop
  endfacet
  facet normal -0.941541 0.336899 0
    outer loop
      vertex 2.15312 -91.611 6
      vertex 2.07873 -91.8189 0
      vertex 2.07873 -91.8189 6
    endloop
  endfacet
  facet normal 0.427536 -0.903998 0
    outer loop
      vertex -1.06064 -88.9735 0
      vertex -0.861037 -88.8791 6
      vertex -1.06064 -88.9735 6
    endloop
  endfacet
  facet normal 0.427536 -0.903998 0
    outer loop
      vertex -0.861037 -88.8791 6
      vertex -1.06064 -88.9735 0
      vertex -0.861037 -88.8791 0
    endloop
  endfacet
  facet normal 0.336943 -0.941525 0
    outer loop
      vertex -0.861037 -88.8791 0
      vertex -0.65314 -88.8047 6
      vertex -0.861037 -88.8791 6
    endloop
  endfacet
  facet normal 0.336943 -0.941525 0
    outer loop
      vertex -0.65314 -88.8047 6
      vertex -0.861037 -88.8791 0
      vertex -0.65314 -88.8047 0
    endloop
  endfacet
  facet normal 0.595607 -0.803276 0
    outer loop
      vertex -1.42738 -89.2186 0
      vertex -1.25003 -89.0871 6
      vertex -1.42738 -89.2186 6
    endloop
  endfacet
  facet normal 0.595607 -0.803276 0
    outer loop
      vertex -1.25003 -89.0871 6
      vertex -1.42738 -89.2186 0
      vertex -1.25003 -89.0871 0
    endloop
  endfacet
  facet normal -0.242762 0.970086 0
    outer loop
      vertex 0.65314 -93.111 0
      vertex 0.438952 -93.1646 6
      vertex 0.65314 -93.111 6
    endloop
  endfacet
  facet normal -0.242762 0.970086 0
    outer loop
      vertex 0.438952 -93.1646 6
      vertex 0.65314 -93.111 0
      vertex 0.438952 -93.1646 0
    endloop
  endfacet
  facet normal 0.242762 -0.970086 0
    outer loop
      vertex -0.65314 -88.8047 0
      vertex -0.438952 -88.7511 6
      vertex -0.65314 -88.8047 6
    endloop
  endfacet
  facet normal 0.242762 -0.970086 0
    outer loop
      vertex -0.438952 -88.7511 6
      vertex -0.65314 -88.8047 0
      vertex -0.438952 -88.7511 0
    endloop
  endfacet
  facet normal -0.803109 -0.595832 0
    outer loop
      vertex 1.87081 -89.7078 0
      vertex 1.73927 -89.5305 6
      vertex 1.73927 -89.5305 0
    endloop
  endfacet
  facet normal -0.803109 -0.595832 0
    outer loop
      vertex 1.73927 -89.5305 6
      vertex 1.87081 -89.7078 0
      vertex 1.87081 -89.7078 6
    endloop
  endfacet
  facet normal 0.941541 0.336899 0
    outer loop
      vertex -2.07873 -91.8189 6
      vertex -2.15312 -91.611 0
      vertex -2.15312 -91.611 6
    endloop
  endfacet
  facet normal 0.941541 0.336899 0
    outer loop
      vertex -2.15312 -91.611 0
      vertex -2.07873 -91.8189 6
      vertex -2.07873 -91.8189 0
    endloop
  endfacet
  facet normal -0.998796 0.0490565 0
    outer loop
      vertex 2.23917 -91.1784 0
      vertex 2.25 -90.9579 6
      vertex 2.25 -90.9579 0
    endloop
  endfacet
  facet normal -0.998796 0.0490565 0
    outer loop
      vertex 2.25 -90.9579 6
      vertex 2.23917 -91.1784 0
      vertex 2.23917 -91.1784 6
    endloop
  endfacet
  facet normal -0.857753 0.514063 0
    outer loop
      vertex 1.87081 -92.2079 0
      vertex 1.98432 -92.0185 6
      vertex 1.98432 -92.0185 0
    endloop
  endfacet
  facet normal -0.857753 0.514063 0
    outer loop
      vertex 1.98432 -92.0185 6
      vertex 1.87081 -92.2079 0
      vertex 1.87081 -92.2079 6
    endloop
  endfacet
  facet normal -0.857753 -0.514063 0
    outer loop
      vertex 1.98432 -89.8972 0
      vertex 1.87081 -89.7078 6
      vertex 1.87081 -89.7078 0
    endloop
  endfacet
  facet normal -0.857753 -0.514063 0
    outer loop
      vertex 1.87081 -89.7078 6
      vertex 1.98432 -89.8972 0
      vertex 1.98432 -89.8972 6
    endloop
  endfacet
  facet normal 0.514383 -0.857561 0
    outer loop
      vertex -1.25003 -89.0871 0
      vertex -1.06064 -88.9735 6
      vertex -1.25003 -89.0871 6
    endloop
  endfacet
  facet normal 0.514383 -0.857561 0
    outer loop
      vertex -1.06064 -88.9735 6
      vertex -1.25003 -89.0871 0
      vertex -1.06064 -88.9735 0
    endloop
  endfacet
  facet normal -0.242762 -0.970086 0
    outer loop
      vertex 0.438952 -88.7511 0
      vertex 0.65314 -88.8047 6
      vertex 0.438952 -88.7511 6
    endloop
  endfacet
  facet normal -0.242762 -0.970086 -0
    outer loop
      vertex 0.65314 -88.8047 6
      vertex 0.438952 -88.7511 0
      vertex 0.65314 -88.8047 0
    endloop
  endfacet
  facet normal -0.970036 0.242962 0
    outer loop
      vertex 2.15312 -91.611 0
      vertex 2.20677 -91.3968 6
      vertex 2.20677 -91.3968 0
    endloop
  endfacet
  facet normal -0.970036 0.242962 0
    outer loop
      vertex 2.20677 -91.3968 6
      vertex 2.15312 -91.611 0
      vertex 2.15312 -91.611 6
    endloop
  endfacet
  facet normal 0.595899 0.80306 -0
    outer loop
      vertex -1.25003 -92.8287 0
      vertex -1.42738 -92.6971 6
      vertex -1.25003 -92.8287 6
    endloop
  endfacet
  facet normal 0.595899 0.80306 0
    outer loop
      vertex -1.42738 -92.6971 6
      vertex -1.25003 -92.8287 0
      vertex -1.42738 -92.6971 0
    endloop
  endfacet
  facet normal -0.595607 -0.803276 0
    outer loop
      vertex 1.25003 -89.0871 0
      vertex 1.42738 -89.2186 6
      vertex 1.25003 -89.0871 6
    endloop
  endfacet
  facet normal -0.595607 -0.803276 -0
    outer loop
      vertex 1.42738 -89.2186 6
      vertex 1.25003 -89.0871 0
      vertex 1.42738 -89.2186 0
    endloop
  endfacet
  facet normal -0.514383 -0.857561 0
    outer loop
      vertex 1.06064 -88.9735 0
      vertex 1.25003 -89.0871 6
      vertex 1.06064 -88.9735 6
    endloop
  endfacet
  facet normal -0.514383 -0.857561 -0
    outer loop
      vertex 1.25003 -89.0871 6
      vertex 1.06064 -88.9735 0
      vertex 1.25003 -89.0871 0
    endloop
  endfacet
  facet normal -0.0493643 0.998781 0
    outer loop
      vertex 0.220538 -93.197 0
      vertex 0 -93.2079 6
      vertex 0.220538 -93.197 6
    endloop
  endfacet
  facet normal -0.0493643 0.998781 0
    outer loop
      vertex 0 -93.2079 6
      vertex 0.220538 -93.197 0
      vertex 0 -93.2079 0
    endloop
  endfacet
  facet normal -0.803109 0.595832 0
    outer loop
      vertex 1.73927 -92.3852 0
      vertex 1.87081 -92.2079 6
      vertex 1.87081 -92.2079 0
    endloop
  endfacet
  facet normal -0.803109 0.595832 0
    outer loop
      vertex 1.87081 -92.2079 6
      vertex 1.73927 -92.3852 0
      vertex 1.73927 -92.3852 6
    endloop
  endfacet
  facet normal -0.903978 0.427578 0
    outer loop
      vertex 1.98432 -92.0185 0
      vertex 2.07873 -91.8189 6
      vertex 2.07873 -91.8189 0
    endloop
  endfacet
  facet normal -0.903978 0.427578 0
    outer loop
      vertex 2.07873 -91.8189 6
      vertex 1.98432 -92.0185 0
      vertex 1.98432 -92.0185 6
    endloop
  endfacet
  facet normal -0.740948 -0.671563 0
    outer loop
      vertex 1.73927 -89.5305 0
      vertex 1.59099 -89.3669 6
      vertex 1.59099 -89.3669 0
    endloop
  endfacet
  facet normal -0.740948 -0.671563 0
    outer loop
      vertex 1.59099 -89.3669 6
      vertex 1.73927 -89.5305 0
      vertex 1.73927 -89.5305 6
    endloop
  endfacet
  facet normal 0.0489125 -0.998803 0
    outer loop
      vertex -0.220538 -88.7187 0
      vertex 0 -88.7079 6
      vertex -0.220538 -88.7187 6
    endloop
  endfacet
  facet normal 0.0489125 -0.998803 0
    outer loop
      vertex 0 -88.7079 6
      vertex -0.220538 -88.7187 0
      vertex 0 -88.7079 0
    endloop
  endfacet
  facet normal 0.903978 0.427578 0
    outer loop
      vertex -1.98432 -92.0185 6
      vertex -2.07873 -91.8189 0
      vertex -2.07873 -91.8189 6
    endloop
  endfacet
  facet normal 0.903978 0.427578 0
    outer loop
      vertex -2.07873 -91.8189 0
      vertex -1.98432 -92.0185 6
      vertex -1.98432 -92.0185 0
    endloop
  endfacet
  facet normal -0.146736 -0.989176 0
    outer loop
      vertex 0.220538 -88.7187 0
      vertex 0.438952 -88.7511 6
      vertex 0.220538 -88.7187 6
    endloop
  endfacet
  facet normal -0.146736 -0.989176 -0
    outer loop
      vertex 0.438952 -88.7511 6
      vertex 0.220538 -88.7187 0
      vertex 0.438952 -88.7511 0
    endloop
  endfacet
  facet normal 0.989174 -0.146746 0
    outer loop
      vertex -2.23917 -90.7373 6
      vertex -2.20677 -90.5189 0
      vertex -2.20677 -90.5189 6
    endloop
  endfacet
  facet normal 0.989174 -0.146746 0
    outer loop
      vertex -2.20677 -90.5189 0
      vertex -2.23917 -90.7373 6
      vertex -2.23917 -90.7373 0
    endloop
  endfacet
  facet normal 0.671341 0.741148 -0
    outer loop
      vertex -1.42738 -92.6971 0
      vertex -1.59099 -92.5489 6
      vertex -1.42738 -92.6971 6
    endloop
  endfacet
  facet normal 0.671341 0.741148 0
    outer loop
      vertex -1.59099 -92.5489 6
      vertex -1.42738 -92.6971 0
      vertex -1.59099 -92.5489 0
    endloop
  endfacet
  facet normal -0.903978 -0.427578 0
    outer loop
      vertex 2.07873 -90.0968 0
      vertex 1.98432 -89.8972 6
      vertex 1.98432 -89.8972 0
    endloop
  endfacet
  facet normal -0.903978 -0.427578 0
    outer loop
      vertex 1.98432 -89.8972 6
      vertex 2.07873 -90.0968 0
      vertex 2.07873 -90.0968 6
    endloop
  endfacet
  facet normal -0.595899 0.80306 0
    outer loop
      vertex 1.42738 -92.6971 0
      vertex 1.25003 -92.8287 6
      vertex 1.42738 -92.6971 6
    endloop
  endfacet
  facet normal -0.595899 0.80306 0
    outer loop
      vertex 1.25003 -92.8287 6
      vertex 1.42738 -92.6971 0
      vertex 1.25003 -92.8287 0
    endloop
  endfacet
  facet normal -0.989174 0.146746 0
    outer loop
      vertex 2.20677 -91.3968 0
      vertex 2.23917 -91.1784 6
      vertex 2.23917 -91.1784 0
    endloop
  endfacet
  facet normal -0.989174 0.146746 0
    outer loop
      vertex 2.23917 -91.1784 6
      vertex 2.20677 -91.3968 0
      vertex 2.20677 -91.3968 6
    endloop
  endfacet
  facet normal 0.67159 -0.740923 0
    outer loop
      vertex -1.59099 -89.3669 0
      vertex -1.42738 -89.2186 6
      vertex -1.59099 -89.3669 6
    endloop
  endfacet
  facet normal 0.67159 -0.740923 0
    outer loop
      vertex -1.42738 -89.2186 6
      vertex -1.59099 -89.3669 0
      vertex -1.42738 -89.2186 0
    endloop
  endfacet
  facet normal 0.857753 0.514063 0
    outer loop
      vertex -1.87081 -92.2079 6
      vertex -1.98432 -92.0185 0
      vertex -1.98432 -92.0185 6
    endloop
  endfacet
  facet normal 0.857753 0.514063 0
    outer loop
      vertex -1.98432 -92.0185 0
      vertex -1.87081 -92.2079 6
      vertex -1.87081 -92.2079 0
    endloop
  endfacet
  facet normal 0.741152 0.671338 0
    outer loop
      vertex -1.59099 -92.5489 6
      vertex -1.73927 -92.3852 0
      vertex -1.73927 -92.3852 6
    endloop
  endfacet
  facet normal 0.741152 0.671338 0
    outer loop
      vertex -1.73927 -92.3852 0
      vertex -1.59099 -92.5489 6
      vertex -1.59099 -92.5489 0
    endloop
  endfacet
  facet normal 0.941541 -0.336899 0
    outer loop
      vertex -2.15312 -90.3047 6
      vertex -2.07873 -90.0968 0
      vertex -2.07873 -90.0968 6
    endloop
  endfacet
  facet normal 0.941541 -0.336899 0
    outer loop
      vertex -2.07873 -90.0968 0
      vertex -2.15312 -90.3047 6
      vertex -2.15312 -90.3047 0
    endloop
  endfacet
  facet normal 0.989174 0.146746 0
    outer loop
      vertex -2.20677 -91.3968 6
      vertex -2.23917 -91.1784 0
      vertex -2.23917 -91.1784 6
    endloop
  endfacet
  facet normal 0.989174 0.146746 0
    outer loop
      vertex -2.23917 -91.1784 0
      vertex -2.20677 -91.3968 6
      vertex -2.20677 -91.3968 0
    endloop
  endfacet
  facet normal 0.803109 0.595832 0
    outer loop
      vertex -1.73927 -92.3852 6
      vertex -1.87081 -92.2079 0
      vertex -1.87081 -92.2079 6
    endloop
  endfacet
  facet normal 0.803109 0.595832 0
    outer loop
      vertex -1.87081 -92.2079 0
      vertex -1.73927 -92.3852 6
      vertex -1.73927 -92.3852 0
    endloop
  endfacet
  facet normal -0.336943 0.941525 0
    outer loop
      vertex 0.861037 -93.0366 0
      vertex 0.65314 -93.111 6
      vertex 0.861037 -93.0366 6
    endloop
  endfacet
  facet normal -0.336943 0.941525 0
    outer loop
      vertex 0.65314 -93.111 6
      vertex 0.861037 -93.0366 0
      vertex 0.65314 -93.111 0
    endloop
  endfacet
  facet normal 0.857753 -0.514063 0
    outer loop
      vertex -1.98432 -89.8972 6
      vertex -1.87081 -89.7078 0
      vertex -1.87081 -89.7078 6
    endloop
  endfacet
  facet normal 0.857753 -0.514063 0
    outer loop
      vertex -1.87081 -89.7078 0
      vertex -1.98432 -89.8972 6
      vertex -1.98432 -89.8972 0
    endloop
  endfacet
  facet normal 0.998796 0.0490565 0
    outer loop
      vertex -2.23917 -91.1784 6
      vertex -2.25 -90.9579 0
      vertex -2.25 -90.9579 6
    endloop
  endfacet
  facet normal 0.998796 0.0490565 0
    outer loop
      vertex -2.25 -90.9579 0
      vertex -2.23917 -91.1784 6
      vertex -2.23917 -91.1784 0
    endloop
  endfacet
  facet normal -0.67159 -0.740923 0
    outer loop
      vertex 1.42738 -89.2186 0
      vertex 1.59099 -89.3669 6
      vertex 1.42738 -89.2186 6
    endloop
  endfacet
  facet normal -0.67159 -0.740923 -0
    outer loop
      vertex 1.59099 -89.3669 6
      vertex 1.42738 -89.2186 0
      vertex 1.59099 -89.3669 0
    endloop
  endfacet
  facet normal -0.514049 0.857761 0
    outer loop
      vertex 1.25003 -92.8287 0
      vertex 1.06064 -92.9422 6
      vertex 1.25003 -92.8287 6
    endloop
  endfacet
  facet normal -0.514049 0.857761 0
    outer loop
      vertex 1.06064 -92.9422 6
      vertex 1.25003 -92.8287 0
      vertex 1.06064 -92.9422 0
    endloop
  endfacet
  facet normal 0.803109 -0.595832 0
    outer loop
      vertex -1.87081 -89.7078 6
      vertex -1.73927 -89.5305 0
      vertex -1.73927 -89.5305 6
    endloop
  endfacet
  facet normal 0.803109 -0.595832 0
    outer loop
      vertex -1.73927 -89.5305 0
      vertex -1.87081 -89.7078 6
      vertex -1.87081 -89.7078 0
    endloop
  endfacet
  facet normal 0.970036 -0.242962 0
    outer loop
      vertex -2.20677 -90.5189 6
      vertex -2.15312 -90.3047 0
      vertex -2.15312 -90.3047 6
    endloop
  endfacet
  facet normal 0.970036 -0.242962 0
    outer loop
      vertex -2.15312 -90.3047 0
      vertex -2.20677 -90.5189 6
      vertex -2.20677 -90.5189 0
    endloop
  endfacet
  facet normal 0.336943 0.941525 -0
    outer loop
      vertex -0.65314 -93.111 0
      vertex -0.861037 -93.0366 6
      vertex -0.65314 -93.111 6
    endloop
  endfacet
  facet normal 0.336943 0.941525 0
    outer loop
      vertex -0.861037 -93.0366 6
      vertex -0.65314 -93.111 0
      vertex -0.861037 -93.0366 0
    endloop
  endfacet
  facet normal 0.903978 -0.427578 0
    outer loop
      vertex -2.07873 -90.0968 6
      vertex -1.98432 -89.8972 0
      vertex -1.98432 -89.8972 6
    endloop
  endfacet
  facet normal 0.903978 -0.427578 0
    outer loop
      vertex -1.98432 -89.8972 0
      vertex -2.07873 -90.0968 6
      vertex -2.07873 -90.0968 0
    endloop
  endfacet
  facet normal 0.0493643 0.998781 -0
    outer loop
      vertex 0 -93.2079 0
      vertex -0.220538 -93.197 6
      vertex 0 -93.2079 6
    endloop
  endfacet
  facet normal 0.0493643 0.998781 0
    outer loop
      vertex -0.220538 -93.197 6
      vertex 0 -93.2079 0
      vertex -0.220538 -93.197 0
    endloop
  endfacet
  facet normal 0.998797 -0.0490343 0
    outer loop
      vertex -2.25 -90.9579 6
      vertex -2.23917 -90.7373 0
      vertex -2.23917 -90.7373 6
    endloop
  endfacet
  facet normal 0.998797 -0.0490343 0
    outer loop
      vertex -2.23917 -90.7373 0
      vertex -2.25 -90.9579 6
      vertex -2.25 -90.9579 0
    endloop
  endfacet
  facet normal -0.671341 0.741148 0
    outer loop
      vertex 1.59099 -92.5489 0
      vertex 1.42738 -92.6971 6
      vertex 1.59099 -92.5489 6
    endloop
  endfacet
  facet normal -0.671341 0.741148 0
    outer loop
      vertex 1.42738 -92.6971 6
      vertex 1.59099 -92.5489 0
      vertex 1.42738 -92.6971 0
    endloop
  endfacet
  facet normal 0.336943 0.941525 -0
    outer loop
      vertex -0.65314 88.8047 0
      vertex -0.861037 88.8791 6
      vertex -0.65314 88.8047 6
    endloop
  endfacet
  facet normal 0.336943 0.941525 0
    outer loop
      vertex -0.861037 88.8791 6
      vertex -0.65314 88.8047 0
      vertex -0.861037 88.8791 0
    endloop
  endfacet
  facet normal 0.595899 -0.80306 0
    outer loop
      vertex -1.42738 92.6971 0
      vertex -1.25003 92.8287 6
      vertex -1.42738 92.6971 6
    endloop
  endfacet
  facet normal 0.595899 -0.80306 0
    outer loop
      vertex -1.25003 92.8287 6
      vertex -1.42738 92.6971 0
      vertex -1.25003 92.8287 0
    endloop
  endfacet
  facet normal -0.989174 -0.146746 0
    outer loop
      vertex 2.23917 91.1784 0
      vertex 2.20677 91.3968 6
      vertex 2.20677 91.3968 0
    endloop
  endfacet
  facet normal -0.989174 -0.146746 0
    outer loop
      vertex 2.20677 91.3968 6
      vertex 2.23917 91.1784 0
      vertex 2.23917 91.1784 6
    endloop
  endfacet
  facet normal -0.998796 -0.0490565 0
    outer loop
      vertex 2.25 90.9579 0
      vertex 2.23917 91.1784 6
      vertex 2.23917 91.1784 0
    endloop
  endfacet
  facet normal -0.998796 -0.0490565 0
    outer loop
      vertex 2.23917 91.1784 6
      vertex 2.25 90.9579 0
      vertex 2.25 90.9579 6
    endloop
  endfacet
  facet normal -0.970036 -0.242962 0
    outer loop
      vertex 2.20677 91.3968 0
      vertex 2.15312 91.611 6
      vertex 2.15312 91.611 0
    endloop
  endfacet
  facet normal -0.970036 -0.242962 0
    outer loop
      vertex 2.15312 91.611 6
      vertex 2.20677 91.3968 0
      vertex 2.20677 91.3968 6
    endloop
  endfacet
  facet normal -0.146736 -0.989176 0
    outer loop
      vertex 0.220538 93.197 0
      vertex 0.438952 93.1646 6
      vertex 0.220538 93.197 6
    endloop
  endfacet
  facet normal -0.146736 -0.989176 -0
    outer loop
      vertex 0.438952 93.1646 6
      vertex 0.220538 93.197 0
      vertex 0.438952 93.1646 0
    endloop
  endfacet
  facet normal 0.146736 -0.989176 0
    outer loop
      vertex -0.438952 93.1646 0
      vertex -0.220538 93.197 6
      vertex -0.438952 93.1646 6
    endloop
  endfacet
  facet normal 0.146736 -0.989176 0
    outer loop
      vertex -0.220538 93.197 6
      vertex -0.438952 93.1646 0
      vertex -0.220538 93.197 0
    endloop
  endfacet
  facet normal -0.803109 -0.595832 0
    outer loop
      vertex 1.87081 92.2079 0
      vertex 1.73927 92.3852 6
      vertex 1.73927 92.3852 0
    endloop
  endfacet
  facet normal -0.803109 -0.595832 0
    outer loop
      vertex 1.73927 92.3852 6
      vertex 1.87081 92.2079 0
      vertex 1.87081 92.2079 6
    endloop
  endfacet
  facet normal -0.514383 0.857561 0
    outer loop
      vertex 1.25003 89.0871 0
      vertex 1.06064 88.9735 6
      vertex 1.25003 89.0871 6
    endloop
  endfacet
  facet normal -0.514383 0.857561 0
    outer loop
      vertex 1.06064 88.9735 6
      vertex 1.25003 89.0871 0
      vertex 1.06064 88.9735 0
    endloop
  endfacet
  facet normal -0.595899 -0.80306 0
    outer loop
      vertex 1.25003 92.8287 0
      vertex 1.42738 92.6971 6
      vertex 1.25003 92.8287 6
    endloop
  endfacet
  facet normal -0.595899 -0.80306 -0
    outer loop
      vertex 1.42738 92.6971 6
      vertex 1.25003 92.8287 0
      vertex 1.42738 92.6971 0
    endloop
  endfacet
  facet normal -0.998797 0.0490343 0
    outer loop
      vertex 2.23917 90.7373 0
      vertex 2.25 90.9579 6
      vertex 2.25 90.9579 0
    endloop
  endfacet
  facet normal -0.998797 0.0490343 0
    outer loop
      vertex 2.25 90.9579 6
      vertex 2.23917 90.7373 0
      vertex 2.23917 90.7373 6
    endloop
  endfacet
  facet normal 0.242762 -0.970086 0
    outer loop
      vertex -0.65314 93.111 0
      vertex -0.438952 93.1646 6
      vertex -0.65314 93.111 6
    endloop
  endfacet
  facet normal 0.242762 -0.970086 0
    outer loop
      vertex -0.438952 93.1646 6
      vertex -0.65314 93.111 0
      vertex -0.438952 93.1646 0
    endloop
  endfacet
  facet normal -0.427536 -0.903998 0
    outer loop
      vertex 0.861037 93.0366 0
      vertex 1.06064 92.9422 6
      vertex 0.861037 93.0366 6
    endloop
  endfacet
  facet normal -0.427536 -0.903998 -0
    outer loop
      vertex 1.06064 92.9422 6
      vertex 0.861037 93.0366 0
      vertex 1.06064 92.9422 0
    endloop
  endfacet
  facet normal 0.242762 0.970086 -0
    outer loop
      vertex -0.438952 88.7511 0
      vertex -0.65314 88.8047 6
      vertex -0.438952 88.7511 6
    endloop
  endfacet
  facet normal 0.242762 0.970086 0
    outer loop
      vertex -0.65314 88.8047 6
      vertex -0.438952 88.7511 0
      vertex -0.65314 88.8047 0
    endloop
  endfacet
  facet normal 0.989174 0.146746 0
    outer loop
      vertex -2.20677 90.5189 6
      vertex -2.23917 90.7373 0
      vertex -2.23917 90.7373 6
    endloop
  endfacet
  facet normal 0.989174 0.146746 0
    outer loop
      vertex -2.23917 90.7373 0
      vertex -2.20677 90.5189 6
      vertex -2.20677 90.5189 0
    endloop
  endfacet
  facet normal -0.67159 0.740923 0
    outer loop
      vertex 1.59099 89.3669 0
      vertex 1.42738 89.2186 6
      vertex 1.59099 89.3669 6
    endloop
  endfacet
  facet normal -0.67159 0.740923 0
    outer loop
      vertex 1.42738 89.2186 6
      vertex 1.59099 89.3669 0
      vertex 1.42738 89.2186 0
    endloop
  endfacet
  facet normal 0.427536 -0.903998 0
    outer loop
      vertex -1.06064 92.9422 0
      vertex -0.861037 93.0366 6
      vertex -1.06064 92.9422 6
    endloop
  endfacet
  facet normal 0.427536 -0.903998 0
    outer loop
      vertex -0.861037 93.0366 6
      vertex -1.06064 92.9422 0
      vertex -0.861037 93.0366 0
    endloop
  endfacet
  facet normal -0.336943 0.941525 0
    outer loop
      vertex 0.861037 88.8791 0
      vertex 0.65314 88.8047 6
      vertex 0.861037 88.8791 6
    endloop
  endfacet
  facet normal -0.336943 0.941525 0
    outer loop
      vertex 0.65314 88.8047 6
      vertex 0.861037 88.8791 0
      vertex 0.65314 88.8047 0
    endloop
  endfacet
  facet normal 0.903978 -0.427578 0
    outer loop
      vertex -2.07873 91.8189 6
      vertex -1.98432 92.0185 0
      vertex -1.98432 92.0185 6
    endloop
  endfacet
  facet normal 0.903978 -0.427578 0
    outer loop
      vertex -1.98432 92.0185 0
      vertex -2.07873 91.8189 6
      vertex -2.07873 91.8189 0
    endloop
  endfacet
  facet normal 0.803109 0.595832 0
    outer loop
      vertex -1.73927 89.5305 6
      vertex -1.87081 89.7078 0
      vertex -1.87081 89.7078 6
    endloop
  endfacet
  facet normal 0.803109 0.595832 0
    outer loop
      vertex -1.87081 89.7078 0
      vertex -1.73927 89.5305 6
      vertex -1.73927 89.5305 0
    endloop
  endfacet
  facet normal 0.514383 0.857561 -0
    outer loop
      vertex -1.06064 88.9735 0
      vertex -1.25003 89.0871 6
      vertex -1.06064 88.9735 6
    endloop
  endfacet
  facet normal 0.514383 0.857561 0
    outer loop
      vertex -1.25003 89.0871 6
      vertex -1.06064 88.9735 0
      vertex -1.25003 89.0871 0
    endloop
  endfacet
  facet normal -0.803109 0.595832 0
    outer loop
      vertex 1.73927 89.5305 0
      vertex 1.87081 89.7078 6
      vertex 1.87081 89.7078 0
    endloop
  endfacet
  facet normal -0.803109 0.595832 0
    outer loop
      vertex 1.87081 89.7078 6
      vertex 1.73927 89.5305 0
      vertex 1.73927 89.5305 6
    endloop
  endfacet
  facet normal 0.514049 -0.857761 0
    outer loop
      vertex -1.25003 92.8287 0
      vertex -1.06064 92.9422 6
      vertex -1.25003 92.8287 6
    endloop
  endfacet
  facet normal 0.514049 -0.857761 0
    outer loop
      vertex -1.06064 92.9422 6
      vertex -1.25003 92.8287 0
      vertex -1.06064 92.9422 0
    endloop
  endfacet
  facet normal 0.427536 0.903998 -0
    outer loop
      vertex -0.861037 88.8791 0
      vertex -1.06064 88.9735 6
      vertex -0.861037 88.8791 6
    endloop
  endfacet
  facet normal 0.427536 0.903998 0
    outer loop
      vertex -1.06064 88.9735 6
      vertex -0.861037 88.8791 0
      vertex -1.06064 88.9735 0
    endloop
  endfacet
  facet normal 0.595607 0.803276 -0
    outer loop
      vertex -1.25003 89.0871 0
      vertex -1.42738 89.2186 6
      vertex -1.25003 89.0871 6
    endloop
  endfacet
  facet normal 0.595607 0.803276 0
    outer loop
      vertex -1.42738 89.2186 6
      vertex -1.25003 89.0871 0
      vertex -1.42738 89.2186 0
    endloop
  endfacet
  facet normal -0.336943 -0.941525 0
    outer loop
      vertex 0.65314 93.111 0
      vertex 0.861037 93.0366 6
      vertex 0.65314 93.111 6
    endloop
  endfacet
  facet normal -0.336943 -0.941525 -0
    outer loop
      vertex 0.861037 93.0366 6
      vertex 0.65314 93.111 0
      vertex 0.861037 93.0366 0
    endloop
  endfacet
  facet normal 0.740948 0.671563 0
    outer loop
      vertex -1.59099 89.3669 6
      vertex -1.73927 89.5305 0
      vertex -1.73927 89.5305 6
    endloop
  endfacet
  facet normal 0.740948 0.671563 0
    outer loop
      vertex -1.73927 89.5305 0
      vertex -1.59099 89.3669 6
      vertex -1.59099 89.3669 0
    endloop
  endfacet
  facet normal 0.336943 -0.941525 0
    outer loop
      vertex -0.861037 93.0366 0
      vertex -0.65314 93.111 6
      vertex -0.861037 93.0366 6
    endloop
  endfacet
  facet normal 0.336943 -0.941525 0
    outer loop
      vertex -0.65314 93.111 6
      vertex -0.861037 93.0366 0
      vertex -0.65314 93.111 0
    endloop
  endfacet
  facet normal 0.903978 0.427578 0
    outer loop
      vertex -1.98432 89.8972 6
      vertex -2.07873 90.0968 0
      vertex -2.07873 90.0968 6
    endloop
  endfacet
  facet normal 0.903978 0.427578 0
    outer loop
      vertex -2.07873 90.0968 0
      vertex -1.98432 89.8972 6
      vertex -1.98432 89.8972 0
    endloop
  endfacet
  facet normal 0.941541 0.336899 0
    outer loop
      vertex -2.07873 90.0968 6
      vertex -2.15312 90.3047 0
      vertex -2.15312 90.3047 6
    endloop
  endfacet
  facet normal 0.941541 0.336899 0
    outer loop
      vertex -2.15312 90.3047 0
      vertex -2.07873 90.0968 6
      vertex -2.07873 90.0968 0
    endloop
  endfacet
  facet normal -0.903978 -0.427578 0
    outer loop
      vertex 2.07873 91.8189 0
      vertex 1.98432 92.0185 6
      vertex 1.98432 92.0185 0
    endloop
  endfacet
  facet normal -0.903978 -0.427578 0
    outer loop
      vertex 1.98432 92.0185 6
      vertex 2.07873 91.8189 0
      vertex 2.07873 91.8189 6
    endloop
  endfacet
  facet normal 0.970036 0.242962 0
    outer loop
      vertex -2.15312 90.3047 6
      vertex -2.20677 90.5189 0
      vertex -2.20677 90.5189 6
    endloop
  endfacet
  facet normal 0.970036 0.242962 0
    outer loop
      vertex -2.20677 90.5189 0
      vertex -2.15312 90.3047 6
      vertex -2.15312 90.3047 0
    endloop
  endfacet
  facet normal -0.671341 -0.741148 0
    outer loop
      vertex 1.42738 92.6971 0
      vertex 1.59099 92.5489 6
      vertex 1.42738 92.6971 6
    endloop
  endfacet
  facet normal -0.671341 -0.741148 -0
    outer loop
      vertex 1.59099 92.5489 6
      vertex 1.42738 92.6971 0
      vertex 1.59099 92.5489 0
    endloop
  endfacet
  facet normal -0.970036 0.242962 0
    outer loop
      vertex 2.15312 90.3047 0
      vertex 2.20677 90.5189 6
      vertex 2.20677 90.5189 0
    endloop
  endfacet
  facet normal -0.970036 0.242962 0
    outer loop
      vertex 2.20677 90.5189 6
      vertex 2.15312 90.3047 0
      vertex 2.15312 90.3047 6
    endloop
  endfacet
  facet normal -0.740948 0.671563 0
    outer loop
      vertex 1.59099 89.3669 0
      vertex 1.73927 89.5305 6
      vertex 1.73927 89.5305 0
    endloop
  endfacet
  facet normal -0.740948 0.671563 0
    outer loop
      vertex 1.73927 89.5305 6
      vertex 1.59099 89.3669 0
      vertex 1.59099 89.3669 6
    endloop
  endfacet
  facet normal -0.146736 0.989176 0
    outer loop
      vertex 0.438952 88.7511 0
      vertex 0.220538 88.7187 6
      vertex 0.438952 88.7511 6
    endloop
  endfacet
  facet normal -0.146736 0.989176 0
    outer loop
      vertex 0.220538 88.7187 6
      vertex 0.438952 88.7511 0
      vertex 0.220538 88.7187 0
    endloop
  endfacet
  facet normal 0.989174 -0.146746 0
    outer loop
      vertex -2.23917 91.1784 6
      vertex -2.20677 91.3968 0
      vertex -2.20677 91.3968 6
    endloop
  endfacet
  facet normal 0.989174 -0.146746 0
    outer loop
      vertex -2.20677 91.3968 0
      vertex -2.23917 91.1784 6
      vertex -2.23917 91.1784 0
    endloop
  endfacet
  facet normal -0.514049 -0.857761 0
    outer loop
      vertex 1.06064 92.9422 0
      vertex 1.25003 92.8287 6
      vertex 1.06064 92.9422 6
    endloop
  endfacet
  facet normal -0.514049 -0.857761 -0
    outer loop
      vertex 1.25003 92.8287 6
      vertex 1.06064 92.9422 0
      vertex 1.25003 92.8287 0
    endloop
  endfacet
  facet normal 0.970036 -0.242962 0
    outer loop
      vertex -2.20677 91.3968 6
      vertex -2.15312 91.611 0
      vertex -2.15312 91.611 6
    endloop
  endfacet
  facet normal 0.970036 -0.242962 0
    outer loop
      vertex -2.15312 91.611 0
      vertex -2.20677 91.3968 6
      vertex -2.20677 91.3968 0
    endloop
  endfacet
  facet normal -0.941541 -0.336899 0
    outer loop
      vertex 2.15312 91.611 0
      vertex 2.07873 91.8189 6
      vertex 2.07873 91.8189 0
    endloop
  endfacet
  facet normal -0.941541 -0.336899 0
    outer loop
      vertex 2.07873 91.8189 6
      vertex 2.15312 91.611 0
      vertex 2.15312 91.611 6
    endloop
  endfacet
  facet normal -0.242762 -0.970086 0
    outer loop
      vertex 0.438952 93.1646 0
      vertex 0.65314 93.111 6
      vertex 0.438952 93.1646 6
    endloop
  endfacet
  facet normal -0.242762 -0.970086 -0
    outer loop
      vertex 0.65314 93.111 6
      vertex 0.438952 93.1646 0
      vertex 0.65314 93.111 0
    endloop
  endfacet
  facet normal -0.0493643 -0.998781 0
    outer loop
      vertex 0 93.2079 0
      vertex 0.220538 93.197 6
      vertex 0 93.2079 6
    endloop
  endfacet
  facet normal -0.0493643 -0.998781 -0
    outer loop
      vertex 0.220538 93.197 6
      vertex 0 93.2079 0
      vertex 0.220538 93.197 0
    endloop
  endfacet
  facet normal -0.427536 0.903998 0
    outer loop
      vertex 1.06064 88.9735 0
      vertex 0.861037 88.8791 6
      vertex 1.06064 88.9735 6
    endloop
  endfacet
  facet normal -0.427536 0.903998 0
    outer loop
      vertex 0.861037 88.8791 6
      vertex 1.06064 88.9735 0
      vertex 0.861037 88.8791 0
    endloop
  endfacet
  facet normal 0.0493643 -0.998781 0
    outer loop
      vertex -0.220538 93.197 0
      vertex 0 93.2079 6
      vertex -0.220538 93.197 6
    endloop
  endfacet
  facet normal 0.0493643 -0.998781 0
    outer loop
      vertex 0 93.2079 6
      vertex -0.220538 93.197 0
      vertex 0 93.2079 0
    endloop
  endfacet
  facet normal -0.989174 0.146746 0
    outer loop
      vertex 2.20677 90.5189 0
      vertex 2.23917 90.7373 6
      vertex 2.23917 90.7373 0
    endloop
  endfacet
  facet normal -0.989174 0.146746 0
    outer loop
      vertex 2.23917 90.7373 6
      vertex 2.20677 90.5189 0
      vertex 2.20677 90.5189 6
    endloop
  endfacet
  facet normal -0.857753 -0.514063 0
    outer loop
      vertex 1.98432 92.0185 0
      vertex 1.87081 92.2079 6
      vertex 1.87081 92.2079 0
    endloop
  endfacet
  facet normal -0.857753 -0.514063 0
    outer loop
      vertex 1.87081 92.2079 6
      vertex 1.98432 92.0185 0
      vertex 1.98432 92.0185 6
    endloop
  endfacet
  facet normal 0.671341 -0.741148 0
    outer loop
      vertex -1.59099 92.5489 0
      vertex -1.42738 92.6971 6
      vertex -1.59099 92.5489 6
    endloop
  endfacet
  facet normal 0.671341 -0.741148 0
    outer loop
      vertex -1.42738 92.6971 6
      vertex -1.59099 92.5489 0
      vertex -1.42738 92.6971 0
    endloop
  endfacet
  facet normal -0.242762 0.970086 0
    outer loop
      vertex 0.65314 88.8047 0
      vertex 0.438952 88.7511 6
      vertex 0.65314 88.8047 6
    endloop
  endfacet
  facet normal -0.242762 0.970086 0
    outer loop
      vertex 0.438952 88.7511 6
      vertex 0.65314 88.8047 0
      vertex 0.438952 88.7511 0
    endloop
  endfacet
  facet normal 0.0489125 0.998803 -0
    outer loop
      vertex 0 88.7079 0
      vertex -0.220538 88.7187 6
      vertex 0 88.7079 6
    endloop
  endfacet
  facet normal 0.0489125 0.998803 0
    outer loop
      vertex -0.220538 88.7187 6
      vertex 0 88.7079 0
      vertex -0.220538 88.7187 0
    endloop
  endfacet
  facet normal 0.741152 -0.671338 0
    outer loop
      vertex -1.73927 92.3852 6
      vertex -1.59099 92.5489 0
      vertex -1.59099 92.5489 6
    endloop
  endfacet
  facet normal 0.741152 -0.671338 0
    outer loop
      vertex -1.59099 92.5489 0
      vertex -1.73927 92.3852 6
      vertex -1.73927 92.3852 0
    endloop
  endfacet
  facet normal 0.941541 -0.336899 0
    outer loop
      vertex -2.15312 91.611 6
      vertex -2.07873 91.8189 0
      vertex -2.07873 91.8189 6
    endloop
  endfacet
  facet normal 0.941541 -0.336899 0
    outer loop
      vertex -2.07873 91.8189 0
      vertex -2.15312 91.611 6
      vertex -2.15312 91.611 0
    endloop
  endfacet
  facet normal -0.903978 0.427578 0
    outer loop
      vertex 1.98432 89.8972 0
      vertex 2.07873 90.0968 6
      vertex 2.07873 90.0968 0
    endloop
  endfacet
  facet normal -0.903978 0.427578 0
    outer loop
      vertex 2.07873 90.0968 6
      vertex 1.98432 89.8972 0
      vertex 1.98432 89.8972 6
    endloop
  endfacet
  facet normal -0.0489125 0.998803 0
    outer loop
      vertex 0.220538 88.7187 0
      vertex 0 88.7079 6
      vertex 0.220538 88.7187 6
    endloop
  endfacet
  facet normal -0.0489125 0.998803 0
    outer loop
      vertex 0 88.7079 6
      vertex 0.220538 88.7187 0
      vertex 0 88.7079 0
    endloop
  endfacet
  facet normal 0.67159 0.740923 -0
    outer loop
      vertex -1.42738 89.2186 0
      vertex -1.59099 89.3669 6
      vertex -1.42738 89.2186 6
    endloop
  endfacet
  facet normal 0.67159 0.740923 0
    outer loop
      vertex -1.59099 89.3669 6
      vertex -1.42738 89.2186 0
      vertex -1.59099 89.3669 0
    endloop
  endfacet
  facet normal -0.941541 0.336899 0
    outer loop
      vertex 2.07873 90.0968 0
      vertex 2.15312 90.3047 6
      vertex 2.15312 90.3047 0
    endloop
  endfacet
  facet normal -0.941541 0.336899 0
    outer loop
      vertex 2.15312 90.3047 6
      vertex 2.07873 90.0968 0
      vertex 2.07873 90.0968 6
    endloop
  endfacet
  facet normal 0.998796 -0.0490565 0
    outer loop
      vertex -2.25 90.9579 6
      vertex -2.23917 91.1784 0
      vertex -2.23917 91.1784 6
    endloop
  endfacet
  facet normal 0.998796 -0.0490565 0
    outer loop
      vertex -2.23917 91.1784 0
      vertex -2.25 90.9579 6
      vertex -2.25 90.9579 0
    endloop
  endfacet
  facet normal -0.741152 -0.671338 0
    outer loop
      vertex 1.73927 92.3852 0
      vertex 1.59099 92.5489 6
      vertex 1.59099 92.5489 0
    endloop
  endfacet
  facet normal -0.741152 -0.671338 0
    outer loop
      vertex 1.59099 92.5489 6
      vertex 1.73927 92.3852 0
      vertex 1.73927 92.3852 6
    endloop
  endfacet
  facet normal -0.595607 0.803276 0
    outer loop
      vertex 1.42738 89.2186 0
      vertex 1.25003 89.0871 6
      vertex 1.42738 89.2186 6
    endloop
  endfacet
  facet normal -0.595607 0.803276 0
    outer loop
      vertex 1.25003 89.0871 6
      vertex 1.42738 89.2186 0
      vertex 1.25003 89.0871 0
    endloop
  endfacet
  facet normal -0.857753 0.514063 0
    outer loop
      vertex 1.87081 89.7078 0
      vertex 1.98432 89.8972 6
      vertex 1.98432 89.8972 0
    endloop
  endfacet
  facet normal -0.857753 0.514063 0
    outer loop
      vertex 1.98432 89.8972 6
      vertex 1.87081 89.7078 0
      vertex 1.87081 89.7078 6
    endloop
  endfacet
  facet normal 0.857753 -0.514063 0
    outer loop
      vertex -1.98432 92.0185 6
      vertex -1.87081 92.2079 0
      vertex -1.87081 92.2079 6
    endloop
  endfacet
  facet normal 0.857753 -0.514063 0
    outer loop
      vertex -1.87081 92.2079 0
      vertex -1.98432 92.0185 6
      vertex -1.98432 92.0185 0
    endloop
  endfacet
  facet normal 0.857753 0.514063 0
    outer loop
      vertex -1.87081 89.7078 6
      vertex -1.98432 89.8972 0
      vertex -1.98432 89.8972 6
    endloop
  endfacet
  facet normal 0.857753 0.514063 0
    outer loop
      vertex -1.98432 89.8972 0
      vertex -1.87081 89.7078 6
      vertex -1.87081 89.7078 0
    endloop
  endfacet
  facet normal 0.998797 0.0490343 0
    outer loop
      vertex -2.23917 90.7373 6
      vertex -2.25 90.9579 0
      vertex -2.25 90.9579 6
    endloop
  endfacet
  facet normal 0.998797 0.0490343 0
    outer loop
      vertex -2.25 90.9579 0
      vertex -2.23917 90.7373 6
      vertex -2.23917 90.7373 0
    endloop
  endfacet
  facet normal 0.146736 0.989176 -0
    outer loop
      vertex -0.220538 88.7187 0
      vertex -0.438952 88.7511 6
      vertex -0.220538 88.7187 6
    endloop
  endfacet
  facet normal 0.146736 0.989176 0
    outer loop
      vertex -0.438952 88.7511 6
      vertex -0.220538 88.7187 0
      vertex -0.438952 88.7511 0
    endloop
  endfacet
  facet normal 0.803109 -0.595832 0
    outer loop
      vertex -1.87081 92.2079 6
      vertex -1.73927 92.3852 0
      vertex -1.73927 92.3852 6
    endloop
  endfacet
  facet normal 0.803109 -0.595832 0
    outer loop
      vertex -1.73927 92.3852 0
      vertex -1.87081 92.2079 6
      vertex -1.87081 92.2079 0
    endloop
  endfacet
endsolid OpenSCAD_Model
