solid OpenSCAD_Model
  facet normal 0.707078 0.00909926 0.707078
    outer loop
      vertex 72.283 71.4525 20.65
      vertex 71.325 68.1888 21.65
      vertex 72.325 68.1888 20.65
    endloop
  endfacet
  facet normal 0.999917 0.0128701 0
    outer loop
      vertex 72.283 71.4525 20.65
      vertex 72.3231 68.337 11.0073
      vertex 72.283 71.4525 11.0073
    endloop
  endfacet
  facet normal 0.999917 0.0128678 7.4253e-07
    outer loop
      vertex 72.325 68.1888 20.65
      vertex 72.3231 68.337 11.0073
      vertex 72.283 71.4525 20.65
    endloop
  endfacet
  facet normal 0.999918 0.0128195 0
    outer loop
      vertex 72.3231 68.337 11.0073
      vertex 72.325 68.1888 20.65
      vertex 72.325 68.1888 11.0073
    endloop
  endfacet
  facet normal -0.102356 0.689 0.717497
    outer loop
      vertex -63.0469 80.9691 21.65
      vertex -64.8217 81.7468 20.65
      vertex -64.3602 80.774 21.65
    endloop
  endfacet
  facet normal -0.497591 -0.434631 0.750666
    outer loop
      vertex -69.4022 -80.1226 21.65
      vertex -70.2536 -80.875 20.65
      vertex -69.6109 -81.6108 20.65
    endloop
  endfacet
  facet normal 0.707078 -0.00909926 0.707078
    outer loop
      vertex 72.325 -70.3888 20.65
      vertex 71.325 -70.3888 21.65
      vertex 72.283 -73.6525 20.65
    endloop
  endfacet
  facet normal -0.707078 0.00909926 0.707078
    outer loop
      vertex -72.283 71.4525 20.65
      vertex -72.325 68.1888 20.65
      vertex -71.325 68.1888 21.65
    endloop
  endfacet
  facet normal -0.228311 0.639609 0.734013
    outer loop
      vertex -65.4859 80.5005 21.65
      vertex -67.0987 81.0724 20.65
      vertex -66.4737 80.1479 21.65
    endloop
  endfacet
  facet normal 0.00909926 -0.707078 0.707078
    outer loop
      vertex 58.3888 -83.325 21.65
      vertex 58.3888 -84.325 20.65
      vertex 61.6525 -84.283 20.65
    endloop
  endfacet
  facet normal 0.707107 -0 0.707107
    outer loop
      vertex 71.325 -70.3888 21.65
      vertex 72.325 68.1888 20.65
      vertex 71.325 68.1888 21.65
    endloop
  endfacet
  facet normal 0.707107 0 0.707107
    outer loop
      vertex 72.325 68.1888 20.65
      vertex 71.325 -70.3888 21.65
      vertex 72.325 -70.3888 20.65
    endloop
  endfacet
  facet normal -0.0716349 0.997431 0
    outer loop
      vertex -61.6525 82.083 20.65
      vertex -61.6525 82.083 11.0073
      vertex -63.4069 81.957 20.65
    endloop
  endfacet
  facet normal -0.0716449 0.99743 -1.82321e-06
    outer loop
      vertex -63.3273 81.9627 11.0073
      vertex -63.4069 81.957 20.65
      vertex -61.6525 82.083 11.0073
    endloop
  endfacet
  facet normal -0.0714252 0.997446 0
    outer loop
      vertex -63.4069 81.957 20.65
      vertex -63.3273 81.9627 11.0073
      vertex -63.4069 81.957 11.0073
    endloop
  endfacet
  facet normal 0.688973 -0.102314 0.717529
    outer loop
      vertex 72.157 -75.4069 20.65
      vertex 70.974 -76.3601 21.65
      vertex 71.9469 -76.8217 20.65
    endloop
  endfacet
  facet normal -0.0503719 -0.701369 0.711016
    outer loop
      vertex -63.0469 -83.1691 21.65
      vertex -63.4069 -84.157 20.65
      vertex -61.6525 -84.283 20.65
    endloop
  endfacet
  facet normal 0.0503425 0.70135 0.711037
    outer loop
      vertex 61.6525 82.083 20.65
      vertex 61.4183 81.086 21.65
      vertex 63.0469 80.9691 21.65
    endloop
  endfacet
  facet normal 0.971985 0.235044 0
    outer loop
      vertex 71.6522 75.8345 20.65
      vertex 71.6655 75.7795 11.0073
      vertex 71.6522 75.8345 11.0073
    endloop
  endfacet
  facet normal 0.971711 0.236172 -6.81153e-06
    outer loop
      vertex 71.6522 75.8345 20.65
      vertex 71.9469 74.6217 11.0073
      vertex 71.6655 75.7795 11.0073
    endloop
  endfacet
  facet normal 0.971724 0.236121 0
    outer loop
      vertex 71.9469 74.6217 20.65
      vertex 71.9469 74.6217 11.0073
      vertex 71.6522 75.8345 20.65
    endloop
  endfacet
  facet normal 0.688991 -0.102362 0.717505
    outer loop
      vertex 71.1691 -75.0469 21.65
      vertex 70.974 -76.3601 21.65
      vertex 72.157 -75.4069 20.65
    endloop
  endfacet
  facet normal 0.668676 -0.162483 0.725584
    outer loop
      vertex 71.9469 -76.8217 20.65
      vertex 70.7004 -77.4859 21.65
      vertex 71.6522 -78.0345 20.65
    endloop
  endfacet
  facet normal 0.941433 -0.337201 0
    outer loop
      vertex 71.6522 -78.0345 20.65
      vertex 71.6349 -78.0828 11.0073
      vertex 71.6522 -78.0345 11.0073
    endloop
  endfacet
  facet normal 0.941818 -0.336123 -6.08681e-06
    outer loop
      vertex 71.2724 -79.0987 20.65
      vertex 71.6349 -78.0828 11.0073
      vertex 71.6522 -78.0345 20.65
    endloop
  endfacet
  facet normal 0.941836 -0.336072 0
    outer loop
      vertex 71.6349 -78.0828 11.0073
      vertex 71.2724 -79.0987 20.65
      vertex 71.2724 -79.0987 11.0073
    endloop
  endfacet
  facet normal 0.639627 -0.228275 0.734008
    outer loop
      vertex 71.6522 -78.0345 20.65
      vertex 70.3479 -78.4737 21.65
      vertex 71.2724 -79.0987 20.65
    endloop
  endfacet
  facet normal 0.639627 0.228275 0.734008
    outer loop
      vertex 71.2724 76.8987 20.65
      vertex 70.3479 76.2737 21.65
      vertex 71.6522 75.8345 20.65
    endloop
  endfacet
  facet normal -0.49758 -0.434636 0.75067
    outer loop
      vertex -69.4022 -80.1226 21.65
      vertex -69.6109 -81.6108 20.65
      vertex -68.8056 -80.8056 21.65
    endloop
  endfacet
  facet normal 0 -0.707107 0.707107
    outer loop
      vertex -58.3888 -84.325 20.65
      vertex 58.3888 -83.325 21.65
      vertex -58.3888 -83.325 21.65
    endloop
  endfacet
  facet normal 0 -0.707107 0.707107
    outer loop
      vertex 58.3888 -83.325 21.65
      vertex -58.3888 -84.325 20.65
      vertex 58.3888 -84.325 20.65
    endloop
  endfacet
  facet normal 0.00909926 0.707078 0.707078
    outer loop
      vertex 58.3888 82.125 20.65
      vertex 58.3888 81.125 21.65
      vertex 61.6525 82.083 20.65
    endloop
  endfacet
  facet normal 0.688991 0.102362 0.717505
    outer loop
      vertex 72.157 73.2069 20.65
      vertex 70.974 74.1601 21.65
      vertex 71.1691 72.8469 21.65
    endloop
  endfacet
  facet normal 0.00910243 -0.707072 0.707083
    outer loop
      vertex 61.4183 -83.286 21.65
      vertex 58.3888 -83.325 21.65
      vertex 61.6525 -84.283 20.65
    endloop
  endfacet
  facet normal 0.0128195 -0.999918 0
    outer loop
      vertex 58.537 -84.3231 11.0073
      vertex 58.3888 -84.325 20.65
      vertex 58.3888 -84.325 11.0073
    endloop
  endfacet
  facet normal 0.0128678 -0.999917 7.4253e-07
    outer loop
      vertex 58.3888 -84.325 20.65
      vertex 58.537 -84.3231 11.0073
      vertex 61.6525 -84.283 20.65
    endloop
  endfacet
  facet normal 0.0128701 -0.999917 0
    outer loop
      vertex 61.6525 -84.283 20.65
      vertex 58.537 -84.3231 11.0073
      vertex 61.6525 -84.283 11.0073
    endloop
  endfacet
  facet normal 0.833066 -0.553174 0
    outer loop
      vertex 70.8067 -80.0406 20.65
      vertex 70.7816 -80.0784 11.0073
      vertex 70.8067 -80.0406 11.0073
    endloop
  endfacet
  facet normal 0.833528 -0.552477 -3.93468e-06
    outer loop
      vertex 70.8067 -80.0406 20.65
      vertex 70.2536 -80.875 11.0073
      vertex 70.7816 -80.0784 11.0073
    endloop
  endfacet
  facet normal 0.833507 -0.552508 0
    outer loop
      vertex 70.2536 -80.875 20.65
      vertex 70.2536 -80.875 11.0073
      vertex 70.8067 -80.0406 20.65
    endloop
  endfacet
  facet normal 0.752856 -0.658185 0
    outer loop
      vertex 70.2536 -80.875 20.65
      vertex 70.2244 -80.9084 11.0073
      vertex 70.2536 -80.875 11.0073
    endloop
  endfacet
  facet normal 0.753147 -0.657852 -2.03596e-06
    outer loop
      vertex 69.6109 -81.6108 20.65
      vertex 70.2244 -80.9084 11.0073
      vertex 70.2536 -80.875 20.65
    endloop
  endfacet
  facet normal 0.753161 -0.657836 0
    outer loop
      vertex 70.2244 -80.9084 11.0073
      vertex 69.6109 -81.6108 20.65
      vertex 69.6109 -81.6108 11.0073
    endloop
  endfacet
  facet normal 0.0716349 -0.997431 0
    outer loop
      vertex 61.6525 -84.283 20.65
      vertex 61.6525 -84.283 11.0073
      vertex 63.4069 -84.157 20.65
    endloop
  endfacet
  facet normal 0.0716449 -0.99743 -1.82321e-06
    outer loop
      vertex 63.3273 -84.1627 11.0073
      vertex 63.4069 -84.157 20.65
      vertex 61.6525 -84.283 11.0073
    endloop
  endfacet
  facet normal 0.0714252 -0.997446 0
    outer loop
      vertex 63.4069 -84.157 20.65
      vertex 63.3273 -84.1627 11.0073
      vertex 63.4069 -84.157 11.0073
    endloop
  endfacet
  facet normal -0.162432 -0.668697 0.725576
    outer loop
      vertex -65.4859 -82.7004 21.65
      vertex -66.0345 -83.6522 20.65
      vertex -64.8217 -83.9468 20.65
    endloop
  endfacet
  facet normal -0.707072 -0.00910243 0.707083
    outer loop
      vertex -71.325 -70.3888 21.65
      vertex -72.283 -73.6525 20.65
      vertex -71.286 -73.4183 21.65
    endloop
  endfacet
  facet normal 0.0503425 -0.70135 0.711037
    outer loop
      vertex 63.0469 -83.1691 21.65
      vertex 61.4183 -83.286 21.65
      vertex 61.6525 -84.283 20.65
    endloop
  endfacet
  facet normal 0.434598 0.49762 0.750665
    outer loop
      vertex 68.875 80.0536 20.65
      vertex 68.1226 79.2022 21.65
      vertex 69.6109 79.4109 20.65
    endloop
  endfacet
  facet normal -0.297298 0.601267 0.741682
    outer loop
      vertex -67.0987 81.0724 20.65
      vertex -67.348 79.7156 21.65
      vertex -66.4737 80.1479 21.65
    endloop
  endfacet
  facet normal -0.236045 0.971742 0
    outer loop
      vertex -64.8217 81.7468 20.65
      vertex -66.0345 81.4522 11.0073
      vertex -66.0345 81.4522 20.65
    endloop
  endfacet
  facet normal -0.234641 0.972082 0
    outer loop
      vertex -64.8768 81.7335 11.0073
      vertex -64.8217 81.7468 20.65
      vertex -64.8217 81.7468 11.0073
    endloop
  endfacet
  facet normal -0.236112 0.971726 8.89785e-06
    outer loop
      vertex -64.8217 81.7468 20.65
      vertex -64.8768 81.7335 11.0073
      vertex -66.0345 81.4522 11.0073
    endloop
  endfacet
  facet normal -0.601267 0.297298 0.741682
    outer loop
      vertex -69.9156 77.148 21.65
      vertex -71.2724 76.8987 20.65
      vertex -70.3479 76.2737 21.65
    endloop
  endfacet
  facet normal 0.601268 0.297282 0.741687
    outer loop
      vertex 70.8067 77.8406 20.65
      vertex 69.9156 77.148 21.65
      vertex 71.2724 76.8987 20.65
    endloop
  endfacet
  facet normal -0.0714252 -0.997446 0
    outer loop
      vertex -63.3273 -84.1627 11.0073
      vertex -63.4069 -84.157 20.65
      vertex -63.4069 -84.157 11.0073
    endloop
  endfacet
  facet normal -0.0716349 -0.997431 -1.74049e-06
    outer loop
      vertex -63.4069 -84.157 20.65
      vertex -63.3273 -84.1627 11.0073
      vertex -61.6525 -84.283 20.65
    endloop
  endfacet
  facet normal -0.0716449 -0.99743 0
    outer loop
      vertex -61.6525 -84.283 11.0073
      vertex -61.6525 -84.283 20.65
      vertex -63.3273 -84.1627 11.0073
    endloop
  endfacet
  facet normal -0.228282 0.639647 0.733988
    outer loop
      vertex -66.0345 81.4522 20.65
      vertex -67.0987 81.0724 20.65
      vertex -65.4859 80.5005 21.65
    endloop
  endfacet
  facet normal 0 -1 0
    outer loop
      vertex -58.3888 -84.325 11.0073
      vertex 58.3888 -84.325 20.65
      vertex -58.3888 -84.325 20.65
    endloop
  endfacet
  facet normal 0 -1 -0
    outer loop
      vertex 58.3888 -84.325 20.65
      vertex -58.3888 -84.325 11.0073
      vertex 58.3888 -84.325 11.0073
    endloop
  endfacet
  facet normal -1 0 0
    outer loop
      vertex -72.325 -70.3888 11.0073
      vertex -72.325 68.1888 20.65
      vertex -72.325 68.1888 11.0073
    endloop
  endfacet
  facet normal -1 -0 0
    outer loop
      vertex -72.325 68.1888 20.65
      vertex -72.325 -70.3888 11.0073
      vertex -72.325 -70.3888 20.65
    endloop
  endfacet
  facet normal -0.707078 -0.00909926 0.707078
    outer loop
      vertex -71.325 -70.3888 21.65
      vertex -72.325 -70.3888 20.65
      vertex -72.283 -73.6525 20.65
    endloop
  endfacet
  facet normal 0.701375 -0.0503443 0.711012
    outer loop
      vertex 71.286 -73.4183 21.65
      vertex 71.1691 -75.0469 21.65
      vertex 72.157 -75.4069 20.65
    endloop
  endfacet
  facet normal 0.553677 0.366973 0.747511
    outer loop
      vertex 70.2536 78.675 20.65
      vertex 69.4022 77.9226 21.65
      vertex 69.9156 77.148 21.65
    endloop
  endfacet
  facet normal 0.102365 -0.688991 0.717505
    outer loop
      vertex 64.8217 -83.9468 20.65
      vertex 63.0469 -83.1691 21.65
      vertex 63.4069 -84.157 20.65
    endloop
  endfacet
  facet normal 0.0503719 -0.701369 0.711016
    outer loop
      vertex 63.0469 -83.1691 21.65
      vertex 61.6525 -84.283 20.65
      vertex 63.4069 -84.157 20.65
    endloop
  endfacet
  facet normal 0.236045 -0.971742 0
    outer loop
      vertex 64.8217 -83.9468 20.65
      vertex 66.0345 -83.6522 11.0073
      vertex 66.0345 -83.6522 20.65
    endloop
  endfacet
  facet normal 0.234641 -0.972082 0
    outer loop
      vertex 64.8768 -83.9335 11.0073
      vertex 64.8217 -83.9468 20.65
      vertex 64.8217 -83.9468 11.0073
    endloop
  endfacet
  facet normal 0.236112 -0.971726 8.89785e-06
    outer loop
      vertex 64.8217 -83.9468 20.65
      vertex 64.8768 -83.9335 11.0073
      vertex 66.0345 -83.6522 11.0073
    endloop
  endfacet
  facet normal 0.443212 -0.896417 0
    outer loop
      vertex 67.0987 -83.2724 11.0073
      vertex 68.0406 -82.8067 20.65
      vertex 67.0987 -83.2724 20.65
    endloop
  endfacet
  facet normal 0.443261 -0.896393 -5.98336e-06
    outer loop
      vertex 67.9978 -82.8278 11.0073
      vertex 68.0406 -82.8067 20.65
      vertex 67.0987 -83.2724 11.0073
    endloop
  endfacet
  facet normal 0.44301 -0.896517 -4.59425e-06
    outer loop
      vertex 68.0405 -82.8067 11.0073
      vertex 68.0406 -82.8067 20.65
      vertex 67.9978 -82.8278 11.0073
    endloop
  endfacet
  facet normal 0 -1 -0
    outer loop
      vertex 68.0406 -82.8067 20.65
      vertex 68.0405 -82.8067 11.0073
      vertex 68.0406 -82.8067 11.0073
    endloop
  endfacet
  facet normal 0.434622 0.497564 0.750689
    outer loop
      vertex 69.6109 79.4109 20.65
      vertex 68.1226 79.2022 21.65
      vertex 68.8056 78.6056 21.65
    endloop
  endfacet
  facet normal 0.146959 -0.989143 0
    outer loop
      vertex 63.4069 -84.157 20.65
      vertex 63.4069 -84.157 11.0073
      vertex 64.8217 -83.9468 20.65
    endloop
  endfacet
  facet normal 0.146915 -0.989149 6.62601e-06
    outer loop
      vertex 64.7575 -83.9564 11.0073
      vertex 64.8217 -83.9468 20.65
      vertex 63.4069 -84.157 11.0073
    endloop
  endfacet
  facet normal 0.147888 -0.989004 0
    outer loop
      vertex 64.8217 -83.9468 20.65
      vertex 64.7575 -83.9564 11.0073
      vertex 64.8217 -83.9468 11.0073
    endloop
  endfacet
  facet normal 0.971711 -0.236172 0
    outer loop
      vertex 71.9469 -76.8217 20.65
      vertex 71.6655 -77.9795 11.0073
      vertex 71.9469 -76.8217 11.0073
    endloop
  endfacet
  facet normal 0.971724 -0.236121 -6.50272e-06
    outer loop
      vertex 71.6522 -78.0345 20.65
      vertex 71.6655 -77.9795 11.0073
      vertex 71.9469 -76.8217 20.65
    endloop
  endfacet
  facet normal 0.971985 -0.235044 0
    outer loop
      vertex 71.6655 -77.9795 11.0073
      vertex 71.6522 -78.0345 20.65
      vertex 71.6522 -78.0345 11.0073
    endloop
  endfacet
  facet normal 0.941836 0.336072 0
    outer loop
      vertex 71.2724 76.8987 20.65
      vertex 71.6349 75.8828 11.0073
      vertex 71.2724 76.8987 11.0073
    endloop
  endfacet
  facet normal 0.941818 0.336123 -6.08681e-06
    outer loop
      vertex 71.6522 75.8345 20.65
      vertex 71.6349 75.8828 11.0073
      vertex 71.2724 76.8987 20.65
    endloop
  endfacet
  facet normal 0.941433 0.337201 0
    outer loop
      vertex 71.6349 75.8828 11.0073
      vertex 71.6522 75.8345 20.65
      vertex 71.6522 75.8345 11.0073
    endloop
  endfacet
  facet normal 0.707072 0.00910243 0.707083
    outer loop
      vertex 72.283 71.4525 20.65
      vertex 71.286 71.2183 21.65
      vertex 71.325 68.1888 21.65
    endloop
  endfacet
  facet normal 0.601267 -0.297298 0.741682
    outer loop
      vertex 70.3479 -78.4737 21.65
      vertex 69.9156 -79.348 21.65
      vertex 71.2724 -79.0987 20.65
    endloop
  endfacet
  facet normal 0.553641 -0.366993 0.747528
    outer loop
      vertex 70.8067 -80.0406 20.65
      vertex 69.9156 -79.348 21.65
      vertex 70.2536 -80.875 20.65
    endloop
  endfacet
  facet normal 0.999918 -0.0128195 0
    outer loop
      vertex 72.325 -70.3888 20.65
      vertex 72.3231 -70.537 11.0073
      vertex 72.325 -70.3888 11.0073
    endloop
  endfacet
  facet normal 0.999917 -0.0128678 7.4253e-07
    outer loop
      vertex 72.283 -73.6525 20.65
      vertex 72.3231 -70.537 11.0073
      vertex 72.325 -70.3888 20.65
    endloop
  endfacet
  facet normal 0.999917 -0.0128701 0
    outer loop
      vertex 72.3231 -70.537 11.0073
      vertex 72.283 -73.6525 20.65
      vertex 72.283 -73.6525 11.0073
    endloop
  endfacet
  facet normal 0.997434 -0.0715856 0
    outer loop
      vertex 72.283 -73.6525 20.65
      vertex 72.1628 -75.3273 11.0073
      vertex 72.283 -73.6525 11.0073
    endloop
  endfacet
  facet normal 0.997431 -0.0716349 8.60341e-06
    outer loop
      vertex 72.157 -75.4069 20.65
      vertex 72.1628 -75.3273 11.0073
      vertex 72.283 -73.6525 20.65
    endloop
  endfacet
  facet normal 0.997356 -0.0726717 0
    outer loop
      vertex 72.1628 -75.3273 11.0073
      vertex 72.157 -75.4069 20.65
      vertex 72.157 -75.4069 11.0073
    endloop
  endfacet
  facet normal 0.896393 -0.443261 0
    outer loop
      vertex 71.2724 -79.0987 20.65
      vertex 70.8278 -79.9978 11.0073
      vertex 71.2724 -79.0987 11.0073
    endloop
  endfacet
  facet normal 0.896417 -0.443212 -5.71163e-06
    outer loop
      vertex 70.8067 -80.0406 20.65
      vertex 70.8278 -79.9978 11.0073
      vertex 71.2724 -79.0987 20.65
    endloop
  endfacet
  facet normal 0.896928 -0.442177 0
    outer loop
      vertex 70.8278 -79.9978 11.0073
      vertex 70.8067 -80.0406 20.65
      vertex 70.8067 -80.0406 11.0073
    endloop
  endfacet
  facet normal 0.497564 0.434622 0.750689
    outer loop
      vertex 69.6109 79.4109 20.65
      vertex 68.8056 78.6056 21.65
      vertex 69.4022 77.9226 21.65
    endloop
  endfacet
  facet normal -0.601267 -0.297298 0.741682
    outer loop
      vertex -70.3479 -78.4737 21.65
      vertex -71.2724 -79.0987 20.65
      vertex -69.9156 -79.348 21.65
    endloop
  endfacet
  facet normal 0.639626 -0.228253 0.734016
    outer loop
      vertex 70.7004 -77.4859 21.65
      vertex 70.3479 -78.4737 21.65
      vertex 71.6522 -78.0345 20.65
    endloop
  endfacet
  facet normal 0.668681 0.162508 0.725573
    outer loop
      vertex 71.9469 74.6217 20.65
      vertex 70.7004 75.2859 21.65
      vertex 70.974 74.1601 21.65
    endloop
  endfacet
  facet normal -0.601268 -0.297282 0.741687
    outer loop
      vertex -69.9156 -79.348 21.65
      vertex -71.2724 -79.0987 20.65
      vertex -70.8067 -80.0406 20.65
    endloop
  endfacet
  facet normal -0.146959 0.989143 0
    outer loop
      vertex -63.4069 81.957 20.65
      vertex -63.4069 81.957 11.0073
      vertex -64.8217 81.7468 20.65
    endloop
  endfacet
  facet normal -0.146915 0.989149 6.62601e-06
    outer loop
      vertex -64.7575 81.7564 11.0073
      vertex -64.8217 81.7468 20.65
      vertex -63.4069 81.957 11.0073
    endloop
  endfacet
  facet normal -0.147888 0.989004 0
    outer loop
      vertex -64.8217 81.7468 20.65
      vertex -64.7575 81.7564 11.0073
      vertex -64.8217 81.7468 11.0073
    endloop
  endfacet
  facet normal 1 -0 0
    outer loop
      vertex 72.325 -70.3888 20.65
      vertex 72.325 68.1888 11.0073
      vertex 72.325 68.1888 20.65
    endloop
  endfacet
  facet normal 1 0 0
    outer loop
      vertex 72.325 68.1888 11.0073
      vertex 72.325 -70.3888 20.65
      vertex 72.325 -70.3888 11.0073
    endloop
  endfacet
  facet normal -0.707107 0 0.707107
    outer loop
      vertex -72.325 -70.3888 20.65
      vertex -71.325 68.1888 21.65
      vertex -72.325 68.1888 20.65
    endloop
  endfacet
  facet normal -0.707107 0 0.707107
    outer loop
      vertex -71.325 68.1888 21.65
      vertex -72.325 -70.3888 20.65
      vertex -71.325 -70.3888 21.65
    endloop
  endfacet
  facet normal -0.102356 -0.689 0.717497
    outer loop
      vertex -64.3602 -82.974 21.65
      vertex -64.8217 -83.9468 20.65
      vertex -63.0469 -83.1691 21.65
    endloop
  endfacet
  facet normal 0.601268 -0.297282 0.741687
    outer loop
      vertex 71.2724 -79.0987 20.65
      vertex 69.9156 -79.348 21.65
      vertex 70.8067 -80.0406 20.65
    endloop
  endfacet
  facet normal 0.366964 -0.553662 0.747527
    outer loop
      vertex 68.1226 -81.4022 21.65
      vertex 67.348 -81.9156 21.65
      vertex 68.0406 -82.8067 20.65
    endloop
  endfacet
  facet normal -0.999918 -0.0128195 0
    outer loop
      vertex -72.3231 -70.537 11.0073
      vertex -72.325 -70.3888 20.65
      vertex -72.325 -70.3888 11.0073
    endloop
  endfacet
  facet normal -0.999917 -0.0128701 -0
    outer loop
      vertex -72.283 -73.6525 20.65
      vertex -72.3231 -70.537 11.0073
      vertex -72.283 -73.6525 11.0073
    endloop
  endfacet
  facet normal -0.999917 -0.0128678 7.4253e-07
    outer loop
      vertex -72.3231 -70.537 11.0073
      vertex -72.283 -73.6525 20.65
      vertex -72.325 -70.3888 20.65
    endloop
  endfacet
  facet normal 0.896928 0.442177 0
    outer loop
      vertex 70.8067 77.8406 20.65
      vertex 70.8278 77.7978 11.0073
      vertex 70.8067 77.8406 11.0073
    endloop
  endfacet
  facet normal 0.896417 0.443212 -5.71163e-06
    outer loop
      vertex 71.2724 76.8987 20.65
      vertex 70.8278 77.7978 11.0073
      vertex 70.8067 77.8406 20.65
    endloop
  endfacet
  facet normal 0.896393 0.443261 0
    outer loop
      vertex 70.8278 77.7978 11.0073
      vertex 71.2724 76.8987 20.65
      vertex 71.2724 76.8987 11.0073
    endloop
  endfacet
  facet normal 0.228272 -0.639617 0.734018
    outer loop
      vertex 67.0987 -83.2724 20.65
      vertex 65.4859 -82.7004 21.65
      vertex 66.0345 -83.6522 20.65
    endloop
  endfacet
  facet normal 0.668681 -0.162508 0.725573
    outer loop
      vertex 70.974 -76.3601 21.65
      vertex 70.7004 -77.4859 21.65
      vertex 71.9469 -76.8217 20.65
    endloop
  endfacet
  facet normal 0.688973 0.102314 0.717529
    outer loop
      vertex 71.9469 74.6217 20.65
      vertex 70.974 74.1601 21.65
      vertex 72.157 73.2069 20.65
    endloop
  endfacet
  facet normal -0.668681 0.162508 0.725573
    outer loop
      vertex -70.7004 75.2859 21.65
      vertex -71.9469 74.6217 20.65
      vertex -70.974 74.1601 21.65
    endloop
  endfacet
  facet normal 0.297298 -0.601267 0.741682
    outer loop
      vertex 67.348 -81.9156 21.65
      vertex 66.4737 -82.3479 21.65
      vertex 67.0987 -83.2724 20.65
    endloop
  endfacet
  facet normal -0.707072 0.00910243 0.707083
    outer loop
      vertex -71.286 71.2183 21.65
      vertex -72.283 71.4525 20.65
      vertex -71.325 68.1888 21.65
    endloop
  endfacet
  facet normal 0.552508 -0.833507 0
    outer loop
      vertex 68.0406 -82.8067 20.65
      vertex 68.875 -82.2536 11.0073
      vertex 68.875 -82.2536 20.65
    endloop
  endfacet
  facet normal 0.553174 -0.833066 0
    outer loop
      vertex 68.0784 -82.7816 11.0073
      vertex 68.0406 -82.8067 20.65
      vertex 68.0406 -82.8067 11.0073
    endloop
  endfacet
  facet normal 0.552477 -0.833528 -3.93468e-06
    outer loop
      vertex 68.0406 -82.8067 20.65
      vertex 68.0784 -82.7816 11.0073
      vertex 68.875 -82.2536 11.0073
    endloop
  endfacet
  facet normal 0.162531 -0.668717 0.725536
    outer loop
      vertex 65.4859 -82.7004 21.65
      vertex 64.3602 -82.974 21.65
      vertex 64.8217 -83.9468 20.65
    endloop
  endfacet
  facet normal 0.102356 -0.689 0.717497
    outer loop
      vertex 64.3602 -82.974 21.65
      vertex 63.0469 -83.1691 21.65
      vertex 64.8217 -83.9468 20.65
    endloop
  endfacet
  facet normal 0.989261 -0.146158 0
    outer loop
      vertex 72.157 -75.4069 20.65
      vertex 72.1475 -75.4712 11.0073
      vertex 72.157 -75.4069 11.0073
    endloop
  endfacet
  facet normal 0.989153 -0.146891 4.99054e-06
    outer loop
      vertex 71.9469 -76.8217 20.65
      vertex 72.1475 -75.4712 11.0073
      vertex 72.157 -75.4069 20.65
    endloop
  endfacet
  facet normal 0.989148 -0.146926 0
    outer loop
      vertex 72.1475 -75.4712 11.0073
      vertex 71.9469 -76.8217 20.65
      vertex 71.9469 -76.8217 11.0073
    endloop
  endfacet
  facet normal 0.49758 -0.434636 0.75067
    outer loop
      vertex 69.4022 -80.1226 21.65
      vertex 68.8056 -80.8056 21.65
      vertex 69.6109 -81.6108 20.65
    endloop
  endfacet
  facet normal -0.701346 0.0503703 0.711039
    outer loop
      vertex -72.157 73.2069 20.65
      vertex -72.283 71.4525 20.65
      vertex -71.286 71.2183 21.65
    endloop
  endfacet
  facet normal -0.366964 -0.553662 0.747527
    outer loop
      vertex -67.348 -81.9156 21.65
      vertex -68.1226 -81.4022 21.65
      vertex -68.0406 -82.8067 20.65
    endloop
  endfacet
  facet normal -0.102365 -0.688991 0.717505
    outer loop
      vertex -63.0469 -83.1691 21.65
      vertex -64.8217 -83.9468 20.65
      vertex -63.4069 -84.157 20.65
    endloop
  endfacet
  facet normal 0.601267 0.297298 0.741682
    outer loop
      vertex 71.2724 76.8987 20.65
      vertex 69.9156 77.148 21.65
      vertex 70.3479 76.2737 21.65
    endloop
  endfacet
  facet normal 0.707072 -0.00910243 0.707083
    outer loop
      vertex 71.325 -70.3888 21.65
      vertex 71.286 -73.4183 21.65
      vertex 72.283 -73.6525 20.65
    endloop
  endfacet
  facet normal 0.701346 -0.0503703 0.711039
    outer loop
      vertex 72.283 -73.6525 20.65
      vertex 71.286 -73.4183 21.65
      vertex 72.157 -75.4069 20.65
    endloop
  endfacet
  facet normal 0.639626 0.228253 0.734016
    outer loop
      vertex 71.6522 75.8345 20.65
      vertex 70.3479 76.2737 21.65
      vertex 70.7004 75.2859 21.65
    endloop
  endfacet
  facet normal -0.0503425 -0.70135 0.711037
    outer loop
      vertex -61.4183 -83.286 21.65
      vertex -63.0469 -83.1691 21.65
      vertex -61.6525 -84.283 20.65
    endloop
  endfacet
  facet normal 0.65786 -0.753141 0
    outer loop
      vertex 68.875 -82.2536 11.0073
      vertex 69.6109 -81.6108 20.65
      vertex 68.875 -82.2536 20.65
    endloop
  endfacet
  facet normal 0.657897 -0.753108 -5.06147e-06
    outer loop
      vertex 68.875 -82.2536 11.0073
      vertex 69.5774 -81.64 11.0073
      vertex 69.6109 -81.6108 20.65
    endloop
  endfacet
  facet normal 0.656905 -0.753973 1.00665e-06
    outer loop
      vertex 69.6108 -81.6109 11.0073
      vertex 69.6109 -81.6108 20.65
      vertex 69.5774 -81.64 11.0073
    endloop
  endfacet
  facet normal 0.707107 -0.707107 0
    outer loop
      vertex 69.6109 -81.6108 20.65
      vertex 69.6108 -81.6109 11.0073
      vertex 69.6109 -81.6108 11.0073
    endloop
  endfacet
  facet normal -0.297282 -0.601268 0.741687
    outer loop
      vertex -67.348 -81.9156 21.65
      vertex -68.0406 -82.8067 20.65
      vertex -67.0987 -83.2724 20.65
    endloop
  endfacet
  facet normal 0.701375 0.0503443 0.711012
    outer loop
      vertex 72.157 73.2069 20.65
      vertex 71.1691 72.8469 21.65
      vertex 71.286 71.2183 21.65
    endloop
  endfacet
  facet normal 0.701346 0.0503703 0.711039
    outer loop
      vertex 72.157 73.2069 20.65
      vertex 71.286 71.2183 21.65
      vertex 72.283 71.4525 20.65
    endloop
  endfacet
  facet normal 0.668676 0.162483 0.725584
    outer loop
      vertex 71.6522 75.8345 20.65
      vertex 70.7004 75.2859 21.65
      vertex 71.9469 74.6217 20.65
    endloop
  endfacet
  facet normal -0.443212 0.896417 0
    outer loop
      vertex -67.0987 81.0724 11.0073
      vertex -68.0406 80.6067 20.65
      vertex -67.0987 81.0724 20.65
    endloop
  endfacet
  facet normal -0.443261 0.896393 -5.98336e-06
    outer loop
      vertex -67.9978 80.6278 11.0073
      vertex -68.0406 80.6067 20.65
      vertex -67.0987 81.0724 11.0073
    endloop
  endfacet
  facet normal -0.44301 0.896517 -4.59425e-06
    outer loop
      vertex -68.0405 80.6067 11.0073
      vertex -68.0406 80.6067 20.65
      vertex -67.9978 80.6278 11.0073
    endloop
  endfacet
  facet normal 0 1 0
    outer loop
      vertex -68.0406 80.6067 20.65
      vertex -68.0405 80.6067 11.0073
      vertex -68.0406 80.6067 11.0073
    endloop
  endfacet
  facet normal 0.657801 0.753191 0
    outer loop
      vertex 69.6109 79.4109 20.65
      vertex 68.875 80.0536 11.0073
      vertex 68.875 80.0536 20.65
    endloop
  endfacet
  facet normal 0 1 0
    outer loop
      vertex 69.6108 79.4109 11.0073
      vertex 69.6109 79.4109 20.65
      vertex 69.6109 79.4109 11.0073
    endloop
  endfacet
  facet normal 0.656905 0.753973 -6.81246e-06
    outer loop
      vertex 69.5774 79.44 11.0073
      vertex 69.6109 79.4109 20.65
      vertex 69.6108 79.4109 11.0073
    endloop
  endfacet
  facet normal 0.657897 0.753108 -1.28716e-05
    outer loop
      vertex 69.6109 79.4109 20.65
      vertex 69.5774 79.44 11.0073
      vertex 68.875 80.0536 11.0073
    endloop
  endfacet
  facet normal -0.668681 -0.162508 0.725573
    outer loop
      vertex -70.974 -76.3601 21.65
      vertex -71.9469 -76.8217 20.65
      vertex -70.7004 -77.4859 21.65
    endloop
  endfacet
  facet normal 0.497591 -0.434631 0.750666
    outer loop
      vertex 70.2536 -80.875 20.65
      vertex 69.4022 -80.1226 21.65
      vertex 69.6109 -81.6108 20.65
    endloop
  endfacet
  facet normal 0.553677 -0.366973 0.747511
    outer loop
      vertex 69.9156 -79.348 21.65
      vertex 69.4022 -80.1226 21.65
      vertex 70.2536 -80.875 20.65
    endloop
  endfacet
  facet normal -0.236045 -0.971742 -0
    outer loop
      vertex -66.0345 -83.6522 20.65
      vertex -66.0345 -83.6522 11.0073
      vertex -64.8217 -83.9468 20.65
    endloop
  endfacet
  facet normal -0.236112 -0.971726 8.89785e-06
    outer loop
      vertex -64.8768 -83.9335 11.0073
      vertex -64.8217 -83.9468 20.65
      vertex -66.0345 -83.6522 11.0073
    endloop
  endfacet
  facet normal -0.234641 -0.972082 -0
    outer loop
      vertex -64.8217 -83.9468 20.65
      vertex -64.8768 -83.9335 11.0073
      vertex -64.8217 -83.9468 11.0073
    endloop
  endfacet
  facet normal 0.833528 0.552477 0
    outer loop
      vertex 70.2536 78.675 20.65
      vertex 70.7816 77.8784 11.0073
      vertex 70.2536 78.675 11.0073
    endloop
  endfacet
  facet normal 0.833507 0.552508 -3.75633e-06
    outer loop
      vertex 70.8067 77.8406 20.65
      vertex 70.7816 77.8784 11.0073
      vertex 70.2536 78.675 20.65
    endloop
  endfacet
  facet normal 0.833066 0.553174 0
    outer loop
      vertex 70.7816 77.8784 11.0073
      vertex 70.8067 77.8406 20.65
      vertex 70.8067 77.8406 11.0073
    endloop
  endfacet
  facet normal -0.0503719 0.701369 0.711016
    outer loop
      vertex -61.6525 82.083 20.65
      vertex -63.4069 81.957 20.65
      vertex -63.0469 80.9691 21.65
    endloop
  endfacet
  facet normal 0.337201 -0.941433 0
    outer loop
      vertex 66.0828 -83.6349 11.0073
      vertex 66.0345 -83.6522 20.65
      vertex 66.0345 -83.6522 11.0073
    endloop
  endfacet
  facet normal 0.336123 -0.941818 -6.08681e-06
    outer loop
      vertex 66.0345 -83.6522 20.65
      vertex 66.0828 -83.6349 11.0073
      vertex 67.0987 -83.2724 20.65
    endloop
  endfacet
  facet normal 0.336072 -0.941836 0
    outer loop
      vertex 67.0987 -83.2724 20.65
      vertex 66.0828 -83.6349 11.0073
      vertex 67.0987 -83.2724 11.0073
    endloop
  endfacet
  facet normal 0.297282 -0.601268 0.741687
    outer loop
      vertex 67.348 -81.9156 21.65
      vertex 67.0987 -83.2724 20.65
      vertex 68.0406 -82.8067 20.65
    endloop
  endfacet
  facet normal 0.443212 0.896417 0
    outer loop
      vertex 68.0406 80.6067 20.65
      vertex 67.0987 81.0724 11.0073
      vertex 67.0987 81.0724 20.65
    endloop
  endfacet
  facet normal 0 1 0
    outer loop
      vertex 68.0405 80.6067 11.0073
      vertex 68.0406 80.6067 20.65
      vertex 68.0406 80.6067 11.0073
    endloop
  endfacet
  facet normal 0.44301 0.896517 -4.59425e-06
    outer loop
      vertex 67.9978 80.6278 11.0073
      vertex 68.0406 80.6067 20.65
      vertex 68.0405 80.6067 11.0073
    endloop
  endfacet
  facet normal 0.443261 0.896393 -5.98336e-06
    outer loop
      vertex 68.0406 80.6067 20.65
      vertex 67.9978 80.6278 11.0073
      vertex 67.0987 81.0724 11.0073
    endloop
  endfacet
  facet normal -0.553677 -0.366973 0.747511
    outer loop
      vertex -69.9156 -79.348 21.65
      vertex -70.2536 -80.875 20.65
      vertex -69.4022 -80.1226 21.65
    endloop
  endfacet
  facet normal 0 1 -0
    outer loop
      vertex 58.3888 82.125 18.05
      vertex -58.3888 82.125 20.65
      vertex 58.3888 82.125 20.65
    endloop
  endfacet
  facet normal 0 1 0
    outer loop
      vertex -58.3888 82.125 20.65
      vertex 58.3888 82.125 18.05
      vertex -58.3888 82.125 18.05
    endloop
  endfacet
  facet normal -0.941433 -0.337201 0
    outer loop
      vertex -71.6349 -78.0828 11.0073
      vertex -71.6522 -78.0345 20.65
      vertex -71.6522 -78.0345 11.0073
    endloop
  endfacet
  facet normal -0.941836 -0.336072 -6.37632e-06
    outer loop
      vertex -71.2724 -79.0987 11.0073
      vertex -71.6522 -78.0345 20.65
      vertex -71.6349 -78.0828 11.0073
    endloop
  endfacet
  facet normal -0.941818 -0.336123 0
    outer loop
      vertex -71.6522 -78.0345 20.65
      vertex -71.2724 -79.0987 11.0073
      vertex -71.2724 -79.0987 20.65
    endloop
  endfacet
  facet normal -0.639627 -0.228275 0.734008
    outer loop
      vertex -70.3479 -78.4737 21.65
      vertex -71.6522 -78.0345 20.65
      vertex -71.2724 -79.0987 20.65
    endloop
  endfacet
  facet normal -0.989261 -0.146158 0
    outer loop
      vertex -72.1475 -75.4712 11.0073
      vertex -72.157 -75.4069 20.65
      vertex -72.157 -75.4069 11.0073
    endloop
  endfacet
  facet normal -0.989148 -0.146926 5.22812e-06
    outer loop
      vertex -71.9469 -76.8217 11.0073
      vertex -72.157 -75.4069 20.65
      vertex -72.1475 -75.4712 11.0073
    endloop
  endfacet
  facet normal -0.989153 -0.146891 0
    outer loop
      vertex -72.157 -75.4069 20.65
      vertex -71.9469 -76.8217 11.0073
      vertex -71.9469 -76.8217 20.65
    endloop
  endfacet
  facet normal -0.997434 -0.0715856 0
    outer loop
      vertex -72.1628 -75.3273 11.0073
      vertex -72.283 -73.6525 20.65
      vertex -72.283 -73.6525 11.0073
    endloop
  endfacet
  facet normal -0.997356 -0.0726717 -0
    outer loop
      vertex -72.157 -75.4069 20.65
      vertex -72.1628 -75.3273 11.0073
      vertex -72.157 -75.4069 11.0073
    endloop
  endfacet
  facet normal -0.997431 -0.0716349 8.60341e-06
    outer loop
      vertex -72.1628 -75.3273 11.0073
      vertex -72.157 -75.4069 20.65
      vertex -72.283 -73.6525 20.65
    endloop
  endfacet
  facet normal -0.701375 0.0503443 0.711012
    outer loop
      vertex -71.1691 72.8469 21.65
      vertex -72.157 73.2069 20.65
      vertex -71.286 71.2183 21.65
    endloop
  endfacet
  facet normal -0.00910243 0.707072 0.707083
    outer loop
      vertex -58.3888 81.125 21.65
      vertex -61.6525 82.083 20.65
      vertex -61.4183 81.086 21.65
    endloop
  endfacet
  facet normal -0.00909926 0.707078 0.707078
    outer loop
      vertex -58.3888 82.125 20.65
      vertex -61.6525 82.083 20.65
      vertex -58.3888 81.125 21.65
    endloop
  endfacet
  facet normal 0.434636 -0.497587 0.750666
    outer loop
      vertex 69.6109 -81.6108 20.65
      vertex 68.1226 -81.4022 21.65
      vertex 68.875 -82.2536 20.65
    endloop
  endfacet
  facet normal 0.162432 -0.668697 0.725576
    outer loop
      vertex 65.4859 -82.7004 21.65
      vertex 64.8217 -83.9468 20.65
      vertex 66.0345 -83.6522 20.65
    endloop
  endfacet
  facet normal 0.228257 -0.639637 0.734005
    outer loop
      vertex 66.4737 -82.3479 21.65
      vertex 65.4859 -82.7004 21.65
      vertex 67.0987 -83.2724 20.65
    endloop
  endfacet
  facet normal 0.0503719 0.701369 0.711016
    outer loop
      vertex 63.4069 81.957 20.65
      vertex 61.6525 82.083 20.65
      vertex 63.0469 80.9691 21.65
    endloop
  endfacet
  facet normal -0.553641 0.366993 0.747528
    outer loop
      vertex -70.2536 78.675 20.65
      vertex -70.8067 77.8406 20.65
      vertex -69.9156 77.148 21.65
    endloop
  endfacet
  facet normal 0.49762 0.434598 0.750665
    outer loop
      vertex 69.6109 79.4109 20.65
      vertex 69.4022 77.9226 21.65
      vertex 70.2536 78.675 20.65
    endloop
  endfacet
  facet normal 0.553641 0.366993 0.747528
    outer loop
      vertex 70.2536 78.675 20.65
      vertex 69.9156 77.148 21.65
      vertex 70.8067 77.8406 20.65
    endloop
  endfacet
  facet normal -0.971985 0.235044 0
    outer loop
      vertex -71.6655 75.7795 11.0073
      vertex -71.6522 75.8345 20.65
      vertex -71.6522 75.8345 11.0073
    endloop
  endfacet
  facet normal -0.971711 0.236172 -6.81153e-06
    outer loop
      vertex -71.9469 74.6217 11.0073
      vertex -71.6522 75.8345 20.65
      vertex -71.6655 75.7795 11.0073
    endloop
  endfacet
  facet normal -0.971724 0.236121 0
    outer loop
      vertex -71.9469 74.6217 11.0073
      vertex -71.9469 74.6217 20.65
      vertex -71.6522 75.8345 20.65
    endloop
  endfacet
  facet normal 0.146959 0.989143 0
    outer loop
      vertex 64.8217 81.7468 20.65
      vertex 63.4069 81.957 11.0073
      vertex 63.4069 81.957 20.65
    endloop
  endfacet
  facet normal 0.147888 0.989004 0
    outer loop
      vertex 64.7575 81.7564 11.0073
      vertex 64.8217 81.7468 20.65
      vertex 64.8217 81.7468 11.0073
    endloop
  endfacet
  facet normal 0.146915 0.989149 6.62601e-06
    outer loop
      vertex 64.8217 81.7468 20.65
      vertex 64.7575 81.7564 11.0073
      vertex 63.4069 81.957 11.0073
    endloop
  endfacet
  facet normal 0.16244 0.668729 0.725544
    outer loop
      vertex 66.0345 81.4522 20.65
      vertex 64.8217 81.7468 20.65
      vertex 65.4859 80.5005 21.65
    endloop
  endfacet
  facet normal 0.236045 0.971742 0
    outer loop
      vertex 66.0345 81.4522 20.65
      vertex 66.0345 81.4522 11.0073
      vertex 64.8217 81.7468 20.65
    endloop
  endfacet
  facet normal 0.236112 0.971726 8.89785e-06
    outer loop
      vertex 64.8768 81.7335 11.0073
      vertex 64.8217 81.7468 20.65
      vertex 66.0345 81.4522 11.0073
    endloop
  endfacet
  facet normal 0.234641 0.972082 0
    outer loop
      vertex 64.8217 81.7468 20.65
      vertex 64.8768 81.7335 11.0073
      vertex 64.8217 81.7468 11.0073
    endloop
  endfacet
  facet normal -0.443212 -0.896417 0
    outer loop
      vertex -68.0406 -82.8067 20.65
      vertex -67.0987 -83.2724 11.0073
      vertex -67.0987 -83.2724 20.65
    endloop
  endfacet
  facet normal 0 -1 0
    outer loop
      vertex -68.0405 -82.8067 11.0073
      vertex -68.0406 -82.8067 20.65
      vertex -68.0406 -82.8067 11.0073
    endloop
  endfacet
  facet normal -0.44301 -0.896517 -4.59425e-06
    outer loop
      vertex -67.9978 -82.8278 11.0073
      vertex -68.0406 -82.8067 20.65
      vertex -68.0405 -82.8067 11.0073
    endloop
  endfacet
  facet normal -0.443261 -0.896393 -5.98336e-06
    outer loop
      vertex -68.0406 -82.8067 20.65
      vertex -67.9978 -82.8278 11.0073
      vertex -67.0987 -83.2724 11.0073
    endloop
  endfacet
  facet normal 0.989148 0.146926 0
    outer loop
      vertex 71.9469 74.6217 20.65
      vertex 72.1475 73.2712 11.0073
      vertex 71.9469 74.6217 11.0073
    endloop
  endfacet
  facet normal 0.989153 0.146891 4.99054e-06
    outer loop
      vertex 72.157 73.2069 20.65
      vertex 72.1475 73.2712 11.0073
      vertex 71.9469 74.6217 20.65
    endloop
  endfacet
  facet normal 0.989261 0.146158 0
    outer loop
      vertex 72.1475 73.2712 11.0073
      vertex 72.157 73.2069 20.65
      vertex 72.157 73.2069 11.0073
    endloop
  endfacet
  facet normal -0.833066 -0.553174 0
    outer loop
      vertex -70.7816 -80.0784 11.0073
      vertex -70.8067 -80.0406 20.65
      vertex -70.8067 -80.0406 11.0073
    endloop
  endfacet
  facet normal -0.833528 -0.552477 -3.93468e-06
    outer loop
      vertex -70.2536 -80.875 11.0073
      vertex -70.8067 -80.0406 20.65
      vertex -70.7816 -80.0784 11.0073
    endloop
  endfacet
  facet normal -0.833507 -0.552508 0
    outer loop
      vertex -70.2536 -80.875 11.0073
      vertex -70.2536 -80.875 20.65
      vertex -70.8067 -80.0406 20.65
    endloop
  endfacet
  facet normal -0.688973 -0.102314 0.717529
    outer loop
      vertex -70.974 -76.3601 21.65
      vertex -72.157 -75.4069 20.65
      vertex -71.9469 -76.8217 20.65
    endloop
  endfacet
  facet normal 0.0128678 0.999917 1.83825e-05
    outer loop
      vertex 61.6525 82.083 20.65
      vertex 59.325 82.113 18.05
      vertex 58.3888 82.125 20.65
    endloop
  endfacet
  facet normal 0.0128883 0.999917 -0
    outer loop
      vertex 61.6525 82.083 11.0073
      vertex 59.325 82.113 18.05
      vertex 61.6525 82.083 20.65
    endloop
  endfacet
  facet normal 0.0128883 0.999917 0
    outer loop
      vertex 59.325 82.113 18.05
      vertex 61.6525 82.083 11.0073
      vertex 59.325 82.113 11.0073
    endloop
  endfacet
  facet normal 0.0128167 0.999918 0
    outer loop
      vertex 58.3888 82.125 20.65
      vertex 59.325 82.113 18.05
      vertex 58.3888 82.125 18.05
    endloop
  endfacet
  facet normal -0.688991 -0.102362 0.717505
    outer loop
      vertex -71.1691 -75.0469 21.65
      vertex -72.157 -75.4069 20.65
      vertex -70.974 -76.3601 21.65
    endloop
  endfacet
  facet normal -0.0128167 0.999918 0
    outer loop
      vertex -59.325 82.113 18.05
      vertex -58.3888 82.125 20.65
      vertex -58.3888 82.125 18.05
    endloop
  endfacet
  facet normal -0.0128678 0.999917 1.83825e-05
    outer loop
      vertex -58.3888 82.125 20.65
      vertex -59.325 82.113 18.05
      vertex -61.6525 82.083 20.65
    endloop
  endfacet
  facet normal -0.0128883 0.999917 0
    outer loop
      vertex -61.6525 82.083 11.0073
      vertex -59.325 82.113 18.05
      vertex -59.325 82.113 11.0073
    endloop
  endfacet
  facet normal -0.0128883 0.999917 0
    outer loop
      vertex -59.325 82.113 18.05
      vertex -61.6525 82.083 11.0073
      vertex -61.6525 82.083 20.65
    endloop
  endfacet
  facet normal -0.102365 0.688991 0.717505
    outer loop
      vertex -63.4069 81.957 20.65
      vertex -64.8217 81.7468 20.65
      vertex -63.0469 80.9691 21.65
    endloop
  endfacet
  facet normal -0.0128701 -0.999917 0
    outer loop
      vertex -58.537 -84.3231 11.0073
      vertex -61.6525 -84.283 20.65
      vertex -61.6525 -84.283 11.0073
    endloop
  endfacet
  facet normal -0.0128678 -0.999917 7.4253e-07
    outer loop
      vertex -61.6525 -84.283 20.65
      vertex -58.537 -84.3231 11.0073
      vertex -58.3888 -84.325 20.65
    endloop
  endfacet
  facet normal -0.0128195 -0.999918 -0
    outer loop
      vertex -58.3888 -84.325 20.65
      vertex -58.537 -84.3231 11.0073
      vertex -58.3888 -84.325 11.0073
    endloop
  endfacet
  facet normal 0.336123 0.941818 -0
    outer loop
      vertex 67.0987 81.0724 11.0073
      vertex 66.0345 81.4522 20.65
      vertex 67.0987 81.0724 20.65
    endloop
  endfacet
  facet normal 0.336072 0.941836 -6.37632e-06
    outer loop
      vertex 66.0828 81.4349 11.0073
      vertex 66.0345 81.4522 20.65
      vertex 67.0987 81.0724 11.0073
    endloop
  endfacet
  facet normal 0.337201 0.941433 0
    outer loop
      vertex 66.0345 81.4522 20.65
      vertex 66.0828 81.4349 11.0073
      vertex 66.0345 81.4522 11.0073
    endloop
  endfacet
  facet normal 0.228282 0.639647 0.733988
    outer loop
      vertex 66.0345 81.4522 20.65
      vertex 65.4859 80.5005 21.65
      vertex 67.0987 81.0724 20.65
    endloop
  endfacet
  facet normal 0.102365 0.688991 0.717505
    outer loop
      vertex 63.4069 81.957 20.65
      vertex 63.0469 80.9691 21.65
      vertex 64.8217 81.7468 20.65
    endloop
  endfacet
  facet normal -0.162476 0.668736 0.72553
    outer loop
      vertex -64.8217 81.7468 20.65
      vertex -65.4859 80.5005 21.65
      vertex -64.3602 80.774 21.65
    endloop
  endfacet
  facet normal -0.688991 0.102362 0.717505
    outer loop
      vertex -70.974 74.1601 21.65
      vertex -72.157 73.2069 20.65
      vertex -71.1691 72.8469 21.65
    endloop
  endfacet
  facet normal 0.00910243 0.707072 0.707083
    outer loop
      vertex 61.6525 82.083 20.65
      vertex 58.3888 81.125 21.65
      vertex 61.4183 81.086 21.65
    endloop
  endfacet
  facet normal -0.434598 0.49762 0.750665
    outer loop
      vertex -68.875 80.0536 20.65
      vertex -69.6109 79.4109 20.65
      vertex -68.1226 79.2022 21.65
    endloop
  endfacet
  facet normal -0.553641 -0.366993 0.747528
    outer loop
      vertex -69.9156 -79.348 21.65
      vertex -70.8067 -80.0406 20.65
      vertex -70.2536 -80.875 20.65
    endloop
  endfacet
  facet normal -0.896393 -0.443261 0
    outer loop
      vertex -70.8278 -79.9978 11.0073
      vertex -71.2724 -79.0987 20.65
      vertex -71.2724 -79.0987 11.0073
    endloop
  endfacet
  facet normal -0.896928 -0.442177 -0
    outer loop
      vertex -70.8067 -80.0406 20.65
      vertex -70.8278 -79.9978 11.0073
      vertex -70.8067 -80.0406 11.0073
    endloop
  endfacet
  facet normal -0.896417 -0.443212 -5.71163e-06
    outer loop
      vertex -70.8278 -79.9978 11.0073
      vertex -70.8067 -80.0406 20.65
      vertex -71.2724 -79.0987 20.65
    endloop
  endfacet
  facet normal -0.701346 -0.0503703 0.711039
    outer loop
      vertex -71.286 -73.4183 21.65
      vertex -72.283 -73.6525 20.65
      vertex -72.157 -75.4069 20.65
    endloop
  endfacet
  facet normal -0.752856 -0.658185 0
    outer loop
      vertex -70.2244 -80.9084 11.0073
      vertex -70.2536 -80.875 20.65
      vertex -70.2536 -80.875 11.0073
    endloop
  endfacet
  facet normal -0.753161 -0.657836 -2.13282e-06
    outer loop
      vertex -69.6109 -81.6108 11.0073
      vertex -70.2536 -80.875 20.65
      vertex -70.2244 -80.9084 11.0073
    endloop
  endfacet
  facet normal -0.753147 -0.657852 0
    outer loop
      vertex -70.2536 -80.875 20.65
      vertex -69.6109 -81.6108 11.0073
      vertex -69.6109 -81.6108 20.65
    endloop
  endfacet
  facet normal -0.162531 -0.668717 0.725536
    outer loop
      vertex -64.3602 -82.974 21.65
      vertex -65.4859 -82.7004 21.65
      vertex -64.8217 -83.9468 20.65
    endloop
  endfacet
  facet normal 0.297298 0.601267 0.741682
    outer loop
      vertex 67.0987 81.0724 20.65
      vertex 66.4737 80.1479 21.65
      vertex 67.348 79.7156 21.65
    endloop
  endfacet
  facet normal 0.434638 -0.497583 0.750667
    outer loop
      vertex 68.8056 -80.8056 21.65
      vertex 68.1226 -81.4022 21.65
      vertex 69.6109 -81.6108 20.65
    endloop
  endfacet
  facet normal 0.367002 -0.553654 0.747514
    outer loop
      vertex 68.1226 -81.4022 21.65
      vertex 68.0406 -82.8067 20.65
      vertex 68.875 -82.2536 20.65
    endloop
  endfacet
  facet normal -0.668676 0.162483 0.725584
    outer loop
      vertex -71.6522 75.8345 20.65
      vertex -71.9469 74.6217 20.65
      vertex -70.7004 75.2859 21.65
    endloop
  endfacet
  facet normal -0.552508 0.833507 0
    outer loop
      vertex -68.0406 80.6067 20.65
      vertex -68.875 80.0536 11.0073
      vertex -68.875 80.0536 20.65
    endloop
  endfacet
  facet normal -0.553174 0.833066 0
    outer loop
      vertex -68.0784 80.5816 11.0073
      vertex -68.0406 80.6067 20.65
      vertex -68.0406 80.6067 11.0073
    endloop
  endfacet
  facet normal -0.552477 0.833528 -3.93468e-06
    outer loop
      vertex -68.0406 80.6067 20.65
      vertex -68.0784 80.5816 11.0073
      vertex -68.875 80.0536 11.0073
    endloop
  endfacet
  facet normal -0.297282 0.601268 0.741687
    outer loop
      vertex -67.0987 81.0724 20.65
      vertex -68.0406 80.6067 20.65
      vertex -67.348 79.7156 21.65
    endloop
  endfacet
  facet normal -0.366964 0.553662 0.747527
    outer loop
      vertex -68.0406 80.6067 20.65
      vertex -68.1226 79.2022 21.65
      vertex -67.348 79.7156 21.65
    endloop
  endfacet
  facet normal -0.228257 -0.639637 0.734005
    outer loop
      vertex -66.4737 -82.3479 21.65
      vertex -67.0987 -83.2724 20.65
      vertex -65.4859 -82.7004 21.65
    endloop
  endfacet
  facet normal 0 0.707107 0.707107
    outer loop
      vertex 58.3888 82.125 20.65
      vertex -58.3888 81.125 21.65
      vertex 58.3888 81.125 21.65
    endloop
  endfacet
  facet normal 0 0.707107 0.707107
    outer loop
      vertex -58.3888 81.125 21.65
      vertex 58.3888 82.125 20.65
      vertex -58.3888 82.125 20.65
    endloop
  endfacet
  facet normal -0.228272 -0.639617 0.734018
    outer loop
      vertex -65.4859 -82.7004 21.65
      vertex -67.0987 -83.2724 20.65
      vertex -66.0345 -83.6522 20.65
    endloop
  endfacet
  facet normal -0.553677 0.366973 0.747511
    outer loop
      vertex -69.4022 77.9226 21.65
      vertex -70.2536 78.675 20.65
      vertex -69.9156 77.148 21.65
    endloop
  endfacet
  facet normal 0.753207 0.657783 0
    outer loop
      vertex 69.6109 79.4109 20.65
      vertex 70.2244 78.7084 11.0073
      vertex 69.6109 79.4109 11.0073
    endloop
  endfacet
  facet normal 0.753191 0.657801 -2.34574e-06
    outer loop
      vertex 70.2536 78.675 20.65
      vertex 70.2244 78.7084 11.0073
      vertex 69.6109 79.4109 20.65
    endloop
  endfacet
  facet normal 0.752856 0.658185 0
    outer loop
      vertex 70.2244 78.7084 11.0073
      vertex 70.2536 78.675 20.65
      vertex 70.2536 78.675 11.0073
    endloop
  endfacet
  facet normal 0.997356 0.0726717 0
    outer loop
      vertex 72.157 73.2069 20.65
      vertex 72.1628 73.1273 11.0073
      vertex 72.157 73.2069 11.0073
    endloop
  endfacet
  facet normal 0.997431 0.0716349 8.60341e-06
    outer loop
      vertex 72.283 71.4525 20.65
      vertex 72.1628 73.1273 11.0073
      vertex 72.157 73.2069 20.65
    endloop
  endfacet
  facet normal 0.997434 0.0715856 0
    outer loop
      vertex 72.1628 73.1273 11.0073
      vertex 72.283 71.4525 20.65
      vertex 72.283 71.4525 11.0073
    endloop
  endfacet
  facet normal -0.297298 -0.601267 0.741682
    outer loop
      vertex -66.4737 -82.3479 21.65
      vertex -67.348 -81.9156 21.65
      vertex -67.0987 -83.2724 20.65
    endloop
  endfacet
  facet normal -0.639626 -0.228253 0.734016
    outer loop
      vertex -70.7004 -77.4859 21.65
      vertex -71.6522 -78.0345 20.65
      vertex -70.3479 -78.4737 21.65
    endloop
  endfacet
  facet normal -0.668676 -0.162483 0.725584
    outer loop
      vertex -70.7004 -77.4859 21.65
      vertex -71.9469 -76.8217 20.65
      vertex -71.6522 -78.0345 20.65
    endloop
  endfacet
  facet normal -0.00909926 -0.707078 0.707078
    outer loop
      vertex -58.3888 -83.325 21.65
      vertex -61.6525 -84.283 20.65
      vertex -58.3888 -84.325 20.65
    endloop
  endfacet
  facet normal 0.552508 0.833507 -0
    outer loop
      vertex 68.875 80.0536 11.0073
      vertex 68.0406 80.6067 20.65
      vertex 68.875 80.0536 20.65
    endloop
  endfacet
  facet normal 0.552477 0.833528 -3.93468e-06
    outer loop
      vertex 68.0784 80.5816 11.0073
      vertex 68.0406 80.6067 20.65
      vertex 68.875 80.0536 11.0073
    endloop
  endfacet
  facet normal 0.553174 0.833066 0
    outer loop
      vertex 68.0406 80.6067 20.65
      vertex 68.0784 80.5816 11.0073
      vertex 68.0406 80.6067 11.0073
    endloop
  endfacet
  facet normal -0.146959 -0.989143 0
    outer loop
      vertex -64.8217 -83.9468 20.65
      vertex -63.4069 -84.157 11.0073
      vertex -63.4069 -84.157 20.65
    endloop
  endfacet
  facet normal -0.147888 -0.989004 0
    outer loop
      vertex -64.7575 -83.9564 11.0073
      vertex -64.8217 -83.9468 20.65
      vertex -64.8217 -83.9468 11.0073
    endloop
  endfacet
  facet normal -0.146915 -0.989149 6.62601e-06
    outer loop
      vertex -64.8217 -83.9468 20.65
      vertex -64.7575 -83.9564 11.0073
      vertex -63.4069 -84.157 11.0073
    endloop
  endfacet
  facet normal 0.228311 0.639609 0.734013
    outer loop
      vertex 67.0987 81.0724 20.65
      vertex 65.4859 80.5005 21.65
      vertex 66.4737 80.1479 21.65
    endloop
  endfacet
  facet normal -0.701375 -0.0503443 0.711012
    outer loop
      vertex -71.286 -73.4183 21.65
      vertex -72.157 -75.4069 20.65
      vertex -71.1691 -75.0469 21.65
    endloop
  endfacet
  facet normal -0.434638 -0.497583 0.750667
    outer loop
      vertex -68.8056 -80.8056 21.65
      vertex -69.6109 -81.6108 20.65
      vertex -68.1226 -81.4022 21.65
    endloop
  endfacet
  facet normal 0.297282 0.601268 0.741687
    outer loop
      vertex 68.0406 80.6067 20.65
      vertex 67.0987 81.0724 20.65
      vertex 67.348 79.7156 21.65
    endloop
  endfacet
  facet normal -0.367002 -0.553654 0.747514
    outer loop
      vertex -68.1226 -81.4022 21.65
      vertex -68.875 -82.2536 20.65
      vertex -68.0406 -82.8067 20.65
    endloop
  endfacet
  facet normal -0.336123 -0.941818 0
    outer loop
      vertex -67.0987 -83.2724 11.0073
      vertex -66.0345 -83.6522 20.65
      vertex -67.0987 -83.2724 20.65
    endloop
  endfacet
  facet normal -0.336072 -0.941836 -6.37632e-06
    outer loop
      vertex -66.0828 -83.6349 11.0073
      vertex -66.0345 -83.6522 20.65
      vertex -67.0987 -83.2724 11.0073
    endloop
  endfacet
  facet normal -0.337201 -0.941433 -0
    outer loop
      vertex -66.0345 -83.6522 20.65
      vertex -66.0828 -83.6349 11.0073
      vertex -66.0345 -83.6522 11.0073
    endloop
  endfacet
  facet normal -0.971711 -0.236172 0
    outer loop
      vertex -71.6655 -77.9795 11.0073
      vertex -71.9469 -76.8217 20.65
      vertex -71.9469 -76.8217 11.0073
    endloop
  endfacet
  facet normal -0.971985 -0.235044 -0
    outer loop
      vertex -71.6522 -78.0345 20.65
      vertex -71.6655 -77.9795 11.0073
      vertex -71.6522 -78.0345 11.0073
    endloop
  endfacet
  facet normal -0.971724 -0.236121 -6.50272e-06
    outer loop
      vertex -71.6655 -77.9795 11.0073
      vertex -71.6522 -78.0345 20.65
      vertex -71.9469 -76.8217 20.65
    endloop
  endfacet
  facet normal -0.601268 0.297282 0.741687
    outer loop
      vertex -70.8067 77.8406 20.65
      vertex -71.2724 76.8987 20.65
      vertex -69.9156 77.148 21.65
    endloop
  endfacet
  facet normal -0.999917 0.0128701 0
    outer loop
      vertex -72.3231 68.337 11.0073
      vertex -72.283 71.4525 20.65
      vertex -72.283 71.4525 11.0073
    endloop
  endfacet
  facet normal -0.999918 0.0128195 0
    outer loop
      vertex -72.325 68.1888 20.65
      vertex -72.3231 68.337 11.0073
      vertex -72.325 68.1888 11.0073
    endloop
  endfacet
  facet normal -0.999917 0.0128678 7.4253e-07
    outer loop
      vertex -72.3231 68.337 11.0073
      vertex -72.325 68.1888 20.65
      vertex -72.283 71.4525 20.65
    endloop
  endfacet
  facet normal -0.688973 0.102314 0.717529
    outer loop
      vertex -71.9469 74.6217 20.65
      vertex -72.157 73.2069 20.65
      vertex -70.974 74.1601 21.65
    endloop
  endfacet
  facet normal -0.833528 0.552477 0
    outer loop
      vertex -70.7816 77.8784 11.0073
      vertex -70.2536 78.675 20.65
      vertex -70.2536 78.675 11.0073
    endloop
  endfacet
  facet normal -0.833066 0.553174 0
    outer loop
      vertex -70.8067 77.8406 20.65
      vertex -70.7816 77.8784 11.0073
      vertex -70.8067 77.8406 11.0073
    endloop
  endfacet
  facet normal -0.833507 0.552508 -3.75633e-06
    outer loop
      vertex -70.7816 77.8784 11.0073
      vertex -70.8067 77.8406 20.65
      vertex -70.2536 78.675 20.65
    endloop
  endfacet
  facet normal -0.434636 -0.497587 0.750666
    outer loop
      vertex -68.1226 -81.4022 21.65
      vertex -69.6109 -81.6108 20.65
      vertex -68.875 -82.2536 20.65
    endloop
  endfacet
  facet normal -0.367002 0.553654 0.747514
    outer loop
      vertex -68.0406 80.6067 20.65
      vertex -68.875 80.0536 20.65
      vertex -68.1226 79.2022 21.65
    endloop
  endfacet
  facet normal -0.16244 0.668729 0.725544
    outer loop
      vertex -64.8217 81.7468 20.65
      vertex -66.0345 81.4522 20.65
      vertex -65.4859 80.5005 21.65
    endloop
  endfacet
  facet normal 0.162476 0.668736 0.72553
    outer loop
      vertex 64.8217 81.7468 20.65
      vertex 64.3602 80.774 21.65
      vertex 65.4859 80.5005 21.65
    endloop
  endfacet
  facet normal 0.102356 0.689 0.717497
    outer loop
      vertex 64.8217 81.7468 20.65
      vertex 63.0469 80.9691 21.65
      vertex 64.3602 80.774 21.65
    endloop
  endfacet
  facet normal 0.0714252 0.997446 0
    outer loop
      vertex 63.3273 81.9627 11.0073
      vertex 63.4069 81.957 20.65
      vertex 63.4069 81.957 11.0073
    endloop
  endfacet
  facet normal 0.0716349 0.997431 -1.74049e-06
    outer loop
      vertex 63.4069 81.957 20.65
      vertex 63.3273 81.9627 11.0073
      vertex 61.6525 82.083 20.65
    endloop
  endfacet
  facet normal 0.0716449 0.99743 -0
    outer loop
      vertex 61.6525 82.083 11.0073
      vertex 61.6525 82.083 20.65
      vertex 63.3273 81.9627 11.0073
    endloop
  endfacet
  facet normal -0.337201 0.941433 0
    outer loop
      vertex -66.0828 81.4349 11.0073
      vertex -66.0345 81.4522 20.65
      vertex -66.0345 81.4522 11.0073
    endloop
  endfacet
  facet normal -0.336123 0.941818 -6.08681e-06
    outer loop
      vertex -66.0345 81.4522 20.65
      vertex -66.0828 81.4349 11.0073
      vertex -67.0987 81.0724 20.65
    endloop
  endfacet
  facet normal -0.336072 0.941836 0
    outer loop
      vertex -67.0987 81.0724 20.65
      vertex -66.0828 81.4349 11.0073
      vertex -67.0987 81.0724 11.0073
    endloop
  endfacet
  facet normal -0.00910243 -0.707072 0.707083
    outer loop
      vertex -61.4183 -83.286 21.65
      vertex -61.6525 -84.283 20.65
      vertex -58.3888 -83.325 21.65
    endloop
  endfacet
  facet normal -0.657801 0.753191 0
    outer loop
      vertex -68.875 80.0536 11.0073
      vertex -69.6109 79.4109 20.65
      vertex -68.875 80.0536 20.65
    endloop
  endfacet
  facet normal -0.657897 0.753108 -1.28716e-05
    outer loop
      vertex -68.875 80.0536 11.0073
      vertex -69.5774 79.44 11.0073
      vertex -69.6109 79.4109 20.65
    endloop
  endfacet
  facet normal -0.656905 0.753973 -6.81246e-06
    outer loop
      vertex -69.6108 79.4109 11.0073
      vertex -69.6109 79.4109 20.65
      vertex -69.5774 79.44 11.0073
    endloop
  endfacet
  facet normal 0 1 0
    outer loop
      vertex -69.6109 79.4109 20.65
      vertex -69.6108 79.4109 11.0073
      vertex -69.6109 79.4109 11.0073
    endloop
  endfacet
  facet normal -0.552508 -0.833507 0
    outer loop
      vertex -68.875 -82.2536 11.0073
      vertex -68.0406 -82.8067 20.65
      vertex -68.875 -82.2536 20.65
    endloop
  endfacet
  facet normal -0.552477 -0.833528 -3.93468e-06
    outer loop
      vertex -68.0784 -82.7816 11.0073
      vertex -68.0406 -82.8067 20.65
      vertex -68.875 -82.2536 11.0073
    endloop
  endfacet
  facet normal -0.553174 -0.833066 -0
    outer loop
      vertex -68.0406 -82.8067 20.65
      vertex -68.0784 -82.7816 11.0073
      vertex -68.0406 -82.8067 11.0073
    endloop
  endfacet
  facet normal -0.896928 0.442177 0
    outer loop
      vertex -70.8278 77.7978 11.0073
      vertex -70.8067 77.8406 20.65
      vertex -70.8067 77.8406 11.0073
    endloop
  endfacet
  facet normal -0.896393 0.443261 -5.98336e-06
    outer loop
      vertex -71.2724 76.8987 11.0073
      vertex -70.8067 77.8406 20.65
      vertex -70.8278 77.7978 11.0073
    endloop
  endfacet
  facet normal -0.896417 0.443212 0
    outer loop
      vertex -70.8067 77.8406 20.65
      vertex -71.2724 76.8987 11.0073
      vertex -71.2724 76.8987 20.65
    endloop
  endfacet
  facet normal -0.639626 0.228253 0.734016
    outer loop
      vertex -70.3479 76.2737 21.65
      vertex -71.6522 75.8345 20.65
      vertex -70.7004 75.2859 21.65
    endloop
  endfacet
  facet normal -0.639627 0.228275 0.734008
    outer loop
      vertex -71.2724 76.8987 20.65
      vertex -71.6522 75.8345 20.65
      vertex -70.3479 76.2737 21.65
    endloop
  endfacet
  facet normal -0.989148 0.146926 0
    outer loop
      vertex -72.1475 73.2712 11.0073
      vertex -71.9469 74.6217 20.65
      vertex -71.9469 74.6217 11.0073
    endloop
  endfacet
  facet normal -0.989261 0.146158 0
    outer loop
      vertex -72.157 73.2069 20.65
      vertex -72.1475 73.2712 11.0073
      vertex -72.157 73.2069 11.0073
    endloop
  endfacet
  facet normal -0.989153 0.146891 4.99054e-06
    outer loop
      vertex -72.1475 73.2712 11.0073
      vertex -72.157 73.2069 20.65
      vertex -71.9469 74.6217 20.65
    endloop
  endfacet
  facet normal -0.497564 0.434622 0.750689
    outer loop
      vertex -68.8056 78.6056 21.65
      vertex -69.6109 79.4109 20.65
      vertex -69.4022 77.9226 21.65
    endloop
  endfacet
  facet normal -0.434622 0.497564 0.750689
    outer loop
      vertex -68.1226 79.2022 21.65
      vertex -69.6109 79.4109 20.65
      vertex -68.8056 78.6056 21.65
    endloop
  endfacet
  facet normal -0.65786 -0.753141 0
    outer loop
      vertex -69.6109 -81.6108 20.65
      vertex -68.875 -82.2536 11.0073
      vertex -68.875 -82.2536 20.65
    endloop
  endfacet
  facet normal -0.707107 -0.707107 0
    outer loop
      vertex -69.6108 -81.6109 11.0073
      vertex -69.6109 -81.6108 20.65
      vertex -69.6109 -81.6108 11.0073
    endloop
  endfacet
  facet normal -0.656905 -0.753973 1.00665e-06
    outer loop
      vertex -69.5774 -81.64 11.0073
      vertex -69.6109 -81.6108 20.65
      vertex -69.6108 -81.6109 11.0073
    endloop
  endfacet
  facet normal -0.657897 -0.753108 -5.06147e-06
    outer loop
      vertex -69.6109 -81.6108 20.65
      vertex -69.5774 -81.64 11.0073
      vertex -68.875 -82.2536 11.0073
    endloop
  endfacet
  facet normal -0.997356 0.0726717 0
    outer loop
      vertex -72.1628 73.1273 11.0073
      vertex -72.157 73.2069 20.65
      vertex -72.157 73.2069 11.0073
    endloop
  endfacet
  facet normal -0.997434 0.0715856 9.01234e-06
    outer loop
      vertex -72.283 71.4525 11.0073
      vertex -72.157 73.2069 20.65
      vertex -72.1628 73.1273 11.0073
    endloop
  endfacet
  facet normal -0.997431 0.0716349 0
    outer loop
      vertex -72.157 73.2069 20.65
      vertex -72.283 71.4525 11.0073
      vertex -72.283 71.4525 20.65
    endloop
  endfacet
  facet normal 0.366964 0.553662 0.747527
    outer loop
      vertex 68.0406 80.6067 20.65
      vertex 67.348 79.7156 21.65
      vertex 68.1226 79.2022 21.65
    endloop
  endfacet
  facet normal 0.367002 0.553654 0.747514
    outer loop
      vertex 68.875 80.0536 20.65
      vertex 68.0406 80.6067 20.65
      vertex 68.1226 79.2022 21.65
    endloop
  endfacet
  facet normal -0.0503425 0.70135 0.711037
    outer loop
      vertex -61.6525 82.083 20.65
      vertex -63.0469 80.9691 21.65
      vertex -61.4183 81.086 21.65
    endloop
  endfacet
  facet normal 0 0 1
    outer loop
      vertex 63.138 -8.08872 21.65
      vertex -63.138 -8.08872 21.65
      vertex -63.125 -8.35336 21.65
    endloop
  endfacet
  facet normal 0 0 1
    outer loop
      vertex -62.9149 43.0555 21.65
      vertex -63.1769 -7.82662 21.65
      vertex -63.138 -8.08872 21.65
    endloop
  endfacet
  facet normal 0 0 1
    outer loop
      vertex -62.9149 43.0555 21.65
      vertex -63.2413 -7.5696 21.65
      vertex -63.1769 -7.82662 21.65
    endloop
  endfacet
  facet normal 0 0 1
    outer loop
      vertex -62.9149 43.0555 21.65
      vertex -63.3305 -7.32012 21.65
      vertex -63.2413 -7.5696 21.65
    endloop
  endfacet
  facet normal 0 0 1
    outer loop
      vertex -63.7379 -6.6405 21.65
      vertex -63.1195 42.7796 21.65
      vertex -63.3501 42.5251 21.65
    endloop
  endfacet
  facet normal 0 0 1
    outer loop
      vertex -62.9149 43.0555 21.65
      vertex -63.4438 -7.08059 21.65
      vertex -63.3305 -7.32012 21.65
    endloop
  endfacet
  facet normal 0 0 1
    outer loop
      vertex -62.9149 43.0555 21.65
      vertex -63.58 -6.85332 21.65
      vertex -63.4438 -7.08059 21.65
    endloop
  endfacet
  facet normal 0 0 1
    outer loop
      vertex -63.9158 -6.44418 21.65
      vertex -63.3501 42.5251 21.65
      vertex -63.6046 42.2945 21.65
    endloop
  endfacet
  facet normal 0 0 1
    outer loop
      vertex -63.1195 42.7796 21.65
      vertex -63.7379 -6.6405 21.65
      vertex -63.58 -6.85332 21.65
    endloop
  endfacet
  facet normal 0 0 1
    outer loop
      vertex -64.1121 -6.26624 21.65
      vertex -63.6046 42.2945 21.65
      vertex -63.8805 42.0899 21.65
    endloop
  endfacet
  facet normal 0 0 1
    outer loop
      vertex -63.3501 42.5251 21.65
      vertex -63.9158 -6.44418 21.65
      vertex -63.7379 -6.6405 21.65
    endloop
  endfacet
  facet normal 0 0 1
    outer loop
      vertex -63.6046 42.2945 21.65
      vertex -64.1121 -6.26624 21.65
      vertex -63.9158 -6.44418 21.65
    endloop
  endfacet
  facet normal 0 0 1
    outer loop
      vertex -64.325 -6.1084 21.65
      vertex -63.8805 42.0899 21.65
      vertex -64.1751 41.9133 21.65
    endloop
  endfacet
  facet normal 0 0 1
    outer loop
      vertex -63.8805 42.0899 21.65
      vertex -64.325 -6.1084 21.65
      vertex -64.1121 -6.26624 21.65
    endloop
  endfacet
  facet normal 0 0 1
    outer loop
      vertex -64.5522 -5.97218 21.65
      vertex -64.1751 41.9133 21.65
      vertex -64.4856 41.7664 21.65
    endloop
  endfacet
  facet normal 0 0 1
    outer loop
      vertex -64.1751 41.9133 21.65
      vertex -64.5522 -5.97218 21.65
      vertex -64.325 -6.1084 21.65
    endloop
  endfacet
  facet normal 0 0 1
    outer loop
      vertex -64.4856 41.7664 21.65
      vertex -64.7918 -5.85889 21.65
      vertex -64.5522 -5.97218 21.65
    endloop
  endfacet
  facet normal -0 0 1
    outer loop
      vertex -64.809 41.6507 21.65
      vertex -64.7918 -5.85889 21.65
      vertex -64.4856 41.7664 21.65
    endloop
  endfacet
  facet normal 0 0 1
    outer loop
      vertex -64.809 41.6507 21.65
      vertex -65.0412 -5.76962 21.65
      vertex -64.7918 -5.85889 21.65
    endloop
  endfacet
  facet normal -0 0 1
    outer loop
      vertex -65.1422 41.5673 21.65
      vertex -65.0412 -5.76962 21.65
      vertex -64.809 41.6507 21.65
    endloop
  endfacet
  facet normal 0 0 1
    outer loop
      vertex -65.1422 41.5673 21.65
      vertex -65.2983 -5.70524 21.65
      vertex -65.0412 -5.76962 21.65
    endloop
  endfacet
  facet normal -0 0 1
    outer loop
      vertex -65.4819 41.5169 21.65
      vertex -65.2983 -5.70524 21.65
      vertex -65.1422 41.5673 21.65
    endloop
  endfacet
  facet normal 0 0 1
    outer loop
      vertex -65.4819 41.5169 21.65
      vertex -65.5604 -5.66637 21.65
      vertex -65.2983 -5.70524 21.65
    endloop
  endfacet
  facet normal -0 0 1
    outer loop
      vertex -65.825 41.5 21.65
      vertex -65.5604 -5.66637 21.65
      vertex -65.4819 41.5169 21.65
    endloop
  endfacet
  facet normal 0 0 1
    outer loop
      vertex -65.825 41.5 21.65
      vertex -65.825 -5.65336 21.65
      vertex -65.5604 -5.66637 21.65
    endloop
  endfacet
  facet normal 0 0 1
    outer loop
      vertex -65.825 41.5 21.65
      vertex -66.0896 -5.66637 21.65
      vertex -65.825 -5.65336 21.65
    endloop
  endfacet
  facet normal 0 0 1
    outer loop
      vertex -66.1681 41.5169 21.65
      vertex -66.0896 -5.66637 21.65
      vertex -65.825 41.5 21.65
    endloop
  endfacet
  facet normal 0 0 1
    outer loop
      vertex -66.1681 41.5169 21.65
      vertex -66.3517 -5.70524 21.65
      vertex -66.0896 -5.66637 21.65
    endloop
  endfacet
  facet normal 0 0 1
    outer loop
      vertex -66.5078 41.5673 21.65
      vertex -66.3517 -5.70524 21.65
      vertex -66.1681 41.5169 21.65
    endloop
  endfacet
  facet normal 0 0 1
    outer loop
      vertex -66.5078 41.5673 21.65
      vertex -66.6088 -5.76962 21.65
      vertex -66.3517 -5.70524 21.65
    endloop
  endfacet
  facet normal 0 0 1
    outer loop
      vertex -66.841 41.6507 21.65
      vertex -66.6088 -5.76962 21.65
      vertex -66.5078 41.5673 21.65
    endloop
  endfacet
  facet normal 0 0 1
    outer loop
      vertex -66.841 41.6507 21.65
      vertex -66.8582 -5.85889 21.65
      vertex -66.6088 -5.76962 21.65
    endloop
  endfacet
  facet normal 0 0 1
    outer loop
      vertex -67.1644 41.7664 21.65
      vertex -66.8582 -5.85889 21.65
      vertex -66.841 41.6507 21.65
    endloop
  endfacet
  facet normal 0 0 1
    outer loop
      vertex -66.8582 -5.85889 21.65
      vertex -67.1644 41.7664 21.65
      vertex -67.0978 -5.97218 21.65
    endloop
  endfacet
  facet normal 0 0 1
    outer loop
      vertex -67.4749 41.9133 21.65
      vertex -67.0978 -5.97218 21.65
      vertex -67.1644 41.7664 21.65
    endloop
  endfacet
  facet normal 0 0 1
    outer loop
      vertex -67.0978 -5.97218 21.65
      vertex -67.4749 41.9133 21.65
      vertex -67.325 -6.1084 21.65
    endloop
  endfacet
  facet normal 0 0 1
    outer loop
      vertex -67.7695 42.0899 21.65
      vertex -67.325 -6.1084 21.65
      vertex -67.4749 41.9133 21.65
    endloop
  endfacet
  facet normal 0 0 1
    outer loop
      vertex -67.325 -6.1084 21.65
      vertex -67.7695 42.0899 21.65
      vertex -67.5379 -6.26624 21.65
    endloop
  endfacet
  facet normal 0 0 1
    outer loop
      vertex -68.0454 42.2945 21.65
      vertex -67.5379 -6.26624 21.65
      vertex -67.7695 42.0899 21.65
    endloop
  endfacet
  facet normal 0 0 1
    outer loop
      vertex -67.5379 -6.26624 21.65
      vertex -68.0454 42.2945 21.65
      vertex -67.7342 -6.44418 21.65
    endloop
  endfacet
  facet normal 0 0 1
    outer loop
      vertex -68.2999 42.5251 21.65
      vertex -67.7342 -6.44418 21.65
      vertex -68.0454 42.2945 21.65
    endloop
  endfacet
  facet normal 0 0 1
    outer loop
      vertex -67.7342 -6.44418 21.65
      vertex -68.2999 42.5251 21.65
      vertex -67.9121 -6.6405 21.65
    endloop
  endfacet
  facet normal 0 0 1
    outer loop
      vertex -68.5305 42.7796 21.65
      vertex -67.9121 -6.6405 21.65
      vertex -68.2999 42.5251 21.65
    endloop
  endfacet
  facet normal 0 0 1
    outer loop
      vertex -67.9121 -6.6405 21.65
      vertex -68.5305 42.7796 21.65
      vertex -68.07 -6.85332 21.65
    endloop
  endfacet
  facet normal 0 0 1
    outer loop
      vertex -68.7351 43.0555 21.65
      vertex -68.07 -6.85332 21.65
      vertex -68.5305 42.7796 21.65
    endloop
  endfacet
  facet normal 0 0 1
    outer loop
      vertex -68.07 -6.85332 21.65
      vertex -68.7351 43.0555 21.65
      vertex -68.2062 -7.08059 21.65
    endloop
  endfacet
  facet normal 0 0 1
    outer loop
      vertex -68.9117 43.3501 21.65
      vertex -68.2062 -7.08059 21.65
      vertex -68.7351 43.0555 21.65
    endloop
  endfacet
  facet normal 0 0 1
    outer loop
      vertex -68.2062 -7.08059 21.65
      vertex -68.9117 43.3501 21.65
      vertex -68.3195 -7.32012 21.65
    endloop
  endfacet
  facet normal 0 0 1
    outer loop
      vertex -69.0586 43.6606 21.65
      vertex -68.3195 -7.32012 21.65
      vertex -68.9117 43.3501 21.65
    endloop
  endfacet
  facet normal 0 0 1
    outer loop
      vertex -68.3195 -7.32012 21.65
      vertex -69.0586 43.6606 21.65
      vertex -68.4087 -7.5696 21.65
    endloop
  endfacet
  facet normal 0 0 1
    outer loop
      vertex -58.3888 -83.325 21.65
      vertex -62.6512 -74.5794 21.65
      vertex -62.6382 -74.844 21.65
    endloop
  endfacet
  facet normal 0 0 1
    outer loop
      vertex -0.526743 -75.1769 21.65
      vertex -63.2413 -9.13713 21.65
      vertex -0.783768 -75.2413 21.65
    endloop
  endfacet
  facet normal 0 0 1
    outer loop
      vertex -63.138 -8.08872 21.65
      vertex -62.5914 43.6606 21.65
      vertex -62.7383 43.3501 21.65
    endloop
  endfacet
  facet normal -0 0 1
    outer loop
      vertex -63.3305 -9.38661 21.65
      vertex -0.783768 -75.2413 21.65
      vertex -63.2413 -9.13713 21.65
    endloop
  endfacet
  facet normal 0 0 1
    outer loop
      vertex -1.27277 -75.4438 21.65
      vertex -62.69 -74.3173 21.65
      vertex -62.6512 -74.5794 21.65
    endloop
  endfacet
  facet normal 0 0 1
    outer loop
      vertex -63.138 -8.08872 21.65
      vertex -62.7383 43.3501 21.65
      vertex -62.9149 43.0555 21.65
    endloop
  endfacet
  facet normal 0 0 1
    outer loop
      vertex -0.783768 -75.2413 21.65
      vertex -63.3305 -9.38661 21.65
      vertex -1.03325 -75.3305 21.65
    endloop
  endfacet
  facet normal 0 0 1
    outer loop
      vertex -1.27277 -75.4438 21.65
      vertex -62.7544 -74.0603 21.65
      vertex -62.69 -74.3173 21.65
    endloop
  endfacet
  facet normal 0 0 1
    outer loop
      vertex -63.58 -6.85332 21.65
      vertex -62.9149 43.0555 21.65
      vertex -63.1195 42.7796 21.65
    endloop
  endfacet
  facet normal -0 0 1
    outer loop
      vertex -63.4438 -9.62613 21.65
      vertex -1.03325 -75.3305 21.65
      vertex -63.3305 -9.38661 21.65
    endloop
  endfacet
  facet normal 0 0 1
    outer loop
      vertex -1.27277 -75.4438 21.65
      vertex -62.8437 -73.8108 21.65
      vertex -62.7544 -74.0603 21.65
    endloop
  endfacet
  facet normal 0 0 1
    outer loop
      vertex -1.03325 -75.3305 21.65
      vertex -63.4438 -9.62613 21.65
      vertex -1.27277 -75.4438 21.65
    endloop
  endfacet
  facet normal 0 0 1
    outer loop
      vertex -1.27277 -75.4438 21.65
      vertex -62.957 -73.5713 21.65
      vertex -62.8437 -73.8108 21.65
    endloop
  endfacet
  facet normal -0 0 1
    outer loop
      vertex -63.58 -9.8534 21.65
      vertex -1.27277 -75.4438 21.65
      vertex -63.4438 -9.62613 21.65
    endloop
  endfacet
  facet normal 0 0 1
    outer loop
      vertex -1.27277 -75.4438 21.65
      vertex -63.0932 -73.344 21.65
      vertex -62.957 -73.5713 21.65
    endloop
  endfacet
  facet normal -0 0 1
    outer loop
      vertex -63.7379 -10.0662 21.65
      vertex -1.27277 -75.4438 21.65
      vertex -63.58 -9.8534 21.65
    endloop
  endfacet
  facet normal 0 0 1
    outer loop
      vertex -1.27277 -75.4438 21.65
      vertex -63.251 -73.1312 21.65
      vertex -63.0932 -73.344 21.65
    endloop
  endfacet
  facet normal -0 0 1
    outer loop
      vertex -63.9158 -10.2626 21.65
      vertex -1.27277 -75.4438 21.65
      vertex -63.7379 -10.0662 21.65
    endloop
  endfacet
  facet normal 0 0 1
    outer loop
      vertex -1.27277 -75.4438 21.65
      vertex -63.429 -72.9348 21.65
      vertex -63.251 -73.1312 21.65
    endloop
  endfacet
  facet normal 0 0 1
    outer loop
      vertex -1.27277 -75.4438 21.65
      vertex -63.9158 -10.2626 21.65
      vertex -63.429 -72.9348 21.65
    endloop
  endfacet
  facet normal 0 0 1
    outer loop
      vertex -63.429 -72.9348 21.65
      vertex -63.9158 -10.2626 21.65
      vertex -63.6253 -72.7569 21.65
    endloop
  endfacet
  facet normal -0 0 1
    outer loop
      vertex -64.1121 -10.4405 21.65
      vertex -63.6253 -72.7569 21.65
      vertex -63.9158 -10.2626 21.65
    endloop
  endfacet
  facet normal 0 0 1
    outer loop
      vertex -63.6253 -72.7569 21.65
      vertex -64.1121 -10.4405 21.65
      vertex -63.8381 -72.5991 21.65
    endloop
  endfacet
  facet normal -0 0 1
    outer loop
      vertex -64.325 -10.5983 21.65
      vertex -63.8381 -72.5991 21.65
      vertex -64.1121 -10.4405 21.65
    endloop
  endfacet
  facet normal 0 0 1
    outer loop
      vertex -63.8381 -72.5991 21.65
      vertex -64.325 -10.5983 21.65
      vertex -64.0654 -72.4628 21.65
    endloop
  endfacet
  facet normal -0 0 1
    outer loop
      vertex -64.5522 -10.7346 21.65
      vertex -64.0654 -72.4628 21.65
      vertex -64.325 -10.5983 21.65
    endloop
  endfacet
  facet normal 0 0 1
    outer loop
      vertex -64.0654 -72.4628 21.65
      vertex -64.5522 -10.7346 21.65
      vertex -64.3049 -72.3495 21.65
    endloop
  endfacet
  facet normal -0 0 1
    outer loop
      vertex -64.7918 -10.8478 21.65
      vertex -64.3049 -72.3495 21.65
      vertex -64.5522 -10.7346 21.65
    endloop
  endfacet
  facet normal 0 0 1
    outer loop
      vertex -64.3049 -72.3495 21.65
      vertex -64.7918 -10.8478 21.65
      vertex -64.5544 -72.2603 21.65
    endloop
  endfacet
  facet normal -0 0 1
    outer loop
      vertex -65.0412 -10.9371 21.65
      vertex -64.5544 -72.2603 21.65
      vertex -64.7918 -10.8478 21.65
    endloop
  endfacet
  facet normal 0 0 1
    outer loop
      vertex -64.5544 -72.2603 21.65
      vertex -65.0412 -10.9371 21.65
      vertex -64.8114 -72.1959 21.65
    endloop
  endfacet
  facet normal -0 0 1
    outer loop
      vertex -65.2983 -11.0015 21.65
      vertex -64.8114 -72.1959 21.65
      vertex -65.0412 -10.9371 21.65
    endloop
  endfacet
  facet normal -0 0 1
    outer loop
      vertex -71.325 -70.3888 21.65
      vertex -64.8114 -72.1959 21.65
      vertex -65.2983 -11.0015 21.65
    endloop
  endfacet
  facet normal 0 0 1
    outer loop
      vertex -64.8114 -72.1959 21.65
      vertex -71.325 -70.3888 21.65
      vertex -65.0735 -72.157 21.65
    endloop
  endfacet
  facet normal 0 0 1
    outer loop
      vertex -71.325 -70.3888 21.65
      vertex -65.2983 -11.0015 21.65
      vertex -65.5604 -11.0404 21.65
    endloop
  endfacet
  facet normal 0 0 1
    outer loop
      vertex -65.0735 -72.157 21.65
      vertex -71.325 -70.3888 21.65
      vertex -65.3382 -72.144 21.65
    endloop
  endfacet
  facet normal 0 0 1
    outer loop
      vertex -71.325 -70.3888 21.65
      vertex -65.5604 -11.0404 21.65
      vertex -65.825 -11.0534 21.65
    endloop
  endfacet
  facet normal 0 0 1
    outer loop
      vertex -65.3382 -72.144 21.65
      vertex -71.325 -70.3888 21.65
      vertex -65.6028 -72.157 21.65
    endloop
  endfacet
  facet normal 0 0 1
    outer loop
      vertex -71.325 -70.3888 21.65
      vertex -65.825 -11.0534 21.65
      vertex -66.0896 -11.0404 21.65
    endloop
  endfacet
  facet normal 0 0 1
    outer loop
      vertex -65.6028 -72.157 21.65
      vertex -71.325 -70.3888 21.65
      vertex -65.8649 -72.1959 21.65
    endloop
  endfacet
  facet normal 0 0 1
    outer loop
      vertex -71.325 -70.3888 21.65
      vertex -66.0896 -11.0404 21.65
      vertex -66.3517 -11.0015 21.65
    endloop
  endfacet
  facet normal 0 0 1
    outer loop
      vertex -65.8649 -72.1959 21.65
      vertex -71.325 -70.3888 21.65
      vertex -66.1219 -72.2603 21.65
    endloop
  endfacet
  facet normal 0 0 1
    outer loop
      vertex -71.325 -70.3888 21.65
      vertex -66.3517 -11.0015 21.65
      vertex -66.6088 -10.9371 21.65
    endloop
  endfacet
  facet normal 0 0 1
    outer loop
      vertex -66.1219 -72.2603 21.65
      vertex -71.325 -70.3888 21.65
      vertex -66.3714 -72.3495 21.65
    endloop
  endfacet
  facet normal 0 0 1
    outer loop
      vertex -66.3714 -72.3495 21.65
      vertex -71.325 -70.3888 21.65
      vertex -66.6109 -72.4628 21.65
    endloop
  endfacet
  facet normal 0 0 1
    outer loop
      vertex -71.325 -70.3888 21.65
      vertex -66.6088 -10.9371 21.65
      vertex -66.8582 -10.8478 21.65
    endloop
  endfacet
  facet normal 0 0 1
    outer loop
      vertex -66.6109 -72.4628 21.65
      vertex -71.325 -70.3888 21.65
      vertex -66.8382 -72.5991 21.65
    endloop
  endfacet
  facet normal 0 0 1
    outer loop
      vertex -71.325 -70.3888 21.65
      vertex -66.8582 -10.8478 21.65
      vertex -67.0978 -10.7346 21.65
    endloop
  endfacet
  facet normal 0 0 1
    outer loop
      vertex -66.8382 -72.5991 21.65
      vertex -71.325 -70.3888 21.65
      vertex -67.051 -72.7569 21.65
    endloop
  endfacet
  facet normal 0 0 1
    outer loop
      vertex -71.325 -70.3888 21.65
      vertex -67.0978 -10.7346 21.65
      vertex -67.325 -10.5983 21.65
    endloop
  endfacet
  facet normal 0 0 1
    outer loop
      vertex -67.051 -72.7569 21.65
      vertex -71.325 -70.3888 21.65
      vertex -67.2473 -72.9348 21.65
    endloop
  endfacet
  facet normal 0 0 1
    outer loop
      vertex -71.325 -70.3888 21.65
      vertex -67.325 -10.5983 21.65
      vertex -67.5379 -10.4405 21.65
    endloop
  endfacet
  facet normal 0 0 1
    outer loop
      vertex -67.2473 -72.9348 21.65
      vertex -71.325 -70.3888 21.65
      vertex -67.4253 -73.1312 21.65
    endloop
  endfacet
  facet normal 0 0 1
    outer loop
      vertex -67.4253 -73.1312 21.65
      vertex -71.325 -70.3888 21.65
      vertex -67.5831 -73.344 21.65
    endloop
  endfacet
  facet normal 0 0 1
    outer loop
      vertex -71.325 -70.3888 21.65
      vertex -67.5379 -10.4405 21.65
      vertex -67.7342 -10.2626 21.65
    endloop
  endfacet
  facet normal 0 -0 1
    outer loop
      vertex -71.286 -73.4183 21.65
      vertex -67.5831 -73.344 21.65
      vertex -71.325 -70.3888 21.65
    endloop
  endfacet
  facet normal 0 0 1
    outer loop
      vertex -71.325 -70.3888 21.65
      vertex -67.7342 -10.2626 21.65
      vertex -67.9121 -10.0662 21.65
    endloop
  endfacet
  facet normal 0 0 1
    outer loop
      vertex -67.5831 -73.344 21.65
      vertex -71.286 -73.4183 21.65
      vertex -67.7193 -73.5713 21.65
    endloop
  endfacet
  facet normal 0 0 1
    outer loop
      vertex -67.7193 -73.5713 21.65
      vertex -71.286 -73.4183 21.65
      vertex -67.8326 -73.8108 21.65
    endloop
  endfacet
  facet normal 0 0 1
    outer loop
      vertex -67.8326 -73.8108 21.65
      vertex -71.286 -73.4183 21.65
      vertex -67.9219 -74.0603 21.65
    endloop
  endfacet
  facet normal 0 0 1
    outer loop
      vertex -67.9219 -74.0603 21.65
      vertex -71.286 -73.4183 21.65
      vertex -67.9863 -74.3173 21.65
    endloop
  endfacet
  facet normal 0 0 1
    outer loop
      vertex -71.325 -70.3888 21.65
      vertex -67.9121 -10.0662 21.65
      vertex -68.07 -9.8534 21.65
    endloop
  endfacet
  facet normal 0 0 1
    outer loop
      vertex -0.264646 -75.138 21.65
      vertex -63.1769 -8.88011 21.65
      vertex -0.526743 -75.1769 21.65
    endloop
  endfacet
  facet normal -0 0 1
    outer loop
      vertex -63.2413 -9.13713 21.65
      vertex -0.526743 -75.1769 21.65
      vertex -63.1769 -8.88011 21.65
    endloop
  endfacet
  facet normal 0 0 1
    outer loop
      vertex -62.6512 -74.5794 21.65
      vertex -1.50004 -75.58 21.65
      vertex -1.27277 -75.4438 21.65
    endloop
  endfacet
  facet normal 0 0 1
    outer loop
      vertex -2.49447 -76.7918 21.65
      vertex -62.6512 -74.5794 21.65
      vertex -58.3888 -83.325 21.65
    endloop
  endfacet
  facet normal -0 0 1
    outer loop
      vertex -62.6512 -75.1087 21.65
      vertex -58.3888 -83.325 21.65
      vertex -62.6382 -74.844 21.65
    endloop
  endfacet
  facet normal -0 0 1
    outer loop
      vertex -62.69 -75.3708 21.65
      vertex -58.3888 -83.325 21.65
      vertex -62.6512 -75.1087 21.65
    endloop
  endfacet
  facet normal -0 0 1
    outer loop
      vertex -62.7544 -75.6278 21.65
      vertex -58.3888 -83.325 21.65
      vertex -62.69 -75.3708 21.65
    endloop
  endfacet
  facet normal -0 0 1
    outer loop
      vertex -62.8437 -75.8773 21.65
      vertex -58.3888 -83.325 21.65
      vertex -62.7544 -75.6278 21.65
    endloop
  endfacet
  facet normal -0 0 1
    outer loop
      vertex -62.957 -76.1168 21.65
      vertex -58.3888 -83.325 21.65
      vertex -62.8437 -75.8773 21.65
    endloop
  endfacet
  facet normal -0 0 1
    outer loop
      vertex -63.0932 -76.3441 21.65
      vertex -58.3888 -83.325 21.65
      vertex -62.957 -76.1168 21.65
    endloop
  endfacet
  facet normal -0 0 1
    outer loop
      vertex -63.251 -76.5569 21.65
      vertex -58.3888 -83.325 21.65
      vertex -63.0932 -76.3441 21.65
    endloop
  endfacet
  facet normal 0 0 1
    outer loop
      vertex -58.3888 -83.325 21.65
      vertex -63.251 -76.5569 21.65
      vertex -61.4183 -83.286 21.65
    endloop
  endfacet
  facet normal -0 0 1
    outer loop
      vertex -63.429 -76.7532 21.65
      vertex -61.4183 -83.286 21.65
      vertex -63.251 -76.5569 21.65
    endloop
  endfacet
  facet normal -0 0 1
    outer loop
      vertex -63.6253 -76.9312 21.65
      vertex -61.4183 -83.286 21.65
      vertex -63.429 -76.7532 21.65
    endloop
  endfacet
  facet normal -0 0 1
    outer loop
      vertex -63.8381 -77.089 21.65
      vertex -61.4183 -83.286 21.65
      vertex -63.6253 -76.9312 21.65
    endloop
  endfacet
  facet normal 0 0 1
    outer loop
      vertex -61.4183 -83.286 21.65
      vertex -63.8381 -77.089 21.65
      vertex -63.0469 -83.1691 21.65
    endloop
  endfacet
  facet normal -0 0 1
    outer loop
      vertex -64.0654 -77.2252 21.65
      vertex -63.0469 -83.1691 21.65
      vertex -63.8381 -77.089 21.65
    endloop
  endfacet
  facet normal -0 0 1
    outer loop
      vertex -64.3049 -77.3385 21.65
      vertex -63.0469 -83.1691 21.65
      vertex -64.0654 -77.2252 21.65
    endloop
  endfacet
  facet normal 0 0 1
    outer loop
      vertex -64.3049 -77.3385 21.65
      vertex -64.3602 -82.974 21.65
      vertex -63.0469 -83.1691 21.65
    endloop
  endfacet
  facet normal -0 0 1
    outer loop
      vertex -64.5544 -77.4278 21.65
      vertex -64.3602 -82.974 21.65
      vertex -64.3049 -77.3385 21.65
    endloop
  endfacet
  facet normal -0 0 1
    outer loop
      vertex -64.8114 -77.4921 21.65
      vertex -64.3602 -82.974 21.65
      vertex -64.5544 -77.4278 21.65
    endloop
  endfacet
  facet normal 0 0 1
    outer loop
      vertex -65.4859 -82.7004 21.65
      vertex -64.8114 -77.4921 21.65
      vertex -65.0735 -77.531 21.65
    endloop
  endfacet
  facet normal 0 0 1
    outer loop
      vertex -65.4859 -82.7004 21.65
      vertex -65.0735 -77.531 21.65
      vertex -65.3382 -77.544 21.65
    endloop
  endfacet
  facet normal 0 0 1
    outer loop
      vertex -64.8114 -77.4921 21.65
      vertex -65.4859 -82.7004 21.65
      vertex -64.3602 -82.974 21.65
    endloop
  endfacet
  facet normal 0 0 1
    outer loop
      vertex -66.4737 -82.3479 21.65
      vertex -65.3382 -77.544 21.65
      vertex -65.6028 -77.531 21.65
    endloop
  endfacet
  facet normal 0 0 1
    outer loop
      vertex -67.348 -81.9156 21.65
      vertex -65.6028 -77.531 21.65
      vertex -65.8649 -77.4921 21.65
    endloop
  endfacet
  facet normal 0 0 1
    outer loop
      vertex -68.1226 -81.4022 21.65
      vertex -65.8649 -77.4921 21.65
      vertex -66.1219 -77.4278 21.65
    endloop
  endfacet
  facet normal 0 0 1
    outer loop
      vertex -68.1226 -81.4022 21.65
      vertex -66.1219 -77.4278 21.65
      vertex -66.3714 -77.3385 21.65
    endloop
  endfacet
  facet normal 0 0 1
    outer loop
      vertex -65.3382 -77.544 21.65
      vertex -66.4737 -82.3479 21.65
      vertex -65.4859 -82.7004 21.65
    endloop
  endfacet
  facet normal 0 0 1
    outer loop
      vertex -68.8056 -80.8056 21.65
      vertex -66.3714 -77.3385 21.65
      vertex -66.6109 -77.2252 21.65
    endloop
  endfacet
  facet normal 0 0 1
    outer loop
      vertex -69.4022 -80.1226 21.65
      vertex -66.6109 -77.2252 21.65
      vertex -66.8382 -77.089 21.65
    endloop
  endfacet
  facet normal 0 0 1
    outer loop
      vertex -69.9156 -79.348 21.65
      vertex -66.8382 -77.089 21.65
      vertex -67.051 -76.9312 21.65
    endloop
  endfacet
  facet normal 0 0 1
    outer loop
      vertex -69.9156 -79.348 21.65
      vertex -67.051 -76.9312 21.65
      vertex -67.2473 -76.7532 21.65
    endloop
  endfacet
  facet normal 0 0 1
    outer loop
      vertex -65.6028 -77.531 21.65
      vertex -67.348 -81.9156 21.65
      vertex -66.4737 -82.3479 21.65
    endloop
  endfacet
  facet normal 0 0 1
    outer loop
      vertex -70.3479 -78.4737 21.65
      vertex -67.2473 -76.7532 21.65
      vertex -67.4253 -76.5569 21.65
    endloop
  endfacet
  facet normal 0 0 1
    outer loop
      vertex -70.3479 -78.4737 21.65
      vertex -67.4253 -76.5569 21.65
      vertex -67.5831 -76.3441 21.65
    endloop
  endfacet
  facet normal 0 0 1
    outer loop
      vertex -70.7004 -77.4859 21.65
      vertex -67.5831 -76.3441 21.65
      vertex -67.7193 -76.1168 21.65
    endloop
  endfacet
  facet normal 0 0 1
    outer loop
      vertex -70.7004 -77.4859 21.65
      vertex -67.7193 -76.1168 21.65
      vertex -67.8326 -75.8773 21.65
    endloop
  endfacet
  facet normal 0 0 1
    outer loop
      vertex -70.974 -76.3601 21.65
      vertex -67.8326 -75.8773 21.65
      vertex -67.9219 -75.6278 21.65
    endloop
  endfacet
  facet normal 0 0 1
    outer loop
      vertex -70.974 -76.3601 21.65
      vertex -67.9219 -75.6278 21.65
      vertex -67.9863 -75.3708 21.65
    endloop
  endfacet
  facet normal 0 0 1
    outer loop
      vertex -70.974 -76.3601 21.65
      vertex -67.9863 -75.3708 21.65
      vertex -68.0252 -75.1087 21.65
    endloop
  endfacet
  facet normal 0 0 1
    outer loop
      vertex -65.8649 -77.4921 21.65
      vertex -68.1226 -81.4022 21.65
      vertex -67.348 -81.9156 21.65
    endloop
  endfacet
  facet normal -0 0 1
    outer loop
      vertex -71.1691 -75.0469 21.65
      vertex -68.0252 -75.1087 21.65
      vertex -68.0382 -74.844 21.65
    endloop
  endfacet
  facet normal 0 -0 1
    outer loop
      vertex -71.1691 -75.0469 21.65
      vertex -67.9863 -74.3173 21.65
      vertex -71.286 -73.4183 21.65
    endloop
  endfacet
  facet normal 0 0 1
    outer loop
      vertex -71.325 -70.3888 21.65
      vertex -68.07 -9.8534 21.65
      vertex -68.2062 -9.62613 21.65
    endloop
  endfacet
  facet normal 0 0 1
    outer loop
      vertex -71.325 -70.3888 21.65
      vertex -68.2062 -9.62613 21.65
      vertex -68.3195 -9.38661 21.65
    endloop
  endfacet
  facet normal 0 0 1
    outer loop
      vertex -71.325 -70.3888 21.65
      vertex -68.3195 -9.38661 21.65
      vertex -68.4087 -9.13713 21.65
    endloop
  endfacet
  facet normal 0 0 1
    outer loop
      vertex -71.325 -70.3888 21.65
      vertex -68.4087 -9.13713 21.65
      vertex -68.4731 -8.88011 21.65
    endloop
  endfacet
  facet normal 0 0 1
    outer loop
      vertex -71.325 -70.3888 21.65
      vertex -68.4731 -8.88011 21.65
      vertex -68.512 -8.61801 21.65
    endloop
  endfacet
  facet normal 0 0 1
    outer loop
      vertex -71.325 -70.3888 21.65
      vertex -68.512 -8.61801 21.65
      vertex -68.525 -8.35336 21.65
    endloop
  endfacet
  facet normal 0 0 1
    outer loop
      vertex -69.1743 43.984 21.65
      vertex -68.4087 -7.5696 21.65
      vertex -69.0586 43.6606 21.65
    endloop
  endfacet
  facet normal 0 0 1
    outer loop
      vertex -67.9863 -74.3173 21.65
      vertex -71.1691 -75.0469 21.65
      vertex -68.0252 -74.5794 21.65
    endloop
  endfacet
  facet normal 0 0 1
    outer loop
      vertex -68.4087 -7.5696 21.65
      vertex -69.1743 43.984 21.65
      vertex -68.4731 -7.82662 21.65
    endloop
  endfacet
  facet normal 0 0 1
    outer loop
      vertex -69.2578 44.3172 21.65
      vertex -68.4731 -7.82662 21.65
      vertex -69.1743 43.984 21.65
    endloop
  endfacet
  facet normal 0 0 1
    outer loop
      vertex -68.4731 -7.82662 21.65
      vertex -69.2578 44.3172 21.65
      vertex -68.512 -8.08872 21.65
    endloop
  endfacet
  facet normal 0 0 1
    outer loop
      vertex -69.3081 44.6569 21.65
      vertex -68.512 -8.08872 21.65
      vertex -69.2578 44.3172 21.65
    endloop
  endfacet
  facet normal 0 0 1
    outer loop
      vertex -68.512 -8.08872 21.65
      vertex -69.3081 44.6569 21.65
      vertex -68.525 -8.35336 21.65
    endloop
  endfacet
  facet normal 0 0 1
    outer loop
      vertex -71.325 68.1888 21.65
      vertex -68.525 -8.35336 21.65
      vertex -69.3081 44.6569 21.65
    endloop
  endfacet
  facet normal 0 0 1
    outer loop
      vertex -71.325 68.1888 21.65
      vertex -69.3081 44.6569 21.65
      vertex -69.325 45 21.65
    endloop
  endfacet
  facet normal 0 0 1
    outer loop
      vertex -68.0252 -74.5794 21.65
      vertex -71.1691 -75.0469 21.65
      vertex -68.0382 -74.844 21.65
    endloop
  endfacet
  facet normal 0 0 1
    outer loop
      vertex -69.3081 45.3431 21.65
      vertex -71.325 68.1888 21.65
      vertex -69.325 45 21.65
    endloop
  endfacet
  facet normal 0 0 1
    outer loop
      vertex -70.3479 76.2737 21.65
      vertex -69.4022 77.9226 21.65
      vertex -69.9156 77.148 21.65
    endloop
  endfacet
  facet normal 0 0 1
    outer loop
      vertex -68.525 -8.35336 21.65
      vertex -71.325 68.1888 21.65
      vertex -71.325 -70.3888 21.65
    endloop
  endfacet
  facet normal 0 0 1
    outer loop
      vertex -69.4022 77.9226 21.65
      vertex -70.3479 76.2737 21.65
      vertex -70.7004 75.2859 21.65
    endloop
  endfacet
  facet normal 0 0 1
    outer loop
      vertex -68.0252 -75.1087 21.65
      vertex -71.1691 -75.0469 21.65
      vertex -70.974 -76.3601 21.65
    endloop
  endfacet
  facet normal 0 0 1
    outer loop
      vertex -69.4022 77.9226 21.65
      vertex -70.7004 75.2859 21.65
      vertex -70.974 74.1601 21.65
    endloop
  endfacet
  facet normal 0 0 1
    outer loop
      vertex -67.8326 -75.8773 21.65
      vertex -70.974 -76.3601 21.65
      vertex -70.7004 -77.4859 21.65
    endloop
  endfacet
  facet normal 0 0 1
    outer loop
      vertex -69.4022 77.9226 21.65
      vertex -70.974 74.1601 21.65
      vertex -71.1691 72.8469 21.65
    endloop
  endfacet
  facet normal 0 0 1
    outer loop
      vertex -67.5831 -76.3441 21.65
      vertex -70.7004 -77.4859 21.65
      vertex -70.3479 -78.4737 21.65
    endloop
  endfacet
  facet normal 0 0 1
    outer loop
      vertex -69.4022 77.9226 21.65
      vertex -71.1691 72.8469 21.65
      vertex -71.286 71.2183 21.65
    endloop
  endfacet
  facet normal 0 0 1
    outer loop
      vertex -67.2473 -76.7532 21.65
      vertex -70.3479 -78.4737 21.65
      vertex -69.9156 -79.348 21.65
    endloop
  endfacet
  facet normal 0 0 1
    outer loop
      vertex -69.4022 77.9226 21.65
      vertex -71.286 71.2183 21.65
      vertex -71.325 68.1888 21.65
    endloop
  endfacet
  facet normal 0 0 1
    outer loop
      vertex -66.3714 -77.3385 21.65
      vertex -68.8056 -80.8056 21.65
      vertex -68.1226 -81.4022 21.65
    endloop
  endfacet
  facet normal 0 0 1
    outer loop
      vertex -66.6109 -77.2252 21.65
      vertex -69.4022 -80.1226 21.65
      vertex -68.8056 -80.8056 21.65
    endloop
  endfacet
  facet normal 0 0 1
    outer loop
      vertex -66.8382 -77.089 21.65
      vertex -69.9156 -79.348 21.65
      vertex -69.4022 -80.1226 21.65
    endloop
  endfacet
  facet normal 0 0 1
    outer loop
      vertex -62.5914 46.3394 21.65
      vertex -63.2413 57.4051 21.65
      vertex -62.7383 46.6499 21.65
    endloop
  endfacet
  facet normal -0 0 1
    outer loop
      vertex -63.3305 57.1556 21.65
      vertex -62.7383 46.6499 21.65
      vertex -63.2413 57.4051 21.65
    endloop
  endfacet
  facet normal 0 0 1
    outer loop
      vertex -62.7383 46.6499 21.65
      vertex -63.3305 57.1556 21.65
      vertex -62.9149 46.9445 21.65
    endloop
  endfacet
  facet normal -0 0 1
    outer loop
      vertex -63.4438 56.9161 21.65
      vertex -62.9149 46.9445 21.65
      vertex -63.3305 57.1556 21.65
    endloop
  endfacet
  facet normal 0 0 1
    outer loop
      vertex -62.9149 46.9445 21.65
      vertex -63.4438 56.9161 21.65
      vertex -63.1195 47.2204 21.65
    endloop
  endfacet
  facet normal -0 0 1
    outer loop
      vertex -63.58 56.6888 21.65
      vertex -63.1195 47.2204 21.65
      vertex -63.4438 56.9161 21.65
    endloop
  endfacet
  facet normal 0 0 1
    outer loop
      vertex -63.1195 47.2204 21.65
      vertex -63.58 56.6888 21.65
      vertex -63.3501 47.4749 21.65
    endloop
  endfacet
  facet normal -0 0 1
    outer loop
      vertex -63.7379 56.476 21.65
      vertex -63.3501 47.4749 21.65
      vertex -63.58 56.6888 21.65
    endloop
  endfacet
  facet normal -0 0 1
    outer loop
      vertex -63.9158 56.2796 21.65
      vertex -63.3501 47.4749 21.65
      vertex -63.7379 56.476 21.65
    endloop
  endfacet
  facet normal 0 0 1
    outer loop
      vertex -63.3501 47.4749 21.65
      vertex -63.9158 56.2796 21.65
      vertex -63.6046 47.7055 21.65
    endloop
  endfacet
  facet normal -0 0 1
    outer loop
      vertex -64.1121 56.1017 21.65
      vertex -63.6046 47.7055 21.65
      vertex -63.9158 56.2796 21.65
    endloop
  endfacet
  facet normal 0 0 1
    outer loop
      vertex -63.6046 47.7055 21.65
      vertex -64.1121 56.1017 21.65
      vertex -63.8805 47.9101 21.65
    endloop
  endfacet
  facet normal -0 0 1
    outer loop
      vertex -64.325 55.9439 21.65
      vertex -63.8805 47.9101 21.65
      vertex -64.1121 56.1017 21.65
    endloop
  endfacet
  facet normal 0 0 1
    outer loop
      vertex -63.8805 47.9101 21.65
      vertex -64.325 55.9439 21.65
      vertex -64.1751 48.0867 21.65
    endloop
  endfacet
  facet normal -0 0 1
    outer loop
      vertex -64.5522 55.8076 21.65
      vertex -64.1751 48.0867 21.65
      vertex -64.325 55.9439 21.65
    endloop
  endfacet
  facet normal 0 0 1
    outer loop
      vertex -64.1751 48.0867 21.65
      vertex -64.5522 55.8076 21.65
      vertex -64.4856 48.2336 21.65
    endloop
  endfacet
  facet normal -0 0 1
    outer loop
      vertex -64.7918 55.6944 21.65
      vertex -64.4856 48.2336 21.65
      vertex -64.5522 55.8076 21.65
    endloop
  endfacet
  facet normal 0 0 1
    outer loop
      vertex -64.7918 55.6944 21.65
      vertex -64.809 48.3493 21.65
      vertex -64.4856 48.2336 21.65
    endloop
  endfacet
  facet normal -0 0 1
    outer loop
      vertex -65.0412 55.6051 21.65
      vertex -64.809 48.3493 21.65
      vertex -64.7918 55.6944 21.65
    endloop
  endfacet
  facet normal 0 0 1
    outer loop
      vertex -65.0412 55.6051 21.65
      vertex -65.1422 48.4327 21.65
      vertex -64.809 48.3493 21.65
    endloop
  endfacet
  facet normal -0 0 1
    outer loop
      vertex -65.2983 55.5407 21.65
      vertex -65.1422 48.4327 21.65
      vertex -65.0412 55.6051 21.65
    endloop
  endfacet
  facet normal 0 0 1
    outer loop
      vertex -65.2983 55.5407 21.65
      vertex -65.4819 48.4831 21.65
      vertex -65.1422 48.4327 21.65
    endloop
  endfacet
  facet normal -0 0 1
    outer loop
      vertex -65.5604 55.5018 21.65
      vertex -65.4819 48.4831 21.65
      vertex -65.2983 55.5407 21.65
    endloop
  endfacet
  facet normal 0 0 1
    outer loop
      vertex -65.825 48.5 21.65
      vertex -65.5604 55.5018 21.65
      vertex -65.825 55.4888 21.65
    endloop
  endfacet
  facet normal 0 0 1
    outer loop
      vertex -65.5604 55.5018 21.65
      vertex -65.825 48.5 21.65
      vertex -65.4819 48.4831 21.65
    endloop
  endfacet
  facet normal 0 0 1
    outer loop
      vertex -66.0896 55.5018 21.65
      vertex -65.825 48.5 21.65
      vertex -65.825 55.4888 21.65
    endloop
  endfacet
  facet normal 0 0 1
    outer loop
      vertex -66.0896 55.5018 21.65
      vertex -66.1681 48.4831 21.65
      vertex -65.825 48.5 21.65
    endloop
  endfacet
  facet normal 0 0 1
    outer loop
      vertex -66.3517 55.5407 21.65
      vertex -66.1681 48.4831 21.65
      vertex -66.0896 55.5018 21.65
    endloop
  endfacet
  facet normal 0 0 1
    outer loop
      vertex -66.3517 55.5407 21.65
      vertex -66.5078 48.4327 21.65
      vertex -66.1681 48.4831 21.65
    endloop
  endfacet
  facet normal 0 0 1
    outer loop
      vertex -66.6088 55.6051 21.65
      vertex -66.5078 48.4327 21.65
      vertex -66.3517 55.5407 21.65
    endloop
  endfacet
  facet normal 0 0 1
    outer loop
      vertex -66.6088 55.6051 21.65
      vertex -66.841 48.3493 21.65
      vertex -66.5078 48.4327 21.65
    endloop
  endfacet
  facet normal 0 0 1
    outer loop
      vertex -66.8582 55.6944 21.65
      vertex -66.841 48.3493 21.65
      vertex -66.6088 55.6051 21.65
    endloop
  endfacet
  facet normal 0 0 1
    outer loop
      vertex -67.1644 48.2336 21.65
      vertex -66.8582 55.6944 21.65
      vertex -67.0978 55.8076 21.65
    endloop
  endfacet
  facet normal 0 0 1
    outer loop
      vertex -66.8582 55.6944 21.65
      vertex -67.1644 48.2336 21.65
      vertex -66.841 48.3493 21.65
    endloop
  endfacet
  facet normal 0 0 1
    outer loop
      vertex -67.4749 48.0867 21.65
      vertex -67.0978 55.8076 21.65
      vertex -67.325 55.9439 21.65
    endloop
  endfacet
  facet normal 0 0 1
    outer loop
      vertex -67.0978 55.8076 21.65
      vertex -67.4749 48.0867 21.65
      vertex -67.1644 48.2336 21.65
    endloop
  endfacet
  facet normal 0 0 1
    outer loop
      vertex -67.7695 47.9101 21.65
      vertex -67.325 55.9439 21.65
      vertex -67.5379 56.1017 21.65
    endloop
  endfacet
  facet normal 0 0 1
    outer loop
      vertex -68.0454 47.7055 21.65
      vertex -67.5379 56.1017 21.65
      vertex -67.7342 56.2796 21.65
    endloop
  endfacet
  facet normal 0 0 1
    outer loop
      vertex -67.325 55.9439 21.65
      vertex -67.7695 47.9101 21.65
      vertex -67.4749 48.0867 21.65
    endloop
  endfacet
  facet normal 0 0 1
    outer loop
      vertex -68.2999 47.4749 21.65
      vertex -67.7342 56.2796 21.65
      vertex -67.9121 56.476 21.65
    endloop
  endfacet
  facet normal 0 0 1
    outer loop
      vertex -67.5379 56.1017 21.65
      vertex -68.0454 47.7055 21.65
      vertex -67.7695 47.9101 21.65
    endloop
  endfacet
  facet normal 0 0 1
    outer loop
      vertex -68.2999 47.4749 21.65
      vertex -67.9121 56.476 21.65
      vertex -68.07 56.6888 21.65
    endloop
  endfacet
  facet normal 0 0 1
    outer loop
      vertex -68.5305 47.2204 21.65
      vertex -68.07 56.6888 21.65
      vertex -68.2062 56.9161 21.65
    endloop
  endfacet
  facet normal 0 0 1
    outer loop
      vertex -67.7342 56.2796 21.65
      vertex -68.2999 47.4749 21.65
      vertex -68.0454 47.7055 21.65
    endloop
  endfacet
  facet normal 0 0 1
    outer loop
      vertex -68.7351 46.9445 21.65
      vertex -68.2062 56.9161 21.65
      vertex -68.3195 57.1556 21.65
    endloop
  endfacet
  facet normal 0 0 1
    outer loop
      vertex -68.9117 46.6499 21.65
      vertex -68.3195 57.1556 21.65
      vertex -68.4087 57.4051 21.65
    endloop
  endfacet
  facet normal 0 0 1
    outer loop
      vertex -69.0586 46.3394 21.65
      vertex -68.4087 57.4051 21.65
      vertex -68.4731 57.6621 21.65
    endloop
  endfacet
  facet normal 0 0 1
    outer loop
      vertex -69.1743 46.016 21.65
      vertex -68.4731 57.6621 21.65
      vertex -68.512 57.9242 21.65
    endloop
  endfacet
  facet normal 0 0 1
    outer loop
      vertex -71.325 68.1888 21.65
      vertex -68.512 57.9242 21.65
      vertex -68.525 58.1888 21.65
    endloop
  endfacet
  facet normal 0 0 1
    outer loop
      vertex -68.07 56.6888 21.65
      vertex -68.5305 47.2204 21.65
      vertex -68.2999 47.4749 21.65
    endloop
  endfacet
  facet normal -0 0 1
    outer loop
      vertex 2.687 -78.0896 21.65
      vertex 58.3888 -83.325 21.65
      vertex 2.7 -77.825 21.65
    endloop
  endfacet
  facet normal -0 0 1
    outer loop
      vertex 2.64812 -78.3517 21.65
      vertex 58.3888 -83.325 21.65
      vertex 2.687 -78.0896 21.65
    endloop
  endfacet
  facet normal -0 0 1
    outer loop
      vertex 2.58374 -78.6088 21.65
      vertex 58.3888 -83.325 21.65
      vertex 2.64812 -78.3517 21.65
    endloop
  endfacet
  facet normal -0 0 1
    outer loop
      vertex 2.49447 -78.8582 21.65
      vertex 58.3888 -83.325 21.65
      vertex 2.58374 -78.6088 21.65
    endloop
  endfacet
  facet normal -0 0 1
    outer loop
      vertex 2.38119 -79.0978 21.65
      vertex 58.3888 -83.325 21.65
      vertex 2.49447 -78.8582 21.65
    endloop
  endfacet
  facet normal -0 0 1
    outer loop
      vertex 2.24497 -79.325 21.65
      vertex 58.3888 -83.325 21.65
      vertex 2.38119 -79.0978 21.65
    endloop
  endfacet
  facet normal -0 0 1
    outer loop
      vertex 2.08713 -79.5379 21.65
      vertex 58.3888 -83.325 21.65
      vertex 2.24497 -79.325 21.65
    endloop
  endfacet
  facet normal -0 0 1
    outer loop
      vertex 1.90919 -79.7342 21.65
      vertex 58.3888 -83.325 21.65
      vertex 2.08713 -79.5379 21.65
    endloop
  endfacet
  facet normal -0 0 1
    outer loop
      vertex 1.71286 -79.9121 21.65
      vertex 58.3888 -83.325 21.65
      vertex 1.90919 -79.7342 21.65
    endloop
  endfacet
  facet normal -0 0 1
    outer loop
      vertex 1.50004 -80.07 21.65
      vertex 58.3888 -83.325 21.65
      vertex 1.71286 -79.9121 21.65
    endloop
  endfacet
  facet normal -0 0 1
    outer loop
      vertex 1.27277 -80.2062 21.65
      vertex 58.3888 -83.325 21.65
      vertex 1.50004 -80.07 21.65
    endloop
  endfacet
  facet normal -0 0 1
    outer loop
      vertex 1.03325 -80.3195 21.65
      vertex 58.3888 -83.325 21.65
      vertex 1.27277 -80.2062 21.65
    endloop
  endfacet
  facet normal -0 0 1
    outer loop
      vertex 0.783768 -80.4087 21.65
      vertex 58.3888 -83.325 21.65
      vertex 1.03325 -80.3195 21.65
    endloop
  endfacet
  facet normal -0 0 1
    outer loop
      vertex 0.526743 -80.4731 21.65
      vertex 58.3888 -83.325 21.65
      vertex 0.783768 -80.4087 21.65
    endloop
  endfacet
  facet normal -0 0 1
    outer loop
      vertex 0.264646 -80.512 21.65
      vertex 58.3888 -83.325 21.65
      vertex 0.526743 -80.4731 21.65
    endloop
  endfacet
  facet normal -0 0 1
    outer loop
      vertex 0 -80.525 21.65
      vertex 58.3888 -83.325 21.65
      vertex 0.264646 -80.512 21.65
    endloop
  endfacet
  facet normal 0 0 1
    outer loop
      vertex -2.64812 -77.2983 21.65
      vertex -58.3888 -83.325 21.65
      vertex -2.687 -77.5604 21.65
    endloop
  endfacet
  facet normal 0 0 1
    outer loop
      vertex -2.687 -77.5604 21.65
      vertex -58.3888 -83.325 21.65
      vertex -2.7 -77.825 21.65
    endloop
  endfacet
  facet normal 0 0 1
    outer loop
      vertex -2.7 -77.825 21.65
      vertex -58.3888 -83.325 21.65
      vertex -2.687 -78.0896 21.65
    endloop
  endfacet
  facet normal 0 0 1
    outer loop
      vertex 0 -80.525 21.65
      vertex -58.3888 -83.325 21.65
      vertex 58.3888 -83.325 21.65
    endloop
  endfacet
  facet normal 0 0 1
    outer loop
      vertex -0.264646 -80.512 21.65
      vertex -58.3888 -83.325 21.65
      vertex 0 -80.525 21.65
    endloop
  endfacet
  facet normal 0 0 1
    outer loop
      vertex -0.526743 -80.4731 21.65
      vertex -58.3888 -83.325 21.65
      vertex -0.264646 -80.512 21.65
    endloop
  endfacet
  facet normal 0 0 1
    outer loop
      vertex -0.783768 -80.4087 21.65
      vertex -58.3888 -83.325 21.65
      vertex -0.526743 -80.4731 21.65
    endloop
  endfacet
  facet normal 0 0 1
    outer loop
      vertex -1.03325 -80.3195 21.65
      vertex -58.3888 -83.325 21.65
      vertex -0.783768 -80.4087 21.65
    endloop
  endfacet
  facet normal 0 0 1
    outer loop
      vertex -1.27277 -80.2062 21.65
      vertex -58.3888 -83.325 21.65
      vertex -1.03325 -80.3195 21.65
    endloop
  endfacet
  facet normal 0 0 1
    outer loop
      vertex -1.50004 -80.07 21.65
      vertex -58.3888 -83.325 21.65
      vertex -1.27277 -80.2062 21.65
    endloop
  endfacet
  facet normal 0 0 1
    outer loop
      vertex -1.71286 -79.9121 21.65
      vertex -58.3888 -83.325 21.65
      vertex -1.50004 -80.07 21.65
    endloop
  endfacet
  facet normal 0 0 1
    outer loop
      vertex -1.90919 -79.7342 21.65
      vertex -58.3888 -83.325 21.65
      vertex -1.71286 -79.9121 21.65
    endloop
  endfacet
  facet normal 0 0 1
    outer loop
      vertex -2.08713 -79.5379 21.65
      vertex -58.3888 -83.325 21.65
      vertex -1.90919 -79.7342 21.65
    endloop
  endfacet
  facet normal 0 0 1
    outer loop
      vertex -2.24497 -79.325 21.65
      vertex -58.3888 -83.325 21.65
      vertex -2.08713 -79.5379 21.65
    endloop
  endfacet
  facet normal 0 0 1
    outer loop
      vertex -2.38119 -79.0978 21.65
      vertex -58.3888 -83.325 21.65
      vertex -2.24497 -79.325 21.65
    endloop
  endfacet
  facet normal 0 0 1
    outer loop
      vertex -2.49447 -78.8582 21.65
      vertex -58.3888 -83.325 21.65
      vertex -2.38119 -79.0978 21.65
    endloop
  endfacet
  facet normal 0 0 1
    outer loop
      vertex -2.58374 -78.6088 21.65
      vertex -58.3888 -83.325 21.65
      vertex -2.49447 -78.8582 21.65
    endloop
  endfacet
  facet normal 0 0 1
    outer loop
      vertex -2.687 -78.0896 21.65
      vertex -58.3888 -83.325 21.65
      vertex -2.64812 -78.3517 21.65
    endloop
  endfacet
  facet normal 0 0 1
    outer loop
      vertex -64.5522 60.57 21.65
      vertex -58.3888 81.125 21.65
      vertex -61.4183 81.086 21.65
    endloop
  endfacet
  facet normal 0 0 1
    outer loop
      vertex -2.64812 -78.3517 21.65
      vertex -58.3888 -83.325 21.65
      vertex -2.58374 -78.6088 21.65
    endloop
  endfacet
  facet normal -0 0 1
    outer loop
      vertex -63.1769 -8.88011 21.65
      vertex -0.264646 -75.138 21.65
      vertex -63.138 -8.61801 21.65
    endloop
  endfacet
  facet normal 0 0 1
    outer loop
      vertex -58.3888 81.125 21.65
      vertex -62.3419 45.3431 21.65
      vertex -62.325 45 21.65
    endloop
  endfacet
  facet normal 0 0 1
    outer loop
      vertex -58.3888 81.125 21.65
      vertex -63.125 58.1888 21.65
      vertex -62.3419 45.3431 21.65
    endloop
  endfacet
  facet normal 0 0 1
    outer loop
      vertex -62.3419 45.3431 21.65
      vertex -63.125 58.1888 21.65
      vertex -62.3923 45.6828 21.65
    endloop
  endfacet
  facet normal -0 0 1
    outer loop
      vertex -63.138 57.9242 21.65
      vertex -62.3923 45.6828 21.65
      vertex -63.125 58.1888 21.65
    endloop
  endfacet
  facet normal 0 0 1
    outer loop
      vertex -62.3923 45.6828 21.65
      vertex -63.138 57.9242 21.65
      vertex -62.4757 46.016 21.65
    endloop
  endfacet
  facet normal -0 0 1
    outer loop
      vertex -63.1769 57.6621 21.65
      vertex -62.4757 46.016 21.65
      vertex -63.138 57.9242 21.65
    endloop
  endfacet
  facet normal 0 0 1
    outer loop
      vertex -71.325 68.1888 21.65
      vertex -61.4183 81.086 21.65
      vertex -63.0469 80.9691 21.65
    endloop
  endfacet
  facet normal 0 0 1
    outer loop
      vertex -62.4757 46.016 21.65
      vertex -63.1769 57.6621 21.65
      vertex -62.5914 46.3394 21.65
    endloop
  endfacet
  facet normal -0 0 1
    outer loop
      vertex -63.2413 57.4051 21.65
      vertex -62.5914 46.3394 21.65
      vertex -63.1769 57.6621 21.65
    endloop
  endfacet
  facet normal 0 0 1
    outer loop
      vertex -58.3888 81.125 21.65
      vertex -63.138 58.4535 21.65
      vertex -63.125 58.1888 21.65
    endloop
  endfacet
  facet normal 0 0 1
    outer loop
      vertex -58.3888 81.125 21.65
      vertex -63.1769 58.7156 21.65
      vertex -63.138 58.4535 21.65
    endloop
  endfacet
  facet normal 0 0 1
    outer loop
      vertex -58.3888 81.125 21.65
      vertex -63.2413 58.9726 21.65
      vertex -63.1769 58.7156 21.65
    endloop
  endfacet
  facet normal 0 0 1
    outer loop
      vertex -58.3888 81.125 21.65
      vertex -63.3305 59.2221 21.65
      vertex -63.2413 58.9726 21.65
    endloop
  endfacet
  facet normal 0 0 1
    outer loop
      vertex -58.3888 81.125 21.65
      vertex -63.4438 59.4616 21.65
      vertex -63.3305 59.2221 21.65
    endloop
  endfacet
  facet normal 0 0 1
    outer loop
      vertex -58.3888 81.125 21.65
      vertex -63.58 59.6889 21.65
      vertex -63.4438 59.4616 21.65
    endloop
  endfacet
  facet normal 0 0 1
    outer loop
      vertex -58.3888 81.125 21.65
      vertex -63.7379 59.9017 21.65
      vertex -63.58 59.6889 21.65
    endloop
  endfacet
  facet normal 0 0 1
    outer loop
      vertex -58.3888 81.125 21.65
      vertex -63.9158 60.098 21.65
      vertex -63.7379 59.9017 21.65
    endloop
  endfacet
  facet normal 0 0 1
    outer loop
      vertex -58.3888 81.125 21.65
      vertex -64.1121 60.276 21.65
      vertex -63.9158 60.098 21.65
    endloop
  endfacet
  facet normal 0 0 1
    outer loop
      vertex -58.3888 81.125 21.65
      vertex -64.325 60.4338 21.65
      vertex -64.1121 60.276 21.65
    endloop
  endfacet
  facet normal 0 0 1
    outer loop
      vertex -71.325 68.1888 21.65
      vertex -64.3602 80.774 21.65
      vertex -69.4022 77.9226 21.65
    endloop
  endfacet
  facet normal 0 0 1
    outer loop
      vertex -58.3888 81.125 21.65
      vertex -64.5522 60.57 21.65
      vertex -64.325 60.4338 21.65
    endloop
  endfacet
  facet normal 0 0 1
    outer loop
      vertex -61.4183 81.086 21.65
      vertex -64.7918 60.6833 21.65
      vertex -64.5522 60.57 21.65
    endloop
  endfacet
  facet normal 0 0 1
    outer loop
      vertex -61.4183 81.086 21.65
      vertex -71.325 68.1888 21.65
      vertex -64.7918 60.6833 21.65
    endloop
  endfacet
  facet normal -0 0 1
    outer loop
      vertex -64.3602 80.774 21.65
      vertex -71.325 68.1888 21.65
      vertex -63.0469 80.9691 21.65
    endloop
  endfacet
  facet normal 0 0 1
    outer loop
      vertex -69.4022 77.9226 21.65
      vertex -64.3602 80.774 21.65
      vertex -65.4859 80.5005 21.65
    endloop
  endfacet
  facet normal 0 0 1
    outer loop
      vertex -64.7918 60.6833 21.65
      vertex -71.325 68.1888 21.65
      vertex -65.0412 60.7726 21.65
    endloop
  endfacet
  facet normal 0 0 1
    outer loop
      vertex -65.0412 60.7726 21.65
      vertex -71.325 68.1888 21.65
      vertex -65.2983 60.8369 21.65
    endloop
  endfacet
  facet normal 0 0 1
    outer loop
      vertex -65.2983 60.8369 21.65
      vertex -71.325 68.1888 21.65
      vertex -65.5604 60.8758 21.65
    endloop
  endfacet
  facet normal 0 0 1
    outer loop
      vertex -65.5604 60.8758 21.65
      vertex -71.325 68.1888 21.65
      vertex -65.825 60.8888 21.65
    endloop
  endfacet
  facet normal 0 0 1
    outer loop
      vertex -69.4022 77.9226 21.65
      vertex -65.4859 80.5005 21.65
      vertex -66.4737 80.1479 21.65
    endloop
  endfacet
  facet normal 0 0 1
    outer loop
      vertex -65.825 60.8888 21.65
      vertex -71.325 68.1888 21.65
      vertex -66.0896 60.8758 21.65
    endloop
  endfacet
  facet normal 0 0 1
    outer loop
      vertex -66.0896 60.8758 21.65
      vertex -71.325 68.1888 21.65
      vertex -66.3517 60.8369 21.65
    endloop
  endfacet
  facet normal 0 0 1
    outer loop
      vertex -66.3517 60.8369 21.65
      vertex -71.325 68.1888 21.65
      vertex -66.6088 60.7726 21.65
    endloop
  endfacet
  facet normal 0 0 1
    outer loop
      vertex -66.6088 60.7726 21.65
      vertex -71.325 68.1888 21.65
      vertex -66.8582 60.6833 21.65
    endloop
  endfacet
  facet normal 0 0 1
    outer loop
      vertex -69.4022 77.9226 21.65
      vertex -66.4737 80.1479 21.65
      vertex -67.348 79.7156 21.65
    endloop
  endfacet
  facet normal 0 0 1
    outer loop
      vertex -66.8582 60.6833 21.65
      vertex -71.325 68.1888 21.65
      vertex -67.0978 60.57 21.65
    endloop
  endfacet
  facet normal 0 0 1
    outer loop
      vertex -67.0978 60.57 21.65
      vertex -71.325 68.1888 21.65
      vertex -67.325 60.4338 21.65
    endloop
  endfacet
  facet normal 0 0 1
    outer loop
      vertex -67.325 60.4338 21.65
      vertex -71.325 68.1888 21.65
      vertex -67.5379 60.276 21.65
    endloop
  endfacet
  facet normal 0 0 1
    outer loop
      vertex -67.5379 60.276 21.65
      vertex -71.325 68.1888 21.65
      vertex -67.7342 60.098 21.65
    endloop
  endfacet
  facet normal 0 0 1
    outer loop
      vertex -69.4022 77.9226 21.65
      vertex -67.348 79.7156 21.65
      vertex -68.1226 79.2022 21.65
    endloop
  endfacet
  facet normal 0 0 1
    outer loop
      vertex -67.7342 60.098 21.65
      vertex -71.325 68.1888 21.65
      vertex -67.9121 59.9017 21.65
    endloop
  endfacet
  facet normal 0 0 1
    outer loop
      vertex -67.9121 59.9017 21.65
      vertex -71.325 68.1888 21.65
      vertex -68.07 59.6889 21.65
    endloop
  endfacet
  facet normal 0 0 1
    outer loop
      vertex -68.07 59.6889 21.65
      vertex -71.325 68.1888 21.65
      vertex -68.2062 59.4616 21.65
    endloop
  endfacet
  facet normal 0 0 1
    outer loop
      vertex -68.2062 59.4616 21.65
      vertex -71.325 68.1888 21.65
      vertex -68.3195 59.2221 21.65
    endloop
  endfacet
  facet normal 0 0 1
    outer loop
      vertex -68.3195 59.2221 21.65
      vertex -71.325 68.1888 21.65
      vertex -68.4087 58.9726 21.65
    endloop
  endfacet
  facet normal 0 0 1
    outer loop
      vertex -68.4087 58.9726 21.65
      vertex -71.325 68.1888 21.65
      vertex -68.4731 58.7156 21.65
    endloop
  endfacet
  facet normal 0 0 1
    outer loop
      vertex -68.2062 56.9161 21.65
      vertex -68.7351 46.9445 21.65
      vertex -68.5305 47.2204 21.65
    endloop
  endfacet
  facet normal 0 0 1
    outer loop
      vertex -69.4022 77.9226 21.65
      vertex -68.1226 79.2022 21.65
      vertex -68.8056 78.6056 21.65
    endloop
  endfacet
  facet normal 0 0 1
    outer loop
      vertex -68.4731 58.7156 21.65
      vertex -71.325 68.1888 21.65
      vertex -68.512 58.4535 21.65
    endloop
  endfacet
  facet normal 0 0 1
    outer loop
      vertex -68.512 58.4535 21.65
      vertex -71.325 68.1888 21.65
      vertex -68.525 58.1888 21.65
    endloop
  endfacet
  facet normal 0 0 1
    outer loop
      vertex -68.3195 57.1556 21.65
      vertex -68.9117 46.6499 21.65
      vertex -68.7351 46.9445 21.65
    endloop
  endfacet
  facet normal 0 0 1
    outer loop
      vertex -68.4087 57.4051 21.65
      vertex -69.0586 46.3394 21.65
      vertex -68.9117 46.6499 21.65
    endloop
  endfacet
  facet normal 0 0 1
    outer loop
      vertex -68.4731 57.6621 21.65
      vertex -69.1743 46.016 21.65
      vertex -69.0586 46.3394 21.65
    endloop
  endfacet
  facet normal 0 0 1
    outer loop
      vertex -68.512 57.9242 21.65
      vertex -69.2578 45.6828 21.65
      vertex -69.1743 46.016 21.65
    endloop
  endfacet
  facet normal 0 0 1
    outer loop
      vertex -68.512 57.9242 21.65
      vertex -71.325 68.1888 21.65
      vertex -69.2578 45.6828 21.65
    endloop
  endfacet
  facet normal 0 0 1
    outer loop
      vertex -69.2578 45.6828 21.65
      vertex -71.325 68.1888 21.65
      vertex -69.3081 45.3431 21.65
    endloop
  endfacet
  facet normal 0 0 1
    outer loop
      vertex 71.1691 -75.0469 21.65
      vertex 68.0252 -74.5794 21.65
      vertex 68.0382 -74.844 21.65
    endloop
  endfacet
  facet normal 0 0 1
    outer loop
      vertex 71.325 -70.3888 21.65
      vertex 67.9863 -74.3173 21.65
      vertex 68.0252 -74.5794 21.65
    endloop
  endfacet
  facet normal 0 0 1
    outer loop
      vertex 71.325 -70.3888 21.65
      vertex 67.9219 -74.0603 21.65
      vertex 67.9863 -74.3173 21.65
    endloop
  endfacet
  facet normal -0 0 1
    outer loop
      vertex 67.7342 -10.2626 21.65
      vertex 71.325 -70.3888 21.65
      vertex 67.9121 -10.0662 21.65
    endloop
  endfacet
  facet normal 0 0 1
    outer loop
      vertex 71.325 -70.3888 21.65
      vertex 67.8326 -73.8108 21.65
      vertex 67.9219 -74.0603 21.65
    endloop
  endfacet
  facet normal -0 0 1
    outer loop
      vertex 67.5379 -10.4405 21.65
      vertex 71.325 -70.3888 21.65
      vertex 67.7342 -10.2626 21.65
    endloop
  endfacet
  facet normal 0 0 1
    outer loop
      vertex 71.325 -70.3888 21.65
      vertex 67.7193 -73.5713 21.65
      vertex 67.8326 -73.8108 21.65
    endloop
  endfacet
  facet normal 0 0 1
    outer loop
      vertex 71.325 -70.3888 21.65
      vertex 67.5831 -73.344 21.65
      vertex 67.7193 -73.5713 21.65
    endloop
  endfacet
  facet normal -0 0 1
    outer loop
      vertex 67.325 -10.5983 21.65
      vertex 71.325 -70.3888 21.65
      vertex 67.5379 -10.4405 21.65
    endloop
  endfacet
  facet normal 0 0 1
    outer loop
      vertex 71.325 -70.3888 21.65
      vertex 67.4253 -73.1312 21.65
      vertex 67.5831 -73.344 21.65
    endloop
  endfacet
  facet normal -0 0 1
    outer loop
      vertex 67.0978 -10.7346 21.65
      vertex 71.325 -70.3888 21.65
      vertex 67.325 -10.5983 21.65
    endloop
  endfacet
  facet normal 0 0 1
    outer loop
      vertex 71.325 -70.3888 21.65
      vertex 67.2473 -72.9348 21.65
      vertex 67.4253 -73.1312 21.65
    endloop
  endfacet
  facet normal -0 0 1
    outer loop
      vertex 66.8582 -10.8478 21.65
      vertex 71.325 -70.3888 21.65
      vertex 67.0978 -10.7346 21.65
    endloop
  endfacet
  facet normal 0 0 1
    outer loop
      vertex 71.325 -70.3888 21.65
      vertex 67.051 -72.7569 21.65
      vertex 67.2473 -72.9348 21.65
    endloop
  endfacet
  facet normal -0 0 1
    outer loop
      vertex 66.6088 -10.9371 21.65
      vertex 71.325 -70.3888 21.65
      vertex 66.8582 -10.8478 21.65
    endloop
  endfacet
  facet normal 0 0 1
    outer loop
      vertex 71.325 -70.3888 21.65
      vertex 66.8382 -72.5991 21.65
      vertex 67.051 -72.7569 21.65
    endloop
  endfacet
  facet normal 0 0 1
    outer loop
      vertex 71.325 -70.3888 21.65
      vertex 66.6109 -72.4628 21.65
      vertex 66.8382 -72.5991 21.65
    endloop
  endfacet
  facet normal -0 0 1
    outer loop
      vertex 66.3517 -11.0015 21.65
      vertex 71.325 -70.3888 21.65
      vertex 66.6088 -10.9371 21.65
    endloop
  endfacet
  facet normal 0 0 1
    outer loop
      vertex 71.325 -70.3888 21.65
      vertex 66.3714 -72.3495 21.65
      vertex 66.6109 -72.4628 21.65
    endloop
  endfacet
  facet normal -0 0 1
    outer loop
      vertex 66.0896 -11.0404 21.65
      vertex 71.325 -70.3888 21.65
      vertex 66.3517 -11.0015 21.65
    endloop
  endfacet
  facet normal 0 0 1
    outer loop
      vertex 71.325 -70.3888 21.65
      vertex 66.1219 -72.2603 21.65
      vertex 66.3714 -72.3495 21.65
    endloop
  endfacet
  facet normal -0 0 1
    outer loop
      vertex 65.825 -11.0534 21.65
      vertex 71.325 -70.3888 21.65
      vertex 66.0896 -11.0404 21.65
    endloop
  endfacet
  facet normal 0 0 1
    outer loop
      vertex 71.325 -70.3888 21.65
      vertex 65.8649 -72.1959 21.65
      vertex 66.1219 -72.2603 21.65
    endloop
  endfacet
  facet normal 0 0 1
    outer loop
      vertex 65.5604 -11.0404 21.65
      vertex 71.325 -70.3888 21.65
      vertex 65.825 -11.0534 21.65
    endloop
  endfacet
  facet normal 0 0 1
    outer loop
      vertex 71.325 -70.3888 21.65
      vertex 65.6028 -72.157 21.65
      vertex 65.8649 -72.1959 21.65
    endloop
  endfacet
  facet normal 0 0 1
    outer loop
      vertex 65.2983 -11.0015 21.65
      vertex 71.325 -70.3888 21.65
      vertex 65.5604 -11.0404 21.65
    endloop
  endfacet
  facet normal 0 0 1
    outer loop
      vertex 71.325 -70.3888 21.65
      vertex 65.3382 -72.144 21.65
      vertex 65.6028 -72.157 21.65
    endloop
  endfacet
  facet normal 0 0 1
    outer loop
      vertex 64.8114 -72.1959 21.65
      vertex 71.325 -70.3888 21.65
      vertex 65.2983 -11.0015 21.65
    endloop
  endfacet
  facet normal 0 0 1
    outer loop
      vertex 71.325 -70.3888 21.65
      vertex 65.0735 -72.157 21.65
      vertex 65.3382 -72.144 21.65
    endloop
  endfacet
  facet normal 0 0 1
    outer loop
      vertex 64.8114 -72.1959 21.65
      vertex 65.2983 -11.0015 21.65
      vertex 65.0412 -10.9371 21.65
    endloop
  endfacet
  facet normal 0 0 1
    outer loop
      vertex 71.325 -70.3888 21.65
      vertex 64.8114 -72.1959 21.65
      vertex 65.0735 -72.157 21.65
    endloop
  endfacet
  facet normal 0 0 1
    outer loop
      vertex 64.5544 -72.2603 21.65
      vertex 65.0412 -10.9371 21.65
      vertex 64.7918 -10.8478 21.65
    endloop
  endfacet
  facet normal 0 0 1
    outer loop
      vertex 65.0412 -10.9371 21.65
      vertex 64.5544 -72.2603 21.65
      vertex 64.8114 -72.1959 21.65
    endloop
  endfacet
  facet normal 0 0 1
    outer loop
      vertex 64.3049 -72.3495 21.65
      vertex 64.7918 -10.8478 21.65
      vertex 64.5522 -10.7346 21.65
    endloop
  endfacet
  facet normal 0 0 1
    outer loop
      vertex 64.0654 -72.4628 21.65
      vertex 64.5522 -10.7346 21.65
      vertex 64.325 -10.5983 21.65
    endloop
  endfacet
  facet normal 0 0 1
    outer loop
      vertex 64.7918 -10.8478 21.65
      vertex 64.3049 -72.3495 21.65
      vertex 64.5544 -72.2603 21.65
    endloop
  endfacet
  facet normal 0 0 1
    outer loop
      vertex 63.8381 -72.5991 21.65
      vertex 64.325 -10.5983 21.65
      vertex 64.1121 -10.4405 21.65
    endloop
  endfacet
  facet normal 0 0 1
    outer loop
      vertex 64.5522 -10.7346 21.65
      vertex 64.0654 -72.4628 21.65
      vertex 64.3049 -72.3495 21.65
    endloop
  endfacet
  facet normal 0 0 1
    outer loop
      vertex 63.6253 -72.7569 21.65
      vertex 64.1121 -10.4405 21.65
      vertex 63.9158 -10.2626 21.65
    endloop
  endfacet
  facet normal 0 0 1
    outer loop
      vertex 64.325 -10.5983 21.65
      vertex 63.8381 -72.5991 21.65
      vertex 64.0654 -72.4628 21.65
    endloop
  endfacet
  facet normal 0 0 1
    outer loop
      vertex 1.71286 -75.7379 21.65
      vertex 63.9158 -10.2626 21.65
      vertex 63.7379 -10.0662 21.65
    endloop
  endfacet
  facet normal 0 0 1
    outer loop
      vertex 64.1121 -10.4405 21.65
      vertex 63.6253 -72.7569 21.65
      vertex 63.8381 -72.5991 21.65
    endloop
  endfacet
  facet normal 0 0 1
    outer loop
      vertex 1.50004 -75.58 21.65
      vertex 63.7379 -10.0662 21.65
      vertex 63.58 -9.8534 21.65
    endloop
  endfacet
  facet normal 0 0 1
    outer loop
      vertex 1.27277 -75.4438 21.65
      vertex 63.58 -9.8534 21.65
      vertex 63.4438 -9.62613 21.65
    endloop
  endfacet
  facet normal 0 0 1
    outer loop
      vertex 63.9158 -10.2626 21.65
      vertex 63.429 -72.9348 21.65
      vertex 63.6253 -72.7569 21.65
    endloop
  endfacet
  facet normal 0 0 1
    outer loop
      vertex 1.03325 -75.3305 21.65
      vertex 63.4438 -9.62613 21.65
      vertex 63.3305 -9.38661 21.65
    endloop
  endfacet
  facet normal 0 0 1
    outer loop
      vertex 63.9158 -10.2626 21.65
      vertex 1.71286 -75.7379 21.65
      vertex 63.429 -72.9348 21.65
    endloop
  endfacet
  facet normal 0 0 1
    outer loop
      vertex 0.783768 -75.2413 21.65
      vertex 63.3305 -9.38661 21.65
      vertex 63.2413 -9.13713 21.65
    endloop
  endfacet
  facet normal 0 0 1
    outer loop
      vertex 0.526743 -75.1769 21.65
      vertex 63.2413 -9.13713 21.65
      vertex 63.1769 -8.88011 21.65
    endloop
  endfacet
  facet normal 0 0 1
    outer loop
      vertex 0.264646 -75.138 21.65
      vertex 63.1769 -8.88011 21.65
      vertex 63.138 -8.61801 21.65
    endloop
  endfacet
  facet normal 0 0 1
    outer loop
      vertex 0 -75.125 21.65
      vertex 63.138 -8.61801 21.65
      vertex 63.125 -8.35336 21.65
    endloop
  endfacet
  facet normal 0 0 1
    outer loop
      vertex 63.429 -72.9348 21.65
      vertex 1.71286 -75.7379 21.65
      vertex 63.251 -73.1312 21.65
    endloop
  endfacet
  facet normal 0 0 1
    outer loop
      vertex -62.3923 44.3172 21.65
      vertex 62.3923 44.3172 21.65
      vertex -62.3419 44.6569 21.65
    endloop
  endfacet
  facet normal 0 0 1
    outer loop
      vertex 63.58 -9.8534 21.65
      vertex 1.27277 -75.4438 21.65
      vertex 1.50004 -75.58 21.65
    endloop
  endfacet
  facet normal 0 0 1
    outer loop
      vertex -62.4757 43.984 21.65
      vertex 62.4757 43.984 21.65
      vertex -62.3923 44.3172 21.65
    endloop
  endfacet
  facet normal 0 0 1
    outer loop
      vertex 63.7379 -10.0662 21.65
      vertex 1.50004 -75.58 21.65
      vertex 1.71286 -75.7379 21.65
    endloop
  endfacet
  facet normal 0 -0 1
    outer loop
      vertex 1.90919 -75.9158 21.65
      vertex 63.251 -73.1312 21.65
      vertex 1.71286 -75.7379 21.65
    endloop
  endfacet
  facet normal 0 0 1
    outer loop
      vertex 62.4757 43.984 21.65
      vertex -62.4757 43.984 21.65
      vertex 62.5914 43.6606 21.65
    endloop
  endfacet
  facet normal 0 0 1
    outer loop
      vertex 63.251 -73.1312 21.65
      vertex 1.90919 -75.9158 21.65
      vertex 63.0932 -73.344 21.65
    endloop
  endfacet
  facet normal 0 -0 1
    outer loop
      vertex 2.08713 -76.1121 21.65
      vertex 63.0932 -73.344 21.65
      vertex 1.90919 -75.9158 21.65
    endloop
  endfacet
  facet normal 0 0 1
    outer loop
      vertex 63.0932 -73.344 21.65
      vertex 2.08713 -76.1121 21.65
      vertex 62.957 -73.5713 21.65
    endloop
  endfacet
  facet normal 0 0 1
    outer loop
      vertex -62.5914 43.6606 21.65
      vertex 62.5914 43.6606 21.65
      vertex -62.4757 43.984 21.65
    endloop
  endfacet
  facet normal 0 0 1
    outer loop
      vertex 69.3081 44.6569 21.65
      vertex 68.512 -8.08872 21.65
      vertex 68.525 -8.35336 21.65
    endloop
  endfacet
  facet normal 0 0 1
    outer loop
      vertex 68.7351 43.0555 21.65
      vertex 68.4731 -7.82662 21.65
      vertex 68.512 -8.08872 21.65
    endloop
  endfacet
  facet normal 0 0 1
    outer loop
      vertex 68.7351 43.0555 21.65
      vertex 68.4087 -7.5696 21.65
      vertex 68.4731 -7.82662 21.65
    endloop
  endfacet
  facet normal 0 0 1
    outer loop
      vertex 68.7351 43.0555 21.65
      vertex 68.3195 -7.32012 21.65
      vertex 68.4087 -7.5696 21.65
    endloop
  endfacet
  facet normal 0 0 1
    outer loop
      vertex 67.9121 -6.6405 21.65
      vertex 68.5305 42.7796 21.65
      vertex 68.2999 42.5251 21.65
    endloop
  endfacet
  facet normal 0 0 1
    outer loop
      vertex 68.7351 43.0555 21.65
      vertex 68.2062 -7.08059 21.65
      vertex 68.3195 -7.32012 21.65
    endloop
  endfacet
  facet normal 0 0 1
    outer loop
      vertex 68.7351 43.0555 21.65
      vertex 68.07 -6.85332 21.65
      vertex 68.2062 -7.08059 21.65
    endloop
  endfacet
  facet normal 0 0 1
    outer loop
      vertex 67.7342 -6.44418 21.65
      vertex 68.2999 42.5251 21.65
      vertex 68.0454 42.2945 21.65
    endloop
  endfacet
  facet normal 0 0 1
    outer loop
      vertex 68.5305 42.7796 21.65
      vertex 67.9121 -6.6405 21.65
      vertex 68.07 -6.85332 21.65
    endloop
  endfacet
  facet normal 0 0 1
    outer loop
      vertex 67.5379 -6.26624 21.65
      vertex 68.0454 42.2945 21.65
      vertex 67.7695 42.0899 21.65
    endloop
  endfacet
  facet normal 0 0 1
    outer loop
      vertex 68.2999 42.5251 21.65
      vertex 67.7342 -6.44418 21.65
      vertex 67.9121 -6.6405 21.65
    endloop
  endfacet
  facet normal 0 0 1
    outer loop
      vertex 68.0454 42.2945 21.65
      vertex 67.5379 -6.26624 21.65
      vertex 67.7342 -6.44418 21.65
    endloop
  endfacet
  facet normal 0 0 1
    outer loop
      vertex 67.325 -6.1084 21.65
      vertex 67.7695 42.0899 21.65
      vertex 67.4749 41.9133 21.65
    endloop
  endfacet
  facet normal 0 0 1
    outer loop
      vertex 67.7695 42.0899 21.65
      vertex 67.325 -6.1084 21.65
      vertex 67.5379 -6.26624 21.65
    endloop
  endfacet
  facet normal 0 0 1
    outer loop
      vertex 67.0978 -5.97218 21.65
      vertex 67.4749 41.9133 21.65
      vertex 67.1644 41.7664 21.65
    endloop
  endfacet
  facet normal 0 0 1
    outer loop
      vertex 67.4749 41.9133 21.65
      vertex 67.0978 -5.97218 21.65
      vertex 67.325 -6.1084 21.65
    endloop
  endfacet
  facet normal 0 0 1
    outer loop
      vertex 67.1644 41.7664 21.65
      vertex 66.8582 -5.85889 21.65
      vertex 67.0978 -5.97218 21.65
    endloop
  endfacet
  facet normal -0 0 1
    outer loop
      vertex 66.841 41.6507 21.65
      vertex 66.8582 -5.85889 21.65
      vertex 67.1644 41.7664 21.65
    endloop
  endfacet
  facet normal 0 0 1
    outer loop
      vertex 66.841 41.6507 21.65
      vertex 66.6088 -5.76962 21.65
      vertex 66.8582 -5.85889 21.65
    endloop
  endfacet
  facet normal -0 0 1
    outer loop
      vertex 66.5078 41.5673 21.65
      vertex 66.6088 -5.76962 21.65
      vertex 66.841 41.6507 21.65
    endloop
  endfacet
  facet normal 0 0 1
    outer loop
      vertex 66.5078 41.5673 21.65
      vertex 66.3517 -5.70524 21.65
      vertex 66.6088 -5.76962 21.65
    endloop
  endfacet
  facet normal -0 0 1
    outer loop
      vertex 66.1681 41.5169 21.65
      vertex 66.3517 -5.70524 21.65
      vertex 66.5078 41.5673 21.65
    endloop
  endfacet
  facet normal 0 0 1
    outer loop
      vertex 66.1681 41.5169 21.65
      vertex 66.0896 -5.66637 21.65
      vertex 66.3517 -5.70524 21.65
    endloop
  endfacet
  facet normal -0 0 1
    outer loop
      vertex 65.825 41.5 21.65
      vertex 66.0896 -5.66637 21.65
      vertex 66.1681 41.5169 21.65
    endloop
  endfacet
  facet normal 0 0 1
    outer loop
      vertex 65.825 41.5 21.65
      vertex 65.825 -5.65336 21.65
      vertex 66.0896 -5.66637 21.65
    endloop
  endfacet
  facet normal 0 0 1
    outer loop
      vertex 65.825 41.5 21.65
      vertex 65.5604 -5.66637 21.65
      vertex 65.825 -5.65336 21.65
    endloop
  endfacet
  facet normal 0 0 1
    outer loop
      vertex 65.4819 41.5169 21.65
      vertex 65.5604 -5.66637 21.65
      vertex 65.825 41.5 21.65
    endloop
  endfacet
  facet normal 0 0 1
    outer loop
      vertex 65.4819 41.5169 21.65
      vertex 65.2983 -5.70524 21.65
      vertex 65.5604 -5.66637 21.65
    endloop
  endfacet
  facet normal 0 0 1
    outer loop
      vertex 65.1422 41.5673 21.65
      vertex 65.2983 -5.70524 21.65
      vertex 65.4819 41.5169 21.65
    endloop
  endfacet
  facet normal 0 0 1
    outer loop
      vertex 65.1422 41.5673 21.65
      vertex 65.0412 -5.76962 21.65
      vertex 65.2983 -5.70524 21.65
    endloop
  endfacet
  facet normal 0 0 1
    outer loop
      vertex 64.809 41.6507 21.65
      vertex 65.0412 -5.76962 21.65
      vertex 65.1422 41.5673 21.65
    endloop
  endfacet
  facet normal 0 0 1
    outer loop
      vertex 64.809 41.6507 21.65
      vertex 64.7918 -5.85889 21.65
      vertex 65.0412 -5.76962 21.65
    endloop
  endfacet
  facet normal 0 0 1
    outer loop
      vertex 64.4856 41.7664 21.65
      vertex 64.7918 -5.85889 21.65
      vertex 64.809 41.6507 21.65
    endloop
  endfacet
  facet normal 0 0 1
    outer loop
      vertex 64.7918 -5.85889 21.65
      vertex 64.4856 41.7664 21.65
      vertex 64.5522 -5.97218 21.65
    endloop
  endfacet
  facet normal 0 0 1
    outer loop
      vertex 64.1751 41.9133 21.65
      vertex 64.5522 -5.97218 21.65
      vertex 64.4856 41.7664 21.65
    endloop
  endfacet
  facet normal 0 0 1
    outer loop
      vertex 64.5522 -5.97218 21.65
      vertex 64.1751 41.9133 21.65
      vertex 64.325 -6.1084 21.65
    endloop
  endfacet
  facet normal 0 0 1
    outer loop
      vertex 63.8805 42.0899 21.65
      vertex 64.325 -6.1084 21.65
      vertex 64.1751 41.9133 21.65
    endloop
  endfacet
  facet normal 0 0 1
    outer loop
      vertex 64.325 -6.1084 21.65
      vertex 63.8805 42.0899 21.65
      vertex 64.1121 -6.26624 21.65
    endloop
  endfacet
  facet normal 0 0 1
    outer loop
      vertex 63.6046 42.2945 21.65
      vertex 64.1121 -6.26624 21.65
      vertex 63.8805 42.0899 21.65
    endloop
  endfacet
  facet normal 0 0 1
    outer loop
      vertex 64.1121 -6.26624 21.65
      vertex 63.6046 42.2945 21.65
      vertex 63.9158 -6.44418 21.65
    endloop
  endfacet
  facet normal 0 0 1
    outer loop
      vertex 63.3501 42.5251 21.65
      vertex 63.9158 -6.44418 21.65
      vertex 63.6046 42.2945 21.65
    endloop
  endfacet
  facet normal 0 0 1
    outer loop
      vertex 63.9158 -6.44418 21.65
      vertex 63.3501 42.5251 21.65
      vertex 63.7379 -6.6405 21.65
    endloop
  endfacet
  facet normal 0 0 1
    outer loop
      vertex 63.1195 42.7796 21.65
      vertex 63.7379 -6.6405 21.65
      vertex 63.3501 42.5251 21.65
    endloop
  endfacet
  facet normal 0 0 1
    outer loop
      vertex 63.7379 -6.6405 21.65
      vertex 63.1195 42.7796 21.65
      vertex 63.58 -6.85332 21.65
    endloop
  endfacet
  facet normal 0 0 1
    outer loop
      vertex 62.9149 43.0555 21.65
      vertex 63.58 -6.85332 21.65
      vertex 63.1195 42.7796 21.65
    endloop
  endfacet
  facet normal 0 0 1
    outer loop
      vertex 63.58 -6.85332 21.65
      vertex 62.9149 43.0555 21.65
      vertex 63.4438 -7.08059 21.65
    endloop
  endfacet
  facet normal 0 0 1
    outer loop
      vertex 62.7383 43.3501 21.65
      vertex 63.4438 -7.08059 21.65
      vertex 62.9149 43.0555 21.65
    endloop
  endfacet
  facet normal 0 0 1
    outer loop
      vertex 63.4438 -7.08059 21.65
      vertex 62.7383 43.3501 21.65
      vertex 63.3305 -7.32012 21.65
    endloop
  endfacet
  facet normal 0 0 1
    outer loop
      vertex 62.5914 43.6606 21.65
      vertex 63.3305 -7.32012 21.65
      vertex 62.7383 43.3501 21.65
    endloop
  endfacet
  facet normal 0 0 1
    outer loop
      vertex 62.3923 44.3172 21.65
      vertex -62.3923 44.3172 21.65
      vertex 62.4757 43.984 21.65
    endloop
  endfacet
  facet normal 0 0 1
    outer loop
      vertex 65.0412 60.7726 21.65
      vertex 71.325 68.1888 21.65
      vertex 71.286 71.2183 21.65
    endloop
  endfacet
  facet normal 0 0 1
    outer loop
      vertex 71.325 68.1888 21.65
      vertex 68.525 -8.35336 21.65
      vertex 71.325 -70.3888 21.65
    endloop
  endfacet
  facet normal 0 0 1
    outer loop
      vertex 61.4183 81.086 21.65
      vertex 71.286 71.2183 21.65
      vertex 71.1691 72.8469 21.65
    endloop
  endfacet
  facet normal -0 0 1
    outer loop
      vertex 68.512 -8.61801 21.65
      vertex 71.325 -70.3888 21.65
      vertex 68.525 -8.35336 21.65
    endloop
  endfacet
  facet normal 0 0 1
    outer loop
      vertex 63.0469 80.9691 21.65
      vertex 71.1691 72.8469 21.65
      vertex 70.974 74.1601 21.65
    endloop
  endfacet
  facet normal 0 0 1
    outer loop
      vertex 69.3081 44.6569 21.65
      vertex 71.325 68.1888 21.65
      vertex 69.325 45 21.65
    endloop
  endfacet
  facet normal 0 0 1
    outer loop
      vertex 64.3602 80.774 21.65
      vertex 70.974 74.1601 21.65
      vertex 70.7004 75.2859 21.65
    endloop
  endfacet
  facet normal -0 0 1
    outer loop
      vertex 68.4731 -8.88011 21.65
      vertex 71.325 -70.3888 21.65
      vertex 68.512 -8.61801 21.65
    endloop
  endfacet
  facet normal 0 0 1
    outer loop
      vertex 65.4859 80.5005 21.65
      vertex 70.7004 75.2859 21.65
      vertex 70.3479 76.2737 21.65
    endloop
  endfacet
  facet normal -0 0 1
    outer loop
      vertex 68.4087 -9.13713 21.65
      vertex 71.325 -70.3888 21.65
      vertex 68.4731 -8.88011 21.65
    endloop
  endfacet
  facet normal 0 0 1
    outer loop
      vertex 66.4737 80.1479 21.65
      vertex 70.3479 76.2737 21.65
      vertex 69.9156 77.148 21.65
    endloop
  endfacet
  facet normal -0 0 1
    outer loop
      vertex 68.3195 -9.38661 21.65
      vertex 71.325 -70.3888 21.65
      vertex 68.4087 -9.13713 21.65
    endloop
  endfacet
  facet normal 0 0 1
    outer loop
      vertex 66.4737 80.1479 21.65
      vertex 69.9156 77.148 21.65
      vertex 69.4022 77.9226 21.65
    endloop
  endfacet
  facet normal -0 0 1
    outer loop
      vertex 68.2062 -9.62613 21.65
      vertex 71.325 -70.3888 21.65
      vertex 68.3195 -9.38661 21.65
    endloop
  endfacet
  facet normal -0 0 1
    outer loop
      vertex 68.07 -9.8534 21.65
      vertex 71.325 -70.3888 21.65
      vertex 68.2062 -9.62613 21.65
    endloop
  endfacet
  facet normal 0 0 1
    outer loop
      vertex 71.325 68.1888 21.65
      vertex 69.3081 45.3431 21.65
      vertex 69.325 45 21.65
    endloop
  endfacet
  facet normal 0 0 1
    outer loop
      vertex 71.325 68.1888 21.65
      vertex 68.525 58.1888 21.65
      vertex 68.512 57.9242 21.65
    endloop
  endfacet
  facet normal 0 0 1
    outer loop
      vertex 71.325 68.1888 21.65
      vertex 69.2578 45.6828 21.65
      vertex 69.3081 45.3431 21.65
    endloop
  endfacet
  facet normal 0 0 1
    outer loop
      vertex 71.325 68.1888 21.65
      vertex 68.512 57.9242 21.65
      vertex 69.2578 45.6828 21.65
    endloop
  endfacet
  facet normal 0 0 1
    outer loop
      vertex 69.2578 45.6828 21.65
      vertex 68.512 57.9242 21.65
      vertex 69.1743 46.016 21.65
    endloop
  endfacet
  facet normal 0 0 1
    outer loop
      vertex 66.4737 80.1479 21.65
      vertex 69.4022 77.9226 21.65
      vertex 68.8056 78.6056 21.65
    endloop
  endfacet
  facet normal -0 0 1
    outer loop
      vertex 68.4731 57.6621 21.65
      vertex 69.1743 46.016 21.65
      vertex 68.512 57.9242 21.65
    endloop
  endfacet
  facet normal 0 0 1
    outer loop
      vertex 69.1743 46.016 21.65
      vertex 68.4731 57.6621 21.65
      vertex 69.0586 46.3394 21.65
    endloop
  endfacet
  facet normal -0 0 1
    outer loop
      vertex 68.4087 57.4051 21.65
      vertex 69.0586 46.3394 21.65
      vertex 68.4731 57.6621 21.65
    endloop
  endfacet
  facet normal 0 0 1
    outer loop
      vertex 71.325 68.1888 21.65
      vertex 68.512 58.4535 21.65
      vertex 68.525 58.1888 21.65
    endloop
  endfacet
  facet normal 0 0 1
    outer loop
      vertex 71.325 68.1888 21.65
      vertex 68.4731 58.7156 21.65
      vertex 68.512 58.4535 21.65
    endloop
  endfacet
  facet normal 0 0 1
    outer loop
      vertex 71.325 68.1888 21.65
      vertex 68.4087 58.9726 21.65
      vertex 68.4731 58.7156 21.65
    endloop
  endfacet
  facet normal 0 0 1
    outer loop
      vertex 71.325 68.1888 21.65
      vertex 68.3195 59.2221 21.65
      vertex 68.4087 58.9726 21.65
    endloop
  endfacet
  facet normal 0 0 1
    outer loop
      vertex 71.325 68.1888 21.65
      vertex 68.2062 59.4616 21.65
      vertex 68.3195 59.2221 21.65
    endloop
  endfacet
  facet normal 0 0 1
    outer loop
      vertex 66.4737 80.1479 21.65
      vertex 68.8056 78.6056 21.65
      vertex 68.1226 79.2022 21.65
    endloop
  endfacet
  facet normal 0 0 1
    outer loop
      vertex 71.325 68.1888 21.65
      vertex 68.07 59.6889 21.65
      vertex 68.2062 59.4616 21.65
    endloop
  endfacet
  facet normal 0 0 1
    outer loop
      vertex 71.325 68.1888 21.65
      vertex 67.9121 59.9017 21.65
      vertex 68.07 59.6889 21.65
    endloop
  endfacet
  facet normal 0 0 1
    outer loop
      vertex 71.325 68.1888 21.65
      vertex 67.7342 60.098 21.65
      vertex 67.9121 59.9017 21.65
    endloop
  endfacet
  facet normal 0 0 1
    outer loop
      vertex 71.325 68.1888 21.65
      vertex 67.5379 60.276 21.65
      vertex 67.7342 60.098 21.65
    endloop
  endfacet
  facet normal 0 0 1
    outer loop
      vertex 66.4737 80.1479 21.65
      vertex 68.1226 79.2022 21.65
      vertex 67.348 79.7156 21.65
    endloop
  endfacet
  facet normal 0 0 1
    outer loop
      vertex 71.325 68.1888 21.65
      vertex 67.325 60.4338 21.65
      vertex 67.5379 60.276 21.65
    endloop
  endfacet
  facet normal 0 0 1
    outer loop
      vertex 71.325 68.1888 21.65
      vertex 67.0978 60.57 21.65
      vertex 67.325 60.4338 21.65
    endloop
  endfacet
  facet normal 0 0 1
    outer loop
      vertex 71.325 68.1888 21.65
      vertex 66.8582 60.6833 21.65
      vertex 67.0978 60.57 21.65
    endloop
  endfacet
  facet normal 0 0 1
    outer loop
      vertex 71.325 68.1888 21.65
      vertex 66.6088 60.7726 21.65
      vertex 66.8582 60.6833 21.65
    endloop
  endfacet
  facet normal 0 0 1
    outer loop
      vertex 70.3479 76.2737 21.65
      vertex 66.4737 80.1479 21.65
      vertex 65.4859 80.5005 21.65
    endloop
  endfacet
  facet normal 0 0 1
    outer loop
      vertex 71.325 68.1888 21.65
      vertex 66.3517 60.8369 21.65
      vertex 66.6088 60.7726 21.65
    endloop
  endfacet
  facet normal 0 0 1
    outer loop
      vertex 71.325 68.1888 21.65
      vertex 66.0896 60.8758 21.65
      vertex 66.3517 60.8369 21.65
    endloop
  endfacet
  facet normal 0 0 1
    outer loop
      vertex 71.325 68.1888 21.65
      vertex 65.825 60.8888 21.65
      vertex 66.0896 60.8758 21.65
    endloop
  endfacet
  facet normal 0 0 1
    outer loop
      vertex 71.325 68.1888 21.65
      vertex 65.5604 60.8758 21.65
      vertex 65.825 60.8888 21.65
    endloop
  endfacet
  facet normal 0 0 1
    outer loop
      vertex 70.7004 75.2859 21.65
      vertex 65.4859 80.5005 21.65
      vertex 64.3602 80.774 21.65
    endloop
  endfacet
  facet normal 0 0 1
    outer loop
      vertex 71.325 68.1888 21.65
      vertex 65.2983 60.8369 21.65
      vertex 65.5604 60.8758 21.65
    endloop
  endfacet
  facet normal 0 0 1
    outer loop
      vertex 71.325 68.1888 21.65
      vertex 65.0412 60.7726 21.65
      vertex 65.2983 60.8369 21.65
    endloop
  endfacet
  facet normal 0 0 1
    outer loop
      vertex 70.974 74.1601 21.65
      vertex 64.3602 80.774 21.65
      vertex 63.0469 80.9691 21.65
    endloop
  endfacet
  facet normal 0 0 1
    outer loop
      vertex 71.1691 72.8469 21.65
      vertex 63.0469 80.9691 21.65
      vertex 61.4183 81.086 21.65
    endloop
  endfacet
  facet normal 0 0 1
    outer loop
      vertex 71.286 71.2183 21.65
      vertex 64.7918 60.6833 21.65
      vertex 65.0412 60.7726 21.65
    endloop
  endfacet
  facet normal 0 0 1
    outer loop
      vertex 71.286 71.2183 21.65
      vertex 61.4183 81.086 21.65
      vertex 64.7918 60.6833 21.65
    endloop
  endfacet
  facet normal 0 0 1
    outer loop
      vertex 64.7918 60.6833 21.65
      vertex 61.4183 81.086 21.65
      vertex 64.5522 60.57 21.65
    endloop
  endfacet
  facet normal 0 0 1
    outer loop
      vertex 58.3888 81.125 21.65
      vertex 64.5522 60.57 21.65
      vertex 61.4183 81.086 21.65
    endloop
  endfacet
  facet normal 0 0 1
    outer loop
      vertex 64.5522 60.57 21.65
      vertex 58.3888 81.125 21.65
      vertex 64.325 60.4338 21.65
    endloop
  endfacet
  facet normal 0 0 1
    outer loop
      vertex 64.325 60.4338 21.65
      vertex 58.3888 81.125 21.65
      vertex 64.1121 60.276 21.65
    endloop
  endfacet
  facet normal 0 0 1
    outer loop
      vertex 64.1121 60.276 21.65
      vertex 58.3888 81.125 21.65
      vertex 63.9158 60.098 21.65
    endloop
  endfacet
  facet normal 0 0 1
    outer loop
      vertex 63.9158 60.098 21.65
      vertex 58.3888 81.125 21.65
      vertex 63.7379 59.9017 21.65
    endloop
  endfacet
  facet normal 0 0 1
    outer loop
      vertex 63.7379 59.9017 21.65
      vertex 58.3888 81.125 21.65
      vertex 63.58 59.6889 21.65
    endloop
  endfacet
  facet normal 0 0 1
    outer loop
      vertex 63.58 59.6889 21.65
      vertex 58.3888 81.125 21.65
      vertex 63.4438 59.4616 21.65
    endloop
  endfacet
  facet normal 0 0 1
    outer loop
      vertex 63.4438 59.4616 21.65
      vertex 58.3888 81.125 21.65
      vertex 63.3305 59.2221 21.65
    endloop
  endfacet
  facet normal 0 0 1
    outer loop
      vertex 63.3305 59.2221 21.65
      vertex 58.3888 81.125 21.65
      vertex 63.2413 58.9726 21.65
    endloop
  endfacet
  facet normal 0 0 1
    outer loop
      vertex 63.2413 58.9726 21.65
      vertex 58.3888 81.125 21.65
      vertex 63.1769 58.7156 21.65
    endloop
  endfacet
  facet normal 0 0 1
    outer loop
      vertex 63.1769 58.7156 21.65
      vertex 58.3888 81.125 21.65
      vertex 63.138 58.4535 21.65
    endloop
  endfacet
  facet normal 0 0 1
    outer loop
      vertex 63.138 58.4535 21.65
      vertex 58.3888 81.125 21.65
      vertex 63.125 58.1888 21.65
    endloop
  endfacet
  facet normal -0 0 1
    outer loop
      vertex -58.3888 81.125 21.65
      vertex 63.125 58.1888 21.65
      vertex 58.3888 81.125 21.65
    endloop
  endfacet
  facet normal 0 0 1
    outer loop
      vertex 63.125 58.1888 21.65
      vertex 62.9149 46.9445 21.65
      vertex 63.1195 47.2204 21.65
    endloop
  endfacet
  facet normal 0 0 1
    outer loop
      vertex 63.125 58.1888 21.65
      vertex 62.7383 46.6499 21.65
      vertex 62.9149 46.9445 21.65
    endloop
  endfacet
  facet normal 0 0 1
    outer loop
      vertex 63.125 58.1888 21.65
      vertex 62.5914 46.3394 21.65
      vertex 62.7383 46.6499 21.65
    endloop
  endfacet
  facet normal 0 0 1
    outer loop
      vertex 63.125 58.1888 21.65
      vertex 62.4757 46.016 21.65
      vertex 62.5914 46.3394 21.65
    endloop
  endfacet
  facet normal 0 0 1
    outer loop
      vertex 63.125 58.1888 21.65
      vertex 62.3923 45.6828 21.65
      vertex 62.4757 46.016 21.65
    endloop
  endfacet
  facet normal 0 0 1
    outer loop
      vertex -62.325 45 21.65
      vertex 63.125 58.1888 21.65
      vertex -58.3888 81.125 21.65
    endloop
  endfacet
  facet normal 0 0 1
    outer loop
      vertex 71.325 68.1888 21.65
      vertex 69.3081 44.6569 21.65
      vertex 68.525 -8.35336 21.65
    endloop
  endfacet
  facet normal 0 0 1
    outer loop
      vertex 68.512 -8.08872 21.65
      vertex 69.3081 44.6569 21.65
      vertex 69.2578 44.3172 21.65
    endloop
  endfacet
  facet normal 0 0 1
    outer loop
      vertex 68.512 -8.08872 21.65
      vertex 69.2578 44.3172 21.65
      vertex 69.1743 43.984 21.65
    endloop
  endfacet
  facet normal 0 0 1
    outer loop
      vertex 68.512 -8.08872 21.65
      vertex 69.1743 43.984 21.65
      vertex 69.0586 43.6606 21.65
    endloop
  endfacet
  facet normal 0 0 1
    outer loop
      vertex 68.512 -8.08872 21.65
      vertex 69.0586 43.6606 21.65
      vertex 68.9117 43.3501 21.65
    endloop
  endfacet
  facet normal -0 0 1
    outer loop
      vertex 67.9121 -10.0662 21.65
      vertex 71.325 -70.3888 21.65
      vertex 68.07 -9.8534 21.65
    endloop
  endfacet
  facet normal 0 0 1
    outer loop
      vertex 68.512 -8.08872 21.65
      vertex 68.9117 43.3501 21.65
      vertex 68.7351 43.0555 21.65
    endloop
  endfacet
  facet normal 0 0 1
    outer loop
      vertex 68.07 -6.85332 21.65
      vertex 68.7351 43.0555 21.65
      vertex 68.5305 42.7796 21.65
    endloop
  endfacet
  facet normal 0 0 1
    outer loop
      vertex 68.0252 -74.5794 21.65
      vertex 71.286 -73.4183 21.65
      vertex 71.325 -70.3888 21.65
    endloop
  endfacet
  facet normal -0 0 1
    outer loop
      vertex 68.0252 -74.5794 21.65
      vertex 71.1691 -75.0469 21.65
      vertex 71.286 -73.4183 21.65
    endloop
  endfacet
  facet normal -0 0 1
    outer loop
      vertex 67.8326 -75.8773 21.65
      vertex 70.974 -76.3601 21.65
      vertex 67.9219 -75.6278 21.65
    endloop
  endfacet
  facet normal 0 0 1
    outer loop
      vertex 68.0252 -75.1087 21.65
      vertex 71.1691 -75.0469 21.65
      vertex 68.0382 -74.844 21.65
    endloop
  endfacet
  facet normal -0 0 1
    outer loop
      vertex 67.9219 -75.6278 21.65
      vertex 70.974 -76.3601 21.65
      vertex 67.9863 -75.3708 21.65
    endloop
  endfacet
  facet normal -0 0 1
    outer loop
      vertex 67.9863 -75.3708 21.65
      vertex 70.974 -76.3601 21.65
      vertex 68.0252 -75.1087 21.65
    endloop
  endfacet
  facet normal 0 0 1
    outer loop
      vertex 70.974 -76.3601 21.65
      vertex 67.8326 -75.8773 21.65
      vertex 70.7004 -77.4859 21.65
    endloop
  endfacet
  facet normal 0 0 1
    outer loop
      vertex 71.1691 -75.0469 21.65
      vertex 68.0252 -75.1087 21.65
      vertex 70.974 -76.3601 21.65
    endloop
  endfacet
  facet normal -0 0 1
    outer loop
      vertex 67.7193 -76.1168 21.65
      vertex 70.7004 -77.4859 21.65
      vertex 67.8326 -75.8773 21.65
    endloop
  endfacet
  facet normal -0 0 1
    outer loop
      vertex 67.5831 -76.3441 21.65
      vertex 70.7004 -77.4859 21.65
      vertex 67.7193 -76.1168 21.65
    endloop
  endfacet
  facet normal 0 0 1
    outer loop
      vertex 70.7004 -77.4859 21.65
      vertex 67.5831 -76.3441 21.65
      vertex 70.3479 -78.4737 21.65
    endloop
  endfacet
  facet normal -0 0 1
    outer loop
      vertex 67.4253 -76.5569 21.65
      vertex 70.3479 -78.4737 21.65
      vertex 67.5831 -76.3441 21.65
    endloop
  endfacet
  facet normal -0 0 1
    outer loop
      vertex 67.2473 -76.7532 21.65
      vertex 70.3479 -78.4737 21.65
      vertex 67.4253 -76.5569 21.65
    endloop
  endfacet
  facet normal 0 0 1
    outer loop
      vertex 70.3479 -78.4737 21.65
      vertex 67.2473 -76.7532 21.65
      vertex 69.9156 -79.348 21.65
    endloop
  endfacet
  facet normal -0 0 1
    outer loop
      vertex 67.051 -76.9312 21.65
      vertex 69.9156 -79.348 21.65
      vertex 67.2473 -76.7532 21.65
    endloop
  endfacet
  facet normal -0 0 1
    outer loop
      vertex 66.8382 -77.089 21.65
      vertex 69.9156 -79.348 21.65
      vertex 67.051 -76.9312 21.65
    endloop
  endfacet
  facet normal 0 0 1
    outer loop
      vertex 69.9156 -79.348 21.65
      vertex 66.8382 -77.089 21.65
      vertex 69.4022 -80.1226 21.65
    endloop
  endfacet
  facet normal -0 0 1
    outer loop
      vertex 66.6109 -77.2252 21.65
      vertex 69.4022 -80.1226 21.65
      vertex 66.8382 -77.089 21.65
    endloop
  endfacet
  facet normal 0 0 1
    outer loop
      vertex 69.4022 -80.1226 21.65
      vertex 66.6109 -77.2252 21.65
      vertex 68.8056 -80.8056 21.65
    endloop
  endfacet
  facet normal -0 0 1
    outer loop
      vertex 66.3714 -77.3385 21.65
      vertex 68.8056 -80.8056 21.65
      vertex 66.6109 -77.2252 21.65
    endloop
  endfacet
  facet normal 0 0 1
    outer loop
      vertex 68.8056 -80.8056 21.65
      vertex 66.3714 -77.3385 21.65
      vertex 68.1226 -81.4022 21.65
    endloop
  endfacet
  facet normal -0 0 1
    outer loop
      vertex 66.1219 -77.4278 21.65
      vertex 68.1226 -81.4022 21.65
      vertex 66.3714 -77.3385 21.65
    endloop
  endfacet
  facet normal -0 0 1
    outer loop
      vertex 65.8649 -77.4921 21.65
      vertex 68.1226 -81.4022 21.65
      vertex 66.1219 -77.4278 21.65
    endloop
  endfacet
  facet normal 0 0 1
    outer loop
      vertex 68.1226 -81.4022 21.65
      vertex 65.8649 -77.4921 21.65
      vertex 67.348 -81.9156 21.65
    endloop
  endfacet
  facet normal -0 0 1
    outer loop
      vertex 65.6028 -77.531 21.65
      vertex 67.348 -81.9156 21.65
      vertex 65.8649 -77.4921 21.65
    endloop
  endfacet
  facet normal 0 0 1
    outer loop
      vertex 67.348 -81.9156 21.65
      vertex 65.6028 -77.531 21.65
      vertex 66.4737 -82.3479 21.65
    endloop
  endfacet
  facet normal -0 0 1
    outer loop
      vertex 65.3382 -77.544 21.65
      vertex 66.4737 -82.3479 21.65
      vertex 65.6028 -77.531 21.65
    endloop
  endfacet
  facet normal 0 0 1
    outer loop
      vertex 66.4737 -82.3479 21.65
      vertex 65.3382 -77.544 21.65
      vertex 65.4859 -82.7004 21.65
    endloop
  endfacet
  facet normal 0 0 1
    outer loop
      vertex 65.0735 -77.531 21.65
      vertex 65.4859 -82.7004 21.65
      vertex 65.3382 -77.544 21.65
    endloop
  endfacet
  facet normal 0 0 1
    outer loop
      vertex 64.8114 -77.4921 21.65
      vertex 65.4859 -82.7004 21.65
      vertex 65.0735 -77.531 21.65
    endloop
  endfacet
  facet normal 0 0 1
    outer loop
      vertex 64.3602 -82.974 21.65
      vertex 64.8114 -77.4921 21.65
      vertex 64.5544 -77.4278 21.65
    endloop
  endfacet
  facet normal 0 0 1
    outer loop
      vertex 64.8114 -77.4921 21.65
      vertex 64.3602 -82.974 21.65
      vertex 65.4859 -82.7004 21.65
    endloop
  endfacet
  facet normal 0 0 1
    outer loop
      vertex 64.3049 -77.3385 21.65
      vertex 64.3602 -82.974 21.65
      vertex 64.5544 -77.4278 21.65
    endloop
  endfacet
  facet normal 0 0 1
    outer loop
      vertex 63.0469 -83.1691 21.65
      vertex 64.3049 -77.3385 21.65
      vertex 64.0654 -77.2252 21.65
    endloop
  endfacet
  facet normal 0 0 1
    outer loop
      vertex 63.0469 -83.1691 21.65
      vertex 64.0654 -77.2252 21.65
      vertex 63.8381 -77.089 21.65
    endloop
  endfacet
  facet normal 0 0 1
    outer loop
      vertex 61.4183 -83.286 21.65
      vertex 63.8381 -77.089 21.65
      vertex 63.6253 -76.9312 21.65
    endloop
  endfacet
  facet normal 0 0 1
    outer loop
      vertex 61.4183 -83.286 21.65
      vertex 63.6253 -76.9312 21.65
      vertex 63.429 -76.7532 21.65
    endloop
  endfacet
  facet normal 0 0 1
    outer loop
      vertex 61.4183 -83.286 21.65
      vertex 63.429 -76.7532 21.65
      vertex 63.251 -76.5569 21.65
    endloop
  endfacet
  facet normal 0 0 1
    outer loop
      vertex 58.3888 -83.325 21.65
      vertex 63.251 -76.5569 21.65
      vertex 63.0932 -76.3441 21.65
    endloop
  endfacet
  facet normal 0 0 1
    outer loop
      vertex 64.3049 -77.3385 21.65
      vertex 63.0469 -83.1691 21.65
      vertex 64.3602 -82.974 21.65
    endloop
  endfacet
  facet normal 0 0 1
    outer loop
      vertex 58.3888 -83.325 21.65
      vertex 63.0932 -76.3441 21.65
      vertex 62.957 -76.1168 21.65
    endloop
  endfacet
  facet normal 0 0 1
    outer loop
      vertex 58.3888 -83.325 21.65
      vertex 62.957 -76.1168 21.65
      vertex 62.8437 -75.8773 21.65
    endloop
  endfacet
  facet normal 0 0 1
    outer loop
      vertex 58.3888 -83.325 21.65
      vertex 62.8437 -75.8773 21.65
      vertex 62.7544 -75.6278 21.65
    endloop
  endfacet
  facet normal 0 0 1
    outer loop
      vertex 58.3888 -83.325 21.65
      vertex 62.7544 -75.6278 21.65
      vertex 62.69 -75.3708 21.65
    endloop
  endfacet
  facet normal 0 0 1
    outer loop
      vertex 58.3888 -83.325 21.65
      vertex 62.69 -75.3708 21.65
      vertex 62.6512 -75.1087 21.65
    endloop
  endfacet
  facet normal 0 0 1
    outer loop
      vertex 58.3888 -83.325 21.65
      vertex 62.6512 -75.1087 21.65
      vertex 62.6382 -74.844 21.65
    endloop
  endfacet
  facet normal 0 0 1
    outer loop
      vertex 62.3419 44.6569 21.65
      vertex -62.3419 44.6569 21.65
      vertex 62.3923 44.3172 21.65
    endloop
  endfacet
  facet normal 0 0 1
    outer loop
      vertex -62.3419 44.6569 21.65
      vertex 62.3419 44.6569 21.65
      vertex -62.325 45 21.65
    endloop
  endfacet
  facet normal 0 0 1
    outer loop
      vertex 62.325 45 21.65
      vertex -62.325 45 21.65
      vertex 62.3419 44.6569 21.65
    endloop
  endfacet
  facet normal 0 0 1
    outer loop
      vertex 62.3419 45.3431 21.65
      vertex -62.325 45 21.65
      vertex 62.325 45 21.65
    endloop
  endfacet
  facet normal 0 0 1
    outer loop
      vertex 63.125 58.1888 21.65
      vertex -62.325 45 21.65
      vertex 62.3923 45.6828 21.65
    endloop
  endfacet
  facet normal 0 0 1
    outer loop
      vertex 63.8381 -77.089 21.65
      vertex 61.4183 -83.286 21.65
      vertex 63.0469 -83.1691 21.65
    endloop
  endfacet
  facet normal 0 0 1
    outer loop
      vertex 62.3923 45.6828 21.65
      vertex -62.325 45 21.65
      vertex 62.3419 45.3431 21.65
    endloop
  endfacet
  facet normal 0 0 1
    outer loop
      vertex 63.4438 -9.62613 21.65
      vertex 1.03325 -75.3305 21.65
      vertex 1.27277 -75.4438 21.65
    endloop
  endfacet
  facet normal 0 0 1
    outer loop
      vertex 63.251 -76.5569 21.65
      vertex 58.3888 -83.325 21.65
      vertex 61.4183 -83.286 21.65
    endloop
  endfacet
  facet normal 0 0 1
    outer loop
      vertex 62.957 -73.5713 21.65
      vertex 2.24497 -76.325 21.65
      vertex 62.8437 -73.8108 21.65
    endloop
  endfacet
  facet normal 0 0 1
    outer loop
      vertex 58.3888 -83.325 21.65
      vertex 2.687 -77.5604 21.65
      vertex 2.7 -77.825 21.65
    endloop
  endfacet
  facet normal 0 0 1
    outer loop
      vertex 58.3888 -83.325 21.65
      vertex 2.64812 -77.2983 21.65
      vertex 2.687 -77.5604 21.65
    endloop
  endfacet
  facet normal 0 0 1
    outer loop
      vertex 58.3888 -83.325 21.65
      vertex 2.58374 -77.0412 21.65
      vertex 2.64812 -77.2983 21.65
    endloop
  endfacet
  facet normal 0 0 1
    outer loop
      vertex 58.3888 -83.325 21.65
      vertex 2.49447 -76.7918 21.65
      vertex 2.58374 -77.0412 21.65
    endloop
  endfacet
  facet normal 0 0 1
    outer loop
      vertex 62.6512 -74.5794 21.65
      vertex 58.3888 -83.325 21.65
      vertex 62.6382 -74.844 21.65
    endloop
  endfacet
  facet normal 0 0 1
    outer loop
      vertex 62.69 -74.3173 21.65
      vertex 58.3888 -83.325 21.65
      vertex 62.6512 -74.5794 21.65
    endloop
  endfacet
  facet normal 0 0 1
    outer loop
      vertex 62.7544 -74.0603 21.65
      vertex 58.3888 -83.325 21.65
      vertex 62.69 -74.3173 21.65
    endloop
  endfacet
  facet normal 0 -0 1
    outer loop
      vertex 58.3888 -83.325 21.65
      vertex 62.7544 -74.0603 21.65
      vertex 2.49447 -76.7918 21.65
    endloop
  endfacet
  facet normal 0 -0 1
    outer loop
      vertex 2.49447 -76.7918 21.65
      vertex 62.7544 -74.0603 21.65
      vertex 2.38119 -76.5522 21.65
    endloop
  endfacet
  facet normal 0 0 1
    outer loop
      vertex 62.8437 -73.8108 21.65
      vertex 2.38119 -76.5522 21.65
      vertex 62.7544 -74.0603 21.65
    endloop
  endfacet
  facet normal 0 -0 1
    outer loop
      vertex 2.38119 -76.5522 21.65
      vertex 62.8437 -73.8108 21.65
      vertex 2.24497 -76.325 21.65
    endloop
  endfacet
  facet normal 0 -0 1
    outer loop
      vertex 2.24497 -76.325 21.65
      vertex 62.957 -73.5713 21.65
      vertex 2.08713 -76.1121 21.65
    endloop
  endfacet
  facet normal 0 0 1
    outer loop
      vertex 63.3305 -9.38661 21.65
      vertex 0.783768 -75.2413 21.65
      vertex 1.03325 -75.3305 21.65
    endloop
  endfacet
  facet normal 0 0 1
    outer loop
      vertex 63.2413 -9.13713 21.65
      vertex 0.526743 -75.1769 21.65
      vertex 0.783768 -75.2413 21.65
    endloop
  endfacet
  facet normal 0 0 1
    outer loop
      vertex 63.1769 -8.88011 21.65
      vertex 0.264646 -75.138 21.65
      vertex 0.526743 -75.1769 21.65
    endloop
  endfacet
  facet normal 0 0 1
    outer loop
      vertex 63.138 -8.61801 21.65
      vertex 0 -75.125 21.65
      vertex 0.264646 -75.138 21.65
    endloop
  endfacet
  facet normal 0 0 1
    outer loop
      vertex 62.5914 43.6606 21.65
      vertex -62.5914 43.6606 21.65
      vertex 63.3305 -7.32012 21.65
    endloop
  endfacet
  facet normal -0 0 1
    outer loop
      vertex -63.125 -8.35336 21.65
      vertex 0 -75.125 21.65
      vertex 63.125 -8.35336 21.65
    endloop
  endfacet
  facet normal 0 0 1
    outer loop
      vertex -63.125 -8.35336 21.65
      vertex 63.125 -8.35336 21.65
      vertex 63.138 -8.08872 21.65
    endloop
  endfacet
  facet normal 0 0 1
    outer loop
      vertex -63.138 -8.08872 21.65
      vertex 63.3305 -7.32012 21.65
      vertex -62.5914 43.6606 21.65
    endloop
  endfacet
  facet normal 0 0 1
    outer loop
      vertex -63.138 -8.08872 21.65
      vertex 63.2413 -7.5696 21.65
      vertex 63.3305 -7.32012 21.65
    endloop
  endfacet
  facet normal 0 0 1
    outer loop
      vertex -63.138 -8.08872 21.65
      vertex 63.1769 -7.82662 21.65
      vertex 63.2413 -7.5696 21.65
    endloop
  endfacet
  facet normal 0 0 1
    outer loop
      vertex -63.138 -8.08872 21.65
      vertex 63.138 -8.08872 21.65
      vertex 63.1769 -7.82662 21.65
    endloop
  endfacet
  facet normal -0 0 1
    outer loop
      vertex -63.138 -8.61801 21.65
      vertex 0 -75.125 21.65
      vertex -63.125 -8.35336 21.65
    endloop
  endfacet
  facet normal 0 0 1
    outer loop
      vertex 0 -75.125 21.65
      vertex -63.138 -8.61801 21.65
      vertex -0.264646 -75.138 21.65
    endloop
  endfacet
  facet normal 0 0 1
    outer loop
      vertex -62.6512 -74.5794 21.65
      vertex -1.71286 -75.7379 21.65
      vertex -1.50004 -75.58 21.65
    endloop
  endfacet
  facet normal 0 0 1
    outer loop
      vertex -62.6512 -74.5794 21.65
      vertex -1.90919 -75.9158 21.65
      vertex -1.71286 -75.7379 21.65
    endloop
  endfacet
  facet normal 0 0 1
    outer loop
      vertex -62.6512 -74.5794 21.65
      vertex -2.08713 -76.1121 21.65
      vertex -1.90919 -75.9158 21.65
    endloop
  endfacet
  facet normal 0 0 1
    outer loop
      vertex -2.58374 -77.0412 21.65
      vertex -58.3888 -83.325 21.65
      vertex -2.64812 -77.2983 21.65
    endloop
  endfacet
  facet normal 0 0 1
    outer loop
      vertex -2.49447 -76.7918 21.65
      vertex -58.3888 -83.325 21.65
      vertex -2.58374 -77.0412 21.65
    endloop
  endfacet
  facet normal 0 0 1
    outer loop
      vertex -62.6512 -74.5794 21.65
      vertex -2.49447 -76.7918 21.65
      vertex -2.38119 -76.5522 21.65
    endloop
  endfacet
  facet normal 0 0 1
    outer loop
      vertex -62.6512 -74.5794 21.65
      vertex -2.38119 -76.5522 21.65
      vertex -2.24497 -76.325 21.65
    endloop
  endfacet
  facet normal 0 0 1
    outer loop
      vertex -62.6512 -74.5794 21.65
      vertex -2.24497 -76.325 21.65
      vertex -2.08713 -76.1121 21.65
    endloop
  endfacet
  facet normal 0 0 1
    outer loop
      vertex 69.0586 46.3394 21.65
      vertex 68.4087 57.4051 21.65
      vertex 68.9117 46.6499 21.65
    endloop
  endfacet
  facet normal -0 0 1
    outer loop
      vertex 68.3195 57.1556 21.65
      vertex 68.9117 46.6499 21.65
      vertex 68.4087 57.4051 21.65
    endloop
  endfacet
  facet normal 0 0 1
    outer loop
      vertex 68.9117 46.6499 21.65
      vertex 68.3195 57.1556 21.65
      vertex 68.7351 46.9445 21.65
    endloop
  endfacet
  facet normal -0 0 1
    outer loop
      vertex 68.2062 56.9161 21.65
      vertex 68.7351 46.9445 21.65
      vertex 68.3195 57.1556 21.65
    endloop
  endfacet
  facet normal 0 0 1
    outer loop
      vertex 68.7351 46.9445 21.65
      vertex 68.2062 56.9161 21.65
      vertex 68.5305 47.2204 21.65
    endloop
  endfacet
  facet normal -0 0 1
    outer loop
      vertex 68.07 56.6888 21.65
      vertex 68.5305 47.2204 21.65
      vertex 68.2062 56.9161 21.65
    endloop
  endfacet
  facet normal 0 0 1
    outer loop
      vertex 68.5305 47.2204 21.65
      vertex 68.07 56.6888 21.65
      vertex 68.2999 47.4749 21.65
    endloop
  endfacet
  facet normal -0 0 1
    outer loop
      vertex 67.9121 56.476 21.65
      vertex 68.2999 47.4749 21.65
      vertex 68.07 56.6888 21.65
    endloop
  endfacet
  facet normal -0 0 1
    outer loop
      vertex 67.7342 56.2796 21.65
      vertex 68.2999 47.4749 21.65
      vertex 67.9121 56.476 21.65
    endloop
  endfacet
  facet normal 0 0 1
    outer loop
      vertex 68.2999 47.4749 21.65
      vertex 67.7342 56.2796 21.65
      vertex 68.0454 47.7055 21.65
    endloop
  endfacet
  facet normal -0 0 1
    outer loop
      vertex 67.5379 56.1017 21.65
      vertex 68.0454 47.7055 21.65
      vertex 67.7342 56.2796 21.65
    endloop
  endfacet
  facet normal 0 0 1
    outer loop
      vertex 68.0454 47.7055 21.65
      vertex 67.5379 56.1017 21.65
      vertex 67.7695 47.9101 21.65
    endloop
  endfacet
  facet normal -0 0 1
    outer loop
      vertex 67.325 55.9439 21.65
      vertex 67.7695 47.9101 21.65
      vertex 67.5379 56.1017 21.65
    endloop
  endfacet
  facet normal 0 0 1
    outer loop
      vertex 67.7695 47.9101 21.65
      vertex 67.325 55.9439 21.65
      vertex 67.4749 48.0867 21.65
    endloop
  endfacet
  facet normal -0 0 1
    outer loop
      vertex 67.0978 55.8076 21.65
      vertex 67.4749 48.0867 21.65
      vertex 67.325 55.9439 21.65
    endloop
  endfacet
  facet normal 0 0 1
    outer loop
      vertex 67.4749 48.0867 21.65
      vertex 67.0978 55.8076 21.65
      vertex 67.1644 48.2336 21.65
    endloop
  endfacet
  facet normal -0 0 1
    outer loop
      vertex 66.8582 55.6944 21.65
      vertex 67.1644 48.2336 21.65
      vertex 67.0978 55.8076 21.65
    endloop
  endfacet
  facet normal 0 0 1
    outer loop
      vertex 66.8582 55.6944 21.65
      vertex 66.841 48.3493 21.65
      vertex 67.1644 48.2336 21.65
    endloop
  endfacet
  facet normal -0 0 1
    outer loop
      vertex 66.6088 55.6051 21.65
      vertex 66.841 48.3493 21.65
      vertex 66.8582 55.6944 21.65
    endloop
  endfacet
  facet normal 0 0 1
    outer loop
      vertex 66.6088 55.6051 21.65
      vertex 66.5078 48.4327 21.65
      vertex 66.841 48.3493 21.65
    endloop
  endfacet
  facet normal -0 0 1
    outer loop
      vertex 66.3517 55.5407 21.65
      vertex 66.5078 48.4327 21.65
      vertex 66.6088 55.6051 21.65
    endloop
  endfacet
  facet normal 0 0 1
    outer loop
      vertex 66.3517 55.5407 21.65
      vertex 66.1681 48.4831 21.65
      vertex 66.5078 48.4327 21.65
    endloop
  endfacet
  facet normal -0 0 1
    outer loop
      vertex 66.0896 55.5018 21.65
      vertex 66.1681 48.4831 21.65
      vertex 66.3517 55.5407 21.65
    endloop
  endfacet
  facet normal 0 0 1
    outer loop
      vertex 65.825 48.5 21.65
      vertex 66.0896 55.5018 21.65
      vertex 65.825 55.4888 21.65
    endloop
  endfacet
  facet normal 0 0 1
    outer loop
      vertex 66.0896 55.5018 21.65
      vertex 65.825 48.5 21.65
      vertex 66.1681 48.4831 21.65
    endloop
  endfacet
  facet normal 0 0 1
    outer loop
      vertex 65.5604 55.5018 21.65
      vertex 65.825 48.5 21.65
      vertex 65.825 55.4888 21.65
    endloop
  endfacet
  facet normal 0 0 1
    outer loop
      vertex 65.5604 55.5018 21.65
      vertex 65.4819 48.4831 21.65
      vertex 65.825 48.5 21.65
    endloop
  endfacet
  facet normal 0 0 1
    outer loop
      vertex 65.2983 55.5407 21.65
      vertex 65.4819 48.4831 21.65
      vertex 65.5604 55.5018 21.65
    endloop
  endfacet
  facet normal 0 0 1
    outer loop
      vertex 65.2983 55.5407 21.65
      vertex 65.1422 48.4327 21.65
      vertex 65.4819 48.4831 21.65
    endloop
  endfacet
  facet normal 0 0 1
    outer loop
      vertex 65.0412 55.6051 21.65
      vertex 65.1422 48.4327 21.65
      vertex 65.2983 55.5407 21.65
    endloop
  endfacet
  facet normal 0 0 1
    outer loop
      vertex 65.0412 55.6051 21.65
      vertex 64.809 48.3493 21.65
      vertex 65.1422 48.4327 21.65
    endloop
  endfacet
  facet normal 0 0 1
    outer loop
      vertex 64.7918 55.6944 21.65
      vertex 64.809 48.3493 21.65
      vertex 65.0412 55.6051 21.65
    endloop
  endfacet
  facet normal 0 0 1
    outer loop
      vertex 64.4856 48.2336 21.65
      vertex 64.7918 55.6944 21.65
      vertex 64.5522 55.8076 21.65
    endloop
  endfacet
  facet normal 0 0 1
    outer loop
      vertex 64.7918 55.6944 21.65
      vertex 64.4856 48.2336 21.65
      vertex 64.809 48.3493 21.65
    endloop
  endfacet
  facet normal 0 0 1
    outer loop
      vertex 64.1751 48.0867 21.65
      vertex 64.5522 55.8076 21.65
      vertex 64.325 55.9439 21.65
    endloop
  endfacet
  facet normal 0 0 1
    outer loop
      vertex 64.5522 55.8076 21.65
      vertex 64.1751 48.0867 21.65
      vertex 64.4856 48.2336 21.65
    endloop
  endfacet
  facet normal 0 0 1
    outer loop
      vertex 63.8805 47.9101 21.65
      vertex 64.325 55.9439 21.65
      vertex 64.1121 56.1017 21.65
    endloop
  endfacet
  facet normal 0 0 1
    outer loop
      vertex 63.6046 47.7055 21.65
      vertex 64.1121 56.1017 21.65
      vertex 63.9158 56.2796 21.65
    endloop
  endfacet
  facet normal 0 0 1
    outer loop
      vertex 64.325 55.9439 21.65
      vertex 63.8805 47.9101 21.65
      vertex 64.1751 48.0867 21.65
    endloop
  endfacet
  facet normal 0 0 1
    outer loop
      vertex 63.3501 47.4749 21.65
      vertex 63.9158 56.2796 21.65
      vertex 63.7379 56.476 21.65
    endloop
  endfacet
  facet normal 0 0 1
    outer loop
      vertex 64.1121 56.1017 21.65
      vertex 63.6046 47.7055 21.65
      vertex 63.8805 47.9101 21.65
    endloop
  endfacet
  facet normal 0 0 1
    outer loop
      vertex 63.3501 47.4749 21.65
      vertex 63.7379 56.476 21.65
      vertex 63.58 56.6888 21.65
    endloop
  endfacet
  facet normal 0 0 1
    outer loop
      vertex 63.1195 47.2204 21.65
      vertex 63.58 56.6888 21.65
      vertex 63.4438 56.9161 21.65
    endloop
  endfacet
  facet normal 0 0 1
    outer loop
      vertex 63.9158 56.2796 21.65
      vertex 63.3501 47.4749 21.65
      vertex 63.6046 47.7055 21.65
    endloop
  endfacet
  facet normal 0 0 1
    outer loop
      vertex 63.1195 47.2204 21.65
      vertex 63.4438 56.9161 21.65
      vertex 63.3305 57.1556 21.65
    endloop
  endfacet
  facet normal 0 0 1
    outer loop
      vertex 63.1195 47.2204 21.65
      vertex 63.3305 57.1556 21.65
      vertex 63.2413 57.4051 21.65
    endloop
  endfacet
  facet normal 0 0 1
    outer loop
      vertex 63.1195 47.2204 21.65
      vertex 63.2413 57.4051 21.65
      vertex 63.1769 57.6621 21.65
    endloop
  endfacet
  facet normal 0 0 1
    outer loop
      vertex 63.1195 47.2204 21.65
      vertex 63.1769 57.6621 21.65
      vertex 63.138 57.9242 21.65
    endloop
  endfacet
  facet normal 0 0 1
    outer loop
      vertex 63.1195 47.2204 21.65
      vertex 63.138 57.9242 21.65
      vertex 63.125 58.1888 21.65
    endloop
  endfacet
  facet normal 0 0 1
    outer loop
      vertex 63.58 56.6888 21.65
      vertex 63.1195 47.2204 21.65
      vertex 63.3501 47.4749 21.65
    endloop
  endfacet
  facet normal -0.941836 0.336072 0
    outer loop
      vertex -71.6349 75.8828 11.0073
      vertex -71.2724 76.8987 20.65
      vertex -71.2724 76.8987 11.0073
    endloop
  endfacet
  facet normal -0.941433 0.337201 0
    outer loop
      vertex -71.6522 75.8345 20.65
      vertex -71.6349 75.8828 11.0073
      vertex -71.6522 75.8345 11.0073
    endloop
  endfacet
  facet normal -0.941818 0.336123 -6.08681e-06
    outer loop
      vertex -71.6349 75.8828 11.0073
      vertex -71.6522 75.8345 20.65
      vertex -71.2724 76.8987 20.65
    endloop
  endfacet
  facet normal -0.753207 0.657783 0
    outer loop
      vertex -70.2244 78.7084 11.0073
      vertex -69.6109 79.4109 20.65
      vertex -69.6109 79.4109 11.0073
    endloop
  endfacet
  facet normal -0.752856 0.658185 0
    outer loop
      vertex -70.2536 78.675 20.65
      vertex -70.2244 78.7084 11.0073
      vertex -70.2536 78.675 11.0073
    endloop
  endfacet
  facet normal -0.753191 0.657801 -2.34574e-06
    outer loop
      vertex -70.2244 78.7084 11.0073
      vertex -70.2536 78.675 20.65
      vertex -69.6109 79.4109 20.65
    endloop
  endfacet
  facet normal -0.49762 0.434598 0.750665
    outer loop
      vertex -69.6109 79.4109 20.65
      vertex -70.2536 78.675 20.65
      vertex -69.4022 77.9226 21.65
    endloop
  endfacet
  facet normal -0.0197243 0.00975299 -0.999758
    outer loop
      vertex -71.2724 76.8987 11.0073
      vertex -70.5394 77.6328 11
      vertex -70.9951 76.7112 11
    endloop
  endfacet
  facet normal -0.0197254 0.0097541 -0.999758
    outer loop
      vertex -70.5394 77.6328 11
      vertex -71.2724 76.8987 11.0073
      vertex -70.8278 77.7978 11.0073
    endloop
  endfacet
  facet normal 0.0161211 -0.0140939 -0.999771
    outer loop
      vertex 69.9982 -80.6493 11
      vertex 70.2536 -80.875 11.0073
      vertex 70.2244 -80.9084 11.0073
    endloop
  endfacet
  facet normal 0.0239944 0.00172337 -0.999711
    outer loop
      vertex 72.283 71.4525 11.0073
      vertex 71.9839 71.3822 11
      vertex 71.8606 73.0989 11
    endloop
  endfacet
  facet normal 0.0239874 0.00172157 -0.999711
    outer loop
      vertex 72.283 71.4525 11.0073
      vertex 71.8606 73.0989 11
      vertex 72.1628 73.1273 11.0073
    endloop
  endfacet
  facet normal 0.0197386 0.00973096 -0.999758
    outer loop
      vertex 70.8278 77.7978 11.0073
      vertex 70.5394 77.6328 11
      vertex 70.8067 77.8406 11.0073
    endloop
  endfacet
  facet normal 0.00758668 0.0211813 -0.999747
    outer loop
      vertex 66.0345 81.4522 11.0073
      vertex 66.0828 81.4349 11.0073
      vertex 65.8699 81.1666 11
    endloop
  endfacet
  facet normal 0.00346949 -0.0233594 -0.999721
    outer loop
      vertex 63.4069 -84.157 11.0073
      vertex 64.6833 -83.655 11
      vertex 64.7575 -83.9564 11.0073
    endloop
  endfacet
  facet normal 0.00346895 -0.023358 -0.999721
    outer loop
      vertex 64.6833 -83.655 11
      vertex 63.4069 -84.157 11.0073
      vertex 63.2989 -83.8606 11
    endloop
  endfacet
  facet normal -0.00756336 -0.0211998 -0.999747
    outer loop
      vertex -66.0828 -83.6349 11.0073
      vertex -66.9112 -82.9951 11
      vertex -65.8699 -83.3666 11
    endloop
  endfacet
  facet normal -0.00756576 -0.0212029 -0.999747
    outer loop
      vertex -66.9112 -82.9951 11
      vertex -66.0828 -83.6349 11.0073
      vertex -67.0987 -83.2724 11.0073
    endloop
  endfacet
  facet normal 0.0224363 -0.0054255 -0.999734
    outer loop
      vertex 71.6522 -78.0345 11.0073
      vertex 71.3667 -77.87 11
      vertex 71.6655 -77.9795 11.0073
    endloop
  endfacet
  facet normal -0.0161211 -0.0140939 -0.999771
    outer loop
      vertex -70.2536 -80.875 11.0073
      vertex -69.9982 -80.6493 11
      vertex -70.2244 -80.9084 11.0073
    endloop
  endfacet
  facet normal -0.00974873 -0.0197285 -0.999758
    outer loop
      vertex -67.9978 -82.8278 11.0073
      vertex -68.0405 -82.8067 11.0073
      vertex -67.8328 -82.5394 11
    endloop
  endfacet
  facet normal 0.00756576 0.0212029 -0.999747
    outer loop
      vertex 66.9112 80.7951 11
      vertex 66.0828 81.4349 11.0073
      vertex 67.0987 81.0724 11.0073
    endloop
  endfacet
  facet normal 0.00756336 0.0211998 -0.999747
    outer loop
      vertex 66.0828 81.4349 11.0073
      vertex 66.9112 80.7951 11
      vertex 65.8699 81.1666 11
    endloop
  endfacet
  facet normal -0.00349216 -0.0233538 -0.999721
    outer loop
      vertex -64.8217 -83.9468 11.0073
      vertex -64.6833 -83.655 11
      vertex -64.7575 -83.9564 11.0073
    endloop
  endfacet
  facet normal -0.0224195 0.00544664 -0.999734
    outer loop
      vertex -71.9469 74.6217 11.0073
      vertex -71.3667 75.67 11
      vertex -71.655 74.4833 11
    endloop
  endfacet
  facet normal -0.022427 0.00545082 -0.999734
    outer loop
      vertex -71.3667 75.67 11
      vertex -71.9469 74.6217 11.0073
      vertex -71.6655 75.7795 11.0073
    endloop
  endfacet
  facet normal 0.0197243 0.00975299 -0.999758
    outer loop
      vertex 70.5394 77.6328 11
      vertex 71.2724 76.8987 11.0073
      vertex 70.9951 76.7112 11
    endloop
  endfacet
  facet normal 0.0197254 0.0097541 -0.999758
    outer loop
      vertex 71.2724 76.8987 11.0073
      vertex 70.5394 77.6328 11
      vertex 70.8278 77.7978 11.0073
    endloop
  endfacet
  facet normal -0.0233642 0.00345194 -0.999721
    outer loop
      vertex -71.8606 73.0989 11
      vertex -72.157 73.2069 11.0073
      vertex -72.1475 73.2712 11.0073
    endloop
  endfacet
  facet normal -0.000311873 -0.0243261 -0.999704
    outer loop
      vertex -58.3888 -84.325 11.0073
      vertex -58.537 -84.3231 11.0073
      vertex -58.3888 -84.025 11
    endloop
  endfacet
  facet normal 0.00544632 0.0224145 -0.999734
    outer loop
      vertex 65.8699 81.1666 11
      vertex 64.8768 81.7335 11.0073
      vertex 66.0345 81.4522 11.0073
    endloop
  endfacet
  facet normal 0.00544888 0.022419 -0.999734
    outer loop
      vertex 64.8768 81.7335 11.0073
      vertex 65.8699 81.1666 11
      vertex 64.6833 81.455 11
    endloop
  endfacet
  facet normal -0.00541686 -0.0224413 -0.999733
    outer loop
      vertex -64.8217 -83.9468 11.0073
      vertex -64.8768 -83.9335 11.0073
      vertex -64.6833 -83.655 11
    endloop
  endfacet
  facet normal 0.000312433 0.024318 -0.999704
    outer loop
      vertex 59.325 82.113 11.0073
      vertex 61.5822 81.7839 11
      vertex 59.325 81.8129 11
    endloop
  endfacet
  facet normal 0.000313542 0.0243256 -0.999704
    outer loop
      vertex 61.5822 81.7839 11
      vertex 59.325 82.113 11.0073
      vertex 61.6525 82.083 11.0073
    endloop
  endfacet
  facet normal -0.0211897 -0.00758967 -0.999747
    outer loop
      vertex -71.6349 -78.0828 11.0073
      vertex -71.6522 -78.0345 11.0073
      vertex -71.3667 -77.87 11
    endloop
  endfacet
  facet normal -0.00975299 0.0197243 -0.999758
    outer loop
      vertex -67.8328 80.3394 11
      vertex -67.0987 81.0724 11.0073
      vertex -66.9112 80.7951 11
    endloop
  endfacet
  facet normal -0.0097541 0.0197254 -0.999758
    outer loop
      vertex -67.0987 81.0724 11.0073
      vertex -67.8328 80.3394 11
      vertex -67.9978 80.6278 11.0073
    endloop
  endfacet
  facet normal -0.0243257 -0.0003131 -0.999704
    outer loop
      vertex -72.3231 -70.537 11.0073
      vertex -71.9839 -73.5822 11
      vertex -72.283 -73.6525 11.0073
    endloop
  endfacet
  facet normal -0.0243255 -0.000313077 -0.999704
    outer loop
      vertex -71.9839 -73.5822 11
      vertex -72.3231 -70.537 11.0073
      vertex -72.025 -70.3888 11
    endloop
  endfacet
  facet normal -0.0197254 -0.0097541 -0.999758
    outer loop
      vertex -71.2724 -79.0987 11.0073
      vertex -70.5394 -79.8328 11
      vertex -70.8278 -79.9978 11.0073
    endloop
  endfacet
  facet normal -0.0197243 -0.00975299 -0.999758
    outer loop
      vertex -70.5394 -79.8328 11
      vertex -71.2724 -79.0987 11.0073
      vertex -70.9951 -78.9112 11
    endloop
  endfacet
  facet normal 0.00544632 -0.0224145 -0.999734
    outer loop
      vertex 64.8768 -83.9335 11.0073
      vertex 65.8699 -83.3666 11
      vertex 66.0345 -83.6522 11.0073
    endloop
  endfacet
  facet normal 0.00544888 -0.022419 -0.999734
    outer loop
      vertex 65.8699 -83.3666 11
      vertex 64.8768 -83.9335 11.0073
      vertex 64.6833 -83.655 11
    endloop
  endfacet
  facet normal -0.0180079 -0.0119576 -0.999766
    outer loop
      vertex -70.7816 -80.0784 11.0073
      vertex -70.8067 -80.0406 11.0073
      vertex -70.5394 -79.8328 11
    endloop
  endfacet
  facet normal 0.0224363 0.0054255 -0.999734
    outer loop
      vertex 71.6655 75.7795 11.0073
      vertex 71.3667 75.67 11
      vertex 71.6522 75.8345 11.0073
    endloop
  endfacet
  facet normal -0.0180206 -0.0119443 -0.999766
    outer loop
      vertex -70.7816 -80.0784 11.0073
      vertex -69.9982 -80.6493 11
      vertex -70.2536 -80.875 11.0073
    endloop
  endfacet
  facet normal -0.0180209 -0.0119448 -0.999766
    outer loop
      vertex -69.9982 -80.6493 11
      vertex -70.7816 -80.0784 11.0073
      vertex -70.5394 -79.8328 11
    endloop
  endfacet
  facet normal -0.0239944 0.00172337 -0.999711
    outer loop
      vertex -72.283 71.4525 11.0073
      vertex -71.8606 73.0989 11
      vertex -71.9839 71.3822 11
    endloop
  endfacet
  facet normal -0.0239874 0.00172157 -0.999711
    outer loop
      vertex -71.8606 73.0989 11
      vertex -72.283 71.4525 11.0073
      vertex -72.1628 73.1273 11.0073
    endloop
  endfacet
  facet normal -0.00758668 -0.0211813 -0.999747
    outer loop
      vertex -66.0345 -83.6522 11.0073
      vertex -66.0828 -83.6349 11.0073
      vertex -65.8699 -83.3666 11
    endloop
  endfacet
  facet normal 0.0097541 -0.0197254 -0.999758
    outer loop
      vertex 67.0987 -83.2724 11.0073
      vertex 67.8328 -82.5394 11
      vertex 67.9978 -82.8278 11.0073
    endloop
  endfacet
  facet normal 0.00975299 -0.0197243 -0.999758
    outer loop
      vertex 67.8328 -82.5394 11
      vertex 67.0987 -83.2724 11.0073
      vertex 66.9112 -82.9951 11
    endloop
  endfacet
  facet normal 0 0 -1
    outer loop
      vertex 68.0784 80.5816 11.0073
      vertex 68.0405 80.6067 11.0073
      vertex 68.0406 80.6067 11.0073
    endloop
  endfacet
  facet normal 0.0119387 0.018027 -0.999766
    outer loop
      vertex 68.0405 80.6067 11.0073
      vertex 68.0784 80.5816 11.0073
      vertex 67.8328 80.3394 11
    endloop
  endfacet
  facet normal 0.00756576 -0.0212029 -0.999747
    outer loop
      vertex 66.0828 -83.6349 11.0073
      vertex 66.9112 -82.9951 11
      vertex 67.0987 -83.2724 11.0073
    endloop
  endfacet
  facet normal 0.00756336 -0.0211998 -0.999747
    outer loop
      vertex 66.9112 -82.9951 11
      vertex 66.0828 -83.6349 11.0073
      vertex 65.8699 -83.3666 11
    endloop
  endfacet
  facet normal -0.0140677 0.0161464 -0.999771
    outer loop
      vertex -69.3693 79.1693 11
      vertex -69.6108 79.4109 11.0073
      vertex -69.5774 79.44 11.0073
    endloop
  endfacet
  facet normal -0.0211897 0.00758967 -0.999747
    outer loop
      vertex -71.3667 75.67 11
      vertex -71.6522 75.8345 11.0073
      vertex -71.6349 75.8828 11.0073
    endloop
  endfacet
  facet normal 0.00541686 -0.0224413 -0.999733
    outer loop
      vertex 64.8217 -83.9468 11.0073
      vertex 64.6833 -83.655 11
      vertex 64.8768 -83.9335 11.0073
    endloop
  endfacet
  facet normal -0.0119448 0.0180209 -0.999766
    outer loop
      vertex -68.6493 79.7982 11
      vertex -68.0784 80.5816 11.0073
      vertex -67.8328 80.3394 11
    endloop
  endfacet
  facet normal -0.0119443 0.0180206 -0.999766
    outer loop
      vertex -68.6493 79.7982 11
      vertex -68.875 80.0536 11.0073
      vertex -68.0784 80.5816 11.0073
    endloop
  endfacet
  facet normal -0.0243261 0.000311873 -0.999704
    outer loop
      vertex -72.025 68.1888 11
      vertex -72.325 68.1888 11.0073
      vertex -72.3231 68.337 11.0073
    endloop
  endfacet
  facet normal 0 0 -1
    outer loop
      vertex 68.0405 -82.8067 11.0073
      vertex 68.0784 -82.7816 11.0073
      vertex 68.0406 -82.8067 11.0073
    endloop
  endfacet
  facet normal 0.0119387 -0.018027 -0.999766
    outer loop
      vertex 68.0784 -82.7816 11.0073
      vertex 68.0405 -82.8067 11.0073
      vertex 67.8328 -82.5394 11
    endloop
  endfacet
  facet normal 0.0180209 0.0119448 -0.999766
    outer loop
      vertex 69.9982 78.4493 11
      vertex 70.7816 77.8784 11.0073
      vertex 70.5394 77.6328 11
    endloop
  endfacet
  facet normal 0.0180206 0.0119443 -0.999766
    outer loop
      vertex 70.7816 77.8784 11.0073
      vertex 69.9982 78.4493 11
      vertex 70.2536 78.675 11.0073
    endloop
  endfacet
  facet normal 0 0.0273 -0.999627
    outer loop
      vertex -67.8328 80.3394 11
      vertex -68.0406 80.6067 11.0073
      vertex -68.0405 80.6067 11.0073
    endloop
  endfacet
  facet normal -0.0119576 0.0180079 -0.999766
    outer loop
      vertex -68.0406 80.6067 11.0073
      vertex -67.8328 80.3394 11
      vertex -68.0784 80.5816 11.0073
    endloop
  endfacet
  facet normal -0.00544888 -0.022419 -0.999734
    outer loop
      vertex -64.8768 -83.9335 11.0073
      vertex -65.8699 -83.3666 11
      vertex -64.6833 -83.655 11
    endloop
  endfacet
  facet normal -0.00544632 -0.0224145 -0.999734
    outer loop
      vertex -65.8699 -83.3666 11
      vertex -64.8768 -83.9335 11.0073
      vertex -66.0345 -83.6522 11.0073
    endloop
  endfacet
  facet normal -0.023985 0.00174765 -0.999711
    outer loop
      vertex -71.8606 73.0989 11
      vertex -72.1628 73.1273 11.0073
      vertex -72.157 73.2069 11.0073
    endloop
  endfacet
  facet normal -0.00541686 0.0224413 -0.999733
    outer loop
      vertex -64.6833 81.455 11
      vertex -64.8768 81.7335 11.0073
      vertex -64.8217 81.7468 11.0073
    endloop
  endfacet
  facet normal 0.00974873 -0.0197285 -0.999758
    outer loop
      vertex 67.9978 -82.8278 11.0073
      vertex 67.8328 -82.5394 11
      vertex 68.0405 -82.8067 11.0073
    endloop
  endfacet
  facet normal 0.0140677 -0.0161464 -0.999771
    outer loop
      vertex 69.5774 -81.64 11.0073
      vertex 69.3693 -81.3693 11
      vertex 69.6108 -81.6109 11.0073
    endloop
  endfacet
  facet normal 0.0097541 0.0197254 -0.999758
    outer loop
      vertex 67.8328 80.3394 11
      vertex 67.0987 81.0724 11.0073
      vertex 67.9978 80.6278 11.0073
    endloop
  endfacet
  facet normal 0.00975299 0.0197243 -0.999758
    outer loop
      vertex 67.0987 81.0724 11.0073
      vertex 67.8328 80.3394 11
      vertex 66.9112 80.7951 11
    endloop
  endfacet
  facet normal 0 -0.0273 -0.999627
    outer loop
      vertex -68.0406 -82.8067 11.0073
      vertex -67.8328 -82.5394 11
      vertex -68.0405 -82.8067 11.0073
    endloop
  endfacet
  facet normal -0.0119576 -0.0180079 -0.999766
    outer loop
      vertex -67.8328 -82.5394 11
      vertex -68.0406 -82.8067 11.0073
      vertex -68.0784 -82.7816 11.0073
    endloop
  endfacet
  facet normal -0.0197386 -0.00973096 -0.999758
    outer loop
      vertex -70.5394 -79.8328 11
      vertex -70.8067 -80.0406 11.0073
      vertex -70.8278 -79.9978 11.0073
    endloop
  endfacet
  facet normal -0.00974873 0.0197285 -0.999758
    outer loop
      vertex -67.8328 80.3394 11
      vertex -68.0405 80.6067 11.0073
      vertex -67.9978 80.6278 11.0073
    endloop
  endfacet
  facet normal 0.0212065 0.0075685 -0.999746
    outer loop
      vertex 70.9951 76.7112 11
      vertex 71.6349 75.8828 11.0073
      vertex 71.3667 75.67 11
    endloop
  endfacet
  facet normal 0.0212029 0.00756576 -0.999747
    outer loop
      vertex 71.6349 75.8828 11.0073
      vertex 70.9951 76.7112 11
      vertex 71.2724 76.8987 11.0073
    endloop
  endfacet
  facet normal 0.0119443 -0.0180206 -0.999766
    outer loop
      vertex 68.0784 -82.7816 11.0073
      vertex 68.6493 -81.9982 11
      vertex 68.875 -82.2536 11.0073
    endloop
  endfacet
  facet normal 0.0119448 -0.0180209 -0.999766
    outer loop
      vertex 68.6493 -81.9982 11
      vertex 68.0784 -82.7816 11.0073
      vertex 67.8328 -82.5394 11
    endloop
  endfacet
  facet normal 0.0161211 0.0140939 -0.999771
    outer loop
      vertex 70.2536 78.675 11.0073
      vertex 69.9982 78.4493 11
      vertex 70.2244 78.7084 11.0073
    endloop
  endfacet
  facet normal 0.00172356 0.0239952 -0.999711
    outer loop
      vertex 63.2989 81.6606 11
      vertex 61.6525 82.083 11.0073
      vertex 63.3273 81.9627 11.0073
    endloop
  endfacet
  facet normal 0.00172337 0.0239944 -0.999711
    outer loop
      vertex 61.6525 82.083 11.0073
      vertex 63.2989 81.6606 11
      vertex 61.5822 81.7839 11
    endloop
  endfacet
  facet normal 0.0180079 0.0119576 -0.999766
    outer loop
      vertex 70.8067 77.8406 11.0073
      vertex 70.5394 77.6328 11
      vertex 70.7816 77.8784 11.0073
    endloop
  endfacet
  facet normal -0.00172337 -0.0239944 -0.999711
    outer loop
      vertex -61.6525 -84.283 11.0073
      vertex -63.2989 -83.8606 11
      vertex -61.5822 -83.9839 11
    endloop
  endfacet
  facet normal -0.00172356 -0.0239952 -0.999711
    outer loop
      vertex -63.2989 -83.8606 11
      vertex -61.6525 -84.283 11.0073
      vertex -63.3273 -84.1627 11.0073
    endloop
  endfacet
  facet normal -0.00171828 -0.0239957 -0.999711
    outer loop
      vertex -63.4069 -84.157 11.0073
      vertex -63.2989 -83.8606 11
      vertex -63.3273 -84.1627 11.0073
    endloop
  endfacet
  facet normal 0.0197254 -0.0097541 -0.999758
    outer loop
      vertex 70.5394 -79.8328 11
      vertex 71.2724 -79.0987 11.0073
      vertex 70.8278 -79.9978 11.0073
    endloop
  endfacet
  facet normal 0.0197243 -0.00975299 -0.999758
    outer loop
      vertex 71.2724 -79.0987 11.0073
      vertex 70.5394 -79.8328 11
      vertex 70.9951 -78.9112 11
    endloop
  endfacet
  facet normal -0.0224363 0.0054255 -0.999734
    outer loop
      vertex -71.3667 75.67 11
      vertex -71.6655 75.7795 11.0073
      vertex -71.6522 75.8345 11.0073
    endloop
  endfacet
  facet normal 0.00172356 -0.0239952 -0.999711
    outer loop
      vertex 61.6525 -84.283 11.0073
      vertex 63.2989 -83.8606 11
      vertex 63.3273 -84.1627 11.0073
    endloop
  endfacet
  facet normal 0.00172337 -0.0239944 -0.999711
    outer loop
      vertex 63.2989 -83.8606 11
      vertex 61.6525 -84.283 11.0073
      vertex 61.5822 -83.9839 11
    endloop
  endfacet
  facet normal 0.0233543 0.0034684 -0.999721
    outer loop
      vertex 71.655 74.4833 11
      vertex 72.1475 73.2712 11.0073
      vertex 71.8606 73.0989 11
    endloop
  endfacet
  facet normal 0.0233567 0.00346934 -0.999721
    outer loop
      vertex 72.1475 73.2712 11.0073
      vertex 71.655 74.4833 11
      vertex 71.9469 74.6217 11.0073
    endloop
  endfacet
  facet normal 0.0211897 0.00758967 -0.999747
    outer loop
      vertex 71.6522 75.8345 11.0073
      vertex 71.3667 75.67 11
      vertex 71.6349 75.8828 11.0073
    endloop
  endfacet
  facet normal -0.00346895 -0.023358 -0.999721
    outer loop
      vertex -63.4069 -84.157 11.0073
      vertex -64.6833 -83.655 11
      vertex -63.2989 -83.8606 11
    endloop
  endfacet
  facet normal -0.00346949 -0.0233594 -0.999721
    outer loop
      vertex -64.6833 -83.655 11
      vertex -63.4069 -84.157 11.0073
      vertex -64.7575 -83.9564 11.0073
    endloop
  endfacet
  facet normal 0 -0.0243261 -0.999704
    outer loop
      vertex -58.3888 -84.325 11.0073
      vertex 58.3888 -84.025 11
      vertex 58.3888 -84.325 11.0073
    endloop
  endfacet
  facet normal -0 -0.0243261 -0.999704
    outer loop
      vertex 58.3888 -84.025 11
      vertex -58.3888 -84.325 11.0073
      vertex -58.3888 -84.025 11
    endloop
  endfacet
  facet normal -0.000313077 -0.0243255 -0.999704
    outer loop
      vertex -58.537 -84.3231 11.0073
      vertex -61.5822 -83.9839 11
      vertex -58.3888 -84.025 11
    endloop
  endfacet
  facet normal -0.0003131 -0.0243257 -0.999704
    outer loop
      vertex -61.6525 -84.283 11.0073
      vertex -61.5822 -83.9839 11
      vertex -58.537 -84.3231 11.0073
    endloop
  endfacet
  facet normal 0.0003131 -0.0243257 -0.999704
    outer loop
      vertex 58.537 -84.3231 11.0073
      vertex 61.5822 -83.9839 11
      vertex 61.6525 -84.283 11.0073
    endloop
  endfacet
  facet normal 0.000313077 -0.0243255 -0.999704
    outer loop
      vertex 61.5822 -83.9839 11
      vertex 58.537 -84.3231 11.0073
      vertex 58.3888 -84.025 11
    endloop
  endfacet
  facet normal 0.000311873 -0.0243261 -0.999704
    outer loop
      vertex 58.537 -84.3231 11.0073
      vertex 58.3888 -84.325 11.0073
      vertex 58.3888 -84.025 11
    endloop
  endfacet
  facet normal -0.0233567 0.00346934 -0.999721
    outer loop
      vertex -71.655 74.4833 11
      vertex -72.1475 73.2712 11.0073
      vertex -71.9469 74.6217 11.0073
    endloop
  endfacet
  facet normal -0.0233543 0.0034684 -0.999721
    outer loop
      vertex -72.1475 73.2712 11.0073
      vertex -71.655 74.4833 11
      vertex -71.8606 73.0989 11
    endloop
  endfacet
  facet normal 0.00171828 -0.0239957 -0.999711
    outer loop
      vertex 63.2989 -83.8606 11
      vertex 63.4069 -84.157 11.0073
      vertex 63.3273 -84.1627 11.0073
    endloop
  endfacet
  facet normal -0.0243255 0.000313077 -0.999704
    outer loop
      vertex -72.3231 68.337 11.0073
      vertex -71.9839 71.3822 11
      vertex -72.025 68.1888 11
    endloop
  endfacet
  facet normal -0.0243257 0.0003131 -0.999704
    outer loop
      vertex -71.9839 71.3822 11
      vertex -72.3231 68.337 11.0073
      vertex -72.283 71.4525 11.0073
    endloop
  endfacet
  facet normal -0.0140891 0.01613 -0.999771
    outer loop
      vertex -69.5774 79.44 11.0073
      vertex -68.6493 79.7982 11
      vertex -69.3693 79.1693 11
    endloop
  endfacet
  facet normal -0.0140878 0.0161265 -0.999771
    outer loop
      vertex -68.6493 79.7982 11
      vertex -69.5774 79.44 11.0073
      vertex -68.875 80.0536 11.0073
    endloop
  endfacet
  facet normal -0.0233567 -0.00346934 -0.999721
    outer loop
      vertex -72.1475 -75.4712 11.0073
      vertex -71.655 -76.6833 11
      vertex -71.9469 -76.8217 11.0073
    endloop
  endfacet
  facet normal -0.0233543 -0.0034684 -0.999721
    outer loop
      vertex -71.655 -76.6833 11
      vertex -72.1475 -75.4712 11.0073
      vertex -71.8606 -75.2989 11
    endloop
  endfacet
  facet normal -0.00544888 0.022419 -0.999734
    outer loop
      vertex -65.8699 81.1666 11
      vertex -64.8768 81.7335 11.0073
      vertex -64.6833 81.455 11
    endloop
  endfacet
  facet normal -0.00544632 0.0224145 -0.999734
    outer loop
      vertex -64.8768 81.7335 11.0073
      vertex -65.8699 81.1666 11
      vertex -66.0345 81.4522 11.0073
    endloop
  endfacet
  facet normal -0.0243261 -0.000311873 -0.999704
    outer loop
      vertex -72.3231 -70.537 11.0073
      vertex -72.325 -70.3888 11.0073
      vertex -72.025 -70.3888 11
    endloop
  endfacet
  facet normal -0.0243261 0 -0.999704
    outer loop
      vertex -72.325 -70.3888 11.0073
      vertex -72.025 68.1888 11
      vertex -72.025 -70.3888 11
    endloop
  endfacet
  facet normal -0.0243261 0 -0.999704
    outer loop
      vertex -72.025 68.1888 11
      vertex -72.325 -70.3888 11.0073
      vertex -72.325 68.1888 11.0073
    endloop
  endfacet
  facet normal 0.00758668 -0.0211813 -0.999747
    outer loop
      vertex 66.0828 -83.6349 11.0073
      vertex 66.0345 -83.6522 11.0073
      vertex 65.8699 -83.3666 11
    endloop
  endfacet
  facet normal 0.0224195 0.00544664 -0.999734
    outer loop
      vertex 71.3667 75.67 11
      vertex 71.9469 74.6217 11.0073
      vertex 71.655 74.4833 11
    endloop
  endfacet
  facet normal 0.022427 0.00545082 -0.999734
    outer loop
      vertex 71.9469 74.6217 11.0073
      vertex 71.3667 75.67 11
      vertex 71.6655 75.7795 11.0073
    endloop
  endfacet
  facet normal -0.00758668 0.0211813 -0.999747
    outer loop
      vertex -66.0828 81.4349 11.0073
      vertex -66.0345 81.4522 11.0073
      vertex -65.8699 81.1666 11
    endloop
  endfacet
  facet normal -0.00756336 0.0211998 -0.999747
    outer loop
      vertex -66.9112 80.7951 11
      vertex -66.0828 81.4349 11.0073
      vertex -65.8699 81.1666 11
    endloop
  endfacet
  facet normal -0.00756576 0.0212029 -0.999747
    outer loop
      vertex -66.0828 81.4349 11.0073
      vertex -66.9112 80.7951 11
      vertex -67.0987 81.0724 11.0073
    endloop
  endfacet
  facet normal 0.0212029 -0.00756576 -0.999747
    outer loop
      vertex 70.9951 -78.9112 11
      vertex 71.6349 -78.0828 11.0073
      vertex 71.2724 -79.0987 11.0073
    endloop
  endfacet
  facet normal 0.0212065 -0.0075685 -0.999746
    outer loop
      vertex 71.6349 -78.0828 11.0073
      vertex 70.9951 -78.9112 11
      vertex 71.3667 -77.87 11
    endloop
  endfacet
  facet normal 0.00349216 -0.0233538 -0.999721
    outer loop
      vertex 64.7575 -83.9564 11.0073
      vertex 64.6833 -83.655 11
      vertex 64.8217 -83.9468 11.0073
    endloop
  endfacet
  facet normal 0.00346949 0.0233594 -0.999721
    outer loop
      vertex 64.6833 81.455 11
      vertex 63.4069 81.957 11.0073
      vertex 64.7575 81.7564 11.0073
    endloop
  endfacet
  facet normal 0.00346895 0.023358 -0.999721
    outer loop
      vertex 63.4069 81.957 11.0073
      vertex 64.6833 81.455 11
      vertex 63.2989 81.6606 11
    endloop
  endfacet
  facet normal 0.0243257 -0.0003131 -0.999704
    outer loop
      vertex 71.9839 -73.5822 11
      vertex 72.3231 -70.537 11.0073
      vertex 72.283 -73.6525 11.0073
    endloop
  endfacet
  facet normal 0.0243255 -0.000313077 -0.999704
    outer loop
      vertex 72.3231 -70.537 11.0073
      vertex 71.9839 -73.5822 11
      vertex 72.025 -70.3888 11
    endloop
  endfacet
  facet normal 0.0233642 0.00345194 -0.999721
    outer loop
      vertex 72.157 73.2069 11.0073
      vertex 71.8606 73.0989 11
      vertex 72.1475 73.2712 11.0073
    endloop
  endfacet
  facet normal 0.0180079 -0.0119576 -0.999766
    outer loop
      vertex 70.7816 -80.0784 11.0073
      vertex 70.5394 -79.8328 11
      vertex 70.8067 -80.0406 11.0073
    endloop
  endfacet
  facet normal 0.00171828 0.0239957 -0.999711
    outer loop
      vertex 63.4069 81.957 11.0073
      vertex 63.2989 81.6606 11
      vertex 63.3273 81.9627 11.0073
    endloop
  endfacet
  facet normal -0.0151073 -0.0151073 -0.999772
    outer loop
      vertex -69.6109 -81.6108 11.0073
      vertex -69.3693 -81.3693 11
      vertex -69.6108 -81.6109 11.0073
    endloop
  endfacet
  facet normal -0.0161277 -0.0140865 -0.999771
    outer loop
      vertex -70.2244 -80.9084 11.0073
      vertex -69.3693 -81.3693 11
      vertex -69.6109 -81.6108 11.0073
    endloop
  endfacet
  facet normal -0.0161283 -0.0140876 -0.999771
    outer loop
      vertex -69.3693 -81.3693 11
      vertex -70.2244 -80.9084 11.0073
      vertex -69.9982 -80.6493 11
    endloop
  endfacet
  facet normal -0.0212029 -0.00756576 -0.999747
    outer loop
      vertex -71.6349 -78.0828 11.0073
      vertex -70.9951 -78.9112 11
      vertex -71.2724 -79.0987 11.0073
    endloop
  endfacet
  facet normal -0.0212065 -0.0075685 -0.999746
    outer loop
      vertex -70.9951 -78.9112 11
      vertex -71.6349 -78.0828 11.0073
      vertex -71.3667 -77.87 11
    endloop
  endfacet
  facet normal -0.0224363 -0.0054255 -0.999734
    outer loop
      vertex -71.6522 -78.0345 11.0073
      vertex -71.6655 -77.9795 11.0073
      vertex -71.3667 -77.87 11
    endloop
  endfacet
  facet normal -0.0212065 0.0075685 -0.999746
    outer loop
      vertex -71.6349 75.8828 11.0073
      vertex -70.9951 76.7112 11
      vertex -71.3667 75.67 11
    endloop
  endfacet
  facet normal -0.0212029 0.00756576 -0.999747
    outer loop
      vertex -70.9951 76.7112 11
      vertex -71.6349 75.8828 11.0073
      vertex -71.2724 76.8987 11.0073
    endloop
  endfacet
  facet normal 0.0140878 -0.0161265 -0.999771
    outer loop
      vertex 68.6493 -81.9982 11
      vertex 69.5774 -81.64 11.0073
      vertex 68.875 -82.2536 11.0073
    endloop
  endfacet
  facet normal 0.0140891 -0.01613 -0.999771
    outer loop
      vertex 69.5774 -81.64 11.0073
      vertex 68.6493 -81.9982 11
      vertex 69.3693 -81.3693 11
    endloop
  endfacet
  facet normal 0 0.0302014 -0.999544
    outer loop
      vertex -69.3693 79.1693 11
      vertex -69.6109 79.4109 11.0073
      vertex -69.6108 79.4109 11.0073
    endloop
  endfacet
  facet normal -0.0161283 0.0140876 -0.999771
    outer loop
      vertex -70.2244 78.7084 11.0073
      vertex -69.3693 79.1693 11
      vertex -69.9982 78.4493 11
    endloop
  endfacet
  facet normal -0.0161256 0.0140827 -0.999771
    outer loop
      vertex -69.3693 79.1693 11
      vertex -70.2244 78.7084 11.0073
      vertex -69.6109 79.4109 11.0073
    endloop
  endfacet
  facet normal -0.0197386 0.00973096 -0.999758
    outer loop
      vertex -70.5394 77.6328 11
      vertex -70.8278 77.7978 11.0073
      vertex -70.8067 77.8406 11.0073
    endloop
  endfacet
  facet normal -0.00975299 -0.0197243 -0.999758
    outer loop
      vertex -67.0987 -83.2724 11.0073
      vertex -67.8328 -82.5394 11
      vertex -66.9112 -82.9951 11
    endloop
  endfacet
  facet normal -0.0097541 -0.0197254 -0.999758
    outer loop
      vertex -67.8328 -82.5394 11
      vertex -67.0987 -83.2724 11.0073
      vertex -67.9978 -82.8278 11.0073
    endloop
  endfacet
  facet normal -0.0180079 0.0119576 -0.999766
    outer loop
      vertex -70.5394 77.6328 11
      vertex -70.8067 77.8406 11.0073
      vertex -70.7816 77.8784 11.0073
    endloop
  endfacet
  facet normal -0.000312433 0.024318 -0.999704
    outer loop
      vertex -61.5822 81.7839 11
      vertex -59.325 82.113 11.0073
      vertex -59.325 81.8129 11
    endloop
  endfacet
  facet normal -0.000313542 0.0243256 -0.999704
    outer loop
      vertex -61.5822 81.7839 11
      vertex -61.6525 82.083 11.0073
      vertex -59.325 82.113 11.0073
    endloop
  endfacet
  facet normal -0.022427 -0.00545082 -0.999734
    outer loop
      vertex -71.9469 -76.8217 11.0073
      vertex -71.3667 -77.87 11
      vertex -71.6655 -77.9795 11.0073
    endloop
  endfacet
  facet normal -0.0224195 -0.00544664 -0.999734
    outer loop
      vertex -71.3667 -77.87 11
      vertex -71.9469 -76.8217 11.0073
      vertex -71.655 -76.6833 11
    endloop
  endfacet
  facet normal -0.0239874 -0.00172157 -0.999711
    outer loop
      vertex -72.283 -73.6525 11.0073
      vertex -71.8606 -75.2989 11
      vertex -72.1628 -75.3273 11.0073
    endloop
  endfacet
  facet normal -0.0239944 -0.00172337 -0.999711
    outer loop
      vertex -71.8606 -75.2989 11
      vertex -72.283 -73.6525 11.0073
      vertex -71.9839 -73.5822 11
    endloop
  endfacet
  facet normal 0.023985 0.00174765 -0.999711
    outer loop
      vertex 71.8606 73.0989 11
      vertex 72.157 73.2069 11.0073
      vertex 72.1628 73.1273 11.0073
    endloop
  endfacet
  facet normal 0.0243255 0.000313077 -0.999704
    outer loop
      vertex 71.9839 71.3822 11
      vertex 72.3231 68.337 11.0073
      vertex 72.025 68.1888 11
    endloop
  endfacet
  facet normal 0.0243257 0.0003131 -0.999704
    outer loop
      vertex 72.3231 68.337 11.0073
      vertex 71.9839 71.3822 11
      vertex 72.283 71.4525 11.0073
    endloop
  endfacet
  facet normal -0.0119448 -0.0180209 -0.999766
    outer loop
      vertex -68.0784 -82.7816 11.0073
      vertex -68.6493 -81.9982 11
      vertex -67.8328 -82.5394 11
    endloop
  endfacet
  facet normal -0.0119443 -0.0180206 -0.999766
    outer loop
      vertex -68.875 -82.2536 11.0073
      vertex -68.6493 -81.9982 11
      vertex -68.0784 -82.7816 11.0073
    endloop
  endfacet
  facet normal 0.0161277 -0.0140865 -0.999771
    outer loop
      vertex 69.3693 -81.3693 11
      vertex 70.2244 -80.9084 11.0073
      vertex 69.6109 -81.6108 11.0073
    endloop
  endfacet
  facet normal 0.0151073 -0.0151073 -0.999772
    outer loop
      vertex 69.3693 -81.3693 11
      vertex 69.6109 -81.6108 11.0073
      vertex 69.6108 -81.6109 11.0073
    endloop
  endfacet
  facet normal 0.0161283 -0.0140876 -0.999771
    outer loop
      vertex 70.2244 -80.9084 11.0073
      vertex 69.3693 -81.3693 11
      vertex 69.9982 -80.6493 11
    endloop
  endfacet
  facet normal -0.00349216 0.0233538 -0.999721
    outer loop
      vertex -64.6833 81.455 11
      vertex -64.8217 81.7468 11.0073
      vertex -64.7575 81.7564 11.0073
    endloop
  endfacet
  facet normal 0.00541686 0.0224413 -0.999733
    outer loop
      vertex 64.8768 81.7335 11.0073
      vertex 64.6833 81.455 11
      vertex 64.8217 81.7468 11.0073
    endloop
  endfacet
  facet normal 0.00349216 0.0233538 -0.999721
    outer loop
      vertex 64.8217 81.7468 11.0073
      vertex 64.6833 81.455 11
      vertex 64.7575 81.7564 11.0073
    endloop
  endfacet
  facet normal 0.0243261 0 -0.999704
    outer loop
      vertex 72.025 -70.3888 11
      vertex 72.325 68.1888 11.0073
      vertex 72.325 -70.3888 11.0073
    endloop
  endfacet
  facet normal 0.0243261 0 -0.999704
    outer loop
      vertex 72.325 68.1888 11.0073
      vertex 72.025 -70.3888 11
      vertex 72.025 68.1888 11
    endloop
  endfacet
  facet normal 0.023985 -0.00174765 -0.999711
    outer loop
      vertex 72.1628 -75.3273 11.0073
      vertex 72.157 -75.4069 11.0073
      vertex 71.8606 -75.2989 11
    endloop
  endfacet
  facet normal 0.0233642 -0.00345194 -0.999721
    outer loop
      vertex 72.1475 -75.4712 11.0073
      vertex 71.8606 -75.2989 11
      vertex 72.157 -75.4069 11.0073
    endloop
  endfacet
  facet normal 0.00974873 0.0197285 -0.999758
    outer loop
      vertex 68.0405 80.6067 11.0073
      vertex 67.8328 80.3394 11
      vertex 67.9978 80.6278 11.0073
    endloop
  endfacet
  facet normal 0.0243261 0.000311873 -0.999704
    outer loop
      vertex 72.325 68.1888 11.0073
      vertex 72.025 68.1888 11
      vertex 72.3231 68.337 11.0073
    endloop
  endfacet
  facet normal -0.0180209 0.0119448 -0.999766
    outer loop
      vertex -70.7816 77.8784 11.0073
      vertex -69.9982 78.4493 11
      vertex -70.5394 77.6328 11
    endloop
  endfacet
  facet normal -0.0180206 0.0119443 -0.999766
    outer loop
      vertex -69.9982 78.4493 11
      vertex -70.7816 77.8784 11.0073
      vertex -70.2536 78.675 11.0073
    endloop
  endfacet
  facet normal -0.0161211 0.0140939 -0.999771
    outer loop
      vertex -69.9982 78.4493 11
      vertex -70.2536 78.675 11.0073
      vertex -70.2244 78.7084 11.0073
    endloop
  endfacet
  facet normal -0.0233642 -0.00345194 -0.999721
    outer loop
      vertex -72.1475 -75.4712 11.0073
      vertex -72.157 -75.4069 11.0073
      vertex -71.8606 -75.2989 11
    endloop
  endfacet
  facet normal -0.023985 -0.00174765 -0.999711
    outer loop
      vertex -71.8606 -75.2989 11
      vertex -72.157 -75.4069 11.0073
      vertex -72.1628 -75.3273 11.0073
    endloop
  endfacet
  facet normal -0.0140878 -0.0161265 -0.999771
    outer loop
      vertex -69.5774 -81.64 11.0073
      vertex -68.6493 -81.9982 11
      vertex -68.875 -82.2536 11.0073
    endloop
  endfacet
  facet normal -0.0140891 -0.01613 -0.999771
    outer loop
      vertex -68.6493 -81.9982 11
      vertex -69.5774 -81.64 11.0073
      vertex -69.3693 -81.3693 11
    endloop
  endfacet
  facet normal -0.0140677 -0.0161464 -0.999771
    outer loop
      vertex -69.5774 -81.64 11.0073
      vertex -69.6108 -81.6109 11.0073
      vertex -69.3693 -81.3693 11
    endloop
  endfacet
  facet normal 0.0211897 -0.00758967 -0.999747
    outer loop
      vertex 71.6349 -78.0828 11.0073
      vertex 71.3667 -77.87 11
      vertex 71.6522 -78.0345 11.0073
    endloop
  endfacet
  facet normal -0.00171828 0.0239957 -0.999711
    outer loop
      vertex -63.2989 81.6606 11
      vertex -63.4069 81.957 11.0073
      vertex -63.3273 81.9627 11.0073
    endloop
  endfacet
  facet normal -0.00346895 0.023358 -0.999721
    outer loop
      vertex -64.6833 81.455 11
      vertex -63.4069 81.957 11.0073
      vertex -63.2989 81.6606 11
    endloop
  endfacet
  facet normal -0.00346949 0.0233594 -0.999721
    outer loop
      vertex -63.4069 81.957 11.0073
      vertex -64.6833 81.455 11
      vertex -64.7575 81.7564 11.0073
    endloop
  endfacet
  facet normal 0.0161283 0.0140876 -0.999771
    outer loop
      vertex 69.3693 79.1693 11
      vertex 70.2244 78.7084 11.0073
      vertex 69.9982 78.4493 11
    endloop
  endfacet
  facet normal 0.0161256 0.0140827 -0.999771
    outer loop
      vertex 70.2244 78.7084 11.0073
      vertex 69.3693 79.1693 11
      vertex 69.6109 79.4109 11.0073
    endloop
  endfacet
  facet normal 0 0.0302014 -0.999544
    outer loop
      vertex 69.6109 79.4109 11.0073
      vertex 69.3693 79.1693 11
      vertex 69.6108 79.4109 11.0073
    endloop
  endfacet
  facet normal 0.0180206 -0.0119443 -0.999766
    outer loop
      vertex 69.9982 -80.6493 11
      vertex 70.7816 -80.0784 11.0073
      vertex 70.2536 -80.875 11.0073
    endloop
  endfacet
  facet normal 0.0180209 -0.0119448 -0.999766
    outer loop
      vertex 70.7816 -80.0784 11.0073
      vertex 69.9982 -80.6493 11
      vertex 70.5394 -79.8328 11
    endloop
  endfacet
  facet normal 0.0197386 -0.00973096 -0.999758
    outer loop
      vertex 70.8278 -79.9978 11.0073
      vertex 70.8067 -80.0406 11.0073
      vertex 70.5394 -79.8328 11
    endloop
  endfacet
  facet normal 0.0243261 -0.000311873 -0.999704
    outer loop
      vertex 72.3231 -70.537 11.0073
      vertex 72.025 -70.3888 11
      vertex 72.325 -70.3888 11.0073
    endloop
  endfacet
  facet normal -0.00172337 0.0239944 -0.999711
    outer loop
      vertex -63.2989 81.6606 11
      vertex -61.6525 82.083 11.0073
      vertex -61.5822 81.7839 11
    endloop
  endfacet
  facet normal -0.00172356 0.0239952 -0.999711
    outer loop
      vertex -61.6525 82.083 11.0073
      vertex -63.2989 81.6606 11
      vertex -63.3273 81.9627 11.0073
    endloop
  endfacet
  facet normal 0.0233569 -0.00346878 -0.999721
    outer loop
      vertex 71.9469 -76.8217 11.0073
      vertex 71.655 -76.6833 11
      vertex 71.8606 -75.2989 11
    endloop
  endfacet
  facet normal 0.023354 -0.00346895 -0.999721
    outer loop
      vertex 72.1475 -75.4712 11.0073
      vertex 71.9469 -76.8217 11.0073
      vertex 71.8606 -75.2989 11
    endloop
  endfacet
  facet normal 0 0 -1
    outer loop
      vertex -62.3923 45.6828 11
      vertex -63.138 57.9242 11
      vertex -63.125 58.1888 11
    endloop
  endfacet
  facet normal 0 0 -1
    outer loop
      vertex -62.9149 46.9445 11
      vertex -63.1769 57.6621 11
      vertex -63.138 57.9242 11
    endloop
  endfacet
  facet normal 0 0 -1
    outer loop
      vertex -62.9149 46.9445 11
      vertex -63.2413 57.4051 11
      vertex -63.1769 57.6621 11
    endloop
  endfacet
  facet normal 0 0 -1
    outer loop
      vertex -62.9149 46.9445 11
      vertex -63.3305 57.1556 11
      vertex -63.2413 57.4051 11
    endloop
  endfacet
  facet normal 0 0 -1
    outer loop
      vertex -63.58 56.6888 11
      vertex -63.1195 47.2204 11
      vertex -63.3501 47.4749 11
    endloop
  endfacet
  facet normal 0 0 -1
    outer loop
      vertex -62.9149 46.9445 11
      vertex -63.4438 56.9161 11
      vertex -63.3305 57.1556 11
    endloop
  endfacet
  facet normal 0 0 -1
    outer loop
      vertex -63.1195 47.2204 11
      vertex -63.58 56.6888 11
      vertex -63.4438 56.9161 11
    endloop
  endfacet
  facet normal 0 0 -1
    outer loop
      vertex -63.9158 56.2796 11
      vertex -63.3501 47.4749 11
      vertex -63.6046 47.7055 11
    endloop
  endfacet
  facet normal 0 0 -1
    outer loop
      vertex -63.3501 47.4749 11
      vertex -63.7379 56.476 11
      vertex -63.58 56.6888 11
    endloop
  endfacet
  facet normal 0 0 -1
    outer loop
      vertex -64.1121 56.1017 11
      vertex -63.6046 47.7055 11
      vertex -63.8805 47.9101 11
    endloop
  endfacet
  facet normal 0 0 -1
    outer loop
      vertex -63.3501 47.4749 11
      vertex -63.9158 56.2796 11
      vertex -63.7379 56.476 11
    endloop
  endfacet
  facet normal 0 0 -1
    outer loop
      vertex -63.6046 47.7055 11
      vertex -64.1121 56.1017 11
      vertex -63.9158 56.2796 11
    endloop
  endfacet
  facet normal 0 0 -1
    outer loop
      vertex -64.325 55.9439 11
      vertex -63.8805 47.9101 11
      vertex -64.1751 48.0867 11
    endloop
  endfacet
  facet normal 0 0 -1
    outer loop
      vertex -63.8805 47.9101 11
      vertex -64.325 55.9439 11
      vertex -64.1121 56.1017 11
    endloop
  endfacet
  facet normal 0 0 -1
    outer loop
      vertex -64.5522 55.8076 11
      vertex -64.1751 48.0867 11
      vertex -64.4856 48.2336 11
    endloop
  endfacet
  facet normal 0 0 -1
    outer loop
      vertex -64.1751 48.0867 11
      vertex -64.5522 55.8076 11
      vertex -64.325 55.9439 11
    endloop
  endfacet
  facet normal 0 0 -1
    outer loop
      vertex -64.4856 48.2336 11
      vertex -64.7918 55.6944 11
      vertex -64.5522 55.8076 11
    endloop
  endfacet
  facet normal 0 0 -1
    outer loop
      vertex -64.809 48.3493 11
      vertex -64.7918 55.6944 11
      vertex -64.4856 48.2336 11
    endloop
  endfacet
  facet normal 0 0 -1
    outer loop
      vertex -64.809 48.3493 11
      vertex -65.0412 55.6051 11
      vertex -64.7918 55.6944 11
    endloop
  endfacet
  facet normal 0 0 -1
    outer loop
      vertex -65.1422 48.4327 11
      vertex -65.0412 55.6051 11
      vertex -64.809 48.3493 11
    endloop
  endfacet
  facet normal 0 0 -1
    outer loop
      vertex -65.1422 48.4327 11
      vertex -65.2983 55.5407 11
      vertex -65.0412 55.6051 11
    endloop
  endfacet
  facet normal 0 0 -1
    outer loop
      vertex -65.4819 48.4831 11
      vertex -65.2983 55.5407 11
      vertex -65.1422 48.4327 11
    endloop
  endfacet
  facet normal 0 0 -1
    outer loop
      vertex -65.4819 48.4831 11
      vertex -65.5604 55.5018 11
      vertex -65.2983 55.5407 11
    endloop
  endfacet
  facet normal 0 0 -1
    outer loop
      vertex -65.825 48.5 11
      vertex -65.5604 55.5018 11
      vertex -65.4819 48.4831 11
    endloop
  endfacet
  facet normal 0 0 -1
    outer loop
      vertex -65.825 48.5 11
      vertex -65.825 55.4888 11
      vertex -65.5604 55.5018 11
    endloop
  endfacet
  facet normal 0 0 -1
    outer loop
      vertex -65.825 48.5 11
      vertex -66.0896 55.5018 11
      vertex -65.825 55.4888 11
    endloop
  endfacet
  facet normal 0 0 -1
    outer loop
      vertex -66.1681 48.4831 11
      vertex -66.0896 55.5018 11
      vertex -65.825 48.5 11
    endloop
  endfacet
  facet normal 0 0 -1
    outer loop
      vertex -66.1681 48.4831 11
      vertex -66.3517 55.5407 11
      vertex -66.0896 55.5018 11
    endloop
  endfacet
  facet normal 0 0 -1
    outer loop
      vertex -66.5078 48.4327 11
      vertex -66.3517 55.5407 11
      vertex -66.1681 48.4831 11
    endloop
  endfacet
  facet normal 0 0 -1
    outer loop
      vertex -66.5078 48.4327 11
      vertex -66.6088 55.6051 11
      vertex -66.3517 55.5407 11
    endloop
  endfacet
  facet normal 0 0 -1
    outer loop
      vertex -66.841 48.3493 11
      vertex -66.6088 55.6051 11
      vertex -66.5078 48.4327 11
    endloop
  endfacet
  facet normal 0 0 -1
    outer loop
      vertex -66.841 48.3493 11
      vertex -66.8582 55.6944 11
      vertex -66.6088 55.6051 11
    endloop
  endfacet
  facet normal 0 0 -1
    outer loop
      vertex -67.1644 48.2336 11
      vertex -66.8582 55.6944 11
      vertex -66.841 48.3493 11
    endloop
  endfacet
  facet normal -0 0 -1
    outer loop
      vertex -66.8582 55.6944 11
      vertex -67.1644 48.2336 11
      vertex -67.0978 55.8076 11
    endloop
  endfacet
  facet normal 0 0 -1
    outer loop
      vertex -67.4749 48.0867 11
      vertex -67.0978 55.8076 11
      vertex -67.1644 48.2336 11
    endloop
  endfacet
  facet normal -0 0 -1
    outer loop
      vertex -67.0978 55.8076 11
      vertex -67.4749 48.0867 11
      vertex -67.325 55.9439 11
    endloop
  endfacet
  facet normal 0 0 -1
    outer loop
      vertex -67.7695 47.9101 11
      vertex -67.325 55.9439 11
      vertex -67.4749 48.0867 11
    endloop
  endfacet
  facet normal -0 0 -1
    outer loop
      vertex -67.325 55.9439 11
      vertex -67.7695 47.9101 11
      vertex -67.5379 56.1017 11
    endloop
  endfacet
  facet normal 0 0 -1
    outer loop
      vertex -68.0454 47.7055 11
      vertex -67.5379 56.1017 11
      vertex -67.7695 47.9101 11
    endloop
  endfacet
  facet normal -0 0 -1
    outer loop
      vertex -67.5379 56.1017 11
      vertex -68.0454 47.7055 11
      vertex -67.7342 56.2796 11
    endloop
  endfacet
  facet normal 0 0 -1
    outer loop
      vertex -68.2999 47.4749 11
      vertex -67.7342 56.2796 11
      vertex -68.0454 47.7055 11
    endloop
  endfacet
  facet normal -0 0 -1
    outer loop
      vertex -67.7342 56.2796 11
      vertex -68.2999 47.4749 11
      vertex -67.9121 56.476 11
    endloop
  endfacet
  facet normal -0 0 -1
    outer loop
      vertex -67.9121 56.476 11
      vertex -68.2999 47.4749 11
      vertex -68.07 56.6888 11
    endloop
  endfacet
  facet normal 0 0 -1
    outer loop
      vertex -68.5305 47.2204 11
      vertex -68.07 56.6888 11
      vertex -68.2999 47.4749 11
    endloop
  endfacet
  facet normal -0 0 -1
    outer loop
      vertex -68.07 56.6888 11
      vertex -68.5305 47.2204 11
      vertex -68.2062 56.9161 11
    endloop
  endfacet
  facet normal 0 0 -1
    outer loop
      vertex -68.7351 46.9445 11
      vertex -68.2062 56.9161 11
      vertex -68.5305 47.2204 11
    endloop
  endfacet
  facet normal -0 0 -1
    outer loop
      vertex -68.2062 56.9161 11
      vertex -68.7351 46.9445 11
      vertex -68.3195 57.1556 11
    endloop
  endfacet
  facet normal 0 0 -1
    outer loop
      vertex -68.9117 46.6499 11
      vertex -68.3195 57.1556 11
      vertex -68.7351 46.9445 11
    endloop
  endfacet
  facet normal -0 0 -1
    outer loop
      vertex -68.3195 57.1556 11
      vertex -68.9117 46.6499 11
      vertex -68.4087 57.4051 11
    endloop
  endfacet
  facet normal 0 0 -1
    outer loop
      vertex -69.0586 46.3394 11
      vertex -68.4087 57.4051 11
      vertex -68.9117 46.6499 11
    endloop
  endfacet
  facet normal 0 0 -1
    outer loop
      vertex 64.7918 60.6833 11
      vertex 59.325 81.8129 11
      vertex 61.5822 81.7839 11
    endloop
  endfacet
  facet normal 0 0 -1
    outer loop
      vertex 35.2615 -77.629 11
      vertex 46.925 -71.325 11
      vertex 35.2711 -77.825 11
    endloop
  endfacet
  facet normal 0 0 -1
    outer loop
      vertex 35.2327 -77.4348 11
      vertex 46.925 -71.325 11
      vertex 35.2615 -77.629 11
    endloop
  endfacet
  facet normal 0 0 -1
    outer loop
      vertex 35.185 -77.2444 11
      vertex 46.925 -71.325 11
      vertex 35.2327 -77.4348 11
    endloop
  endfacet
  facet normal 0 0 -1
    outer loop
      vertex 35.1189 -77.0596 11
      vertex 46.925 -71.325 11
      vertex 35.185 -77.2444 11
    endloop
  endfacet
  facet normal 0 0 -1
    outer loop
      vertex 35.0349 -76.8822 11
      vertex 46.925 -71.325 11
      vertex 35.1189 -77.0596 11
    endloop
  endfacet
  facet normal 0 0 -1
    outer loop
      vertex 34.934 -76.7139 11
      vertex 46.925 -71.325 11
      vertex 35.0349 -76.8822 11
    endloop
  endfacet
  facet normal 0 0 -1
    outer loop
      vertex 34.8171 -76.5562 11
      vertex 46.925 -71.325 11
      vertex 34.934 -76.7139 11
    endloop
  endfacet
  facet normal 0 0 -1
    outer loop
      vertex 34.6853 -76.4108 11
      vertex 46.925 -71.325 11
      vertex 34.8171 -76.5562 11
    endloop
  endfacet
  facet normal 0 0 -1
    outer loop
      vertex 34.5399 -76.279 11
      vertex 46.925 -71.325 11
      vertex 34.6853 -76.4108 11
    endloop
  endfacet
  facet normal 0 0 -1
    outer loop
      vertex 34.3822 -76.1621 11
      vertex 46.925 -71.325 11
      vertex 34.5399 -76.279 11
    endloop
  endfacet
  facet normal 0 0 -1
    outer loop
      vertex 34.2139 -76.0612 11
      vertex 46.925 -71.325 11
      vertex 34.3822 -76.1621 11
    endloop
  endfacet
  facet normal 0 0 -1
    outer loop
      vertex 34.0365 -75.9772 11
      vertex 46.925 -71.325 11
      vertex 34.2139 -76.0612 11
    endloop
  endfacet
  facet normal 0 0 -1
    outer loop
      vertex 33.8517 -75.9111 11
      vertex 46.925 -71.325 11
      vertex 34.0365 -75.9772 11
    endloop
  endfacet
  facet normal 0 0 -1
    outer loop
      vertex 33.6613 -75.8634 11
      vertex 46.925 -71.325 11
      vertex 33.8517 -75.9111 11
    endloop
  endfacet
  facet normal 0 0 -1
    outer loop
      vertex 33.4671 -75.8346 11
      vertex 46.925 -71.325 11
      vertex 33.6613 -75.8634 11
    endloop
  endfacet
  facet normal 0 0 -1
    outer loop
      vertex 33.2711 -75.825 11
      vertex 46.925 -71.325 11
      vertex 33.4671 -75.8346 11
    endloop
  endfacet
  facet normal 0 0 -1
    outer loop
      vertex 33.0751 -75.8346 11
      vertex 46.925 -71.325 11
      vertex 33.2711 -75.825 11
    endloop
  endfacet
  facet normal 0 0 -1
    outer loop
      vertex 32.8809 -75.8634 11
      vertex 46.925 -71.325 11
      vertex 33.0751 -75.8346 11
    endloop
  endfacet
  facet normal 0 0 -1
    outer loop
      vertex 0.783768 -75.2413 11
      vertex 32.8809 -75.8634 11
      vertex 32.6905 -75.9111 11
    endloop
  endfacet
  facet normal 0 0 -1
    outer loop
      vertex 2.7 -77.825 11
      vertex 31.2807 -77.629 11
      vertex 31.2711 -77.825 11
    endloop
  endfacet
  facet normal 0 0 -1
    outer loop
      vertex 2.687 -77.5604 11
      vertex 31.2807 -77.629 11
      vertex 2.7 -77.825 11
    endloop
  endfacet
  facet normal 0 0 -1
    outer loop
      vertex 31.2807 -77.629 11
      vertex 2.687 -77.5604 11
      vertex 31.3095 -77.4348 11
    endloop
  endfacet
  facet normal 0 0 -1
    outer loop
      vertex 2.64812 -77.2983 11
      vertex 31.3095 -77.4348 11
      vertex 2.687 -77.5604 11
    endloop
  endfacet
  facet normal 0 0 -1
    outer loop
      vertex 31.3095 -77.4348 11
      vertex 2.64812 -77.2983 11
      vertex 31.3572 -77.2444 11
    endloop
  endfacet
  facet normal 0 0 -1
    outer loop
      vertex 2.58374 -77.0412 11
      vertex 31.3572 -77.2444 11
      vertex 2.64812 -77.2983 11
    endloop
  endfacet
  facet normal 0 0 -1
    outer loop
      vertex 31.3572 -77.2444 11
      vertex 2.58374 -77.0412 11
      vertex 31.4233 -77.0596 11
    endloop
  endfacet
  facet normal 0 0 -1
    outer loop
      vertex 2.49447 -76.7918 11
      vertex 31.4233 -77.0596 11
      vertex 2.58374 -77.0412 11
    endloop
  endfacet
  facet normal 0 0 -1
    outer loop
      vertex 31.4233 -77.0596 11
      vertex 2.49447 -76.7918 11
      vertex 31.5073 -76.8822 11
    endloop
  endfacet
  facet normal 0 0 -1
    outer loop
      vertex 2.38119 -76.5522 11
      vertex 31.5073 -76.8822 11
      vertex 2.49447 -76.7918 11
    endloop
  endfacet
  facet normal 0 0 -1
    outer loop
      vertex 31.5073 -76.8822 11
      vertex 2.38119 -76.5522 11
      vertex 31.6082 -76.7139 11
    endloop
  endfacet
  facet normal 0 0 -1
    outer loop
      vertex 2.24497 -76.325 11
      vertex 31.6082 -76.7139 11
      vertex 2.38119 -76.5522 11
    endloop
  endfacet
  facet normal 0 0 -1
    outer loop
      vertex 31.6082 -76.7139 11
      vertex 2.24497 -76.325 11
      vertex 31.7251 -76.5562 11
    endloop
  endfacet
  facet normal 0 0 -1
    outer loop
      vertex 2.08713 -76.1121 11
      vertex 31.7251 -76.5562 11
      vertex 2.24497 -76.325 11
    endloop
  endfacet
  facet normal 0 0 -1
    outer loop
      vertex 31.7251 -76.5562 11
      vertex 2.08713 -76.1121 11
      vertex 31.8569 -76.4108 11
    endloop
  endfacet
  facet normal 0 0 -1
    outer loop
      vertex 1.90919 -75.9158 11
      vertex 31.8569 -76.4108 11
      vertex 2.08713 -76.1121 11
    endloop
  endfacet
  facet normal 0 0 -1
    outer loop
      vertex 31.8569 -76.4108 11
      vertex 1.90919 -75.9158 11
      vertex 32.0023 -76.279 11
    endloop
  endfacet
  facet normal 0 0 -1
    outer loop
      vertex 1.71286 -75.7379 11
      vertex 32.0023 -76.279 11
      vertex 1.90919 -75.9158 11
    endloop
  endfacet
  facet normal 0 0 -1
    outer loop
      vertex 32.0023 -76.279 11
      vertex 1.71286 -75.7379 11
      vertex 32.16 -76.1621 11
    endloop
  endfacet
  facet normal 0 0 -1
    outer loop
      vertex 1.50004 -75.58 11
      vertex 32.16 -76.1621 11
      vertex 1.71286 -75.7379 11
    endloop
  endfacet
  facet normal 0 0 -1
    outer loop
      vertex 32.16 -76.1621 11
      vertex 1.50004 -75.58 11
      vertex 32.3283 -76.0612 11
    endloop
  endfacet
  facet normal 0 0 -1
    outer loop
      vertex 1.27277 -75.4438 11
      vertex 32.3283 -76.0612 11
      vertex 1.50004 -75.58 11
    endloop
  endfacet
  facet normal 0 0 -1
    outer loop
      vertex 32.3283 -76.0612 11
      vertex 1.27277 -75.4438 11
      vertex 32.5057 -75.9772 11
    endloop
  endfacet
  facet normal 0 0 -1
    outer loop
      vertex 1.03325 -75.3305 11
      vertex 32.5057 -75.9772 11
      vertex 1.27277 -75.4438 11
    endloop
  endfacet
  facet normal 0 0 -1
    outer loop
      vertex 32.5057 -75.9772 11
      vertex 1.03325 -75.3305 11
      vertex 32.6905 -75.9111 11
    endloop
  endfacet
  facet normal 0 0 -1
    outer loop
      vertex 0.783768 -75.2413 11
      vertex 32.6905 -75.9111 11
      vertex 1.03325 -75.3305 11
    endloop
  endfacet
  facet normal 0 0 -1
    outer loop
      vertex 32.8809 -75.8634 11
      vertex 0.783768 -75.2413 11
      vertex 46.925 -71.325 11
    endloop
  endfacet
  facet normal 0 0 -1
    outer loop
      vertex 0.526743 -75.1769 11
      vertex 46.925 -71.325 11
      vertex 0.783768 -75.2413 11
    endloop
  endfacet
  facet normal 0 0 -1
    outer loop
      vertex 0.264646 -75.138 11
      vertex 46.925 -71.325 11
      vertex 0.526743 -75.1769 11
    endloop
  endfacet
  facet normal 0 0 -1
    outer loop
      vertex 0 -75.125 11
      vertex 46.925 -71.325 11
      vertex 0.264646 -75.138 11
    endloop
  endfacet
  facet normal 0 0 -1
    outer loop
      vertex -46.925 -71.325 11
      vertex 0 -75.125 11
      vertex -0.264646 -75.138 11
    endloop
  endfacet
  facet normal 0 0 -1
    outer loop
      vertex -31.2711 -77.825 11
      vertex -2.687 -77.5604 11
      vertex -2.7 -77.825 11
    endloop
  endfacet
  facet normal 0 0 -1
    outer loop
      vertex -31.2807 -77.629 11
      vertex -2.687 -77.5604 11
      vertex -31.2711 -77.825 11
    endloop
  endfacet
  facet normal -0 0 -1
    outer loop
      vertex -2.687 -77.5604 11
      vertex -31.2807 -77.629 11
      vertex -2.64812 -77.2983 11
    endloop
  endfacet
  facet normal 0 0 -1
    outer loop
      vertex -31.3095 -77.4348 11
      vertex -2.64812 -77.2983 11
      vertex -31.2807 -77.629 11
    endloop
  endfacet
  facet normal 0 0 -1
    outer loop
      vertex -31.3572 -77.2444 11
      vertex -2.64812 -77.2983 11
      vertex -31.3095 -77.4348 11
    endloop
  endfacet
  facet normal 0 0 -1
    outer loop
      vertex -2.64812 -77.2983 11
      vertex -31.3572 -77.2444 11
      vertex -2.58374 -77.0412 11
    endloop
  endfacet
  facet normal 0 0 -1
    outer loop
      vertex -31.4233 -77.0596 11
      vertex -2.58374 -77.0412 11
      vertex -31.3572 -77.2444 11
    endloop
  endfacet
  facet normal -0 0 -1
    outer loop
      vertex -2.58374 -77.0412 11
      vertex -31.4233 -77.0596 11
      vertex -2.49447 -76.7918 11
    endloop
  endfacet
  facet normal 0 0 -1
    outer loop
      vertex -31.5073 -76.8822 11
      vertex -2.49447 -76.7918 11
      vertex -31.4233 -77.0596 11
    endloop
  endfacet
  facet normal -0 0 -1
    outer loop
      vertex -2.49447 -76.7918 11
      vertex -31.5073 -76.8822 11
      vertex -2.38119 -76.5522 11
    endloop
  endfacet
  facet normal 0 0 -1
    outer loop
      vertex -31.6082 -76.7139 11
      vertex -2.38119 -76.5522 11
      vertex -31.5073 -76.8822 11
    endloop
  endfacet
  facet normal -0 0 -1
    outer loop
      vertex -2.38119 -76.5522 11
      vertex -31.6082 -76.7139 11
      vertex -2.24497 -76.325 11
    endloop
  endfacet
  facet normal 0 0 -1
    outer loop
      vertex -31.7251 -76.5562 11
      vertex -2.24497 -76.325 11
      vertex -31.6082 -76.7139 11
    endloop
  endfacet
  facet normal -0 0 -1
    outer loop
      vertex -2.24497 -76.325 11
      vertex -31.7251 -76.5562 11
      vertex -2.08713 -76.1121 11
    endloop
  endfacet
  facet normal 0 0 -1
    outer loop
      vertex -31.8569 -76.4108 11
      vertex -2.08713 -76.1121 11
      vertex -31.7251 -76.5562 11
    endloop
  endfacet
  facet normal -0 0 -1
    outer loop
      vertex -2.08713 -76.1121 11
      vertex -31.8569 -76.4108 11
      vertex -1.90919 -75.9158 11
    endloop
  endfacet
  facet normal 0 0 -1
    outer loop
      vertex -32.0023 -76.279 11
      vertex -1.90919 -75.9158 11
      vertex -31.8569 -76.4108 11
    endloop
  endfacet
  facet normal -0 0 -1
    outer loop
      vertex -1.90919 -75.9158 11
      vertex -32.0023 -76.279 11
      vertex -1.71286 -75.7379 11
    endloop
  endfacet
  facet normal 0 0 -1
    outer loop
      vertex -32.16 -76.1621 11
      vertex -1.71286 -75.7379 11
      vertex -32.0023 -76.279 11
    endloop
  endfacet
  facet normal -0 0 -1
    outer loop
      vertex -1.71286 -75.7379 11
      vertex -32.16 -76.1621 11
      vertex -1.50004 -75.58 11
    endloop
  endfacet
  facet normal 0 0 -1
    outer loop
      vertex -32.3283 -76.0612 11
      vertex -1.50004 -75.58 11
      vertex -32.16 -76.1621 11
    endloop
  endfacet
  facet normal -0 0 -1
    outer loop
      vertex -1.50004 -75.58 11
      vertex -32.3283 -76.0612 11
      vertex -1.27277 -75.4438 11
    endloop
  endfacet
  facet normal 0 0 -1
    outer loop
      vertex -32.5057 -75.9772 11
      vertex -1.27277 -75.4438 11
      vertex -32.3283 -76.0612 11
    endloop
  endfacet
  facet normal -0 0 -1
    outer loop
      vertex -1.27277 -75.4438 11
      vertex -32.5057 -75.9772 11
      vertex -1.03325 -75.3305 11
    endloop
  endfacet
  facet normal 0 0 -1
    outer loop
      vertex -32.6905 -75.9111 11
      vertex -1.03325 -75.3305 11
      vertex -32.5057 -75.9772 11
    endloop
  endfacet
  facet normal -0 0 -1
    outer loop
      vertex -1.03325 -75.3305 11
      vertex -32.6905 -75.9111 11
      vertex -0.783768 -75.2413 11
    endloop
  endfacet
  facet normal 0 0 -1
    outer loop
      vertex -32.8809 -75.8634 11
      vertex -0.783768 -75.2413 11
      vertex -32.6905 -75.9111 11
    endloop
  endfacet
  facet normal -0 0 -1
    outer loop
      vertex -0.783768 -75.2413 11
      vertex -32.8809 -75.8634 11
      vertex -0.526743 -75.1769 11
    endloop
  endfacet
  facet normal 0 0 -1
    outer loop
      vertex -46.925 -71.325 11
      vertex -0.526743 -75.1769 11
      vertex -32.8809 -75.8634 11
    endloop
  endfacet
  facet normal 0 0 -1
    outer loop
      vertex -0.526743 -75.1769 11
      vertex -46.925 -71.325 11
      vertex -0.264646 -75.138 11
    endloop
  endfacet
  facet normal 0 0 -1
    outer loop
      vertex -46.925 -71.325 11
      vertex -32.8809 -75.8634 11
      vertex -33.0751 -75.8346 11
    endloop
  endfacet
  facet normal 0 0 -1
    outer loop
      vertex -46.925 -71.325 11
      vertex -33.0751 -75.8346 11
      vertex -33.2711 -75.825 11
    endloop
  endfacet
  facet normal 0 0 -1
    outer loop
      vertex -46.925 -71.325 11
      vertex -33.2711 -75.825 11
      vertex -33.4671 -75.8346 11
    endloop
  endfacet
  facet normal 0 0 -1
    outer loop
      vertex 0 -75.125 11
      vertex -46.925 -71.325 11
      vertex 46.925 -71.325 11
    endloop
  endfacet
  facet normal 0 0 -1
    outer loop
      vertex -33.6613 -75.8634 11
      vertex -46.925 -71.325 11
      vertex -33.4671 -75.8346 11
    endloop
  endfacet
  facet normal 0 0 -1
    outer loop
      vertex -33.8517 -75.9111 11
      vertex -46.925 -71.325 11
      vertex -33.6613 -75.8634 11
    endloop
  endfacet
  facet normal 0 0 -1
    outer loop
      vertex -34.0365 -75.9772 11
      vertex -46.925 -71.325 11
      vertex -33.8517 -75.9111 11
    endloop
  endfacet
  facet normal 0 0 -1
    outer loop
      vertex -34.2139 -76.0612 11
      vertex -46.925 -71.325 11
      vertex -34.0365 -75.9772 11
    endloop
  endfacet
  facet normal 0 0 -1
    outer loop
      vertex -34.3822 -76.1621 11
      vertex -46.925 -71.325 11
      vertex -34.2139 -76.0612 11
    endloop
  endfacet
  facet normal 0 0 -1
    outer loop
      vertex -34.5399 -76.279 11
      vertex -46.925 -71.325 11
      vertex -34.3822 -76.1621 11
    endloop
  endfacet
  facet normal 0 0 -1
    outer loop
      vertex -34.6853 -76.4108 11
      vertex -46.925 -71.325 11
      vertex -34.5399 -76.279 11
    endloop
  endfacet
  facet normal 0 0 -1
    outer loop
      vertex -34.8171 -76.5562 11
      vertex -46.925 -71.325 11
      vertex -34.6853 -76.4108 11
    endloop
  endfacet
  facet normal 0 0 -1
    outer loop
      vertex -34.934 -76.7139 11
      vertex -46.925 -71.325 11
      vertex -34.8171 -76.5562 11
    endloop
  endfacet
  facet normal 0 0 -1
    outer loop
      vertex -35.0349 -76.8822 11
      vertex -46.925 -71.325 11
      vertex -34.934 -76.7139 11
    endloop
  endfacet
  facet normal 0 0 -1
    outer loop
      vertex -35.1189 -77.0596 11
      vertex -46.925 -71.325 11
      vertex -35.0349 -76.8822 11
    endloop
  endfacet
  facet normal 0 0 -1
    outer loop
      vertex -35.185 -77.2444 11
      vertex -46.925 -71.325 11
      vertex -35.1189 -77.0596 11
    endloop
  endfacet
  facet normal 0 0 -1
    outer loop
      vertex -35.2327 -77.4348 11
      vertex -46.925 -71.325 11
      vertex -35.185 -77.2444 11
    endloop
  endfacet
  facet normal 0 0 -1
    outer loop
      vertex -35.2615 -77.629 11
      vertex -46.925 -71.325 11
      vertex -35.2327 -77.4348 11
    endloop
  endfacet
  facet normal 0 0 -1
    outer loop
      vertex -46.925 -71.325 11
      vertex -35.2615 -77.629 11
      vertex -35.2711 -77.825 11
    endloop
  endfacet
  facet normal 0 0 -1
    outer loop
      vertex -63.125 58.1888 11
      vertex -59.325 81.8129 11
      vertex -62.3419 45.3431 11
    endloop
  endfacet
  facet normal 0 0 -1
    outer loop
      vertex -63.125 58.1888 11
      vertex -62.3419 45.3431 11
      vertex -62.3923 45.6828 11
    endloop
  endfacet
  facet normal 0 0 -1
    outer loop
      vertex -63.138 57.9242 11
      vertex -62.3923 45.6828 11
      vertex -62.4757 46.016 11
    endloop
  endfacet
  facet normal 0 0 -1
    outer loop
      vertex -63.138 57.9242 11
      vertex -62.4757 46.016 11
      vertex -62.5914 46.3394 11
    endloop
  endfacet
  facet normal 0 0 -1
    outer loop
      vertex -63.138 57.9242 11
      vertex -62.5914 46.3394 11
      vertex -62.7383 46.6499 11
    endloop
  endfacet
  facet normal 0 0 -1
    outer loop
      vertex -63.138 57.9242 11
      vertex -62.7383 46.6499 11
      vertex -62.9149 46.9445 11
    endloop
  endfacet
  facet normal 0 0 -1
    outer loop
      vertex -63.4438 56.9161 11
      vertex -62.9149 46.9445 11
      vertex -63.1195 47.2204 11
    endloop
  endfacet
  facet normal 0 0 -1
    outer loop
      vertex -63.138 58.4535 11
      vertex -59.325 81.8129 11
      vertex -63.125 58.1888 11
    endloop
  endfacet
  facet normal 0 0 -1
    outer loop
      vertex -63.1769 58.7156 11
      vertex -59.325 81.8129 11
      vertex -63.138 58.4535 11
    endloop
  endfacet
  facet normal 0 0 -1
    outer loop
      vertex -63.2413 58.9726 11
      vertex -59.325 81.8129 11
      vertex -63.1769 58.7156 11
    endloop
  endfacet
  facet normal 0 0 -1
    outer loop
      vertex -63.3305 59.2221 11
      vertex -59.325 81.8129 11
      vertex -63.2413 58.9726 11
    endloop
  endfacet
  facet normal 0 0 -1
    outer loop
      vertex -63.4438 59.4616 11
      vertex -59.325 81.8129 11
      vertex -63.3305 59.2221 11
    endloop
  endfacet
  facet normal 0 0 -1
    outer loop
      vertex -63.58 59.6889 11
      vertex -59.325 81.8129 11
      vertex -63.4438 59.4616 11
    endloop
  endfacet
  facet normal 0 0 -1
    outer loop
      vertex -63.7379 59.9017 11
      vertex -59.325 81.8129 11
      vertex -63.58 59.6889 11
    endloop
  endfacet
  facet normal 0 0 -1
    outer loop
      vertex -63.9158 60.098 11
      vertex -59.325 81.8129 11
      vertex -63.7379 59.9017 11
    endloop
  endfacet
  facet normal 0 0 -1
    outer loop
      vertex -64.1121 60.276 11
      vertex -59.325 81.8129 11
      vertex -63.9158 60.098 11
    endloop
  endfacet
  facet normal 0 0 -1
    outer loop
      vertex -64.325 60.4338 11
      vertex -59.325 81.8129 11
      vertex -64.1121 60.276 11
    endloop
  endfacet
  facet normal 0 0 -1
    outer loop
      vertex -64.5522 60.57 11
      vertex -59.325 81.8129 11
      vertex -64.325 60.4338 11
    endloop
  endfacet
  facet normal 0 0 -1
    outer loop
      vertex -64.7918 60.6833 11
      vertex -59.325 81.8129 11
      vertex -64.5522 60.57 11
    endloop
  endfacet
  facet normal 0 0 -1
    outer loop
      vertex -59.325 81.8129 11
      vertex -64.7918 60.6833 11
      vertex -61.5822 81.7839 11
    endloop
  endfacet
  facet normal 0 0 -1
    outer loop
      vertex -71.9839 71.3822 11
      vertex -61.5822 81.7839 11
      vertex -64.7918 60.6833 11
    endloop
  endfacet
  facet normal 0 0 -1
    outer loop
      vertex -61.5822 81.7839 11
      vertex -71.9839 71.3822 11
      vertex -63.2989 81.6606 11
    endloop
  endfacet
  facet normal 0 0 -1
    outer loop
      vertex -71.9839 71.3822 11
      vertex -64.7918 60.6833 11
      vertex -65.0412 60.7726 11
    endloop
  endfacet
  facet normal 0 0 -1
    outer loop
      vertex -71.9839 71.3822 11
      vertex -65.0412 60.7726 11
      vertex -65.2983 60.8369 11
    endloop
  endfacet
  facet normal 0 0 -1
    outer loop
      vertex -72.025 68.1888 11
      vertex -65.2983 60.8369 11
      vertex -65.5604 60.8758 11
    endloop
  endfacet
  facet normal 0 0 -1
    outer loop
      vertex -72.025 68.1888 11
      vertex -65.5604 60.8758 11
      vertex -65.825 60.8888 11
    endloop
  endfacet
  facet normal 0 -0 -1
    outer loop
      vertex -71.8606 73.0989 11
      vertex -63.2989 81.6606 11
      vertex -71.9839 71.3822 11
    endloop
  endfacet
  facet normal 0 0 -1
    outer loop
      vertex -72.025 68.1888 11
      vertex -65.825 60.8888 11
      vertex -66.0896 60.8758 11
    endloop
  endfacet
  facet normal 0 0 -1
    outer loop
      vertex -72.025 68.1888 11
      vertex -66.0896 60.8758 11
      vertex -66.3517 60.8369 11
    endloop
  endfacet
  facet normal 0 0 -1
    outer loop
      vertex -72.025 68.1888 11
      vertex -66.3517 60.8369 11
      vertex -66.6088 60.7726 11
    endloop
  endfacet
  facet normal 0 0 -1
    outer loop
      vertex -72.025 68.1888 11
      vertex -66.6088 60.7726 11
      vertex -66.8582 60.6833 11
    endloop
  endfacet
  facet normal 0 0 -1
    outer loop
      vertex -63.2989 81.6606 11
      vertex -71.8606 73.0989 11
      vertex -64.6833 81.455 11
    endloop
  endfacet
  facet normal 0 0 -1
    outer loop
      vertex -72.025 68.1888 11
      vertex -66.8582 60.6833 11
      vertex -67.0978 60.57 11
    endloop
  endfacet
  facet normal 0 0 -1
    outer loop
      vertex -72.025 68.1888 11
      vertex -67.0978 60.57 11
      vertex -67.325 60.4338 11
    endloop
  endfacet
  facet normal 0 0 -1
    outer loop
      vertex -72.025 68.1888 11
      vertex -67.325 60.4338 11
      vertex -67.5379 60.276 11
    endloop
  endfacet
  facet normal 0 0 -1
    outer loop
      vertex -72.025 68.1888 11
      vertex -67.5379 60.276 11
      vertex -67.7342 60.098 11
    endloop
  endfacet
  facet normal 0 -0 -1
    outer loop
      vertex -71.655 74.4833 11
      vertex -64.6833 81.455 11
      vertex -71.8606 73.0989 11
    endloop
  endfacet
  facet normal 0 0 -1
    outer loop
      vertex -72.025 68.1888 11
      vertex -67.7342 60.098 11
      vertex -67.9121 59.9017 11
    endloop
  endfacet
  facet normal 0 0 -1
    outer loop
      vertex -72.025 68.1888 11
      vertex -67.9121 59.9017 11
      vertex -68.07 59.6889 11
    endloop
  endfacet
  facet normal 0 0 -1
    outer loop
      vertex -72.025 68.1888 11
      vertex -68.07 59.6889 11
      vertex -68.2062 59.4616 11
    endloop
  endfacet
  facet normal 0 0 -1
    outer loop
      vertex -72.025 68.1888 11
      vertex -68.2062 59.4616 11
      vertex -68.3195 59.2221 11
    endloop
  endfacet
  facet normal 0 0 -1
    outer loop
      vertex -72.025 68.1888 11
      vertex -68.3195 59.2221 11
      vertex -68.4087 58.9726 11
    endloop
  endfacet
  facet normal 0 0 -1
    outer loop
      vertex -72.025 68.1888 11
      vertex -68.4087 58.9726 11
      vertex -68.4731 58.7156 11
    endloop
  endfacet
  facet normal 0 0 -1
    outer loop
      vertex -72.025 68.1888 11
      vertex -68.4731 58.7156 11
      vertex -68.512 58.4535 11
    endloop
  endfacet
  facet normal 0 0 -1
    outer loop
      vertex -72.025 68.1888 11
      vertex -68.512 58.4535 11
      vertex -68.525 58.1888 11
    endloop
  endfacet
  facet normal 0 0 -1
    outer loop
      vertex -65.2983 60.8369 11
      vertex -72.025 68.1888 11
      vertex -71.9839 71.3822 11
    endloop
  endfacet
  facet normal -0 0 -1
    outer loop
      vertex -68.4087 57.4051 11
      vertex -69.0586 46.3394 11
      vertex -68.4731 57.6621 11
    endloop
  endfacet
  facet normal 0 0 -1
    outer loop
      vertex -69.1743 46.016 11
      vertex -68.4731 57.6621 11
      vertex -69.0586 46.3394 11
    endloop
  endfacet
  facet normal -0 0 -1
    outer loop
      vertex -68.4731 57.6621 11
      vertex -69.1743 46.016 11
      vertex -68.512 57.9242 11
    endloop
  endfacet
  facet normal 0 0 -1
    outer loop
      vertex -72.025 68.1888 11
      vertex -68.512 57.9242 11
      vertex -69.1743 46.016 11
    endloop
  endfacet
  facet normal 0 0 -1
    outer loop
      vertex -68.512 57.9242 11
      vertex -72.025 68.1888 11
      vertex -68.525 58.1888 11
    endloop
  endfacet
  facet normal 0 0 -1
    outer loop
      vertex -72.025 68.1888 11
      vertex -69.1743 46.016 11
      vertex -69.2578 45.6828 11
    endloop
  endfacet
  facet normal 0 0 -1
    outer loop
      vertex -72.025 68.1888 11
      vertex -69.2578 45.6828 11
      vertex -69.3081 45.3431 11
    endloop
  endfacet
  facet normal 0 0 -1
    outer loop
      vertex -72.025 68.1888 11
      vertex -69.3081 45.3431 11
      vertex -69.325 45 11
    endloop
  endfacet
  facet normal 0 0 -1
    outer loop
      vertex -64.6833 81.455 11
      vertex -71.655 74.4833 11
      vertex -65.8699 81.1666 11
    endloop
  endfacet
  facet normal 0 0 -1
    outer loop
      vertex -72.025 68.1888 11
      vertex -68.525 -8.35336 11
      vertex -72.025 -70.3888 11
    endloop
  endfacet
  facet normal 0 0 -1
    outer loop
      vertex -70.9951 -78.9112 11
      vertex -69.3693 -81.3693 11
      vertex -69.9982 -80.6493 11
    endloop
  endfacet
  facet normal 0 0 -1
    outer loop
      vertex -68.525 -8.35336 11
      vertex -72.025 68.1888 11
      vertex -69.325 45 11
    endloop
  endfacet
  facet normal 0 0 -1
    outer loop
      vertex -70.9951 -78.9112 11
      vertex -69.9982 -80.6493 11
      vertex -70.5394 -79.8328 11
    endloop
  endfacet
  facet normal 0 -0 -1
    outer loop
      vertex -71.3667 75.67 11
      vertex -65.8699 81.1666 11
      vertex -71.655 74.4833 11
    endloop
  endfacet
  facet normal 0 0 -1
    outer loop
      vertex -69.3693 -81.3693 11
      vertex -70.9951 -78.9112 11
      vertex -71.3667 -77.87 11
    endloop
  endfacet
  facet normal 0 0 -1
    outer loop
      vertex -65.8699 81.1666 11
      vertex -71.3667 75.67 11
      vertex -66.9112 80.7951 11
    endloop
  endfacet
  facet normal 0 0 -1
    outer loop
      vertex -69.3693 -81.3693 11
      vertex -71.3667 -77.87 11
      vertex -71.655 -76.6833 11
    endloop
  endfacet
  facet normal 0 -0 -1
    outer loop
      vertex -70.9951 76.7112 11
      vertex -66.9112 80.7951 11
      vertex -71.3667 75.67 11
    endloop
  endfacet
  facet normal 0 0 -1
    outer loop
      vertex -69.3693 -81.3693 11
      vertex -71.655 -76.6833 11
      vertex -71.8606 -75.2989 11
    endloop
  endfacet
  facet normal 0 0 -1
    outer loop
      vertex -66.9112 80.7951 11
      vertex -70.9951 76.7112 11
      vertex -67.8328 80.3394 11
    endloop
  endfacet
  facet normal 0 0 -1
    outer loop
      vertex -69.3693 -81.3693 11
      vertex -71.8606 -75.2989 11
      vertex -71.9839 -73.5822 11
    endloop
  endfacet
  facet normal 0 0 -1
    outer loop
      vertex -67.8328 80.3394 11
      vertex -70.9951 76.7112 11
      vertex -68.6493 79.7982 11
    endloop
  endfacet
  facet normal 0 0 -1
    outer loop
      vertex -69.3693 -81.3693 11
      vertex -71.9839 -73.5822 11
      vertex -72.025 -70.3888 11
    endloop
  endfacet
  facet normal 0 0 -1
    outer loop
      vertex -68.6493 79.7982 11
      vertex -70.9951 76.7112 11
      vertex -69.3693 79.1693 11
    endloop
  endfacet
  facet normal 0 0 -1
    outer loop
      vertex -69.3693 79.1693 11
      vertex -70.9951 76.7112 11
      vertex -69.9982 78.4493 11
    endloop
  endfacet
  facet normal 0 0 -1
    outer loop
      vertex -69.9982 78.4493 11
      vertex -70.9951 76.7112 11
      vertex -70.5394 77.6328 11
    endloop
  endfacet
  facet normal -0 0 -1
    outer loop
      vertex -57.4819 -68.2553 11
      vertex -63.429 -72.9348 11
      vertex -57.9741 -67.5128 11
    endloop
  endfacet
  facet normal 0 0 -1
    outer loop
      vertex -63.6253 -72.7569 11
      vertex -57.9741 -67.5128 11
      vertex -63.429 -72.9348 11
    endloop
  endfacet
  facet normal 0 0 -1
    outer loop
      vertex -59.325 -58.925 11
      vertex -63.125 -8.35336 11
      vertex -62.5914 43.6606 11
    endloop
  endfacet
  facet normal 0 0 -1
    outer loop
      vertex -63.8381 -72.5991 11
      vertex -57.9741 -67.5128 11
      vertex -63.6253 -72.7569 11
    endloop
  endfacet
  facet normal 0 0 -1
    outer loop
      vertex -64.0654 -72.4628 11
      vertex -57.9741 -67.5128 11
      vertex -63.8381 -72.5991 11
    endloop
  endfacet
  facet normal 0 0 -1
    outer loop
      vertex -63.138 -8.08872 11
      vertex -62.5914 43.6606 11
      vertex -63.125 -8.35336 11
    endloop
  endfacet
  facet normal -0 0 -1
    outer loop
      vertex -57.9741 -67.5128 11
      vertex -64.0654 -72.4628 11
      vertex -58.3884 -66.6748 11
    endloop
  endfacet
  facet normal 0 0 -1
    outer loop
      vertex -64.3049 -72.3495 11
      vertex -58.3884 -66.6748 11
      vertex -64.0654 -72.4628 11
    endloop
  endfacet
  facet normal 0 0 -1
    outer loop
      vertex -63.1769 -7.82662 11
      vertex -62.5914 43.6606 11
      vertex -63.138 -8.08872 11
    endloop
  endfacet
  facet normal 0 0 -1
    outer loop
      vertex -63.2413 -7.5696 11
      vertex -62.5914 43.6606 11
      vertex -63.1769 -7.82662 11
    endloop
  endfacet
  facet normal 0 0 -1
    outer loop
      vertex -59.325 -58.925 11
      vertex -63.138 -8.61801 11
      vertex -63.125 -8.35336 11
    endloop
  endfacet
  facet normal 0 0 -1
    outer loop
      vertex -59.325 -58.925 11
      vertex -63.1769 -8.88011 11
      vertex -63.138 -8.61801 11
    endloop
  endfacet
  facet normal 0 0 -1
    outer loop
      vertex -59.325 -58.925 11
      vertex -63.2413 -9.13713 11
      vertex -63.1769 -8.88011 11
    endloop
  endfacet
  facet normal 0 0 -1
    outer loop
      vertex -64.5544 -72.2603 11
      vertex -58.3884 -66.6748 11
      vertex -64.3049 -72.3495 11
    endloop
  endfacet
  facet normal 0 0 -1
    outer loop
      vertex -59.325 -58.925 11
      vertex -63.3305 -9.38661 11
      vertex -63.2413 -9.13713 11
    endloop
  endfacet
  facet normal -0 0 -1
    outer loop
      vertex -58.3884 -66.6748 11
      vertex -64.5544 -72.2603 11
      vertex -58.7263 -65.7279 11
    endloop
  endfacet
  facet normal 0 0 -1
    outer loop
      vertex -59.325 -58.925 11
      vertex -63.4438 -9.62613 11
      vertex -63.3305 -9.38661 11
    endloop
  endfacet
  facet normal 0 0 -1
    outer loop
      vertex -59.325 -58.925 11
      vertex -63.58 -9.8534 11
      vertex -63.4438 -9.62613 11
    endloop
  endfacet
  facet normal 0 0 -1
    outer loop
      vertex -64.8114 -72.1959 11
      vertex -58.7263 -65.7279 11
      vertex -64.5544 -72.2603 11
    endloop
  endfacet
  facet normal 0 0 -1
    outer loop
      vertex -59.325 -58.925 11
      vertex -63.7379 -10.0662 11
      vertex -63.58 -9.8534 11
    endloop
  endfacet
  facet normal 0 0 -1
    outer loop
      vertex -65.0735 -72.157 11
      vertex -58.7263 -65.7279 11
      vertex -64.8114 -72.1959 11
    endloop
  endfacet
  facet normal 0 0 -1
    outer loop
      vertex -59.325 -58.925 11
      vertex -63.9158 -10.2626 11
      vertex -63.7379 -10.0662 11
    endloop
  endfacet
  facet normal -0 0 -1
    outer loop
      vertex -58.7263 -65.7279 11
      vertex -65.0735 -72.157 11
      vertex -58.9885 -64.6488 11
    endloop
  endfacet
  facet normal 0 0 -1
    outer loop
      vertex -59.325 -58.925 11
      vertex -64.1121 -10.4405 11
      vertex -63.9158 -10.2626 11
    endloop
  endfacet
  facet normal 0 0 -1
    outer loop
      vertex -65.3382 -72.144 11
      vertex -58.9885 -64.6488 11
      vertex -65.0735 -72.157 11
    endloop
  endfacet
  facet normal 0 0 -1
    outer loop
      vertex -59.325 -58.925 11
      vertex -64.325 -10.5983 11
      vertex -64.1121 -10.4405 11
    endloop
  endfacet
  facet normal 0 0 -1
    outer loop
      vertex -59.325 -58.925 11
      vertex -64.5522 -10.7346 11
      vertex -64.325 -10.5983 11
    endloop
  endfacet
  facet normal 0 0 -1
    outer loop
      vertex -65.6028 -72.157 11
      vertex -58.9885 -64.6488 11
      vertex -65.3382 -72.144 11
    endloop
  endfacet
  facet normal 0 0 -1
    outer loop
      vertex -59.325 -58.925 11
      vertex -64.7918 -10.8478 11
      vertex -64.5522 -10.7346 11
    endloop
  endfacet
  facet normal -0 0 -1
    outer loop
      vertex -58.9885 -64.6488 11
      vertex -65.6028 -72.157 11
      vertex -59.1755 -63.39 11
    endloop
  endfacet
  facet normal 0 0 -1
    outer loop
      vertex -59.325 -58.925 11
      vertex -65.0412 -10.9371 11
      vertex -64.7918 -10.8478 11
    endloop
  endfacet
  facet normal 0 0 -1
    outer loop
      vertex -65.8649 -72.1959 11
      vertex -59.1755 -63.39 11
      vertex -65.6028 -72.157 11
    endloop
  endfacet
  facet normal 0 0 -1
    outer loop
      vertex -59.325 -58.925 11
      vertex -65.2983 -11.0015 11
      vertex -65.0412 -10.9371 11
    endloop
  endfacet
  facet normal 0 0 -1
    outer loop
      vertex -72.025 -70.3888 11
      vertex -65.8649 -72.1959 11
      vertex -66.1219 -72.2603 11
    endloop
  endfacet
  facet normal 0 0 -1
    outer loop
      vertex -59.325 -58.925 11
      vertex -65.5604 -11.0404 11
      vertex -65.2983 -11.0015 11
    endloop
  endfacet
  facet normal 0 0 -1
    outer loop
      vertex -65.8649 -72.1959 11
      vertex -72.025 -70.3888 11
      vertex -59.1755 -63.39 11
    endloop
  endfacet
  facet normal 0 0 -1
    outer loop
      vertex -59.325 -58.925 11
      vertex -65.825 -11.0534 11
      vertex -65.5604 -11.0404 11
    endloop
  endfacet
  facet normal 0 0 -1
    outer loop
      vertex -72.025 -70.3888 11
      vertex -66.1219 -72.2603 11
      vertex -66.3714 -72.3495 11
    endloop
  endfacet
  facet normal 0 0 -1
    outer loop
      vertex -59.325 -58.925 11
      vertex -66.0896 -11.0404 11
      vertex -65.825 -11.0534 11
    endloop
  endfacet
  facet normal 0 0 -1
    outer loop
      vertex -72.025 -70.3888 11
      vertex -66.3714 -72.3495 11
      vertex -66.6109 -72.4628 11
    endloop
  endfacet
  facet normal 0 0 -1
    outer loop
      vertex -59.325 -58.925 11
      vertex -66.3517 -11.0015 11
      vertex -66.0896 -11.0404 11
    endloop
  endfacet
  facet normal -0 0 -1
    outer loop
      vertex -59.1755 -63.39 11
      vertex -72.025 -70.3888 11
      vertex -59.2876 -61.8289 11
    endloop
  endfacet
  facet normal 0 0 -1
    outer loop
      vertex -59.325 -58.925 11
      vertex -66.6088 -10.9371 11
      vertex -66.3517 -11.0015 11
    endloop
  endfacet
  facet normal 0 0 -1
    outer loop
      vertex -72.025 -70.3888 11
      vertex -66.6109 -72.4628 11
      vertex -66.8382 -72.5991 11
    endloop
  endfacet
  facet normal 0 0 -1
    outer loop
      vertex -72.025 -70.3888 11
      vertex -66.8382 -72.5991 11
      vertex -67.051 -72.7569 11
    endloop
  endfacet
  facet normal 0 0 -1
    outer loop
      vertex -59.325 -58.925 11
      vertex -66.8582 -10.8478 11
      vertex -66.6088 -10.9371 11
    endloop
  endfacet
  facet normal 0 0 -1
    outer loop
      vertex -72.025 -70.3888 11
      vertex -67.051 -72.7569 11
      vertex -67.2473 -72.9348 11
    endloop
  endfacet
  facet normal 0 0 -1
    outer loop
      vertex -59.325 -58.925 11
      vertex -67.0978 -10.7346 11
      vertex -66.8582 -10.8478 11
    endloop
  endfacet
  facet normal 0 0 -1
    outer loop
      vertex -72.025 -70.3888 11
      vertex -67.2473 -72.9348 11
      vertex -67.4253 -73.1312 11
    endloop
  endfacet
  facet normal 0 0 -1
    outer loop
      vertex -59.325 -58.925 11
      vertex -67.325 -10.5983 11
      vertex -67.0978 -10.7346 11
    endloop
  endfacet
  facet normal -0 0 -1
    outer loop
      vertex -59.2876 -61.8289 11
      vertex -72.025 -70.3888 11
      vertex -59.325 -58.925 11
    endloop
  endfacet
  facet normal 0 0 -1
    outer loop
      vertex -59.325 -58.925 11
      vertex -67.5379 -10.4405 11
      vertex -67.325 -10.5983 11
    endloop
  endfacet
  facet normal 0 0 -1
    outer loop
      vertex -72.025 -70.3888 11
      vertex -67.4253 -73.1312 11
      vertex -67.5831 -73.344 11
    endloop
  endfacet
  facet normal 0 0 -1
    outer loop
      vertex -72.025 -70.3888 11
      vertex -67.5831 -73.344 11
      vertex -67.7193 -73.5713 11
    endloop
  endfacet
  facet normal 0 0 -1
    outer loop
      vertex -72.025 -70.3888 11
      vertex -67.5379 -10.4405 11
      vertex -59.325 -58.925 11
    endloop
  endfacet
  facet normal 0 0 -1
    outer loop
      vertex -72.025 -70.3888 11
      vertex -67.7193 -73.5713 11
      vertex -67.8326 -73.8108 11
    endloop
  endfacet
  facet normal -0 0 -1
    outer loop
      vertex -67.5379 -10.4405 11
      vertex -72.025 -70.3888 11
      vertex -67.7342 -10.2626 11
    endloop
  endfacet
  facet normal 0 0 -1
    outer loop
      vertex -72.025 -70.3888 11
      vertex -67.8326 -73.8108 11
      vertex -67.9219 -74.0603 11
    endloop
  endfacet
  facet normal 0 0 -1
    outer loop
      vertex -72.025 -70.3888 11
      vertex -67.9219 -74.0603 11
      vertex -67.9863 -74.3173 11
    endloop
  endfacet
  facet normal 0 0 -1
    outer loop
      vertex -68.0382 -74.844 11
      vertex -72.025 -70.3888 11
      vertex -68.0252 -74.5794 11
    endloop
  endfacet
  facet normal 0 0 -1
    outer loop
      vertex -68.0252 -75.1087 11
      vertex -72.025 -70.3888 11
      vertex -68.0382 -74.844 11
    endloop
  endfacet
  facet normal -0 0 -1
    outer loop
      vertex -67.7342 -10.2626 11
      vertex -72.025 -70.3888 11
      vertex -67.9121 -10.0662 11
    endloop
  endfacet
  facet normal 0 0 -1
    outer loop
      vertex -63.3305 -7.32012 11
      vertex -62.5914 43.6606 11
      vertex -63.2413 -7.5696 11
    endloop
  endfacet
  facet normal 0 0 -1
    outer loop
      vertex -62.5914 43.6606 11
      vertex -63.3305 -7.32012 11
      vertex -62.7383 43.3501 11
    endloop
  endfacet
  facet normal 0 0 -1
    outer loop
      vertex -63.4438 -7.08059 11
      vertex -62.7383 43.3501 11
      vertex -63.3305 -7.32012 11
    endloop
  endfacet
  facet normal 0 0 -1
    outer loop
      vertex -62.7383 43.3501 11
      vertex -63.4438 -7.08059 11
      vertex -62.9149 43.0555 11
    endloop
  endfacet
  facet normal 0 0 -1
    outer loop
      vertex -63.58 -6.85332 11
      vertex -62.9149 43.0555 11
      vertex -63.4438 -7.08059 11
    endloop
  endfacet
  facet normal 0 0 -1
    outer loop
      vertex -62.9149 43.0555 11
      vertex -63.58 -6.85332 11
      vertex -63.1195 42.7796 11
    endloop
  endfacet
  facet normal 0 0 -1
    outer loop
      vertex -63.7379 -6.6405 11
      vertex -63.1195 42.7796 11
      vertex -63.58 -6.85332 11
    endloop
  endfacet
  facet normal 0 0 -1
    outer loop
      vertex -63.1195 42.7796 11
      vertex -63.7379 -6.6405 11
      vertex -63.3501 42.5251 11
    endloop
  endfacet
  facet normal 0 0 -1
    outer loop
      vertex -63.9158 -6.44418 11
      vertex -63.3501 42.5251 11
      vertex -63.7379 -6.6405 11
    endloop
  endfacet
  facet normal 0 0 -1
    outer loop
      vertex -63.3501 42.5251 11
      vertex -63.9158 -6.44418 11
      vertex -63.6046 42.2945 11
    endloop
  endfacet
  facet normal 0 0 -1
    outer loop
      vertex -64.1121 -6.26624 11
      vertex -63.6046 42.2945 11
      vertex -63.9158 -6.44418 11
    endloop
  endfacet
  facet normal 0 0 -1
    outer loop
      vertex -63.6046 42.2945 11
      vertex -64.1121 -6.26624 11
      vertex -63.8805 42.0899 11
    endloop
  endfacet
  facet normal 0 0 -1
    outer loop
      vertex -64.325 -6.1084 11
      vertex -63.8805 42.0899 11
      vertex -64.1121 -6.26624 11
    endloop
  endfacet
  facet normal 0 0 -1
    outer loop
      vertex -63.8805 42.0899 11
      vertex -64.325 -6.1084 11
      vertex -64.1751 41.9133 11
    endloop
  endfacet
  facet normal 0 0 -1
    outer loop
      vertex -64.5522 -5.97218 11
      vertex -64.1751 41.9133 11
      vertex -64.325 -6.1084 11
    endloop
  endfacet
  facet normal 0 0 -1
    outer loop
      vertex -64.1751 41.9133 11
      vertex -64.5522 -5.97218 11
      vertex -64.4856 41.7664 11
    endloop
  endfacet
  facet normal 0 0 -1
    outer loop
      vertex -64.7918 -5.85889 11
      vertex -64.4856 41.7664 11
      vertex -64.5522 -5.97218 11
    endloop
  endfacet
  facet normal 0 0 -1
    outer loop
      vertex -64.7918 -5.85889 11
      vertex -64.809 41.6507 11
      vertex -64.4856 41.7664 11
    endloop
  endfacet
  facet normal 0 0 -1
    outer loop
      vertex -65.0412 -5.76962 11
      vertex -64.809 41.6507 11
      vertex -64.7918 -5.85889 11
    endloop
  endfacet
  facet normal 0 0 -1
    outer loop
      vertex -65.0412 -5.76962 11
      vertex -65.1422 41.5673 11
      vertex -64.809 41.6507 11
    endloop
  endfacet
  facet normal 0 0 -1
    outer loop
      vertex -65.2983 -5.70524 11
      vertex -65.1422 41.5673 11
      vertex -65.0412 -5.76962 11
    endloop
  endfacet
  facet normal 0 0 -1
    outer loop
      vertex -65.2983 -5.70524 11
      vertex -65.4819 41.5169 11
      vertex -65.1422 41.5673 11
    endloop
  endfacet
  facet normal 0 0 -1
    outer loop
      vertex -65.5604 -5.66637 11
      vertex -65.4819 41.5169 11
      vertex -65.2983 -5.70524 11
    endloop
  endfacet
  facet normal 0 0 -1
    outer loop
      vertex -65.825 -5.65336 11
      vertex -65.4819 41.5169 11
      vertex -65.5604 -5.66637 11
    endloop
  endfacet
  facet normal 0 0 -1
    outer loop
      vertex -65.825 -5.65336 11
      vertex -65.825 41.5 11
      vertex -65.4819 41.5169 11
    endloop
  endfacet
  facet normal 0 0 -1
    outer loop
      vertex -66.0896 -5.66637 11
      vertex -65.825 41.5 11
      vertex -65.825 -5.65336 11
    endloop
  endfacet
  facet normal 0 0 -1
    outer loop
      vertex -66.0896 -5.66637 11
      vertex -66.1681 41.5169 11
      vertex -65.825 41.5 11
    endloop
  endfacet
  facet normal 0 0 -1
    outer loop
      vertex -66.3517 -5.70524 11
      vertex -66.1681 41.5169 11
      vertex -66.0896 -5.66637 11
    endloop
  endfacet
  facet normal 0 0 -1
    outer loop
      vertex -66.3517 -5.70524 11
      vertex -66.5078 41.5673 11
      vertex -66.1681 41.5169 11
    endloop
  endfacet
  facet normal 0 0 -1
    outer loop
      vertex -66.6088 -5.76962 11
      vertex -66.5078 41.5673 11
      vertex -66.3517 -5.70524 11
    endloop
  endfacet
  facet normal 0 0 -1
    outer loop
      vertex -66.6088 -5.76962 11
      vertex -66.841 41.6507 11
      vertex -66.5078 41.5673 11
    endloop
  endfacet
  facet normal 0 0 -1
    outer loop
      vertex -66.8582 -5.85889 11
      vertex -66.841 41.6507 11
      vertex -66.6088 -5.76962 11
    endloop
  endfacet
  facet normal 0 0 -1
    outer loop
      vertex -67.1644 41.7664 11
      vertex -66.8582 -5.85889 11
      vertex -67.0978 -5.97218 11
    endloop
  endfacet
  facet normal 0 0 -1
    outer loop
      vertex -66.8582 -5.85889 11
      vertex -67.1644 41.7664 11
      vertex -66.841 41.6507 11
    endloop
  endfacet
  facet normal 0 0 -1
    outer loop
      vertex -67.4749 41.9133 11
      vertex -67.0978 -5.97218 11
      vertex -67.325 -6.1084 11
    endloop
  endfacet
  facet normal 0 0 -1
    outer loop
      vertex -67.0978 -5.97218 11
      vertex -67.4749 41.9133 11
      vertex -67.1644 41.7664 11
    endloop
  endfacet
  facet normal 0 0 -1
    outer loop
      vertex -67.7695 42.0899 11
      vertex -67.325 -6.1084 11
      vertex -67.5379 -6.26624 11
    endloop
  endfacet
  facet normal 0 0 -1
    outer loop
      vertex -68.0454 42.2945 11
      vertex -67.5379 -6.26624 11
      vertex -67.7342 -6.44418 11
    endloop
  endfacet
  facet normal 0 0 -1
    outer loop
      vertex -67.325 -6.1084 11
      vertex -67.7695 42.0899 11
      vertex -67.4749 41.9133 11
    endloop
  endfacet
  facet normal 0 0 -1
    outer loop
      vertex -68.2999 42.5251 11
      vertex -67.7342 -6.44418 11
      vertex -67.9121 -6.6405 11
    endloop
  endfacet
  facet normal 0 0 -1
    outer loop
      vertex -67.5379 -6.26624 11
      vertex -68.0454 42.2945 11
      vertex -67.7695 42.0899 11
    endloop
  endfacet
  facet normal 0 0 -1
    outer loop
      vertex -68.5305 42.7796 11
      vertex -67.9121 -6.6405 11
      vertex -68.07 -6.85332 11
    endloop
  endfacet
  facet normal 0 0 -1
    outer loop
      vertex -68.7351 43.0555 11
      vertex -68.07 -6.85332 11
      vertex -68.2062 -7.08059 11
    endloop
  endfacet
  facet normal 0 0 -1
    outer loop
      vertex -67.7342 -6.44418 11
      vertex -68.2999 42.5251 11
      vertex -68.0454 42.2945 11
    endloop
  endfacet
  facet normal 0 0 -1
    outer loop
      vertex -68.9117 43.3501 11
      vertex -68.2062 -7.08059 11
      vertex -68.3195 -7.32012 11
    endloop
  endfacet
  facet normal 0 0 -1
    outer loop
      vertex -69.0586 43.6606 11
      vertex -68.3195 -7.32012 11
      vertex -68.4087 -7.5696 11
    endloop
  endfacet
  facet normal 0 0 -1
    outer loop
      vertex -69.1743 43.984 11
      vertex -68.4087 -7.5696 11
      vertex -68.4731 -7.82662 11
    endloop
  endfacet
  facet normal 0 0 -1
    outer loop
      vertex -69.2578 44.3172 11
      vertex -68.4731 -7.82662 11
      vertex -68.512 -8.08872 11
    endloop
  endfacet
  facet normal 0 0 -1
    outer loop
      vertex -69.3081 44.6569 11
      vertex -68.512 -8.08872 11
      vertex -68.525 -8.35336 11
    endloop
  endfacet
  facet normal 0 0 -1
    outer loop
      vertex -67.9121 -6.6405 11
      vertex -68.5305 42.7796 11
      vertex -68.2999 42.5251 11
    endloop
  endfacet
  facet normal 0 0 -1
    outer loop
      vertex 72.025 68.1888 11
      vertex 68.512 57.9242 11
      vertex 68.525 58.1888 11
    endloop
  endfacet
  facet normal 0 0 -1
    outer loop
      vertex 68.7351 46.9445 11
      vertex 68.4731 57.6621 11
      vertex 68.512 57.9242 11
    endloop
  endfacet
  facet normal 0 0 -1
    outer loop
      vertex 68.7351 46.9445 11
      vertex 68.4087 57.4051 11
      vertex 68.4731 57.6621 11
    endloop
  endfacet
  facet normal 0 0 -1
    outer loop
      vertex 68.7351 46.9445 11
      vertex 68.3195 57.1556 11
      vertex 68.4087 57.4051 11
    endloop
  endfacet
  facet normal 0 0 -1
    outer loop
      vertex 68.07 56.6888 11
      vertex 68.5305 47.2204 11
      vertex 68.2999 47.4749 11
    endloop
  endfacet
  facet normal 0 0 -1
    outer loop
      vertex 68.7351 46.9445 11
      vertex 68.2062 56.9161 11
      vertex 68.3195 57.1556 11
    endloop
  endfacet
  facet normal 0 0 -1
    outer loop
      vertex 68.5305 47.2204 11
      vertex 68.07 56.6888 11
      vertex 68.2062 56.9161 11
    endloop
  endfacet
  facet normal 0 0 -1
    outer loop
      vertex 67.7342 56.2796 11
      vertex 68.2999 47.4749 11
      vertex 68.0454 47.7055 11
    endloop
  endfacet
  facet normal 0 0 -1
    outer loop
      vertex 68.2999 47.4749 11
      vertex 67.9121 56.476 11
      vertex 68.07 56.6888 11
    endloop
  endfacet
  facet normal 0 0 -1
    outer loop
      vertex 67.5379 56.1017 11
      vertex 68.0454 47.7055 11
      vertex 67.7695 47.9101 11
    endloop
  endfacet
  facet normal 0 0 -1
    outer loop
      vertex 68.2999 47.4749 11
      vertex 67.7342 56.2796 11
      vertex 67.9121 56.476 11
    endloop
  endfacet
  facet normal 0 0 -1
    outer loop
      vertex 68.0454 47.7055 11
      vertex 67.5379 56.1017 11
      vertex 67.7342 56.2796 11
    endloop
  endfacet
  facet normal 0 0 -1
    outer loop
      vertex 67.325 55.9439 11
      vertex 67.7695 47.9101 11
      vertex 67.4749 48.0867 11
    endloop
  endfacet
  facet normal 0 0 -1
    outer loop
      vertex 67.7695 47.9101 11
      vertex 67.325 55.9439 11
      vertex 67.5379 56.1017 11
    endloop
  endfacet
  facet normal 0 0 -1
    outer loop
      vertex 67.0978 55.8076 11
      vertex 67.4749 48.0867 11
      vertex 67.1644 48.2336 11
    endloop
  endfacet
  facet normal 0 0 -1
    outer loop
      vertex 67.4749 48.0867 11
      vertex 67.0978 55.8076 11
      vertex 67.325 55.9439 11
    endloop
  endfacet
  facet normal 0 0 -1
    outer loop
      vertex 67.1644 48.2336 11
      vertex 66.8582 55.6944 11
      vertex 67.0978 55.8076 11
    endloop
  endfacet
  facet normal 0 0 -1
    outer loop
      vertex 66.841 48.3493 11
      vertex 66.8582 55.6944 11
      vertex 67.1644 48.2336 11
    endloop
  endfacet
  facet normal 0 0 -1
    outer loop
      vertex 66.841 48.3493 11
      vertex 66.6088 55.6051 11
      vertex 66.8582 55.6944 11
    endloop
  endfacet
  facet normal 0 0 -1
    outer loop
      vertex 66.5078 48.4327 11
      vertex 66.6088 55.6051 11
      vertex 66.841 48.3493 11
    endloop
  endfacet
  facet normal 0 0 -1
    outer loop
      vertex 66.5078 48.4327 11
      vertex 66.3517 55.5407 11
      vertex 66.6088 55.6051 11
    endloop
  endfacet
  facet normal 0 0 -1
    outer loop
      vertex 66.1681 48.4831 11
      vertex 66.3517 55.5407 11
      vertex 66.5078 48.4327 11
    endloop
  endfacet
  facet normal 0 0 -1
    outer loop
      vertex 66.1681 48.4831 11
      vertex 66.0896 55.5018 11
      vertex 66.3517 55.5407 11
    endloop
  endfacet
  facet normal 0 0 -1
    outer loop
      vertex 65.825 48.5 11
      vertex 66.0896 55.5018 11
      vertex 66.1681 48.4831 11
    endloop
  endfacet
  facet normal 0 0 -1
    outer loop
      vertex 65.825 48.5 11
      vertex 65.825 55.4888 11
      vertex 66.0896 55.5018 11
    endloop
  endfacet
  facet normal 0 0 -1
    outer loop
      vertex 65.825 48.5 11
      vertex 65.5604 55.5018 11
      vertex 65.825 55.4888 11
    endloop
  endfacet
  facet normal 0 0 -1
    outer loop
      vertex 65.4819 48.4831 11
      vertex 65.5604 55.5018 11
      vertex 65.825 48.5 11
    endloop
  endfacet
  facet normal 0 0 -1
    outer loop
      vertex 65.4819 48.4831 11
      vertex 65.2983 55.5407 11
      vertex 65.5604 55.5018 11
    endloop
  endfacet
  facet normal 0 0 -1
    outer loop
      vertex 65.1422 48.4327 11
      vertex 65.2983 55.5407 11
      vertex 65.4819 48.4831 11
    endloop
  endfacet
  facet normal 0 0 -1
    outer loop
      vertex 65.1422 48.4327 11
      vertex 65.0412 55.6051 11
      vertex 65.2983 55.5407 11
    endloop
  endfacet
  facet normal 0 0 -1
    outer loop
      vertex 64.809 48.3493 11
      vertex 65.0412 55.6051 11
      vertex 65.1422 48.4327 11
    endloop
  endfacet
  facet normal 0 0 -1
    outer loop
      vertex 64.809 48.3493 11
      vertex 64.7918 55.6944 11
      vertex 65.0412 55.6051 11
    endloop
  endfacet
  facet normal 0 0 -1
    outer loop
      vertex 64.4856 48.2336 11
      vertex 64.7918 55.6944 11
      vertex 64.809 48.3493 11
    endloop
  endfacet
  facet normal -0 0 -1
    outer loop
      vertex 64.7918 55.6944 11
      vertex 64.4856 48.2336 11
      vertex 64.5522 55.8076 11
    endloop
  endfacet
  facet normal 0 0 -1
    outer loop
      vertex 64.1751 48.0867 11
      vertex 64.5522 55.8076 11
      vertex 64.4856 48.2336 11
    endloop
  endfacet
  facet normal -0 0 -1
    outer loop
      vertex 64.5522 55.8076 11
      vertex 64.1751 48.0867 11
      vertex 64.325 55.9439 11
    endloop
  endfacet
  facet normal 0 0 -1
    outer loop
      vertex 63.8805 47.9101 11
      vertex 64.325 55.9439 11
      vertex 64.1751 48.0867 11
    endloop
  endfacet
  facet normal -0 0 -1
    outer loop
      vertex 64.325 55.9439 11
      vertex 63.8805 47.9101 11
      vertex 64.1121 56.1017 11
    endloop
  endfacet
  facet normal 0 0 -1
    outer loop
      vertex 63.6046 47.7055 11
      vertex 64.1121 56.1017 11
      vertex 63.8805 47.9101 11
    endloop
  endfacet
  facet normal -0 0 -1
    outer loop
      vertex 64.1121 56.1017 11
      vertex 63.6046 47.7055 11
      vertex 63.9158 56.2796 11
    endloop
  endfacet
  facet normal 0 0 -1
    outer loop
      vertex 63.3501 47.4749 11
      vertex 63.9158 56.2796 11
      vertex 63.6046 47.7055 11
    endloop
  endfacet
  facet normal -0 0 -1
    outer loop
      vertex 63.9158 56.2796 11
      vertex 63.3501 47.4749 11
      vertex 63.7379 56.476 11
    endloop
  endfacet
  facet normal -0 0 -1
    outer loop
      vertex 63.7379 56.476 11
      vertex 63.3501 47.4749 11
      vertex 63.58 56.6888 11
    endloop
  endfacet
  facet normal 0 0 -1
    outer loop
      vertex 63.1195 47.2204 11
      vertex 63.58 56.6888 11
      vertex 63.3501 47.4749 11
    endloop
  endfacet
  facet normal -0 0 -1
    outer loop
      vertex 63.58 56.6888 11
      vertex 63.1195 47.2204 11
      vertex 63.4438 56.9161 11
    endloop
  endfacet
  facet normal 0 0 -1
    outer loop
      vertex 62.9149 46.9445 11
      vertex 63.4438 56.9161 11
      vertex 63.1195 47.2204 11
    endloop
  endfacet
  facet normal -0 0 -1
    outer loop
      vertex 63.4438 56.9161 11
      vertex 62.9149 46.9445 11
      vertex 63.3305 57.1556 11
    endloop
  endfacet
  facet normal 0 0 -1
    outer loop
      vertex 62.7383 46.6499 11
      vertex 63.3305 57.1556 11
      vertex 62.9149 46.9445 11
    endloop
  endfacet
  facet normal -0 0 -1
    outer loop
      vertex 63.3305 57.1556 11
      vertex 62.7383 46.6499 11
      vertex 63.2413 57.4051 11
    endloop
  endfacet
  facet normal 0 0 -1
    outer loop
      vertex 62.5914 46.3394 11
      vertex 63.2413 57.4051 11
      vertex 62.7383 46.6499 11
    endloop
  endfacet
  facet normal 0 0 -1
    outer loop
      vertex 67.5831 -73.344 11
      vertex 72.025 -70.3888 11
      vertex 71.9839 -73.5822 11
    endloop
  endfacet
  facet normal 0 0 -1
    outer loop
      vertex 72.025 -70.3888 11
      vertex 68.525 -8.35336 11
      vertex 72.025 68.1888 11
    endloop
  endfacet
  facet normal 0 0 -1
    outer loop
      vertex 68.0252 -74.5794 11
      vertex 71.9839 -73.5822 11
      vertex 71.8606 -75.2989 11
    endloop
  endfacet
  facet normal 0 -0 -1
    outer loop
      vertex 69.3081 44.6569 11
      vertex 72.025 68.1888 11
      vertex 68.525 -8.35336 11
    endloop
  endfacet
  facet normal 0 0 -1
    outer loop
      vertex 67.9863 -75.3708 11
      vertex 71.8606 -75.2989 11
      vertex 71.655 -76.6833 11
    endloop
  endfacet
  facet normal 0 -0 -1
    outer loop
      vertex 69.325 45 11
      vertex 72.025 68.1888 11
      vertex 69.3081 44.6569 11
    endloop
  endfacet
  facet normal 0 0 -1
    outer loop
      vertex 67.8326 -75.8773 11
      vertex 71.655 -76.6833 11
      vertex 71.3667 -77.87 11
    endloop
  endfacet
  facet normal 0 0 -1
    outer loop
      vertex 69.3081 45.3431 11
      vertex 72.025 68.1888 11
      vertex 69.325 45 11
    endloop
  endfacet
  facet normal 0 0 -1
    outer loop
      vertex 67.5831 -76.3441 11
      vertex 71.3667 -77.87 11
      vertex 70.9951 -78.9112 11
    endloop
  endfacet
  facet normal 0 0 -1
    outer loop
      vertex 69.1743 46.016 11
      vertex 72.025 68.1888 11
      vertex 69.2578 45.6828 11
    endloop
  endfacet
  facet normal 0 0 -1
    outer loop
      vertex 67.2473 -76.7532 11
      vertex 70.9951 -78.9112 11
      vertex 70.5394 -79.8328 11
    endloop
  endfacet
  facet normal 0 0 -1
    outer loop
      vertex 68.4731 58.7156 11
      vertex 72.025 68.1888 11
      vertex 68.512 58.4535 11
    endloop
  endfacet
  facet normal 0 0 -1
    outer loop
      vertex 66.8382 -77.089 11
      vertex 70.5394 -79.8328 11
      vertex 69.9982 -80.6493 11
    endloop
  endfacet
  facet normal 0 0 -1
    outer loop
      vertex 68.3195 59.2221 11
      vertex 72.025 68.1888 11
      vertex 68.4087 58.9726 11
    endloop
  endfacet
  facet normal 0 0 -1
    outer loop
      vertex 66.6109 -77.2252 11
      vertex 69.9982 -80.6493 11
      vertex 69.3693 -81.3693 11
    endloop
  endfacet
  facet normal 0 0 -1
    outer loop
      vertex 68.2062 59.4616 11
      vertex 72.025 68.1888 11
      vertex 68.3195 59.2221 11
    endloop
  endfacet
  facet normal 0 0 -1
    outer loop
      vertex 68.07 59.6889 11
      vertex 72.025 68.1888 11
      vertex 68.2062 59.4616 11
    endloop
  endfacet
  facet normal 0 0 -1
    outer loop
      vertex 68.512 58.4535 11
      vertex 72.025 68.1888 11
      vertex 68.525 58.1888 11
    endloop
  endfacet
  facet normal 0 0 -1
    outer loop
      vertex 69.2578 45.6828 11
      vertex 72.025 68.1888 11
      vertex 69.3081 45.3431 11
    endloop
  endfacet
  facet normal 0 0 -1
    outer loop
      vertex 68.512 -8.08872 11
      vertex 69.3081 44.6569 11
      vertex 68.525 -8.35336 11
    endloop
  endfacet
  facet normal 0 0 -1
    outer loop
      vertex 69.3081 44.6569 11
      vertex 68.512 -8.08872 11
      vertex 69.2578 44.3172 11
    endloop
  endfacet
  facet normal 0 0 -1
    outer loop
      vertex 68.4731 -7.82662 11
      vertex 69.2578 44.3172 11
      vertex 68.512 -8.08872 11
    endloop
  endfacet
  facet normal 0 0 -1
    outer loop
      vertex 69.2578 44.3172 11
      vertex 68.4731 -7.82662 11
      vertex 69.1743 43.984 11
    endloop
  endfacet
  facet normal 0 0 -1
    outer loop
      vertex 66.3714 -77.3385 11
      vertex 69.3693 -81.3693 11
      vertex 68.6493 -81.9982 11
    endloop
  endfacet
  facet normal 0 0 -1
    outer loop
      vertex 68.4087 -7.5696 11
      vertex 69.1743 43.984 11
      vertex 68.4731 -7.82662 11
    endloop
  endfacet
  facet normal 0 0 -1
    outer loop
      vertex 69.1743 43.984 11
      vertex 68.4087 -7.5696 11
      vertex 69.0586 43.6606 11
    endloop
  endfacet
  facet normal 0 0 -1
    outer loop
      vertex 72.025 -70.3888 11
      vertex 68.512 -8.61801 11
      vertex 68.525 -8.35336 11
    endloop
  endfacet
  facet normal 0 0 -1
    outer loop
      vertex 71.9839 -73.5822 11
      vertex 68.0252 -74.5794 11
      vertex 67.9863 -74.3173 11
    endloop
  endfacet
  facet normal 0 0 -1
    outer loop
      vertex 72.025 -70.3888 11
      vertex 68.4731 -8.88011 11
      vertex 68.512 -8.61801 11
    endloop
  endfacet
  facet normal 0 0 -1
    outer loop
      vertex 71.9839 -73.5822 11
      vertex 67.9863 -74.3173 11
      vertex 67.9219 -74.0603 11
    endloop
  endfacet
  facet normal 0 0 -1
    outer loop
      vertex 72.025 -70.3888 11
      vertex 68.4087 -9.13713 11
      vertex 68.4731 -8.88011 11
    endloop
  endfacet
  facet normal 0 0 -1
    outer loop
      vertex 71.9839 -73.5822 11
      vertex 67.9219 -74.0603 11
      vertex 67.8326 -73.8108 11
    endloop
  endfacet
  facet normal 0 0 -1
    outer loop
      vertex 71.8606 -75.2989 11
      vertex 68.0382 -74.844 11
      vertex 68.0252 -74.5794 11
    endloop
  endfacet
  facet normal 0 0 -1
    outer loop
      vertex 71.8606 -75.2989 11
      vertex 68.0252 -75.1087 11
      vertex 68.0382 -74.844 11
    endloop
  endfacet
  facet normal -0 0 -1
    outer loop
      vertex 71.8606 -75.2989 11
      vertex 67.9863 -75.3708 11
      vertex 68.0252 -75.1087 11
    endloop
  endfacet
  facet normal 0 0 -1
    outer loop
      vertex 71.655 -76.6833 11
      vertex 67.9219 -75.6278 11
      vertex 67.9863 -75.3708 11
    endloop
  endfacet
  facet normal 0 0 -1
    outer loop
      vertex 66.1219 -77.4278 11
      vertex 68.6493 -81.9982 11
      vertex 67.8328 -82.5394 11
    endloop
  endfacet
  facet normal 0 0 -1
    outer loop
      vertex 71.655 -76.6833 11
      vertex 67.8326 -75.8773 11
      vertex 67.9219 -75.6278 11
    endloop
  endfacet
  facet normal 0 0 -1
    outer loop
      vertex 71.3667 -77.87 11
      vertex 67.7193 -76.1168 11
      vertex 67.8326 -75.8773 11
    endloop
  endfacet
  facet normal 0 0 -1
    outer loop
      vertex 71.3667 -77.87 11
      vertex 67.5831 -76.3441 11
      vertex 67.7193 -76.1168 11
    endloop
  endfacet
  facet normal 0 0 -1
    outer loop
      vertex 70.9951 -78.9112 11
      vertex 67.4253 -76.5569 11
      vertex 67.5831 -76.3441 11
    endloop
  endfacet
  facet normal 0 0 -1
    outer loop
      vertex 70.9951 -78.9112 11
      vertex 67.2473 -76.7532 11
      vertex 67.4253 -76.5569 11
    endloop
  endfacet
  facet normal 0 0 -1
    outer loop
      vertex 70.5394 -79.8328 11
      vertex 67.051 -76.9312 11
      vertex 67.2473 -76.7532 11
    endloop
  endfacet
  facet normal 0 0 -1
    outer loop
      vertex 65.8649 -77.4921 11
      vertex 67.8328 -82.5394 11
      vertex 66.9112 -82.9951 11
    endloop
  endfacet
  facet normal 0 0 -1
    outer loop
      vertex 70.5394 -79.8328 11
      vertex 66.8382 -77.089 11
      vertex 67.051 -76.9312 11
    endloop
  endfacet
  facet normal 0 0 -1
    outer loop
      vertex 69.9982 -80.6493 11
      vertex 66.6109 -77.2252 11
      vertex 66.8382 -77.089 11
    endloop
  endfacet
  facet normal 0 0 -1
    outer loop
      vertex 69.3693 -81.3693 11
      vertex 66.3714 -77.3385 11
      vertex 66.6109 -77.2252 11
    endloop
  endfacet
  facet normal 0 0 -1
    outer loop
      vertex 68.6493 -81.9982 11
      vertex 66.1219 -77.4278 11
      vertex 66.3714 -77.3385 11
    endloop
  endfacet
  facet normal 0 0 -1
    outer loop
      vertex 65.3382 -77.544 11
      vertex 66.9112 -82.9951 11
      vertex 65.8699 -83.3666 11
    endloop
  endfacet
  facet normal 0 0 -1
    outer loop
      vertex 67.8328 -82.5394 11
      vertex 65.8649 -77.4921 11
      vertex 66.1219 -77.4278 11
    endloop
  endfacet
  facet normal 0 0 -1
    outer loop
      vertex 66.9112 -82.9951 11
      vertex 65.6028 -77.531 11
      vertex 65.8649 -77.4921 11
    endloop
  endfacet
  facet normal 0 0 -1
    outer loop
      vertex 66.9112 -82.9951 11
      vertex 65.3382 -77.544 11
      vertex 65.6028 -77.531 11
    endloop
  endfacet
  facet normal 0 0 -1
    outer loop
      vertex 65.8699 -83.3666 11
      vertex 65.0735 -77.531 11
      vertex 65.3382 -77.544 11
    endloop
  endfacet
  facet normal 0 0 -1
    outer loop
      vertex 64.6833 -83.655 11
      vertex 65.0735 -77.531 11
      vertex 65.8699 -83.3666 11
    endloop
  endfacet
  facet normal -0 0 -1
    outer loop
      vertex 65.0735 -77.531 11
      vertex 64.6833 -83.655 11
      vertex 64.8114 -77.4921 11
    endloop
  endfacet
  facet normal 0 0 -1
    outer loop
      vertex 64.6833 -83.655 11
      vertex 64.5544 -77.4278 11
      vertex 64.8114 -77.4921 11
    endloop
  endfacet
  facet normal 0 0 -1
    outer loop
      vertex 63.2989 -83.8606 11
      vertex 64.5544 -77.4278 11
      vertex 64.6833 -83.655 11
    endloop
  endfacet
  facet normal -0 0 -1
    outer loop
      vertex 64.5544 -77.4278 11
      vertex 63.2989 -83.8606 11
      vertex 64.3049 -77.3385 11
    endloop
  endfacet
  facet normal -0 0 -1
    outer loop
      vertex 64.3049 -77.3385 11
      vertex 63.2989 -83.8606 11
      vertex 64.0654 -77.2252 11
    endloop
  endfacet
  facet normal 0 0 -1
    outer loop
      vertex 61.5822 -83.9839 11
      vertex 64.0654 -77.2252 11
      vertex 63.2989 -83.8606 11
    endloop
  endfacet
  facet normal -0 0 -1
    outer loop
      vertex 64.0654 -77.2252 11
      vertex 61.5822 -83.9839 11
      vertex 63.8381 -77.089 11
    endloop
  endfacet
  facet normal -0 0 -1
    outer loop
      vertex 63.8381 -77.089 11
      vertex 61.5822 -83.9839 11
      vertex 63.6253 -76.9312 11
    endloop
  endfacet
  facet normal -0 0 -1
    outer loop
      vertex 63.6253 -76.9312 11
      vertex 61.5822 -83.9839 11
      vertex 63.429 -76.7532 11
    endloop
  endfacet
  facet normal -0 0 -1
    outer loop
      vertex 63.429 -76.7532 11
      vertex 61.5822 -83.9839 11
      vertex 63.251 -76.5569 11
    endloop
  endfacet
  facet normal 0 0 -1
    outer loop
      vertex 58.3888 -84.025 11
      vertex 63.251 -76.5569 11
      vertex 61.5822 -83.9839 11
    endloop
  endfacet
  facet normal -0 0 -1
    outer loop
      vertex 63.251 -76.5569 11
      vertex 58.3888 -84.025 11
      vertex 63.0932 -76.3441 11
    endloop
  endfacet
  facet normal -0 0 -1
    outer loop
      vertex 63.0932 -76.3441 11
      vertex 58.3888 -84.025 11
      vertex 62.957 -76.1168 11
    endloop
  endfacet
  facet normal -0 0 -1
    outer loop
      vertex 62.957 -76.1168 11
      vertex 58.3888 -84.025 11
      vertex 62.8437 -75.8773 11
    endloop
  endfacet
  facet normal -0 0 -1
    outer loop
      vertex 62.8437 -75.8773 11
      vertex 58.3888 -84.025 11
      vertex 62.7544 -75.6278 11
    endloop
  endfacet
  facet normal 0 0 -1
    outer loop
      vertex 63.2413 -7.5696 11
      vertex 62.4757 43.984 11
      vertex 62.5914 43.6606 11
    endloop
  endfacet
  facet normal 0 -0 -1
    outer loop
      vertex 62.3419 44.6569 11
      vertex 63.125 -8.35336 11
      vertex 59.325 -58.925 11
    endloop
  endfacet
  facet normal 0 0 -1
    outer loop
      vertex 63.125 -8.35336 11
      vertex 62.3923 44.3172 11
      vertex 62.4757 43.984 11
    endloop
  endfacet
  facet normal 0 0 -1
    outer loop
      vertex 63.125 -8.35336 11
      vertex 62.3419 44.6569 11
      vertex 62.3923 44.3172 11
    endloop
  endfacet
  facet normal 0 -0 -1
    outer loop
      vertex 54.6748 -70.3884 11
      vertex 62.69 -75.3708 11
      vertex 53.7279 -70.7263 11
    endloop
  endfacet
  facet normal 0 0 -1
    outer loop
      vertex 62.7544 -75.6278 11
      vertex 53.7279 -70.7263 11
      vertex 62.69 -75.3708 11
    endloop
  endfacet
  facet normal 0 0 -1
    outer loop
      vertex 53.7279 -70.7263 11
      vertex 62.7544 -75.6278 11
      vertex 58.3888 -84.025 11
    endloop
  endfacet
  facet normal 0 0 -1
    outer loop
      vertex 67.9121 59.9017 11
      vertex 72.025 68.1888 11
      vertex 68.07 59.6889 11
    endloop
  endfacet
  facet normal 0 0 -1
    outer loop
      vertex 68.4087 58.9726 11
      vertex 72.025 68.1888 11
      vertex 68.4731 58.7156 11
    endloop
  endfacet
  facet normal 0 0 -1
    outer loop
      vertex 68.512 57.9242 11
      vertex 72.025 68.1888 11
      vertex 69.1743 46.016 11
    endloop
  endfacet
  facet normal 0 0 -1
    outer loop
      vertex 68.512 57.9242 11
      vertex 69.1743 46.016 11
      vertex 69.0586 46.3394 11
    endloop
  endfacet
  facet normal 0 0 -1
    outer loop
      vertex 68.512 57.9242 11
      vertex 69.0586 46.3394 11
      vertex 68.9117 46.6499 11
    endloop
  endfacet
  facet normal 0 0 -1
    outer loop
      vertex 68.512 57.9242 11
      vertex 68.9117 46.6499 11
      vertex 68.7351 46.9445 11
    endloop
  endfacet
  facet normal 0 0 -1
    outer loop
      vertex 67.7342 60.098 11
      vertex 72.025 68.1888 11
      vertex 67.9121 59.9017 11
    endloop
  endfacet
  facet normal 0 0 -1
    outer loop
      vertex 68.2062 56.9161 11
      vertex 68.7351 46.9445 11
      vertex 68.5305 47.2204 11
    endloop
  endfacet
  facet normal 0 0 -1
    outer loop
      vertex 67.5379 60.276 11
      vertex 72.025 68.1888 11
      vertex 67.7342 60.098 11
    endloop
  endfacet
  facet normal 0 0 -1
    outer loop
      vertex 67.325 60.4338 11
      vertex 72.025 68.1888 11
      vertex 67.5379 60.276 11
    endloop
  endfacet
  facet normal 0 0 -1
    outer loop
      vertex 67.0978 60.57 11
      vertex 72.025 68.1888 11
      vertex 67.325 60.4338 11
    endloop
  endfacet
  facet normal 0 0 -1
    outer loop
      vertex 66.8582 60.6833 11
      vertex 72.025 68.1888 11
      vertex 67.0978 60.57 11
    endloop
  endfacet
  facet normal 0 0 -1
    outer loop
      vertex 66.6088 60.7726 11
      vertex 72.025 68.1888 11
      vertex 66.8582 60.6833 11
    endloop
  endfacet
  facet normal 0 0 -1
    outer loop
      vertex 66.3517 60.8369 11
      vertex 72.025 68.1888 11
      vertex 66.6088 60.7726 11
    endloop
  endfacet
  facet normal 0 0 -1
    outer loop
      vertex 66.0896 60.8758 11
      vertex 72.025 68.1888 11
      vertex 66.3517 60.8369 11
    endloop
  endfacet
  facet normal 0 0 -1
    outer loop
      vertex 65.825 60.8888 11
      vertex 72.025 68.1888 11
      vertex 66.0896 60.8758 11
    endloop
  endfacet
  facet normal 0 0 -1
    outer loop
      vertex 65.5604 60.8758 11
      vertex 72.025 68.1888 11
      vertex 65.825 60.8888 11
    endloop
  endfacet
  facet normal 0 0 -1
    outer loop
      vertex 65.2983 60.8369 11
      vertex 72.025 68.1888 11
      vertex 65.5604 60.8758 11
    endloop
  endfacet
  facet normal -0 0 -1
    outer loop
      vertex 72.025 68.1888 11
      vertex 65.2983 60.8369 11
      vertex 71.9839 71.3822 11
    endloop
  endfacet
  facet normal 0 0 -1
    outer loop
      vertex 65.0412 60.7726 11
      vertex 71.9839 71.3822 11
      vertex 65.2983 60.8369 11
    endloop
  endfacet
  facet normal 0 0 -1
    outer loop
      vertex 64.7918 60.6833 11
      vertex 71.9839 71.3822 11
      vertex 65.0412 60.7726 11
    endloop
  endfacet
  facet normal 0 0 -1
    outer loop
      vertex 71.9839 71.3822 11
      vertex 61.5822 81.7839 11
      vertex 71.8606 73.0989 11
    endloop
  endfacet
  facet normal -0 -0 -1
    outer loop
      vertex 63.2989 81.6606 11
      vertex 71.8606 73.0989 11
      vertex 61.5822 81.7839 11
    endloop
  endfacet
  facet normal -0 -0 -1
    outer loop
      vertex 64.6833 81.455 11
      vertex 71.655 74.4833 11
      vertex 63.2989 81.6606 11
    endloop
  endfacet
  facet normal 0 0 -1
    outer loop
      vertex 71.655 74.4833 11
      vertex 64.6833 81.455 11
      vertex 71.3667 75.67 11
    endloop
  endfacet
  facet normal -0 -0 -1
    outer loop
      vertex 65.8699 81.1666 11
      vertex 71.3667 75.67 11
      vertex 64.6833 81.455 11
    endloop
  endfacet
  facet normal 0 0 -1
    outer loop
      vertex 70.9951 76.7112 11
      vertex 66.9112 80.7951 11
      vertex 70.5394 77.6328 11
    endloop
  endfacet
  facet normal 0 0 -1
    outer loop
      vertex 70.5394 77.6328 11
      vertex 66.9112 80.7951 11
      vertex 69.9982 78.4493 11
    endloop
  endfacet
  facet normal 0 0 -1
    outer loop
      vertex 69.3693 79.1693 11
      vertex 66.9112 80.7951 11
      vertex 68.6493 79.7982 11
    endloop
  endfacet
  facet normal 0 0 -1
    outer loop
      vertex 68.6493 79.7982 11
      vertex 66.9112 80.7951 11
      vertex 67.8328 80.3394 11
    endloop
  endfacet
  facet normal 0 0 -1
    outer loop
      vertex 71.3667 75.67 11
      vertex 65.8699 81.1666 11
      vertex 70.9951 76.7112 11
    endloop
  endfacet
  facet normal -0 0 -1
    outer loop
      vertex 71.9839 71.3822 11
      vertex 64.7918 60.6833 11
      vertex 61.5822 81.7839 11
    endloop
  endfacet
  facet normal 0 0 -1
    outer loop
      vertex 69.9982 78.4493 11
      vertex 66.9112 80.7951 11
      vertex 69.3693 79.1693 11
    endloop
  endfacet
  facet normal 0 0 -1
    outer loop
      vertex 59.325 81.8129 11
      vertex 64.7918 60.6833 11
      vertex 64.5522 60.57 11
    endloop
  endfacet
  facet normal 0 0 -1
    outer loop
      vertex 59.325 81.8129 11
      vertex 64.5522 60.57 11
      vertex 64.325 60.4338 11
    endloop
  endfacet
  facet normal 0 0 -1
    outer loop
      vertex 59.325 81.8129 11
      vertex 64.325 60.4338 11
      vertex 64.1121 60.276 11
    endloop
  endfacet
  facet normal 0 0 -1
    outer loop
      vertex 59.325 81.8129 11
      vertex 64.1121 60.276 11
      vertex 63.9158 60.098 11
    endloop
  endfacet
  facet normal 0 0 -1
    outer loop
      vertex 59.325 81.8129 11
      vertex 63.9158 60.098 11
      vertex 63.7379 59.9017 11
    endloop
  endfacet
  facet normal 0 0 -1
    outer loop
      vertex 59.325 81.8129 11
      vertex 63.7379 59.9017 11
      vertex 63.58 59.6889 11
    endloop
  endfacet
  facet normal 0 0 -1
    outer loop
      vertex 59.325 81.8129 11
      vertex 63.58 59.6889 11
      vertex 63.4438 59.4616 11
    endloop
  endfacet
  facet normal 0 0 -1
    outer loop
      vertex 59.325 81.8129 11
      vertex 63.4438 59.4616 11
      vertex 63.3305 59.2221 11
    endloop
  endfacet
  facet normal -0 -0 -1
    outer loop
      vertex 66.9112 80.7951 11
      vertex 70.9951 76.7112 11
      vertex 65.8699 81.1666 11
    endloop
  endfacet
  facet normal 0 0 -1
    outer loop
      vertex 59.325 81.8129 11
      vertex 63.3305 59.2221 11
      vertex 63.2413 58.9726 11
    endloop
  endfacet
  facet normal 0 0 -1
    outer loop
      vertex 59.325 81.8129 11
      vertex 63.2413 58.9726 11
      vertex 63.1769 58.7156 11
    endloop
  endfacet
  facet normal 0 0 -1
    outer loop
      vertex 59.325 81.8129 11
      vertex 63.1769 58.7156 11
      vertex 63.138 58.4535 11
    endloop
  endfacet
  facet normal 0 0 -1
    outer loop
      vertex 59.325 81.8129 11
      vertex 63.138 58.4535 11
      vertex 63.125 58.1888 11
    endloop
  endfacet
  facet normal -0 0 -1
    outer loop
      vertex 63.2413 57.4051 11
      vertex 62.5914 46.3394 11
      vertex 63.1769 57.6621 11
    endloop
  endfacet
  facet normal 0 0 -1
    outer loop
      vertex 62.4757 46.016 11
      vertex 63.1769 57.6621 11
      vertex 62.5914 46.3394 11
    endloop
  endfacet
  facet normal -0 0 -1
    outer loop
      vertex 63.1769 57.6621 11
      vertex 62.4757 46.016 11
      vertex 63.138 57.9242 11
    endloop
  endfacet
  facet normal 0 0 -1
    outer loop
      vertex 62.3923 45.6828 11
      vertex 63.138 57.9242 11
      vertex 62.4757 46.016 11
    endloop
  endfacet
  facet normal -0 0 -1
    outer loop
      vertex 63.138 57.9242 11
      vertex 62.3923 45.6828 11
      vertex 63.125 58.1888 11
    endloop
  endfacet
  facet normal 0 0 -1
    outer loop
      vertex 62.3419 45.3431 11
      vertex 63.125 58.1888 11
      vertex 62.3923 45.6828 11
    endloop
  endfacet
  facet normal 0 0 -1
    outer loop
      vertex 59.325 81.8129 11
      vertex 63.125 58.1888 11
      vertex 62.3419 45.3431 11
    endloop
  endfacet
  facet normal 0 0 -1
    outer loop
      vertex 59.325 81.8129 11
      vertex 62.3419 45.3431 11
      vertex 62.325 45 11
    endloop
  endfacet
  facet normal 0 0 -1
    outer loop
      vertex 71.8606 73.0989 11
      vertex 63.2989 81.6606 11
      vertex 71.655 74.4833 11
    endloop
  endfacet
  facet normal -0 0 -1
    outer loop
      vertex 62.3419 44.6569 11
      vertex 59.325 -58.925 11
      vertex 62.325 45 11
    endloop
  endfacet
  facet normal 0 0 -1
    outer loop
      vertex 59.325 81.8129 11
      vertex 62.325 45 11
      vertex 59.325 -58.925 11
    endloop
  endfacet
  facet normal 0 0 -1
    outer loop
      vertex 62.6382 -74.844 11
      vertex 59.2876 -61.8289 11
      vertex 59.325 -58.925 11
    endloop
  endfacet
  facet normal 0 0 -1
    outer loop
      vertex 62.6382 -74.844 11
      vertex 59.1755 -63.39 11
      vertex 59.2876 -61.8289 11
    endloop
  endfacet
  facet normal 0 0 -1
    outer loop
      vertex 62.6382 -74.844 11
      vertex 58.9885 -64.6488 11
      vertex 59.1755 -63.39 11
    endloop
  endfacet
  facet normal 0 0 -1
    outer loop
      vertex 62.6382 -74.844 11
      vertex 58.7263 -65.7279 11
      vertex 58.9885 -64.6488 11
    endloop
  endfacet
  facet normal 0 0 -1
    outer loop
      vertex 62.69 -75.3708 11
      vertex 54.6748 -70.3884 11
      vertex 62.6512 -75.1087 11
    endloop
  endfacet
  facet normal 0 0 -1
    outer loop
      vertex 62.6382 -74.844 11
      vertex 58.3884 -66.6748 11
      vertex 58.7263 -65.7279 11
    endloop
  endfacet
  facet normal 0 0 -1
    outer loop
      vertex 62.6382 -74.844 11
      vertex 57.9741 -67.5128 11
      vertex 58.3884 -66.6748 11
    endloop
  endfacet
  facet normal 0 0 -1
    outer loop
      vertex 62.6382 -74.844 11
      vertex 57.4819 -68.2553 11
      vertex 57.9741 -67.5128 11
    endloop
  endfacet
  facet normal 0 0 -1
    outer loop
      vertex 62.6382 -74.844 11
      vertex 56.91 -68.91 11
      vertex 57.4819 -68.2553 11
    endloop
  endfacet
  facet normal 0 0 -1
    outer loop
      vertex 62.6382 -74.844 11
      vertex 56.2553 -69.4819 11
      vertex 56.91 -68.91 11
    endloop
  endfacet
  facet normal 0 0 -1
    outer loop
      vertex 62.6382 -74.844 11
      vertex 55.5128 -69.9741 11
      vertex 56.2553 -69.4819 11
    endloop
  endfacet
  facet normal 0 0 -1
    outer loop
      vertex 62.6382 -74.844 11
      vertex 54.6748 -70.3884 11
      vertex 55.5128 -69.9741 11
    endloop
  endfacet
  facet normal 0 0 -1
    outer loop
      vertex 62.6512 -75.1087 11
      vertex 54.6748 -70.3884 11
      vertex 62.6382 -74.844 11
    endloop
  endfacet
  facet normal 0 0 -1
    outer loop
      vertex 58.3888 -84.025 11
      vertex 52.6488 -70.9885 11
      vertex 53.7279 -70.7263 11
    endloop
  endfacet
  facet normal 0 0 -1
    outer loop
      vertex 58.3888 -84.025 11
      vertex 51.39 -71.1755 11
      vertex 52.6488 -70.9885 11
    endloop
  endfacet
  facet normal 0 0 -1
    outer loop
      vertex 58.3888 -84.025 11
      vertex 49.8289 -71.2876 11
      vertex 51.39 -71.1755 11
    endloop
  endfacet
  facet normal 0 0 -1
    outer loop
      vertex 58.3888 -84.025 11
      vertex 46.925 -71.325 11
      vertex 49.8289 -71.2876 11
    endloop
  endfacet
  facet normal 0 0 -1
    outer loop
      vertex 35.1189 -78.5904 11
      vertex 46.925 -71.325 11
      vertex 58.3888 -84.025 11
    endloop
  endfacet
  facet normal 0 0 -1
    outer loop
      vertex 46.925 -71.325 11
      vertex 35.2615 -78.021 11
      vertex 35.2711 -77.825 11
    endloop
  endfacet
  facet normal 0 0 -1
    outer loop
      vertex 46.925 -71.325 11
      vertex 35.2327 -78.2152 11
      vertex 35.2615 -78.021 11
    endloop
  endfacet
  facet normal 0 0 -1
    outer loop
      vertex 46.925 -71.325 11
      vertex 35.185 -78.4056 11
      vertex 35.2327 -78.2152 11
    endloop
  endfacet
  facet normal 0 0 -1
    outer loop
      vertex 46.925 -71.325 11
      vertex 35.1189 -78.5904 11
      vertex 35.185 -78.4056 11
    endloop
  endfacet
  facet normal 0 0 -1
    outer loop
      vertex 58.3888 -84.025 11
      vertex 35.0349 -78.7678 11
      vertex 35.1189 -78.5904 11
    endloop
  endfacet
  facet normal 0 0 -1
    outer loop
      vertex 58.3888 -84.025 11
      vertex 34.934 -78.9361 11
      vertex 35.0349 -78.7678 11
    endloop
  endfacet
  facet normal 0 0 -1
    outer loop
      vertex 58.3888 -84.025 11
      vertex 34.8171 -79.0938 11
      vertex 34.934 -78.9361 11
    endloop
  endfacet
  facet normal 0 0 -1
    outer loop
      vertex 58.3888 -84.025 11
      vertex 34.6853 -79.2392 11
      vertex 34.8171 -79.0938 11
    endloop
  endfacet
  facet normal 0 0 -1
    outer loop
      vertex 58.3888 -84.025 11
      vertex 34.5399 -79.371 11
      vertex 34.6853 -79.2392 11
    endloop
  endfacet
  facet normal 0 0 -1
    outer loop
      vertex 58.3888 -84.025 11
      vertex 34.3822 -79.4879 11
      vertex 34.5399 -79.371 11
    endloop
  endfacet
  facet normal 0 0 -1
    outer loop
      vertex 58.3888 -84.025 11
      vertex 34.2139 -79.5888 11
      vertex 34.3822 -79.4879 11
    endloop
  endfacet
  facet normal 0 0 -1
    outer loop
      vertex 58.3888 -84.025 11
      vertex 34.0365 -79.6728 11
      vertex 34.2139 -79.5888 11
    endloop
  endfacet
  facet normal 0 0 -1
    outer loop
      vertex 58.3888 -84.025 11
      vertex 33.8517 -79.7389 11
      vertex 34.0365 -79.6728 11
    endloop
  endfacet
  facet normal 0 0 -1
    outer loop
      vertex 58.3888 -84.025 11
      vertex 33.6613 -79.7866 11
      vertex 33.8517 -79.7389 11
    endloop
  endfacet
  facet normal 0 0 -1
    outer loop
      vertex 58.3888 -84.025 11
      vertex 33.4671 -79.8154 11
      vertex 33.6613 -79.7866 11
    endloop
  endfacet
  facet normal 0 0 -1
    outer loop
      vertex 58.3888 -84.025 11
      vertex 33.2711 -79.825 11
      vertex 33.4671 -79.8154 11
    endloop
  endfacet
  facet normal 0 0 -1
    outer loop
      vertex 58.3888 -84.025 11
      vertex 33.0751 -79.8154 11
      vertex 33.2711 -79.825 11
    endloop
  endfacet
  facet normal 0 0 -1
    outer loop
      vertex 0.264646 -80.512 11
      vertex 33.0751 -79.8154 11
      vertex 58.3888 -84.025 11
    endloop
  endfacet
  facet normal 0 0 -1
    outer loop
      vertex 31.2807 -78.021 11
      vertex 2.7 -77.825 11
      vertex 31.2711 -77.825 11
    endloop
  endfacet
  facet normal 0 0 -1
    outer loop
      vertex 2.687 -78.0896 11
      vertex 31.2807 -78.021 11
      vertex 31.3095 -78.2152 11
    endloop
  endfacet
  facet normal 0 0 -1
    outer loop
      vertex 2.64812 -78.3517 11
      vertex 31.3095 -78.2152 11
      vertex 31.3572 -78.4056 11
    endloop
  endfacet
  facet normal 0 0 -1
    outer loop
      vertex 2.58374 -78.6088 11
      vertex 31.3572 -78.4056 11
      vertex 31.4233 -78.5904 11
    endloop
  endfacet
  facet normal 0 0 -1
    outer loop
      vertex 2.49447 -78.8582 11
      vertex 31.4233 -78.5904 11
      vertex 31.5073 -78.7678 11
    endloop
  endfacet
  facet normal 0 0 -1
    outer loop
      vertex 2.38119 -79.0978 11
      vertex 31.5073 -78.7678 11
      vertex 31.6082 -78.9361 11
    endloop
  endfacet
  facet normal 0 0 -1
    outer loop
      vertex 2.24497 -79.325 11
      vertex 31.6082 -78.9361 11
      vertex 31.7251 -79.0938 11
    endloop
  endfacet
  facet normal 0 0 -1
    outer loop
      vertex 2.08713 -79.5379 11
      vertex 31.7251 -79.0938 11
      vertex 31.8569 -79.2392 11
    endloop
  endfacet
  facet normal 0 0 -1
    outer loop
      vertex 1.90919 -79.7342 11
      vertex 31.8569 -79.2392 11
      vertex 32.0023 -79.371 11
    endloop
  endfacet
  facet normal 0 0 -1
    outer loop
      vertex 1.71286 -79.9121 11
      vertex 32.0023 -79.371 11
      vertex 32.16 -79.4879 11
    endloop
  endfacet
  facet normal 0 0 -1
    outer loop
      vertex 1.50004 -80.07 11
      vertex 32.16 -79.4879 11
      vertex 32.3283 -79.5888 11
    endloop
  endfacet
  facet normal 0 0 -1
    outer loop
      vertex 1.27277 -80.2062 11
      vertex 32.3283 -79.5888 11
      vertex 32.5057 -79.6728 11
    endloop
  endfacet
  facet normal 0 0 -1
    outer loop
      vertex 1.03325 -80.3195 11
      vertex 32.5057 -79.6728 11
      vertex 32.6905 -79.7389 11
    endloop
  endfacet
  facet normal 0 0 -1
    outer loop
      vertex 0.783768 -80.4087 11
      vertex 32.6905 -79.7389 11
      vertex 32.8809 -79.7866 11
    endloop
  endfacet
  facet normal 0 -0 -1
    outer loop
      vertex 0.526743 -80.4731 11
      vertex 33.0751 -79.8154 11
      vertex 0.264646 -80.512 11
    endloop
  endfacet
  facet normal -0 0 -1
    outer loop
      vertex 31.2807 -78.021 11
      vertex 2.687 -78.0896 11
      vertex 2.7 -77.825 11
    endloop
  endfacet
  facet normal -0 0 -1
    outer loop
      vertex 31.3095 -78.2152 11
      vertex 2.64812 -78.3517 11
      vertex 2.687 -78.0896 11
    endloop
  endfacet
  facet normal -0 0 -1
    outer loop
      vertex 31.3572 -78.4056 11
      vertex 2.58374 -78.6088 11
      vertex 2.64812 -78.3517 11
    endloop
  endfacet
  facet normal 0 0 -1
    outer loop
      vertex 31.4233 -78.5904 11
      vertex 2.49447 -78.8582 11
      vertex 2.58374 -78.6088 11
    endloop
  endfacet
  facet normal 0 0 -1
    outer loop
      vertex 31.5073 -78.7678 11
      vertex 2.38119 -79.0978 11
      vertex 2.49447 -78.8582 11
    endloop
  endfacet
  facet normal 0 0 -1
    outer loop
      vertex 31.6082 -78.9361 11
      vertex 2.24497 -79.325 11
      vertex 2.38119 -79.0978 11
    endloop
  endfacet
  facet normal 0 0 -1
    outer loop
      vertex 31.7251 -79.0938 11
      vertex 2.08713 -79.5379 11
      vertex 2.24497 -79.325 11
    endloop
  endfacet
  facet normal 0 0 -1
    outer loop
      vertex 31.8569 -79.2392 11
      vertex 1.90919 -79.7342 11
      vertex 2.08713 -79.5379 11
    endloop
  endfacet
  facet normal 0 0 -1
    outer loop
      vertex 32.0023 -79.371 11
      vertex 1.71286 -79.9121 11
      vertex 1.90919 -79.7342 11
    endloop
  endfacet
  facet normal 0 0 -1
    outer loop
      vertex 32.16 -79.4879 11
      vertex 1.50004 -80.07 11
      vertex 1.71286 -79.9121 11
    endloop
  endfacet
  facet normal 0 0 -1
    outer loop
      vertex 32.3283 -79.5888 11
      vertex 1.27277 -80.2062 11
      vertex 1.50004 -80.07 11
    endloop
  endfacet
  facet normal 0 0 -1
    outer loop
      vertex 32.5057 -79.6728 11
      vertex 1.03325 -80.3195 11
      vertex 1.27277 -80.2062 11
    endloop
  endfacet
  facet normal 0 0 -1
    outer loop
      vertex 32.6905 -79.7389 11
      vertex 0.783768 -80.4087 11
      vertex 1.03325 -80.3195 11
    endloop
  endfacet
  facet normal 0 0 -1
    outer loop
      vertex 32.8809 -79.7866 11
      vertex 0.526743 -80.4731 11
      vertex 0.783768 -80.4087 11
    endloop
  endfacet
  facet normal -0 0 -1
    outer loop
      vertex 33.0751 -79.8154 11
      vertex 0.526743 -80.4731 11
      vertex 32.8809 -79.7866 11
    endloop
  endfacet
  facet normal 0 0 -1
    outer loop
      vertex 58.3888 -84.025 11
      vertex 0 -80.525 11
      vertex 0.264646 -80.512 11
    endloop
  endfacet
  facet normal 0 0 -1
    outer loop
      vertex -58.3888 -84.025 11
      vertex 0 -80.525 11
      vertex 58.3888 -84.025 11
    endloop
  endfacet
  facet normal 0 0 -1
    outer loop
      vertex -2.687 -78.0896 11
      vertex -31.2711 -77.825 11
      vertex -2.7 -77.825 11
    endloop
  endfacet
  facet normal 0 0 -1
    outer loop
      vertex -31.2807 -78.021 11
      vertex -2.687 -78.0896 11
      vertex -2.64812 -78.3517 11
    endloop
  endfacet
  facet normal 0 0 -1
    outer loop
      vertex -31.3572 -78.4056 11
      vertex -2.64812 -78.3517 11
      vertex -2.58374 -78.6088 11
    endloop
  endfacet
  facet normal 0 0 -1
    outer loop
      vertex -31.4233 -78.5904 11
      vertex -2.58374 -78.6088 11
      vertex -2.49447 -78.8582 11
    endloop
  endfacet
  facet normal 0 0 -1
    outer loop
      vertex -31.5073 -78.7678 11
      vertex -2.49447 -78.8582 11
      vertex -2.38119 -79.0978 11
    endloop
  endfacet
  facet normal 0 0 -1
    outer loop
      vertex -31.6082 -78.9361 11
      vertex -2.38119 -79.0978 11
      vertex -2.24497 -79.325 11
    endloop
  endfacet
  facet normal 0 0 -1
    outer loop
      vertex -31.7251 -79.0938 11
      vertex -2.24497 -79.325 11
      vertex -2.08713 -79.5379 11
    endloop
  endfacet
  facet normal 0 0 -1
    outer loop
      vertex -31.8569 -79.2392 11
      vertex -2.08713 -79.5379 11
      vertex -1.90919 -79.7342 11
    endloop
  endfacet
  facet normal 0 0 -1
    outer loop
      vertex -32.0023 -79.371 11
      vertex -1.90919 -79.7342 11
      vertex -1.71286 -79.9121 11
    endloop
  endfacet
  facet normal 0 0 -1
    outer loop
      vertex -32.16 -79.4879 11
      vertex -1.71286 -79.9121 11
      vertex -1.50004 -80.07 11
    endloop
  endfacet
  facet normal 0 0 -1
    outer loop
      vertex -32.3283 -79.5888 11
      vertex -1.50004 -80.07 11
      vertex -1.27277 -80.2062 11
    endloop
  endfacet
  facet normal 0 0 -1
    outer loop
      vertex -32.5057 -79.6728 11
      vertex -1.27277 -80.2062 11
      vertex -1.03325 -80.3195 11
    endloop
  endfacet
  facet normal 0 0 -1
    outer loop
      vertex -32.6905 -79.7389 11
      vertex -1.03325 -80.3195 11
      vertex -0.783768 -80.4087 11
    endloop
  endfacet
  facet normal 0 0 -1
    outer loop
      vertex -32.8809 -79.7866 11
      vertex -0.783768 -80.4087 11
      vertex -0.526743 -80.4731 11
    endloop
  endfacet
  facet normal 0 0 -1
    outer loop
      vertex -33.0751 -79.8154 11
      vertex -0.526743 -80.4731 11
      vertex -0.264646 -80.512 11
    endloop
  endfacet
  facet normal 0 0 -1
    outer loop
      vertex -2.687 -78.0896 11
      vertex -31.2807 -78.021 11
      vertex -31.2711 -77.825 11
    endloop
  endfacet
  facet normal 0 0 -1
    outer loop
      vertex -2.64812 -78.3517 11
      vertex -31.3095 -78.2152 11
      vertex -31.2807 -78.021 11
    endloop
  endfacet
  facet normal -0 0 -1
    outer loop
      vertex -2.64812 -78.3517 11
      vertex -31.3572 -78.4056 11
      vertex -31.3095 -78.2152 11
    endloop
  endfacet
  facet normal 0 0 -1
    outer loop
      vertex -2.58374 -78.6088 11
      vertex -31.4233 -78.5904 11
      vertex -31.3572 -78.4056 11
    endloop
  endfacet
  facet normal 0 0 -1
    outer loop
      vertex -2.49447 -78.8582 11
      vertex -31.5073 -78.7678 11
      vertex -31.4233 -78.5904 11
    endloop
  endfacet
  facet normal -0 0 -1
    outer loop
      vertex 0 -80.525 11
      vertex -58.3888 -84.025 11
      vertex -0.264646 -80.512 11
    endloop
  endfacet
  facet normal 0 0 -1
    outer loop
      vertex -2.38119 -79.0978 11
      vertex -31.6082 -78.9361 11
      vertex -31.5073 -78.7678 11
    endloop
  endfacet
  facet normal 0 0 -1
    outer loop
      vertex -2.24497 -79.325 11
      vertex -31.7251 -79.0938 11
      vertex -31.6082 -78.9361 11
    endloop
  endfacet
  facet normal 0 0 -1
    outer loop
      vertex -2.08713 -79.5379 11
      vertex -31.8569 -79.2392 11
      vertex -31.7251 -79.0938 11
    endloop
  endfacet
  facet normal 0 0 -1
    outer loop
      vertex -1.90919 -79.7342 11
      vertex -32.0023 -79.371 11
      vertex -31.8569 -79.2392 11
    endloop
  endfacet
  facet normal 0 0 -1
    outer loop
      vertex -1.71286 -79.9121 11
      vertex -32.16 -79.4879 11
      vertex -32.0023 -79.371 11
    endloop
  endfacet
  facet normal 0 0 -1
    outer loop
      vertex -1.50004 -80.07 11
      vertex -32.3283 -79.5888 11
      vertex -32.16 -79.4879 11
    endloop
  endfacet
  facet normal 0 0 -1
    outer loop
      vertex -1.27277 -80.2062 11
      vertex -32.5057 -79.6728 11
      vertex -32.3283 -79.5888 11
    endloop
  endfacet
  facet normal 0 0 -1
    outer loop
      vertex -1.03325 -80.3195 11
      vertex -32.6905 -79.7389 11
      vertex -32.5057 -79.6728 11
    endloop
  endfacet
  facet normal 0 0 -1
    outer loop
      vertex -0.783768 -80.4087 11
      vertex -32.8809 -79.7866 11
      vertex -32.6905 -79.7389 11
    endloop
  endfacet
  facet normal 0 0 -1
    outer loop
      vertex -0.526743 -80.4731 11
      vertex -33.0751 -79.8154 11
      vertex -32.8809 -79.7866 11
    endloop
  endfacet
  facet normal -0 0 -1
    outer loop
      vertex -0.264646 -80.512 11
      vertex -58.3888 -84.025 11
      vertex -33.0751 -79.8154 11
    endloop
  endfacet
  facet normal 0 0 -1
    outer loop
      vertex -35.2615 -78.021 11
      vertex -46.925 -71.325 11
      vertex -35.2711 -77.825 11
    endloop
  endfacet
  facet normal 0 0 -1
    outer loop
      vertex -35.2327 -78.2152 11
      vertex -46.925 -71.325 11
      vertex -35.2615 -78.021 11
    endloop
  endfacet
  facet normal 0 0 -1
    outer loop
      vertex -35.185 -78.4056 11
      vertex -46.925 -71.325 11
      vertex -35.2327 -78.2152 11
    endloop
  endfacet
  facet normal 0 0 -1
    outer loop
      vertex -35.1189 -78.5904 11
      vertex -46.925 -71.325 11
      vertex -35.185 -78.4056 11
    endloop
  endfacet
  facet normal 0 0 -1
    outer loop
      vertex -58.3888 -84.025 11
      vertex -35.1189 -78.5904 11
      vertex -35.0349 -78.7678 11
    endloop
  endfacet
  facet normal 0 0 -1
    outer loop
      vertex -58.3888 -84.025 11
      vertex -35.0349 -78.7678 11
      vertex -34.934 -78.9361 11
    endloop
  endfacet
  facet normal 0 0 -1
    outer loop
      vertex -58.3888 -84.025 11
      vertex -34.934 -78.9361 11
      vertex -34.8171 -79.0938 11
    endloop
  endfacet
  facet normal 0 0 -1
    outer loop
      vertex -58.3888 -84.025 11
      vertex -34.8171 -79.0938 11
      vertex -34.6853 -79.2392 11
    endloop
  endfacet
  facet normal 0 0 -1
    outer loop
      vertex -58.3888 -84.025 11
      vertex -34.6853 -79.2392 11
      vertex -34.5399 -79.371 11
    endloop
  endfacet
  facet normal 0 0 -1
    outer loop
      vertex -58.3888 -84.025 11
      vertex -34.5399 -79.371 11
      vertex -34.3822 -79.4879 11
    endloop
  endfacet
  facet normal -0 0 -1
    outer loop
      vertex -35.1189 -78.5904 11
      vertex -58.3888 -84.025 11
      vertex -46.925 -71.325 11
    endloop
  endfacet
  facet normal 0 0 -1
    outer loop
      vertex -58.3888 -84.025 11
      vertex -34.3822 -79.4879 11
      vertex -34.2139 -79.5888 11
    endloop
  endfacet
  facet normal -0 0 -1
    outer loop
      vertex -46.925 -71.325 11
      vertex -58.3888 -84.025 11
      vertex -49.8289 -71.2876 11
    endloop
  endfacet
  facet normal -0 0 -1
    outer loop
      vertex -49.8289 -71.2876 11
      vertex -58.3888 -84.025 11
      vertex -51.39 -71.1755 11
    endloop
  endfacet
  facet normal 0 0 -1
    outer loop
      vertex -58.3888 -84.025 11
      vertex -34.2139 -79.5888 11
      vertex -34.0365 -79.6728 11
    endloop
  endfacet
  facet normal -0 0 -1
    outer loop
      vertex -51.39 -71.1755 11
      vertex -58.3888 -84.025 11
      vertex -52.6488 -70.9885 11
    endloop
  endfacet
  facet normal -0 0 -1
    outer loop
      vertex -52.6488 -70.9885 11
      vertex -58.3888 -84.025 11
      vertex -53.7279 -70.7263 11
    endloop
  endfacet
  facet normal 0 0 -1
    outer loop
      vertex -33.0751 -79.8154 11
      vertex -58.3888 -84.025 11
      vertex -33.2711 -79.825 11
    endloop
  endfacet
  facet normal 0 0 -1
    outer loop
      vertex -58.3888 -84.025 11
      vertex -33.4671 -79.8154 11
      vertex -33.2711 -79.825 11
    endloop
  endfacet
  facet normal 0 0 -1
    outer loop
      vertex -58.3888 -84.025 11
      vertex -33.6613 -79.7866 11
      vertex -33.4671 -79.8154 11
    endloop
  endfacet
  facet normal 0 0 -1
    outer loop
      vertex -58.3888 -84.025 11
      vertex -33.8517 -79.7389 11
      vertex -33.6613 -79.7866 11
    endloop
  endfacet
  facet normal 0 0 -1
    outer loop
      vertex -58.3888 -84.025 11
      vertex -34.0365 -79.6728 11
      vertex -33.8517 -79.7389 11
    endloop
  endfacet
  facet normal 0 0 -1
    outer loop
      vertex -62.7544 -75.6278 11
      vertex -53.7279 -70.7263 11
      vertex -58.3888 -84.025 11
    endloop
  endfacet
  facet normal 0 -0 -1
    outer loop
      vertex -62.69 -75.3708 11
      vertex -53.7279 -70.7263 11
      vertex -62.7544 -75.6278 11
    endloop
  endfacet
  facet normal 0 -0 -1
    outer loop
      vertex -62.6512 -75.1087 11
      vertex -54.6748 -70.3884 11
      vertex -62.69 -75.3708 11
    endloop
  endfacet
  facet normal 0 -0 -1
    outer loop
      vertex -62.6382 -74.844 11
      vertex -54.6748 -70.3884 11
      vertex -62.6512 -75.1087 11
    endloop
  endfacet
  facet normal -0 0 -1
    outer loop
      vertex -54.6748 -70.3884 11
      vertex -62.6382 -74.844 11
      vertex -55.5128 -69.9741 11
    endloop
  endfacet
  facet normal 0 0 -1
    outer loop
      vertex -62.69 -74.3173 11
      vertex -55.5128 -69.9741 11
      vertex -62.6512 -74.5794 11
    endloop
  endfacet
  facet normal -0 0 -1
    outer loop
      vertex -55.5128 -69.9741 11
      vertex -62.69 -74.3173 11
      vertex -56.2553 -69.4819 11
    endloop
  endfacet
  facet normal 0 0 -1
    outer loop
      vertex -62.8437 -73.8108 11
      vertex -56.2553 -69.4819 11
      vertex -62.7544 -74.0603 11
    endloop
  endfacet
  facet normal -0 0 -1
    outer loop
      vertex -56.2553 -69.4819 11
      vertex -62.8437 -73.8108 11
      vertex -56.91 -68.91 11
    endloop
  endfacet
  facet normal 0 0 -1
    outer loop
      vertex -62.957 -73.5713 11
      vertex -56.91 -68.91 11
      vertex -62.8437 -73.8108 11
    endloop
  endfacet
  facet normal 0 0 -1
    outer loop
      vertex -63.0932 -73.344 11
      vertex -56.91 -68.91 11
      vertex -62.957 -73.5713 11
    endloop
  endfacet
  facet normal 0 0 -1
    outer loop
      vertex -63.251 -76.5569 11
      vertex -58.3888 -84.025 11
      vertex -61.5822 -83.9839 11
    endloop
  endfacet
  facet normal -0 0 -1
    outer loop
      vertex -56.91 -68.91 11
      vertex -63.0932 -73.344 11
      vertex -57.4819 -68.2553 11
    endloop
  endfacet
  facet normal 0 0 -1
    outer loop
      vertex -63.251 -73.1312 11
      vertex -57.4819 -68.2553 11
      vertex -63.0932 -73.344 11
    endloop
  endfacet
  facet normal 0 0 -1
    outer loop
      vertex -59.325 -58.925 11
      vertex -62.3419 44.6569 11
      vertex -59.325 81.8129 11
    endloop
  endfacet
  facet normal 0 0 -1
    outer loop
      vertex -62.3419 45.3431 11
      vertex -59.325 81.8129 11
      vertex -62.325 45 11
    endloop
  endfacet
  facet normal 0 0 -1
    outer loop
      vertex -59.325 81.8129 11
      vertex -62.3419 44.6569 11
      vertex -62.325 45 11
    endloop
  endfacet
  facet normal 0 0 -1
    outer loop
      vertex -63.429 -72.9348 11
      vertex -57.4819 -68.2553 11
      vertex -63.251 -73.1312 11
    endloop
  endfacet
  facet normal 0 0 -1
    outer loop
      vertex -59.325 -58.925 11
      vertex -62.3923 44.3172 11
      vertex -62.3419 44.6569 11
    endloop
  endfacet
  facet normal 0 0 -1
    outer loop
      vertex -59.325 -58.925 11
      vertex -62.4757 43.984 11
      vertex -62.3923 44.3172 11
    endloop
  endfacet
  facet normal 0 0 -1
    outer loop
      vertex -59.325 -58.925 11
      vertex -62.5914 43.6606 11
      vertex -62.4757 43.984 11
    endloop
  endfacet
  facet normal 0 0 -1
    outer loop
      vertex -62.7544 -74.0603 11
      vertex -56.2553 -69.4819 11
      vertex -62.69 -74.3173 11
    endloop
  endfacet
  facet normal 0 0 -1
    outer loop
      vertex -62.6512 -74.5794 11
      vertex -55.5128 -69.9741 11
      vertex -62.6382 -74.844 11
    endloop
  endfacet
  facet normal -0 0 -1
    outer loop
      vertex -53.7279 -70.7263 11
      vertex -62.69 -75.3708 11
      vertex -54.6748 -70.3884 11
    endloop
  endfacet
  facet normal 0 0 -1
    outer loop
      vertex -58.3888 -84.025 11
      vertex -62.8437 -75.8773 11
      vertex -62.7544 -75.6278 11
    endloop
  endfacet
  facet normal 0 0 -1
    outer loop
      vertex -58.3888 -84.025 11
      vertex -62.957 -76.1168 11
      vertex -62.8437 -75.8773 11
    endloop
  endfacet
  facet normal 0 0 -1
    outer loop
      vertex -58.3888 -84.025 11
      vertex -63.0932 -76.3441 11
      vertex -62.957 -76.1168 11
    endloop
  endfacet
  facet normal 0 0 -1
    outer loop
      vertex -58.3888 -84.025 11
      vertex -63.251 -76.5569 11
      vertex -63.0932 -76.3441 11
    endloop
  endfacet
  facet normal 0 0 -1
    outer loop
      vertex -64.0654 -77.2252 11
      vertex -61.5822 -83.9839 11
      vertex -63.2989 -83.8606 11
    endloop
  endfacet
  facet normal 0 0 -1
    outer loop
      vertex -61.5822 -83.9839 11
      vertex -63.429 -76.7532 11
      vertex -63.251 -76.5569 11
    endloop
  endfacet
  facet normal 0 0 -1
    outer loop
      vertex -61.5822 -83.9839 11
      vertex -63.6253 -76.9312 11
      vertex -63.429 -76.7532 11
    endloop
  endfacet
  facet normal 0 0 -1
    outer loop
      vertex -61.5822 -83.9839 11
      vertex -63.8381 -77.089 11
      vertex -63.6253 -76.9312 11
    endloop
  endfacet
  facet normal 0 0 -1
    outer loop
      vertex -61.5822 -83.9839 11
      vertex -64.0654 -77.2252 11
      vertex -63.8381 -77.089 11
    endloop
  endfacet
  facet normal 0 0 -1
    outer loop
      vertex -63.2989 -83.8606 11
      vertex -64.3049 -77.3385 11
      vertex -64.0654 -77.2252 11
    endloop
  endfacet
  facet normal 0 0 -1
    outer loop
      vertex -63.2989 -83.8606 11
      vertex -64.5544 -77.4278 11
      vertex -64.3049 -77.3385 11
    endloop
  endfacet
  facet normal 0 0 -1
    outer loop
      vertex -64.6833 -83.655 11
      vertex -64.5544 -77.4278 11
      vertex -63.2989 -83.8606 11
    endloop
  endfacet
  facet normal 0 0 -1
    outer loop
      vertex -64.6833 -83.655 11
      vertex -64.8114 -77.4921 11
      vertex -64.5544 -77.4278 11
    endloop
  endfacet
  facet normal 0 0 -1
    outer loop
      vertex -64.6833 -83.655 11
      vertex -65.0735 -77.531 11
      vertex -64.8114 -77.4921 11
    endloop
  endfacet
  facet normal 0 0 -1
    outer loop
      vertex -65.8699 -83.3666 11
      vertex -65.0735 -77.531 11
      vertex -64.6833 -83.655 11
    endloop
  endfacet
  facet normal 0 0 -1
    outer loop
      vertex -65.0735 -77.531 11
      vertex -65.8699 -83.3666 11
      vertex -65.3382 -77.544 11
    endloop
  endfacet
  facet normal 0 0 -1
    outer loop
      vertex -66.9112 -82.9951 11
      vertex -65.3382 -77.544 11
      vertex -65.8699 -83.3666 11
    endloop
  endfacet
  facet normal -0 0 -1
    outer loop
      vertex -65.3382 -77.544 11
      vertex -66.9112 -82.9951 11
      vertex -65.6028 -77.531 11
    endloop
  endfacet
  facet normal -0 0 -1
    outer loop
      vertex -65.6028 -77.531 11
      vertex -66.9112 -82.9951 11
      vertex -65.8649 -77.4921 11
    endloop
  endfacet
  facet normal 0 0 -1
    outer loop
      vertex -67.8328 -82.5394 11
      vertex -65.8649 -77.4921 11
      vertex -66.9112 -82.9951 11
    endloop
  endfacet
  facet normal -0 0 -1
    outer loop
      vertex -65.8649 -77.4921 11
      vertex -67.8328 -82.5394 11
      vertex -66.1219 -77.4278 11
    endloop
  endfacet
  facet normal 0 0 -1
    outer loop
      vertex -68.6493 -81.9982 11
      vertex -66.1219 -77.4278 11
      vertex -67.8328 -82.5394 11
    endloop
  endfacet
  facet normal -0 0 -1
    outer loop
      vertex -66.1219 -77.4278 11
      vertex -68.6493 -81.9982 11
      vertex -66.3714 -77.3385 11
    endloop
  endfacet
  facet normal 0 0 -1
    outer loop
      vertex -69.3693 -81.3693 11
      vertex -66.3714 -77.3385 11
      vertex -68.6493 -81.9982 11
    endloop
  endfacet
  facet normal -0 0 -1
    outer loop
      vertex -66.3714 -77.3385 11
      vertex -69.3693 -81.3693 11
      vertex -66.6109 -77.2252 11
    endloop
  endfacet
  facet normal -0 0 -1
    outer loop
      vertex -66.6109 -77.2252 11
      vertex -69.3693 -81.3693 11
      vertex -66.8382 -77.089 11
    endloop
  endfacet
  facet normal -0 0 -1
    outer loop
      vertex -66.8382 -77.089 11
      vertex -69.3693 -81.3693 11
      vertex -67.051 -76.9312 11
    endloop
  endfacet
  facet normal -0 0 -1
    outer loop
      vertex -67.051 -76.9312 11
      vertex -69.3693 -81.3693 11
      vertex -67.2473 -76.7532 11
    endloop
  endfacet
  facet normal -0 0 -1
    outer loop
      vertex -67.2473 -76.7532 11
      vertex -69.3693 -81.3693 11
      vertex -67.4253 -76.5569 11
    endloop
  endfacet
  facet normal -0 0 -1
    outer loop
      vertex -67.4253 -76.5569 11
      vertex -69.3693 -81.3693 11
      vertex -67.5831 -76.3441 11
    endloop
  endfacet
  facet normal -0 0 -1
    outer loop
      vertex -67.5831 -76.3441 11
      vertex -69.3693 -81.3693 11
      vertex -67.7193 -76.1168 11
    endloop
  endfacet
  facet normal -0 0 -1
    outer loop
      vertex -67.7193 -76.1168 11
      vertex -69.3693 -81.3693 11
      vertex -67.8326 -75.8773 11
    endloop
  endfacet
  facet normal -0 0 -1
    outer loop
      vertex -67.8326 -75.8773 11
      vertex -69.3693 -81.3693 11
      vertex -67.9219 -75.6278 11
    endloop
  endfacet
  facet normal -0 0 -1
    outer loop
      vertex -67.9219 -75.6278 11
      vertex -69.3693 -81.3693 11
      vertex -67.9863 -75.3708 11
    endloop
  endfacet
  facet normal -0 0 -1
    outer loop
      vertex -67.9121 -10.0662 11
      vertex -72.025 -70.3888 11
      vertex -68.07 -9.8534 11
    endloop
  endfacet
  facet normal -0 0 -1
    outer loop
      vertex -68.07 -9.8534 11
      vertex -72.025 -70.3888 11
      vertex -68.2062 -9.62613 11
    endloop
  endfacet
  facet normal -0 0 -1
    outer loop
      vertex -68.2062 -9.62613 11
      vertex -72.025 -70.3888 11
      vertex -68.3195 -9.38661 11
    endloop
  endfacet
  facet normal -0 0 -1
    outer loop
      vertex -68.3195 -9.38661 11
      vertex -72.025 -70.3888 11
      vertex -68.4087 -9.13713 11
    endloop
  endfacet
  facet normal 0 0 -1
    outer loop
      vertex -68.0252 -74.5794 11
      vertex -72.025 -70.3888 11
      vertex -67.9863 -74.3173 11
    endloop
  endfacet
  facet normal -0 0 -1
    outer loop
      vertex -68.4087 -9.13713 11
      vertex -72.025 -70.3888 11
      vertex -68.4731 -8.88011 11
    endloop
  endfacet
  facet normal 0 0 -1
    outer loop
      vertex -72.025 -70.3888 11
      vertex -67.9863 -75.3708 11
      vertex -69.3693 -81.3693 11
    endloop
  endfacet
  facet normal 0 0 -1
    outer loop
      vertex -67.9863 -75.3708 11
      vertex -72.025 -70.3888 11
      vertex -68.0252 -75.1087 11
    endloop
  endfacet
  facet normal -0 0 -1
    outer loop
      vertex -68.4731 -8.88011 11
      vertex -72.025 -70.3888 11
      vertex -68.512 -8.61801 11
    endloop
  endfacet
  facet normal -0 0 -1
    outer loop
      vertex -68.512 -8.61801 11
      vertex -72.025 -70.3888 11
      vertex -68.525 -8.35336 11
    endloop
  endfacet
  facet normal 0 0 -1
    outer loop
      vertex -68.07 -6.85332 11
      vertex -68.7351 43.0555 11
      vertex -68.5305 42.7796 11
    endloop
  endfacet
  facet normal 0 0 -1
    outer loop
      vertex -68.2062 -7.08059 11
      vertex -68.9117 43.3501 11
      vertex -68.7351 43.0555 11
    endloop
  endfacet
  facet normal 0 0 -1
    outer loop
      vertex -68.3195 -7.32012 11
      vertex -69.0586 43.6606 11
      vertex -68.9117 43.3501 11
    endloop
  endfacet
  facet normal 0 0 -1
    outer loop
      vertex -68.4087 -7.5696 11
      vertex -69.1743 43.984 11
      vertex -69.0586 43.6606 11
    endloop
  endfacet
  facet normal 0 0 -1
    outer loop
      vertex -68.4731 -7.82662 11
      vertex -69.2578 44.3172 11
      vertex -69.1743 43.984 11
    endloop
  endfacet
  facet normal 0 0 -1
    outer loop
      vertex -68.512 -8.08872 11
      vertex -69.3081 44.6569 11
      vertex -69.2578 44.3172 11
    endloop
  endfacet
  facet normal 0 0 -1
    outer loop
      vertex -68.525 -8.35336 11
      vertex -69.325 45 11
      vertex -69.3081 44.6569 11
    endloop
  endfacet
  facet normal 0 0 -1
    outer loop
      vertex 68.3195 -7.32012 11
      vertex 69.0586 43.6606 11
      vertex 68.4087 -7.5696 11
    endloop
  endfacet
  facet normal 0 0 -1
    outer loop
      vertex 69.0586 43.6606 11
      vertex 68.3195 -7.32012 11
      vertex 68.9117 43.3501 11
    endloop
  endfacet
  facet normal 0 0 -1
    outer loop
      vertex 68.2062 -7.08059 11
      vertex 68.9117 43.3501 11
      vertex 68.3195 -7.32012 11
    endloop
  endfacet
  facet normal 0 0 -1
    outer loop
      vertex 68.9117 43.3501 11
      vertex 68.2062 -7.08059 11
      vertex 68.7351 43.0555 11
    endloop
  endfacet
  facet normal 0 0 -1
    outer loop
      vertex 68.07 -6.85332 11
      vertex 68.7351 43.0555 11
      vertex 68.2062 -7.08059 11
    endloop
  endfacet
  facet normal 0 0 -1
    outer loop
      vertex 68.7351 43.0555 11
      vertex 68.07 -6.85332 11
      vertex 68.5305 42.7796 11
    endloop
  endfacet
  facet normal 0 0 -1
    outer loop
      vertex 67.9121 -6.6405 11
      vertex 68.5305 42.7796 11
      vertex 68.07 -6.85332 11
    endloop
  endfacet
  facet normal 0 0 -1
    outer loop
      vertex 68.5305 42.7796 11
      vertex 67.9121 -6.6405 11
      vertex 68.2999 42.5251 11
    endloop
  endfacet
  facet normal 0 0 -1
    outer loop
      vertex 67.7342 -6.44418 11
      vertex 68.2999 42.5251 11
      vertex 67.9121 -6.6405 11
    endloop
  endfacet
  facet normal 0 0 -1
    outer loop
      vertex 68.2999 42.5251 11
      vertex 67.7342 -6.44418 11
      vertex 68.0454 42.2945 11
    endloop
  endfacet
  facet normal 0 0 -1
    outer loop
      vertex 67.5379 -6.26624 11
      vertex 68.0454 42.2945 11
      vertex 67.7342 -6.44418 11
    endloop
  endfacet
  facet normal 0 0 -1
    outer loop
      vertex 68.0454 42.2945 11
      vertex 67.5379 -6.26624 11
      vertex 67.7695 42.0899 11
    endloop
  endfacet
  facet normal 0 0 -1
    outer loop
      vertex 67.325 -6.1084 11
      vertex 67.7695 42.0899 11
      vertex 67.5379 -6.26624 11
    endloop
  endfacet
  facet normal 0 0 -1
    outer loop
      vertex 67.7695 42.0899 11
      vertex 67.325 -6.1084 11
      vertex 67.4749 41.9133 11
    endloop
  endfacet
  facet normal 0 0 -1
    outer loop
      vertex 67.0978 -5.97218 11
      vertex 67.4749 41.9133 11
      vertex 67.325 -6.1084 11
    endloop
  endfacet
  facet normal 0 0 -1
    outer loop
      vertex 67.4749 41.9133 11
      vertex 67.0978 -5.97218 11
      vertex 67.1644 41.7664 11
    endloop
  endfacet
  facet normal 0 0 -1
    outer loop
      vertex 66.8582 -5.85889 11
      vertex 67.1644 41.7664 11
      vertex 67.0978 -5.97218 11
    endloop
  endfacet
  facet normal 0 0 -1
    outer loop
      vertex 66.8582 -5.85889 11
      vertex 66.841 41.6507 11
      vertex 67.1644 41.7664 11
    endloop
  endfacet
  facet normal 0 0 -1
    outer loop
      vertex 66.6088 -5.76962 11
      vertex 66.841 41.6507 11
      vertex 66.8582 -5.85889 11
    endloop
  endfacet
  facet normal 0 0 -1
    outer loop
      vertex 66.6088 -5.76962 11
      vertex 66.5078 41.5673 11
      vertex 66.841 41.6507 11
    endloop
  endfacet
  facet normal 0 0 -1
    outer loop
      vertex 66.3517 -5.70524 11
      vertex 66.5078 41.5673 11
      vertex 66.6088 -5.76962 11
    endloop
  endfacet
  facet normal 0 0 -1
    outer loop
      vertex 66.3517 -5.70524 11
      vertex 66.1681 41.5169 11
      vertex 66.5078 41.5673 11
    endloop
  endfacet
  facet normal 0 0 -1
    outer loop
      vertex 66.0896 -5.66637 11
      vertex 66.1681 41.5169 11
      vertex 66.3517 -5.70524 11
    endloop
  endfacet
  facet normal 0 0 -1
    outer loop
      vertex 65.825 -5.65336 11
      vertex 66.1681 41.5169 11
      vertex 66.0896 -5.66637 11
    endloop
  endfacet
  facet normal 0 0 -1
    outer loop
      vertex 65.825 -5.65336 11
      vertex 65.825 41.5 11
      vertex 66.1681 41.5169 11
    endloop
  endfacet
  facet normal 0 0 -1
    outer loop
      vertex 65.5604 -5.66637 11
      vertex 65.825 41.5 11
      vertex 65.825 -5.65336 11
    endloop
  endfacet
  facet normal 0 0 -1
    outer loop
      vertex 65.5604 -5.66637 11
      vertex 65.4819 41.5169 11
      vertex 65.825 41.5 11
    endloop
  endfacet
  facet normal 0 0 -1
    outer loop
      vertex 65.2983 -5.70524 11
      vertex 65.4819 41.5169 11
      vertex 65.5604 -5.66637 11
    endloop
  endfacet
  facet normal 0 0 -1
    outer loop
      vertex 65.2983 -5.70524 11
      vertex 65.1422 41.5673 11
      vertex 65.4819 41.5169 11
    endloop
  endfacet
  facet normal 0 0 -1
    outer loop
      vertex 65.0412 -5.76962 11
      vertex 65.1422 41.5673 11
      vertex 65.2983 -5.70524 11
    endloop
  endfacet
  facet normal 0 0 -1
    outer loop
      vertex 65.0412 -5.76962 11
      vertex 64.809 41.6507 11
      vertex 65.1422 41.5673 11
    endloop
  endfacet
  facet normal 0 0 -1
    outer loop
      vertex 64.7918 -5.85889 11
      vertex 64.809 41.6507 11
      vertex 65.0412 -5.76962 11
    endloop
  endfacet
  facet normal 0 0 -1
    outer loop
      vertex 64.4856 41.7664 11
      vertex 64.7918 -5.85889 11
      vertex 64.5522 -5.97218 11
    endloop
  endfacet
  facet normal 0 0 -1
    outer loop
      vertex 64.7918 -5.85889 11
      vertex 64.4856 41.7664 11
      vertex 64.809 41.6507 11
    endloop
  endfacet
  facet normal 0 0 -1
    outer loop
      vertex 64.1751 41.9133 11
      vertex 64.5522 -5.97218 11
      vertex 64.325 -6.1084 11
    endloop
  endfacet
  facet normal 0 0 -1
    outer loop
      vertex 64.5522 -5.97218 11
      vertex 64.1751 41.9133 11
      vertex 64.4856 41.7664 11
    endloop
  endfacet
  facet normal 0 0 -1
    outer loop
      vertex 63.8805 42.0899 11
      vertex 64.325 -6.1084 11
      vertex 64.1121 -6.26624 11
    endloop
  endfacet
  facet normal 0 0 -1
    outer loop
      vertex 63.6046 42.2945 11
      vertex 64.1121 -6.26624 11
      vertex 63.9158 -6.44418 11
    endloop
  endfacet
  facet normal 0 0 -1
    outer loop
      vertex 64.325 -6.1084 11
      vertex 63.8805 42.0899 11
      vertex 64.1751 41.9133 11
    endloop
  endfacet
  facet normal 0 0 -1
    outer loop
      vertex 63.3501 42.5251 11
      vertex 63.9158 -6.44418 11
      vertex 63.7379 -6.6405 11
    endloop
  endfacet
  facet normal 0 0 -1
    outer loop
      vertex 64.1121 -6.26624 11
      vertex 63.6046 42.2945 11
      vertex 63.8805 42.0899 11
    endloop
  endfacet
  facet normal 0 0 -1
    outer loop
      vertex 63.1195 42.7796 11
      vertex 63.7379 -6.6405 11
      vertex 63.58 -6.85332 11
    endloop
  endfacet
  facet normal 0 0 -1
    outer loop
      vertex 62.9149 43.0555 11
      vertex 63.58 -6.85332 11
      vertex 63.4438 -7.08059 11
    endloop
  endfacet
  facet normal 0 0 -1
    outer loop
      vertex 63.9158 -6.44418 11
      vertex 63.3501 42.5251 11
      vertex 63.6046 42.2945 11
    endloop
  endfacet
  facet normal 0 0 -1
    outer loop
      vertex 62.7383 43.3501 11
      vertex 63.4438 -7.08059 11
      vertex 63.3305 -7.32012 11
    endloop
  endfacet
  facet normal 0 0 -1
    outer loop
      vertex 62.5914 43.6606 11
      vertex 63.3305 -7.32012 11
      vertex 63.2413 -7.5696 11
    endloop
  endfacet
  facet normal 0 0 -1
    outer loop
      vertex 62.4757 43.984 11
      vertex 63.2413 -7.5696 11
      vertex 63.1769 -7.82662 11
    endloop
  endfacet
  facet normal 0 0 -1
    outer loop
      vertex 62.4757 43.984 11
      vertex 63.1769 -7.82662 11
      vertex 63.138 -8.08872 11
    endloop
  endfacet
  facet normal 0 0 -1
    outer loop
      vertex 62.4757 43.984 11
      vertex 63.138 -8.08872 11
      vertex 63.125 -8.35336 11
    endloop
  endfacet
  facet normal 0 0 -1
    outer loop
      vertex 63.7379 -6.6405 11
      vertex 63.1195 42.7796 11
      vertex 63.3501 42.5251 11
    endloop
  endfacet
  facet normal 0 0 -1
    outer loop
      vertex 72.025 -70.3888 11
      vertex 68.3195 -9.38661 11
      vertex 68.4087 -9.13713 11
    endloop
  endfacet
  facet normal -0 0 -1
    outer loop
      vertex 71.9839 -73.5822 11
      vertex 67.8326 -73.8108 11
      vertex 67.7193 -73.5713 11
    endloop
  endfacet
  facet normal 0 0 -1
    outer loop
      vertex 72.025 -70.3888 11
      vertex 68.2062 -9.62613 11
      vertex 68.3195 -9.38661 11
    endloop
  endfacet
  facet normal 0 0 -1
    outer loop
      vertex 71.9839 -73.5822 11
      vertex 67.7193 -73.5713 11
      vertex 67.5831 -73.344 11
    endloop
  endfacet
  facet normal 0 0 -1
    outer loop
      vertex 72.025 -70.3888 11
      vertex 68.07 -9.8534 11
      vertex 68.2062 -9.62613 11
    endloop
  endfacet
  facet normal 0 0 -1
    outer loop
      vertex 72.025 -70.3888 11
      vertex 67.5831 -73.344 11
      vertex 67.4253 -73.1312 11
    endloop
  endfacet
  facet normal 0 0 -1
    outer loop
      vertex 72.025 -70.3888 11
      vertex 67.9121 -10.0662 11
      vertex 68.07 -9.8534 11
    endloop
  endfacet
  facet normal 0 0 -1
    outer loop
      vertex 72.025 -70.3888 11
      vertex 67.4253 -73.1312 11
      vertex 67.2473 -72.9348 11
    endloop
  endfacet
  facet normal 0 -0 -1
    outer loop
      vertex 67.5379 -10.4405 11
      vertex 72.025 -70.3888 11
      vertex 59.325 -58.925 11
    endloop
  endfacet
  facet normal 0 0 -1
    outer loop
      vertex 72.025 -70.3888 11
      vertex 67.2473 -72.9348 11
      vertex 67.051 -72.7569 11
    endloop
  endfacet
  facet normal 0 0 -1
    outer loop
      vertex 72.025 -70.3888 11
      vertex 67.7342 -10.2626 11
      vertex 67.9121 -10.0662 11
    endloop
  endfacet
  facet normal 0 0 -1
    outer loop
      vertex 72.025 -70.3888 11
      vertex 67.051 -72.7569 11
      vertex 66.8382 -72.5991 11
    endloop
  endfacet
  facet normal 0 0 -1
    outer loop
      vertex 72.025 -70.3888 11
      vertex 67.5379 -10.4405 11
      vertex 67.7342 -10.2626 11
    endloop
  endfacet
  facet normal 0 0 -1
    outer loop
      vertex 72.025 -70.3888 11
      vertex 66.8382 -72.5991 11
      vertex 66.6109 -72.4628 11
    endloop
  endfacet
  facet normal 0 0 -1
    outer loop
      vertex 67.5379 -10.4405 11
      vertex 59.325 -58.925 11
      vertex 67.325 -10.5983 11
    endloop
  endfacet
  facet normal 0 0 -1
    outer loop
      vertex 66.3714 -72.3495 11
      vertex 72.025 -70.3888 11
      vertex 66.6109 -72.4628 11
    endloop
  endfacet
  facet normal 0 0 -1
    outer loop
      vertex 67.325 -10.5983 11
      vertex 59.325 -58.925 11
      vertex 67.0978 -10.7346 11
    endloop
  endfacet
  facet normal 0 0 -1
    outer loop
      vertex 66.1219 -72.2603 11
      vertex 72.025 -70.3888 11
      vertex 66.3714 -72.3495 11
    endloop
  endfacet
  facet normal 0 0 -1
    outer loop
      vertex 67.0978 -10.7346 11
      vertex 59.325 -58.925 11
      vertex 66.8582 -10.8478 11
    endloop
  endfacet
  facet normal 0 0 -1
    outer loop
      vertex 65.8649 -72.1959 11
      vertex 72.025 -70.3888 11
      vertex 66.1219 -72.2603 11
    endloop
  endfacet
  facet normal 0 0 -1
    outer loop
      vertex 66.8582 -10.8478 11
      vertex 59.325 -58.925 11
      vertex 66.6088 -10.9371 11
    endloop
  endfacet
  facet normal 0 0 -1
    outer loop
      vertex 65.6028 -72.157 11
      vertex 72.025 -70.3888 11
      vertex 65.8649 -72.1959 11
    endloop
  endfacet
  facet normal 0 0 -1
    outer loop
      vertex 66.6088 -10.9371 11
      vertex 59.325 -58.925 11
      vertex 66.3517 -11.0015 11
    endloop
  endfacet
  facet normal -0 0 -1
    outer loop
      vertex 72.025 -70.3888 11
      vertex 65.6028 -72.157 11
      vertex 59.325 -58.925 11
    endloop
  endfacet
  facet normal 0 0 -1
    outer loop
      vertex 66.3517 -11.0015 11
      vertex 59.325 -58.925 11
      vertex 66.0896 -11.0404 11
    endloop
  endfacet
  facet normal 0 0 -1
    outer loop
      vertex 59.325 -58.925 11
      vertex 65.6028 -72.157 11
      vertex 65.3382 -72.144 11
    endloop
  endfacet
  facet normal 0 0 -1
    outer loop
      vertex 66.0896 -11.0404 11
      vertex 59.325 -58.925 11
      vertex 65.825 -11.0534 11
    endloop
  endfacet
  facet normal 0 0 -1
    outer loop
      vertex 59.325 -58.925 11
      vertex 65.3382 -72.144 11
      vertex 65.0735 -72.157 11
    endloop
  endfacet
  facet normal -0 0 -1
    outer loop
      vertex 65.825 -11.0534 11
      vertex 59.325 -58.925 11
      vertex 65.5604 -11.0404 11
    endloop
  endfacet
  facet normal 0 0 -1
    outer loop
      vertex 59.325 -58.925 11
      vertex 65.0735 -72.157 11
      vertex 64.8114 -72.1959 11
    endloop
  endfacet
  facet normal -0 0 -1
    outer loop
      vertex 65.5604 -11.0404 11
      vertex 59.325 -58.925 11
      vertex 65.2983 -11.0015 11
    endloop
  endfacet
  facet normal 0 0 -1
    outer loop
      vertex 59.325 -58.925 11
      vertex 64.8114 -72.1959 11
      vertex 64.5544 -72.2603 11
    endloop
  endfacet
  facet normal -0 0 -1
    outer loop
      vertex 65.2983 -11.0015 11
      vertex 59.325 -58.925 11
      vertex 65.0412 -10.9371 11
    endloop
  endfacet
  facet normal 0 0 -1
    outer loop
      vertex 59.325 -58.925 11
      vertex 64.5544 -72.2603 11
      vertex 64.3049 -72.3495 11
    endloop
  endfacet
  facet normal -0 0 -1
    outer loop
      vertex 65.0412 -10.9371 11
      vertex 59.325 -58.925 11
      vertex 64.7918 -10.8478 11
    endloop
  endfacet
  facet normal 0 0 -1
    outer loop
      vertex 59.325 -58.925 11
      vertex 64.3049 -72.3495 11
      vertex 64.0654 -72.4628 11
    endloop
  endfacet
  facet normal -0 0 -1
    outer loop
      vertex 64.7918 -10.8478 11
      vertex 59.325 -58.925 11
      vertex 64.5522 -10.7346 11
    endloop
  endfacet
  facet normal 0 0 -1
    outer loop
      vertex 59.325 -58.925 11
      vertex 64.0654 -72.4628 11
      vertex 63.8381 -72.5991 11
    endloop
  endfacet
  facet normal -0 0 -1
    outer loop
      vertex 64.5522 -10.7346 11
      vertex 59.325 -58.925 11
      vertex 64.325 -10.5983 11
    endloop
  endfacet
  facet normal 0 0 -1
    outer loop
      vertex 59.325 -58.925 11
      vertex 63.8381 -72.5991 11
      vertex 63.6253 -72.7569 11
    endloop
  endfacet
  facet normal -0 0 -1
    outer loop
      vertex 64.325 -10.5983 11
      vertex 59.325 -58.925 11
      vertex 64.1121 -10.4405 11
    endloop
  endfacet
  facet normal 0 0 -1
    outer loop
      vertex 59.325 -58.925 11
      vertex 63.6253 -72.7569 11
      vertex 63.429 -72.9348 11
    endloop
  endfacet
  facet normal -0 0 -1
    outer loop
      vertex 64.1121 -10.4405 11
      vertex 59.325 -58.925 11
      vertex 63.9158 -10.2626 11
    endloop
  endfacet
  facet normal 0 0 -1
    outer loop
      vertex 59.325 -58.925 11
      vertex 63.429 -72.9348 11
      vertex 63.251 -73.1312 11
    endloop
  endfacet
  facet normal -0 0 -1
    outer loop
      vertex 63.9158 -10.2626 11
      vertex 59.325 -58.925 11
      vertex 63.7379 -10.0662 11
    endloop
  endfacet
  facet normal 0 0 -1
    outer loop
      vertex 59.325 -58.925 11
      vertex 63.251 -73.1312 11
      vertex 63.0932 -73.344 11
    endloop
  endfacet
  facet normal -0 0 -1
    outer loop
      vertex 63.7379 -10.0662 11
      vertex 59.325 -58.925 11
      vertex 63.58 -9.8534 11
    endloop
  endfacet
  facet normal 0 0 -1
    outer loop
      vertex 59.325 -58.925 11
      vertex 63.0932 -73.344 11
      vertex 62.957 -73.5713 11
    endloop
  endfacet
  facet normal -0 0 -1
    outer loop
      vertex 63.58 -9.8534 11
      vertex 59.325 -58.925 11
      vertex 63.4438 -9.62613 11
    endloop
  endfacet
  facet normal 0 0 -1
    outer loop
      vertex 59.325 -58.925 11
      vertex 62.957 -73.5713 11
      vertex 62.8437 -73.8108 11
    endloop
  endfacet
  facet normal -0 0 -1
    outer loop
      vertex 63.4438 -9.62613 11
      vertex 59.325 -58.925 11
      vertex 63.3305 -9.38661 11
    endloop
  endfacet
  facet normal 0 0 -1
    outer loop
      vertex 59.325 -58.925 11
      vertex 62.8437 -73.8108 11
      vertex 62.7544 -74.0603 11
    endloop
  endfacet
  facet normal -0 0 -1
    outer loop
      vertex 63.3305 -9.38661 11
      vertex 59.325 -58.925 11
      vertex 63.2413 -9.13713 11
    endloop
  endfacet
  facet normal 0 0 -1
    outer loop
      vertex 59.325 -58.925 11
      vertex 62.7544 -74.0603 11
      vertex 62.69 -74.3173 11
    endloop
  endfacet
  facet normal 0 0 -1
    outer loop
      vertex 63.58 -6.85332 11
      vertex 62.9149 43.0555 11
      vertex 63.1195 42.7796 11
    endloop
  endfacet
  facet normal -0 0 -1
    outer loop
      vertex 63.2413 -9.13713 11
      vertex 59.325 -58.925 11
      vertex 63.1769 -8.88011 11
    endloop
  endfacet
  facet normal 0 0 -1
    outer loop
      vertex 59.325 -58.925 11
      vertex 62.69 -74.3173 11
      vertex 62.6512 -74.5794 11
    endloop
  endfacet
  facet normal 0 0 -1
    outer loop
      vertex 63.4438 -7.08059 11
      vertex 62.7383 43.3501 11
      vertex 62.9149 43.0555 11
    endloop
  endfacet
  facet normal -0 0 -1
    outer loop
      vertex 63.1769 -8.88011 11
      vertex 59.325 -58.925 11
      vertex 63.138 -8.61801 11
    endloop
  endfacet
  facet normal 0 0 -1
    outer loop
      vertex 59.325 -58.925 11
      vertex 62.6512 -74.5794 11
      vertex 62.6382 -74.844 11
    endloop
  endfacet
  facet normal -0 0 -1
    outer loop
      vertex 63.138 -8.61801 11
      vertex 59.325 -58.925 11
      vertex 63.125 -8.35336 11
    endloop
  endfacet
  facet normal 0 0 -1
    outer loop
      vertex 63.3305 -7.32012 11
      vertex 62.5914 43.6606 11
      vertex 62.7383 43.3501 11
    endloop
  endfacet
  facet normal 0.0239874 -0.00172157 -0.999711
    outer loop
      vertex 71.8606 -75.2989 11
      vertex 72.283 -73.6525 11.0073
      vertex 72.1628 -75.3273 11.0073
    endloop
  endfacet
  facet normal 0.0239944 -0.00172337 -0.999711
    outer loop
      vertex 71.9839 -73.5822 11
      vertex 72.283 -73.6525 11.0073
      vertex 71.8606 -75.2989 11
    endloop
  endfacet
  facet normal 0.0119443 0.0180206 -0.999766
    outer loop
      vertex 68.6493 79.7982 11
      vertex 68.0784 80.5816 11.0073
      vertex 68.875 80.0536 11.0073
    endloop
  endfacet
  facet normal 0.0119448 0.0180209 -0.999766
    outer loop
      vertex 68.0784 80.5816 11.0073
      vertex 68.6493 79.7982 11
      vertex 67.8328 80.3394 11
    endloop
  endfacet
  facet normal 0.022427 -0.00545082 -0.999734
    outer loop
      vertex 71.3667 -77.87 11
      vertex 71.9469 -76.8217 11.0073
      vertex 71.6655 -77.9795 11.0073
    endloop
  endfacet
  facet normal 0.0224195 -0.00544664 -0.999734
    outer loop
      vertex 71.9469 -76.8217 11.0073
      vertex 71.3667 -77.87 11
      vertex 71.655 -76.6833 11
    endloop
  endfacet
  facet normal 0.0140891 0.01613 -0.999771
    outer loop
      vertex 68.6493 79.7982 11
      vertex 69.5774 79.44 11.0073
      vertex 69.3693 79.1693 11
    endloop
  endfacet
  facet normal 0.0140878 0.0161265 -0.999771
    outer loop
      vertex 69.5774 79.44 11.0073
      vertex 68.6493 79.7982 11
      vertex 68.875 80.0536 11.0073
    endloop
  endfacet
  facet normal 0.0140677 0.0161464 -0.999771
    outer loop
      vertex 69.6108 79.4109 11.0073
      vertex 69.3693 79.1693 11
      vertex 69.5774 79.44 11.0073
    endloop
  endfacet
  facet normal 0.989182 0.146696 0
    outer loop
      vertex 35.2615 -77.629 11
      vertex 35.2327 -77.4348 8
      vertex 35.2327 -77.4348 11
    endloop
  endfacet
  facet normal 0.989182 0.146696 0
    outer loop
      vertex 35.2327 -77.4348 8
      vertex 35.2615 -77.629 11
      vertex 35.2615 -77.629 8
    endloop
  endfacet
  facet normal 0.998803 0.0489209 0
    outer loop
      vertex 35.2711 -77.825 11
      vertex 35.2615 -77.629 8
      vertex 35.2615 -77.629 11
    endloop
  endfacet
  facet normal 0.998803 0.0489209 0
    outer loop
      vertex 35.2615 -77.629 8
      vertex 35.2711 -77.825 11
      vertex 35.2711 -77.825 8
    endloop
  endfacet
  facet normal 0.970023 0.243015 0
    outer loop
      vertex 35.2327 -77.4348 11
      vertex 35.185 -77.2444 8
      vertex 35.185 -77.2444 11
    endloop
  endfacet
  facet normal 0.970023 0.243015 0
    outer loop
      vertex 35.185 -77.2444 8
      vertex 35.2327 -77.4348 11
      vertex 35.2327 -77.4348 8
    endloop
  endfacet
  facet normal -0.94158 -0.336788 0
    outer loop
      vertex 31.4233 -78.5904 8
      vertex 31.3572 -78.4056 11
      vertex 31.3572 -78.4056 8
    endloop
  endfacet
  facet normal -0.94158 -0.336788 0
    outer loop
      vertex 31.3572 -78.4056 11
      vertex 31.4233 -78.5904 8
      vertex 31.4233 -78.5904 11
    endloop
  endfacet
  facet normal 0.243015 0.970023 -0
    outer loop
      vertex 33.8517 -75.9111 8
      vertex 33.6613 -75.8634 11
      vertex 33.8517 -75.9111 11
    endloop
  endfacet
  facet normal 0.243015 0.970023 0
    outer loop
      vertex 33.6613 -75.8634 11
      vertex 33.8517 -75.9111 8
      vertex 33.6613 -75.8634 8
    endloop
  endfacet
  facet normal -0.9038 -0.427955 0
    outer loop
      vertex 31.5073 -78.7678 8
      vertex 31.4233 -78.5904 11
      vertex 31.4233 -78.5904 8
    endloop
  endfacet
  facet normal -0.9038 -0.427955 0
    outer loop
      vertex 31.4233 -78.5904 11
      vertex 31.5073 -78.7678 8
      vertex 31.5073 -78.7678 11
    endloop
  endfacet
  facet normal 0.427955 -0.9038 0
    outer loop
      vertex 34.0365 -79.6728 8
      vertex 34.2139 -79.5888 11
      vertex 34.0365 -79.6728 11
    endloop
  endfacet
  facet normal 0.427955 -0.9038 0
    outer loop
      vertex 34.2139 -79.5888 11
      vertex 34.0365 -79.6728 8
      vertex 34.2139 -79.5888 8
    endloop
  endfacet
  facet normal -0.336788 0.94158 0
    outer loop
      vertex 32.6905 -75.9111 8
      vertex 32.5057 -75.9772 11
      vertex 32.6905 -75.9111 11
    endloop
  endfacet
  facet normal -0.336788 0.94158 0
    outer loop
      vertex 32.5057 -75.9772 11
      vertex 32.6905 -75.9111 8
      vertex 32.5057 -75.9772 8
    endloop
  endfacet
  facet normal -0.857673 -0.514196 0
    outer loop
      vertex 31.6082 -78.9361 8
      vertex 31.5073 -78.7678 11
      vertex 31.5073 -78.7678 8
    endloop
  endfacet
  facet normal -0.857673 -0.514196 0
    outer loop
      vertex 31.5073 -78.7678 11
      vertex 31.6082 -78.9361 8
      vertex 31.6082 -78.9361 11
    endloop
  endfacet
  facet normal -0.595508 0.80335 0
    outer loop
      vertex 32.16 -76.1621 8
      vertex 32.0023 -76.279 11
      vertex 32.16 -76.1621 11
    endloop
  endfacet
  facet normal -0.595508 0.80335 0
    outer loop
      vertex 32.0023 -76.279 11
      vertex 32.16 -76.1621 8
      vertex 32.0023 -76.279 8
    endloop
  endfacet
  facet normal 0.94158 0.336788 0
    outer loop
      vertex 35.185 -77.2444 11
      vertex 35.1189 -77.0596 8
      vertex 35.1189 -77.0596 11
    endloop
  endfacet
  facet normal 0.94158 0.336788 0
    outer loop
      vertex 35.1189 -77.0596 8
      vertex 35.185 -77.2444 11
      vertex 35.185 -77.2444 8
    endloop
  endfacet
  facet normal -0.427955 -0.9038 0
    outer loop
      vertex 32.3283 -79.5888 8
      vertex 32.5057 -79.6728 11
      vertex 32.3283 -79.5888 11
    endloop
  endfacet
  facet normal -0.427955 -0.9038 -0
    outer loop
      vertex 32.5057 -79.6728 11
      vertex 32.3283 -79.5888 8
      vertex 32.5057 -79.6728 8
    endloop
  endfacet
  facet normal 0.0489209 0.998803 -0
    outer loop
      vertex 33.4671 -75.8346 8
      vertex 33.2711 -75.825 11
      vertex 33.4671 -75.8346 11
    endloop
  endfacet
  facet normal 0.0489209 0.998803 0
    outer loop
      vertex 33.2711 -75.825 11
      vertex 33.4671 -75.8346 8
      vertex 33.2711 -75.825 8
    endloop
  endfacet
  facet normal 0.514196 -0.857673 0
    outer loop
      vertex 34.2139 -79.5888 8
      vertex 34.3822 -79.4879 11
      vertex 34.2139 -79.5888 11
    endloop
  endfacet
  facet normal 0.514196 -0.857673 0
    outer loop
      vertex 34.3822 -79.4879 11
      vertex 34.2139 -79.5888 8
      vertex 34.3822 -79.4879 8
    endloop
  endfacet
  facet normal -0.146696 0.989182 0
    outer loop
      vertex 33.0751 -75.8346 8
      vertex 32.8809 -75.8634 11
      vertex 33.0751 -75.8346 11
    endloop
  endfacet
  facet normal -0.146696 0.989182 0
    outer loop
      vertex 32.8809 -75.8634 11
      vertex 33.0751 -75.8346 8
      vertex 32.8809 -75.8634 8
    endloop
  endfacet
  facet normal 0.9038 0.427955 0
    outer loop
      vertex 35.1189 -77.0596 11
      vertex 35.0349 -76.8822 8
      vertex 35.0349 -76.8822 11
    endloop
  endfacet
  facet normal 0.9038 0.427955 0
    outer loop
      vertex 35.0349 -76.8822 8
      vertex 35.1189 -77.0596 11
      vertex 35.1189 -77.0596 8
    endloop
  endfacet
  facet normal 0.970023 -0.243015 0
    outer loop
      vertex 35.185 -78.4056 11
      vertex 35.2327 -78.2152 8
      vertex 35.2327 -78.2152 11
    endloop
  endfacet
  facet normal 0.970023 -0.243015 0
    outer loop
      vertex 35.2327 -78.2152 8
      vertex 35.185 -78.4056 11
      vertex 35.185 -78.4056 8
    endloop
  endfacet
  facet normal -0.0489209 0.998803 0
    outer loop
      vertex 33.2711 -75.825 8
      vertex 33.0751 -75.8346 11
      vertex 33.2711 -75.825 11
    endloop
  endfacet
  facet normal -0.0489209 0.998803 0
    outer loop
      vertex 33.0751 -75.8346 11
      vertex 33.2711 -75.825 8
      vertex 33.0751 -75.8346 8
    endloop
  endfacet
  facet normal 0.595508 0.80335 -0
    outer loop
      vertex 34.5399 -76.279 8
      vertex 34.3822 -76.1621 11
      vertex 34.5399 -76.279 11
    endloop
  endfacet
  facet normal 0.595508 0.80335 0
    outer loop
      vertex 34.3822 -76.1621 11
      vertex 34.5399 -76.279 8
      vertex 34.3822 -76.1621 8
    endloop
  endfacet
  facet normal 0.336788 -0.94158 0
    outer loop
      vertex 33.8517 -79.7389 8
      vertex 34.0365 -79.6728 11
      vertex 33.8517 -79.7389 11
    endloop
  endfacet
  facet normal 0.336788 -0.94158 0
    outer loop
      vertex 34.0365 -79.6728 11
      vertex 33.8517 -79.7389 8
      vertex 34.0365 -79.6728 8
    endloop
  endfacet
  facet normal 0.989182 -0.146696 0
    outer loop
      vertex 35.2327 -78.2152 11
      vertex 35.2615 -78.021 8
      vertex 35.2615 -78.021 11
    endloop
  endfacet
  facet normal 0.989182 -0.146696 0
    outer loop
      vertex 35.2615 -78.021 8
      vertex 35.2327 -78.2152 11
      vertex 35.2327 -78.2152 8
    endloop
  endfacet
  facet normal -0.243015 -0.970023 0
    outer loop
      vertex 32.6905 -79.7389 8
      vertex 32.8809 -79.7866 11
      vertex 32.6905 -79.7389 11
    endloop
  endfacet
  facet normal -0.243015 -0.970023 -0
    outer loop
      vertex 32.8809 -79.7866 11
      vertex 32.6905 -79.7389 8
      vertex 32.8809 -79.7866 8
    endloop
  endfacet
  facet normal -0.671607 -0.740908 0
    outer loop
      vertex 31.8569 -79.2392 8
      vertex 32.0023 -79.371 11
      vertex 31.8569 -79.2392 11
    endloop
  endfacet
  facet normal -0.671607 -0.740908 -0
    outer loop
      vertex 32.0023 -79.371 11
      vertex 31.8569 -79.2392 8
      vertex 32.0023 -79.371 8
    endloop
  endfacet
  facet normal -0.970023 -0.243015 0
    outer loop
      vertex 31.3572 -78.4056 8
      vertex 31.3095 -78.2152 11
      vertex 31.3095 -78.2152 8
    endloop
  endfacet
  facet normal -0.970023 -0.243015 0
    outer loop
      vertex 31.3095 -78.2152 11
      vertex 31.3572 -78.4056 8
      vertex 31.3572 -78.4056 11
    endloop
  endfacet
  facet normal 0.80335 0.595508 0
    outer loop
      vertex 34.934 -76.7139 11
      vertex 34.8171 -76.5562 8
      vertex 34.8171 -76.5562 11
    endloop
  endfacet
  facet normal 0.80335 0.595508 0
    outer loop
      vertex 34.8171 -76.5562 8
      vertex 34.934 -76.7139 11
      vertex 34.934 -76.7139 8
    endloop
  endfacet
  facet normal -0.9038 0.427955 0
    outer loop
      vertex 31.4233 -77.0596 8
      vertex 31.5073 -76.8822 11
      vertex 31.5073 -76.8822 8
    endloop
  endfacet
  facet normal -0.9038 0.427955 0
    outer loop
      vertex 31.5073 -76.8822 11
      vertex 31.4233 -77.0596 8
      vertex 31.4233 -77.0596 11
    endloop
  endfacet
  facet normal 0.514196 0.857673 -0
    outer loop
      vertex 34.3822 -76.1621 8
      vertex 34.2139 -76.0612 11
      vertex 34.3822 -76.1621 11
    endloop
  endfacet
  facet normal 0.514196 0.857673 0
    outer loop
      vertex 34.2139 -76.0612 11
      vertex 34.3822 -76.1621 8
      vertex 34.2139 -76.0612 8
    endloop
  endfacet
  facet normal 0.146696 0.989182 -0
    outer loop
      vertex 33.6613 -75.8634 8
      vertex 33.4671 -75.8346 11
      vertex 33.6613 -75.8634 11
    endloop
  endfacet
  facet normal 0.146696 0.989182 0
    outer loop
      vertex 33.4671 -75.8346 11
      vertex 33.6613 -75.8634 8
      vertex 33.4671 -75.8346 8
    endloop
  endfacet
  facet normal -0.146696 -0.989182 0
    outer loop
      vertex 32.8809 -79.7866 8
      vertex 33.0751 -79.8154 11
      vertex 32.8809 -79.7866 11
    endloop
  endfacet
  facet normal -0.146696 -0.989182 -0
    outer loop
      vertex 33.0751 -79.8154 11
      vertex 32.8809 -79.7866 8
      vertex 33.0751 -79.8154 8
    endloop
  endfacet
  facet normal 0.998803 -0.0489209 0
    outer loop
      vertex 35.2615 -78.021 11
      vertex 35.2711 -77.825 8
      vertex 35.2711 -77.825 11
    endloop
  endfacet
  facet normal 0.998803 -0.0489209 0
    outer loop
      vertex 35.2711 -77.825 8
      vertex 35.2615 -78.021 11
      vertex 35.2615 -78.021 8
    endloop
  endfacet
  facet normal -0.740908 -0.671607 0
    outer loop
      vertex 31.8569 -79.2392 8
      vertex 31.7251 -79.0938 11
      vertex 31.7251 -79.0938 8
    endloop
  endfacet
  facet normal -0.740908 -0.671607 0
    outer loop
      vertex 31.7251 -79.0938 11
      vertex 31.8569 -79.2392 8
      vertex 31.8569 -79.2392 11
    endloop
  endfacet
  facet normal 0.9038 -0.427955 0
    outer loop
      vertex 35.0349 -78.7678 11
      vertex 35.1189 -78.5904 8
      vertex 35.1189 -78.5904 11
    endloop
  endfacet
  facet normal 0.9038 -0.427955 0
    outer loop
      vertex 35.1189 -78.5904 8
      vertex 35.0349 -78.7678 11
      vertex 35.0349 -78.7678 8
    endloop
  endfacet
  facet normal -0.514196 -0.857673 0
    outer loop
      vertex 32.16 -79.4879 8
      vertex 32.3283 -79.5888 11
      vertex 32.16 -79.4879 11
    endloop
  endfacet
  facet normal -0.514196 -0.857673 -0
    outer loop
      vertex 32.3283 -79.5888 11
      vertex 32.16 -79.4879 8
      vertex 32.3283 -79.5888 8
    endloop
  endfacet
  facet normal -0.998803 -0.0489209 0
    outer loop
      vertex 31.2807 -78.021 8
      vertex 31.2711 -77.825 11
      vertex 31.2711 -77.825 8
    endloop
  endfacet
  facet normal -0.998803 -0.0489209 0
    outer loop
      vertex 31.2711 -77.825 11
      vertex 31.2807 -78.021 8
      vertex 31.2807 -78.021 11
    endloop
  endfacet
  facet normal -0.94158 0.336788 0
    outer loop
      vertex 31.3572 -77.2444 8
      vertex 31.4233 -77.0596 11
      vertex 31.4233 -77.0596 8
    endloop
  endfacet
  facet normal -0.94158 0.336788 0
    outer loop
      vertex 31.4233 -77.0596 11
      vertex 31.3572 -77.2444 8
      vertex 31.3572 -77.2444 11
    endloop
  endfacet
  facet normal 0.0489209 -0.998803 0
    outer loop
      vertex 33.2711 -79.825 8
      vertex 33.4671 -79.8154 11
      vertex 33.2711 -79.825 11
    endloop
  endfacet
  facet normal 0.0489209 -0.998803 0
    outer loop
      vertex 33.4671 -79.8154 11
      vertex 33.2711 -79.825 8
      vertex 33.4671 -79.8154 8
    endloop
  endfacet
  facet normal 0.671607 -0.740908 0
    outer loop
      vertex 34.5399 -79.371 8
      vertex 34.6853 -79.2392 11
      vertex 34.5399 -79.371 11
    endloop
  endfacet
  facet normal 0.671607 -0.740908 0
    outer loop
      vertex 34.6853 -79.2392 11
      vertex 34.5399 -79.371 8
      vertex 34.6853 -79.2392 8
    endloop
  endfacet
  facet normal -0.514196 0.857673 0
    outer loop
      vertex 32.3283 -76.0612 8
      vertex 32.16 -76.1621 11
      vertex 32.3283 -76.0612 11
    endloop
  endfacet
  facet normal -0.514196 0.857673 0
    outer loop
      vertex 32.16 -76.1621 11
      vertex 32.3283 -76.0612 8
      vertex 32.16 -76.1621 8
    endloop
  endfacet
  facet normal -0.595508 -0.80335 0
    outer loop
      vertex 32.0023 -79.371 8
      vertex 32.16 -79.4879 11
      vertex 32.0023 -79.371 11
    endloop
  endfacet
  facet normal -0.595508 -0.80335 -0
    outer loop
      vertex 32.16 -79.4879 11
      vertex 32.0023 -79.371 8
      vertex 32.16 -79.4879 8
    endloop
  endfacet
  facet normal -0.740908 0.671607 0
    outer loop
      vertex 31.7251 -76.5562 8
      vertex 31.8569 -76.4108 11
      vertex 31.8569 -76.4108 8
    endloop
  endfacet
  facet normal -0.740908 0.671607 0
    outer loop
      vertex 31.8569 -76.4108 11
      vertex 31.7251 -76.5562 8
      vertex 31.7251 -76.5562 11
    endloop
  endfacet
  facet normal 0.740908 0.671607 0
    outer loop
      vertex 34.8171 -76.5562 11
      vertex 34.6853 -76.4108 8
      vertex 34.6853 -76.4108 11
    endloop
  endfacet
  facet normal 0.740908 0.671607 0
    outer loop
      vertex 34.6853 -76.4108 8
      vertex 34.8171 -76.5562 11
      vertex 34.8171 -76.5562 8
    endloop
  endfacet
  facet normal 0.336788 0.94158 -0
    outer loop
      vertex 34.0365 -75.9772 8
      vertex 33.8517 -75.9111 11
      vertex 34.0365 -75.9772 11
    endloop
  endfacet
  facet normal 0.336788 0.94158 0
    outer loop
      vertex 33.8517 -75.9111 11
      vertex 34.0365 -75.9772 8
      vertex 33.8517 -75.9111 8
    endloop
  endfacet
  facet normal 0.146696 -0.989182 0
    outer loop
      vertex 33.4671 -79.8154 8
      vertex 33.6613 -79.7866 11
      vertex 33.4671 -79.8154 11
    endloop
  endfacet
  facet normal 0.146696 -0.989182 0
    outer loop
      vertex 33.6613 -79.7866 11
      vertex 33.4671 -79.8154 8
      vertex 33.6613 -79.7866 8
    endloop
  endfacet
  facet normal 0.80335 -0.595508 0
    outer loop
      vertex 34.8171 -79.0938 11
      vertex 34.934 -78.9361 8
      vertex 34.934 -78.9361 11
    endloop
  endfacet
  facet normal 0.80335 -0.595508 0
    outer loop
      vertex 34.934 -78.9361 8
      vertex 34.8171 -79.0938 11
      vertex 34.8171 -79.0938 8
    endloop
  endfacet
  facet normal 0.857673 -0.514196 0
    outer loop
      vertex 34.934 -78.9361 11
      vertex 35.0349 -78.7678 8
      vertex 35.0349 -78.7678 11
    endloop
  endfacet
  facet normal 0.857673 -0.514196 0
    outer loop
      vertex 35.0349 -78.7678 8
      vertex 34.934 -78.9361 11
      vertex 34.934 -78.9361 8
    endloop
  endfacet
  facet normal 0.94158 -0.336788 0
    outer loop
      vertex 35.1189 -78.5904 11
      vertex 35.185 -78.4056 8
      vertex 35.185 -78.4056 11
    endloop
  endfacet
  facet normal 0.94158 -0.336788 0
    outer loop
      vertex 35.185 -78.4056 8
      vertex 35.1189 -78.5904 11
      vertex 35.1189 -78.5904 8
    endloop
  endfacet
  facet normal 0.427955 0.9038 -0
    outer loop
      vertex 34.2139 -76.0612 8
      vertex 34.0365 -75.9772 11
      vertex 34.2139 -76.0612 11
    endloop
  endfacet
  facet normal 0.427955 0.9038 0
    outer loop
      vertex 34.0365 -75.9772 11
      vertex 34.2139 -76.0612 8
      vertex 34.0365 -75.9772 8
    endloop
  endfacet
  facet normal 0.857673 0.514196 0
    outer loop
      vertex 35.0349 -76.8822 11
      vertex 34.934 -76.7139 8
      vertex 34.934 -76.7139 11
    endloop
  endfacet
  facet normal 0.857673 0.514196 0
    outer loop
      vertex 34.934 -76.7139 8
      vertex 35.0349 -76.8822 11
      vertex 35.0349 -76.8822 8
    endloop
  endfacet
  facet normal -0.857673 0.514196 0
    outer loop
      vertex 31.5073 -76.8822 8
      vertex 31.6082 -76.7139 11
      vertex 31.6082 -76.7139 8
    endloop
  endfacet
  facet normal -0.857673 0.514196 0
    outer loop
      vertex 31.6082 -76.7139 11
      vertex 31.5073 -76.8822 8
      vertex 31.5073 -76.8822 11
    endloop
  endfacet
  facet normal -0.427955 0.9038 0
    outer loop
      vertex 32.5057 -75.9772 8
      vertex 32.3283 -76.0612 11
      vertex 32.5057 -75.9772 11
    endloop
  endfacet
  facet normal -0.427955 0.9038 0
    outer loop
      vertex 32.3283 -76.0612 11
      vertex 32.5057 -75.9772 8
      vertex 32.3283 -76.0612 8
    endloop
  endfacet
  facet normal -0.671607 0.740908 0
    outer loop
      vertex 32.0023 -76.279 8
      vertex 31.8569 -76.4108 11
      vertex 32.0023 -76.279 11
    endloop
  endfacet
  facet normal -0.671607 0.740908 0
    outer loop
      vertex 31.8569 -76.4108 11
      vertex 32.0023 -76.279 8
      vertex 31.8569 -76.4108 8
    endloop
  endfacet
  facet normal 0.671607 0.740908 -0
    outer loop
      vertex 34.6853 -76.4108 8
      vertex 34.5399 -76.279 11
      vertex 34.6853 -76.4108 11
    endloop
  endfacet
  facet normal 0.671607 0.740908 0
    outer loop
      vertex 34.5399 -76.279 11
      vertex 34.6853 -76.4108 8
      vertex 34.5399 -76.279 8
    endloop
  endfacet
  facet normal 0.243015 -0.970023 0
    outer loop
      vertex 33.6613 -79.7866 8
      vertex 33.8517 -79.7389 11
      vertex 33.6613 -79.7866 11
    endloop
  endfacet
  facet normal 0.243015 -0.970023 0
    outer loop
      vertex 33.8517 -79.7389 11
      vertex 33.6613 -79.7866 8
      vertex 33.8517 -79.7389 8
    endloop
  endfacet
  facet normal -0.243015 0.970023 0
    outer loop
      vertex 32.8809 -75.8634 8
      vertex 32.6905 -75.9111 11
      vertex 32.8809 -75.8634 11
    endloop
  endfacet
  facet normal -0.243015 0.970023 0
    outer loop
      vertex 32.6905 -75.9111 11
      vertex 32.8809 -75.8634 8
      vertex 32.6905 -75.9111 8
    endloop
  endfacet
  facet normal 0.740908 -0.671607 0
    outer loop
      vertex 34.6853 -79.2392 11
      vertex 34.8171 -79.0938 8
      vertex 34.8171 -79.0938 11
    endloop
  endfacet
  facet normal 0.740908 -0.671607 0
    outer loop
      vertex 34.8171 -79.0938 8
      vertex 34.6853 -79.2392 11
      vertex 34.6853 -79.2392 8
    endloop
  endfacet
  facet normal 0.595508 -0.80335 0
    outer loop
      vertex 34.3822 -79.4879 8
      vertex 34.5399 -79.371 11
      vertex 34.3822 -79.4879 11
    endloop
  endfacet
  facet normal 0.595508 -0.80335 0
    outer loop
      vertex 34.5399 -79.371 11
      vertex 34.3822 -79.4879 8
      vertex 34.5399 -79.371 8
    endloop
  endfacet
  facet normal -0.970023 0.243015 0
    outer loop
      vertex 31.3095 -77.4348 8
      vertex 31.3572 -77.2444 11
      vertex 31.3572 -77.2444 8
    endloop
  endfacet
  facet normal -0.970023 0.243015 0
    outer loop
      vertex 31.3572 -77.2444 11
      vertex 31.3095 -77.4348 8
      vertex 31.3095 -77.4348 11
    endloop
  endfacet
  facet normal -0.80335 -0.595508 0
    outer loop
      vertex 31.7251 -79.0938 8
      vertex 31.6082 -78.9361 11
      vertex 31.6082 -78.9361 8
    endloop
  endfacet
  facet normal -0.80335 -0.595508 0
    outer loop
      vertex 31.6082 -78.9361 11
      vertex 31.7251 -79.0938 8
      vertex 31.7251 -79.0938 11
    endloop
  endfacet
  facet normal -0.989182 -0.146696 0
    outer loop
      vertex 31.3095 -78.2152 8
      vertex 31.2807 -78.021 11
      vertex 31.2807 -78.021 8
    endloop
  endfacet
  facet normal -0.989182 -0.146696 0
    outer loop
      vertex 31.2807 -78.021 11
      vertex 31.3095 -78.2152 8
      vertex 31.3095 -78.2152 11
    endloop
  endfacet
  facet normal -0.80335 0.595508 0
    outer loop
      vertex 31.6082 -76.7139 8
      vertex 31.7251 -76.5562 11
      vertex 31.7251 -76.5562 8
    endloop
  endfacet
  facet normal -0.80335 0.595508 0
    outer loop
      vertex 31.7251 -76.5562 11
      vertex 31.6082 -76.7139 8
      vertex 31.6082 -76.7139 11
    endloop
  endfacet
  facet normal -0.0489209 -0.998803 0
    outer loop
      vertex 33.0751 -79.8154 8
      vertex 33.2711 -79.825 11
      vertex 33.0751 -79.8154 11
    endloop
  endfacet
  facet normal -0.0489209 -0.998803 -0
    outer loop
      vertex 33.2711 -79.825 11
      vertex 33.0751 -79.8154 8
      vertex 33.2711 -79.825 8
    endloop
  endfacet
  facet normal -0.989182 0.146696 0
    outer loop
      vertex 31.2807 -77.629 8
      vertex 31.3095 -77.4348 11
      vertex 31.3095 -77.4348 8
    endloop
  endfacet
  facet normal -0.989182 0.146696 0
    outer loop
      vertex 31.3095 -77.4348 11
      vertex 31.2807 -77.629 8
      vertex 31.2807 -77.629 11
    endloop
  endfacet
  facet normal -0.998803 0.0489209 0
    outer loop
      vertex 31.2711 -77.825 8
      vertex 31.2807 -77.629 11
      vertex 31.2807 -77.629 8
    endloop
  endfacet
  facet normal -0.998803 0.0489209 0
    outer loop
      vertex 31.2807 -77.629 11
      vertex 31.2711 -77.825 8
      vertex 31.2711 -77.825 11
    endloop
  endfacet
  facet normal -0.336788 -0.94158 0
    outer loop
      vertex 32.5057 -79.6728 8
      vertex 32.6905 -79.7389 11
      vertex 32.5057 -79.6728 11
    endloop
  endfacet
  facet normal -0.336788 -0.94158 -0
    outer loop
      vertex 32.6905 -79.7389 11
      vertex 32.5057 -79.6728 8
      vertex 32.6905 -79.7389 8
    endloop
  endfacet
  facet normal 0 0 -1
    outer loop
      vertex 35.2615 -78.021 8
      vertex 35.2615 -77.629 8
      vertex 35.2711 -77.825 8
    endloop
  endfacet
  facet normal 0 0 -1
    outer loop
      vertex 35.2327 -78.2152 8
      vertex 35.2615 -77.629 8
      vertex 35.2615 -78.021 8
    endloop
  endfacet
  facet normal 0 0 -1
    outer loop
      vertex 35.2327 -78.2152 8
      vertex 35.2327 -77.4348 8
      vertex 35.2615 -77.629 8
    endloop
  endfacet
  facet normal 0 0 -1
    outer loop
      vertex 35.185 -78.4056 8
      vertex 35.2327 -77.4348 8
      vertex 35.2327 -78.2152 8
    endloop
  endfacet
  facet normal 0 0 -1
    outer loop
      vertex 35.185 -78.4056 8
      vertex 35.185 -77.2444 8
      vertex 35.2327 -77.4348 8
    endloop
  endfacet
  facet normal 0 0 -1
    outer loop
      vertex 35.1189 -78.5904 8
      vertex 35.185 -77.2444 8
      vertex 35.185 -78.4056 8
    endloop
  endfacet
  facet normal 0 0 -1
    outer loop
      vertex 35.1189 -78.5904 8
      vertex 35.1189 -77.0596 8
      vertex 35.185 -77.2444 8
    endloop
  endfacet
  facet normal 0 0 -1
    outer loop
      vertex 35.0349 -78.7678 8
      vertex 35.1189 -77.0596 8
      vertex 35.1189 -78.5904 8
    endloop
  endfacet
  facet normal 0 0 -1
    outer loop
      vertex 35.0349 -78.7678 8
      vertex 35.0349 -76.8822 8
      vertex 35.1189 -77.0596 8
    endloop
  endfacet
  facet normal 0 0 -1
    outer loop
      vertex 34.934 -78.9361 8
      vertex 35.0349 -76.8822 8
      vertex 35.0349 -78.7678 8
    endloop
  endfacet
  facet normal 0 0 -1
    outer loop
      vertex 34.934 -78.9361 8
      vertex 34.934 -76.7139 8
      vertex 35.0349 -76.8822 8
    endloop
  endfacet
  facet normal 0 0 -1
    outer loop
      vertex 34.8171 -79.0938 8
      vertex 34.934 -76.7139 8
      vertex 34.934 -78.9361 8
    endloop
  endfacet
  facet normal 0 0 -1
    outer loop
      vertex 34.8171 -79.0938 8
      vertex 34.8171 -76.5562 8
      vertex 34.934 -76.7139 8
    endloop
  endfacet
  facet normal 0 0 -1
    outer loop
      vertex 34.6853 -79.2392 8
      vertex 34.8171 -76.5562 8
      vertex 34.8171 -79.0938 8
    endloop
  endfacet
  facet normal 0 0 -1
    outer loop
      vertex 34.6853 -79.2392 8
      vertex 34.6853 -76.4108 8
      vertex 34.8171 -76.5562 8
    endloop
  endfacet
  facet normal 0 0 -1
    outer loop
      vertex 34.5399 -79.371 8
      vertex 34.6853 -76.4108 8
      vertex 34.6853 -79.2392 8
    endloop
  endfacet
  facet normal 0 0 -1
    outer loop
      vertex 34.5399 -79.371 8
      vertex 34.5399 -76.279 8
      vertex 34.6853 -76.4108 8
    endloop
  endfacet
  facet normal 0 0 -1
    outer loop
      vertex 34.3822 -79.4879 8
      vertex 34.5399 -76.279 8
      vertex 34.5399 -79.371 8
    endloop
  endfacet
  facet normal 0 0 -1
    outer loop
      vertex 34.3822 -79.4879 8
      vertex 34.3822 -76.1621 8
      vertex 34.5399 -76.279 8
    endloop
  endfacet
  facet normal 0 0 -1
    outer loop
      vertex 34.2139 -79.5888 8
      vertex 34.3822 -76.1621 8
      vertex 34.3822 -79.4879 8
    endloop
  endfacet
  facet normal 0 0 -1
    outer loop
      vertex 34.2139 -79.5888 8
      vertex 34.2139 -76.0612 8
      vertex 34.3822 -76.1621 8
    endloop
  endfacet
  facet normal 0 0 -1
    outer loop
      vertex 34.0365 -79.6728 8
      vertex 34.2139 -76.0612 8
      vertex 34.2139 -79.5888 8
    endloop
  endfacet
  facet normal 0 0 -1
    outer loop
      vertex 34.0365 -79.6728 8
      vertex 34.0365 -75.9772 8
      vertex 34.2139 -76.0612 8
    endloop
  endfacet
  facet normal 0 0 -1
    outer loop
      vertex 33.8517 -79.7389 8
      vertex 34.0365 -75.9772 8
      vertex 34.0365 -79.6728 8
    endloop
  endfacet
  facet normal 0 0 -1
    outer loop
      vertex 33.8517 -79.7389 8
      vertex 33.8517 -75.9111 8
      vertex 34.0365 -75.9772 8
    endloop
  endfacet
  facet normal 0 0 -1
    outer loop
      vertex 33.6613 -79.7866 8
      vertex 33.8517 -75.9111 8
      vertex 33.8517 -79.7389 8
    endloop
  endfacet
  facet normal 0 0 -1
    outer loop
      vertex 33.6613 -79.7866 8
      vertex 33.6613 -75.8634 8
      vertex 33.8517 -75.9111 8
    endloop
  endfacet
  facet normal 0 0 -1
    outer loop
      vertex 33.4671 -79.8154 8
      vertex 33.6613 -75.8634 8
      vertex 33.6613 -79.7866 8
    endloop
  endfacet
  facet normal 0 0 -1
    outer loop
      vertex 33.4671 -79.8154 8
      vertex 33.4671 -75.8346 8
      vertex 33.6613 -75.8634 8
    endloop
  endfacet
  facet normal 0 0 -1
    outer loop
      vertex 33.2711 -79.825 8
      vertex 33.4671 -75.8346 8
      vertex 33.4671 -79.8154 8
    endloop
  endfacet
  facet normal 0 0 -1
    outer loop
      vertex 33.2711 -79.825 8
      vertex 33.2711 -75.825 8
      vertex 33.4671 -75.8346 8
    endloop
  endfacet
  facet normal 0 0 -1
    outer loop
      vertex 33.0751 -79.8154 8
      vertex 33.2711 -75.825 8
      vertex 33.2711 -79.825 8
    endloop
  endfacet
  facet normal 0 0 -1
    outer loop
      vertex 33.0751 -79.8154 8
      vertex 33.0751 -75.8346 8
      vertex 33.2711 -75.825 8
    endloop
  endfacet
  facet normal 0 0 -1
    outer loop
      vertex 32.8809 -79.7866 8
      vertex 33.0751 -75.8346 8
      vertex 33.0751 -79.8154 8
    endloop
  endfacet
  facet normal 0 0 -1
    outer loop
      vertex 32.8809 -79.7866 8
      vertex 32.8809 -75.8634 8
      vertex 33.0751 -75.8346 8
    endloop
  endfacet
  facet normal 0 0 -1
    outer loop
      vertex 32.6905 -79.7389 8
      vertex 32.8809 -75.8634 8
      vertex 32.8809 -79.7866 8
    endloop
  endfacet
  facet normal 0 0 -1
    outer loop
      vertex 32.6905 -79.7389 8
      vertex 32.6905 -75.9111 8
      vertex 32.8809 -75.8634 8
    endloop
  endfacet
  facet normal 0 0 -1
    outer loop
      vertex 32.5057 -79.6728 8
      vertex 32.6905 -75.9111 8
      vertex 32.6905 -79.7389 8
    endloop
  endfacet
  facet normal 0 0 -1
    outer loop
      vertex 32.5057 -79.6728 8
      vertex 32.5057 -75.9772 8
      vertex 32.6905 -75.9111 8
    endloop
  endfacet
  facet normal 0 0 -1
    outer loop
      vertex 32.3283 -79.5888 8
      vertex 32.5057 -75.9772 8
      vertex 32.5057 -79.6728 8
    endloop
  endfacet
  facet normal 0 0 -1
    outer loop
      vertex 32.3283 -79.5888 8
      vertex 32.3283 -76.0612 8
      vertex 32.5057 -75.9772 8
    endloop
  endfacet
  facet normal 0 0 -1
    outer loop
      vertex 32.16 -79.4879 8
      vertex 32.3283 -76.0612 8
      vertex 32.3283 -79.5888 8
    endloop
  endfacet
  facet normal 0 0 -1
    outer loop
      vertex 32.16 -79.4879 8
      vertex 32.16 -76.1621 8
      vertex 32.3283 -76.0612 8
    endloop
  endfacet
  facet normal 0 0 -1
    outer loop
      vertex 32.0023 -79.371 8
      vertex 32.16 -76.1621 8
      vertex 32.16 -79.4879 8
    endloop
  endfacet
  facet normal 0 0 -1
    outer loop
      vertex 32.0023 -79.371 8
      vertex 32.0023 -76.279 8
      vertex 32.16 -76.1621 8
    endloop
  endfacet
  facet normal 0 0 -1
    outer loop
      vertex 31.8569 -79.2392 8
      vertex 32.0023 -76.279 8
      vertex 32.0023 -79.371 8
    endloop
  endfacet
  facet normal 0 0 -1
    outer loop
      vertex 31.8569 -79.2392 8
      vertex 31.8569 -76.4108 8
      vertex 32.0023 -76.279 8
    endloop
  endfacet
  facet normal 0 0 -1
    outer loop
      vertex 31.7251 -79.0938 8
      vertex 31.8569 -76.4108 8
      vertex 31.8569 -79.2392 8
    endloop
  endfacet
  facet normal 0 0 -1
    outer loop
      vertex 31.7251 -79.0938 8
      vertex 31.7251 -76.5562 8
      vertex 31.8569 -76.4108 8
    endloop
  endfacet
  facet normal 0 0 -1
    outer loop
      vertex 31.6082 -78.9361 8
      vertex 31.7251 -76.5562 8
      vertex 31.7251 -79.0938 8
    endloop
  endfacet
  facet normal 0 0 -1
    outer loop
      vertex 31.6082 -78.9361 8
      vertex 31.6082 -76.7139 8
      vertex 31.7251 -76.5562 8
    endloop
  endfacet
  facet normal 0 0 -1
    outer loop
      vertex 31.5073 -78.7678 8
      vertex 31.6082 -76.7139 8
      vertex 31.6082 -78.9361 8
    endloop
  endfacet
  facet normal 0 0 -1
    outer loop
      vertex 31.5073 -78.7678 8
      vertex 31.5073 -76.8822 8
      vertex 31.6082 -76.7139 8
    endloop
  endfacet
  facet normal 0 0 -1
    outer loop
      vertex 31.4233 -78.5904 8
      vertex 31.5073 -76.8822 8
      vertex 31.5073 -78.7678 8
    endloop
  endfacet
  facet normal 0 0 -1
    outer loop
      vertex 31.4233 -78.5904 8
      vertex 31.4233 -77.0596 8
      vertex 31.5073 -76.8822 8
    endloop
  endfacet
  facet normal 0 0 -1
    outer loop
      vertex 31.3572 -78.4056 8
      vertex 31.4233 -77.0596 8
      vertex 31.4233 -78.5904 8
    endloop
  endfacet
  facet normal 0 0 -1
    outer loop
      vertex 31.3572 -78.4056 8
      vertex 31.3572 -77.2444 8
      vertex 31.4233 -77.0596 8
    endloop
  endfacet
  facet normal 0 0 -1
    outer loop
      vertex 31.3095 -78.2152 8
      vertex 31.3572 -77.2444 8
      vertex 31.3572 -78.4056 8
    endloop
  endfacet
  facet normal 0 0 -1
    outer loop
      vertex 31.3095 -78.2152 8
      vertex 31.3095 -77.4348 8
      vertex 31.3572 -77.2444 8
    endloop
  endfacet
  facet normal 0 0 -1
    outer loop
      vertex 31.2807 -78.021 8
      vertex 31.3095 -77.4348 8
      vertex 31.3095 -78.2152 8
    endloop
  endfacet
  facet normal 0 0 -1
    outer loop
      vertex 31.2807 -78.021 8
      vertex 31.2807 -77.629 8
      vertex 31.3095 -77.4348 8
    endloop
  endfacet
  facet normal 0 -0 -1
    outer loop
      vertex 31.2807 -77.629 8
      vertex 31.2807 -78.021 8
      vertex 31.2711 -77.825 8
    endloop
  endfacet
  facet normal -0.595508 0.80335 0
    outer loop
      vertex -34.3822 -76.1621 8
      vertex -34.5399 -76.279 11
      vertex -34.3822 -76.1621 11
    endloop
  endfacet
  facet normal -0.595508 0.80335 0
    outer loop
      vertex -34.5399 -76.279 11
      vertex -34.3822 -76.1621 8
      vertex -34.5399 -76.279 8
    endloop
  endfacet
  facet normal 0.989182 0.146696 0
    outer loop
      vertex -31.2807 -77.629 11
      vertex -31.3095 -77.4348 8
      vertex -31.3095 -77.4348 11
    endloop
  endfacet
  facet normal 0.989182 0.146696 0
    outer loop
      vertex -31.3095 -77.4348 8
      vertex -31.2807 -77.629 11
      vertex -31.2807 -77.629 8
    endloop
  endfacet
  facet normal 0.998803 0.0489209 0
    outer loop
      vertex -31.2711 -77.825 11
      vertex -31.2807 -77.629 8
      vertex -31.2807 -77.629 11
    endloop
  endfacet
  facet normal 0.998803 0.0489209 0
    outer loop
      vertex -31.2807 -77.629 8
      vertex -31.2711 -77.825 11
      vertex -31.2711 -77.825 8
    endloop
  endfacet
  facet normal 0.970023 0.243015 0
    outer loop
      vertex -31.3095 -77.4348 11
      vertex -31.3572 -77.2444 8
      vertex -31.3572 -77.2444 11
    endloop
  endfacet
  facet normal 0.970023 0.243015 0
    outer loop
      vertex -31.3572 -77.2444 8
      vertex -31.3095 -77.4348 11
      vertex -31.3095 -77.4348 8
    endloop
  endfacet
  facet normal -0.970023 0.243015 0
    outer loop
      vertex -35.2327 -77.4348 8
      vertex -35.185 -77.2444 11
      vertex -35.185 -77.2444 8
    endloop
  endfacet
  facet normal -0.970023 0.243015 0
    outer loop
      vertex -35.185 -77.2444 11
      vertex -35.2327 -77.4348 8
      vertex -35.2327 -77.4348 11
    endloop
  endfacet
  facet normal -0.146696 0.989182 0
    outer loop
      vertex -33.4671 -75.8346 8
      vertex -33.6613 -75.8634 11
      vertex -33.4671 -75.8346 11
    endloop
  endfacet
  facet normal -0.146696 0.989182 0
    outer loop
      vertex -33.6613 -75.8634 11
      vertex -33.4671 -75.8346 8
      vertex -33.6613 -75.8634 8
    endloop
  endfacet
  facet normal 0.80335 0.595508 0
    outer loop
      vertex -31.6082 -76.7139 11
      vertex -31.7251 -76.5562 8
      vertex -31.7251 -76.5562 11
    endloop
  endfacet
  facet normal 0.80335 0.595508 0
    outer loop
      vertex -31.7251 -76.5562 8
      vertex -31.6082 -76.7139 11
      vertex -31.6082 -76.7139 8
    endloop
  endfacet
  facet normal 0.595508 0.80335 -0
    outer loop
      vertex -32.0023 -76.279 8
      vertex -32.16 -76.1621 11
      vertex -32.0023 -76.279 11
    endloop
  endfacet
  facet normal 0.595508 0.80335 0
    outer loop
      vertex -32.16 -76.1621 11
      vertex -32.0023 -76.279 8
      vertex -32.16 -76.1621 8
    endloop
  endfacet
  facet normal 0.243015 0.970023 -0
    outer loop
      vertex -32.6905 -75.9111 8
      vertex -32.8809 -75.8634 11
      vertex -32.6905 -75.9111 11
    endloop
  endfacet
  facet normal 0.243015 0.970023 0
    outer loop
      vertex -32.8809 -75.8634 11
      vertex -32.6905 -75.9111 8
      vertex -32.8809 -75.8634 8
    endloop
  endfacet
  facet normal 0.998803 -0.0489209 0
    outer loop
      vertex -31.2807 -78.021 11
      vertex -31.2711 -77.825 8
      vertex -31.2711 -77.825 11
    endloop
  endfacet
  facet normal 0.998803 -0.0489209 0
    outer loop
      vertex -31.2711 -77.825 8
      vertex -31.2807 -78.021 11
      vertex -31.2807 -78.021 8
    endloop
  endfacet
  facet normal -0.243015 0.970023 0
    outer loop
      vertex -33.6613 -75.8634 8
      vertex -33.8517 -75.9111 11
      vertex -33.6613 -75.8634 11
    endloop
  endfacet
  facet normal -0.243015 0.970023 0
    outer loop
      vertex -33.8517 -75.9111 11
      vertex -33.6613 -75.8634 8
      vertex -33.8517 -75.9111 8
    endloop
  endfacet
  facet normal -0.514196 -0.857673 0
    outer loop
      vertex -34.3822 -79.4879 8
      vertex -34.2139 -79.5888 11
      vertex -34.3822 -79.4879 11
    endloop
  endfacet
  facet normal -0.514196 -0.857673 -0
    outer loop
      vertex -34.2139 -79.5888 11
      vertex -34.3822 -79.4879 8
      vertex -34.2139 -79.5888 8
    endloop
  endfacet
  facet normal -0.146696 -0.989182 0
    outer loop
      vertex -33.6613 -79.7866 8
      vertex -33.4671 -79.8154 11
      vertex -33.6613 -79.7866 11
    endloop
  endfacet
  facet normal -0.146696 -0.989182 -0
    outer loop
      vertex -33.4671 -79.8154 11
      vertex -33.6613 -79.7866 8
      vertex -33.4671 -79.8154 8
    endloop
  endfacet
  facet normal -0.740908 -0.671607 0
    outer loop
      vertex -34.6853 -79.2392 8
      vertex -34.8171 -79.0938 11
      vertex -34.8171 -79.0938 8
    endloop
  endfacet
  facet normal -0.740908 -0.671607 0
    outer loop
      vertex -34.8171 -79.0938 11
      vertex -34.6853 -79.2392 8
      vertex -34.6853 -79.2392 11
    endloop
  endfacet
  facet normal 0.427955 0.9038 -0
    outer loop
      vertex -32.3283 -76.0612 8
      vertex -32.5057 -75.9772 11
      vertex -32.3283 -76.0612 11
    endloop
  endfacet
  facet normal 0.427955 0.9038 0
    outer loop
      vertex -32.5057 -75.9772 11
      vertex -32.3283 -76.0612 8
      vertex -32.5057 -75.9772 8
    endloop
  endfacet
  facet normal 0.336788 -0.94158 0
    outer loop
      vertex -32.6905 -79.7389 8
      vertex -32.5057 -79.6728 11
      vertex -32.6905 -79.7389 11
    endloop
  endfacet
  facet normal 0.336788 -0.94158 0
    outer loop
      vertex -32.5057 -79.6728 11
      vertex -32.6905 -79.7389 8
      vertex -32.5057 -79.6728 8
    endloop
  endfacet
  facet normal -0.427955 0.9038 0
    outer loop
      vertex -34.0365 -75.9772 8
      vertex -34.2139 -76.0612 11
      vertex -34.0365 -75.9772 11
    endloop
  endfacet
  facet normal -0.427955 0.9038 0
    outer loop
      vertex -34.2139 -76.0612 11
      vertex -34.0365 -75.9772 8
      vertex -34.2139 -76.0612 8
    endloop
  endfacet
  facet normal -0.989182 0.146696 0
    outer loop
      vertex -35.2615 -77.629 8
      vertex -35.2327 -77.4348 11
      vertex -35.2327 -77.4348 8
    endloop
  endfacet
  facet normal -0.989182 0.146696 0
    outer loop
      vertex -35.2327 -77.4348 11
      vertex -35.2615 -77.629 8
      vertex -35.2615 -77.629 11
    endloop
  endfacet
  facet normal 0.970023 -0.243015 0
    outer loop
      vertex -31.3572 -78.4056 11
      vertex -31.3095 -78.2152 8
      vertex -31.3095 -78.2152 11
    endloop
  endfacet
  facet normal 0.970023 -0.243015 0
    outer loop
      vertex -31.3095 -78.2152 8
      vertex -31.3572 -78.4056 11
      vertex -31.3572 -78.4056 8
    endloop
  endfacet
  facet normal -0.336788 -0.94158 0
    outer loop
      vertex -34.0365 -79.6728 8
      vertex -33.8517 -79.7389 11
      vertex -34.0365 -79.6728 11
    endloop
  endfacet
  facet normal -0.336788 -0.94158 -0
    outer loop
      vertex -33.8517 -79.7389 11
      vertex -34.0365 -79.6728 8
      vertex -33.8517 -79.7389 8
    endloop
  endfacet
  facet normal 0.94158 0.336788 0
    outer loop
      vertex -31.3572 -77.2444 11
      vertex -31.4233 -77.0596 8
      vertex -31.4233 -77.0596 11
    endloop
  endfacet
  facet normal 0.94158 0.336788 0
    outer loop
      vertex -31.4233 -77.0596 8
      vertex -31.3572 -77.2444 11
      vertex -31.3572 -77.2444 8
    endloop
  endfacet
  facet normal -0.80335 -0.595508 0
    outer loop
      vertex -34.8171 -79.0938 8
      vertex -34.934 -78.9361 11
      vertex -34.934 -78.9361 8
    endloop
  endfacet
  facet normal -0.80335 -0.595508 0
    outer loop
      vertex -34.934 -78.9361 11
      vertex -34.8171 -79.0938 8
      vertex -34.8171 -79.0938 11
    endloop
  endfacet
  facet normal 0.671607 0.740908 -0
    outer loop
      vertex -31.8569 -76.4108 8
      vertex -32.0023 -76.279 11
      vertex -31.8569 -76.4108 11
    endloop
  endfacet
  facet normal 0.671607 0.740908 0
    outer loop
      vertex -32.0023 -76.279 11
      vertex -31.8569 -76.4108 8
      vertex -32.0023 -76.279 8
    endloop
  endfacet
  facet normal -0.94158 -0.336788 0
    outer loop
      vertex -35.1189 -78.5904 8
      vertex -35.185 -78.4056 11
      vertex -35.185 -78.4056 8
    endloop
  endfacet
  facet normal -0.94158 -0.336788 0
    outer loop
      vertex -35.185 -78.4056 11
      vertex -35.1189 -78.5904 8
      vertex -35.1189 -78.5904 11
    endloop
  endfacet
  facet normal 0.336788 0.94158 -0
    outer loop
      vertex -32.5057 -75.9772 8
      vertex -32.6905 -75.9111 11
      vertex -32.5057 -75.9772 11
    endloop
  endfacet
  facet normal 0.336788 0.94158 0
    outer loop
      vertex -32.6905 -75.9111 11
      vertex -32.5057 -75.9772 8
      vertex -32.6905 -75.9111 8
    endloop
  endfacet
  facet normal 0.514196 0.857673 -0
    outer loop
      vertex -32.16 -76.1621 8
      vertex -32.3283 -76.0612 11
      vertex -32.16 -76.1621 11
    endloop
  endfacet
  facet normal 0.514196 0.857673 0
    outer loop
      vertex -32.3283 -76.0612 11
      vertex -32.16 -76.1621 8
      vertex -32.3283 -76.0612 8
    endloop
  endfacet
  facet normal -0.336788 0.94158 0
    outer loop
      vertex -33.8517 -75.9111 8
      vertex -34.0365 -75.9772 11
      vertex -33.8517 -75.9111 11
    endloop
  endfacet
  facet normal -0.336788 0.94158 0
    outer loop
      vertex -34.0365 -75.9772 11
      vertex -33.8517 -75.9111 8
      vertex -34.0365 -75.9772 8
    endloop
  endfacet
  facet normal -0.0489209 0.998803 0
    outer loop
      vertex -33.2711 -75.825 8
      vertex -33.4671 -75.8346 11
      vertex -33.2711 -75.825 11
    endloop
  endfacet
  facet normal -0.0489209 0.998803 0
    outer loop
      vertex -33.4671 -75.8346 11
      vertex -33.2711 -75.825 8
      vertex -33.4671 -75.8346 8
    endloop
  endfacet
  facet normal 0.9038 0.427955 0
    outer loop
      vertex -31.4233 -77.0596 11
      vertex -31.5073 -76.8822 8
      vertex -31.5073 -76.8822 11
    endloop
  endfacet
  facet normal 0.9038 0.427955 0
    outer loop
      vertex -31.5073 -76.8822 8
      vertex -31.4233 -77.0596 11
      vertex -31.4233 -77.0596 8
    endloop
  endfacet
  facet normal 0.243015 -0.970023 0
    outer loop
      vertex -32.8809 -79.7866 8
      vertex -32.6905 -79.7389 11
      vertex -32.8809 -79.7866 11
    endloop
  endfacet
  facet normal 0.243015 -0.970023 0
    outer loop
      vertex -32.6905 -79.7389 11
      vertex -32.8809 -79.7866 8
      vertex -32.6905 -79.7389 8
    endloop
  endfacet
  facet normal 0.146696 -0.989182 0
    outer loop
      vertex -33.0751 -79.8154 8
      vertex -32.8809 -79.7866 11
      vertex -33.0751 -79.8154 11
    endloop
  endfacet
  facet normal 0.146696 -0.989182 0
    outer loop
      vertex -32.8809 -79.7866 11
      vertex -33.0751 -79.8154 8
      vertex -32.8809 -79.7866 8
    endloop
  endfacet
  facet normal 0.740908 -0.671607 0
    outer loop
      vertex -31.8569 -79.2392 11
      vertex -31.7251 -79.0938 8
      vertex -31.7251 -79.0938 11
    endloop
  endfacet
  facet normal 0.740908 -0.671607 0
    outer loop
      vertex -31.7251 -79.0938 8
      vertex -31.8569 -79.2392 11
      vertex -31.8569 -79.2392 8
    endloop
  endfacet
  facet normal -0.0489209 -0.998803 0
    outer loop
      vertex -33.4671 -79.8154 8
      vertex -33.2711 -79.825 11
      vertex -33.4671 -79.8154 11
    endloop
  endfacet
  facet normal -0.0489209 -0.998803 -0
    outer loop
      vertex -33.2711 -79.825 11
      vertex -33.4671 -79.8154 8
      vertex -33.2711 -79.825 8
    endloop
  endfacet
  facet normal -0.427955 -0.9038 0
    outer loop
      vertex -34.2139 -79.5888 8
      vertex -34.0365 -79.6728 11
      vertex -34.2139 -79.5888 11
    endloop
  endfacet
  facet normal -0.427955 -0.9038 -0
    outer loop
      vertex -34.0365 -79.6728 11
      vertex -34.2139 -79.5888 8
      vertex -34.0365 -79.6728 8
    endloop
  endfacet
  facet normal 0.80335 -0.595508 0
    outer loop
      vertex -31.7251 -79.0938 11
      vertex -31.6082 -78.9361 8
      vertex -31.6082 -78.9361 11
    endloop
  endfacet
  facet normal 0.80335 -0.595508 0
    outer loop
      vertex -31.6082 -78.9361 8
      vertex -31.7251 -79.0938 11
      vertex -31.7251 -79.0938 8
    endloop
  endfacet
  facet normal -0.857673 -0.514196 0
    outer loop
      vertex -34.934 -78.9361 8
      vertex -35.0349 -78.7678 11
      vertex -35.0349 -78.7678 8
    endloop
  endfacet
  facet normal -0.857673 -0.514196 0
    outer loop
      vertex -35.0349 -78.7678 11
      vertex -34.934 -78.9361 8
      vertex -34.934 -78.9361 11
    endloop
  endfacet
  facet normal -0.671607 -0.740908 0
    outer loop
      vertex -34.6853 -79.2392 8
      vertex -34.5399 -79.371 11
      vertex -34.6853 -79.2392 11
    endloop
  endfacet
  facet normal -0.671607 -0.740908 -0
    outer loop
      vertex -34.5399 -79.371 11
      vertex -34.6853 -79.2392 8
      vertex -34.5399 -79.371 8
    endloop
  endfacet
  facet normal 0.9038 -0.427955 0
    outer loop
      vertex -31.5073 -78.7678 11
      vertex -31.4233 -78.5904 8
      vertex -31.4233 -78.5904 11
    endloop
  endfacet
  facet normal 0.9038 -0.427955 0
    outer loop
      vertex -31.4233 -78.5904 8
      vertex -31.5073 -78.7678 11
      vertex -31.5073 -78.7678 8
    endloop
  endfacet
  facet normal 0.740908 0.671607 0
    outer loop
      vertex -31.7251 -76.5562 11
      vertex -31.8569 -76.4108 8
      vertex -31.8569 -76.4108 11
    endloop
  endfacet
  facet normal 0.740908 0.671607 0
    outer loop
      vertex -31.8569 -76.4108 8
      vertex -31.7251 -76.5562 11
      vertex -31.7251 -76.5562 8
    endloop
  endfacet
  facet normal 0.427955 -0.9038 0
    outer loop
      vertex -32.5057 -79.6728 8
      vertex -32.3283 -79.5888 11
      vertex -32.5057 -79.6728 11
    endloop
  endfacet
  facet normal 0.427955 -0.9038 0
    outer loop
      vertex -32.3283 -79.5888 11
      vertex -32.5057 -79.6728 8
      vertex -32.3283 -79.5888 8
    endloop
  endfacet
  facet normal 0.989182 -0.146696 0
    outer loop
      vertex -31.3095 -78.2152 11
      vertex -31.2807 -78.021 8
      vertex -31.2807 -78.021 11
    endloop
  endfacet
  facet normal 0.989182 -0.146696 0
    outer loop
      vertex -31.2807 -78.021 8
      vertex -31.3095 -78.2152 11
      vertex -31.3095 -78.2152 8
    endloop
  endfacet
  facet normal -0.998803 -0.0489209 0
    outer loop
      vertex -35.2615 -78.021 8
      vertex -35.2711 -77.825 11
      vertex -35.2711 -77.825 8
    endloop
  endfacet
  facet normal -0.998803 -0.0489209 0
    outer loop
      vertex -35.2711 -77.825 11
      vertex -35.2615 -78.021 8
      vertex -35.2615 -78.021 11
    endloop
  endfacet
  facet normal -0.94158 0.336788 0
    outer loop
      vertex -35.185 -77.2444 8
      vertex -35.1189 -77.0596 11
      vertex -35.1189 -77.0596 8
    endloop
  endfacet
  facet normal -0.94158 0.336788 0
    outer loop
      vertex -35.1189 -77.0596 11
      vertex -35.185 -77.2444 8
      vertex -35.185 -77.2444 11
    endloop
  endfacet
  facet normal 0.857673 0.514196 0
    outer loop
      vertex -31.5073 -76.8822 11
      vertex -31.6082 -76.7139 8
      vertex -31.6082 -76.7139 11
    endloop
  endfacet
  facet normal 0.857673 0.514196 0
    outer loop
      vertex -31.6082 -76.7139 8
      vertex -31.5073 -76.8822 11
      vertex -31.5073 -76.8822 8
    endloop
  endfacet
  facet normal -0.970023 -0.243015 0
    outer loop
      vertex -35.185 -78.4056 8
      vertex -35.2327 -78.2152 11
      vertex -35.2327 -78.2152 8
    endloop
  endfacet
  facet normal -0.970023 -0.243015 0
    outer loop
      vertex -35.2327 -78.2152 11
      vertex -35.185 -78.4056 8
      vertex -35.185 -78.4056 11
    endloop
  endfacet
  facet normal -0.671607 0.740908 0
    outer loop
      vertex -34.5399 -76.279 8
      vertex -34.6853 -76.4108 11
      vertex -34.5399 -76.279 11
    endloop
  endfacet
  facet normal -0.671607 0.740908 0
    outer loop
      vertex -34.6853 -76.4108 11
      vertex -34.5399 -76.279 8
      vertex -34.6853 -76.4108 8
    endloop
  endfacet
  facet normal -0.989182 -0.146696 0
    outer loop
      vertex -35.2327 -78.2152 8
      vertex -35.2615 -78.021 11
      vertex -35.2615 -78.021 8
    endloop
  endfacet
  facet normal -0.989182 -0.146696 0
    outer loop
      vertex -35.2615 -78.021 11
      vertex -35.2327 -78.2152 8
      vertex -35.2327 -78.2152 11
    endloop
  endfacet
  facet normal 0.857673 -0.514196 0
    outer loop
      vertex -31.6082 -78.9361 11
      vertex -31.5073 -78.7678 8
      vertex -31.5073 -78.7678 11
    endloop
  endfacet
  facet normal 0.857673 -0.514196 0
    outer loop
      vertex -31.5073 -78.7678 8
      vertex -31.6082 -78.9361 11
      vertex -31.6082 -78.9361 8
    endloop
  endfacet
  facet normal -0.80335 0.595508 0
    outer loop
      vertex -34.934 -76.7139 8
      vertex -34.8171 -76.5562 11
      vertex -34.8171 -76.5562 8
    endloop
  endfacet
  facet normal -0.80335 0.595508 0
    outer loop
      vertex -34.8171 -76.5562 11
      vertex -34.934 -76.7139 8
      vertex -34.934 -76.7139 11
    endloop
  endfacet
  facet normal -0.740908 0.671607 0
    outer loop
      vertex -34.8171 -76.5562 8
      vertex -34.6853 -76.4108 11
      vertex -34.6853 -76.4108 8
    endloop
  endfacet
  facet normal -0.740908 0.671607 0
    outer loop
      vertex -34.6853 -76.4108 11
      vertex -34.8171 -76.5562 8
      vertex -34.8171 -76.5562 11
    endloop
  endfacet
  facet normal -0.9038 -0.427955 0
    outer loop
      vertex -35.0349 -78.7678 8
      vertex -35.1189 -78.5904 11
      vertex -35.1189 -78.5904 8
    endloop
  endfacet
  facet normal -0.9038 -0.427955 0
    outer loop
      vertex -35.1189 -78.5904 11
      vertex -35.0349 -78.7678 8
      vertex -35.0349 -78.7678 11
    endloop
  endfacet
  facet normal -0.243015 -0.970023 0
    outer loop
      vertex -33.8517 -79.7389 8
      vertex -33.6613 -79.7866 11
      vertex -33.8517 -79.7389 11
    endloop
  endfacet
  facet normal -0.243015 -0.970023 -0
    outer loop
      vertex -33.6613 -79.7866 11
      vertex -33.8517 -79.7389 8
      vertex -33.6613 -79.7866 8
    endloop
  endfacet
  facet normal 0.514196 -0.857673 0
    outer loop
      vertex -32.3283 -79.5888 8
      vertex -32.16 -79.4879 11
      vertex -32.3283 -79.5888 11
    endloop
  endfacet
  facet normal 0.514196 -0.857673 0
    outer loop
      vertex -32.16 -79.4879 11
      vertex -32.3283 -79.5888 8
      vertex -32.16 -79.4879 8
    endloop
  endfacet
  facet normal 0.0489209 -0.998803 0
    outer loop
      vertex -33.2711 -79.825 8
      vertex -33.0751 -79.8154 11
      vertex -33.2711 -79.825 11
    endloop
  endfacet
  facet normal 0.0489209 -0.998803 0
    outer loop
      vertex -33.0751 -79.8154 11
      vertex -33.2711 -79.825 8
      vertex -33.0751 -79.8154 8
    endloop
  endfacet
  facet normal 0.0489209 0.998803 -0
    outer loop
      vertex -33.0751 -75.8346 8
      vertex -33.2711 -75.825 11
      vertex -33.0751 -75.8346 11
    endloop
  endfacet
  facet normal 0.0489209 0.998803 0
    outer loop
      vertex -33.2711 -75.825 11
      vertex -33.0751 -75.8346 8
      vertex -33.2711 -75.825 8
    endloop
  endfacet
  facet normal -0.857673 0.514196 0
    outer loop
      vertex -35.0349 -76.8822 8
      vertex -34.934 -76.7139 11
      vertex -34.934 -76.7139 8
    endloop
  endfacet
  facet normal -0.857673 0.514196 0
    outer loop
      vertex -34.934 -76.7139 11
      vertex -35.0349 -76.8822 8
      vertex -35.0349 -76.8822 11
    endloop
  endfacet
  facet normal -0.514196 0.857673 0
    outer loop
      vertex -34.2139 -76.0612 8
      vertex -34.3822 -76.1621 11
      vertex -34.2139 -76.0612 11
    endloop
  endfacet
  facet normal -0.514196 0.857673 0
    outer loop
      vertex -34.3822 -76.1621 11
      vertex -34.2139 -76.0612 8
      vertex -34.3822 -76.1621 8
    endloop
  endfacet
  facet normal -0.9038 0.427955 0
    outer loop
      vertex -35.1189 -77.0596 8
      vertex -35.0349 -76.8822 11
      vertex -35.0349 -76.8822 8
    endloop
  endfacet
  facet normal -0.9038 0.427955 0
    outer loop
      vertex -35.0349 -76.8822 11
      vertex -35.1189 -77.0596 8
      vertex -35.1189 -77.0596 11
    endloop
  endfacet
  facet normal 0.595508 -0.80335 0
    outer loop
      vertex -32.16 -79.4879 8
      vertex -32.0023 -79.371 11
      vertex -32.16 -79.4879 11
    endloop
  endfacet
  facet normal 0.595508 -0.80335 0
    outer loop
      vertex -32.0023 -79.371 11
      vertex -32.16 -79.4879 8
      vertex -32.0023 -79.371 8
    endloop
  endfacet
  facet normal 0.94158 -0.336788 0
    outer loop
      vertex -31.4233 -78.5904 11
      vertex -31.3572 -78.4056 8
      vertex -31.3572 -78.4056 11
    endloop
  endfacet
  facet normal 0.94158 -0.336788 0
    outer loop
      vertex -31.3572 -78.4056 8
      vertex -31.4233 -78.5904 11
      vertex -31.4233 -78.5904 8
    endloop
  endfacet
  facet normal 0.146696 0.989182 -0
    outer loop
      vertex -32.8809 -75.8634 8
      vertex -33.0751 -75.8346 11
      vertex -32.8809 -75.8634 11
    endloop
  endfacet
  facet normal 0.146696 0.989182 0
    outer loop
      vertex -33.0751 -75.8346 11
      vertex -32.8809 -75.8634 8
      vertex -33.0751 -75.8346 8
    endloop
  endfacet
  facet normal -0.595508 -0.80335 0
    outer loop
      vertex -34.5399 -79.371 8
      vertex -34.3822 -79.4879 11
      vertex -34.5399 -79.371 11
    endloop
  endfacet
  facet normal -0.595508 -0.80335 -0
    outer loop
      vertex -34.3822 -79.4879 11
      vertex -34.5399 -79.371 8
      vertex -34.3822 -79.4879 8
    endloop
  endfacet
  facet normal 0 0 -1
    outer loop
      vertex -31.2807 -78.021 8
      vertex -31.2807 -77.629 8
      vertex -31.2711 -77.825 8
    endloop
  endfacet
  facet normal 0 0 -1
    outer loop
      vertex -31.3095 -78.2152 8
      vertex -31.2807 -77.629 8
      vertex -31.2807 -78.021 8
    endloop
  endfacet
  facet normal 0 0 -1
    outer loop
      vertex -31.3095 -78.2152 8
      vertex -31.3095 -77.4348 8
      vertex -31.2807 -77.629 8
    endloop
  endfacet
  facet normal 0 0 -1
    outer loop
      vertex -31.3572 -78.4056 8
      vertex -31.3095 -77.4348 8
      vertex -31.3095 -78.2152 8
    endloop
  endfacet
  facet normal 0 0 -1
    outer loop
      vertex -31.3572 -78.4056 8
      vertex -31.3572 -77.2444 8
      vertex -31.3095 -77.4348 8
    endloop
  endfacet
  facet normal 0 0 -1
    outer loop
      vertex -31.4233 -78.5904 8
      vertex -31.3572 -77.2444 8
      vertex -31.3572 -78.4056 8
    endloop
  endfacet
  facet normal 0 0 -1
    outer loop
      vertex -31.4233 -78.5904 8
      vertex -31.4233 -77.0596 8
      vertex -31.3572 -77.2444 8
    endloop
  endfacet
  facet normal 0 0 -1
    outer loop
      vertex -31.5073 -78.7678 8
      vertex -31.4233 -77.0596 8
      vertex -31.4233 -78.5904 8
    endloop
  endfacet
  facet normal 0 0 -1
    outer loop
      vertex -31.5073 -78.7678 8
      vertex -31.5073 -76.8822 8
      vertex -31.4233 -77.0596 8
    endloop
  endfacet
  facet normal 0 0 -1
    outer loop
      vertex -31.6082 -78.9361 8
      vertex -31.5073 -76.8822 8
      vertex -31.5073 -78.7678 8
    endloop
  endfacet
  facet normal 0 0 -1
    outer loop
      vertex -31.6082 -78.9361 8
      vertex -31.6082 -76.7139 8
      vertex -31.5073 -76.8822 8
    endloop
  endfacet
  facet normal 0 0 -1
    outer loop
      vertex -31.7251 -79.0938 8
      vertex -31.6082 -76.7139 8
      vertex -31.6082 -78.9361 8
    endloop
  endfacet
  facet normal 0 0 -1
    outer loop
      vertex -31.7251 -79.0938 8
      vertex -31.7251 -76.5562 8
      vertex -31.6082 -76.7139 8
    endloop
  endfacet
  facet normal 0 0 -1
    outer loop
      vertex -31.8569 -79.2392 8
      vertex -31.7251 -76.5562 8
      vertex -31.7251 -79.0938 8
    endloop
  endfacet
  facet normal 0 0 -1
    outer loop
      vertex -31.8569 -79.2392 8
      vertex -31.8569 -76.4108 8
      vertex -31.7251 -76.5562 8
    endloop
  endfacet
  facet normal 0 0 -1
    outer loop
      vertex -32.0023 -79.371 8
      vertex -31.8569 -76.4108 8
      vertex -31.8569 -79.2392 8
    endloop
  endfacet
  facet normal 0 0 -1
    outer loop
      vertex -32.0023 -79.371 8
      vertex -32.0023 -76.279 8
      vertex -31.8569 -76.4108 8
    endloop
  endfacet
  facet normal 0 0 -1
    outer loop
      vertex -32.16 -79.4879 8
      vertex -32.0023 -76.279 8
      vertex -32.0023 -79.371 8
    endloop
  endfacet
  facet normal 0 0 -1
    outer loop
      vertex -32.16 -79.4879 8
      vertex -32.16 -76.1621 8
      vertex -32.0023 -76.279 8
    endloop
  endfacet
  facet normal 0 0 -1
    outer loop
      vertex -32.3283 -79.5888 8
      vertex -32.16 -76.1621 8
      vertex -32.16 -79.4879 8
    endloop
  endfacet
  facet normal 0 0 -1
    outer loop
      vertex -32.3283 -79.5888 8
      vertex -32.3283 -76.0612 8
      vertex -32.16 -76.1621 8
    endloop
  endfacet
  facet normal 0 0 -1
    outer loop
      vertex -32.5057 -79.6728 8
      vertex -32.3283 -76.0612 8
      vertex -32.3283 -79.5888 8
    endloop
  endfacet
  facet normal 0 0 -1
    outer loop
      vertex -32.5057 -79.6728 8
      vertex -32.5057 -75.9772 8
      vertex -32.3283 -76.0612 8
    endloop
  endfacet
  facet normal 0 0 -1
    outer loop
      vertex -32.6905 -79.7389 8
      vertex -32.5057 -75.9772 8
      vertex -32.5057 -79.6728 8
    endloop
  endfacet
  facet normal 0 0 -1
    outer loop
      vertex -32.6905 -79.7389 8
      vertex -32.6905 -75.9111 8
      vertex -32.5057 -75.9772 8
    endloop
  endfacet
  facet normal 0 0 -1
    outer loop
      vertex -32.8809 -79.7866 8
      vertex -32.6905 -75.9111 8
      vertex -32.6905 -79.7389 8
    endloop
  endfacet
  facet normal 0 0 -1
    outer loop
      vertex -32.8809 -79.7866 8
      vertex -32.8809 -75.8634 8
      vertex -32.6905 -75.9111 8
    endloop
  endfacet
  facet normal 0 0 -1
    outer loop
      vertex -33.0751 -79.8154 8
      vertex -32.8809 -75.8634 8
      vertex -32.8809 -79.7866 8
    endloop
  endfacet
  facet normal 0 0 -1
    outer loop
      vertex -33.0751 -79.8154 8
      vertex -33.0751 -75.8346 8
      vertex -32.8809 -75.8634 8
    endloop
  endfacet
  facet normal 0 0 -1
    outer loop
      vertex -33.2711 -79.825 8
      vertex -33.0751 -75.8346 8
      vertex -33.0751 -79.8154 8
    endloop
  endfacet
  facet normal 0 0 -1
    outer loop
      vertex -33.2711 -79.825 8
      vertex -33.2711 -75.825 8
      vertex -33.0751 -75.8346 8
    endloop
  endfacet
  facet normal 0 0 -1
    outer loop
      vertex -33.4671 -79.8154 8
      vertex -33.2711 -75.825 8
      vertex -33.2711 -79.825 8
    endloop
  endfacet
  facet normal 0 0 -1
    outer loop
      vertex -33.4671 -79.8154 8
      vertex -33.4671 -75.8346 8
      vertex -33.2711 -75.825 8
    endloop
  endfacet
  facet normal 0 0 -1
    outer loop
      vertex -33.6613 -79.7866 8
      vertex -33.4671 -75.8346 8
      vertex -33.4671 -79.8154 8
    endloop
  endfacet
  facet normal 0 0 -1
    outer loop
      vertex -33.6613 -79.7866 8
      vertex -33.6613 -75.8634 8
      vertex -33.4671 -75.8346 8
    endloop
  endfacet
  facet normal 0 0 -1
    outer loop
      vertex -33.8517 -79.7389 8
      vertex -33.6613 -75.8634 8
      vertex -33.6613 -79.7866 8
    endloop
  endfacet
  facet normal 0 0 -1
    outer loop
      vertex -33.8517 -79.7389 8
      vertex -33.8517 -75.9111 8
      vertex -33.6613 -75.8634 8
    endloop
  endfacet
  facet normal 0 0 -1
    outer loop
      vertex -34.0365 -79.6728 8
      vertex -33.8517 -75.9111 8
      vertex -33.8517 -79.7389 8
    endloop
  endfacet
  facet normal 0 0 -1
    outer loop
      vertex -34.0365 -79.6728 8
      vertex -34.0365 -75.9772 8
      vertex -33.8517 -75.9111 8
    endloop
  endfacet
  facet normal 0 0 -1
    outer loop
      vertex -34.2139 -79.5888 8
      vertex -34.0365 -75.9772 8
      vertex -34.0365 -79.6728 8
    endloop
  endfacet
  facet normal 0 0 -1
    outer loop
      vertex -34.2139 -79.5888 8
      vertex -34.2139 -76.0612 8
      vertex -34.0365 -75.9772 8
    endloop
  endfacet
  facet normal 0 0 -1
    outer loop
      vertex -34.3822 -79.4879 8
      vertex -34.2139 -76.0612 8
      vertex -34.2139 -79.5888 8
    endloop
  endfacet
  facet normal 0 0 -1
    outer loop
      vertex -34.3822 -79.4879 8
      vertex -34.3822 -76.1621 8
      vertex -34.2139 -76.0612 8
    endloop
  endfacet
  facet normal 0 0 -1
    outer loop
      vertex -34.5399 -79.371 8
      vertex -34.3822 -76.1621 8
      vertex -34.3822 -79.4879 8
    endloop
  endfacet
  facet normal 0 0 -1
    outer loop
      vertex -34.5399 -79.371 8
      vertex -34.5399 -76.279 8
      vertex -34.3822 -76.1621 8
    endloop
  endfacet
  facet normal 0 0 -1
    outer loop
      vertex -34.6853 -79.2392 8
      vertex -34.5399 -76.279 8
      vertex -34.5399 -79.371 8
    endloop
  endfacet
  facet normal 0 0 -1
    outer loop
      vertex -34.6853 -79.2392 8
      vertex -34.6853 -76.4108 8
      vertex -34.5399 -76.279 8
    endloop
  endfacet
  facet normal 0 0 -1
    outer loop
      vertex -34.8171 -79.0938 8
      vertex -34.6853 -76.4108 8
      vertex -34.6853 -79.2392 8
    endloop
  endfacet
  facet normal 0 0 -1
    outer loop
      vertex -34.8171 -79.0938 8
      vertex -34.8171 -76.5562 8
      vertex -34.6853 -76.4108 8
    endloop
  endfacet
  facet normal 0 0 -1
    outer loop
      vertex -34.934 -78.9361 8
      vertex -34.8171 -76.5562 8
      vertex -34.8171 -79.0938 8
    endloop
  endfacet
  facet normal 0 0 -1
    outer loop
      vertex -34.934 -78.9361 8
      vertex -34.934 -76.7139 8
      vertex -34.8171 -76.5562 8
    endloop
  endfacet
  facet normal 0 0 -1
    outer loop
      vertex -35.0349 -78.7678 8
      vertex -34.934 -76.7139 8
      vertex -34.934 -78.9361 8
    endloop
  endfacet
  facet normal 0 0 -1
    outer loop
      vertex -35.0349 -78.7678 8
      vertex -35.0349 -76.8822 8
      vertex -34.934 -76.7139 8
    endloop
  endfacet
  facet normal 0 0 -1
    outer loop
      vertex -35.1189 -78.5904 8
      vertex -35.0349 -76.8822 8
      vertex -35.0349 -78.7678 8
    endloop
  endfacet
  facet normal 0 0 -1
    outer loop
      vertex -35.1189 -78.5904 8
      vertex -35.1189 -77.0596 8
      vertex -35.0349 -76.8822 8
    endloop
  endfacet
  facet normal 0 0 -1
    outer loop
      vertex -35.185 -78.4056 8
      vertex -35.1189 -77.0596 8
      vertex -35.1189 -78.5904 8
    endloop
  endfacet
  facet normal 0 0 -1
    outer loop
      vertex -35.185 -78.4056 8
      vertex -35.185 -77.2444 8
      vertex -35.1189 -77.0596 8
    endloop
  endfacet
  facet normal 0 0 -1
    outer loop
      vertex -35.2327 -78.2152 8
      vertex -35.185 -77.2444 8
      vertex -35.185 -78.4056 8
    endloop
  endfacet
  facet normal 0 0 -1
    outer loop
      vertex -35.2327 -78.2152 8
      vertex -35.2327 -77.4348 8
      vertex -35.185 -77.2444 8
    endloop
  endfacet
  facet normal 0 0 -1
    outer loop
      vertex -35.2615 -78.021 8
      vertex -35.2327 -77.4348 8
      vertex -35.2327 -78.2152 8
    endloop
  endfacet
  facet normal 0 0 -1
    outer loop
      vertex -35.2615 -78.021 8
      vertex -35.2615 -77.629 8
      vertex -35.2327 -77.4348 8
    endloop
  endfacet
  facet normal 0 -0 -1
    outer loop
      vertex -35.2615 -77.629 8
      vertex -35.2615 -78.021 8
      vertex -35.2711 -77.825 8
    endloop
  endfacet
  facet normal 0.671607 -0.740908 0
    outer loop
      vertex -32.0023 -79.371 8
      vertex -31.8569 -79.2392 11
      vertex -32.0023 -79.371 11
    endloop
  endfacet
  facet normal 0.671607 -0.740908 0
    outer loop
      vertex -31.8569 -79.2392 11
      vertex -32.0023 -79.371 8
      vertex -31.8569 -79.2392 8
    endloop
  endfacet
  facet normal -0.998803 0.0489209 0
    outer loop
      vertex -35.2711 -77.825 8
      vertex -35.2615 -77.629 11
      vertex -35.2615 -77.629 8
    endloop
  endfacet
  facet normal -0.998803 0.0489209 0
    outer loop
      vertex -35.2615 -77.629 11
      vertex -35.2711 -77.825 8
      vertex -35.2711 -77.825 11
    endloop
  endfacet
  facet normal -0.753125 0.657877 0
    outer loop
      vertex 56.91 -68.91 11
      vertex 57.4819 -68.2553 18.05
      vertex 57.4819 -68.2553 11
    endloop
  endfacet
  facet normal -0.753125 0.657877 0
    outer loop
      vertex 57.4819 -68.2553 18.05
      vertex 56.91 -68.91 11
      vertex 56.91 -68.91 18.05
    endloop
  endfacet
  facet normal -0.0716239 0.997432 0
    outer loop
      vertex 51.39 -71.1755 11
      vertex 49.8289 -71.2876 18.05
      vertex 51.39 -71.1755 18.05
    endloop
  endfacet
  facet normal -0.0716239 0.997432 0
    outer loop
      vertex 49.8289 -71.2876 18.05
      vertex 51.39 -71.1755 11
      vertex 49.8289 -71.2876 11
    endloop
  endfacet
  facet normal 0.552522 0.833498 -0
    outer loop
      vertex -55.5128 -69.9741 11
      vertex -56.2553 -69.4819 18.05
      vertex -55.5128 -69.9741 18.05
    endloop
  endfacet
  facet normal 0.552522 0.833498 0
    outer loop
      vertex -56.2553 -69.4819 18.05
      vertex -55.5128 -69.9741 11
      vertex -56.2553 -69.4819 11
    endloop
  endfacet
  facet normal -0.657877 0.753125 0
    outer loop
      vertex 56.91 -68.91 11
      vertex 56.2553 -69.4819 18.05
      vertex 56.91 -68.91 18.05
    endloop
  endfacet
  facet normal -0.657877 0.753125 0
    outer loop
      vertex 56.2553 -69.4819 18.05
      vertex 56.91 -68.91 11
      vertex 56.2553 -69.4819 11
    endloop
  endfacet
  facet normal 0.23611 0.971726 -0
    outer loop
      vertex -52.6488 -70.9885 11
      vertex -53.7279 -70.7263 18.05
      vertex -52.6488 -70.9885 18.05
    endloop
  endfacet
  facet normal 0.23611 0.971726 0
    outer loop
      vertex -53.7279 -70.7263 18.05
      vertex -52.6488 -70.9885 11
      vertex -53.7279 -70.7263 11
    endloop
  endfacet
  facet normal -0.443187 0.896429 0
    outer loop
      vertex 55.5128 -69.9741 11
      vertex 54.6748 -70.3884 18.05
      vertex 55.5128 -69.9741 18.05
    endloop
  endfacet
  facet normal -0.443187 0.896429 0
    outer loop
      vertex 54.6748 -70.3884 18.05
      vertex 55.5128 -69.9741 11
      vertex 54.6748 -70.3884 11
    endloop
  endfacet
  facet normal 0.146942 0.989145 -0
    outer loop
      vertex -51.39 -71.1755 11
      vertex -52.6488 -70.9885 18.05
      vertex -51.39 -71.1755 18.05
    endloop
  endfacet
  facet normal 0.146942 0.989145 0
    outer loop
      vertex -52.6488 -70.9885 18.05
      vertex -51.39 -71.1755 11
      vertex -52.6488 -70.9885 11
    endloop
  endfacet
  facet normal 0.997432 0.0716239 0
    outer loop
      vertex -59.1755 -63.39 18.05
      vertex -59.2876 -61.8289 11
      vertex -59.2876 -61.8289 18.05
    endloop
  endfacet
  facet normal 0.997432 0.0716239 0
    outer loop
      vertex -59.2876 -61.8289 11
      vertex -59.1755 -63.39 18.05
      vertex -59.1755 -63.39 11
    endloop
  endfacet
  facet normal -1 0 0
    outer loop
      vertex 59.325 81.8129 11
      vertex 59.325 82.113 18.05
      vertex 59.325 82.113 11.0073
    endloop
  endfacet
  facet normal -1 0 0
    outer loop
      vertex 59.325 -58.925 18.05
      vertex 59.325 81.8129 11
      vertex 59.325 -58.925 11
    endloop
  endfacet
  facet normal -1 0 0
    outer loop
      vertex 59.325 81.8129 11
      vertex 59.325 -58.925 18.05
      vertex 59.325 82.113 18.05
    endloop
  endfacet
  facet normal 1 0 0
    outer loop
      vertex -59.325 82.113 18.05
      vertex -59.325 81.8129 11
      vertex -59.325 82.113 11.0073
    endloop
  endfacet
  facet normal 1 -0 0
    outer loop
      vertex -59.325 -58.925 18.05
      vertex -59.325 81.8129 11
      vertex -59.325 82.113 18.05
    endloop
  endfacet
  facet normal 1 0 0
    outer loop
      vertex -59.325 81.8129 11
      vertex -59.325 -58.925 18.05
      vertex -59.325 -58.925 11
    endloop
  endfacet
  facet normal -0.997432 0.0716239 0
    outer loop
      vertex 59.1755 -63.39 11
      vertex 59.2876 -61.8289 18.05
      vertex 59.2876 -61.8289 11
    endloop
  endfacet
  facet normal -0.997432 0.0716239 0
    outer loop
      vertex 59.2876 -61.8289 18.05
      vertex 59.1755 -63.39 11
      vertex 59.1755 -63.39 18.05
    endloop
  endfacet
  facet normal 0.443187 0.896429 -0
    outer loop
      vertex -54.6748 -70.3884 11
      vertex -55.5128 -69.9741 18.05
      vertex -54.6748 -70.3884 18.05
    endloop
  endfacet
  facet normal 0.443187 0.896429 0
    outer loop
      vertex -55.5128 -69.9741 18.05
      vertex -54.6748 -70.3884 11
      vertex -55.5128 -69.9741 11
    endloop
  endfacet
  facet normal 0.0716239 0.997432 -0
    outer loop
      vertex -49.8289 -71.2876 11
      vertex -51.39 -71.1755 18.05
      vertex -49.8289 -71.2876 18.05
    endloop
  endfacet
  facet normal 0.0716239 0.997432 0
    outer loop
      vertex -51.39 -71.1755 18.05
      vertex -49.8289 -71.2876 11
      vertex -51.39 -71.1755 11
    endloop
  endfacet
  facet normal 0.833498 0.552522 0
    outer loop
      vertex -57.4819 -68.2553 18.05
      vertex -57.9741 -67.5128 11
      vertex -57.9741 -67.5128 18.05
    endloop
  endfacet
  facet normal 0.833498 0.552522 0
    outer loop
      vertex -57.9741 -67.5128 11
      vertex -57.4819 -68.2553 18.05
      vertex -57.4819 -68.2553 11
    endloop
  endfacet
  facet normal 0 1 -0
    outer loop
      vertex 46.925 -71.325 11
      vertex -46.925 -71.325 18.05
      vertex 46.925 -71.325 18.05
    endloop
  endfacet
  facet normal 0 1 0
    outer loop
      vertex -46.925 -71.325 18.05
      vertex 46.925 -71.325 11
      vertex -46.925 -71.325 11
    endloop
  endfacet
  facet normal -0.999917 0.0128782 0
    outer loop
      vertex 59.2876 -61.8289 11
      vertex 59.325 -58.925 18.05
      vertex 59.325 -58.925 11
    endloop
  endfacet
  facet normal -0.999917 0.0128782 0
    outer loop
      vertex 59.325 -58.925 18.05
      vertex 59.2876 -61.8289 11
      vertex 59.2876 -61.8289 18.05
    endloop
  endfacet
  facet normal -0.0128782 0.999917 0
    outer loop
      vertex 49.8289 -71.2876 11
      vertex 46.925 -71.325 18.05
      vertex 49.8289 -71.2876 18.05
    endloop
  endfacet
  facet normal -0.0128782 0.999917 0
    outer loop
      vertex 46.925 -71.325 18.05
      vertex 49.8289 -71.2876 11
      vertex 46.925 -71.325 11
    endloop
  endfacet
  facet normal -0.336091 0.94183 0
    outer loop
      vertex 54.6748 -70.3884 11
      vertex 53.7279 -70.7263 18.05
      vertex 54.6748 -70.3884 18.05
    endloop
  endfacet
  facet normal -0.336091 0.94183 0
    outer loop
      vertex 53.7279 -70.7263 18.05
      vertex 54.6748 -70.3884 11
      vertex 53.7279 -70.7263 11
    endloop
  endfacet
  facet normal -0.146942 0.989145 0
    outer loop
      vertex 52.6488 -70.9885 11
      vertex 51.39 -71.1755 18.05
      vertex 52.6488 -70.9885 18.05
    endloop
  endfacet
  facet normal -0.146942 0.989145 0
    outer loop
      vertex 51.39 -71.1755 18.05
      vertex 52.6488 -70.9885 11
      vertex 51.39 -71.1755 11
    endloop
  endfacet
  facet normal 0.753125 0.657877 0
    outer loop
      vertex -56.91 -68.91 18.05
      vertex -57.4819 -68.2553 11
      vertex -57.4819 -68.2553 18.05
    endloop
  endfacet
  facet normal 0.753125 0.657877 0
    outer loop
      vertex -57.4819 -68.2553 11
      vertex -56.91 -68.91 18.05
      vertex -56.91 -68.91 11
    endloop
  endfacet
  facet normal 0.336091 0.94183 -0
    outer loop
      vertex -53.7279 -70.7263 11
      vertex -54.6748 -70.3884 18.05
      vertex -53.7279 -70.7263 18.05
    endloop
  endfacet
  facet normal 0.336091 0.94183 0
    outer loop
      vertex -54.6748 -70.3884 18.05
      vertex -53.7279 -70.7263 11
      vertex -54.6748 -70.3884 11
    endloop
  endfacet
  facet normal 0.657877 0.753125 -0
    outer loop
      vertex -56.2553 -69.4819 11
      vertex -56.91 -68.91 18.05
      vertex -56.2553 -69.4819 18.05
    endloop
  endfacet
  facet normal 0.657877 0.753125 0
    outer loop
      vertex -56.91 -68.91 18.05
      vertex -56.2553 -69.4819 11
      vertex -56.91 -68.91 11
    endloop
  endfacet
  facet normal 0.0128782 0.999917 -0
    outer loop
      vertex -46.925 -71.325 11
      vertex -49.8289 -71.2876 18.05
      vertex -46.925 -71.325 18.05
    endloop
  endfacet
  facet normal 0.0128782 0.999917 0
    outer loop
      vertex -49.8289 -71.2876 18.05
      vertex -46.925 -71.325 11
      vertex -49.8289 -71.2876 11
    endloop
  endfacet
  facet normal -0.971726 0.23611 0
    outer loop
      vertex 58.7263 -65.7279 11
      vertex 58.9885 -64.6488 18.05
      vertex 58.9885 -64.6488 11
    endloop
  endfacet
  facet normal -0.971726 0.23611 0
    outer loop
      vertex 58.9885 -64.6488 18.05
      vertex 58.7263 -65.7279 11
      vertex 58.7263 -65.7279 18.05
    endloop
  endfacet
  facet normal -0.896429 0.443187 0
    outer loop
      vertex 57.9741 -67.5128 11
      vertex 58.3884 -66.6748 18.05
      vertex 58.3884 -66.6748 11
    endloop
  endfacet
  facet normal -0.896429 0.443187 0
    outer loop
      vertex 58.3884 -66.6748 18.05
      vertex 57.9741 -67.5128 11
      vertex 57.9741 -67.5128 18.05
    endloop
  endfacet
  facet normal -0.552522 0.833498 0
    outer loop
      vertex 56.2553 -69.4819 11
      vertex 55.5128 -69.9741 18.05
      vertex 56.2553 -69.4819 18.05
    endloop
  endfacet
  facet normal -0.552522 0.833498 0
    outer loop
      vertex 55.5128 -69.9741 18.05
      vertex 56.2553 -69.4819 11
      vertex 55.5128 -69.9741 11
    endloop
  endfacet
  facet normal -0.23611 0.971726 0
    outer loop
      vertex 53.7279 -70.7263 11
      vertex 52.6488 -70.9885 18.05
      vertex 53.7279 -70.7263 18.05
    endloop
  endfacet
  facet normal -0.23611 0.971726 0
    outer loop
      vertex 52.6488 -70.9885 18.05
      vertex 53.7279 -70.7263 11
      vertex 52.6488 -70.9885 11
    endloop
  endfacet
  facet normal 0.896429 0.443187 0
    outer loop
      vertex -57.9741 -67.5128 18.05
      vertex -58.3884 -66.6748 11
      vertex -58.3884 -66.6748 18.05
    endloop
  endfacet
  facet normal 0.896429 0.443187 0
    outer loop
      vertex -58.3884 -66.6748 11
      vertex -57.9741 -67.5128 18.05
      vertex -57.9741 -67.5128 11
    endloop
  endfacet
  facet normal 0.971726 0.23611 0
    outer loop
      vertex -58.7263 -65.7279 18.05
      vertex -58.9885 -64.6488 11
      vertex -58.9885 -64.6488 18.05
    endloop
  endfacet
  facet normal 0.971726 0.23611 0
    outer loop
      vertex -58.9885 -64.6488 11
      vertex -58.7263 -65.7279 18.05
      vertex -58.7263 -65.7279 11
    endloop
  endfacet
  facet normal -0.989145 0.146942 0
    outer loop
      vertex 58.9885 -64.6488 11
      vertex 59.1755 -63.39 18.05
      vertex 59.1755 -63.39 11
    endloop
  endfacet
  facet normal -0.989145 0.146942 0
    outer loop
      vertex 59.1755 -63.39 18.05
      vertex 58.9885 -64.6488 11
      vertex 58.9885 -64.6488 18.05
    endloop
  endfacet
  facet normal -0.94183 0.336091 0
    outer loop
      vertex 58.3884 -66.6748 11
      vertex 58.7263 -65.7279 18.05
      vertex 58.7263 -65.7279 11
    endloop
  endfacet
  facet normal -0.94183 0.336091 0
    outer loop
      vertex 58.7263 -65.7279 18.05
      vertex 58.3884 -66.6748 11
      vertex 58.3884 -66.6748 18.05
    endloop
  endfacet
  facet normal 0.999917 0.0128782 0
    outer loop
      vertex -59.2876 -61.8289 18.05
      vertex -59.325 -58.925 11
      vertex -59.325 -58.925 18.05
    endloop
  endfacet
  facet normal 0.999917 0.0128782 0
    outer loop
      vertex -59.325 -58.925 11
      vertex -59.2876 -61.8289 18.05
      vertex -59.2876 -61.8289 11
    endloop
  endfacet
  facet normal 0.94183 0.336091 0
    outer loop
      vertex -58.3884 -66.6748 18.05
      vertex -58.7263 -65.7279 11
      vertex -58.7263 -65.7279 18.05
    endloop
  endfacet
  facet normal 0.94183 0.336091 0
    outer loop
      vertex -58.7263 -65.7279 11
      vertex -58.3884 -66.6748 18.05
      vertex -58.3884 -66.6748 11
    endloop
  endfacet
  facet normal 0.989145 0.146942 0
    outer loop
      vertex -58.9885 -64.6488 18.05
      vertex -59.1755 -63.39 11
      vertex -59.1755 -63.39 18.05
    endloop
  endfacet
  facet normal 0.989145 0.146942 0
    outer loop
      vertex -59.1755 -63.39 11
      vertex -58.9885 -64.6488 18.05
      vertex -58.9885 -64.6488 11
    endloop
  endfacet
  facet normal 0 0 -1
    outer loop
      vertex 49.3155 9.37328 18.05
      vertex -49.3155 9.37328 18.05
      vertex 49.4064 9.62738 18.05
    endloop
  endfacet
  facet normal 0 0 -1
    outer loop
      vertex 49.4064 52.5476 18.05
      vertex -49.2103 53.3305 18.05
      vertex -49.1971 53.6 18.05
    endloop
  endfacet
  facet normal 0 0 -1
    outer loop
      vertex -49.4064 9.62738 18.05
      vertex 49.4064 9.62738 18.05
      vertex -49.3155 9.37328 18.05
    endloop
  endfacet
  facet normal 0 0 -1
    outer loop
      vertex 49.4064 52.5476 18.05
      vertex -49.2499 53.0635 18.05
      vertex -49.2103 53.3305 18.05
    endloop
  endfacet
  facet normal 0 0 -1
    outer loop
      vertex 49.4064 9.62738 18.05
      vertex -49.4064 9.62738 18.05
      vertex 49.4064 52.5476 18.05
    endloop
  endfacet
  facet normal 0 0 -1
    outer loop
      vertex 49.4064 52.5476 18.05
      vertex -49.3155 52.8017 18.05
      vertex -49.2499 53.0635 18.05
    endloop
  endfacet
  facet normal 0 0 -1
    outer loop
      vertex -49.4064 52.5476 18.05
      vertex 49.4064 52.5476 18.05
      vertex -49.4064 9.62738 18.05
    endloop
  endfacet
  facet normal 0 0 -1
    outer loop
      vertex 49.4064 52.5476 18.05
      vertex -49.4064 52.5476 18.05
      vertex -49.3155 52.8017 18.05
    endloop
  endfacet
  facet normal 0 0 -1
    outer loop
      vertex -49.5218 9.87134 18.05
      vertex -49.4064 52.5476 18.05
      vertex -49.4064 9.62738 18.05
    endloop
  endfacet
  facet normal 0 0 -1
    outer loop
      vertex -49.5218 9.87134 18.05
      vertex -49.5218 52.3037 18.05
      vertex -49.4064 52.5476 18.05
    endloop
  endfacet
  facet normal 0 0 -1
    outer loop
      vertex -49.6606 10.1028 18.05
      vertex -49.5218 52.3037 18.05
      vertex -49.5218 9.87134 18.05
    endloop
  endfacet
  facet normal 0 0 -1
    outer loop
      vertex -49.6606 10.1028 18.05
      vertex -49.6606 52.0722 18.05
      vertex -49.5218 52.3037 18.05
    endloop
  endfacet
  facet normal 0 0 -1
    outer loop
      vertex -49.8213 10.3196 18.05
      vertex -49.6606 52.0722 18.05
      vertex -49.6606 10.1028 18.05
    endloop
  endfacet
  facet normal 0 0 -1
    outer loop
      vertex -49.8213 10.3196 18.05
      vertex -49.8213 51.8554 18.05
      vertex -49.6606 52.0722 18.05
    endloop
  endfacet
  facet normal 0 0 -1
    outer loop
      vertex -50.0026 10.5195 18.05
      vertex -49.8213 51.8554 18.05
      vertex -49.8213 10.3196 18.05
    endloop
  endfacet
  facet normal 0 0 -1
    outer loop
      vertex -50.0026 10.5195 18.05
      vertex -50.0026 51.6555 18.05
      vertex -49.8213 51.8554 18.05
    endloop
  endfacet
  facet normal 0 0 -1
    outer loop
      vertex -50.2025 10.7008 18.05
      vertex -50.0026 51.6555 18.05
      vertex -50.0026 10.5195 18.05
    endloop
  endfacet
  facet normal 0 0 -1
    outer loop
      vertex -50.2025 10.7008 18.05
      vertex -50.2025 51.4742 18.05
      vertex -50.0026 51.6555 18.05
    endloop
  endfacet
  facet normal 0 0 -1
    outer loop
      vertex -50.4193 10.8615 18.05
      vertex -50.2025 51.4742 18.05
      vertex -50.2025 10.7008 18.05
    endloop
  endfacet
  facet normal 0 0 -1
    outer loop
      vertex -50.4193 10.8615 18.05
      vertex -50.4193 51.3135 18.05
      vertex -50.2025 51.4742 18.05
    endloop
  endfacet
  facet normal 0 0 -1
    outer loop
      vertex -50.6508 11.0003 18.05
      vertex -50.4193 51.3135 18.05
      vertex -50.4193 10.8615 18.05
    endloop
  endfacet
  facet normal 0 0 -1
    outer loop
      vertex -50.6508 11.0003 18.05
      vertex -50.6508 51.1747 18.05
      vertex -50.4193 51.3135 18.05
    endloop
  endfacet
  facet normal 0 0 -1
    outer loop
      vertex -50.8947 11.1157 18.05
      vertex -50.6508 51.1747 18.05
      vertex -50.6508 11.0003 18.05
    endloop
  endfacet
  facet normal 0 0 -1
    outer loop
      vertex -50.8947 11.1157 18.05
      vertex -50.8947 51.0593 18.05
      vertex -50.6508 51.1747 18.05
    endloop
  endfacet
  facet normal 0 0 -1
    outer loop
      vertex -51.1488 11.2066 18.05
      vertex -50.8947 51.0593 18.05
      vertex -50.8947 11.1157 18.05
    endloop
  endfacet
  facet normal 0 0 -1
    outer loop
      vertex -51.1488 11.2066 18.05
      vertex -51.1488 50.9684 18.05
      vertex -50.8947 51.0593 18.05
    endloop
  endfacet
  facet normal 0 0 -1
    outer loop
      vertex -51.4106 11.2722 18.05
      vertex -51.1488 50.9684 18.05
      vertex -51.1488 11.2066 18.05
    endloop
  endfacet
  facet normal 0 0 -1
    outer loop
      vertex -51.4106 11.2722 18.05
      vertex -51.4106 50.9028 18.05
      vertex -51.1488 50.9684 18.05
    endloop
  endfacet
  facet normal 0 0 -1
    outer loop
      vertex -51.6776 11.3118 18.05
      vertex -51.4106 50.9028 18.05
      vertex -51.4106 11.2722 18.05
    endloop
  endfacet
  facet normal 0 0 -1
    outer loop
      vertex -51.6776 11.3118 18.05
      vertex -51.6776 50.8632 18.05
      vertex -51.4106 50.9028 18.05
    endloop
  endfacet
  facet normal 0 0 -1
    outer loop
      vertex -51.9471 11.325 18.05
      vertex -51.6776 50.8632 18.05
      vertex -51.6776 11.3118 18.05
    endloop
  endfacet
  facet normal 0 0 -1
    outer loop
      vertex -51.9471 11.325 18.05
      vertex -51.9471 50.85 18.05
      vertex -51.6776 50.8632 18.05
    endloop
  endfacet
  facet normal 0 0 -1
    outer loop
      vertex -52.2166 11.3118 18.05
      vertex -51.9471 50.85 18.05
      vertex -51.9471 11.325 18.05
    endloop
  endfacet
  facet normal 0 0 -1
    outer loop
      vertex -52.2166 11.3118 18.05
      vertex -52.2166 50.8632 18.05
      vertex -51.9471 50.85 18.05
    endloop
  endfacet
  facet normal 0 0 -1
    outer loop
      vertex -52.4836 11.2722 18.05
      vertex -52.2166 50.8632 18.05
      vertex -52.2166 11.3118 18.05
    endloop
  endfacet
  facet normal 0 0 -1
    outer loop
      vertex -52.4836 11.2722 18.05
      vertex -52.4836 50.9028 18.05
      vertex -52.2166 50.8632 18.05
    endloop
  endfacet
  facet normal 0 0 -1
    outer loop
      vertex -52.7454 11.2066 18.05
      vertex -52.4836 50.9028 18.05
      vertex -52.4836 11.2722 18.05
    endloop
  endfacet
  facet normal 0 0 -1
    outer loop
      vertex -52.7454 11.2066 18.05
      vertex -52.7454 50.9684 18.05
      vertex -52.4836 50.9028 18.05
    endloop
  endfacet
  facet normal 0 0 -1
    outer loop
      vertex -52.9995 11.1157 18.05
      vertex -52.7454 50.9684 18.05
      vertex -52.7454 11.2066 18.05
    endloop
  endfacet
  facet normal 0 0 -1
    outer loop
      vertex -52.9995 11.1157 18.05
      vertex -52.9995 51.0593 18.05
      vertex -52.7454 50.9684 18.05
    endloop
  endfacet
  facet normal 0 0 -1
    outer loop
      vertex -53.2434 11.0003 18.05
      vertex -52.9995 51.0593 18.05
      vertex -52.9995 11.1157 18.05
    endloop
  endfacet
  facet normal 0 0 -1
    outer loop
      vertex -53.2434 11.0003 18.05
      vertex -53.2434 51.1747 18.05
      vertex -52.9995 51.0593 18.05
    endloop
  endfacet
  facet normal 0 0 -1
    outer loop
      vertex -53.4749 10.8615 18.05
      vertex -53.2434 51.1747 18.05
      vertex -53.2434 11.0003 18.05
    endloop
  endfacet
  facet normal 0 0 -1
    outer loop
      vertex -53.4749 10.8615 18.05
      vertex -53.4749 51.3135 18.05
      vertex -53.2434 51.1747 18.05
    endloop
  endfacet
  facet normal 0 0 -1
    outer loop
      vertex -53.6917 10.7008 18.05
      vertex -53.4749 51.3135 18.05
      vertex -53.4749 10.8615 18.05
    endloop
  endfacet
  facet normal 0 0 -1
    outer loop
      vertex -53.6917 10.7008 18.05
      vertex -53.6917 51.4742 18.05
      vertex -53.4749 51.3135 18.05
    endloop
  endfacet
  facet normal 0 0 -1
    outer loop
      vertex -53.8916 10.5195 18.05
      vertex -53.6917 51.4742 18.05
      vertex -53.6917 10.7008 18.05
    endloop
  endfacet
  facet normal 0 0 -1
    outer loop
      vertex -53.8916 10.5195 18.05
      vertex -53.8916 51.6555 18.05
      vertex -53.6917 51.4742 18.05
    endloop
  endfacet
  facet normal 0 0 -1
    outer loop
      vertex -54.0729 10.3196 18.05
      vertex -53.8916 51.6555 18.05
      vertex -53.8916 10.5195 18.05
    endloop
  endfacet
  facet normal 0 0 -1
    outer loop
      vertex -54.0729 10.3196 18.05
      vertex -54.0729 51.8554 18.05
      vertex -53.8916 51.6555 18.05
    endloop
  endfacet
  facet normal 0 0 -1
    outer loop
      vertex -54.2336 10.1028 18.05
      vertex -54.0729 51.8554 18.05
      vertex -54.0729 10.3196 18.05
    endloop
  endfacet
  facet normal 0 0 -1
    outer loop
      vertex -54.2336 10.1028 18.05
      vertex -54.2336 52.0722 18.05
      vertex -54.0729 51.8554 18.05
    endloop
  endfacet
  facet normal 0 0 -1
    outer loop
      vertex -54.3724 9.87134 18.05
      vertex -54.2336 52.0722 18.05
      vertex -54.2336 10.1028 18.05
    endloop
  endfacet
  facet normal 0 0 -1
    outer loop
      vertex -54.3724 9.87134 18.05
      vertex -54.3724 52.3037 18.05
      vertex -54.2336 52.0722 18.05
    endloop
  endfacet
  facet normal 0 0 -1
    outer loop
      vertex -54.4878 9.62738 18.05
      vertex -54.3724 52.3037 18.05
      vertex -54.3724 9.87134 18.05
    endloop
  endfacet
  facet normal 0 0 -1
    outer loop
      vertex -54.4878 9.62738 18.05
      vertex -54.4878 52.5476 18.05
      vertex -54.3724 52.3037 18.05
    endloop
  endfacet
  facet normal 0 0 -1
    outer loop
      vertex -54.5787 9.37328 18.05
      vertex -54.4878 52.5476 18.05
      vertex -54.4878 9.62738 18.05
    endloop
  endfacet
  facet normal 0 0 -1
    outer loop
      vertex -54.5787 9.37328 18.05
      vertex -54.5787 52.8017 18.05
      vertex -54.4878 52.5476 18.05
    endloop
  endfacet
  facet normal 0 0 -1
    outer loop
      vertex -54.6443 9.1115 18.05
      vertex -54.5787 52.8017 18.05
      vertex -54.5787 9.37328 18.05
    endloop
  endfacet
  facet normal 0 0 -1
    outer loop
      vertex -54.6443 9.1115 18.05
      vertex -54.6443 53.0635 18.05
      vertex -54.5787 52.8017 18.05
    endloop
  endfacet
  facet normal 0 0 -1
    outer loop
      vertex -54.6839 8.84455 18.05
      vertex -54.6443 53.0635 18.05
      vertex -54.6443 9.1115 18.05
    endloop
  endfacet
  facet normal 0 0 -1
    outer loop
      vertex -54.6839 8.84455 18.05
      vertex -54.6839 53.3305 18.05
      vertex -54.6443 53.0635 18.05
    endloop
  endfacet
  facet normal 0 0 -1
    outer loop
      vertex -59.325 82.113 18.05
      vertex -54.6839 8.84455 18.05
      vertex -54.6971 8.575 18.05
    endloop
  endfacet
  facet normal 0 0 -1
    outer loop
      vertex -54.6839 8.84455 18.05
      vertex -59.325 82.113 18.05
      vertex -54.6839 53.3305 18.05
    endloop
  endfacet
  facet normal 0 0 -1
    outer loop
      vertex 49.2103 8.30545 18.05
      vertex -49.2103 8.30545 18.05
      vertex -49.1971 8.575 18.05
    endloop
  endfacet
  facet normal 0 0 -1
    outer loop
      vertex 46.925 -71.325 18.05
      vertex -49.2499 8.0385 18.05
      vertex -49.2103 8.30545 18.05
    endloop
  endfacet
  facet normal 0 0 -1
    outer loop
      vertex 46.925 -71.325 18.05
      vertex -49.3155 7.77672 18.05
      vertex -49.2499 8.0385 18.05
    endloop
  endfacet
  facet normal 0 0 -1
    outer loop
      vertex 46.925 -71.325 18.05
      vertex -49.4064 7.52262 18.05
      vertex -49.3155 7.77672 18.05
    endloop
  endfacet
  facet normal 0 0 -1
    outer loop
      vertex 46.925 -71.325 18.05
      vertex -49.5218 7.27866 18.05
      vertex -49.4064 7.52262 18.05
    endloop
  endfacet
  facet normal 0 0 -1
    outer loop
      vertex 46.925 -71.325 18.05
      vertex -49.6606 7.04718 18.05
      vertex -49.5218 7.27866 18.05
    endloop
  endfacet
  facet normal 0 0 -1
    outer loop
      vertex -46.925 -71.325 18.05
      vertex -49.8213 6.83042 18.05
      vertex -49.6606 7.04718 18.05
    endloop
  endfacet
  facet normal 0 0 -1
    outer loop
      vertex -59.325 -58.925 18.05
      vertex -46.925 -71.325 18.05
      vertex -49.8289 -71.2876 18.05
    endloop
  endfacet
  facet normal 0 0 -1
    outer loop
      vertex -46.925 -71.325 18.05
      vertex -50.0026 6.63046 18.05
      vertex -49.8213 6.83042 18.05
    endloop
  endfacet
  facet normal 0 -0 -1
    outer loop
      vertex -50.2025 6.44922 18.05
      vertex -46.925 -71.325 18.05
      vertex -59.325 -58.925 18.05
    endloop
  endfacet
  facet normal 0 0 -1
    outer loop
      vertex -46.925 -71.325 18.05
      vertex -50.2025 6.44922 18.05
      vertex -50.0026 6.63046 18.05
    endloop
  endfacet
  facet normal 0 0 -1
    outer loop
      vertex -50.2025 6.44922 18.05
      vertex -59.325 -58.925 18.05
      vertex -50.4193 6.28846 18.05
    endloop
  endfacet
  facet normal 0 0 -1
    outer loop
      vertex -50.4193 6.28846 18.05
      vertex -59.325 -58.925 18.05
      vertex -50.6508 6.14972 18.05
    endloop
  endfacet
  facet normal 0 0 -1
    outer loop
      vertex -50.6508 6.14972 18.05
      vertex -59.325 -58.925 18.05
      vertex -50.8947 6.03433 18.05
    endloop
  endfacet
  facet normal 0 0 -1
    outer loop
      vertex -59.325 -58.925 18.05
      vertex -49.8289 -71.2876 18.05
      vertex -51.39 -71.1755 18.05
    endloop
  endfacet
  facet normal 0 0 -1
    outer loop
      vertex -50.8947 6.03433 18.05
      vertex -59.325 -58.925 18.05
      vertex -51.1488 5.94341 18.05
    endloop
  endfacet
  facet normal 0 0 -1
    outer loop
      vertex -51.1488 5.94341 18.05
      vertex -59.325 -58.925 18.05
      vertex -51.4106 5.87784 18.05
    endloop
  endfacet
  facet normal 0 0 -1
    outer loop
      vertex -51.4106 5.87784 18.05
      vertex -59.325 -58.925 18.05
      vertex -51.6776 5.83824 18.05
    endloop
  endfacet
  facet normal 0 0 -1
    outer loop
      vertex -51.6776 5.83824 18.05
      vertex -59.325 -58.925 18.05
      vertex -51.9471 5.825 18.05
    endloop
  endfacet
  facet normal -0 0 -1
    outer loop
      vertex -51.9471 5.825 18.05
      vertex -59.325 -58.925 18.05
      vertex -52.2166 5.83824 18.05
    endloop
  endfacet
  facet normal 0 0 -1
    outer loop
      vertex -59.325 -58.925 18.05
      vertex -51.39 -71.1755 18.05
      vertex -52.6488 -70.9885 18.05
    endloop
  endfacet
  facet normal -0 0 -1
    outer loop
      vertex -52.2166 5.83824 18.05
      vertex -59.325 -58.925 18.05
      vertex -52.4836 5.87784 18.05
    endloop
  endfacet
  facet normal -0 0 -1
    outer loop
      vertex -52.4836 5.87784 18.05
      vertex -59.325 -58.925 18.05
      vertex -52.7454 5.94341 18.05
    endloop
  endfacet
  facet normal -0 0 -1
    outer loop
      vertex -52.7454 5.94341 18.05
      vertex -59.325 -58.925 18.05
      vertex -52.9995 6.03433 18.05
    endloop
  endfacet
  facet normal -0 0 -1
    outer loop
      vertex -52.9995 6.03433 18.05
      vertex -59.325 -58.925 18.05
      vertex -53.2434 6.14972 18.05
    endloop
  endfacet
  facet normal -0 0 -1
    outer loop
      vertex -53.2434 6.14972 18.05
      vertex -59.325 -58.925 18.05
      vertex -53.4749 6.28846 18.05
    endloop
  endfacet
  facet normal 0 0 -1
    outer loop
      vertex -59.325 -58.925 18.05
      vertex -52.6488 -70.9885 18.05
      vertex -53.7279 -70.7263 18.05
    endloop
  endfacet
  facet normal -0 0 -1
    outer loop
      vertex -53.4749 6.28846 18.05
      vertex -59.325 -58.925 18.05
      vertex -53.6917 6.44922 18.05
    endloop
  endfacet
  facet normal -0 0 -1
    outer loop
      vertex -53.6917 6.44922 18.05
      vertex -59.325 -58.925 18.05
      vertex -53.8916 6.63046 18.05
    endloop
  endfacet
  facet normal -0 0 -1
    outer loop
      vertex -53.8916 6.63046 18.05
      vertex -59.325 -58.925 18.05
      vertex -54.0729 6.83042 18.05
    endloop
  endfacet
  facet normal -0 0 -1
    outer loop
      vertex -54.0729 6.83042 18.05
      vertex -59.325 -58.925 18.05
      vertex -54.2336 7.04718 18.05
    endloop
  endfacet
  facet normal -0 0 -1
    outer loop
      vertex -54.2336 7.04718 18.05
      vertex -59.325 -58.925 18.05
      vertex -54.3724 7.27866 18.05
    endloop
  endfacet
  facet normal -0 0 -1
    outer loop
      vertex -54.3724 7.27866 18.05
      vertex -59.325 -58.925 18.05
      vertex -54.4878 7.52262 18.05
    endloop
  endfacet
  facet normal -0 0 -1
    outer loop
      vertex -54.4878 7.52262 18.05
      vertex -59.325 -58.925 18.05
      vertex -54.5787 7.77672 18.05
    endloop
  endfacet
  facet normal 0 0 -1
    outer loop
      vertex -59.325 -58.925 18.05
      vertex -53.7279 -70.7263 18.05
      vertex -54.6748 -70.3884 18.05
    endloop
  endfacet
  facet normal -0 0 -1
    outer loop
      vertex -54.5787 7.77672 18.05
      vertex -59.325 -58.925 18.05
      vertex -54.6443 8.0385 18.05
    endloop
  endfacet
  facet normal -0 0 -1
    outer loop
      vertex -54.6443 8.0385 18.05
      vertex -59.325 -58.925 18.05
      vertex -54.6839 8.30545 18.05
    endloop
  endfacet
  facet normal -0 0 -1
    outer loop
      vertex -54.6839 8.30545 18.05
      vertex -59.325 -58.925 18.05
      vertex -54.6971 8.575 18.05
    endloop
  endfacet
  facet normal 0 0 -1
    outer loop
      vertex -59.325 -58.925 18.05
      vertex -54.6748 -70.3884 18.05
      vertex -55.5128 -69.9741 18.05
    endloop
  endfacet
  facet normal 0 0 -1
    outer loop
      vertex 54.6839 53.3305 18.05
      vertex 59.325 82.113 18.05
      vertex 54.6839 8.84455 18.05
    endloop
  endfacet
  facet normal 0 0 -1
    outer loop
      vertex 59.325 82.113 18.05
      vertex 54.6839 53.3305 18.05
      vertex 54.6971 53.6 18.05
    endloop
  endfacet
  facet normal 0 0 -1
    outer loop
      vertex 54.6443 9.1115 18.05
      vertex 54.6839 53.3305 18.05
      vertex 54.6839 8.84455 18.05
    endloop
  endfacet
  facet normal 0 0 -1
    outer loop
      vertex 54.6443 9.1115 18.05
      vertex 54.6443 53.0635 18.05
      vertex 54.6839 53.3305 18.05
    endloop
  endfacet
  facet normal 0 0 -1
    outer loop
      vertex 54.5787 9.37328 18.05
      vertex 54.6443 53.0635 18.05
      vertex 54.6443 9.1115 18.05
    endloop
  endfacet
  facet normal 0 0 -1
    outer loop
      vertex 54.5787 9.37328 18.05
      vertex 54.5787 52.8017 18.05
      vertex 54.6443 53.0635 18.05
    endloop
  endfacet
  facet normal 0 0 -1
    outer loop
      vertex 54.4878 9.62738 18.05
      vertex 54.5787 52.8017 18.05
      vertex 54.5787 9.37328 18.05
    endloop
  endfacet
  facet normal 0 0 -1
    outer loop
      vertex 54.4878 9.62738 18.05
      vertex 54.4878 52.5476 18.05
      vertex 54.5787 52.8017 18.05
    endloop
  endfacet
  facet normal 0 0 -1
    outer loop
      vertex 54.3724 9.87134 18.05
      vertex 54.4878 52.5476 18.05
      vertex 54.4878 9.62738 18.05
    endloop
  endfacet
  facet normal 0 0 -1
    outer loop
      vertex 54.3724 9.87134 18.05
      vertex 54.3724 52.3037 18.05
      vertex 54.4878 52.5476 18.05
    endloop
  endfacet
  facet normal 0 0 -1
    outer loop
      vertex 54.2336 10.1028 18.05
      vertex 54.3724 52.3037 18.05
      vertex 54.3724 9.87134 18.05
    endloop
  endfacet
  facet normal 0 0 -1
    outer loop
      vertex 54.2336 10.1028 18.05
      vertex 54.2336 52.0722 18.05
      vertex 54.3724 52.3037 18.05
    endloop
  endfacet
  facet normal 0 0 -1
    outer loop
      vertex 54.0729 10.3196 18.05
      vertex 54.2336 52.0722 18.05
      vertex 54.2336 10.1028 18.05
    endloop
  endfacet
  facet normal 0 0 -1
    outer loop
      vertex 54.0729 10.3196 18.05
      vertex 54.0729 51.8554 18.05
      vertex 54.2336 52.0722 18.05
    endloop
  endfacet
  facet normal 0 0 -1
    outer loop
      vertex 53.8916 10.5195 18.05
      vertex 54.0729 51.8554 18.05
      vertex 54.0729 10.3196 18.05
    endloop
  endfacet
  facet normal 0 0 -1
    outer loop
      vertex 53.8916 10.5195 18.05
      vertex 53.8916 51.6555 18.05
      vertex 54.0729 51.8554 18.05
    endloop
  endfacet
  facet normal 0 0 -1
    outer loop
      vertex 53.6917 10.7008 18.05
      vertex 53.8916 51.6555 18.05
      vertex 53.8916 10.5195 18.05
    endloop
  endfacet
  facet normal 0 0 -1
    outer loop
      vertex 53.6917 10.7008 18.05
      vertex 53.6917 51.4742 18.05
      vertex 53.8916 51.6555 18.05
    endloop
  endfacet
  facet normal 0 0 -1
    outer loop
      vertex 53.4749 10.8615 18.05
      vertex 53.6917 51.4742 18.05
      vertex 53.6917 10.7008 18.05
    endloop
  endfacet
  facet normal 0 0 -1
    outer loop
      vertex 53.4749 10.8615 18.05
      vertex 53.4749 51.3135 18.05
      vertex 53.6917 51.4742 18.05
    endloop
  endfacet
  facet normal 0 0 -1
    outer loop
      vertex 53.2434 11.0003 18.05
      vertex 53.4749 51.3135 18.05
      vertex 53.4749 10.8615 18.05
    endloop
  endfacet
  facet normal 0 0 -1
    outer loop
      vertex 53.2434 11.0003 18.05
      vertex 53.2434 51.1747 18.05
      vertex 53.4749 51.3135 18.05
    endloop
  endfacet
  facet normal 0 0 -1
    outer loop
      vertex 52.9995 11.1157 18.05
      vertex 53.2434 51.1747 18.05
      vertex 53.2434 11.0003 18.05
    endloop
  endfacet
  facet normal 0 0 -1
    outer loop
      vertex 52.9995 11.1157 18.05
      vertex 52.9995 51.0593 18.05
      vertex 53.2434 51.1747 18.05
    endloop
  endfacet
  facet normal 0 0 -1
    outer loop
      vertex 52.7454 11.2066 18.05
      vertex 52.9995 51.0593 18.05
      vertex 52.9995 11.1157 18.05
    endloop
  endfacet
  facet normal 0 0 -1
    outer loop
      vertex 52.7454 11.2066 18.05
      vertex 52.7454 50.9684 18.05
      vertex 52.9995 51.0593 18.05
    endloop
  endfacet
  facet normal 0 0 -1
    outer loop
      vertex 52.4836 11.2722 18.05
      vertex 52.7454 50.9684 18.05
      vertex 52.7454 11.2066 18.05
    endloop
  endfacet
  facet normal 0 0 -1
    outer loop
      vertex 52.4836 11.2722 18.05
      vertex 52.4836 50.9028 18.05
      vertex 52.7454 50.9684 18.05
    endloop
  endfacet
  facet normal 0 0 -1
    outer loop
      vertex 52.2166 11.3118 18.05
      vertex 52.4836 50.9028 18.05
      vertex 52.4836 11.2722 18.05
    endloop
  endfacet
  facet normal 0 0 -1
    outer loop
      vertex 52.2166 11.3118 18.05
      vertex 52.2166 50.8632 18.05
      vertex 52.4836 50.9028 18.05
    endloop
  endfacet
  facet normal 0 0 -1
    outer loop
      vertex 51.9471 11.325 18.05
      vertex 52.2166 50.8632 18.05
      vertex 52.2166 11.3118 18.05
    endloop
  endfacet
  facet normal 0 0 -1
    outer loop
      vertex 51.9471 11.325 18.05
      vertex 51.9471 50.85 18.05
      vertex 52.2166 50.8632 18.05
    endloop
  endfacet
  facet normal 0 0 -1
    outer loop
      vertex 51.6776 11.3118 18.05
      vertex 51.9471 50.85 18.05
      vertex 51.9471 11.325 18.05
    endloop
  endfacet
  facet normal 0 0 -1
    outer loop
      vertex 51.6776 11.3118 18.05
      vertex 51.6776 50.8632 18.05
      vertex 51.9471 50.85 18.05
    endloop
  endfacet
  facet normal 0 0 -1
    outer loop
      vertex 51.4106 11.2722 18.05
      vertex 51.6776 50.8632 18.05
      vertex 51.6776 11.3118 18.05
    endloop
  endfacet
  facet normal 0 0 -1
    outer loop
      vertex 51.4106 11.2722 18.05
      vertex 51.4106 50.9028 18.05
      vertex 51.6776 50.8632 18.05
    endloop
  endfacet
  facet normal 0 0 -1
    outer loop
      vertex 51.1488 11.2066 18.05
      vertex 51.4106 50.9028 18.05
      vertex 51.4106 11.2722 18.05
    endloop
  endfacet
  facet normal 0 0 -1
    outer loop
      vertex 51.1488 11.2066 18.05
      vertex 51.1488 50.9684 18.05
      vertex 51.4106 50.9028 18.05
    endloop
  endfacet
  facet normal 0 0 -1
    outer loop
      vertex 50.8947 11.1157 18.05
      vertex 51.1488 50.9684 18.05
      vertex 51.1488 11.2066 18.05
    endloop
  endfacet
  facet normal 0 0 -1
    outer loop
      vertex 50.8947 11.1157 18.05
      vertex 50.8947 51.0593 18.05
      vertex 51.1488 50.9684 18.05
    endloop
  endfacet
  facet normal 0 0 -1
    outer loop
      vertex 50.6508 11.0003 18.05
      vertex 50.8947 51.0593 18.05
      vertex 50.8947 11.1157 18.05
    endloop
  endfacet
  facet normal 0 0 -1
    outer loop
      vertex 50.6508 11.0003 18.05
      vertex 50.6508 51.1747 18.05
      vertex 50.8947 51.0593 18.05
    endloop
  endfacet
  facet normal 0 0 -1
    outer loop
      vertex 50.4193 10.8615 18.05
      vertex 50.6508 51.1747 18.05
      vertex 50.6508 11.0003 18.05
    endloop
  endfacet
  facet normal 0 0 -1
    outer loop
      vertex 50.4193 10.8615 18.05
      vertex 50.4193 51.3135 18.05
      vertex 50.6508 51.1747 18.05
    endloop
  endfacet
  facet normal 0 0 -1
    outer loop
      vertex 50.2025 10.7008 18.05
      vertex 50.4193 51.3135 18.05
      vertex 50.4193 10.8615 18.05
    endloop
  endfacet
  facet normal 0 0 -1
    outer loop
      vertex 50.2025 10.7008 18.05
      vertex 50.2025 51.4742 18.05
      vertex 50.4193 51.3135 18.05
    endloop
  endfacet
  facet normal 0 0 -1
    outer loop
      vertex 50.0026 10.5195 18.05
      vertex 50.2025 51.4742 18.05
      vertex 50.2025 10.7008 18.05
    endloop
  endfacet
  facet normal 0 0 -1
    outer loop
      vertex 50.0026 10.5195 18.05
      vertex 50.0026 51.6555 18.05
      vertex 50.2025 51.4742 18.05
    endloop
  endfacet
  facet normal 0 0 -1
    outer loop
      vertex 49.8213 10.3196 18.05
      vertex 50.0026 51.6555 18.05
      vertex 50.0026 10.5195 18.05
    endloop
  endfacet
  facet normal 0 0 -1
    outer loop
      vertex 49.8213 10.3196 18.05
      vertex 49.8213 51.8554 18.05
      vertex 50.0026 51.6555 18.05
    endloop
  endfacet
  facet normal 0 0 -1
    outer loop
      vertex 49.6606 10.1028 18.05
      vertex 49.8213 51.8554 18.05
      vertex 49.8213 10.3196 18.05
    endloop
  endfacet
  facet normal 0 0 -1
    outer loop
      vertex 49.6606 10.1028 18.05
      vertex 49.6606 52.0722 18.05
      vertex 49.8213 51.8554 18.05
    endloop
  endfacet
  facet normal 0 0 -1
    outer loop
      vertex 49.5218 9.87134 18.05
      vertex 49.6606 52.0722 18.05
      vertex 49.6606 10.1028 18.05
    endloop
  endfacet
  facet normal 0 0 -1
    outer loop
      vertex 49.5218 9.87134 18.05
      vertex 49.5218 52.3037 18.05
      vertex 49.6606 52.0722 18.05
    endloop
  endfacet
  facet normal 0 0 -1
    outer loop
      vertex 49.4064 9.62738 18.05
      vertex 49.5218 52.3037 18.05
      vertex 49.5218 9.87134 18.05
    endloop
  endfacet
  facet normal 0 0 -1
    outer loop
      vertex 49.4064 9.62738 18.05
      vertex 49.4064 52.5476 18.05
      vertex 49.5218 52.3037 18.05
    endloop
  endfacet
  facet normal 0 0 -1
    outer loop
      vertex -49.2499 9.1115 18.05
      vertex 49.2499 9.1115 18.05
      vertex -49.2103 8.84455 18.05
    endloop
  endfacet
  facet normal 0 0 -1
    outer loop
      vertex 49.2499 9.1115 18.05
      vertex -49.2499 9.1115 18.05
      vertex 49.3155 9.37328 18.05
    endloop
  endfacet
  facet normal 0 0 -1
    outer loop
      vertex 49.2103 8.84455 18.05
      vertex -49.2103 8.84455 18.05
      vertex 49.2499 9.1115 18.05
    endloop
  endfacet
  facet normal 0 0 -1
    outer loop
      vertex -49.3155 9.37328 18.05
      vertex 49.3155 9.37328 18.05
      vertex -49.2499 9.1115 18.05
    endloop
  endfacet
  facet normal 0 0 -1
    outer loop
      vertex -49.2103 8.84455 18.05
      vertex 49.2103 8.84455 18.05
      vertex -49.1971 8.575 18.05
    endloop
  endfacet
  facet normal 0 0 -1
    outer loop
      vertex 49.4064 52.5476 18.05
      vertex -49.1971 53.6 18.05
      vertex 49.3155 52.8017 18.05
    endloop
  endfacet
  facet normal 0 0 -1
    outer loop
      vertex -49.1971 8.575 18.05
      vertex 49.2103 8.84455 18.05
      vertex 49.1971 8.575 18.05
    endloop
  endfacet
  facet normal 0 0 -1
    outer loop
      vertex 49.3155 52.8017 18.05
      vertex -49.1971 53.6 18.05
      vertex 49.2499 53.0635 18.05
    endloop
  endfacet
  facet normal 0 0 -1
    outer loop
      vertex 59.325 -58.925 18.05
      vertex 54.6839 8.30545 18.05
      vertex 54.6971 8.575 18.05
    endloop
  endfacet
  facet normal 0 0 -1
    outer loop
      vertex 53.7279 -70.7263 18.05
      vertex 55.5128 -69.9741 18.05
      vertex 54.6748 -70.3884 18.05
    endloop
  endfacet
  facet normal 0 0 -1
    outer loop
      vertex 59.325 -58.925 18.05
      vertex 54.6443 8.0385 18.05
      vertex 54.6839 8.30545 18.05
    endloop
  endfacet
  facet normal 0 0 -1
    outer loop
      vertex 59.325 -58.925 18.05
      vertex 54.5787 7.77672 18.05
      vertex 54.6443 8.0385 18.05
    endloop
  endfacet
  facet normal 0 0 -1
    outer loop
      vertex 59.325 -58.925 18.05
      vertex 54.4878 7.52262 18.05
      vertex 54.5787 7.77672 18.05
    endloop
  endfacet
  facet normal 0 0 -1
    outer loop
      vertex 59.325 -58.925 18.05
      vertex 54.3724 7.27866 18.05
      vertex 54.4878 7.52262 18.05
    endloop
  endfacet
  facet normal 0 0 -1
    outer loop
      vertex 59.325 -58.925 18.05
      vertex 54.2336 7.04718 18.05
      vertex 54.3724 7.27866 18.05
    endloop
  endfacet
  facet normal 0 0 -1
    outer loop
      vertex 59.325 -58.925 18.05
      vertex 54.0729 6.83042 18.05
      vertex 54.2336 7.04718 18.05
    endloop
  endfacet
  facet normal 0 0 -1
    outer loop
      vertex 59.325 -58.925 18.05
      vertex 53.8916 6.63046 18.05
      vertex 54.0729 6.83042 18.05
    endloop
  endfacet
  facet normal -0 0 -1
    outer loop
      vertex 59.1755 -63.39 18.05
      vertex 51.39 -71.1755 18.05
      vertex 59.2876 -61.8289 18.05
    endloop
  endfacet
  facet normal 0 0 -1
    outer loop
      vertex 59.325 -58.925 18.05
      vertex 53.6917 6.44922 18.05
      vertex 53.8916 6.63046 18.05
    endloop
  endfacet
  facet normal 0 0 -1
    outer loop
      vertex 59.325 -58.925 18.05
      vertex 53.4749 6.28846 18.05
      vertex 53.6917 6.44922 18.05
    endloop
  endfacet
  facet normal 0 0 -1
    outer loop
      vertex 59.325 -58.925 18.05
      vertex 53.2434 6.14972 18.05
      vertex 53.4749 6.28846 18.05
    endloop
  endfacet
  facet normal 0 0 -1
    outer loop
      vertex 59.325 -58.925 18.05
      vertex 52.9995 6.03433 18.05
      vertex 53.2434 6.14972 18.05
    endloop
  endfacet
  facet normal 0 0 -1
    outer loop
      vertex 59.325 -58.925 18.05
      vertex 52.7454 5.94341 18.05
      vertex 52.9995 6.03433 18.05
    endloop
  endfacet
  facet normal 0 0 -1
    outer loop
      vertex 49.8289 -71.2876 18.05
      vertex 59.2876 -61.8289 18.05
      vertex 51.39 -71.1755 18.05
    endloop
  endfacet
  facet normal 0 0 -1
    outer loop
      vertex 59.325 -58.925 18.05
      vertex 52.4836 5.87784 18.05
      vertex 52.7454 5.94341 18.05
    endloop
  endfacet
  facet normal 0 0 -1
    outer loop
      vertex 59.325 -58.925 18.05
      vertex 52.2166 5.83824 18.05
      vertex 52.4836 5.87784 18.05
    endloop
  endfacet
  facet normal 0 0 -1
    outer loop
      vertex 59.325 -58.925 18.05
      vertex 51.9471 5.825 18.05
      vertex 52.2166 5.83824 18.05
    endloop
  endfacet
  facet normal 0 0 -1
    outer loop
      vertex 59.325 -58.925 18.05
      vertex 51.6776 5.83824 18.05
      vertex 51.9471 5.825 18.05
    endloop
  endfacet
  facet normal 0 -0 -1
    outer loop
      vertex 50.2025 6.44922 18.05
      vertex 59.325 -58.925 18.05
      vertex 46.925 -71.325 18.05
    endloop
  endfacet
  facet normal -0 0 -1
    outer loop
      vertex 59.2876 -61.8289 18.05
      vertex 49.8289 -71.2876 18.05
      vertex 59.325 -58.925 18.05
    endloop
  endfacet
  facet normal 0 0 -1
    outer loop
      vertex 59.325 -58.925 18.05
      vertex 49.8289 -71.2876 18.05
      vertex 46.925 -71.325 18.05
    endloop
  endfacet
  facet normal 0 0 -1
    outer loop
      vertex 59.325 -58.925 18.05
      vertex 51.4106 5.87784 18.05
      vertex 51.6776 5.83824 18.05
    endloop
  endfacet
  facet normal 0 0 -1
    outer loop
      vertex 59.325 -58.925 18.05
      vertex 51.1488 5.94341 18.05
      vertex 51.4106 5.87784 18.05
    endloop
  endfacet
  facet normal 0 0 -1
    outer loop
      vertex 59.325 -58.925 18.05
      vertex 50.8947 6.03433 18.05
      vertex 51.1488 5.94341 18.05
    endloop
  endfacet
  facet normal 0 0 -1
    outer loop
      vertex 59.325 -58.925 18.05
      vertex 50.6508 6.14972 18.05
      vertex 50.8947 6.03433 18.05
    endloop
  endfacet
  facet normal 0 0 -1
    outer loop
      vertex 59.325 -58.925 18.05
      vertex 50.4193 6.28846 18.05
      vertex 50.6508 6.14972 18.05
    endloop
  endfacet
  facet normal 0 0 -1
    outer loop
      vertex 59.325 -58.925 18.05
      vertex 50.2025 6.44922 18.05
      vertex 50.4193 6.28846 18.05
    endloop
  endfacet
  facet normal -0 0 -1
    outer loop
      vertex 50.2025 6.44922 18.05
      vertex 46.925 -71.325 18.05
      vertex 50.0026 6.63046 18.05
    endloop
  endfacet
  facet normal -0 0 -1
    outer loop
      vertex 50.0026 6.63046 18.05
      vertex 46.925 -71.325 18.05
      vertex 49.8213 6.83042 18.05
    endloop
  endfacet
  facet normal -0 0 -1
    outer loop
      vertex 49.8213 6.83042 18.05
      vertex 46.925 -71.325 18.05
      vertex 49.6606 7.04718 18.05
    endloop
  endfacet
  facet normal 0 0 -1
    outer loop
      vertex -49.2103 8.30545 18.05
      vertex 49.6606 7.04718 18.05
      vertex 46.925 -71.325 18.05
    endloop
  endfacet
  facet normal 0 0 -1
    outer loop
      vertex -49.2103 8.30545 18.05
      vertex 49.5218 7.27866 18.05
      vertex 49.6606 7.04718 18.05
    endloop
  endfacet
  facet normal 0 0 -1
    outer loop
      vertex -49.2103 8.30545 18.05
      vertex 49.4064 7.52262 18.05
      vertex 49.5218 7.27866 18.05
    endloop
  endfacet
  facet normal 0 0 -1
    outer loop
      vertex -49.2103 8.30545 18.05
      vertex 49.3155 7.77672 18.05
      vertex 49.4064 7.52262 18.05
    endloop
  endfacet
  facet normal 0 0 -1
    outer loop
      vertex -49.2103 8.30545 18.05
      vertex 49.2499 8.0385 18.05
      vertex 49.3155 7.77672 18.05
    endloop
  endfacet
  facet normal 0 0 -1
    outer loop
      vertex 49.2103 8.30545 18.05
      vertex -49.1971 8.575 18.05
      vertex 49.1971 8.575 18.05
    endloop
  endfacet
  facet normal 0 0 -1
    outer loop
      vertex -49.2103 8.30545 18.05
      vertex 49.2103 8.30545 18.05
      vertex 49.2499 8.0385 18.05
    endloop
  endfacet
  facet normal -0 0 -1
    outer loop
      vertex 58.9885 -64.6488 18.05
      vertex 52.6488 -70.9885 18.05
      vertex 59.1755 -63.39 18.05
    endloop
  endfacet
  facet normal 0 0 -1
    outer loop
      vertex 52.6488 -70.9885 18.05
      vertex 58.9885 -64.6488 18.05
      vertex 53.7279 -70.7263 18.05
    endloop
  endfacet
  facet normal -0 0 -1
    outer loop
      vertex 58.7263 -65.7279 18.05
      vertex 53.7279 -70.7263 18.05
      vertex 58.9885 -64.6488 18.05
    endloop
  endfacet
  facet normal -0 0 -1
    outer loop
      vertex 58.3884 -66.6748 18.05
      vertex 53.7279 -70.7263 18.05
      vertex 58.7263 -65.7279 18.05
    endloop
  endfacet
  facet normal 0 0 -1
    outer loop
      vertex 59.325 -58.925 18.05
      vertex 54.6971 8.575 18.05
      vertex 59.325 82.113 18.05
    endloop
  endfacet
  facet normal 0 0 -1
    outer loop
      vertex 53.7279 -70.7263 18.05
      vertex 58.3884 -66.6748 18.05
      vertex 55.5128 -69.9741 18.05
    endloop
  endfacet
  facet normal 0 0 -1
    outer loop
      vertex 55.5128 -69.9741 18.05
      vertex 58.3884 -66.6748 18.05
      vertex 57.9741 -67.5128 18.05
    endloop
  endfacet
  facet normal 0 0 -1
    outer loop
      vertex 55.5128 -69.9741 18.05
      vertex 57.9741 -67.5128 18.05
      vertex 57.4819 -68.2553 18.05
    endloop
  endfacet
  facet normal 0 0 -1
    outer loop
      vertex 55.5128 -69.9741 18.05
      vertex 57.4819 -68.2553 18.05
      vertex 56.91 -68.91 18.05
    endloop
  endfacet
  facet normal 0 0 -1
    outer loop
      vertex 55.5128 -69.9741 18.05
      vertex 56.91 -68.91 18.05
      vertex 56.2553 -69.4819 18.05
    endloop
  endfacet
  facet normal 0 0 -1
    outer loop
      vertex 51.39 -71.1755 18.05
      vertex 59.1755 -63.39 18.05
      vertex 52.6488 -70.9885 18.05
    endloop
  endfacet
  facet normal 0 0 -1
    outer loop
      vertex 54.6839 8.84455 18.05
      vertex 59.325 82.113 18.05
      vertex 54.6971 8.575 18.05
    endloop
  endfacet
  facet normal 0 0 -1
    outer loop
      vertex 54.6839 53.8695 18.05
      vertex 59.325 82.113 18.05
      vertex 54.6971 53.6 18.05
    endloop
  endfacet
  facet normal 0 0 -1
    outer loop
      vertex 54.6443 54.1365 18.05
      vertex 59.325 82.113 18.05
      vertex 54.6839 53.8695 18.05
    endloop
  endfacet
  facet normal 0 0 -1
    outer loop
      vertex 54.5787 54.3983 18.05
      vertex 59.325 82.113 18.05
      vertex 54.6443 54.1365 18.05
    endloop
  endfacet
  facet normal 0 0 -1
    outer loop
      vertex 54.4878 54.6524 18.05
      vertex 59.325 82.113 18.05
      vertex 54.5787 54.3983 18.05
    endloop
  endfacet
  facet normal 0 0 -1
    outer loop
      vertex 54.3724 54.8963 18.05
      vertex 59.325 82.113 18.05
      vertex 54.4878 54.6524 18.05
    endloop
  endfacet
  facet normal 0 0 -1
    outer loop
      vertex 54.2336 55.1278 18.05
      vertex 59.325 82.113 18.05
      vertex 54.3724 54.8963 18.05
    endloop
  endfacet
  facet normal 0 0 -1
    outer loop
      vertex 54.0729 55.3446 18.05
      vertex 59.325 82.113 18.05
      vertex 54.2336 55.1278 18.05
    endloop
  endfacet
  facet normal 0 0 -1
    outer loop
      vertex 53.8916 55.5445 18.05
      vertex 59.325 82.113 18.05
      vertex 54.0729 55.3446 18.05
    endloop
  endfacet
  facet normal 0 0 -1
    outer loop
      vertex 53.6917 55.7258 18.05
      vertex 59.325 82.113 18.05
      vertex 53.8916 55.5445 18.05
    endloop
  endfacet
  facet normal 0 0 -1
    outer loop
      vertex 53.4749 55.8865 18.05
      vertex 59.325 82.113 18.05
      vertex 53.6917 55.7258 18.05
    endloop
  endfacet
  facet normal 0 0 -1
    outer loop
      vertex 53.2434 56.0253 18.05
      vertex 59.325 82.113 18.05
      vertex 53.4749 55.8865 18.05
    endloop
  endfacet
  facet normal 0 0 -1
    outer loop
      vertex 52.9995 56.1407 18.05
      vertex 59.325 82.113 18.05
      vertex 53.2434 56.0253 18.05
    endloop
  endfacet
  facet normal -0 0 -1
    outer loop
      vertex 59.325 82.113 18.05
      vertex 52.9995 56.1407 18.05
      vertex 58.3888 82.125 18.05
    endloop
  endfacet
  facet normal 0 0 -1
    outer loop
      vertex 52.7454 56.2316 18.05
      vertex 58.3888 82.125 18.05
      vertex 52.9995 56.1407 18.05
    endloop
  endfacet
  facet normal 0 0 -1
    outer loop
      vertex 52.4836 56.2972 18.05
      vertex 58.3888 82.125 18.05
      vertex 52.7454 56.2316 18.05
    endloop
  endfacet
  facet normal 0 0 -1
    outer loop
      vertex 52.2166 56.3368 18.05
      vertex 58.3888 82.125 18.05
      vertex 52.4836 56.2972 18.05
    endloop
  endfacet
  facet normal 0 0 -1
    outer loop
      vertex 51.9471 56.35 18.05
      vertex 58.3888 82.125 18.05
      vertex 52.2166 56.3368 18.05
    endloop
  endfacet
  facet normal 0 0 -1
    outer loop
      vertex 51.6776 56.3368 18.05
      vertex 58.3888 82.125 18.05
      vertex 51.9471 56.35 18.05
    endloop
  endfacet
  facet normal 0 0 -1
    outer loop
      vertex 51.4106 56.2972 18.05
      vertex 58.3888 82.125 18.05
      vertex 51.6776 56.3368 18.05
    endloop
  endfacet
  facet normal 0 0 -1
    outer loop
      vertex 51.1488 56.2316 18.05
      vertex 58.3888 82.125 18.05
      vertex 51.4106 56.2972 18.05
    endloop
  endfacet
  facet normal 0 0 -1
    outer loop
      vertex 50.8947 56.1407 18.05
      vertex 58.3888 82.125 18.05
      vertex 51.1488 56.2316 18.05
    endloop
  endfacet
  facet normal 0 0 -1
    outer loop
      vertex 50.6508 56.0253 18.05
      vertex 58.3888 82.125 18.05
      vertex 50.8947 56.1407 18.05
    endloop
  endfacet
  facet normal 0 0 -1
    outer loop
      vertex 50.4193 55.8865 18.05
      vertex 58.3888 82.125 18.05
      vertex 50.6508 56.0253 18.05
    endloop
  endfacet
  facet normal 0 0 -1
    outer loop
      vertex 50.2025 55.7258 18.05
      vertex 58.3888 82.125 18.05
      vertex 50.4193 55.8865 18.05
    endloop
  endfacet
  facet normal 0 0 -1
    outer loop
      vertex 50.0026 55.5445 18.05
      vertex 58.3888 82.125 18.05
      vertex 50.2025 55.7258 18.05
    endloop
  endfacet
  facet normal 0 0 -1
    outer loop
      vertex 49.8213 55.3446 18.05
      vertex 58.3888 82.125 18.05
      vertex 50.0026 55.5445 18.05
    endloop
  endfacet
  facet normal 0 0 -1
    outer loop
      vertex 49.6606 55.1278 18.05
      vertex 58.3888 82.125 18.05
      vertex 49.8213 55.3446 18.05
    endloop
  endfacet
  facet normal 0 0 -1
    outer loop
      vertex -49.6606 55.1278 18.05
      vertex 49.6606 55.1278 18.05
      vertex 49.5218 54.8963 18.05
    endloop
  endfacet
  facet normal 0 0 -1
    outer loop
      vertex -49.5218 54.8963 18.05
      vertex 49.5218 54.8963 18.05
      vertex 49.4064 54.6524 18.05
    endloop
  endfacet
  facet normal 0 0 -1
    outer loop
      vertex -49.4064 54.6524 18.05
      vertex 49.4064 54.6524 18.05
      vertex 49.3155 54.3983 18.05
    endloop
  endfacet
  facet normal 0 0 -1
    outer loop
      vertex -49.6606 7.04718 18.05
      vertex 46.925 -71.325 18.05
      vertex -46.925 -71.325 18.05
    endloop
  endfacet
  facet normal 0 0 -1
    outer loop
      vertex 49.2499 53.0635 18.05
      vertex -49.1971 53.6 18.05
      vertex 49.2103 53.3305 18.05
    endloop
  endfacet
  facet normal 0 0 -1
    outer loop
      vertex 49.2103 53.3305 18.05
      vertex -49.1971 53.6 18.05
      vertex 49.1971 53.6 18.05
    endloop
  endfacet
  facet normal 0 0 -1
    outer loop
      vertex 49.1971 53.6 18.05
      vertex -49.1971 53.6 18.05
      vertex 49.2103 53.8695 18.05
    endloop
  endfacet
  facet normal 0 0 -1
    outer loop
      vertex -49.2103 53.8695 18.05
      vertex 49.2103 53.8695 18.05
      vertex -49.1971 53.6 18.05
    endloop
  endfacet
  facet normal 0 0 -1
    outer loop
      vertex 49.2103 53.8695 18.05
      vertex -49.2103 53.8695 18.05
      vertex 49.2499 54.1365 18.05
    endloop
  endfacet
  facet normal 0 0 -1
    outer loop
      vertex -49.2499 54.1365 18.05
      vertex 49.2499 54.1365 18.05
      vertex -49.2103 53.8695 18.05
    endloop
  endfacet
  facet normal 0 0 -1
    outer loop
      vertex 49.2499 54.1365 18.05
      vertex -49.2499 54.1365 18.05
      vertex 49.3155 54.3983 18.05
    endloop
  endfacet
  facet normal 0 0 -1
    outer loop
      vertex -49.3155 54.3983 18.05
      vertex 49.3155 54.3983 18.05
      vertex -49.2499 54.1365 18.05
    endloop
  endfacet
  facet normal 0 0 -1
    outer loop
      vertex -49.4064 54.6524 18.05
      vertex 49.3155 54.3983 18.05
      vertex -49.3155 54.3983 18.05
    endloop
  endfacet
  facet normal 0 0 -1
    outer loop
      vertex 49.4064 54.6524 18.05
      vertex -49.4064 54.6524 18.05
      vertex -49.5218 54.8963 18.05
    endloop
  endfacet
  facet normal 0 0 -1
    outer loop
      vertex 49.5218 54.8963 18.05
      vertex -49.5218 54.8963 18.05
      vertex -49.6606 55.1278 18.05
    endloop
  endfacet
  facet normal 0 0 -1
    outer loop
      vertex 49.6606 55.1278 18.05
      vertex -49.6606 55.1278 18.05
      vertex 58.3888 82.125 18.05
    endloop
  endfacet
  facet normal 0 0 -1
    outer loop
      vertex -58.3888 82.125 18.05
      vertex -49.6606 55.1278 18.05
      vertex -49.8213 55.3446 18.05
    endloop
  endfacet
  facet normal 0 0 -1
    outer loop
      vertex -58.3888 82.125 18.05
      vertex -49.8213 55.3446 18.05
      vertex -50.0026 55.5445 18.05
    endloop
  endfacet
  facet normal 0 0 -1
    outer loop
      vertex -58.3888 82.125 18.05
      vertex -50.0026 55.5445 18.05
      vertex -50.2025 55.7258 18.05
    endloop
  endfacet
  facet normal 0 0 -1
    outer loop
      vertex -58.3888 82.125 18.05
      vertex -50.2025 55.7258 18.05
      vertex -50.4193 55.8865 18.05
    endloop
  endfacet
  facet normal 0 0 -1
    outer loop
      vertex -58.3888 82.125 18.05
      vertex -50.4193 55.8865 18.05
      vertex -50.6508 56.0253 18.05
    endloop
  endfacet
  facet normal 0 0 -1
    outer loop
      vertex -58.3888 82.125 18.05
      vertex -50.6508 56.0253 18.05
      vertex -50.8947 56.1407 18.05
    endloop
  endfacet
  facet normal 0 0 -1
    outer loop
      vertex -58.3888 82.125 18.05
      vertex -50.8947 56.1407 18.05
      vertex -51.1488 56.2316 18.05
    endloop
  endfacet
  facet normal 0 0 -1
    outer loop
      vertex -58.3888 82.125 18.05
      vertex -51.1488 56.2316 18.05
      vertex -51.4106 56.2972 18.05
    endloop
  endfacet
  facet normal 0 0 -1
    outer loop
      vertex -58.3888 82.125 18.05
      vertex -51.4106 56.2972 18.05
      vertex -51.6776 56.3368 18.05
    endloop
  endfacet
  facet normal 0 0 -1
    outer loop
      vertex -58.3888 82.125 18.05
      vertex -51.6776 56.3368 18.05
      vertex -51.9471 56.35 18.05
    endloop
  endfacet
  facet normal 0 0 -1
    outer loop
      vertex -58.3888 82.125 18.05
      vertex -51.9471 56.35 18.05
      vertex -52.2166 56.3368 18.05
    endloop
  endfacet
  facet normal 0 0 -1
    outer loop
      vertex -58.3888 82.125 18.05
      vertex -52.2166 56.3368 18.05
      vertex -52.4836 56.2972 18.05
    endloop
  endfacet
  facet normal 0 0 -1
    outer loop
      vertex -58.3884 -66.6748 18.05
      vertex -55.5128 -69.9741 18.05
      vertex -56.2553 -69.4819 18.05
    endloop
  endfacet
  facet normal 0 0 -1
    outer loop
      vertex -58.3884 -66.6748 18.05
      vertex -56.2553 -69.4819 18.05
      vertex -56.91 -68.91 18.05
    endloop
  endfacet
  facet normal 0 0 -1
    outer loop
      vertex -58.3884 -66.6748 18.05
      vertex -56.91 -68.91 18.05
      vertex -57.4819 -68.2553 18.05
    endloop
  endfacet
  facet normal 0 0 -1
    outer loop
      vertex -58.3884 -66.6748 18.05
      vertex -57.4819 -68.2553 18.05
      vertex -57.9741 -67.5128 18.05
    endloop
  endfacet
  facet normal 0 0 -1
    outer loop
      vertex -55.5128 -69.9741 18.05
      vertex -58.3884 -66.6748 18.05
      vertex -58.7263 -65.7279 18.05
    endloop
  endfacet
  facet normal 0 0 -1
    outer loop
      vertex -49.6606 55.1278 18.05
      vertex -58.3888 82.125 18.05
      vertex 58.3888 82.125 18.05
    endloop
  endfacet
  facet normal 0 0 -1
    outer loop
      vertex -52.7454 56.2316 18.05
      vertex -58.3888 82.125 18.05
      vertex -52.4836 56.2972 18.05
    endloop
  endfacet
  facet normal 0 0 -1
    outer loop
      vertex -52.9995 56.1407 18.05
      vertex -58.3888 82.125 18.05
      vertex -52.7454 56.2316 18.05
    endloop
  endfacet
  facet normal 0 0 -1
    outer loop
      vertex -59.325 82.113 18.05
      vertex -52.9995 56.1407 18.05
      vertex -53.2434 56.0253 18.05
    endloop
  endfacet
  facet normal 0 0 -1
    outer loop
      vertex -59.325 82.113 18.05
      vertex -53.2434 56.0253 18.05
      vertex -53.4749 55.8865 18.05
    endloop
  endfacet
  facet normal 0 0 -1
    outer loop
      vertex -59.325 82.113 18.05
      vertex -53.4749 55.8865 18.05
      vertex -53.6917 55.7258 18.05
    endloop
  endfacet
  facet normal 0 0 -1
    outer loop
      vertex -59.325 82.113 18.05
      vertex -53.6917 55.7258 18.05
      vertex -53.8916 55.5445 18.05
    endloop
  endfacet
  facet normal 0 0 -1
    outer loop
      vertex -59.325 82.113 18.05
      vertex -53.8916 55.5445 18.05
      vertex -54.0729 55.3446 18.05
    endloop
  endfacet
  facet normal 0 0 -1
    outer loop
      vertex -59.325 82.113 18.05
      vertex -54.0729 55.3446 18.05
      vertex -54.2336 55.1278 18.05
    endloop
  endfacet
  facet normal 0 0 -1
    outer loop
      vertex -59.325 82.113 18.05
      vertex -54.2336 55.1278 18.05
      vertex -54.3724 54.8963 18.05
    endloop
  endfacet
  facet normal 0 0 -1
    outer loop
      vertex -59.325 82.113 18.05
      vertex -54.3724 54.8963 18.05
      vertex -54.4878 54.6524 18.05
    endloop
  endfacet
  facet normal 0 0 -1
    outer loop
      vertex -59.325 82.113 18.05
      vertex -54.4878 54.6524 18.05
      vertex -54.5787 54.3983 18.05
    endloop
  endfacet
  facet normal 0 0 -1
    outer loop
      vertex -59.325 82.113 18.05
      vertex -54.5787 54.3983 18.05
      vertex -54.6443 54.1365 18.05
    endloop
  endfacet
  facet normal 0 0 -1
    outer loop
      vertex -59.325 82.113 18.05
      vertex -54.6443 54.1365 18.05
      vertex -54.6839 53.8695 18.05
    endloop
  endfacet
  facet normal 0 0 -1
    outer loop
      vertex -59.325 82.113 18.05
      vertex -54.6839 53.8695 18.05
      vertex -54.6971 53.6 18.05
    endloop
  endfacet
  facet normal 0 0 -1
    outer loop
      vertex -59.325 82.113 18.05
      vertex -54.6971 8.575 18.05
      vertex -59.325 -58.925 18.05
    endloop
  endfacet
  facet normal 0 0 -1
    outer loop
      vertex -55.5128 -69.9741 18.05
      vertex -58.7263 -65.7279 18.05
      vertex -58.9885 -64.6488 18.05
    endloop
  endfacet
  facet normal 0 0 -1
    outer loop
      vertex -55.5128 -69.9741 18.05
      vertex -58.9885 -64.6488 18.05
      vertex -59.1755 -63.39 18.05
    endloop
  endfacet
  facet normal 0 0 -1
    outer loop
      vertex -55.5128 -69.9741 18.05
      vertex -59.1755 -63.39 18.05
      vertex -59.2876 -61.8289 18.05
    endloop
  endfacet
  facet normal 0 0 -1
    outer loop
      vertex -55.5128 -69.9741 18.05
      vertex -59.2876 -61.8289 18.05
      vertex -59.325 -58.925 18.05
    endloop
  endfacet
  facet normal 0 0 -1
    outer loop
      vertex -54.6839 53.3305 18.05
      vertex -59.325 82.113 18.05
      vertex -54.6971 53.6 18.05
    endloop
  endfacet
  facet normal 0 0 -1
    outer loop
      vertex -52.9995 56.1407 18.05
      vertex -59.325 82.113 18.05
      vertex -58.3888 82.125 18.05
    endloop
  endfacet
  facet normal -0.833498 0.552522 0
    outer loop
      vertex 57.4819 -68.2553 11
      vertex 57.9741 -67.5128 18.05
      vertex 57.9741 -67.5128 11
    endloop
  endfacet
  facet normal -0.833498 0.552522 0
    outer loop
      vertex 57.9741 -67.5128 18.05
      vertex 57.4819 -68.2553 11
      vertex 57.4819 -68.2553 18.05
    endloop
  endfacet
  facet normal -0.998789 -0.0491971 0
    outer loop
      vertex -62.325 45 11
      vertex -62.3419 45.3431 21.65
      vertex -62.3419 45.3431 11
    endloop
  endfacet
  facet normal -0.998789 -0.0491971 0
    outer loop
      vertex -62.3419 45.3431 21.65
      vertex -62.325 45 11
      vertex -62.325 45 21.65
    endloop
  endfacet
  facet normal 0.24281 -0.970074 0
    outer loop
      vertex -66.841 48.3493 11
      vertex -66.5078 48.4327 21.65
      vertex -66.841 48.3493 21.65
    endloop
  endfacet
  facet normal 0.24281 -0.970074 0
    outer loop
      vertex -66.5078 48.4327 21.65
      vertex -66.841 48.3493 11
      vertex -66.5078 48.4327 11
    endloop
  endfacet
  facet normal -0.989172 -0.14676 0
    outer loop
      vertex -62.3419 45.3431 11
      vertex -62.3923 45.6828 21.65
      vertex -62.3923 45.6828 11
    endloop
  endfacet
  facet normal -0.989172 -0.14676 0
    outer loop
      vertex -62.3923 45.6828 21.65
      vertex -62.3419 45.3431 11
      vertex -62.3419 45.3431 21.65
    endloop
  endfacet
  facet normal 0.514153 0.857698 -0
    outer loop
      vertex -67.4749 41.9133 11
      vertex -67.7695 42.0899 21.65
      vertex -67.4749 41.9133 21.65
    endloop
  endfacet
  facet normal 0.514153 0.857698 0
    outer loop
      vertex -67.7695 42.0899 21.65
      vertex -67.4749 41.9133 11
      vertex -67.7695 42.0899 11
    endloop
  endfacet
  facet normal -0.989172 0.14676 0
    outer loop
      vertex -62.3923 44.3172 11
      vertex -62.3419 44.6569 21.65
      vertex -62.3419 44.6569 11
    endloop
  endfacet
  facet normal -0.989172 0.14676 0
    outer loop
      vertex -62.3419 44.6569 21.65
      vertex -62.3923 44.3172 11
      vertex -62.3923 44.3172 21.65
    endloop
  endfacet
  facet normal 0.24281 0.970074 -0
    outer loop
      vertex -66.5078 41.5673 11
      vertex -66.841 41.6507 21.65
      vertex -66.5078 41.5673 21.65
    endloop
  endfacet
  facet normal 0.24281 0.970074 0
    outer loop
      vertex -66.841 41.6507 21.65
      vertex -66.5078 41.5673 11
      vertex -66.841 41.6507 11
    endloop
  endfacet
  facet normal 0.803237 -0.595659 0
    outer loop
      vertex -68.7351 46.9445 21.65
      vertex -68.5305 47.2204 11
      vertex -68.5305 47.2204 21.65
    endloop
  endfacet
  facet normal 0.803237 -0.595659 0
    outer loop
      vertex -68.5305 47.2204 11
      vertex -68.7351 46.9445 21.65
      vertex -68.7351 46.9445 11
    endloop
  endfacet
  facet normal 0.941557 0.336853 0
    outer loop
      vertex -69.0586 43.6606 21.65
      vertex -69.1743 43.984 11
      vertex -69.1743 43.984 21.65
    endloop
  endfacet
  facet normal 0.941557 0.336853 0
    outer loop
      vertex -69.1743 43.984 11
      vertex -69.0586 43.6606 21.65
      vertex -69.0586 43.6606 11
    endloop
  endfacet
  facet normal 0.14676 -0.989172 0
    outer loop
      vertex -66.5078 48.4327 11
      vertex -66.1681 48.4831 21.65
      vertex -66.5078 48.4327 21.65
    endloop
  endfacet
  facet normal 0.14676 -0.989172 0
    outer loop
      vertex -66.1681 48.4831 21.65
      vertex -66.5078 48.4327 11
      vertex -66.1681 48.4831 11
    endloop
  endfacet
  facet normal -0.998789 0.0491971 0
    outer loop
      vertex -62.3419 44.6569 11
      vertex -62.325 45 21.65
      vertex -62.325 45 11
    endloop
  endfacet
  facet normal -0.998789 0.0491971 0
    outer loop
      vertex -62.325 45 21.65
      vertex -62.3419 44.6569 11
      vertex -62.3419 44.6569 21.65
    endloop
  endfacet
  facet normal 0.998789 -0.0491971 0
    outer loop
      vertex -69.325 45 21.65
      vertex -69.3081 45.3431 11
      vertex -69.3081 45.3431 21.65
    endloop
  endfacet
  facet normal 0.998789 -0.0491971 0
    outer loop
      vertex -69.3081 45.3431 11
      vertex -69.325 45 21.65
      vertex -69.325 45 11
    endloop
  endfacet
  facet normal 0.803237 0.595659 0
    outer loop
      vertex -68.5305 42.7796 21.65
      vertex -68.7351 43.0555 11
      vertex -68.7351 43.0555 21.65
    endloop
  endfacet
  facet normal 0.803237 0.595659 0
    outer loop
      vertex -68.7351 43.0555 11
      vertex -68.5305 42.7796 21.65
      vertex -68.5305 42.7796 11
    endloop
  endfacet
  facet normal -0.903939 -0.427661 0
    outer loop
      vertex -62.5914 46.3394 11
      vertex -62.7383 46.6499 21.65
      vertex -62.7383 46.6499 11
    endloop
  endfacet
  facet normal -0.903939 -0.427661 0
    outer loop
      vertex -62.7383 46.6499 21.65
      vertex -62.5914 46.3394 11
      vertex -62.5914 46.3394 21.65
    endloop
  endfacet
  facet normal -0.970074 0.24281 0
    outer loop
      vertex -62.4757 43.984 11
      vertex -62.3923 44.3172 21.65
      vertex -62.3923 44.3172 11
    endloop
  endfacet
  facet normal -0.970074 0.24281 0
    outer loop
      vertex -62.3923 44.3172 21.65
      vertex -62.4757 43.984 11
      vertex -62.4757 43.984 21.65
    endloop
  endfacet
  facet normal -0.427661 0.903939 0
    outer loop
      vertex -64.1751 41.9133 11
      vertex -64.4856 41.7664 21.65
      vertex -64.1751 41.9133 21.65
    endloop
  endfacet
  facet normal -0.427661 0.903939 0
    outer loop
      vertex -64.4856 41.7664 21.65
      vertex -64.1751 41.9133 11
      vertex -64.4856 41.7664 11
    endloop
  endfacet
  facet normal -0.427661 -0.903939 0
    outer loop
      vertex -64.4856 48.2336 11
      vertex -64.1751 48.0867 21.65
      vertex -64.4856 48.2336 21.65
    endloop
  endfacet
  facet normal -0.427661 -0.903939 -0
    outer loop
      vertex -64.1751 48.0867 21.65
      vertex -64.4856 48.2336 11
      vertex -64.1751 48.0867 11
    endloop
  endfacet
  facet normal -0.941557 -0.336853 0
    outer loop
      vertex -62.4757 46.016 11
      vertex -62.5914 46.3394 21.65
      vertex -62.5914 46.3394 11
    endloop
  endfacet
  facet normal -0.941557 -0.336853 0
    outer loop
      vertex -62.5914 46.3394 21.65
      vertex -62.4757 46.016 11
      vertex -62.4757 46.016 21.65
    endloop
  endfacet
  facet normal -0.595659 0.803237 0
    outer loop
      vertex -63.6046 42.2945 11
      vertex -63.8805 42.0899 21.65
      vertex -63.6046 42.2945 21.65
    endloop
  endfacet
  facet normal -0.595659 0.803237 0
    outer loop
      vertex -63.8805 42.0899 21.65
      vertex -63.6046 42.2945 11
      vertex -63.8805 42.0899 11
    endloop
  endfacet
  facet normal -0.671454 0.741046 0
    outer loop
      vertex -63.3501 42.5251 11
      vertex -63.6046 42.2945 21.65
      vertex -63.3501 42.5251 21.65
    endloop
  endfacet
  facet normal -0.671454 0.741046 0
    outer loop
      vertex -63.6046 42.2945 21.65
      vertex -63.3501 42.5251 11
      vertex -63.6046 42.2945 11
    endloop
  endfacet
  facet normal 0.336853 0.941557 -0
    outer loop
      vertex -66.841 41.6507 11
      vertex -67.1644 41.7664 21.65
      vertex -66.841 41.6507 21.65
    endloop
  endfacet
  facet normal 0.336853 0.941557 0
    outer loop
      vertex -67.1644 41.7664 21.65
      vertex -66.841 41.6507 11
      vertex -67.1644 41.7664 11
    endloop
  endfacet
  facet normal -0.970074 -0.24281 0
    outer loop
      vertex -62.3923 45.6828 11
      vertex -62.4757 46.016 21.65
      vertex -62.4757 46.016 11
    endloop
  endfacet
  facet normal -0.970074 -0.24281 0
    outer loop
      vertex -62.4757 46.016 21.65
      vertex -62.3923 45.6828 11
      vertex -62.3923 45.6828 21.65
    endloop
  endfacet
  facet normal -0.24281 0.970074 0
    outer loop
      vertex -64.809 41.6507 11
      vertex -65.1422 41.5673 21.65
      vertex -64.809 41.6507 21.65
    endloop
  endfacet
  facet normal -0.24281 0.970074 0
    outer loop
      vertex -65.1422 41.5673 21.65
      vertex -64.809 41.6507 11
      vertex -65.1422 41.5673 11
    endloop
  endfacet
  facet normal 0.970005 -0.243084 0
    outer loop
      vertex -69.2578 45.6828 21.65
      vertex -69.1743 46.016 11
      vertex -69.1743 46.016 21.65
    endloop
  endfacet
  facet normal 0.970005 -0.243084 0
    outer loop
      vertex -69.1743 46.016 11
      vertex -69.2578 45.6828 21.65
      vertex -69.2578 45.6828 11
    endloop
  endfacet
  facet normal -0.336853 -0.941557 0
    outer loop
      vertex -64.809 48.3493 11
      vertex -64.4856 48.2336 21.65
      vertex -64.809 48.3493 21.65
    endloop
  endfacet
  facet normal -0.336853 -0.941557 -0
    outer loop
      vertex -64.4856 48.2336 21.65
      vertex -64.809 48.3493 11
      vertex -64.4856 48.2336 11
    endloop
  endfacet
  facet normal -0.24281 -0.970074 0
    outer loop
      vertex -65.1422 48.4327 11
      vertex -64.809 48.3493 21.65
      vertex -65.1422 48.4327 21.65
    endloop
  endfacet
  facet normal -0.24281 -0.970074 -0
    outer loop
      vertex -64.809 48.3493 21.65
      vertex -65.1422 48.4327 11
      vertex -64.809 48.3493 11
    endloop
  endfacet
  facet normal -0.857698 -0.514153 0
    outer loop
      vertex -62.7383 46.6499 11
      vertex -62.9149 46.9445 21.65
      vertex -62.9149 46.9445 11
    endloop
  endfacet
  facet normal -0.857698 -0.514153 0
    outer loop
      vertex -62.9149 46.9445 21.65
      vertex -62.7383 46.6499 11
      vertex -62.7383 46.6499 21.65
    endloop
  endfacet
  facet normal -0.595659 -0.803237 0
    outer loop
      vertex -63.8805 47.9101 11
      vertex -63.6046 47.7055 21.65
      vertex -63.8805 47.9101 21.65
    endloop
  endfacet
  facet normal -0.595659 -0.803237 -0
    outer loop
      vertex -63.6046 47.7055 21.65
      vertex -63.8805 47.9101 11
      vertex -63.6046 47.7055 11
    endloop
  endfacet
  facet normal 0.857698 0.514153 0
    outer loop
      vertex -68.7351 43.0555 21.65
      vertex -68.9117 43.3501 11
      vertex -68.9117 43.3501 21.65
    endloop
  endfacet
  facet normal 0.857698 0.514153 0
    outer loop
      vertex -68.9117 43.3501 11
      vertex -68.7351 43.0555 21.65
      vertex -68.7351 43.0555 11
    endloop
  endfacet
  facet normal 0.671454 -0.741046 0
    outer loop
      vertex -68.2999 47.4749 11
      vertex -68.0454 47.7055 21.65
      vertex -68.2999 47.4749 21.65
    endloop
  endfacet
  facet normal 0.671454 -0.741046 0
    outer loop
      vertex -68.0454 47.7055 21.65
      vertex -68.2999 47.4749 11
      vertex -68.0454 47.7055 11
    endloop
  endfacet
  facet normal -0.857698 0.514153 0
    outer loop
      vertex -62.9149 43.0555 11
      vertex -62.7383 43.3501 21.65
      vertex -62.7383 43.3501 11
    endloop
  endfacet
  facet normal -0.857698 0.514153 0
    outer loop
      vertex -62.7383 43.3501 21.65
      vertex -62.9149 43.0555 11
      vertex -62.9149 43.0555 21.65
    endloop
  endfacet
  facet normal -0.741046 -0.671454 0
    outer loop
      vertex -63.1195 47.2204 11
      vertex -63.3501 47.4749 21.65
      vertex -63.3501 47.4749 11
    endloop
  endfacet
  facet normal -0.741046 -0.671454 0
    outer loop
      vertex -63.3501 47.4749 21.65
      vertex -63.1195 47.2204 11
      vertex -63.1195 47.2204 21.65
    endloop
  endfacet
  facet normal -0.514153 0.857698 0
    outer loop
      vertex -63.8805 42.0899 11
      vertex -64.1751 41.9133 21.65
      vertex -63.8805 42.0899 21.65
    endloop
  endfacet
  facet normal -0.514153 0.857698 0
    outer loop
      vertex -64.1751 41.9133 21.65
      vertex -63.8805 42.0899 11
      vertex -64.1751 41.9133 11
    endloop
  endfacet
  facet normal 0.427661 -0.903939 0
    outer loop
      vertex -67.4749 48.0867 11
      vertex -67.1644 48.2336 21.65
      vertex -67.4749 48.0867 21.65
    endloop
  endfacet
  facet normal 0.427661 -0.903939 0
    outer loop
      vertex -67.1644 48.2336 21.65
      vertex -67.4749 48.0867 11
      vertex -67.1644 48.2336 11
    endloop
  endfacet
  facet normal -0.803237 0.595659 0
    outer loop
      vertex -63.1195 42.7796 11
      vertex -62.9149 43.0555 21.65
      vertex -62.9149 43.0555 11
    endloop
  endfacet
  facet normal -0.803237 0.595659 0
    outer loop
      vertex -62.9149 43.0555 21.65
      vertex -63.1195 42.7796 11
      vertex -63.1195 42.7796 21.65
    endloop
  endfacet
  facet normal -0.14676 -0.989172 0
    outer loop
      vertex -65.4819 48.4831 11
      vertex -65.1422 48.4327 21.65
      vertex -65.4819 48.4831 21.65
    endloop
  endfacet
  facet normal -0.14676 -0.989172 -0
    outer loop
      vertex -65.1422 48.4327 21.65
      vertex -65.4819 48.4831 11
      vertex -65.1422 48.4327 11
    endloop
  endfacet
  facet normal 0.595659 0.803237 -0
    outer loop
      vertex -67.7695 42.0899 11
      vertex -68.0454 42.2945 21.65
      vertex -67.7695 42.0899 21.65
    endloop
  endfacet
  facet normal 0.595659 0.803237 0
    outer loop
      vertex -68.0454 42.2945 21.65
      vertex -67.7695 42.0899 11
      vertex -68.0454 42.2945 11
    endloop
  endfacet
  facet normal 0.0491971 0.998789 -0
    outer loop
      vertex -65.825 41.5 11
      vertex -66.1681 41.5169 21.65
      vertex -65.825 41.5 21.65
    endloop
  endfacet
  facet normal 0.0491971 0.998789 0
    outer loop
      vertex -66.1681 41.5169 21.65
      vertex -65.825 41.5 11
      vertex -66.1681 41.5169 11
    endloop
  endfacet
  facet normal 0.336853 -0.941557 0
    outer loop
      vertex -67.1644 48.2336 11
      vertex -66.841 48.3493 21.65
      vertex -67.1644 48.2336 21.65
    endloop
  endfacet
  facet normal 0.336853 -0.941557 0
    outer loop
      vertex -66.841 48.3493 21.65
      vertex -67.1644 48.2336 11
      vertex -66.841 48.3493 11
    endloop
  endfacet
  facet normal -0.741046 0.671454 0
    outer loop
      vertex -63.3501 42.5251 11
      vertex -63.1195 42.7796 21.65
      vertex -63.1195 42.7796 11
    endloop
  endfacet
  facet normal -0.741046 0.671454 0
    outer loop
      vertex -63.1195 42.7796 21.65
      vertex -63.3501 42.5251 11
      vertex -63.3501 42.5251 21.65
    endloop
  endfacet
  facet normal 0.0491971 -0.998789 0
    outer loop
      vertex -66.1681 48.4831 11
      vertex -65.825 48.5 21.65
      vertex -66.1681 48.4831 21.65
    endloop
  endfacet
  facet normal 0.0491971 -0.998789 0
    outer loop
      vertex -65.825 48.5 21.65
      vertex -66.1681 48.4831 11
      vertex -65.825 48.5 11
    endloop
  endfacet
  facet normal -0.803237 -0.595659 0
    outer loop
      vertex -62.9149 46.9445 11
      vertex -63.1195 47.2204 21.65
      vertex -63.1195 47.2204 11
    endloop
  endfacet
  facet normal -0.803237 -0.595659 0
    outer loop
      vertex -63.1195 47.2204 21.65
      vertex -62.9149 46.9445 11
      vertex -62.9149 46.9445 21.65
    endloop
  endfacet
  facet normal 0.903939 0.427661 0
    outer loop
      vertex -68.9117 43.3501 21.65
      vertex -69.0586 43.6606 11
      vertex -69.0586 43.6606 21.65
    endloop
  endfacet
  facet normal 0.903939 0.427661 0
    outer loop
      vertex -69.0586 43.6606 11
      vertex -68.9117 43.3501 21.65
      vertex -68.9117 43.3501 11
    endloop
  endfacet
  facet normal 0.970005 0.243084 0
    outer loop
      vertex -69.1743 43.984 21.65
      vertex -69.2578 44.3172 11
      vertex -69.2578 44.3172 21.65
    endloop
  endfacet
  facet normal 0.970005 0.243084 0
    outer loop
      vertex -69.2578 44.3172 11
      vertex -69.1743 43.984 21.65
      vertex -69.1743 43.984 11
    endloop
  endfacet
  facet normal -0.14676 0.989172 0
    outer loop
      vertex -65.1422 41.5673 11
      vertex -65.4819 41.5169 21.65
      vertex -65.1422 41.5673 21.65
    endloop
  endfacet
  facet normal -0.14676 0.989172 0
    outer loop
      vertex -65.4819 41.5169 21.65
      vertex -65.1422 41.5673 11
      vertex -65.4819 41.5169 11
    endloop
  endfacet
  facet normal 0.595659 -0.803237 0
    outer loop
      vertex -68.0454 47.7055 11
      vertex -67.7695 47.9101 21.65
      vertex -68.0454 47.7055 21.65
    endloop
  endfacet
  facet normal 0.595659 -0.803237 0
    outer loop
      vertex -67.7695 47.9101 21.65
      vertex -68.0454 47.7055 11
      vertex -67.7695 47.9101 11
    endloop
  endfacet
  facet normal -0.514153 -0.857698 0
    outer loop
      vertex -64.1751 48.0867 11
      vertex -63.8805 47.9101 21.65
      vertex -64.1751 48.0867 21.65
    endloop
  endfacet
  facet normal -0.514153 -0.857698 -0
    outer loop
      vertex -63.8805 47.9101 21.65
      vertex -64.1751 48.0867 11
      vertex -63.8805 47.9101 11
    endloop
  endfacet
  facet normal -0.671454 -0.741046 0
    outer loop
      vertex -63.6046 47.7055 11
      vertex -63.3501 47.4749 21.65
      vertex -63.6046 47.7055 21.65
    endloop
  endfacet
  facet normal -0.671454 -0.741046 -0
    outer loop
      vertex -63.3501 47.4749 21.65
      vertex -63.6046 47.7055 11
      vertex -63.3501 47.4749 11
    endloop
  endfacet
  facet normal -0.0491971 -0.998789 0
    outer loop
      vertex -65.825 48.5 11
      vertex -65.4819 48.4831 21.65
      vertex -65.825 48.5 21.65
    endloop
  endfacet
  facet normal -0.0491971 -0.998789 -0
    outer loop
      vertex -65.4819 48.4831 21.65
      vertex -65.825 48.5 11
      vertex -65.4819 48.4831 11
    endloop
  endfacet
  facet normal 0.741046 -0.671454 0
    outer loop
      vertex -68.5305 47.2204 21.65
      vertex -68.2999 47.4749 11
      vertex -68.2999 47.4749 21.65
    endloop
  endfacet
  facet normal 0.741046 -0.671454 0
    outer loop
      vertex -68.2999 47.4749 11
      vertex -68.5305 47.2204 21.65
      vertex -68.5305 47.2204 11
    endloop
  endfacet
  facet normal -0.0491971 0.998789 0
    outer loop
      vertex -65.4819 41.5169 11
      vertex -65.825 41.5 21.65
      vertex -65.4819 41.5169 21.65
    endloop
  endfacet
  facet normal -0.0491971 0.998789 0
    outer loop
      vertex -65.825 41.5 21.65
      vertex -65.4819 41.5169 11
      vertex -65.825 41.5 11
    endloop
  endfacet
  facet normal 0.14676 0.989172 -0
    outer loop
      vertex -66.1681 41.5169 11
      vertex -66.5078 41.5673 21.65
      vertex -66.1681 41.5169 21.65
    endloop
  endfacet
  facet normal 0.14676 0.989172 0
    outer loop
      vertex -66.5078 41.5673 21.65
      vertex -66.1681 41.5169 11
      vertex -66.5078 41.5673 11
    endloop
  endfacet
  facet normal 0.998789 0.0491971 0
    outer loop
      vertex -69.3081 44.6569 21.65
      vertex -69.325 45 11
      vertex -69.325 45 21.65
    endloop
  endfacet
  facet normal 0.998789 0.0491971 0
    outer loop
      vertex -69.325 45 11
      vertex -69.3081 44.6569 21.65
      vertex -69.3081 44.6569 11
    endloop
  endfacet
  facet normal 0.741046 0.671454 0
    outer loop
      vertex -68.2999 42.5251 21.65
      vertex -68.5305 42.7796 11
      vertex -68.5305 42.7796 21.65
    endloop
  endfacet
  facet normal 0.741046 0.671454 0
    outer loop
      vertex -68.5305 42.7796 11
      vertex -68.2999 42.5251 21.65
      vertex -68.2999 42.5251 11
    endloop
  endfacet
  facet normal 0.671454 0.741046 -0
    outer loop
      vertex -68.0454 42.2945 11
      vertex -68.2999 42.5251 21.65
      vertex -68.0454 42.2945 21.65
    endloop
  endfacet
  facet normal 0.671454 0.741046 0
    outer loop
      vertex -68.2999 42.5251 21.65
      vertex -68.0454 42.2945 11
      vertex -68.2999 42.5251 11
    endloop
  endfacet
  facet normal 0.427661 0.903939 -0
    outer loop
      vertex -67.1644 41.7664 11
      vertex -67.4749 41.9133 21.65
      vertex -67.1644 41.7664 21.65
    endloop
  endfacet
  facet normal 0.427661 0.903939 0
    outer loop
      vertex -67.4749 41.9133 21.65
      vertex -67.1644 41.7664 11
      vertex -67.4749 41.9133 11
    endloop
  endfacet
  facet normal 0.989214 0.146475 0
    outer loop
      vertex -69.2578 44.3172 21.65
      vertex -69.3081 44.6569 11
      vertex -69.3081 44.6569 21.65
    endloop
  endfacet
  facet normal 0.989214 0.146475 0
    outer loop
      vertex -69.3081 44.6569 11
      vertex -69.2578 44.3172 21.65
      vertex -69.2578 44.3172 11
    endloop
  endfacet
  facet normal -0.336853 0.941557 0
    outer loop
      vertex -64.4856 41.7664 11
      vertex -64.809 41.6507 21.65
      vertex -64.4856 41.7664 21.65
    endloop
  endfacet
  facet normal -0.336853 0.941557 0
    outer loop
      vertex -64.809 41.6507 21.65
      vertex -64.4856 41.7664 11
      vertex -64.809 41.6507 11
    endloop
  endfacet
  facet normal -0.903939 0.427661 0
    outer loop
      vertex -62.7383 43.3501 11
      vertex -62.5914 43.6606 21.65
      vertex -62.5914 43.6606 11
    endloop
  endfacet
  facet normal -0.903939 0.427661 0
    outer loop
      vertex -62.5914 43.6606 21.65
      vertex -62.7383 43.3501 11
      vertex -62.7383 43.3501 21.65
    endloop
  endfacet
  facet normal -0.941557 0.336853 0
    outer loop
      vertex -62.5914 43.6606 11
      vertex -62.4757 43.984 21.65
      vertex -62.4757 43.984 11
    endloop
  endfacet
  facet normal -0.941557 0.336853 0
    outer loop
      vertex -62.4757 43.984 21.65
      vertex -62.5914 43.6606 11
      vertex -62.5914 43.6606 21.65
    endloop
  endfacet
  facet normal 0.514153 -0.857698 0
    outer loop
      vertex -67.7695 47.9101 11
      vertex -67.4749 48.0867 21.65
      vertex -67.7695 47.9101 21.65
    endloop
  endfacet
  facet normal 0.514153 -0.857698 0
    outer loop
      vertex -67.4749 48.0867 21.65
      vertex -67.7695 47.9101 11
      vertex -67.4749 48.0867 11
    endloop
  endfacet
  facet normal 0.989214 -0.146475 0
    outer loop
      vertex -69.3081 45.3431 21.65
      vertex -69.2578 45.6828 11
      vertex -69.2578 45.6828 21.65
    endloop
  endfacet
  facet normal 0.989214 -0.146475 0
    outer loop
      vertex -69.2578 45.6828 11
      vertex -69.3081 45.3431 21.65
      vertex -69.3081 45.3431 11
    endloop
  endfacet
  facet normal 0.903939 -0.427661 0
    outer loop
      vertex -69.0586 46.3394 21.65
      vertex -68.9117 46.6499 11
      vertex -68.9117 46.6499 21.65
    endloop
  endfacet
  facet normal 0.903939 -0.427661 0
    outer loop
      vertex -68.9117 46.6499 11
      vertex -69.0586 46.3394 21.65
      vertex -69.0586 46.3394 11
    endloop
  endfacet
  facet normal 0.857698 -0.514153 0
    outer loop
      vertex -68.9117 46.6499 21.65
      vertex -68.7351 46.9445 11
      vertex -68.7351 46.9445 21.65
    endloop
  endfacet
  facet normal 0.857698 -0.514153 0
    outer loop
      vertex -68.7351 46.9445 11
      vertex -68.9117 46.6499 21.65
      vertex -68.9117 46.6499 11
    endloop
  endfacet
  facet normal 0.941557 -0.336853 0
    outer loop
      vertex -69.1743 46.016 21.65
      vertex -69.0586 46.3394 11
      vertex -69.0586 46.3394 21.65
    endloop
  endfacet
  facet normal 0.941557 -0.336853 0
    outer loop
      vertex -69.0586 46.3394 11
      vertex -69.1743 46.016 21.65
      vertex -69.1743 46.016 11
    endloop
  endfacet
  facet normal 0.336853 0.941557 -0
    outer loop
      vertex 64.809 41.6507 11
      vertex 64.4856 41.7664 21.65
      vertex 64.809 41.6507 21.65
    endloop
  endfacet
  facet normal 0.336853 0.941557 0
    outer loop
      vertex 64.4856 41.7664 21.65
      vertex 64.809 41.6507 11
      vertex 64.4856 41.7664 11
    endloop
  endfacet
  facet normal -0.989214 -0.146475 0
    outer loop
      vertex 69.3081 45.3431 11
      vertex 69.2578 45.6828 21.65
      vertex 69.2578 45.6828 11
    endloop
  endfacet
  facet normal -0.989214 -0.146475 0
    outer loop
      vertex 69.2578 45.6828 21.65
      vertex 69.3081 45.3431 11
      vertex 69.3081 45.3431 21.65
    endloop
  endfacet
  facet normal -0.998789 -0.0491971 0
    outer loop
      vertex 69.325 45 11
      vertex 69.3081 45.3431 21.65
      vertex 69.3081 45.3431 11
    endloop
  endfacet
  facet normal -0.998789 -0.0491971 0
    outer loop
      vertex 69.3081 45.3431 21.65
      vertex 69.325 45 11
      vertex 69.325 45 21.65
    endloop
  endfacet
  facet normal -0.970005 -0.243084 0
    outer loop
      vertex 69.2578 45.6828 11
      vertex 69.1743 46.016 21.65
      vertex 69.1743 46.016 11
    endloop
  endfacet
  facet normal -0.970005 -0.243084 0
    outer loop
      vertex 69.1743 46.016 21.65
      vertex 69.2578 45.6828 11
      vertex 69.2578 45.6828 21.65
    endloop
  endfacet
  facet normal 0.989172 -0.14676 0
    outer loop
      vertex 62.3419 45.3431 21.65
      vertex 62.3923 45.6828 11
      vertex 62.3923 45.6828 21.65
    endloop
  endfacet
  facet normal 0.989172 -0.14676 0
    outer loop
      vertex 62.3923 45.6828 11
      vertex 62.3419 45.3431 21.65
      vertex 62.3419 45.3431 11
    endloop
  endfacet
  facet normal 0.24281 0.970074 -0
    outer loop
      vertex 65.1422 41.5673 11
      vertex 64.809 41.6507 21.65
      vertex 65.1422 41.5673 21.65
    endloop
  endfacet
  facet normal 0.24281 0.970074 0
    outer loop
      vertex 64.809 41.6507 21.65
      vertex 65.1422 41.5673 11
      vertex 64.809 41.6507 11
    endloop
  endfacet
  facet normal -0.336853 -0.941557 0
    outer loop
      vertex 66.841 48.3493 11
      vertex 67.1644 48.2336 21.65
      vertex 66.841 48.3493 21.65
    endloop
  endfacet
  facet normal -0.336853 -0.941557 -0
    outer loop
      vertex 67.1644 48.2336 21.65
      vertex 66.841 48.3493 11
      vertex 67.1644 48.2336 11
    endloop
  endfacet
  facet normal 0.514153 -0.857698 0
    outer loop
      vertex 63.8805 47.9101 11
      vertex 64.1751 48.0867 21.65
      vertex 63.8805 47.9101 21.65
    endloop
  endfacet
  facet normal 0.514153 -0.857698 0
    outer loop
      vertex 64.1751 48.0867 21.65
      vertex 63.8805 47.9101 11
      vertex 64.1751 48.0867 11
    endloop
  endfacet
  facet normal 0.903939 0.427661 0
    outer loop
      vertex 62.7383 43.3501 21.65
      vertex 62.5914 43.6606 11
      vertex 62.5914 43.6606 21.65
    endloop
  endfacet
  facet normal 0.903939 0.427661 0
    outer loop
      vertex 62.5914 43.6606 11
      vertex 62.7383 43.3501 21.65
      vertex 62.7383 43.3501 11
    endloop
  endfacet
  facet normal 0.24281 -0.970074 0
    outer loop
      vertex 64.809 48.3493 11
      vertex 65.1422 48.4327 21.65
      vertex 64.809 48.3493 21.65
    endloop
  endfacet
  facet normal 0.24281 -0.970074 0
    outer loop
      vertex 65.1422 48.4327 21.65
      vertex 64.809 48.3493 11
      vertex 65.1422 48.4327 11
    endloop
  endfacet
  facet normal 0.857698 0.514153 0
    outer loop
      vertex 62.9149 43.0555 21.65
      vertex 62.7383 43.3501 11
      vertex 62.7383 43.3501 21.65
    endloop
  endfacet
  facet normal 0.857698 0.514153 0
    outer loop
      vertex 62.7383 43.3501 11
      vertex 62.9149 43.0555 21.65
      vertex 62.9149 43.0555 11
    endloop
  endfacet
  facet normal -0.24281 0.970074 0
    outer loop
      vertex 66.841 41.6507 11
      vertex 66.5078 41.5673 21.65
      vertex 66.841 41.6507 21.65
    endloop
  endfacet
  facet normal -0.24281 0.970074 0
    outer loop
      vertex 66.5078 41.5673 21.65
      vertex 66.841 41.6507 11
      vertex 66.5078 41.5673 11
    endloop
  endfacet
  facet normal 0.595659 0.803237 -0
    outer loop
      vertex 63.8805 42.0899 11
      vertex 63.6046 42.2945 21.65
      vertex 63.8805 42.0899 21.65
    endloop
  endfacet
  facet normal 0.595659 0.803237 0
    outer loop
      vertex 63.6046 42.2945 21.65
      vertex 63.8805 42.0899 11
      vertex 63.6046 42.2945 11
    endloop
  endfacet
  facet normal -0.514153 0.857698 0
    outer loop
      vertex 67.7695 42.0899 11
      vertex 67.4749 41.9133 21.65
      vertex 67.7695 42.0899 21.65
    endloop
  endfacet
  facet normal -0.514153 0.857698 0
    outer loop
      vertex 67.4749 41.9133 21.65
      vertex 67.7695 42.0899 11
      vertex 67.4749 41.9133 11
    endloop
  endfacet
  facet normal -0.803237 0.595659 0
    outer loop
      vertex 68.5305 42.7796 11
      vertex 68.7351 43.0555 21.65
      vertex 68.7351 43.0555 11
    endloop
  endfacet
  facet normal -0.803237 0.595659 0
    outer loop
      vertex 68.7351 43.0555 21.65
      vertex 68.5305 42.7796 11
      vertex 68.5305 42.7796 21.65
    endloop
  endfacet
  facet normal -0.14676 -0.989172 0
    outer loop
      vertex 66.1681 48.4831 11
      vertex 66.5078 48.4327 21.65
      vertex 66.1681 48.4831 21.65
    endloop
  endfacet
  facet normal -0.14676 -0.989172 -0
    outer loop
      vertex 66.5078 48.4327 21.65
      vertex 66.1681 48.4831 11
      vertex 66.5078 48.4327 11
    endloop
  endfacet
  facet normal 0.595659 -0.803237 0
    outer loop
      vertex 63.6046 47.7055 11
      vertex 63.8805 47.9101 21.65
      vertex 63.6046 47.7055 21.65
    endloop
  endfacet
  facet normal 0.595659 -0.803237 0
    outer loop
      vertex 63.8805 47.9101 21.65
      vertex 63.6046 47.7055 11
      vertex 63.8805 47.9101 11
    endloop
  endfacet
  facet normal 0.803237 -0.595659 0
    outer loop
      vertex 62.9149 46.9445 21.65
      vertex 63.1195 47.2204 11
      vertex 63.1195 47.2204 21.65
    endloop
  endfacet
  facet normal 0.803237 -0.595659 0
    outer loop
      vertex 63.1195 47.2204 11
      vertex 62.9149 46.9445 21.65
      vertex 62.9149 46.9445 11
    endloop
  endfacet
  facet normal -0.989214 0.146475 0
    outer loop
      vertex 69.2578 44.3172 11
      vertex 69.3081 44.6569 21.65
      vertex 69.3081 44.6569 11
    endloop
  endfacet
  facet normal -0.989214 0.146475 0
    outer loop
      vertex 69.3081 44.6569 21.65
      vertex 69.2578 44.3172 11
      vertex 69.2578 44.3172 21.65
    endloop
  endfacet
  facet normal 0.941557 -0.336853 0
    outer loop
      vertex 62.4757 46.016 21.65
      vertex 62.5914 46.3394 11
      vertex 62.5914 46.3394 21.65
    endloop
  endfacet
  facet normal 0.941557 -0.336853 0
    outer loop
      vertex 62.5914 46.3394 11
      vertex 62.4757 46.016 21.65
      vertex 62.4757 46.016 11
    endloop
  endfacet
  facet normal -0.427661 -0.903939 0
    outer loop
      vertex 67.1644 48.2336 11
      vertex 67.4749 48.0867 21.65
      vertex 67.1644 48.2336 21.65
    endloop
  endfacet
  facet normal -0.427661 -0.903939 -0
    outer loop
      vertex 67.4749 48.0867 21.65
      vertex 67.1644 48.2336 11
      vertex 67.4749 48.0867 11
    endloop
  endfacet
  facet normal 0.941557 0.336853 0
    outer loop
      vertex 62.5914 43.6606 21.65
      vertex 62.4757 43.984 11
      vertex 62.4757 43.984 21.65
    endloop
  endfacet
  facet normal 0.941557 0.336853 0
    outer loop
      vertex 62.4757 43.984 11
      vertex 62.5914 43.6606 21.65
      vertex 62.5914 43.6606 11
    endloop
  endfacet
  facet normal -0.970005 0.243084 0
    outer loop
      vertex 69.1743 43.984 11
      vertex 69.2578 44.3172 21.65
      vertex 69.2578 44.3172 11
    endloop
  endfacet
  facet normal -0.970005 0.243084 0
    outer loop
      vertex 69.2578 44.3172 21.65
      vertex 69.1743 43.984 11
      vertex 69.1743 43.984 21.65
    endloop
  endfacet
  facet normal 0.0491971 -0.998789 0
    outer loop
      vertex 65.4819 48.4831 11
      vertex 65.825 48.5 21.65
      vertex 65.4819 48.4831 21.65
    endloop
  endfacet
  facet normal 0.0491971 -0.998789 0
    outer loop
      vertex 65.825 48.5 21.65
      vertex 65.4819 48.4831 11
      vertex 65.825 48.5 11
    endloop
  endfacet
  facet normal -0.671454 -0.741046 0
    outer loop
      vertex 68.0454 47.7055 11
      vertex 68.2999 47.4749 21.65
      vertex 68.0454 47.7055 21.65
    endloop
  endfacet
  facet normal -0.671454 -0.741046 -0
    outer loop
      vertex 68.2999 47.4749 21.65
      vertex 68.0454 47.7055 11
      vertex 68.2999 47.4749 11
    endloop
  endfacet
  facet normal 0.427661 -0.903939 0
    outer loop
      vertex 64.1751 48.0867 11
      vertex 64.4856 48.2336 21.65
      vertex 64.1751 48.0867 21.65
    endloop
  endfacet
  facet normal 0.427661 -0.903939 0
    outer loop
      vertex 64.4856 48.2336 21.65
      vertex 64.1751 48.0867 11
      vertex 64.4856 48.2336 11
    endloop
  endfacet
  facet normal 0.671454 -0.741046 0
    outer loop
      vertex 63.3501 47.4749 11
      vertex 63.6046 47.7055 21.65
      vertex 63.3501 47.4749 21.65
    endloop
  endfacet
  facet normal 0.671454 -0.741046 0
    outer loop
      vertex 63.6046 47.7055 21.65
      vertex 63.3501 47.4749 11
      vertex 63.6046 47.7055 11
    endloop
  endfacet
  facet normal -0.336853 0.941557 0
    outer loop
      vertex 67.1644 41.7664 11
      vertex 66.841 41.6507 21.65
      vertex 67.1644 41.7664 21.65
    endloop
  endfacet
  facet normal -0.336853 0.941557 0
    outer loop
      vertex 66.841 41.6507 21.65
      vertex 67.1644 41.7664 11
      vertex 66.841 41.6507 11
    endloop
  endfacet
  facet normal 0.336853 -0.941557 0
    outer loop
      vertex 64.4856 48.2336 11
      vertex 64.809 48.3493 21.65
      vertex 64.4856 48.2336 21.65
    endloop
  endfacet
  facet normal 0.336853 -0.941557 0
    outer loop
      vertex 64.809 48.3493 21.65
      vertex 64.4856 48.2336 11
      vertex 64.809 48.3493 11
    endloop
  endfacet
  facet normal -0.803237 -0.595659 0
    outer loop
      vertex 68.7351 46.9445 11
      vertex 68.5305 47.2204 21.65
      vertex 68.5305 47.2204 11
    endloop
  endfacet
  facet normal -0.803237 -0.595659 0
    outer loop
      vertex 68.5305 47.2204 21.65
      vertex 68.7351 46.9445 11
      vertex 68.7351 46.9445 21.65
    endloop
  endfacet
  facet normal 0.857698 -0.514153 0
    outer loop
      vertex 62.7383 46.6499 21.65
      vertex 62.9149 46.9445 11
      vertex 62.9149 46.9445 21.65
    endloop
  endfacet
  facet normal 0.857698 -0.514153 0
    outer loop
      vertex 62.9149 46.9445 11
      vertex 62.7383 46.6499 21.65
      vertex 62.7383 46.6499 11
    endloop
  endfacet
  facet normal -0.998789 0.0491971 0
    outer loop
      vertex 69.3081 44.6569 11
      vertex 69.325 45 21.65
      vertex 69.325 45 11
    endloop
  endfacet
  facet normal -0.998789 0.0491971 0
    outer loop
      vertex 69.325 45 21.65
      vertex 69.3081 44.6569 11
      vertex 69.3081 44.6569 21.65
    endloop
  endfacet
  facet normal -0.903939 0.427661 0
    outer loop
      vertex 68.9117 43.3501 11
      vertex 69.0586 43.6606 21.65
      vertex 69.0586 43.6606 11
    endloop
  endfacet
  facet normal -0.903939 0.427661 0
    outer loop
      vertex 69.0586 43.6606 21.65
      vertex 68.9117 43.3501 11
      vertex 68.9117 43.3501 21.65
    endloop
  endfacet
  facet normal 0.671454 0.741046 -0
    outer loop
      vertex 63.6046 42.2945 11
      vertex 63.3501 42.5251 21.65
      vertex 63.6046 42.2945 21.65
    endloop
  endfacet
  facet normal 0.671454 0.741046 0
    outer loop
      vertex 63.3501 42.5251 21.65
      vertex 63.6046 42.2945 11
      vertex 63.3501 42.5251 11
    endloop
  endfacet
  facet normal -0.595659 -0.803237 0
    outer loop
      vertex 67.7695 47.9101 11
      vertex 68.0454 47.7055 21.65
      vertex 67.7695 47.9101 21.65
    endloop
  endfacet
  facet normal -0.595659 -0.803237 -0
    outer loop
      vertex 68.0454 47.7055 21.65
      vertex 67.7695 47.9101 11
      vertex 68.0454 47.7055 11
    endloop
  endfacet
  facet normal 0.514153 0.857698 -0
    outer loop
      vertex 64.1751 41.9133 11
      vertex 63.8805 42.0899 21.65
      vertex 64.1751 41.9133 21.65
    endloop
  endfacet
  facet normal 0.514153 0.857698 0
    outer loop
      vertex 63.8805 42.0899 21.65
      vertex 64.1751 41.9133 11
      vertex 63.8805 42.0899 11
    endloop
  endfacet
  facet normal -0.514153 -0.857698 0
    outer loop
      vertex 67.4749 48.0867 11
      vertex 67.7695 47.9101 21.65
      vertex 67.4749 48.0867 21.65
    endloop
  endfacet
  facet normal -0.514153 -0.857698 -0
    outer loop
      vertex 67.7695 47.9101 21.65
      vertex 67.4749 48.0867 11
      vertex 67.7695 47.9101 11
    endloop
  endfacet
  facet normal -0.14676 0.989172 0
    outer loop
      vertex 66.5078 41.5673 11
      vertex 66.1681 41.5169 21.65
      vertex 66.5078 41.5673 21.65
    endloop
  endfacet
  facet normal -0.14676 0.989172 0
    outer loop
      vertex 66.1681 41.5169 21.65
      vertex 66.5078 41.5673 11
      vertex 66.1681 41.5169 11
    endloop
  endfacet
  facet normal -0.941557 -0.336853 0
    outer loop
      vertex 69.1743 46.016 11
      vertex 69.0586 46.3394 21.65
      vertex 69.0586 46.3394 11
    endloop
  endfacet
  facet normal -0.941557 -0.336853 0
    outer loop
      vertex 69.0586 46.3394 21.65
      vertex 69.1743 46.016 11
      vertex 69.1743 46.016 21.65
    endloop
  endfacet
  facet normal -0.857698 0.514153 0
    outer loop
      vertex 68.7351 43.0555 11
      vertex 68.9117 43.3501 21.65
      vertex 68.9117 43.3501 11
    endloop
  endfacet
  facet normal -0.857698 0.514153 0
    outer loop
      vertex 68.9117 43.3501 21.65
      vertex 68.7351 43.0555 11
      vertex 68.7351 43.0555 21.65
    endloop
  endfacet
  facet normal 0.998789 0.0491971 0
    outer loop
      vertex 62.3419 44.6569 21.65
      vertex 62.325 45 11
      vertex 62.325 45 21.65
    endloop
  endfacet
  facet normal 0.998789 0.0491971 0
    outer loop
      vertex 62.325 45 11
      vertex 62.3419 44.6569 21.65
      vertex 62.3419 44.6569 11
    endloop
  endfacet
  facet normal -0.941557 0.336853 0
    outer loop
      vertex 69.0586 43.6606 11
      vertex 69.1743 43.984 21.65
      vertex 69.1743 43.984 11
    endloop
  endfacet
  facet normal -0.941557 0.336853 0
    outer loop
      vertex 69.1743 43.984 21.65
      vertex 69.0586 43.6606 11
      vertex 69.0586 43.6606 21.65
    endloop
  endfacet
  facet normal -0.741046 -0.671454 0
    outer loop
      vertex 68.5305 47.2204 11
      vertex 68.2999 47.4749 21.65
      vertex 68.2999 47.4749 11
    endloop
  endfacet
  facet normal -0.741046 -0.671454 0
    outer loop
      vertex 68.2999 47.4749 21.65
      vertex 68.5305 47.2204 11
      vertex 68.5305 47.2204 21.65
    endloop
  endfacet
  facet normal -0.0491971 -0.998789 0
    outer loop
      vertex 65.825 48.5 11
      vertex 66.1681 48.4831 21.65
      vertex 65.825 48.5 21.65
    endloop
  endfacet
  facet normal -0.0491971 -0.998789 -0
    outer loop
      vertex 66.1681 48.4831 21.65
      vertex 65.825 48.5 11
      vertex 66.1681 48.4831 11
    endloop
  endfacet
  facet normal -0.903939 -0.427661 0
    outer loop
      vertex 69.0586 46.3394 11
      vertex 68.9117 46.6499 21.65
      vertex 68.9117 46.6499 11
    endloop
  endfacet
  facet normal -0.903939 -0.427661 0
    outer loop
      vertex 68.9117 46.6499 21.65
      vertex 69.0586 46.3394 11
      vertex 69.0586 46.3394 21.65
    endloop
  endfacet
  facet normal 0.14676 0.989172 -0
    outer loop
      vertex 65.4819 41.5169 11
      vertex 65.1422 41.5673 21.65
      vertex 65.4819 41.5169 21.65
    endloop
  endfacet
  facet normal 0.14676 0.989172 0
    outer loop
      vertex 65.1422 41.5673 21.65
      vertex 65.4819 41.5169 11
      vertex 65.1422 41.5673 11
    endloop
  endfacet
  facet normal -0.671454 0.741046 0
    outer loop
      vertex 68.2999 42.5251 11
      vertex 68.0454 42.2945 21.65
      vertex 68.2999 42.5251 21.65
    endloop
  endfacet
  facet normal -0.671454 0.741046 0
    outer loop
      vertex 68.0454 42.2945 21.65
      vertex 68.2999 42.5251 11
      vertex 68.0454 42.2945 11
    endloop
  endfacet
  facet normal -0.857698 -0.514153 0
    outer loop
      vertex 68.9117 46.6499 11
      vertex 68.7351 46.9445 21.65
      vertex 68.7351 46.9445 11
    endloop
  endfacet
  facet normal -0.857698 -0.514153 0
    outer loop
      vertex 68.7351 46.9445 21.65
      vertex 68.9117 46.6499 11
      vertex 68.9117 46.6499 21.65
    endloop
  endfacet
  facet normal 0.0491971 0.998789 -0
    outer loop
      vertex 65.825 41.5 11
      vertex 65.4819 41.5169 21.65
      vertex 65.825 41.5 21.65
    endloop
  endfacet
  facet normal 0.0491971 0.998789 0
    outer loop
      vertex 65.4819 41.5169 21.65
      vertex 65.825 41.5 11
      vertex 65.4819 41.5169 11
    endloop
  endfacet
  facet normal 0.741046 -0.671454 0
    outer loop
      vertex 63.1195 47.2204 21.65
      vertex 63.3501 47.4749 11
      vertex 63.3501 47.4749 21.65
    endloop
  endfacet
  facet normal 0.741046 -0.671454 0
    outer loop
      vertex 63.3501 47.4749 11
      vertex 63.1195 47.2204 21.65
      vertex 63.1195 47.2204 11
    endloop
  endfacet
  facet normal 0.14676 -0.989172 0
    outer loop
      vertex 65.1422 48.4327 11
      vertex 65.4819 48.4831 21.65
      vertex 65.1422 48.4327 21.65
    endloop
  endfacet
  facet normal 0.14676 -0.989172 0
    outer loop
      vertex 65.4819 48.4831 21.65
      vertex 65.1422 48.4327 11
      vertex 65.4819 48.4831 11
    endloop
  endfacet
  facet normal 0.903939 -0.427661 0
    outer loop
      vertex 62.5914 46.3394 21.65
      vertex 62.7383 46.6499 11
      vertex 62.7383 46.6499 21.65
    endloop
  endfacet
  facet normal 0.903939 -0.427661 0
    outer loop
      vertex 62.7383 46.6499 11
      vertex 62.5914 46.3394 21.65
      vertex 62.5914 46.3394 11
    endloop
  endfacet
  facet normal 0.970074 -0.24281 0
    outer loop
      vertex 62.3923 45.6828 21.65
      vertex 62.4757 46.016 11
      vertex 62.4757 46.016 21.65
    endloop
  endfacet
  facet normal 0.970074 -0.24281 0
    outer loop
      vertex 62.4757 46.016 11
      vertex 62.3923 45.6828 21.65
      vertex 62.3923 45.6828 11
    endloop
  endfacet
  facet normal -0.24281 -0.970074 0
    outer loop
      vertex 66.5078 48.4327 11
      vertex 66.841 48.3493 21.65
      vertex 66.5078 48.4327 21.65
    endloop
  endfacet
  facet normal -0.24281 -0.970074 -0
    outer loop
      vertex 66.841 48.3493 21.65
      vertex 66.5078 48.4327 11
      vertex 66.841 48.3493 11
    endloop
  endfacet
  facet normal 0.970074 0.24281 0
    outer loop
      vertex 62.4757 43.984 21.65
      vertex 62.3923 44.3172 11
      vertex 62.3923 44.3172 21.65
    endloop
  endfacet
  facet normal 0.970074 0.24281 0
    outer loop
      vertex 62.3923 44.3172 11
      vertex 62.4757 43.984 21.65
      vertex 62.4757 43.984 11
    endloop
  endfacet
  facet normal 0.427661 0.903939 -0
    outer loop
      vertex 64.4856 41.7664 11
      vertex 64.1751 41.9133 21.65
      vertex 64.4856 41.7664 21.65
    endloop
  endfacet
  facet normal 0.427661 0.903939 0
    outer loop
      vertex 64.1751 41.9133 21.65
      vertex 64.4856 41.7664 11
      vertex 64.1751 41.9133 11
    endloop
  endfacet
  facet normal 0.741046 0.671454 0
    outer loop
      vertex 63.3501 42.5251 21.65
      vertex 63.1195 42.7796 11
      vertex 63.1195 42.7796 21.65
    endloop
  endfacet
  facet normal 0.741046 0.671454 0
    outer loop
      vertex 63.1195 42.7796 11
      vertex 63.3501 42.5251 21.65
      vertex 63.3501 42.5251 11
    endloop
  endfacet
  facet normal -0.427661 0.903939 0
    outer loop
      vertex 67.4749 41.9133 11
      vertex 67.1644 41.7664 21.65
      vertex 67.4749 41.9133 21.65
    endloop
  endfacet
  facet normal -0.427661 0.903939 0
    outer loop
      vertex 67.1644 41.7664 21.65
      vertex 67.4749 41.9133 11
      vertex 67.1644 41.7664 11
    endloop
  endfacet
  facet normal -0.0491971 0.998789 0
    outer loop
      vertex 66.1681 41.5169 11
      vertex 65.825 41.5 21.65
      vertex 66.1681 41.5169 21.65
    endloop
  endfacet
  facet normal -0.0491971 0.998789 0
    outer loop
      vertex 65.825 41.5 21.65
      vertex 66.1681 41.5169 11
      vertex 65.825 41.5 11
    endloop
  endfacet
  facet normal 0.989172 0.14676 0
    outer loop
      vertex 62.3923 44.3172 21.65
      vertex 62.3419 44.6569 11
      vertex 62.3419 44.6569 21.65
    endloop
  endfacet
  facet normal 0.989172 0.14676 0
    outer loop
      vertex 62.3419 44.6569 11
      vertex 62.3923 44.3172 21.65
      vertex 62.3923 44.3172 11
    endloop
  endfacet
  facet normal -0.595659 0.803237 0
    outer loop
      vertex 68.0454 42.2945 11
      vertex 67.7695 42.0899 21.65
      vertex 68.0454 42.2945 21.65
    endloop
  endfacet
  facet normal -0.595659 0.803237 0
    outer loop
      vertex 67.7695 42.0899 21.65
      vertex 68.0454 42.2945 11
      vertex 67.7695 42.0899 11
    endloop
  endfacet
  facet normal 0.803237 0.595659 0
    outer loop
      vertex 63.1195 42.7796 21.65
      vertex 62.9149 43.0555 11
      vertex 62.9149 43.0555 21.65
    endloop
  endfacet
  facet normal 0.803237 0.595659 0
    outer loop
      vertex 62.9149 43.0555 11
      vertex 63.1195 42.7796 21.65
      vertex 63.1195 42.7796 11
    endloop
  endfacet
  facet normal 0.998789 -0.0491971 0
    outer loop
      vertex 62.325 45 21.65
      vertex 62.3419 45.3431 11
      vertex 62.3419 45.3431 21.65
    endloop
  endfacet
  facet normal 0.998789 -0.0491971 0
    outer loop
      vertex 62.3419 45.3431 11
      vertex 62.325 45 21.65
      vertex 62.325 45 11
    endloop
  endfacet
  facet normal -0.741046 0.671454 0
    outer loop
      vertex 68.2999 42.5251 11
      vertex 68.5305 42.7796 21.65
      vertex 68.5305 42.7796 11
    endloop
  endfacet
  facet normal -0.741046 0.671454 0
    outer loop
      vertex 68.5305 42.7796 21.65
      vertex 68.2999 42.5251 11
      vertex 68.2999 42.5251 21.65
    endloop
  endfacet
  facet normal 0.67147 0.741032 -0
    outer loop
      vertex -1.71286 -79.9121 11
      vertex -1.90919 -79.7342 21.65
      vertex -1.71286 -79.9121 21.65
    endloop
  endfacet
  facet normal 0.67147 0.741032 0
    outer loop
      vertex -1.90919 -79.7342 21.65
      vertex -1.71286 -79.9121 11
      vertex -1.90919 -79.7342 11
    endloop
  endfacet
  facet normal 0.941504 -0.337001 0
    outer loop
      vertex -2.58374 -77.0412 21.65
      vertex -2.49447 -76.7918 11
      vertex -2.49447 -76.7918 21.65
    endloop
  endfacet
  facet normal 0.941504 -0.337001 0
    outer loop
      vertex -2.49447 -76.7918 11
      vertex -2.58374 -77.0412 21.65
      vertex -2.58374 -77.0412 11
    endloop
  endfacet
  facet normal -0.989176 -0.146735 0
    outer loop
      vertex 2.687 -77.5604 11
      vertex 2.64812 -77.2983 21.65
      vertex 2.64812 -77.2983 11
    endloop
  endfacet
  facet normal -0.989176 -0.146735 0
    outer loop
      vertex 2.64812 -77.2983 21.65
      vertex 2.687 -77.5604 11
      vertex 2.687 -77.5604 21.65
    endloop
  endfacet
  facet normal -0.998795 -0.0490716 0
    outer loop
      vertex 2.7 -77.825 11
      vertex 2.687 -77.5604 21.65
      vertex 2.687 -77.5604 11
    endloop
  endfacet
  facet normal -0.998795 -0.0490716 0
    outer loop
      vertex 2.687 -77.5604 21.65
      vertex 2.7 -77.825 11
      vertex 2.7 -77.825 21.65
    endloop
  endfacet
  facet normal 0.514046 0.857763 -0
    outer loop
      vertex -1.27277 -80.2062 11
      vertex -1.50004 -80.07 21.65
      vertex -1.27277 -80.2062 21.65
    endloop
  endfacet
  facet normal 0.514046 0.857763 0
    outer loop
      vertex -1.50004 -80.07 21.65
      vertex -1.27277 -80.2062 11
      vertex -1.50004 -80.07 11
    endloop
  endfacet
  facet normal -0.67147 -0.741032 0
    outer loop
      vertex 1.71286 -75.7379 11
      vertex 1.90919 -75.9158 21.65
      vertex 1.71286 -75.7379 21.65
    endloop
  endfacet
  facet normal -0.67147 -0.741032 -0
    outer loop
      vertex 1.90919 -75.9158 21.65
      vertex 1.71286 -75.7379 11
      vertex 1.90919 -75.9158 11
    endloop
  endfacet
  facet normal 0.14681 0.989165 -0
    outer loop
      vertex -0.264646 -80.512 11
      vertex -0.526743 -80.4731 21.65
      vertex -0.264646 -80.512 21.65
    endloop
  endfacet
  facet normal 0.14681 0.989165 0
    outer loop
      vertex -0.526743 -80.4731 21.65
      vertex -0.264646 -80.512 11
      vertex -0.526743 -80.4731 11
    endloop
  endfacet
  facet normal -0.740906 -0.671609 0
    outer loop
      vertex 2.08713 -76.1121 11
      vertex 1.90919 -75.9158 21.65
      vertex 1.90919 -75.9158 11
    endloop
  endfacet
  facet normal -0.740906 -0.671609 0
    outer loop
      vertex 1.90919 -75.9158 21.65
      vertex 2.08713 -76.1121 11
      vertex 2.08713 -76.1121 21.65
    endloop
  endfacet
  facet normal -0.427603 -0.903967 0
    outer loop
      vertex 1.03325 -75.3305 11
      vertex 1.27277 -75.4438 21.65
      vertex 1.03325 -75.3305 21.65
    endloop
  endfacet
  facet normal -0.427603 -0.903967 -0
    outer loop
      vertex 1.27277 -75.4438 21.65
      vertex 1.03325 -75.3305 11
      vertex 1.27277 -75.4438 11
    endloop
  endfacet
  facet normal -0.0490631 0.998796 0
    outer loop
      vertex 0.264646 -80.512 11
      vertex 0 -80.525 21.65
      vertex 0.264646 -80.512 21.65
    endloop
  endfacet
  facet normal -0.0490631 0.998796 0
    outer loop
      vertex 0 -80.525 21.65
      vertex 0.264646 -80.512 11
      vertex 0 -80.525 11
    endloop
  endfacet
  facet normal 0.740906 -0.671609 0
    outer loop
      vertex -2.08713 -76.1121 21.65
      vertex -1.90919 -75.9158 11
      vertex -1.90919 -75.9158 21.65
    endloop
  endfacet
  facet normal 0.740906 -0.671609 0
    outer loop
      vertex -1.90919 -75.9158 11
      vertex -2.08713 -76.1121 21.65
      vertex -2.08713 -76.1121 11
    endloop
  endfacet
  facet normal -0.989176 0.146735 0
    outer loop
      vertex 2.64812 -78.3517 11
      vertex 2.687 -78.0896 21.65
      vertex 2.687 -78.0896 11
    endloop
  endfacet
  facet normal -0.989176 0.146735 0
    outer loop
      vertex 2.687 -78.0896 21.65
      vertex 2.64812 -78.3517 11
      vertex 2.64812 -78.3517 21.65
    endloop
  endfacet
  facet normal -0.904051 -0.427424 0
    outer loop
      vertex 2.49447 -76.7918 11
      vertex 2.38119 -76.5522 21.65
      vertex 2.38119 -76.5522 11
    endloop
  endfacet
  facet normal -0.904051 -0.427424 0
    outer loop
      vertex 2.38119 -76.5522 21.65
      vertex 2.49447 -76.7918 11
      vertex 2.49447 -76.7918 21.65
    endloop
  endfacet
  facet normal 0.243046 -0.970015 0
    outer loop
      vertex -0.783768 -75.2413 11
      vertex -0.526743 -75.1769 21.65
      vertex -0.783768 -75.2413 21.65
    endloop
  endfacet
  facet normal 0.243046 -0.970015 0
    outer loop
      vertex -0.526743 -75.1769 21.65
      vertex -0.783768 -75.2413 11
      vertex -0.526743 -75.1769 11
    endloop
  endfacet
  facet normal 0.803311 -0.59556 0
    outer loop
      vertex -2.24497 -76.325 21.65
      vertex -2.08713 -76.1121 11
      vertex -2.08713 -76.1121 21.65
    endloop
  endfacet
  facet normal 0.803311 -0.59556 0
    outer loop
      vertex -2.08713 -76.1121 11
      vertex -2.24497 -76.325 21.65
      vertex -2.24497 -76.325 11
    endloop
  endfacet
  facet normal -0.243046 -0.970015 0
    outer loop
      vertex 0.526743 -75.1769 11
      vertex 0.783768 -75.2413 21.65
      vertex 0.526743 -75.1769 21.65
    endloop
  endfacet
  facet normal -0.243046 -0.970015 -0
    outer loop
      vertex 0.783768 -75.2413 21.65
      vertex 0.526743 -75.1769 11
      vertex 0.783768 -75.2413 11
    endloop
  endfacet
  facet normal -0.336669 -0.941623 0
    outer loop
      vertex 0.783768 -75.2413 11
      vertex 1.03325 -75.3305 21.65
      vertex 0.783768 -75.2413 21.65
    endloop
  endfacet
  facet normal -0.336669 -0.941623 -0
    outer loop
      vertex 1.03325 -75.3305 21.65
      vertex 0.783768 -75.2413 11
      vertex 1.03325 -75.3305 11
    endloop
  endfacet
  facet normal -0.941504 -0.337001 0
    outer loop
      vertex 2.58374 -77.0412 11
      vertex 2.49447 -76.7918 21.65
      vertex 2.49447 -76.7918 11
    endloop
  endfacet
  facet normal -0.941504 -0.337001 0
    outer loop
      vertex 2.49447 -76.7918 21.65
      vertex 2.58374 -77.0412 11
      vertex 2.58374 -77.0412 21.65
    endloop
  endfacet
  facet normal -0.59585 -0.803096 0
    outer loop
      vertex 1.50004 -75.58 11
      vertex 1.71286 -75.7379 21.65
      vertex 1.50004 -75.58 21.65
    endloop
  endfacet
  facet normal -0.59585 -0.803096 -0
    outer loop
      vertex 1.71286 -75.7379 21.65
      vertex 1.50004 -75.58 11
      vertex 1.71286 -75.7379 11
    endloop
  endfacet
  facet normal 0.857659 0.514218 0
    outer loop
      vertex -2.24497 -79.325 21.65
      vertex -2.38119 -79.0978 11
      vertex -2.38119 -79.0978 21.65
    endloop
  endfacet
  facet normal 0.857659 0.514218 0
    outer loop
      vertex -2.38119 -79.0978 11
      vertex -2.24497 -79.325 21.65
      vertex -2.24497 -79.325 11
    endloop
  endfacet
  facet normal -0.514046 -0.857763 0
    outer loop
      vertex 1.27277 -75.4438 11
      vertex 1.50004 -75.58 21.65
      vertex 1.27277 -75.4438 21.65
    endloop
  endfacet
  facet normal -0.514046 -0.857763 -0
    outer loop
      vertex 1.50004 -75.58 21.65
      vertex 1.27277 -75.4438 11
      vertex 1.50004 -75.58 11
    endloop
  endfacet
  facet normal -0.941504 0.337001 0
    outer loop
      vertex 2.49447 -78.8582 11
      vertex 2.58374 -78.6088 21.65
      vertex 2.58374 -78.6088 11
    endloop
  endfacet
  facet normal -0.941504 0.337001 0
    outer loop
      vertex 2.58374 -78.6088 21.65
      vertex 2.49447 -78.8582 11
      vertex 2.49447 -78.8582 21.65
    endloop
  endfacet
  facet normal 0.857659 -0.514218 0
    outer loop
      vertex -2.38119 -76.5522 21.65
      vertex -2.24497 -76.325 11
      vertex -2.24497 -76.325 21.65
    endloop
  endfacet
  facet normal 0.857659 -0.514218 0
    outer loop
      vertex -2.24497 -76.325 11
      vertex -2.38119 -76.5522 21.65
      vertex -2.38119 -76.5522 11
    endloop
  endfacet
  facet normal 0.970049 0.242908 0
    outer loop
      vertex -2.58374 -78.6088 21.65
      vertex -2.64812 -78.3517 11
      vertex -2.64812 -78.3517 21.65
    endloop
  endfacet
  facet normal 0.970049 0.242908 0
    outer loop
      vertex -2.64812 -78.3517 11
      vertex -2.58374 -78.6088 21.65
      vertex -2.58374 -78.6088 11
    endloop
  endfacet
  facet normal -0.0490631 -0.998796 0
    outer loop
      vertex 0 -75.125 11
      vertex 0.264646 -75.138 21.65
      vertex 0 -75.125 21.65
    endloop
  endfacet
  facet normal -0.0490631 -0.998796 -0
    outer loop
      vertex 0.264646 -75.138 21.65
      vertex 0 -75.125 11
      vertex 0.264646 -75.138 11
    endloop
  endfacet
  facet normal -0.857659 -0.514218 0
    outer loop
      vertex 2.38119 -76.5522 11
      vertex 2.24497 -76.325 21.65
      vertex 2.24497 -76.325 11
    endloop
  endfacet
  facet normal -0.857659 -0.514218 0
    outer loop
      vertex 2.24497 -76.325 21.65
      vertex 2.38119 -76.5522 11
      vertex 2.38119 -76.5522 21.65
    endloop
  endfacet
  facet normal 0.941504 0.337001 0
    outer loop
      vertex -2.49447 -78.8582 21.65
      vertex -2.58374 -78.6088 11
      vertex -2.58374 -78.6088 21.65
    endloop
  endfacet
  facet normal 0.941504 0.337001 0
    outer loop
      vertex -2.58374 -78.6088 11
      vertex -2.49447 -78.8582 21.65
      vertex -2.49447 -78.8582 11
    endloop
  endfacet
  facet normal 0.67147 -0.741032 0
    outer loop
      vertex -1.90919 -75.9158 11
      vertex -1.71286 -75.7379 21.65
      vertex -1.90919 -75.9158 21.65
    endloop
  endfacet
  facet normal 0.67147 -0.741032 0
    outer loop
      vertex -1.71286 -75.7379 21.65
      vertex -1.90919 -75.9158 11
      vertex -1.71286 -75.7379 11
    endloop
  endfacet
  facet normal -0.970049 0.242908 0
    outer loop
      vertex 2.58374 -78.6088 11
      vertex 2.64812 -78.3517 21.65
      vertex 2.64812 -78.3517 11
    endloop
  endfacet
  facet normal -0.970049 0.242908 0
    outer loop
      vertex 2.64812 -78.3517 21.65
      vertex 2.58374 -78.6088 11
      vertex 2.58374 -78.6088 21.65
    endloop
  endfacet
  facet normal 0.514046 -0.857763 0
    outer loop
      vertex -1.50004 -75.58 11
      vertex -1.27277 -75.4438 21.65
      vertex -1.50004 -75.58 21.65
    endloop
  endfacet
  facet normal 0.514046 -0.857763 0
    outer loop
      vertex -1.27277 -75.4438 21.65
      vertex -1.50004 -75.58 11
      vertex -1.27277 -75.4438 11
    endloop
  endfacet
  facet normal 0.998795 0.0490716 0
    outer loop
      vertex -2.687 -78.0896 21.65
      vertex -2.7 -77.825 11
      vertex -2.7 -77.825 21.65
    endloop
  endfacet
  facet normal 0.998795 0.0490716 0
    outer loop
      vertex -2.7 -77.825 11
      vertex -2.687 -78.0896 21.65
      vertex -2.687 -78.0896 11
    endloop
  endfacet
  facet normal 0.970049 -0.242908 0
    outer loop
      vertex -2.64812 -77.2983 21.65
      vertex -2.58374 -77.0412 11
      vertex -2.58374 -77.0412 21.65
    endloop
  endfacet
  facet normal 0.970049 -0.242908 0
    outer loop
      vertex -2.58374 -77.0412 11
      vertex -2.64812 -77.2983 21.65
      vertex -2.64812 -77.2983 11
    endloop
  endfacet
  facet normal -0.427603 0.903967 0
    outer loop
      vertex 1.27277 -80.2062 11
      vertex 1.03325 -80.3195 21.65
      vertex 1.27277 -80.2062 21.65
    endloop
  endfacet
  facet normal -0.427603 0.903967 0
    outer loop
      vertex 1.03325 -80.3195 21.65
      vertex 1.27277 -80.2062 11
      vertex 1.03325 -80.3195 11
    endloop
  endfacet
  facet normal 0.336669 0.941623 -0
    outer loop
      vertex -0.783768 -80.4087 11
      vertex -1.03325 -80.3195 21.65
      vertex -0.783768 -80.4087 21.65
    endloop
  endfacet
  facet normal 0.336669 0.941623 0
    outer loop
      vertex -1.03325 -80.3195 21.65
      vertex -0.783768 -80.4087 11
      vertex -1.03325 -80.3195 11
    endloop
  endfacet
  facet normal 0.336669 -0.941623 0
    outer loop
      vertex -1.03325 -75.3305 11
      vertex -0.783768 -75.2413 21.65
      vertex -1.03325 -75.3305 21.65
    endloop
  endfacet
  facet normal 0.336669 -0.941623 0
    outer loop
      vertex -0.783768 -75.2413 21.65
      vertex -1.03325 -75.3305 11
      vertex -0.783768 -75.2413 11
    endloop
  endfacet
  facet normal -0.514046 0.857763 0
    outer loop
      vertex 1.50004 -80.07 11
      vertex 1.27277 -80.2062 21.65
      vertex 1.50004 -80.07 21.65
    endloop
  endfacet
  facet normal -0.514046 0.857763 0
    outer loop
      vertex 1.27277 -80.2062 21.65
      vertex 1.50004 -80.07 11
      vertex 1.27277 -80.2062 11
    endloop
  endfacet
  facet normal -0.14681 0.989165 0
    outer loop
      vertex 0.526743 -80.4731 11
      vertex 0.264646 -80.512 21.65
      vertex 0.526743 -80.4731 21.65
    endloop
  endfacet
  facet normal -0.14681 0.989165 0
    outer loop
      vertex 0.264646 -80.512 21.65
      vertex 0.526743 -80.4731 11
      vertex 0.264646 -80.512 11
    endloop
  endfacet
  facet normal -0.740906 0.671609 0
    outer loop
      vertex 1.90919 -79.7342 11
      vertex 2.08713 -79.5379 21.65
      vertex 2.08713 -79.5379 11
    endloop
  endfacet
  facet normal -0.740906 0.671609 0
    outer loop
      vertex 2.08713 -79.5379 21.65
      vertex 1.90919 -79.7342 11
      vertex 1.90919 -79.7342 21.65
    endloop
  endfacet
  facet normal -0.803311 0.59556 0
    outer loop
      vertex 2.08713 -79.5379 11
      vertex 2.24497 -79.325 21.65
      vertex 2.24497 -79.325 11
    endloop
  endfacet
  facet normal -0.803311 0.59556 0
    outer loop
      vertex 2.24497 -79.325 21.65
      vertex 2.08713 -79.5379 11
      vertex 2.08713 -79.5379 21.65
    endloop
  endfacet
  facet normal 0.0490631 -0.998796 0
    outer loop
      vertex -0.264646 -75.138 11
      vertex 0 -75.125 21.65
      vertex -0.264646 -75.138 21.65
    endloop
  endfacet
  facet normal 0.0490631 -0.998796 0
    outer loop
      vertex 0 -75.125 21.65
      vertex -0.264646 -75.138 11
      vertex 0 -75.125 11
    endloop
  endfacet
  facet normal 0.427603 -0.903967 0
    outer loop
      vertex -1.27277 -75.4438 11
      vertex -1.03325 -75.3305 21.65
      vertex -1.27277 -75.4438 21.65
    endloop
  endfacet
  facet normal 0.427603 -0.903967 0
    outer loop
      vertex -1.03325 -75.3305 21.65
      vertex -1.27277 -75.4438 11
      vertex -1.03325 -75.3305 11
    endloop
  endfacet
  facet normal 0.59585 -0.803096 0
    outer loop
      vertex -1.71286 -75.7379 11
      vertex -1.50004 -75.58 21.65
      vertex -1.71286 -75.7379 21.65
    endloop
  endfacet
  facet normal 0.59585 -0.803096 0
    outer loop
      vertex -1.50004 -75.58 21.65
      vertex -1.71286 -75.7379 11
      vertex -1.50004 -75.58 11
    endloop
  endfacet
  facet normal 0.989176 -0.146735 0
    outer loop
      vertex -2.687 -77.5604 21.65
      vertex -2.64812 -77.2983 11
      vertex -2.64812 -77.2983 21.65
    endloop
  endfacet
  facet normal 0.989176 -0.146735 0
    outer loop
      vertex -2.64812 -77.2983 11
      vertex -2.687 -77.5604 21.65
      vertex -2.687 -77.5604 11
    endloop
  endfacet
  facet normal 0.243046 0.970015 -0
    outer loop
      vertex -0.526743 -80.4731 11
      vertex -0.783768 -80.4087 21.65
      vertex -0.526743 -80.4731 21.65
    endloop
  endfacet
  facet normal 0.243046 0.970015 0
    outer loop
      vertex -0.783768 -80.4087 21.65
      vertex -0.526743 -80.4731 11
      vertex -0.783768 -80.4087 11
    endloop
  endfacet
  facet normal -0.970049 -0.242908 0
    outer loop
      vertex 2.64812 -77.2983 11
      vertex 2.58374 -77.0412 21.65
      vertex 2.58374 -77.0412 11
    endloop
  endfacet
  facet normal -0.970049 -0.242908 0
    outer loop
      vertex 2.58374 -77.0412 21.65
      vertex 2.64812 -77.2983 11
      vertex 2.64812 -77.2983 21.65
    endloop
  endfacet
  facet normal -0.803311 -0.59556 0
    outer loop
      vertex 2.24497 -76.325 11
      vertex 2.08713 -76.1121 21.65
      vertex 2.08713 -76.1121 11
    endloop
  endfacet
  facet normal -0.803311 -0.59556 0
    outer loop
      vertex 2.08713 -76.1121 21.65
      vertex 2.24497 -76.325 11
      vertex 2.24497 -76.325 21.65
    endloop
  endfacet
  facet normal 0.803311 0.59556 0
    outer loop
      vertex -2.08713 -79.5379 21.65
      vertex -2.24497 -79.325 11
      vertex -2.24497 -79.325 21.65
    endloop
  endfacet
  facet normal 0.803311 0.59556 0
    outer loop
      vertex -2.24497 -79.325 11
      vertex -2.08713 -79.5379 21.65
      vertex -2.08713 -79.5379 11
    endloop
  endfacet
  facet normal 0.904051 0.427424 0
    outer loop
      vertex -2.38119 -79.0978 21.65
      vertex -2.49447 -78.8582 11
      vertex -2.49447 -78.8582 21.65
    endloop
  endfacet
  facet normal 0.904051 0.427424 0
    outer loop
      vertex -2.49447 -78.8582 11
      vertex -2.38119 -79.0978 21.65
      vertex -2.38119 -79.0978 11
    endloop
  endfacet
  facet normal -0.14681 -0.989165 0
    outer loop
      vertex 0.264646 -75.138 11
      vertex 0.526743 -75.1769 21.65
      vertex 0.264646 -75.138 21.65
    endloop
  endfacet
  facet normal -0.14681 -0.989165 -0
    outer loop
      vertex 0.526743 -75.1769 21.65
      vertex 0.264646 -75.138 11
      vertex 0.526743 -75.1769 11
    endloop
  endfacet
  facet normal 0.427603 0.903967 -0
    outer loop
      vertex -1.03325 -80.3195 11
      vertex -1.27277 -80.2062 21.65
      vertex -1.03325 -80.3195 21.65
    endloop
  endfacet
  facet normal 0.427603 0.903967 0
    outer loop
      vertex -1.27277 -80.2062 21.65
      vertex -1.03325 -80.3195 11
      vertex -1.27277 -80.2062 11
    endloop
  endfacet
  facet normal -0.59585 0.803096 0
    outer loop
      vertex 1.71286 -79.9121 11
      vertex 1.50004 -80.07 21.65
      vertex 1.71286 -79.9121 21.65
    endloop
  endfacet
  facet normal -0.59585 0.803096 0
    outer loop
      vertex 1.50004 -80.07 21.65
      vertex 1.71286 -79.9121 11
      vertex 1.50004 -80.07 11
    endloop
  endfacet
  facet normal -0.998795 0.0490716 0
    outer loop
      vertex 2.687 -78.0896 11
      vertex 2.7 -77.825 21.65
      vertex 2.7 -77.825 11
    endloop
  endfacet
  facet normal -0.998795 0.0490716 0
    outer loop
      vertex 2.7 -77.825 21.65
      vertex 2.687 -78.0896 11
      vertex 2.687 -78.0896 21.65
    endloop
  endfacet
  facet normal 0.14681 -0.989165 0
    outer loop
      vertex -0.526743 -75.1769 11
      vertex -0.264646 -75.138 21.65
      vertex -0.526743 -75.1769 21.65
    endloop
  endfacet
  facet normal 0.14681 -0.989165 0
    outer loop
      vertex -0.264646 -75.138 21.65
      vertex -0.526743 -75.1769 11
      vertex -0.264646 -75.138 11
    endloop
  endfacet
  facet normal 0.989176 0.146735 0
    outer loop
      vertex -2.64812 -78.3517 21.65
      vertex -2.687 -78.0896 11
      vertex -2.687 -78.0896 21.65
    endloop
  endfacet
  facet normal 0.989176 0.146735 0
    outer loop
      vertex -2.687 -78.0896 11
      vertex -2.64812 -78.3517 21.65
      vertex -2.64812 -78.3517 11
    endloop
  endfacet
  facet normal -0.336669 0.941623 0
    outer loop
      vertex 1.03325 -80.3195 11
      vertex 0.783768 -80.4087 21.65
      vertex 1.03325 -80.3195 21.65
    endloop
  endfacet
  facet normal -0.336669 0.941623 0
    outer loop
      vertex 0.783768 -80.4087 21.65
      vertex 1.03325 -80.3195 11
      vertex 0.783768 -80.4087 11
    endloop
  endfacet
  facet normal -0.243046 0.970015 0
    outer loop
      vertex 0.783768 -80.4087 11
      vertex 0.526743 -80.4731 21.65
      vertex 0.783768 -80.4087 21.65
    endloop
  endfacet
  facet normal -0.243046 0.970015 0
    outer loop
      vertex 0.526743 -80.4731 21.65
      vertex 0.783768 -80.4087 11
      vertex 0.526743 -80.4731 11
    endloop
  endfacet
  facet normal 0.740906 0.671609 0
    outer loop
      vertex -1.90919 -79.7342 21.65
      vertex -2.08713 -79.5379 11
      vertex -2.08713 -79.5379 21.65
    endloop
  endfacet
  facet normal 0.740906 0.671609 0
    outer loop
      vertex -2.08713 -79.5379 11
      vertex -1.90919 -79.7342 21.65
      vertex -1.90919 -79.7342 11
    endloop
  endfacet
  facet normal 0.904051 -0.427424 0
    outer loop
      vertex -2.49447 -76.7918 21.65
      vertex -2.38119 -76.5522 11
      vertex -2.38119 -76.5522 21.65
    endloop
  endfacet
  facet normal 0.904051 -0.427424 0
    outer loop
      vertex -2.38119 -76.5522 11
      vertex -2.49447 -76.7918 21.65
      vertex -2.49447 -76.7918 11
    endloop
  endfacet
  facet normal 0.59585 0.803096 -0
    outer loop
      vertex -1.50004 -80.07 11
      vertex -1.71286 -79.9121 21.65
      vertex -1.50004 -80.07 21.65
    endloop
  endfacet
  facet normal 0.59585 0.803096 0
    outer loop
      vertex -1.71286 -79.9121 21.65
      vertex -1.50004 -80.07 11
      vertex -1.71286 -79.9121 11
    endloop
  endfacet
  facet normal -0.904051 0.427424 0
    outer loop
      vertex 2.38119 -79.0978 11
      vertex 2.49447 -78.8582 21.65
      vertex 2.49447 -78.8582 11
    endloop
  endfacet
  facet normal -0.904051 0.427424 0
    outer loop
      vertex 2.49447 -78.8582 21.65
      vertex 2.38119 -79.0978 11
      vertex 2.38119 -79.0978 21.65
    endloop
  endfacet
  facet normal -0.857659 0.514218 0
    outer loop
      vertex 2.24497 -79.325 11
      vertex 2.38119 -79.0978 21.65
      vertex 2.38119 -79.0978 11
    endloop
  endfacet
  facet normal -0.857659 0.514218 0
    outer loop
      vertex 2.38119 -79.0978 21.65
      vertex 2.24497 -79.325 11
      vertex 2.24497 -79.325 21.65
    endloop
  endfacet
  facet normal 0.0490631 0.998796 -0
    outer loop
      vertex 0 -80.525 11
      vertex -0.264646 -80.512 21.65
      vertex 0 -80.525 21.65
    endloop
  endfacet
  facet normal 0.0490631 0.998796 0
    outer loop
      vertex -0.264646 -80.512 21.65
      vertex 0 -80.525 11
      vertex -0.264646 -80.512 11
    endloop
  endfacet
  facet normal 0.998795 -0.0490716 0
    outer loop
      vertex -2.7 -77.825 21.65
      vertex -2.687 -77.5604 11
      vertex -2.687 -77.5604 21.65
    endloop
  endfacet
  facet normal 0.998795 -0.0490716 0
    outer loop
      vertex -2.687 -77.5604 11
      vertex -2.7 -77.825 21.65
      vertex -2.7 -77.825 11
    endloop
  endfacet
  facet normal -0.67147 0.741032 0
    outer loop
      vertex 1.90919 -79.7342 11
      vertex 1.71286 -79.9121 21.65
      vertex 1.90919 -79.7342 21.65
    endloop
  endfacet
  facet normal -0.67147 0.741032 0
    outer loop
      vertex 1.71286 -79.9121 21.65
      vertex 1.90919 -79.7342 11
      vertex 1.71286 -79.9121 11
    endloop
  endfacet
  facet normal -0.989165 -0.146809 0
    outer loop
      vertex 68.0252 -74.5794 11
      vertex 67.9863 -74.3173 21.65
      vertex 67.9863 -74.3173 11
    endloop
  endfacet
  facet normal -0.989165 -0.146809 0
    outer loop
      vertex 67.9863 -74.3173 21.65
      vertex 68.0252 -74.5794 11
      vertex 68.0252 -74.5794 21.65
    endloop
  endfacet
  facet normal -0.998795 -0.0490716 0
    outer loop
      vertex 68.0382 -74.844 11
      vertex 68.0252 -74.5794 21.65
      vertex 68.0252 -74.5794 11
    endloop
  endfacet
  facet normal -0.998795 -0.0490716 0
    outer loop
      vertex 68.0252 -74.5794 21.65
      vertex 68.0382 -74.844 11
      vertex 68.0382 -74.844 21.65
    endloop
  endfacet
  facet normal -0.970009 -0.243068 0
    outer loop
      vertex 67.9863 -74.3173 11
      vertex 67.9219 -74.0603 21.65
      vertex 67.9219 -74.0603 11
    endloop
  endfacet
  facet normal -0.970009 -0.243068 0
    outer loop
      vertex 67.9219 -74.0603 21.65
      vertex 67.9863 -74.3173 11
      vertex 67.9863 -74.3173 21.65
    endloop
  endfacet
  facet normal -0.427632 0.903953 0
    outer loop
      vertex 66.6109 -77.2252 11
      vertex 66.3714 -77.3385 21.65
      vertex 66.6109 -77.2252 21.65
    endloop
  endfacet
  facet normal -0.427632 0.903953 0
    outer loop
      vertex 66.3714 -77.3385 21.65
      vertex 66.6109 -77.2252 11
      vertex 66.3714 -77.3385 11
    endloop
  endfacet
  facet normal 0.595643 -0.803249 0
    outer loop
      vertex 63.6253 -72.7569 11
      vertex 63.8381 -72.5991 21.65
      vertex 63.6253 -72.7569 21.65
    endloop
  endfacet
  facet normal 0.595643 -0.803249 0
    outer loop
      vertex 63.8381 -72.5991 21.65
      vertex 63.6253 -72.7569 11
      vertex 63.8381 -72.5991 11
    endloop
  endfacet
  facet normal -0.243068 -0.970009 0
    outer loop
      vertex 65.8649 -72.1959 11
      vertex 66.1219 -72.2603 21.65
      vertex 65.8649 -72.1959 21.65
    endloop
  endfacet
  facet normal -0.243068 -0.970009 -0
    outer loop
      vertex 66.1219 -72.2603 21.65
      vertex 65.8649 -72.1959 11
      vertex 66.1219 -72.2603 11
    endloop
  endfacet
  facet normal 0.903953 -0.427632 0
    outer loop
      vertex 62.8437 -73.8108 21.65
      vertex 62.957 -73.5713 11
      vertex 62.957 -73.5713 21.65
    endloop
  endfacet
  facet normal 0.903953 -0.427632 0
    outer loop
      vertex 62.957 -73.5713 11
      vertex 62.8437 -73.8108 21.65
      vertex 62.8437 -73.8108 11
    endloop
  endfacet
  facet normal 0.970009 -0.243068 0
    outer loop
      vertex 62.69 -74.3173 21.65
      vertex 62.7544 -74.0603 11
      vertex 62.7544 -74.0603 21.65
    endloop
  endfacet
  facet normal 0.970009 -0.243068 0
    outer loop
      vertex 62.7544 -74.0603 11
      vertex 62.69 -74.3173 21.65
      vertex 62.69 -74.3173 11
    endloop
  endfacet
  facet normal -0.513996 0.857792 0
    outer loop
      vertex 66.8382 -77.089 11
      vertex 66.6109 -77.2252 21.65
      vertex 66.8382 -77.089 21.65
    endloop
  endfacet
  facet normal -0.513996 0.857792 0
    outer loop
      vertex 66.6109 -77.2252 21.65
      vertex 66.8382 -77.089 11
      vertex 66.6109 -77.2252 11
    endloop
  endfacet
  facet normal -0.242713 0.970098 0
    outer loop
      vertex 66.1219 -77.4278 11
      vertex 65.8649 -77.4921 21.65
      vertex 66.1219 -77.4278 21.65
    endloop
  endfacet
  facet normal -0.242713 0.970098 0
    outer loop
      vertex 65.8649 -77.4921 21.65
      vertex 66.1219 -77.4278 11
      vertex 65.8649 -77.4921 11
    endloop
  endfacet
  facet normal -0.0490716 -0.998795 0
    outer loop
      vertex 65.3382 -72.144 11
      vertex 65.6028 -72.157 21.65
      vertex 65.3382 -72.144 21.65
    endloop
  endfacet
  facet normal -0.0490716 -0.998795 -0
    outer loop
      vertex 65.6028 -72.157 21.65
      vertex 65.3382 -72.144 11
      vertex 65.6028 -72.157 11
    endloop
  endfacet
  facet normal -0.146809 -0.989165 0
    outer loop
      vertex 65.6028 -72.157 11
      vertex 65.8649 -72.1959 21.65
      vertex 65.6028 -72.157 21.65
    endloop
  endfacet
  facet normal -0.146809 -0.989165 -0
    outer loop
      vertex 65.8649 -72.1959 21.65
      vertex 65.6028 -72.157 11
      vertex 65.8649 -72.1959 11
    endloop
  endfacet
  facet normal -0.427632 -0.903953 0
    outer loop
      vertex 66.3714 -72.3495 11
      vertex 66.6109 -72.4628 21.65
      vertex 66.3714 -72.3495 21.65
    endloop
  endfacet
  facet normal -0.427632 -0.903953 -0
    outer loop
      vertex 66.6109 -72.4628 21.65
      vertex 66.3714 -72.3495 11
      vertex 66.6109 -72.4628 11
    endloop
  endfacet
  facet normal -0.146809 0.989165 0
    outer loop
      vertex 65.8649 -77.4921 11
      vertex 65.6028 -77.531 21.65
      vertex 65.8649 -77.4921 21.65
    endloop
  endfacet
  facet normal -0.146809 0.989165 0
    outer loop
      vertex 65.6028 -77.531 21.65
      vertex 65.8649 -77.4921 11
      vertex 65.6028 -77.531 11
    endloop
  endfacet
  facet normal -0.803249 0.595643 0
    outer loop
      vertex 67.4253 -76.5569 11
      vertex 67.5831 -76.3441 21.65
      vertex 67.5831 -76.3441 11
    endloop
  endfacet
  facet normal -0.803249 0.595643 0
    outer loop
      vertex 67.5831 -76.3441 21.65
      vertex 67.4253 -76.5569 11
      vertex 67.4253 -76.5569 21.65
    endloop
  endfacet
  facet normal 0.740793 0.671733 0
    outer loop
      vertex 63.429 -76.7532 21.65
      vertex 63.251 -76.5569 11
      vertex 63.251 -76.5569 21.65
    endloop
  endfacet
  facet normal 0.740793 0.671733 0
    outer loop
      vertex 63.251 -76.5569 11
      vertex 63.429 -76.7532 21.65
      vertex 63.429 -76.7532 11
    endloop
  endfacet
  facet normal 0.514274 -0.857626 0
    outer loop
      vertex 63.8381 -72.5991 11
      vertex 64.0654 -72.4628 21.65
      vertex 63.8381 -72.5991 21.65
    endloop
  endfacet
  facet normal 0.514274 -0.857626 0
    outer loop
      vertex 64.0654 -72.4628 21.65
      vertex 63.8381 -72.5991 11
      vertex 64.0654 -72.4628 11
    endloop
  endfacet
  facet normal -0.989165 0.146809 0
    outer loop
      vertex 67.9863 -75.3708 11
      vertex 68.0252 -75.1087 21.65
      vertex 68.0252 -75.1087 11
    endloop
  endfacet
  facet normal -0.989165 0.146809 0
    outer loop
      vertex 68.0252 -75.1087 21.65
      vertex 67.9863 -75.3708 11
      vertex 67.9863 -75.3708 21.65
    endloop
  endfacet
  facet normal 0.146809 0.989165 -0
    outer loop
      vertex 65.0735 -77.531 11
      vertex 64.8114 -77.4921 21.65
      vertex 65.0735 -77.531 21.65
    endloop
  endfacet
  facet normal 0.146809 0.989165 0
    outer loop
      vertex 64.8114 -77.4921 21.65
      vertex 65.0735 -77.531 11
      vertex 64.8114 -77.4921 11
    endloop
  endfacet
  facet normal -0.595643 0.803249 0
    outer loop
      vertex 67.051 -76.9312 11
      vertex 66.8382 -77.089 21.65
      vertex 67.051 -76.9312 21.65
    endloop
  endfacet
  facet normal -0.595643 0.803249 0
    outer loop
      vertex 66.8382 -77.089 21.65
      vertex 67.051 -76.9312 11
      vertex 66.8382 -77.089 11
    endloop
  endfacet
  facet normal 0.0490531 0.998796 -0
    outer loop
      vertex 65.3382 -77.544 11
      vertex 65.0735 -77.531 21.65
      vertex 65.3382 -77.544 21.65
    endloop
  endfacet
  facet normal 0.0490531 0.998796 0
    outer loop
      vertex 65.0735 -77.531 21.65
      vertex 65.3382 -77.544 11
      vertex 65.0735 -77.531 11
    endloop
  endfacet
  facet normal -0.595643 -0.803249 0
    outer loop
      vertex 66.8382 -72.5991 11
      vertex 67.051 -72.7569 21.65
      vertex 66.8382 -72.5991 21.65
    endloop
  endfacet
  facet normal -0.595643 -0.803249 -0
    outer loop
      vertex 67.051 -72.7569 21.65
      vertex 66.8382 -72.5991 11
      vertex 67.051 -72.7569 11
    endloop
  endfacet
  facet normal -0.970009 0.243068 0
    outer loop
      vertex 67.9219 -75.6278 11
      vertex 67.9863 -75.3708 21.65
      vertex 67.9863 -75.3708 11
    endloop
  endfacet
  facet normal -0.970009 0.243068 0
    outer loop
      vertex 67.9863 -75.3708 21.65
      vertex 67.9219 -75.6278 11
      vertex 67.9219 -75.6278 21.65
    endloop
  endfacet
  facet normal 0.98922 -0.146439 0
    outer loop
      vertex 62.6512 -74.5794 21.65
      vertex 62.69 -74.3173 11
      vertex 62.69 -74.3173 21.65
    endloop
  endfacet
  facet normal 0.98922 -0.146439 0
    outer loop
      vertex 62.69 -74.3173 11
      vertex 62.6512 -74.5794 21.65
      vertex 62.6512 -74.5794 11
    endloop
  endfacet
  facet normal 0.857792 -0.513996 0
    outer loop
      vertex 62.957 -73.5713 21.65
      vertex 63.0932 -73.344 11
      vertex 63.0932 -73.344 21.65
    endloop
  endfacet
  facet normal 0.857792 -0.513996 0
    outer loop
      vertex 63.0932 -73.344 11
      vertex 62.957 -73.5713 21.65
      vertex 62.957 -73.5713 11
    endloop
  endfacet
  facet normal 0.941511 0.336982 0
    outer loop
      vertex 62.8437 -75.8773 21.65
      vertex 62.7544 -75.6278 11
      vertex 62.7544 -75.6278 21.65
    endloop
  endfacet
  facet normal 0.941511 0.336982 0
    outer loop
      vertex 62.7544 -75.6278 11
      vertex 62.8437 -75.8773 21.65
      vertex 62.8437 -75.8773 11
    endloop
  endfacet
  facet normal 0.146809 -0.989165 0
    outer loop
      vertex 64.8114 -72.1959 11
      vertex 65.0735 -72.157 21.65
      vertex 64.8114 -72.1959 21.65
    endloop
  endfacet
  facet normal 0.146809 -0.989165 0
    outer loop
      vertex 65.0735 -72.157 21.65
      vertex 64.8114 -72.1959 11
      vertex 65.0735 -72.157 11
    endloop
  endfacet
  facet normal -0.803249 -0.595643 0
    outer loop
      vertex 67.5831 -73.344 11
      vertex 67.4253 -73.1312 21.65
      vertex 67.4253 -73.1312 11
    endloop
  endfacet
  facet normal -0.803249 -0.595643 0
    outer loop
      vertex 67.4253 -73.1312 21.65
      vertex 67.5831 -73.344 11
      vertex 67.5831 -73.344 21.65
    endloop
  endfacet
  facet normal 0.970009 0.243068 0
    outer loop
      vertex 62.7544 -75.6278 21.65
      vertex 62.69 -75.3708 11
      vertex 62.69 -75.3708 21.65
    endloop
  endfacet
  facet normal 0.970009 0.243068 0
    outer loop
      vertex 62.69 -75.3708 11
      vertex 62.7544 -75.6278 21.65
      vertex 62.7544 -75.6278 11
    endloop
  endfacet
  facet normal 0.998796 0.0490531 0
    outer loop
      vertex 62.6512 -75.1087 21.65
      vertex 62.6382 -74.844 11
      vertex 62.6382 -74.844 21.65
    endloop
  endfacet
  facet normal 0.998796 0.0490531 0
    outer loop
      vertex 62.6382 -74.844 11
      vertex 62.6512 -75.1087 21.65
      vertex 62.6512 -75.1087 11
    endloop
  endfacet
  facet normal -0.514274 -0.857626 0
    outer loop
      vertex 66.6109 -72.4628 11
      vertex 66.8382 -72.5991 21.65
      vertex 66.6109 -72.4628 21.65
    endloop
  endfacet
  facet normal -0.514274 -0.857626 -0
    outer loop
      vertex 66.8382 -72.5991 21.65
      vertex 66.6109 -72.4628 11
      vertex 66.8382 -72.5991 11
    endloop
  endfacet
  facet normal -0.998796 0.0490531 0
    outer loop
      vertex 68.0252 -75.1087 11
      vertex 68.0382 -74.844 21.65
      vertex 68.0382 -74.844 11
    endloop
  endfacet
  facet normal -0.998796 0.0490531 0
    outer loop
      vertex 68.0382 -74.844 21.65
      vertex 68.0252 -75.1087 11
      vertex 68.0252 -75.1087 21.65
    endloop
  endfacet
  facet normal -0.903953 0.427632 0
    outer loop
      vertex 67.7193 -76.1168 11
      vertex 67.8326 -75.8773 21.65
      vertex 67.8326 -75.8773 11
    endloop
  endfacet
  facet normal -0.903953 0.427632 0
    outer loop
      vertex 67.8326 -75.8773 21.65
      vertex 67.7193 -76.1168 11
      vertex 67.7193 -76.1168 21.65
    endloop
  endfacet
  facet normal -0.857792 -0.513996 0
    outer loop
      vertex 67.7193 -73.5713 11
      vertex 67.5831 -73.344 21.65
      vertex 67.5831 -73.344 11
    endloop
  endfacet
  facet normal -0.857792 -0.513996 0
    outer loop
      vertex 67.5831 -73.344 21.65
      vertex 67.7193 -73.5713 11
      vertex 67.7193 -73.5713 21.65
    endloop
  endfacet
  facet normal -0.740963 -0.671545 0
    outer loop
      vertex 67.4253 -73.1312 11
      vertex 67.2473 -72.9348 21.65
      vertex 67.2473 -72.9348 11
    endloop
  endfacet
  facet normal -0.740963 -0.671545 0
    outer loop
      vertex 67.2473 -72.9348 21.65
      vertex 67.4253 -73.1312 11
      vertex 67.4253 -73.1312 21.65
    endloop
  endfacet
  facet normal 0.0490531 -0.998796 0
    outer loop
      vertex 65.0735 -72.157 11
      vertex 65.3382 -72.144 21.65
      vertex 65.0735 -72.157 21.65
    endloop
  endfacet
  facet normal 0.0490531 -0.998796 0
    outer loop
      vertex 65.3382 -72.144 21.65
      vertex 65.0735 -72.157 11
      vertex 65.3382 -72.144 11
    endloop
  endfacet
  facet normal 0.740963 -0.671545 0
    outer loop
      vertex 63.251 -73.1312 21.65
      vertex 63.429 -72.9348 11
      vertex 63.429 -72.9348 21.65
    endloop
  endfacet
  facet normal 0.740963 -0.671545 0
    outer loop
      vertex 63.429 -72.9348 11
      vertex 63.251 -73.1312 21.65
      vertex 63.251 -73.1312 11
    endloop
  endfacet
  facet normal 0.671733 0.740793 -0
    outer loop
      vertex 63.6253 -76.9312 11
      vertex 63.429 -76.7532 21.65
      vertex 63.6253 -76.9312 21.65
    endloop
  endfacet
  facet normal 0.671733 0.740793 0
    outer loop
      vertex 63.429 -76.7532 21.65
      vertex 63.6253 -76.9312 11
      vertex 63.429 -76.7532 11
    endloop
  endfacet
  facet normal -0.0490716 0.998795 0
    outer loop
      vertex 65.6028 -77.531 11
      vertex 65.3382 -77.544 21.65
      vertex 65.6028 -77.531 21.65
    endloop
  endfacet
  facet normal -0.0490716 0.998795 0
    outer loop
      vertex 65.3382 -77.544 21.65
      vertex 65.6028 -77.531 11
      vertex 65.3382 -77.544 11
    endloop
  endfacet
  facet normal -0.941511 -0.336982 0
    outer loop
      vertex 67.9219 -74.0603 11
      vertex 67.8326 -73.8108 21.65
      vertex 67.8326 -73.8108 11
    endloop
  endfacet
  facet normal -0.941511 -0.336982 0
    outer loop
      vertex 67.8326 -73.8108 21.65
      vertex 67.9219 -74.0603 11
      vertex 67.9219 -74.0603 21.65
    endloop
  endfacet
  facet normal -0.857792 0.513996 0
    outer loop
      vertex 67.5831 -76.3441 11
      vertex 67.7193 -76.1168 21.65
      vertex 67.7193 -76.1168 11
    endloop
  endfacet
  facet normal -0.857792 0.513996 0
    outer loop
      vertex 67.7193 -76.1168 21.65
      vertex 67.5831 -76.3441 11
      vertex 67.5831 -76.3441 21.65
    endloop
  endfacet
  facet normal 0.243068 -0.970009 0
    outer loop
      vertex 64.5544 -72.2603 11
      vertex 64.8114 -72.1959 21.65
      vertex 64.5544 -72.2603 21.65
    endloop
  endfacet
  facet normal 0.243068 -0.970009 0
    outer loop
      vertex 64.8114 -72.1959 21.65
      vertex 64.5544 -72.2603 11
      vertex 64.8114 -72.1959 11
    endloop
  endfacet
  facet normal -0.336982 0.941511 0
    outer loop
      vertex 66.3714 -77.3385 11
      vertex 66.1219 -77.4278 21.65
      vertex 66.3714 -77.3385 21.65
    endloop
  endfacet
  facet normal -0.336982 0.941511 0
    outer loop
      vertex 66.1219 -77.4278 21.65
      vertex 66.3714 -77.3385 11
      vertex 66.1219 -77.4278 11
    endloop
  endfacet
  facet normal 0.427632 -0.903953 0
    outer loop
      vertex 64.0654 -72.4628 11
      vertex 64.3049 -72.3495 21.65
      vertex 64.0654 -72.4628 21.65
    endloop
  endfacet
  facet normal 0.427632 -0.903953 0
    outer loop
      vertex 64.3049 -72.3495 21.65
      vertex 64.0654 -72.4628 11
      vertex 64.3049 -72.3495 11
    endloop
  endfacet
  facet normal -0.903953 -0.427632 0
    outer loop
      vertex 67.8326 -73.8108 11
      vertex 67.7193 -73.5713 21.65
      vertex 67.7193 -73.5713 11
    endloop
  endfacet
  facet normal -0.903953 -0.427632 0
    outer loop
      vertex 67.7193 -73.5713 21.65
      vertex 67.8326 -73.8108 11
      vertex 67.8326 -73.8108 21.65
    endloop
  endfacet
  facet normal 0.671526 -0.740981 0
    outer loop
      vertex 63.429 -72.9348 11
      vertex 63.6253 -72.7569 21.65
      vertex 63.429 -72.9348 21.65
    endloop
  endfacet
  facet normal 0.671526 -0.740981 0
    outer loop
      vertex 63.6253 -72.7569 21.65
      vertex 63.429 -72.9348 11
      vertex 63.6253 -72.7569 11
    endloop
  endfacet
  facet normal -0.336647 -0.941631 0
    outer loop
      vertex 66.1219 -72.2603 11
      vertex 66.3714 -72.3495 21.65
      vertex 66.1219 -72.2603 21.65
    endloop
  endfacet
  facet normal -0.336647 -0.941631 -0
    outer loop
      vertex 66.3714 -72.3495 21.65
      vertex 66.1219 -72.2603 11
      vertex 66.3714 -72.3495 11
    endloop
  endfacet
  facet normal 0.336647 -0.941631 0
    outer loop
      vertex 64.3049 -72.3495 11
      vertex 64.5544 -72.2603 21.65
      vertex 64.3049 -72.3495 21.65
    endloop
  endfacet
  facet normal 0.336647 -0.941631 0
    outer loop
      vertex 64.5544 -72.2603 21.65
      vertex 64.3049 -72.3495 11
      vertex 64.5544 -72.2603 11
    endloop
  endfacet
  facet normal 0.857792 0.513996 0
    outer loop
      vertex 63.0932 -76.3441 21.65
      vertex 62.957 -76.1168 11
      vertex 62.957 -76.1168 21.65
    endloop
  endfacet
  facet normal 0.857792 0.513996 0
    outer loop
      vertex 62.957 -76.1168 11
      vertex 63.0932 -76.3441 21.65
      vertex 63.0932 -76.3441 11
    endloop
  endfacet
  facet normal 0.513996 0.857792 -0
    outer loop
      vertex 64.0654 -77.2252 11
      vertex 63.8381 -77.089 21.65
      vertex 64.0654 -77.2252 21.65
    endloop
  endfacet
  facet normal 0.513996 0.857792 0
    outer loop
      vertex 63.8381 -77.089 21.65
      vertex 64.0654 -77.2252 11
      vertex 63.8381 -77.089 11
    endloop
  endfacet
  facet normal -0.671526 -0.740981 0
    outer loop
      vertex 67.051 -72.7569 11
      vertex 67.2473 -72.9348 21.65
      vertex 67.051 -72.7569 21.65
    endloop
  endfacet
  facet normal -0.671526 -0.740981 -0
    outer loop
      vertex 67.2473 -72.9348 21.65
      vertex 67.051 -72.7569 11
      vertex 67.2473 -72.9348 11
    endloop
  endfacet
  facet normal 0.595643 0.803249 -0
    outer loop
      vertex 63.8381 -77.089 11
      vertex 63.6253 -76.9312 21.65
      vertex 63.8381 -77.089 21.65
    endloop
  endfacet
  facet normal 0.595643 0.803249 0
    outer loop
      vertex 63.6253 -76.9312 21.65
      vertex 63.8381 -77.089 11
      vertex 63.6253 -76.9312 11
    endloop
  endfacet
  facet normal 0.427632 0.903953 -0
    outer loop
      vertex 64.3049 -77.3385 11
      vertex 64.0654 -77.2252 21.65
      vertex 64.3049 -77.3385 21.65
    endloop
  endfacet
  facet normal 0.427632 0.903953 0
    outer loop
      vertex 64.0654 -77.2252 21.65
      vertex 64.3049 -77.3385 11
      vertex 64.0654 -77.2252 11
    endloop
  endfacet
  facet normal 0.803249 0.595643 0
    outer loop
      vertex 63.251 -76.5569 21.65
      vertex 63.0932 -76.3441 11
      vertex 63.0932 -76.3441 21.65
    endloop
  endfacet
  facet normal 0.803249 0.595643 0
    outer loop
      vertex 63.0932 -76.3441 11
      vertex 63.251 -76.5569 21.65
      vertex 63.251 -76.5569 11
    endloop
  endfacet
  facet normal 0.242713 0.970098 -0
    outer loop
      vertex 64.8114 -77.4921 11
      vertex 64.5544 -77.4278 21.65
      vertex 64.8114 -77.4921 21.65
    endloop
  endfacet
  facet normal 0.242713 0.970098 0
    outer loop
      vertex 64.5544 -77.4278 21.65
      vertex 64.8114 -77.4921 11
      vertex 64.5544 -77.4278 11
    endloop
  endfacet
  facet normal 0.336982 0.941511 -0
    outer loop
      vertex 64.5544 -77.4278 11
      vertex 64.3049 -77.3385 21.65
      vertex 64.5544 -77.4278 21.65
    endloop
  endfacet
  facet normal 0.336982 0.941511 0
    outer loop
      vertex 64.3049 -77.3385 21.65
      vertex 64.5544 -77.4278 11
      vertex 64.3049 -77.3385 11
    endloop
  endfacet
  facet normal 0.98922 0.146439 0
    outer loop
      vertex 62.69 -75.3708 21.65
      vertex 62.6512 -75.1087 11
      vertex 62.6512 -75.1087 21.65
    endloop
  endfacet
  facet normal 0.98922 0.146439 0
    outer loop
      vertex 62.6512 -75.1087 11
      vertex 62.69 -75.3708 21.65
      vertex 62.69 -75.3708 11
    endloop
  endfacet
  facet normal 0.903953 0.427632 0
    outer loop
      vertex 62.957 -76.1168 21.65
      vertex 62.8437 -75.8773 11
      vertex 62.8437 -75.8773 21.65
    endloop
  endfacet
  facet normal 0.903953 0.427632 0
    outer loop
      vertex 62.8437 -75.8773 11
      vertex 62.957 -76.1168 21.65
      vertex 62.957 -76.1168 11
    endloop
  endfacet
  facet normal 0.941511 -0.336982 0
    outer loop
      vertex 62.7544 -74.0603 21.65
      vertex 62.8437 -73.8108 11
      vertex 62.8437 -73.8108 21.65
    endloop
  endfacet
  facet normal 0.941511 -0.336982 0
    outer loop
      vertex 62.8437 -73.8108 11
      vertex 62.7544 -74.0603 21.65
      vertex 62.7544 -74.0603 11
    endloop
  endfacet
  facet normal -0.941511 0.336982 0
    outer loop
      vertex 67.8326 -75.8773 11
      vertex 67.9219 -75.6278 21.65
      vertex 67.9219 -75.6278 11
    endloop
  endfacet
  facet normal -0.941511 0.336982 0
    outer loop
      vertex 67.9219 -75.6278 21.65
      vertex 67.8326 -75.8773 11
      vertex 67.8326 -75.8773 21.65
    endloop
  endfacet
  facet normal 0.803249 -0.595643 0
    outer loop
      vertex 63.0932 -73.344 21.65
      vertex 63.251 -73.1312 11
      vertex 63.251 -73.1312 21.65
    endloop
  endfacet
  facet normal 0.803249 -0.595643 0
    outer loop
      vertex 63.251 -73.1312 11
      vertex 63.0932 -73.344 21.65
      vertex 63.0932 -73.344 11
    endloop
  endfacet
  facet normal 0.998795 -0.0490716 0
    outer loop
      vertex 62.6382 -74.844 21.65
      vertex 62.6512 -74.5794 11
      vertex 62.6512 -74.5794 21.65
    endloop
  endfacet
  facet normal 0.998795 -0.0490716 0
    outer loop
      vertex 62.6512 -74.5794 11
      vertex 62.6382 -74.844 21.65
      vertex 62.6382 -74.844 11
    endloop
  endfacet
  facet normal -0.740793 0.671733 0
    outer loop
      vertex 67.2473 -76.7532 11
      vertex 67.4253 -76.5569 21.65
      vertex 67.4253 -76.5569 11
    endloop
  endfacet
  facet normal -0.740793 0.671733 0
    outer loop
      vertex 67.4253 -76.5569 21.65
      vertex 67.2473 -76.7532 11
      vertex 67.2473 -76.7532 21.65
    endloop
  endfacet
  facet normal -0.671733 0.740793 0
    outer loop
      vertex 67.2473 -76.7532 11
      vertex 67.051 -76.9312 21.65
      vertex 67.2473 -76.7532 21.65
    endloop
  endfacet
  facet normal -0.671733 0.740793 0
    outer loop
      vertex 67.051 -76.9312 21.65
      vertex 67.2473 -76.7532 11
      vertex 67.051 -76.9312 11
    endloop
  endfacet
  facet normal -0.989165 -0.146809 0
    outer loop
      vertex 68.512 -8.08872 11
      vertex 68.4731 -7.82662 21.65
      vertex 68.4731 -7.82662 11
    endloop
  endfacet
  facet normal -0.989165 -0.146809 0
    outer loop
      vertex 68.4731 -7.82662 21.65
      vertex 68.512 -8.08872 11
      vertex 68.512 -8.08872 21.65
    endloop
  endfacet
  facet normal -0.998796 -0.0490642 0
    outer loop
      vertex 68.525 -8.35336 11
      vertex 68.512 -8.08872 21.65
      vertex 68.512 -8.08872 11
    endloop
  endfacet
  facet normal -0.998796 -0.0490642 0
    outer loop
      vertex 68.512 -8.08872 21.65
      vertex 68.525 -8.35336 11
      vertex 68.525 -8.35336 21.65
    endloop
  endfacet
  facet normal -0.970014 -0.243051 0
    outer loop
      vertex 68.4731 -7.82662 11
      vertex 68.4087 -7.5696 21.65
      vertex 68.4087 -7.5696 11
    endloop
  endfacet
  facet normal -0.970014 -0.243051 0
    outer loop
      vertex 68.4087 -7.5696 21.65
      vertex 68.4731 -7.82662 11
      vertex 68.4731 -7.82662 21.65
    endloop
  endfacet
  facet normal 0.146698 -0.989181 0
    outer loop
      vertex 65.2983 -5.70524 11
      vertex 65.5604 -5.66637 21.65
      vertex 65.2983 -5.70524 21.65
    endloop
  endfacet
  facet normal 0.146698 -0.989181 0
    outer loop
      vertex 65.5604 -5.66637 21.65
      vertex 65.2983 -5.70524 11
      vertex 65.5604 -5.66637 11
    endloop
  endfacet
  facet normal -0.803096 -0.59585 0
    outer loop
      vertex 68.07 -6.85332 11
      vertex 67.9121 -6.6405 21.65
      vertex 67.9121 -6.6405 11
    endloop
  endfacet
  facet normal -0.803096 -0.59585 0
    outer loop
      vertex 67.9121 -6.6405 21.65
      vertex 68.07 -6.85332 11
      vertex 68.07 -6.85332 21.65
    endloop
  endfacet
  facet normal 0.51444 0.857526 -0
    outer loop
      vertex 64.5522 -10.7346 11
      vertex 64.325 -10.5983 21.65
      vertex 64.5522 -10.7346 21.65
    endloop
  endfacet
  facet normal 0.51444 0.857526 0
    outer loop
      vertex 64.325 -10.5983 21.65
      vertex 64.5522 -10.7346 11
      vertex 64.325 -10.5983 11
    endloop
  endfacet
  facet normal -0.59556 -0.803311 0
    outer loop
      vertex 67.325 -6.1084 11
      vertex 67.5379 -6.26624 21.65
      vertex 67.325 -6.1084 21.65
    endloop
  endfacet
  facet normal -0.59556 -0.803311 -0
    outer loop
      vertex 67.5379 -6.26624 21.65
      vertex 67.325 -6.1084 11
      vertex 67.5379 -6.26624 11
    endloop
  endfacet
  facet normal 0.0491092 -0.998793 0
    outer loop
      vertex 65.5604 -5.66637 11
      vertex 65.825 -5.65336 21.65
      vertex 65.5604 -5.66637 21.65
    endloop
  endfacet
  facet normal 0.0491092 -0.998793 0
    outer loop
      vertex 65.825 -5.65336 21.65
      vertex 65.5604 -5.66637 11
      vertex 65.825 -5.65336 11
    endloop
  endfacet
  facet normal -0.998796 0.0490623 0
    outer loop
      vertex 68.512 -8.61801 11
      vertex 68.525 -8.35336 21.65
      vertex 68.525 -8.35336 11
    endloop
  endfacet
  facet normal -0.998796 0.0490623 0
    outer loop
      vertex 68.525 -8.35336 21.65
      vertex 68.512 -8.61801 11
      vertex 68.512 -8.61801 21.65
    endloop
  endfacet
  facet normal 0.242908 -0.970049 0
    outer loop
      vertex 65.0412 -5.76962 11
      vertex 65.2983 -5.70524 21.65
      vertex 65.0412 -5.76962 21.65
    endloop
  endfacet
  facet normal 0.242908 -0.970049 0
    outer loop
      vertex 65.2983 -5.70524 21.65
      vertex 65.0412 -5.76962 11
      vertex 65.2983 -5.70524 11
    endloop
  endfacet
  facet normal -0.427455 -0.904036 0
    outer loop
      vertex 66.8582 -5.85889 11
      vertex 67.0978 -5.97218 21.65
      vertex 66.8582 -5.85889 21.65
    endloop
  endfacet
  facet normal -0.427455 -0.904036 -0
    outer loop
      vertex 67.0978 -5.97218 21.65
      vertex 66.8582 -5.85889 11
      vertex 67.0978 -5.97218 11
    endloop
  endfacet
  facet normal 0.242979 0.970031 -0
    outer loop
      vertex 65.2983 -11.0015 11
      vertex 65.0412 -10.9371 21.65
      vertex 65.2983 -11.0015 21.65
    endloop
  endfacet
  facet normal 0.242979 0.970031 0
    outer loop
      vertex 65.0412 -10.9371 21.65
      vertex 65.2983 -11.0015 11
      vertex 65.0412 -10.9371 11
    endloop
  endfacet
  facet normal 0.427455 -0.904036 0
    outer loop
      vertex 64.5522 -5.97218 11
      vertex 64.7918 -5.85889 21.65
      vertex 64.5522 -5.97218 21.65
    endloop
  endfacet
  facet normal 0.427455 -0.904036 0
    outer loop
      vertex 64.7918 -5.85889 21.65
      vertex 64.5522 -5.97218 11
      vertex 64.7918 -5.85889 11
    endloop
  endfacet
  facet normal 0.803096 -0.59585 0
    outer loop
      vertex 63.58 -6.85332 21.65
      vertex 63.7379 -6.6405 11
      vertex 63.7379 -6.6405 21.65
    endloop
  endfacet
  facet normal 0.803096 -0.59585 0
    outer loop
      vertex 63.7379 -6.6405 11
      vertex 63.58 -6.85332 21.65
      vertex 63.58 -6.85332 11
    endloop
  endfacet
  facet normal 0.671526 0.740981 -0
    outer loop
      vertex 64.1121 -10.4405 11
      vertex 63.9158 -10.2626 21.65
      vertex 64.1121 -10.4405 21.65
    endloop
  endfacet
  facet normal 0.671526 0.740981 0
    outer loop
      vertex 63.9158 -10.2626 21.65
      vertex 64.1121 -10.4405 11
      vertex 63.9158 -10.2626 11
    endloop
  endfacet
  facet normal -0.427178 0.904168 0
    outer loop
      vertex 67.0978 -10.7346 11
      vertex 66.8582 -10.8478 21.65
      vertex 67.0978 -10.7346 21.65
    endloop
  endfacet
  facet normal -0.427178 0.904168 0
    outer loop
      vertex 66.8582 -10.8478 21.65
      vertex 67.0978 -10.7346 11
      vertex 66.8582 -10.8478 11
    endloop
  endfacet
  facet normal 0.803069 0.595886 0
    outer loop
      vertex 63.7379 -10.0662 21.65
      vertex 63.58 -9.8534 11
      vertex 63.58 -9.8534 21.65
    endloop
  endfacet
  facet normal 0.803069 0.595886 0
    outer loop
      vertex 63.58 -9.8534 11
      vertex 63.7379 -10.0662 21.65
      vertex 63.7379 -10.0662 11
    endloop
  endfacet
  facet normal -0.337102 0.941468 0
    outer loop
      vertex 66.8582 -10.8478 11
      vertex 66.6088 -10.9371 21.65
      vertex 66.8582 -10.8478 21.65
    endloop
  endfacet
  facet normal -0.337102 0.941468 0
    outer loop
      vertex 66.6088 -10.9371 21.65
      vertex 66.8582 -10.8478 11
      vertex 66.6088 -10.9371 11
    endloop
  endfacet
  facet normal 0.514218 -0.857659 0
    outer loop
      vertex 64.325 -6.1084 11
      vertex 64.5522 -5.97218 21.65
      vertex 64.325 -6.1084 21.65
    endloop
  endfacet
  facet normal 0.514218 -0.857659 0
    outer loop
      vertex 64.5522 -5.97218 21.65
      vertex 64.325 -6.1084 11
      vertex 64.5522 -5.97218 11
    endloop
  endfacet
  facet normal 0.989165 0.146809 0
    outer loop
      vertex 63.1769 -8.88011 21.65
      vertex 63.138 -8.61801 11
      vertex 63.138 -8.61801 21.65
    endloop
  endfacet
  facet normal 0.989165 0.146809 0
    outer loop
      vertex 63.138 -8.61801 11
      vertex 63.1769 -8.88011 21.65
      vertex 63.1769 -8.88011 11
    endloop
  endfacet
  facet normal -0.242979 0.970031 0
    outer loop
      vertex 66.6088 -10.9371 11
      vertex 66.3517 -11.0015 21.65
      vertex 66.6088 -10.9371 21.65
    endloop
  endfacet
  facet normal -0.242979 0.970031 0
    outer loop
      vertex 66.3517 -11.0015 21.65
      vertex 66.6088 -10.9371 11
      vertex 66.3517 -11.0015 11
    endloop
  endfacet
  facet normal 0.427178 0.904168 -0
    outer loop
      vertex 64.7918 -10.8478 11
      vertex 64.5522 -10.7346 21.65
      vertex 64.7918 -10.8478 21.65
    endloop
  endfacet
  facet normal 0.427178 0.904168 0
    outer loop
      vertex 64.5522 -10.7346 21.65
      vertex 64.7918 -10.8478 11
      vertex 64.5522 -10.7346 11
    endloop
  endfacet
  facet normal 0.941622 -0.336671 0
    outer loop
      vertex 63.2413 -7.5696 21.65
      vertex 63.3305 -7.32012 11
      vertex 63.3305 -7.32012 21.65
    endloop
  endfacet
  facet normal 0.941622 -0.336671 0
    outer loop
      vertex 63.3305 -7.32012 11
      vertex 63.2413 -7.5696 21.65
      vertex 63.2413 -7.5696 11
    endloop
  endfacet
  facet normal -0.337001 -0.941504 0
    outer loop
      vertex 66.6088 -5.76962 11
      vertex 66.8582 -5.85889 21.65
      vertex 66.6088 -5.76962 21.65
    endloop
  endfacet
  facet normal -0.337001 -0.941504 -0
    outer loop
      vertex 66.8582 -5.85889 21.65
      vertex 66.6088 -5.76962 11
      vertex 66.8582 -5.85889 11
    endloop
  endfacet
  facet normal -0.595462 0.803383 0
    outer loop
      vertex 67.5379 -10.4405 11
      vertex 67.325 -10.5983 21.65
      vertex 67.5379 -10.4405 21.65
    endloop
  endfacet
  facet normal -0.595462 0.803383 0
    outer loop
      vertex 67.325 -10.5983 21.65
      vertex 67.5379 -10.4405 11
      vertex 67.325 -10.5983 11
    endloop
  endfacet
  facet normal -0.51444 0.857526 0
    outer loop
      vertex 67.325 -10.5983 11
      vertex 67.0978 -10.7346 21.65
      vertex 67.325 -10.5983 21.65
    endloop
  endfacet
  facet normal -0.51444 0.857526 0
    outer loop
      vertex 67.0978 -10.7346 21.65
      vertex 67.325 -10.5983 11
      vertex 67.0978 -10.7346 11
    endloop
  endfacet
  facet normal -0.970014 0.243051 0
    outer loop
      vertex 68.4087 -9.13713 11
      vertex 68.4731 -8.88011 21.65
      vertex 68.4731 -8.88011 11
    endloop
  endfacet
  facet normal -0.970014 0.243051 0
    outer loop
      vertex 68.4731 -8.88011 21.65
      vertex 68.4087 -9.13713 11
      vertex 68.4087 -9.13713 21.65
    endloop
  endfacet
  facet normal 0.337001 -0.941504 0
    outer loop
      vertex 64.7918 -5.85889 11
      vertex 65.0412 -5.76962 21.65
      vertex 64.7918 -5.85889 21.65
    endloop
  endfacet
  facet normal 0.337001 -0.941504 0
    outer loop
      vertex 65.0412 -5.76962 21.65
      vertex 64.7918 -5.85889 11
      vertex 65.0412 -5.76962 11
    endloop
  endfacet
  facet normal -0.903974 -0.427588 0
    outer loop
      vertex 68.3195 -7.32012 11
      vertex 68.2062 -7.08059 21.65
      vertex 68.2062 -7.08059 11
    endloop
  endfacet
  facet normal -0.903974 -0.427588 0
    outer loop
      vertex 68.2062 -7.08059 21.65
      vertex 68.3195 -7.32012 11
      vertex 68.3195 -7.32012 21.65
    endloop
  endfacet
  facet normal 0.970014 0.243051 0
    outer loop
      vertex 63.2413 -9.13713 21.65
      vertex 63.1769 -8.88011 11
      vertex 63.1769 -8.88011 21.65
    endloop
  endfacet
  facet normal 0.970014 0.243051 0
    outer loop
      vertex 63.1769 -8.88011 11
      vertex 63.2413 -9.13713 21.65
      vertex 63.2413 -9.13713 11
    endloop
  endfacet
  facet normal 0.941622 0.336671 0
    outer loop
      vertex 63.3305 -9.38661 21.65
      vertex 63.2413 -9.13713 11
      vertex 63.2413 -9.13713 21.65
    endloop
  endfacet
  facet normal 0.941622 0.336671 0
    outer loop
      vertex 63.2413 -9.13713 11
      vertex 63.3305 -9.38661 21.65
      vertex 63.3305 -9.38661 11
    endloop
  endfacet
  facet normal -0.146698 -0.989181 0
    outer loop
      vertex 66.0896 -5.66637 11
      vertex 66.3517 -5.70524 21.65
      vertex 66.0896 -5.66637 21.65
    endloop
  endfacet
  facet normal -0.146698 -0.989181 -0
    outer loop
      vertex 66.3517 -5.70524 21.65
      vertex 66.0896 -5.66637 11
      vertex 66.3517 -5.70524 11
    endloop
  endfacet
  facet normal 0.989165 -0.146809 0
    outer loop
      vertex 63.138 -8.08872 21.65
      vertex 63.1769 -7.82662 11
      vertex 63.1769 -7.82662 21.65
    endloop
  endfacet
  facet normal 0.989165 -0.146809 0
    outer loop
      vertex 63.1769 -7.82662 11
      vertex 63.138 -8.08872 21.65
      vertex 63.138 -8.08872 11
    endloop
  endfacet
  facet normal 0.970014 -0.243051 0
    outer loop
      vertex 63.1769 -7.82662 21.65
      vertex 63.2413 -7.5696 11
      vertex 63.2413 -7.5696 21.65
    endloop
  endfacet
  facet normal 0.970014 -0.243051 0
    outer loop
      vertex 63.2413 -7.5696 11
      vertex 63.1769 -7.82662 21.65
      vertex 63.1769 -7.82662 11
    endloop
  endfacet
  facet normal -0.803069 0.595886 0
    outer loop
      vertex 67.9121 -10.0662 11
      vertex 68.07 -9.8534 21.65
      vertex 68.07 -9.8534 11
    endloop
  endfacet
  facet normal -0.803069 0.595886 0
    outer loop
      vertex 68.07 -9.8534 21.65
      vertex 67.9121 -10.0662 11
      vertex 67.9121 -10.0662 21.65
    endloop
  endfacet
  facet normal -0.941622 -0.336671 0
    outer loop
      vertex 68.4087 -7.5696 11
      vertex 68.3195 -7.32012 21.65
      vertex 68.3195 -7.32012 11
    endloop
  endfacet
  facet normal -0.941622 -0.336671 0
    outer loop
      vertex 68.3195 -7.32012 21.65
      vertex 68.4087 -7.5696 11
      vertex 68.4087 -7.5696 21.65
    endloop
  endfacet
  facet normal -0.857763 0.514046 0
    outer loop
      vertex 68.07 -9.8534 11
      vertex 68.2062 -9.62613 21.65
      vertex 68.2062 -9.62613 11
    endloop
  endfacet
  facet normal -0.857763 0.514046 0
    outer loop
      vertex 68.2062 -9.62613 21.65
      vertex 68.07 -9.8534 11
      vertex 68.07 -9.8534 21.65
    endloop
  endfacet
  facet normal -0.741151 0.671338 0
    outer loop
      vertex 67.7342 -10.2626 11
      vertex 67.9121 -10.0662 21.65
      vertex 67.9121 -10.0662 11
    endloop
  endfacet
  facet normal -0.741151 0.671338 0
    outer loop
      vertex 67.9121 -10.0662 21.65
      vertex 67.7342 -10.2626 11
      vertex 67.7342 -10.2626 21.65
    endloop
  endfacet
  facet normal -0.0491092 -0.998793 0
    outer loop
      vertex 65.825 -5.65336 11
      vertex 66.0896 -5.66637 21.65
      vertex 65.825 -5.65336 21.65
    endloop
  endfacet
  facet normal -0.0491092 -0.998793 -0
    outer loop
      vertex 66.0896 -5.66637 21.65
      vertex 65.825 -5.65336 11
      vertex 66.0896 -5.66637 11
    endloop
  endfacet
  facet normal -0.514218 -0.857659 0
    outer loop
      vertex 67.0978 -5.97218 11
      vertex 67.325 -6.1084 21.65
      vertex 67.0978 -5.97218 21.65
    endloop
  endfacet
  facet normal -0.514218 -0.857659 -0
    outer loop
      vertex 67.325 -6.1084 21.65
      vertex 67.0978 -5.97218 11
      vertex 67.325 -6.1084 11
    endloop
  endfacet
  facet normal 0.337102 0.941468 -0
    outer loop
      vertex 65.0412 -10.9371 11
      vertex 64.7918 -10.8478 21.65
      vertex 65.0412 -10.9371 21.65
    endloop
  endfacet
  facet normal 0.337102 0.941468 0
    outer loop
      vertex 64.7918 -10.8478 21.65
      vertex 65.0412 -10.9371 11
      vertex 64.7918 -10.8478 11
    endloop
  endfacet
  facet normal 0.59556 -0.803311 0
    outer loop
      vertex 64.1121 -6.26624 11
      vertex 64.325 -6.1084 21.65
      vertex 64.1121 -6.26624 21.65
    endloop
  endfacet
  facet normal 0.59556 -0.803311 0
    outer loop
      vertex 64.325 -6.1084 21.65
      vertex 64.1121 -6.26624 11
      vertex 64.325 -6.1084 11
    endloop
  endfacet
  facet normal 0.741151 0.671338 0
    outer loop
      vertex 63.9158 -10.2626 21.65
      vertex 63.7379 -10.0662 11
      vertex 63.7379 -10.0662 21.65
    endloop
  endfacet
  facet normal 0.741151 0.671338 0
    outer loop
      vertex 63.7379 -10.0662 11
      vertex 63.9158 -10.2626 21.65
      vertex 63.9158 -10.2626 11
    endloop
  endfacet
  facet normal 0.595462 0.803383 -0
    outer loop
      vertex 64.325 -10.5983 11
      vertex 64.1121 -10.4405 21.65
      vertex 64.325 -10.5983 21.65
    endloop
  endfacet
  facet normal 0.595462 0.803383 0
    outer loop
      vertex 64.1121 -10.4405 21.65
      vertex 64.325 -10.5983 11
      vertex 64.1121 -10.4405 11
    endloop
  endfacet
  facet normal -0.242908 -0.970049 0
    outer loop
      vertex 66.3517 -5.70524 11
      vertex 66.6088 -5.76962 21.65
      vertex 66.3517 -5.70524 21.65
    endloop
  endfacet
  facet normal -0.242908 -0.970049 -0
    outer loop
      vertex 66.6088 -5.76962 21.65
      vertex 66.3517 -5.70524 11
      vertex 66.6088 -5.76962 11
    endloop
  endfacet
  facet normal -0.857763 -0.514046 0
    outer loop
      vertex 68.2062 -7.08059 11
      vertex 68.07 -6.85332 21.65
      vertex 68.07 -6.85332 11
    endloop
  endfacet
  facet normal -0.857763 -0.514046 0
    outer loop
      vertex 68.07 -6.85332 21.65
      vertex 68.2062 -7.08059 11
      vertex 68.2062 -7.08059 21.65
    endloop
  endfacet
  facet normal -0.989165 0.146809 0
    outer loop
      vertex 68.4731 -8.88011 11
      vertex 68.512 -8.61801 21.65
      vertex 68.512 -8.61801 11
    endloop
  endfacet
  facet normal -0.989165 0.146809 0
    outer loop
      vertex 68.512 -8.61801 21.65
      vertex 68.4731 -8.88011 11
      vertex 68.4731 -8.88011 21.65
    endloop
  endfacet
  facet normal 0.671609 -0.740906 0
    outer loop
      vertex 63.9158 -6.44418 11
      vertex 64.1121 -6.26624 21.65
      vertex 63.9158 -6.44418 21.65
    endloop
  endfacet
  facet normal 0.671609 -0.740906 0
    outer loop
      vertex 64.1121 -6.26624 21.65
      vertex 63.9158 -6.44418 11
      vertex 64.1121 -6.26624 11
    endloop
  endfacet
  facet normal 0.0490716 0.998795 -0
    outer loop
      vertex 65.825 -11.0534 11
      vertex 65.5604 -11.0404 21.65
      vertex 65.825 -11.0534 21.65
    endloop
  endfacet
  facet normal 0.0490716 0.998795 0
    outer loop
      vertex 65.5604 -11.0404 21.65
      vertex 65.825 -11.0534 11
      vertex 65.5604 -11.0404 11
    endloop
  endfacet
  facet normal 0.741015 -0.671488 0
    outer loop
      vertex 63.7379 -6.6405 21.65
      vertex 63.9158 -6.44418 11
      vertex 63.9158 -6.44418 21.65
    endloop
  endfacet
  facet normal 0.741015 -0.671488 0
    outer loop
      vertex 63.9158 -6.44418 11
      vertex 63.7379 -6.6405 21.65
      vertex 63.7379 -6.6405 11
    endloop
  endfacet
  facet normal 0.903967 0.427603 0
    outer loop
      vertex 63.4438 -9.62613 21.65
      vertex 63.3305 -9.38661 11
      vertex 63.3305 -9.38661 21.65
    endloop
  endfacet
  facet normal 0.903967 0.427603 0
    outer loop
      vertex 63.3305 -9.38661 11
      vertex 63.4438 -9.62613 21.65
      vertex 63.4438 -9.62613 11
    endloop
  endfacet
  facet normal -0.146809 0.989165 0
    outer loop
      vertex 66.3517 -11.0015 11
      vertex 66.0896 -11.0404 21.65
      vertex 66.3517 -11.0015 21.65
    endloop
  endfacet
  facet normal -0.146809 0.989165 0
    outer loop
      vertex 66.0896 -11.0404 21.65
      vertex 66.3517 -11.0015 11
      vertex 66.0896 -11.0404 11
    endloop
  endfacet
  facet normal -0.671609 -0.740906 0
    outer loop
      vertex 67.5379 -6.26624 11
      vertex 67.7342 -6.44418 21.65
      vertex 67.5379 -6.26624 21.65
    endloop
  endfacet
  facet normal -0.671609 -0.740906 -0
    outer loop
      vertex 67.7342 -6.44418 21.65
      vertex 67.5379 -6.26624 11
      vertex 67.7342 -6.44418 11
    endloop
  endfacet
  facet normal 0.998796 -0.0490642 0
    outer loop
      vertex 63.125 -8.35336 21.65
      vertex 63.138 -8.08872 11
      vertex 63.138 -8.08872 21.65
    endloop
  endfacet
  facet normal 0.998796 -0.0490642 0
    outer loop
      vertex 63.138 -8.08872 11
      vertex 63.125 -8.35336 21.65
      vertex 63.125 -8.35336 11
    endloop
  endfacet
  facet normal -0.741015 -0.671488 0
    outer loop
      vertex 67.9121 -6.6405 11
      vertex 67.7342 -6.44418 21.65
      vertex 67.7342 -6.44418 11
    endloop
  endfacet
  facet normal -0.741015 -0.671488 0
    outer loop
      vertex 67.7342 -6.44418 21.65
      vertex 67.9121 -6.6405 11
      vertex 67.9121 -6.6405 21.65
    endloop
  endfacet
  facet normal -0.941622 0.336671 0
    outer loop
      vertex 68.3195 -9.38661 11
      vertex 68.4087 -9.13713 21.65
      vertex 68.4087 -9.13713 11
    endloop
  endfacet
  facet normal -0.941622 0.336671 0
    outer loop
      vertex 68.4087 -9.13713 21.65
      vertex 68.3195 -9.38661 11
      vertex 68.3195 -9.38661 21.65
    endloop
  endfacet
  facet normal -0.0490716 0.998795 0
    outer loop
      vertex 66.0896 -11.0404 11
      vertex 65.825 -11.0534 21.65
      vertex 66.0896 -11.0404 21.65
    endloop
  endfacet
  facet normal -0.0490716 0.998795 0
    outer loop
      vertex 65.825 -11.0534 21.65
      vertex 66.0896 -11.0404 11
      vertex 65.825 -11.0534 11
    endloop
  endfacet
  facet normal 0.903974 -0.427588 0
    outer loop
      vertex 63.3305 -7.32012 21.65
      vertex 63.4438 -7.08059 11
      vertex 63.4438 -7.08059 21.65
    endloop
  endfacet
  facet normal 0.903974 -0.427588 0
    outer loop
      vertex 63.4438 -7.08059 11
      vertex 63.3305 -7.32012 21.65
      vertex 63.3305 -7.32012 11
    endloop
  endfacet
  facet normal -0.903967 0.427603 0
    outer loop
      vertex 68.2062 -9.62613 11
      vertex 68.3195 -9.38661 21.65
      vertex 68.3195 -9.38661 11
    endloop
  endfacet
  facet normal -0.903967 0.427603 0
    outer loop
      vertex 68.3195 -9.38661 21.65
      vertex 68.2062 -9.62613 11
      vertex 68.2062 -9.62613 21.65
    endloop
  endfacet
  facet normal 0.857763 0.514046 0
    outer loop
      vertex 63.58 -9.8534 21.65
      vertex 63.4438 -9.62613 11
      vertex 63.4438 -9.62613 21.65
    endloop
  endfacet
  facet normal 0.857763 0.514046 0
    outer loop
      vertex 63.4438 -9.62613 11
      vertex 63.58 -9.8534 21.65
      vertex 63.58 -9.8534 11
    endloop
  endfacet
  facet normal 0.998796 0.0490623 0
    outer loop
      vertex 63.138 -8.61801 21.65
      vertex 63.125 -8.35336 11
      vertex 63.125 -8.35336 21.65
    endloop
  endfacet
  facet normal 0.998796 0.0490623 0
    outer loop
      vertex 63.125 -8.35336 11
      vertex 63.138 -8.61801 21.65
      vertex 63.138 -8.61801 11
    endloop
  endfacet
  facet normal 0.146809 0.989165 -0
    outer loop
      vertex 65.5604 -11.0404 11
      vertex 65.2983 -11.0015 21.65
      vertex 65.5604 -11.0404 21.65
    endloop
  endfacet
  facet normal 0.146809 0.989165 0
    outer loop
      vertex 65.2983 -11.0015 21.65
      vertex 65.5604 -11.0404 11
      vertex 65.2983 -11.0015 11
    endloop
  endfacet
  facet normal -0.671526 0.740981 0
    outer loop
      vertex 67.7342 -10.2626 11
      vertex 67.5379 -10.4405 21.65
      vertex 67.7342 -10.2626 21.65
    endloop
  endfacet
  facet normal -0.671526 0.740981 0
    outer loop
      vertex 67.5379 -10.4405 21.65
      vertex 67.7342 -10.2626 11
      vertex 67.5379 -10.4405 11
    endloop
  endfacet
  facet normal 0.857763 -0.514046 0
    outer loop
      vertex 63.4438 -7.08059 21.65
      vertex 63.58 -6.85332 11
      vertex 63.58 -6.85332 21.65
    endloop
  endfacet
  facet normal 0.857763 -0.514046 0
    outer loop
      vertex 63.58 -6.85332 11
      vertex 63.4438 -7.08059 21.65
      vertex 63.4438 -7.08059 11
    endloop
  endfacet
  facet normal -0.989165 -0.146809 0
    outer loop
      vertex 68.512 58.4535 11
      vertex 68.4731 58.7156 21.65
      vertex 68.4731 58.7156 11
    endloop
  endfacet
  facet normal -0.989165 -0.146809 0
    outer loop
      vertex 68.4731 58.7156 21.65
      vertex 68.512 58.4535 11
      vertex 68.512 58.4535 21.65
    endloop
  endfacet
  facet normal -0.998796 -0.0490531 0
    outer loop
      vertex 68.525 58.1888 11
      vertex 68.512 58.4535 21.65
      vertex 68.512 58.4535 11
    endloop
  endfacet
  facet normal -0.998796 -0.0490531 0
    outer loop
      vertex 68.512 58.4535 21.65
      vertex 68.525 58.1888 11
      vertex 68.525 58.1888 21.65
    endloop
  endfacet
  facet normal -0.970009 -0.243068 0
    outer loop
      vertex 68.4731 58.7156 11
      vertex 68.4087 58.9726 21.65
      vertex 68.4087 58.9726 11
    endloop
  endfacet
  facet normal -0.970009 -0.243068 0
    outer loop
      vertex 68.4087 58.9726 21.65
      vertex 68.4731 58.7156 11
      vertex 68.4731 58.7156 21.65
    endloop
  endfacet
  facet normal 0.146809 -0.989165 0
    outer loop
      vertex 65.2983 60.8369 11
      vertex 65.5604 60.8758 21.65
      vertex 65.2983 60.8369 21.65
    endloop
  endfacet
  facet normal 0.146809 -0.989165 0
    outer loop
      vertex 65.5604 60.8758 21.65
      vertex 65.2983 60.8369 11
      vertex 65.5604 60.8758 11
    endloop
  endfacet
  facet normal -0.803069 -0.595886 0
    outer loop
      vertex 68.07 59.6889 11
      vertex 67.9121 59.9017 21.65
      vertex 67.9121 59.9017 11
    endloop
  endfacet
  facet normal -0.803069 -0.595886 0
    outer loop
      vertex 67.9121 59.9017 21.65
      vertex 68.07 59.6889 11
      vertex 68.07 59.6889 21.65
    endloop
  endfacet
  facet normal 0.51444 0.857526 -0
    outer loop
      vertex 64.5522 55.8076 11
      vertex 64.325 55.9439 21.65
      vertex 64.5522 55.8076 21.65
    endloop
  endfacet
  facet normal 0.51444 0.857526 0
    outer loop
      vertex 64.325 55.9439 21.65
      vertex 64.5522 55.8076 11
      vertex 64.325 55.9439 11
    endloop
  endfacet
  facet normal -0.595462 -0.803383 0
    outer loop
      vertex 67.325 60.4338 11
      vertex 67.5379 60.276 21.65
      vertex 67.325 60.4338 21.65
    endloop
  endfacet
  facet normal -0.595462 -0.803383 -0
    outer loop
      vertex 67.5379 60.276 21.65
      vertex 67.325 60.4338 11
      vertex 67.5379 60.276 11
    endloop
  endfacet
  facet normal 0.0490716 -0.998795 0
    outer loop
      vertex 65.5604 60.8758 11
      vertex 65.825 60.8888 21.65
      vertex 65.5604 60.8758 21.65
    endloop
  endfacet
  facet normal 0.0490716 -0.998795 0
    outer loop
      vertex 65.825 60.8888 21.65
      vertex 65.5604 60.8758 11
      vertex 65.825 60.8888 11
    endloop
  endfacet
  facet normal -0.998795 0.0490716 0
    outer loop
      vertex 68.512 57.9242 11
      vertex 68.525 58.1888 21.65
      vertex 68.525 58.1888 11
    endloop
  endfacet
  facet normal -0.998795 0.0490716 0
    outer loop
      vertex 68.525 58.1888 21.65
      vertex 68.512 57.9242 11
      vertex 68.512 57.9242 21.65
    endloop
  endfacet
  facet normal 0.242624 -0.97012 0
    outer loop
      vertex 65.0412 60.7726 11
      vertex 65.2983 60.8369 21.65
      vertex 65.0412 60.7726 21.65
    endloop
  endfacet
  facet normal 0.242624 -0.97012 0
    outer loop
      vertex 65.2983 60.8369 21.65
      vertex 65.0412 60.7726 11
      vertex 65.2983 60.8369 11
    endloop
  endfacet
  facet normal -0.427486 -0.904022 0
    outer loop
      vertex 66.8582 60.6833 11
      vertex 67.0978 60.57 21.65
      vertex 66.8582 60.6833 21.65
    endloop
  endfacet
  facet normal -0.427486 -0.904022 -0
    outer loop
      vertex 67.0978 60.57 21.65
      vertex 66.8582 60.6833 11
      vertex 67.0978 60.57 11
    endloop
  endfacet
  facet normal 0.242979 0.970031 -0
    outer loop
      vertex 65.2983 55.5407 11
      vertex 65.0412 55.6051 21.65
      vertex 65.2983 55.5407 21.65
    endloop
  endfacet
  facet normal 0.242979 0.970031 0
    outer loop
      vertex 65.0412 55.6051 21.65
      vertex 65.2983 55.5407 11
      vertex 65.0412 55.6051 11
    endloop
  endfacet
  facet normal 0.427486 -0.904022 0
    outer loop
      vertex 64.5522 60.57 11
      vertex 64.7918 60.6833 21.65
      vertex 64.5522 60.57 21.65
    endloop
  endfacet
  facet normal 0.427486 -0.904022 0
    outer loop
      vertex 64.7918 60.6833 21.65
      vertex 64.5522 60.57 11
      vertex 64.7918 60.6833 11
    endloop
  endfacet
  facet normal 0.803069 -0.595886 0
    outer loop
      vertex 63.58 59.6889 21.65
      vertex 63.7379 59.9017 11
      vertex 63.7379 59.9017 21.65
    endloop
  endfacet
  facet normal 0.803069 -0.595886 0
    outer loop
      vertex 63.7379 59.9017 11
      vertex 63.58 59.6889 21.65
      vertex 63.58 59.6889 11
    endloop
  endfacet
  facet normal 0.671526 0.740981 -0
    outer loop
      vertex 64.1121 56.1017 11
      vertex 63.9158 56.2796 21.65
      vertex 64.1121 56.1017 21.65
    endloop
  endfacet
  facet normal 0.671526 0.740981 0
    outer loop
      vertex 63.9158 56.2796 21.65
      vertex 64.1121 56.1017 11
      vertex 63.9158 56.2796 11
    endloop
  endfacet
  facet normal -0.427178 0.904168 0
    outer loop
      vertex 67.0978 55.8076 11
      vertex 66.8582 55.6944 21.65
      vertex 67.0978 55.8076 21.65
    endloop
  endfacet
  facet normal -0.427178 0.904168 0
    outer loop
      vertex 66.8582 55.6944 21.65
      vertex 67.0978 55.8076 11
      vertex 66.8582 55.6944 11
    endloop
  endfacet
  facet normal 0.803069 0.595886 0
    outer loop
      vertex 63.7379 56.476 21.65
      vertex 63.58 56.6888 11
      vertex 63.58 56.6888 21.65
    endloop
  endfacet
  facet normal 0.803069 0.595886 0
    outer loop
      vertex 63.58 56.6888 11
      vertex 63.7379 56.476 21.65
      vertex 63.7379 56.476 11
    endloop
  endfacet
  facet normal -0.337102 0.941468 0
    outer loop
      vertex 66.8582 55.6944 11
      vertex 66.6088 55.6051 21.65
      vertex 66.8582 55.6944 21.65
    endloop
  endfacet
  facet normal -0.337102 0.941468 0
    outer loop
      vertex 66.6088 55.6051 21.65
      vertex 66.8582 55.6944 11
      vertex 66.6088 55.6051 11
    endloop
  endfacet
  facet normal 0.514163 -0.857693 0
    outer loop
      vertex 64.325 60.4338 11
      vertex 64.5522 60.57 21.65
      vertex 64.325 60.4338 21.65
    endloop
  endfacet
  facet normal 0.514163 -0.857693 0
    outer loop
      vertex 64.5522 60.57 21.65
      vertex 64.325 60.4338 11
      vertex 64.5522 60.57 11
    endloop
  endfacet
  facet normal 0.989165 0.146809 0
    outer loop
      vertex 63.1769 57.6621 21.65
      vertex 63.138 57.9242 11
      vertex 63.138 57.9242 21.65
    endloop
  endfacet
  facet normal 0.989165 0.146809 0
    outer loop
      vertex 63.138 57.9242 11
      vertex 63.1769 57.6621 21.65
      vertex 63.1769 57.6621 11
    endloop
  endfacet
  facet normal -0.242979 0.970031 0
    outer loop
      vertex 66.6088 55.6051 11
      vertex 66.3517 55.5407 21.65
      vertex 66.6088 55.6051 21.65
    endloop
  endfacet
  facet normal -0.242979 0.970031 0
    outer loop
      vertex 66.3517 55.5407 21.65
      vertex 66.6088 55.6051 11
      vertex 66.3517 55.5407 11
    endloop
  endfacet
  facet normal 0.427178 0.904168 -0
    outer loop
      vertex 64.7918 55.6944 11
      vertex 64.5522 55.8076 21.65
      vertex 64.7918 55.6944 21.65
    endloop
  endfacet
  facet normal 0.427178 0.904168 0
    outer loop
      vertex 64.5522 55.8076 21.65
      vertex 64.7918 55.6944 11
      vertex 64.5522 55.8076 11
    endloop
  endfacet
  facet normal 0.941631 -0.336647 0
    outer loop
      vertex 63.2413 58.9726 21.65
      vertex 63.3305 59.2221 11
      vertex 63.3305 59.2221 21.65
    endloop
  endfacet
  facet normal 0.941631 -0.336647 0
    outer loop
      vertex 63.3305 59.2221 11
      vertex 63.2413 58.9726 21.65
      vertex 63.2413 58.9726 11
    endloop
  endfacet
  facet normal -0.337102 -0.941468 0
    outer loop
      vertex 66.6088 60.7726 11
      vertex 66.8582 60.6833 21.65
      vertex 66.6088 60.7726 21.65
    endloop
  endfacet
  facet normal -0.337102 -0.941468 -0
    outer loop
      vertex 66.8582 60.6833 21.65
      vertex 66.6088 60.7726 11
      vertex 66.8582 60.6833 11
    endloop
  endfacet
  facet normal -0.595462 0.803383 0
    outer loop
      vertex 67.5379 56.1017 11
      vertex 67.325 55.9439 21.65
      vertex 67.5379 56.1017 21.65
    endloop
  endfacet
  facet normal -0.595462 0.803383 0
    outer loop
      vertex 67.325 55.9439 21.65
      vertex 67.5379 56.1017 11
      vertex 67.325 55.9439 11
    endloop
  endfacet
  facet normal -0.51444 0.857526 0
    outer loop
      vertex 67.325 55.9439 11
      vertex 67.0978 55.8076 21.65
      vertex 67.325 55.9439 21.65
    endloop
  endfacet
  facet normal -0.51444 0.857526 0
    outer loop
      vertex 67.0978 55.8076 21.65
      vertex 67.325 55.9439 11
      vertex 67.0978 55.8076 11
    endloop
  endfacet
  facet normal -0.970009 0.243068 0
    outer loop
      vertex 68.4087 57.4051 11
      vertex 68.4731 57.6621 21.65
      vertex 68.4731 57.6621 11
    endloop
  endfacet
  facet normal -0.970009 0.243068 0
    outer loop
      vertex 68.4731 57.6621 21.65
      vertex 68.4087 57.4051 11
      vertex 68.4087 57.4051 21.65
    endloop
  endfacet
  facet normal 0.337102 -0.941468 0
    outer loop
      vertex 64.7918 60.6833 11
      vertex 65.0412 60.7726 21.65
      vertex 64.7918 60.6833 21.65
    endloop
  endfacet
  facet normal 0.337102 -0.941468 0
    outer loop
      vertex 65.0412 60.7726 21.65
      vertex 64.7918 60.6833 11
      vertex 65.0412 60.7726 11
    endloop
  endfacet
  facet normal -0.903953 -0.427632 0
    outer loop
      vertex 68.3195 59.2221 11
      vertex 68.2062 59.4616 21.65
      vertex 68.2062 59.4616 11
    endloop
  endfacet
  facet normal -0.903953 -0.427632 0
    outer loop
      vertex 68.2062 59.4616 21.65
      vertex 68.3195 59.2221 11
      vertex 68.3195 59.2221 21.65
    endloop
  endfacet
  facet normal 0.970009 0.243068 0
    outer loop
      vertex 63.2413 57.4051 21.65
      vertex 63.1769 57.6621 11
      vertex 63.1769 57.6621 21.65
    endloop
  endfacet
  facet normal 0.970009 0.243068 0
    outer loop
      vertex 63.1769 57.6621 11
      vertex 63.2413 57.4051 21.65
      vertex 63.2413 57.4051 11
    endloop
  endfacet
  facet normal 0.941631 0.336647 0
    outer loop
      vertex 63.3305 57.1556 21.65
      vertex 63.2413 57.4051 11
      vertex 63.2413 57.4051 21.65
    endloop
  endfacet
  facet normal 0.941631 0.336647 0
    outer loop
      vertex 63.2413 57.4051 11
      vertex 63.3305 57.1556 21.65
      vertex 63.3305 57.1556 11
    endloop
  endfacet
  facet normal -0.146809 -0.989165 0
    outer loop
      vertex 66.0896 60.8758 11
      vertex 66.3517 60.8369 21.65
      vertex 66.0896 60.8758 21.65
    endloop
  endfacet
  facet normal -0.146809 -0.989165 -0
    outer loop
      vertex 66.3517 60.8369 21.65
      vertex 66.0896 60.8758 11
      vertex 66.3517 60.8369 11
    endloop
  endfacet
  facet normal 0.989165 -0.146809 0
    outer loop
      vertex 63.138 58.4535 21.65
      vertex 63.1769 58.7156 11
      vertex 63.1769 58.7156 21.65
    endloop
  endfacet
  facet normal 0.989165 -0.146809 0
    outer loop
      vertex 63.1769 58.7156 11
      vertex 63.138 58.4535 21.65
      vertex 63.138 58.4535 11
    endloop
  endfacet
  facet normal 0.970009 -0.243068 0
    outer loop
      vertex 63.1769 58.7156 21.65
      vertex 63.2413 58.9726 11
      vertex 63.2413 58.9726 21.65
    endloop
  endfacet
  facet normal 0.970009 -0.243068 0
    outer loop
      vertex 63.2413 58.9726 11
      vertex 63.1769 58.7156 21.65
      vertex 63.1769 58.7156 11
    endloop
  endfacet
  facet normal -0.803069 0.595886 0
    outer loop
      vertex 67.9121 56.476 11
      vertex 68.07 56.6888 21.65
      vertex 68.07 56.6888 11
    endloop
  endfacet
  facet normal -0.803069 0.595886 0
    outer loop
      vertex 68.07 56.6888 21.65
      vertex 67.9121 56.476 11
      vertex 67.9121 56.476 21.65
    endloop
  endfacet
  facet normal -0.941631 -0.336647 0
    outer loop
      vertex 68.4087 58.9726 11
      vertex 68.3195 59.2221 21.65
      vertex 68.3195 59.2221 11
    endloop
  endfacet
  facet normal -0.941631 -0.336647 0
    outer loop
      vertex 68.3195 59.2221 21.65
      vertex 68.4087 58.9726 11
      vertex 68.4087 58.9726 21.65
    endloop
  endfacet
  facet normal -0.857792 0.513996 0
    outer loop
      vertex 68.07 56.6888 11
      vertex 68.2062 56.9161 21.65
      vertex 68.2062 56.9161 11
    endloop
  endfacet
  facet normal -0.857792 0.513996 0
    outer loop
      vertex 68.2062 56.9161 21.65
      vertex 68.07 56.6888 11
      vertex 68.07 56.6888 21.65
    endloop
  endfacet
  facet normal -0.741151 0.671338 0
    outer loop
      vertex 67.7342 56.2796 11
      vertex 67.9121 56.476 21.65
      vertex 67.9121 56.476 11
    endloop
  endfacet
  facet normal -0.741151 0.671338 0
    outer loop
      vertex 67.9121 56.476 21.65
      vertex 67.7342 56.2796 11
      vertex 67.7342 56.2796 21.65
    endloop
  endfacet
  facet normal -0.0490716 -0.998795 0
    outer loop
      vertex 65.825 60.8888 11
      vertex 66.0896 60.8758 21.65
      vertex 65.825 60.8888 21.65
    endloop
  endfacet
  facet normal -0.0490716 -0.998795 -0
    outer loop
      vertex 66.0896 60.8758 21.65
      vertex 65.825 60.8888 11
      vertex 66.0896 60.8758 11
    endloop
  endfacet
  facet normal -0.514163 -0.857693 0
    outer loop
      vertex 67.0978 60.57 11
      vertex 67.325 60.4338 21.65
      vertex 67.0978 60.57 21.65
    endloop
  endfacet
  facet normal -0.514163 -0.857693 -0
    outer loop
      vertex 67.325 60.4338 21.65
      vertex 67.0978 60.57 11
      vertex 67.325 60.4338 11
    endloop
  endfacet
  facet normal 0.337102 0.941468 -0
    outer loop
      vertex 65.0412 55.6051 11
      vertex 64.7918 55.6944 21.65
      vertex 65.0412 55.6051 21.65
    endloop
  endfacet
  facet normal 0.337102 0.941468 0
    outer loop
      vertex 64.7918 55.6944 21.65
      vertex 65.0412 55.6051 11
      vertex 64.7918 55.6944 11
    endloop
  endfacet
  facet normal 0.595462 -0.803383 0
    outer loop
      vertex 64.1121 60.276 11
      vertex 64.325 60.4338 21.65
      vertex 64.1121 60.276 21.65
    endloop
  endfacet
  facet normal 0.595462 -0.803383 0
    outer loop
      vertex 64.325 60.4338 21.65
      vertex 64.1121 60.276 11
      vertex 64.325 60.4338 11
    endloop
  endfacet
  facet normal 0.741151 0.671338 0
    outer loop
      vertex 63.9158 56.2796 21.65
      vertex 63.7379 56.476 11
      vertex 63.7379 56.476 21.65
    endloop
  endfacet
  facet normal 0.741151 0.671338 0
    outer loop
      vertex 63.7379 56.476 11
      vertex 63.9158 56.2796 21.65
      vertex 63.9158 56.2796 11
    endloop
  endfacet
  facet normal 0.595462 0.803383 -0
    outer loop
      vertex 64.325 55.9439 11
      vertex 64.1121 56.1017 21.65
      vertex 64.325 55.9439 21.65
    endloop
  endfacet
  facet normal 0.595462 0.803383 0
    outer loop
      vertex 64.1121 56.1017 21.65
      vertex 64.325 55.9439 11
      vertex 64.1121 56.1017 11
    endloop
  endfacet
  facet normal -0.242624 -0.97012 0
    outer loop
      vertex 66.3517 60.8369 11
      vertex 66.6088 60.7726 21.65
      vertex 66.3517 60.8369 21.65
    endloop
  endfacet
  facet normal -0.242624 -0.97012 -0
    outer loop
      vertex 66.6088 60.7726 21.65
      vertex 66.3517 60.8369 11
      vertex 66.6088 60.7726 11
    endloop
  endfacet
  facet normal -0.857792 -0.513996 0
    outer loop
      vertex 68.2062 59.4616 11
      vertex 68.07 59.6889 21.65
      vertex 68.07 59.6889 11
    endloop
  endfacet
  facet normal -0.857792 -0.513996 0
    outer loop
      vertex 68.07 59.6889 21.65
      vertex 68.2062 59.4616 11
      vertex 68.2062 59.4616 21.65
    endloop
  endfacet
  facet normal -0.989165 0.146809 0
    outer loop
      vertex 68.4731 57.6621 11
      vertex 68.512 57.9242 21.65
      vertex 68.512 57.9242 11
    endloop
  endfacet
  facet normal -0.989165 0.146809 0
    outer loop
      vertex 68.512 57.9242 21.65
      vertex 68.4731 57.6621 11
      vertex 68.4731 57.6621 21.65
    endloop
  endfacet
  facet normal 0.671733 -0.740793 0
    outer loop
      vertex 63.9158 60.098 11
      vertex 64.1121 60.276 21.65
      vertex 63.9158 60.098 21.65
    endloop
  endfacet
  facet normal 0.671733 -0.740793 0
    outer loop
      vertex 64.1121 60.276 21.65
      vertex 63.9158 60.098 11
      vertex 64.1121 60.276 11
    endloop
  endfacet
  facet normal 0.0490716 0.998795 -0
    outer loop
      vertex 65.825 55.4888 11
      vertex 65.5604 55.5018 21.65
      vertex 65.825 55.4888 21.65
    endloop
  endfacet
  facet normal 0.0490716 0.998795 0
    outer loop
      vertex 65.5604 55.5018 21.65
      vertex 65.825 55.4888 11
      vertex 65.5604 55.5018 11
    endloop
  endfacet
  facet normal 0.740981 -0.671526 0
    outer loop
      vertex 63.7379 59.9017 21.65
      vertex 63.9158 60.098 11
      vertex 63.9158 60.098 21.65
    endloop
  endfacet
  facet normal 0.740981 -0.671526 0
    outer loop
      vertex 63.9158 60.098 11
      vertex 63.7379 59.9017 21.65
      vertex 63.7379 59.9017 11
    endloop
  endfacet
  facet normal 0.903953 0.427632 0
    outer loop
      vertex 63.4438 56.9161 21.65
      vertex 63.3305 57.1556 11
      vertex 63.3305 57.1556 21.65
    endloop
  endfacet
  facet normal 0.903953 0.427632 0
    outer loop
      vertex 63.3305 57.1556 11
      vertex 63.4438 56.9161 21.65
      vertex 63.4438 56.9161 11
    endloop
  endfacet
  facet normal -0.146809 0.989165 0
    outer loop
      vertex 66.3517 55.5407 11
      vertex 66.0896 55.5018 21.65
      vertex 66.3517 55.5407 21.65
    endloop
  endfacet
  facet normal -0.146809 0.989165 0
    outer loop
      vertex 66.0896 55.5018 21.65
      vertex 66.3517 55.5407 11
      vertex 66.0896 55.5018 11
    endloop
  endfacet
  facet normal -0.671733 -0.740793 0
    outer loop
      vertex 67.5379 60.276 11
      vertex 67.7342 60.098 21.65
      vertex 67.5379 60.276 21.65
    endloop
  endfacet
  facet normal -0.671733 -0.740793 -0
    outer loop
      vertex 67.7342 60.098 21.65
      vertex 67.5379 60.276 11
      vertex 67.7342 60.098 11
    endloop
  endfacet
  facet normal 0.998796 -0.0490531 0
    outer loop
      vertex 63.125 58.1888 21.65
      vertex 63.138 58.4535 11
      vertex 63.138 58.4535 21.65
    endloop
  endfacet
  facet normal 0.998796 -0.0490531 0
    outer loop
      vertex 63.138 58.4535 11
      vertex 63.125 58.1888 21.65
      vertex 63.125 58.1888 11
    endloop
  endfacet
  facet normal -0.740981 -0.671526 0
    outer loop
      vertex 67.9121 59.9017 11
      vertex 67.7342 60.098 21.65
      vertex 67.7342 60.098 11
    endloop
  endfacet
  facet normal -0.740981 -0.671526 0
    outer loop
      vertex 67.7342 60.098 21.65
      vertex 67.9121 59.9017 11
      vertex 67.9121 59.9017 21.65
    endloop
  endfacet
  facet normal -0.941631 0.336647 0
    outer loop
      vertex 68.3195 57.1556 11
      vertex 68.4087 57.4051 21.65
      vertex 68.4087 57.4051 11
    endloop
  endfacet
  facet normal -0.941631 0.336647 0
    outer loop
      vertex 68.4087 57.4051 21.65
      vertex 68.3195 57.1556 11
      vertex 68.3195 57.1556 21.65
    endloop
  endfacet
  facet normal -0.0490716 0.998795 0
    outer loop
      vertex 66.0896 55.5018 11
      vertex 65.825 55.4888 21.65
      vertex 66.0896 55.5018 21.65
    endloop
  endfacet
  facet normal -0.0490716 0.998795 0
    outer loop
      vertex 65.825 55.4888 21.65
      vertex 66.0896 55.5018 11
      vertex 65.825 55.4888 11
    endloop
  endfacet
  facet normal 0.903953 -0.427632 0
    outer loop
      vertex 63.3305 59.2221 21.65
      vertex 63.4438 59.4616 11
      vertex 63.4438 59.4616 21.65
    endloop
  endfacet
  facet normal 0.903953 -0.427632 0
    outer loop
      vertex 63.4438 59.4616 11
      vertex 63.3305 59.2221 21.65
      vertex 63.3305 59.2221 11
    endloop
  endfacet
  facet normal -0.903953 0.427632 0
    outer loop
      vertex 68.2062 56.9161 11
      vertex 68.3195 57.1556 21.65
      vertex 68.3195 57.1556 11
    endloop
  endfacet
  facet normal -0.903953 0.427632 0
    outer loop
      vertex 68.3195 57.1556 21.65
      vertex 68.2062 56.9161 11
      vertex 68.2062 56.9161 21.65
    endloop
  endfacet
  facet normal 0.857792 0.513996 0
    outer loop
      vertex 63.58 56.6888 21.65
      vertex 63.4438 56.9161 11
      vertex 63.4438 56.9161 21.65
    endloop
  endfacet
  facet normal 0.857792 0.513996 0
    outer loop
      vertex 63.4438 56.9161 11
      vertex 63.58 56.6888 21.65
      vertex 63.58 56.6888 11
    endloop
  endfacet
  facet normal 0.998795 0.0490716 0
    outer loop
      vertex 63.138 57.9242 21.65
      vertex 63.125 58.1888 11
      vertex 63.125 58.1888 21.65
    endloop
  endfacet
  facet normal 0.998795 0.0490716 0
    outer loop
      vertex 63.125 58.1888 11
      vertex 63.138 57.9242 21.65
      vertex 63.138 57.9242 11
    endloop
  endfacet
  facet normal 0.146809 0.989165 -0
    outer loop
      vertex 65.5604 55.5018 11
      vertex 65.2983 55.5407 21.65
      vertex 65.5604 55.5018 21.65
    endloop
  endfacet
  facet normal 0.146809 0.989165 0
    outer loop
      vertex 65.2983 55.5407 21.65
      vertex 65.5604 55.5018 11
      vertex 65.2983 55.5407 11
    endloop
  endfacet
  facet normal -0.671526 0.740981 0
    outer loop
      vertex 67.7342 56.2796 11
      vertex 67.5379 56.1017 21.65
      vertex 67.7342 56.2796 21.65
    endloop
  endfacet
  facet normal -0.671526 0.740981 0
    outer loop
      vertex 67.5379 56.1017 21.65
      vertex 67.7342 56.2796 11
      vertex 67.5379 56.1017 11
    endloop
  endfacet
  facet normal 0.857792 -0.513996 0
    outer loop
      vertex 63.4438 59.4616 21.65
      vertex 63.58 59.6889 11
      vertex 63.58 59.6889 21.65
    endloop
  endfacet
  facet normal 0.857792 -0.513996 0
    outer loop
      vertex 63.58 59.6889 11
      vertex 63.4438 59.4616 21.65
      vertex 63.4438 59.4616 11
    endloop
  endfacet
  facet normal -0.98922 -0.146439 0
    outer loop
      vertex -62.6512 -74.5794 11
      vertex -62.69 -74.3173 21.65
      vertex -62.69 -74.3173 11
    endloop
  endfacet
  facet normal -0.98922 -0.146439 0
    outer loop
      vertex -62.69 -74.3173 21.65
      vertex -62.6512 -74.5794 11
      vertex -62.6512 -74.5794 21.65
    endloop
  endfacet
  facet normal -0.998795 -0.0490716 0
    outer loop
      vertex -62.6382 -74.844 11
      vertex -62.6512 -74.5794 21.65
      vertex -62.6512 -74.5794 11
    endloop
  endfacet
  facet normal -0.998795 -0.0490716 0
    outer loop
      vertex -62.6512 -74.5794 21.65
      vertex -62.6382 -74.844 11
      vertex -62.6382 -74.844 21.65
    endloop
  endfacet
  facet normal -0.970009 -0.243068 0
    outer loop
      vertex -62.69 -74.3173 11
      vertex -62.7544 -74.0603 21.65
      vertex -62.7544 -74.0603 11
    endloop
  endfacet
  facet normal -0.970009 -0.243068 0
    outer loop
      vertex -62.7544 -74.0603 21.65
      vertex -62.69 -74.3173 11
      vertex -62.69 -74.3173 21.65
    endloop
  endfacet
  facet normal 0.989165 -0.146809 0
    outer loop
      vertex -68.0252 -74.5794 21.65
      vertex -67.9863 -74.3173 11
      vertex -67.9863 -74.3173 21.65
    endloop
  endfacet
  facet normal 0.989165 -0.146809 0
    outer loop
      vertex -67.9863 -74.3173 11
      vertex -68.0252 -74.5794 21.65
      vertex -68.0252 -74.5794 11
    endloop
  endfacet
  facet normal 0.427632 -0.903953 0
    outer loop
      vertex -66.6109 -72.4628 11
      vertex -66.3714 -72.3495 21.65
      vertex -66.6109 -72.4628 21.65
    endloop
  endfacet
  facet normal 0.427632 -0.903953 0
    outer loop
      vertex -66.3714 -72.3495 21.65
      vertex -66.6109 -72.4628 11
      vertex -66.3714 -72.3495 11
    endloop
  endfacet
  facet normal 0.514274 -0.857626 0
    outer loop
      vertex -66.8382 -72.5991 11
      vertex -66.6109 -72.4628 21.65
      vertex -66.8382 -72.5991 21.65
    endloop
  endfacet
  facet normal 0.514274 -0.857626 0
    outer loop
      vertex -66.6109 -72.4628 21.65
      vertex -66.8382 -72.5991 11
      vertex -66.6109 -72.4628 11
    endloop
  endfacet
  facet normal -0.0490531 -0.998796 0
    outer loop
      vertex -65.3382 -72.144 11
      vertex -65.0735 -72.157 21.65
      vertex -65.3382 -72.144 21.65
    endloop
  endfacet
  facet normal -0.0490531 -0.998796 -0
    outer loop
      vertex -65.0735 -72.157 21.65
      vertex -65.3382 -72.144 11
      vertex -65.0735 -72.157 11
    endloop
  endfacet
  facet normal -0.513996 0.857792 0
    outer loop
      vertex -63.8381 -77.089 11
      vertex -64.0654 -77.2252 21.65
      vertex -63.8381 -77.089 21.65
    endloop
  endfacet
  facet normal -0.513996 0.857792 0
    outer loop
      vertex -64.0654 -77.2252 21.65
      vertex -63.8381 -77.089 11
      vertex -64.0654 -77.2252 11
    endloop
  endfacet
  facet normal 0.0490716 -0.998795 0
    outer loop
      vertex -65.6028 -72.157 11
      vertex -65.3382 -72.144 21.65
      vertex -65.6028 -72.157 21.65
    endloop
  endfacet
  facet normal 0.0490716 -0.998795 0
    outer loop
      vertex -65.3382 -72.144 21.65
      vertex -65.6028 -72.157 11
      vertex -65.3382 -72.144 11
    endloop
  endfacet
  facet normal -0.146809 0.989165 0
    outer loop
      vertex -64.8114 -77.4921 11
      vertex -65.0735 -77.531 21.65
      vertex -64.8114 -77.4921 21.65
    endloop
  endfacet
  facet normal -0.146809 0.989165 0
    outer loop
      vertex -65.0735 -77.531 21.65
      vertex -64.8114 -77.4921 11
      vertex -65.0735 -77.531 11
    endloop
  endfacet
  facet normal -0.427632 -0.903953 0
    outer loop
      vertex -64.3049 -72.3495 11
      vertex -64.0654 -72.4628 21.65
      vertex -64.3049 -72.3495 21.65
    endloop
  endfacet
  facet normal -0.427632 -0.903953 -0
    outer loop
      vertex -64.0654 -72.4628 21.65
      vertex -64.3049 -72.3495 11
      vertex -64.0654 -72.4628 11
    endloop
  endfacet
  facet normal 0.970009 0.243068 0
    outer loop
      vertex -67.9219 -75.6278 21.65
      vertex -67.9863 -75.3708 11
      vertex -67.9863 -75.3708 21.65
    endloop
  endfacet
  facet normal 0.970009 0.243068 0
    outer loop
      vertex -67.9863 -75.3708 11
      vertex -67.9219 -75.6278 21.65
      vertex -67.9219 -75.6278 11
    endloop
  endfacet
  facet normal -0.740793 0.671733 0
    outer loop
      vertex -63.429 -76.7532 11
      vertex -63.251 -76.5569 21.65
      vertex -63.251 -76.5569 11
    endloop
  endfacet
  facet normal -0.740793 0.671733 0
    outer loop
      vertex -63.251 -76.5569 21.65
      vertex -63.429 -76.7532 11
      vertex -63.429 -76.7532 21.65
    endloop
  endfacet
  facet normal -0.803249 -0.595643 0
    outer loop
      vertex -63.0932 -73.344 11
      vertex -63.251 -73.1312 21.65
      vertex -63.251 -73.1312 11
    endloop
  endfacet
  facet normal -0.803249 -0.595643 0
    outer loop
      vertex -63.251 -73.1312 21.65
      vertex -63.0932 -73.344 11
      vertex -63.0932 -73.344 21.65
    endloop
  endfacet
  facet normal 0.803249 -0.595643 0
    outer loop
      vertex -67.5831 -73.344 21.65
      vertex -67.4253 -73.1312 11
      vertex -67.4253 -73.1312 21.65
    endloop
  endfacet
  facet normal 0.803249 -0.595643 0
    outer loop
      vertex -67.4253 -73.1312 11
      vertex -67.5831 -73.344 21.65
      vertex -67.5831 -73.344 11
    endloop
  endfacet
  facet normal 0.595643 -0.803249 0
    outer loop
      vertex -67.051 -72.7569 11
      vertex -66.8382 -72.5991 21.65
      vertex -67.051 -72.7569 21.65
    endloop
  endfacet
  facet normal 0.595643 -0.803249 0
    outer loop
      vertex -66.8382 -72.5991 21.65
      vertex -67.051 -72.7569 11
      vertex -66.8382 -72.5991 11
    endloop
  endfacet
  facet normal -0.970009 0.243068 0
    outer loop
      vertex -62.7544 -75.6278 11
      vertex -62.69 -75.3708 21.65
      vertex -62.69 -75.3708 11
    endloop
  endfacet
  facet normal -0.970009 0.243068 0
    outer loop
      vertex -62.69 -75.3708 21.65
      vertex -62.7544 -75.6278 11
      vertex -62.7544 -75.6278 21.65
    endloop
  endfacet
  facet normal 0.146809 0.989165 -0
    outer loop
      vertex -65.6028 -77.531 11
      vertex -65.8649 -77.4921 21.65
      vertex -65.6028 -77.531 21.65
    endloop
  endfacet
  facet normal 0.146809 0.989165 0
    outer loop
      vertex -65.8649 -77.4921 21.65
      vertex -65.6028 -77.531 11
      vertex -65.8649 -77.4921 11
    endloop
  endfacet
  facet normal -0.595643 -0.803249 0
    outer loop
      vertex -63.8381 -72.5991 11
      vertex -63.6253 -72.7569 21.65
      vertex -63.8381 -72.5991 21.65
    endloop
  endfacet
  facet normal -0.595643 -0.803249 -0
    outer loop
      vertex -63.6253 -72.7569 21.65
      vertex -63.8381 -72.5991 11
      vertex -63.6253 -72.7569 11
    endloop
  endfacet
  facet normal 0.998796 0.0490531 0
    outer loop
      vertex -68.0252 -75.1087 21.65
      vertex -68.0382 -74.844 11
      vertex -68.0382 -74.844 21.65
    endloop
  endfacet
  facet normal 0.998796 0.0490531 0
    outer loop
      vertex -68.0382 -74.844 11
      vertex -68.0252 -75.1087 21.65
      vertex -68.0252 -75.1087 11
    endloop
  endfacet
  facet normal -0.941511 -0.336982 0
    outer loop
      vertex -62.7544 -74.0603 11
      vertex -62.8437 -73.8108 21.65
      vertex -62.8437 -73.8108 11
    endloop
  endfacet
  facet normal -0.941511 -0.336982 0
    outer loop
      vertex -62.8437 -73.8108 21.65
      vertex -62.7544 -74.0603 11
      vertex -62.7544 -74.0603 21.65
    endloop
  endfacet
  facet normal -0.671526 -0.740981 0
    outer loop
      vertex -63.6253 -72.7569 11
      vertex -63.429 -72.9348 21.65
      vertex -63.6253 -72.7569 21.65
    endloop
  endfacet
  facet normal -0.671526 -0.740981 -0
    outer loop
      vertex -63.429 -72.9348 21.65
      vertex -63.6253 -72.7569 11
      vertex -63.429 -72.9348 11
    endloop
  endfacet
  facet normal 0.857792 0.513996 0
    outer loop
      vertex -67.5831 -76.3441 21.65
      vertex -67.7193 -76.1168 11
      vertex -67.7193 -76.1168 21.65
    endloop
  endfacet
  facet normal 0.857792 0.513996 0
    outer loop
      vertex -67.7193 -76.1168 11
      vertex -67.5831 -76.3441 21.65
      vertex -67.5831 -76.3441 11
    endloop
  endfacet
  facet normal 0.336647 -0.941631 0
    outer loop
      vertex -66.3714 -72.3495 11
      vertex -66.1219 -72.2603 21.65
      vertex -66.3714 -72.3495 21.65
    endloop
  endfacet
  facet normal 0.336647 -0.941631 0
    outer loop
      vertex -66.1219 -72.2603 21.65
      vertex -66.3714 -72.3495 11
      vertex -66.1219 -72.2603 11
    endloop
  endfacet
  facet normal 0.941511 0.336982 0
    outer loop
      vertex -67.8326 -75.8773 21.65
      vertex -67.9219 -75.6278 11
      vertex -67.9219 -75.6278 21.65
    endloop
  endfacet
  facet normal 0.941511 0.336982 0
    outer loop
      vertex -67.9219 -75.6278 11
      vertex -67.8326 -75.8773 21.65
      vertex -67.8326 -75.8773 11
    endloop
  endfacet
  facet normal 0.242713 0.970098 -0
    outer loop
      vertex -65.8649 -77.4921 11
      vertex -66.1219 -77.4278 21.65
      vertex -65.8649 -77.4921 21.65
    endloop
  endfacet
  facet normal 0.242713 0.970098 0
    outer loop
      vertex -66.1219 -77.4278 21.65
      vertex -65.8649 -77.4921 11
      vertex -66.1219 -77.4278 11
    endloop
  endfacet
  facet normal 0.0490716 0.998795 -0
    outer loop
      vertex -65.3382 -77.544 11
      vertex -65.6028 -77.531 21.65
      vertex -65.3382 -77.544 21.65
    endloop
  endfacet
  facet normal 0.0490716 0.998795 0
    outer loop
      vertex -65.6028 -77.531 21.65
      vertex -65.3382 -77.544 11
      vertex -65.6028 -77.531 11
    endloop
  endfacet
  facet normal 0.513996 0.857792 -0
    outer loop
      vertex -66.6109 -77.2252 11
      vertex -66.8382 -77.089 21.65
      vertex -66.6109 -77.2252 21.65
    endloop
  endfacet
  facet normal 0.513996 0.857792 0
    outer loop
      vertex -66.8382 -77.089 21.65
      vertex -66.6109 -77.2252 11
      vertex -66.8382 -77.089 11
    endloop
  endfacet
  facet normal 0.970009 -0.243068 0
    outer loop
      vertex -67.9863 -74.3173 21.65
      vertex -67.9219 -74.0603 11
      vertex -67.9219 -74.0603 21.65
    endloop
  endfacet
  facet normal 0.970009 -0.243068 0
    outer loop
      vertex -67.9219 -74.0603 11
      vertex -67.9863 -74.3173 21.65
      vertex -67.9863 -74.3173 11
    endloop
  endfacet
  facet normal -0.427632 0.903953 0
    outer loop
      vertex -64.0654 -77.2252 11
      vertex -64.3049 -77.3385 21.65
      vertex -64.0654 -77.2252 21.65
    endloop
  endfacet
  facet normal -0.427632 0.903953 0
    outer loop
      vertex -64.3049 -77.3385 21.65
      vertex -64.0654 -77.2252 11
      vertex -64.3049 -77.3385 11
    endloop
  endfacet
  facet normal 0.803249 0.595643 0
    outer loop
      vertex -67.4253 -76.5569 21.65
      vertex -67.5831 -76.3441 11
      vertex -67.5831 -76.3441 21.65
    endloop
  endfacet
  facet normal 0.803249 0.595643 0
    outer loop
      vertex -67.5831 -76.3441 11
      vertex -67.4253 -76.5569 21.65
      vertex -67.4253 -76.5569 11
    endloop
  endfacet
  facet normal 0.671733 0.740793 -0
    outer loop
      vertex -67.051 -76.9312 11
      vertex -67.2473 -76.7532 21.65
      vertex -67.051 -76.9312 21.65
    endloop
  endfacet
  facet normal 0.671733 0.740793 0
    outer loop
      vertex -67.2473 -76.7532 21.65
      vertex -67.051 -76.9312 11
      vertex -67.2473 -76.7532 11
    endloop
  endfacet
  facet normal 0.595643 0.803249 -0
    outer loop
      vertex -66.8382 -77.089 11
      vertex -67.051 -76.9312 21.65
      vertex -66.8382 -77.089 21.65
    endloop
  endfacet
  facet normal 0.595643 0.803249 0
    outer loop
      vertex -67.051 -76.9312 21.65
      vertex -66.8382 -77.089 11
      vertex -67.051 -76.9312 11
    endloop
  endfacet
  facet normal -0.514274 -0.857626 0
    outer loop
      vertex -64.0654 -72.4628 11
      vertex -63.8381 -72.5991 21.65
      vertex -64.0654 -72.4628 21.65
    endloop
  endfacet
  facet normal -0.514274 -0.857626 -0
    outer loop
      vertex -63.8381 -72.5991 21.65
      vertex -64.0654 -72.4628 11
      vertex -63.8381 -72.5991 11
    endloop
  endfacet
  facet normal -0.0490531 0.998796 0
    outer loop
      vertex -65.0735 -77.531 11
      vertex -65.3382 -77.544 21.65
      vertex -65.0735 -77.531 21.65
    endloop
  endfacet
  facet normal -0.0490531 0.998796 0
    outer loop
      vertex -65.3382 -77.544 21.65
      vertex -65.0735 -77.531 11
      vertex -65.3382 -77.544 11
    endloop
  endfacet
  facet normal -0.941511 0.336982 0
    outer loop
      vertex -62.8437 -75.8773 11
      vertex -62.7544 -75.6278 21.65
      vertex -62.7544 -75.6278 11
    endloop
  endfacet
  facet normal -0.941511 0.336982 0
    outer loop
      vertex -62.7544 -75.6278 21.65
      vertex -62.8437 -75.8773 11
      vertex -62.8437 -75.8773 21.65
    endloop
  endfacet
  facet normal -0.803249 0.595643 0
    outer loop
      vertex -63.251 -76.5569 11
      vertex -63.0932 -76.3441 21.65
      vertex -63.0932 -76.3441 11
    endloop
  endfacet
  facet normal -0.803249 0.595643 0
    outer loop
      vertex -63.0932 -76.3441 21.65
      vertex -63.251 -76.5569 11
      vertex -63.251 -76.5569 21.65
    endloop
  endfacet
  facet normal 0.740963 -0.671545 0
    outer loop
      vertex -67.4253 -73.1312 21.65
      vertex -67.2473 -72.9348 11
      vertex -67.2473 -72.9348 21.65
    endloop
  endfacet
  facet normal 0.740963 -0.671545 0
    outer loop
      vertex -67.2473 -72.9348 11
      vertex -67.4253 -73.1312 21.65
      vertex -67.4253 -73.1312 11
    endloop
  endfacet
  facet normal -0.98922 0.146439 0
    outer loop
      vertex -62.69 -75.3708 11
      vertex -62.6512 -75.1087 21.65
      vertex -62.6512 -75.1087 11
    endloop
  endfacet
  facet normal -0.98922 0.146439 0
    outer loop
      vertex -62.6512 -75.1087 21.65
      vertex -62.69 -75.3708 11
      vertex -62.69 -75.3708 21.65
    endloop
  endfacet
  facet normal 0.243068 -0.970009 0
    outer loop
      vertex -66.1219 -72.2603 11
      vertex -65.8649 -72.1959 21.65
      vertex -66.1219 -72.2603 21.65
    endloop
  endfacet
  facet normal 0.243068 -0.970009 0
    outer loop
      vertex -65.8649 -72.1959 21.65
      vertex -66.1219 -72.2603 11
      vertex -65.8649 -72.1959 11
    endloop
  endfacet
  facet normal -0.903953 -0.427632 0
    outer loop
      vertex -62.8437 -73.8108 11
      vertex -62.957 -73.5713 21.65
      vertex -62.957 -73.5713 11
    endloop
  endfacet
  facet normal -0.903953 -0.427632 0
    outer loop
      vertex -62.957 -73.5713 21.65
      vertex -62.8437 -73.8108 11
      vertex -62.8437 -73.8108 21.65
    endloop
  endfacet
  facet normal -0.595643 0.803249 0
    outer loop
      vertex -63.6253 -76.9312 11
      vertex -63.8381 -77.089 21.65
      vertex -63.6253 -76.9312 21.65
    endloop
  endfacet
  facet normal -0.595643 0.803249 0
    outer loop
      vertex -63.8381 -77.089 21.65
      vertex -63.6253 -76.9312 11
      vertex -63.8381 -77.089 11
    endloop
  endfacet
  facet normal -0.857792 -0.513996 0
    outer loop
      vertex -62.957 -73.5713 11
      vertex -63.0932 -73.344 21.65
      vertex -63.0932 -73.344 11
    endloop
  endfacet
  facet normal -0.857792 -0.513996 0
    outer loop
      vertex -63.0932 -73.344 21.65
      vertex -62.957 -73.5713 11
      vertex -62.957 -73.5713 21.65
    endloop
  endfacet
  facet normal -0.998796 0.0490531 0
    outer loop
      vertex -62.6512 -75.1087 11
      vertex -62.6382 -74.844 21.65
      vertex -62.6382 -74.844 11
    endloop
  endfacet
  facet normal -0.998796 0.0490531 0
    outer loop
      vertex -62.6382 -74.844 21.65
      vertex -62.6512 -75.1087 11
      vertex -62.6512 -75.1087 21.65
    endloop
  endfacet
  facet normal -0.336647 -0.941631 0
    outer loop
      vertex -64.5544 -72.2603 11
      vertex -64.3049 -72.3495 21.65
      vertex -64.5544 -72.2603 21.65
    endloop
  endfacet
  facet normal -0.336647 -0.941631 -0
    outer loop
      vertex -64.3049 -72.3495 21.65
      vertex -64.5544 -72.2603 11
      vertex -64.3049 -72.3495 11
    endloop
  endfacet
  facet normal 0.671526 -0.740981 0
    outer loop
      vertex -67.2473 -72.9348 11
      vertex -67.051 -72.7569 21.65
      vertex -67.2473 -72.9348 21.65
    endloop
  endfacet
  facet normal 0.671526 -0.740981 0
    outer loop
      vertex -67.051 -72.7569 21.65
      vertex -67.2473 -72.9348 11
      vertex -67.051 -72.7569 11
    endloop
  endfacet
  facet normal -0.243068 -0.970009 0
    outer loop
      vertex -64.8114 -72.1959 11
      vertex -64.5544 -72.2603 21.65
      vertex -64.8114 -72.1959 21.65
    endloop
  endfacet
  facet normal -0.243068 -0.970009 -0
    outer loop
      vertex -64.5544 -72.2603 21.65
      vertex -64.8114 -72.1959 11
      vertex -64.5544 -72.2603 11
    endloop
  endfacet
  facet normal 0.427632 0.903953 -0
    outer loop
      vertex -66.3714 -77.3385 11
      vertex -66.6109 -77.2252 21.65
      vertex -66.3714 -77.3385 21.65
    endloop
  endfacet
  facet normal 0.427632 0.903953 0
    outer loop
      vertex -66.6109 -77.2252 21.65
      vertex -66.3714 -77.3385 11
      vertex -66.6109 -77.2252 11
    endloop
  endfacet
  facet normal 0.146809 -0.989165 0
    outer loop
      vertex -65.8649 -72.1959 11
      vertex -65.6028 -72.157 21.65
      vertex -65.8649 -72.1959 21.65
    endloop
  endfacet
  facet normal 0.146809 -0.989165 0
    outer loop
      vertex -65.6028 -72.157 21.65
      vertex -65.8649 -72.1959 11
      vertex -65.6028 -72.157 11
    endloop
  endfacet
  facet normal 0.903953 0.427632 0
    outer loop
      vertex -67.7193 -76.1168 21.65
      vertex -67.8326 -75.8773 11
      vertex -67.8326 -75.8773 21.65
    endloop
  endfacet
  facet normal 0.903953 0.427632 0
    outer loop
      vertex -67.8326 -75.8773 11
      vertex -67.7193 -76.1168 21.65
      vertex -67.7193 -76.1168 11
    endloop
  endfacet
  facet normal 0.989165 0.146809 0
    outer loop
      vertex -67.9863 -75.3708 21.65
      vertex -68.0252 -75.1087 11
      vertex -68.0252 -75.1087 21.65
    endloop
  endfacet
  facet normal 0.989165 0.146809 0
    outer loop
      vertex -68.0252 -75.1087 11
      vertex -67.9863 -75.3708 21.65
      vertex -67.9863 -75.3708 11
    endloop
  endfacet
  facet normal -0.336982 0.941511 0
    outer loop
      vertex -64.3049 -77.3385 11
      vertex -64.5544 -77.4278 21.65
      vertex -64.3049 -77.3385 21.65
    endloop
  endfacet
  facet normal -0.336982 0.941511 0
    outer loop
      vertex -64.5544 -77.4278 21.65
      vertex -64.3049 -77.3385 11
      vertex -64.5544 -77.4278 11
    endloop
  endfacet
  facet normal -0.242713 0.970098 0
    outer loop
      vertex -64.5544 -77.4278 11
      vertex -64.8114 -77.4921 21.65
      vertex -64.5544 -77.4278 21.65
    endloop
  endfacet
  facet normal -0.242713 0.970098 0
    outer loop
      vertex -64.8114 -77.4921 21.65
      vertex -64.5544 -77.4278 11
      vertex -64.8114 -77.4921 11
    endloop
  endfacet
  facet normal -0.146809 -0.989165 0
    outer loop
      vertex -65.0735 -72.157 11
      vertex -64.8114 -72.1959 21.65
      vertex -65.0735 -72.157 21.65
    endloop
  endfacet
  facet normal -0.146809 -0.989165 -0
    outer loop
      vertex -64.8114 -72.1959 21.65
      vertex -65.0735 -72.157 11
      vertex -64.8114 -72.1959 11
    endloop
  endfacet
  facet normal 0.740793 0.671733 0
    outer loop
      vertex -67.2473 -76.7532 21.65
      vertex -67.4253 -76.5569 11
      vertex -67.4253 -76.5569 21.65
    endloop
  endfacet
  facet normal 0.740793 0.671733 0
    outer loop
      vertex -67.4253 -76.5569 11
      vertex -67.2473 -76.7532 21.65
      vertex -67.2473 -76.7532 11
    endloop
  endfacet
  facet normal 0.857792 -0.513996 0
    outer loop
      vertex -67.7193 -73.5713 21.65
      vertex -67.5831 -73.344 11
      vertex -67.5831 -73.344 21.65
    endloop
  endfacet
  facet normal 0.857792 -0.513996 0
    outer loop
      vertex -67.5831 -73.344 11
      vertex -67.7193 -73.5713 21.65
      vertex -67.7193 -73.5713 11
    endloop
  endfacet
  facet normal -0.740963 -0.671545 0
    outer loop
      vertex -63.251 -73.1312 11
      vertex -63.429 -72.9348 21.65
      vertex -63.429 -72.9348 11
    endloop
  endfacet
  facet normal -0.740963 -0.671545 0
    outer loop
      vertex -63.429 -72.9348 21.65
      vertex -63.251 -73.1312 11
      vertex -63.251 -73.1312 21.65
    endloop
  endfacet
  facet normal -0.903953 0.427632 0
    outer loop
      vertex -62.957 -76.1168 11
      vertex -62.8437 -75.8773 21.65
      vertex -62.8437 -75.8773 11
    endloop
  endfacet
  facet normal -0.903953 0.427632 0
    outer loop
      vertex -62.8437 -75.8773 21.65
      vertex -62.957 -76.1168 11
      vertex -62.957 -76.1168 21.65
    endloop
  endfacet
  facet normal -0.857792 0.513996 0
    outer loop
      vertex -63.0932 -76.3441 11
      vertex -62.957 -76.1168 21.65
      vertex -62.957 -76.1168 11
    endloop
  endfacet
  facet normal -0.857792 0.513996 0
    outer loop
      vertex -62.957 -76.1168 21.65
      vertex -63.0932 -76.3441 11
      vertex -63.0932 -76.3441 21.65
    endloop
  endfacet
  facet normal 0.941511 -0.336982 0
    outer loop
      vertex -67.9219 -74.0603 21.65
      vertex -67.8326 -73.8108 11
      vertex -67.8326 -73.8108 21.65
    endloop
  endfacet
  facet normal 0.941511 -0.336982 0
    outer loop
      vertex -67.8326 -73.8108 11
      vertex -67.9219 -74.0603 21.65
      vertex -67.9219 -74.0603 11
    endloop
  endfacet
  facet normal 0.903953 -0.427632 0
    outer loop
      vertex -67.8326 -73.8108 21.65
      vertex -67.7193 -73.5713 11
      vertex -67.7193 -73.5713 21.65
    endloop
  endfacet
  facet normal 0.903953 -0.427632 0
    outer loop
      vertex -67.7193 -73.5713 11
      vertex -67.8326 -73.8108 21.65
      vertex -67.8326 -73.8108 11
    endloop
  endfacet
  facet normal 0.998795 -0.0490716 0
    outer loop
      vertex -68.0382 -74.844 21.65
      vertex -68.0252 -74.5794 11
      vertex -68.0252 -74.5794 21.65
    endloop
  endfacet
  facet normal 0.998795 -0.0490716 0
    outer loop
      vertex -68.0252 -74.5794 11
      vertex -68.0382 -74.844 21.65
      vertex -68.0382 -74.844 11
    endloop
  endfacet
  facet normal 0.336982 0.941511 -0
    outer loop
      vertex -66.1219 -77.4278 11
      vertex -66.3714 -77.3385 21.65
      vertex -66.1219 -77.4278 21.65
    endloop
  endfacet
  facet normal 0.336982 0.941511 0
    outer loop
      vertex -66.3714 -77.3385 21.65
      vertex -66.1219 -77.4278 11
      vertex -66.3714 -77.3385 11
    endloop
  endfacet
  facet normal -0.671733 0.740793 0
    outer loop
      vertex -63.429 -76.7532 11
      vertex -63.6253 -76.9312 21.65
      vertex -63.429 -76.7532 21.65
    endloop
  endfacet
  facet normal -0.671733 0.740793 0
    outer loop
      vertex -63.6253 -76.9312 21.65
      vertex -63.429 -76.7532 11
      vertex -63.6253 -76.9312 11
    endloop
  endfacet
  facet normal 0.998796 0.0490623 0
    outer loop
      vertex -68.512 -8.61801 21.65
      vertex -68.525 -8.35336 11
      vertex -68.525 -8.35336 21.65
    endloop
  endfacet
  facet normal 0.998796 0.0490623 0
    outer loop
      vertex -68.525 -8.35336 11
      vertex -68.512 -8.61801 21.65
      vertex -68.512 -8.61801 11
    endloop
  endfacet
  facet normal -0.989165 -0.146809 0
    outer loop
      vertex -63.138 -8.08872 11
      vertex -63.1769 -7.82662 21.65
      vertex -63.1769 -7.82662 11
    endloop
  endfacet
  facet normal -0.989165 -0.146809 0
    outer loop
      vertex -63.1769 -7.82662 21.65
      vertex -63.138 -8.08872 11
      vertex -63.138 -8.08872 21.65
    endloop
  endfacet
  facet normal -0.998796 -0.0490642 0
    outer loop
      vertex -63.125 -8.35336 11
      vertex -63.138 -8.08872 21.65
      vertex -63.138 -8.08872 11
    endloop
  endfacet
  facet normal -0.998796 -0.0490642 0
    outer loop
      vertex -63.138 -8.08872 21.65
      vertex -63.125 -8.35336 11
      vertex -63.125 -8.35336 21.65
    endloop
  endfacet
  facet normal -0.970014 -0.243051 0
    outer loop
      vertex -63.1769 -7.82662 11
      vertex -63.2413 -7.5696 21.65
      vertex -63.2413 -7.5696 11
    endloop
  endfacet
  facet normal -0.970014 -0.243051 0
    outer loop
      vertex -63.2413 -7.5696 21.65
      vertex -63.1769 -7.82662 11
      vertex -63.1769 -7.82662 21.65
    endloop
  endfacet
  facet normal -0.427178 0.904168 0
    outer loop
      vertex -64.5522 -10.7346 11
      vertex -64.7918 -10.8478 21.65
      vertex -64.5522 -10.7346 21.65
    endloop
  endfacet
  facet normal -0.427178 0.904168 0
    outer loop
      vertex -64.7918 -10.8478 21.65
      vertex -64.5522 -10.7346 11
      vertex -64.7918 -10.8478 11
    endloop
  endfacet
  facet normal -0.242979 0.970031 0
    outer loop
      vertex -65.0412 -10.9371 11
      vertex -65.2983 -11.0015 21.65
      vertex -65.0412 -10.9371 21.65
    endloop
  endfacet
  facet normal -0.242979 0.970031 0
    outer loop
      vertex -65.2983 -11.0015 21.65
      vertex -65.0412 -10.9371 11
      vertex -65.2983 -11.0015 11
    endloop
  endfacet
  facet normal -0.51444 0.857526 0
    outer loop
      vertex -64.325 -10.5983 11
      vertex -64.5522 -10.7346 21.65
      vertex -64.325 -10.5983 21.65
    endloop
  endfacet
  facet normal -0.51444 0.857526 0
    outer loop
      vertex -64.5522 -10.7346 21.65
      vertex -64.325 -10.5983 11
      vertex -64.5522 -10.7346 11
    endloop
  endfacet
  facet normal -0.427455 -0.904036 0
    outer loop
      vertex -64.7918 -5.85889 11
      vertex -64.5522 -5.97218 21.65
      vertex -64.7918 -5.85889 21.65
    endloop
  endfacet
  facet normal -0.427455 -0.904036 -0
    outer loop
      vertex -64.5522 -5.97218 21.65
      vertex -64.7918 -5.85889 11
      vertex -64.5522 -5.97218 11
    endloop
  endfacet
  facet normal -0.0491092 -0.998793 0
    outer loop
      vertex -65.825 -5.65336 11
      vertex -65.5604 -5.66637 21.65
      vertex -65.825 -5.65336 21.65
    endloop
  endfacet
  facet normal -0.0491092 -0.998793 -0
    outer loop
      vertex -65.5604 -5.66637 21.65
      vertex -65.825 -5.65336 11
      vertex -65.5604 -5.66637 11
    endloop
  endfacet
  facet normal -0.146698 -0.989181 0
    outer loop
      vertex -65.5604 -5.66637 11
      vertex -65.2983 -5.70524 21.65
      vertex -65.5604 -5.66637 21.65
    endloop
  endfacet
  facet normal -0.146698 -0.989181 -0
    outer loop
      vertex -65.2983 -5.70524 21.65
      vertex -65.5604 -5.66637 11
      vertex -65.2983 -5.70524 11
    endloop
  endfacet
  facet normal -0.242908 -0.970049 0
    outer loop
      vertex -65.2983 -5.70524 11
      vertex -65.0412 -5.76962 21.65
      vertex -65.2983 -5.70524 21.65
    endloop
  endfacet
  facet normal -0.242908 -0.970049 -0
    outer loop
      vertex -65.0412 -5.76962 21.65
      vertex -65.2983 -5.70524 11
      vertex -65.0412 -5.76962 11
    endloop
  endfacet
  facet normal 0.0490716 0.998795 -0
    outer loop
      vertex -65.825 -11.0534 11
      vertex -66.0896 -11.0404 21.65
      vertex -65.825 -11.0534 21.65
    endloop
  endfacet
  facet normal 0.0490716 0.998795 0
    outer loop
      vertex -66.0896 -11.0404 21.65
      vertex -65.825 -11.0534 11
      vertex -66.0896 -11.0404 11
    endloop
  endfacet
  facet normal 0.989165 -0.146809 0
    outer loop
      vertex -68.512 -8.08872 21.65
      vertex -68.4731 -7.82662 11
      vertex -68.4731 -7.82662 21.65
    endloop
  endfacet
  facet normal 0.989165 -0.146809 0
    outer loop
      vertex -68.4731 -7.82662 11
      vertex -68.512 -8.08872 21.65
      vertex -68.512 -8.08872 11
    endloop
  endfacet
  facet normal -0.595462 0.803383 0
    outer loop
      vertex -64.1121 -10.4405 11
      vertex -64.325 -10.5983 21.65
      vertex -64.1121 -10.4405 21.65
    endloop
  endfacet
  facet normal -0.595462 0.803383 0
    outer loop
      vertex -64.325 -10.5983 21.65
      vertex -64.1121 -10.4405 11
      vertex -64.325 -10.5983 11
    endloop
  endfacet
  facet normal -0.903974 -0.427588 0
    outer loop
      vertex -63.3305 -7.32012 11
      vertex -63.4438 -7.08059 21.65
      vertex -63.4438 -7.08059 11
    endloop
  endfacet
  facet normal -0.903974 -0.427588 0
    outer loop
      vertex -63.4438 -7.08059 21.65
      vertex -63.3305 -7.32012 11
      vertex -63.3305 -7.32012 21.65
    endloop
  endfacet
  facet normal -0.59556 -0.803311 0
    outer loop
      vertex -64.325 -6.1084 11
      vertex -64.1121 -6.26624 21.65
      vertex -64.325 -6.1084 21.65
    endloop
  endfacet
  facet normal -0.59556 -0.803311 -0
    outer loop
      vertex -64.1121 -6.26624 21.65
      vertex -64.325 -6.1084 11
      vertex -64.1121 -6.26624 11
    endloop
  endfacet
  facet normal -0.803069 0.595886 0
    outer loop
      vertex -63.7379 -10.0662 11
      vertex -63.58 -9.8534 21.65
      vertex -63.58 -9.8534 11
    endloop
  endfacet
  facet normal -0.803069 0.595886 0
    outer loop
      vertex -63.58 -9.8534 21.65
      vertex -63.7379 -10.0662 11
      vertex -63.7379 -10.0662 21.65
    endloop
  endfacet
  facet normal 0.242908 -0.970049 0
    outer loop
      vertex -66.6088 -5.76962 11
      vertex -66.3517 -5.70524 21.65
      vertex -66.6088 -5.76962 21.65
    endloop
  endfacet
  facet normal 0.242908 -0.970049 0
    outer loop
      vertex -66.3517 -5.70524 21.65
      vertex -66.6088 -5.76962 11
      vertex -66.3517 -5.70524 11
    endloop
  endfacet
  facet normal -0.514218 -0.857659 0
    outer loop
      vertex -64.5522 -5.97218 11
      vertex -64.325 -6.1084 21.65
      vertex -64.5522 -5.97218 21.65
    endloop
  endfacet
  facet normal -0.514218 -0.857659 -0
    outer loop
      vertex -64.325 -6.1084 21.65
      vertex -64.5522 -5.97218 11
      vertex -64.325 -6.1084 11
    endloop
  endfacet
  facet normal 0.514218 -0.857659 0
    outer loop
      vertex -67.325 -6.1084 11
      vertex -67.0978 -5.97218 21.65
      vertex -67.325 -6.1084 21.65
    endloop
  endfacet
  facet normal 0.514218 -0.857659 0
    outer loop
      vertex -67.0978 -5.97218 21.65
      vertex -67.325 -6.1084 11
      vertex -67.0978 -5.97218 11
    endloop
  endfacet
  facet normal -0.803096 -0.59585 0
    outer loop
      vertex -63.58 -6.85332 11
      vertex -63.7379 -6.6405 21.65
      vertex -63.7379 -6.6405 11
    endloop
  endfacet
  facet normal -0.803096 -0.59585 0
    outer loop
      vertex -63.7379 -6.6405 21.65
      vertex -63.58 -6.85332 11
      vertex -63.58 -6.85332 21.65
    endloop
  endfacet
  facet normal 0.741151 0.671338 0
    outer loop
      vertex -67.7342 -10.2626 21.65
      vertex -67.9121 -10.0662 11
      vertex -67.9121 -10.0662 21.65
    endloop
  endfacet
  facet normal 0.741151 0.671338 0
    outer loop
      vertex -67.9121 -10.0662 11
      vertex -67.7342 -10.2626 21.65
      vertex -67.7342 -10.2626 11
    endloop
  endfacet
  facet normal -0.998796 0.0490623 0
    outer loop
      vertex -63.138 -8.61801 11
      vertex -63.125 -8.35336 21.65
      vertex -63.125 -8.35336 11
    endloop
  endfacet
  facet normal -0.998796 0.0490623 0
    outer loop
      vertex -63.125 -8.35336 21.65
      vertex -63.138 -8.61801 11
      vertex -63.138 -8.61801 21.65
    endloop
  endfacet
  facet normal 0.941622 0.336671 0
    outer loop
      vertex -68.3195 -9.38661 21.65
      vertex -68.4087 -9.13713 11
      vertex -68.4087 -9.13713 21.65
    endloop
  endfacet
  facet normal 0.941622 0.336671 0
    outer loop
      vertex -68.4087 -9.13713 11
      vertex -68.3195 -9.38661 21.65
      vertex -68.3195 -9.38661 11
    endloop
  endfacet
  facet normal -0.903967 0.427603 0
    outer loop
      vertex -63.4438 -9.62613 11
      vertex -63.3305 -9.38661 21.65
      vertex -63.3305 -9.38661 11
    endloop
  endfacet
  facet normal -0.903967 0.427603 0
    outer loop
      vertex -63.3305 -9.38661 21.65
      vertex -63.4438 -9.62613 11
      vertex -63.4438 -9.62613 21.65
    endloop
  endfacet
  facet normal 0.59556 -0.803311 0
    outer loop
      vertex -67.5379 -6.26624 11
      vertex -67.325 -6.1084 21.65
      vertex -67.5379 -6.26624 21.65
    endloop
  endfacet
  facet normal 0.59556 -0.803311 0
    outer loop
      vertex -67.325 -6.1084 21.65
      vertex -67.5379 -6.26624 11
      vertex -67.325 -6.1084 11
    endloop
  endfacet
  facet normal 0.970014 0.243051 0
    outer loop
      vertex -68.4087 -9.13713 21.65
      vertex -68.4731 -8.88011 11
      vertex -68.4731 -8.88011 21.65
    endloop
  endfacet
  facet normal 0.970014 0.243051 0
    outer loop
      vertex -68.4731 -8.88011 11
      vertex -68.4087 -9.13713 21.65
      vertex -68.4087 -9.13713 11
    endloop
  endfacet
  facet normal 0.146809 0.989165 -0
    outer loop
      vertex -66.0896 -11.0404 11
      vertex -66.3517 -11.0015 21.65
      vertex -66.0896 -11.0404 21.65
    endloop
  endfacet
  facet normal 0.146809 0.989165 0
    outer loop
      vertex -66.3517 -11.0015 21.65
      vertex -66.0896 -11.0404 11
      vertex -66.3517 -11.0015 11
    endloop
  endfacet
  facet normal -0.941622 -0.336671 0
    outer loop
      vertex -63.2413 -7.5696 11
      vertex -63.3305 -7.32012 21.65
      vertex -63.3305 -7.32012 11
    endloop
  endfacet
  facet normal -0.941622 -0.336671 0
    outer loop
      vertex -63.3305 -7.32012 21.65
      vertex -63.2413 -7.5696 11
      vertex -63.2413 -7.5696 21.65
    endloop
  endfacet
  facet normal -0.857763 -0.514046 0
    outer loop
      vertex -63.4438 -7.08059 11
      vertex -63.58 -6.85332 21.65
      vertex -63.58 -6.85332 11
    endloop
  endfacet
  facet normal -0.857763 -0.514046 0
    outer loop
      vertex -63.58 -6.85332 21.65
      vertex -63.4438 -7.08059 11
      vertex -63.4438 -7.08059 21.65
    endloop
  endfacet
  facet normal -0.741015 -0.671488 0
    outer loop
      vertex -63.7379 -6.6405 11
      vertex -63.9158 -6.44418 21.65
      vertex -63.9158 -6.44418 11
    endloop
  endfacet
  facet normal -0.741015 -0.671488 0
    outer loop
      vertex -63.9158 -6.44418 21.65
      vertex -63.7379 -6.6405 11
      vertex -63.7379 -6.6405 21.65
    endloop
  endfacet
  facet normal 0.0491092 -0.998793 0
    outer loop
      vertex -66.0896 -5.66637 11
      vertex -65.825 -5.65336 21.65
      vertex -66.0896 -5.66637 21.65
    endloop
  endfacet
  facet normal 0.0491092 -0.998793 0
    outer loop
      vertex -65.825 -5.65336 21.65
      vertex -66.0896 -5.66637 11
      vertex -65.825 -5.65336 11
    endloop
  endfacet
  facet normal 0.741015 -0.671488 0
    outer loop
      vertex -67.9121 -6.6405 21.65
      vertex -67.7342 -6.44418 11
      vertex -67.7342 -6.44418 21.65
    endloop
  endfacet
  facet normal 0.741015 -0.671488 0
    outer loop
      vertex -67.7342 -6.44418 11
      vertex -67.9121 -6.6405 21.65
      vertex -67.9121 -6.6405 11
    endloop
  endfacet
  facet normal -0.970014 0.243051 0
    outer loop
      vertex -63.2413 -9.13713 11
      vertex -63.1769 -8.88011 21.65
      vertex -63.1769 -8.88011 11
    endloop
  endfacet
  facet normal -0.970014 0.243051 0
    outer loop
      vertex -63.1769 -8.88011 21.65
      vertex -63.2413 -9.13713 11
      vertex -63.2413 -9.13713 21.65
    endloop
  endfacet
  facet normal -0.989165 0.146809 0
    outer loop
      vertex -63.1769 -8.88011 11
      vertex -63.138 -8.61801 21.65
      vertex -63.138 -8.61801 11
    endloop
  endfacet
  facet normal -0.989165 0.146809 0
    outer loop
      vertex -63.138 -8.61801 21.65
      vertex -63.1769 -8.88011 11
      vertex -63.1769 -8.88011 21.65
    endloop
  endfacet
  facet normal -0.337102 0.941468 0
    outer loop
      vertex -64.7918 -10.8478 11
      vertex -65.0412 -10.9371 21.65
      vertex -64.7918 -10.8478 21.65
    endloop
  endfacet
  facet normal -0.337102 0.941468 0
    outer loop
      vertex -65.0412 -10.9371 21.65
      vertex -64.7918 -10.8478 11
      vertex -65.0412 -10.9371 11
    endloop
  endfacet
  facet normal 0.671526 0.740981 -0
    outer loop
      vertex -67.5379 -10.4405 11
      vertex -67.7342 -10.2626 21.65
      vertex -67.5379 -10.4405 21.65
    endloop
  endfacet
  facet normal 0.671526 0.740981 0
    outer loop
      vertex -67.7342 -10.2626 21.65
      vertex -67.5379 -10.4405 11
      vertex -67.7342 -10.2626 11
    endloop
  endfacet
  facet normal 0.903974 -0.427588 0
    outer loop
      vertex -68.3195 -7.32012 21.65
      vertex -68.2062 -7.08059 11
      vertex -68.2062 -7.08059 21.65
    endloop
  endfacet
  facet normal 0.903974 -0.427588 0
    outer loop
      vertex -68.2062 -7.08059 11
      vertex -68.3195 -7.32012 21.65
      vertex -68.3195 -7.32012 11
    endloop
  endfacet
  facet normal 0.146698 -0.989181 0
    outer loop
      vertex -66.3517 -5.70524 11
      vertex -66.0896 -5.66637 21.65
      vertex -66.3517 -5.70524 21.65
    endloop
  endfacet
  facet normal 0.146698 -0.989181 0
    outer loop
      vertex -66.0896 -5.66637 21.65
      vertex -66.3517 -5.70524 11
      vertex -66.0896 -5.66637 11
    endloop
  endfacet
  facet normal -0.0490716 0.998795 0
    outer loop
      vertex -65.5604 -11.0404 11
      vertex -65.825 -11.0534 21.65
      vertex -65.5604 -11.0404 21.65
    endloop
  endfacet
  facet normal -0.0490716 0.998795 0
    outer loop
      vertex -65.825 -11.0534 21.65
      vertex -65.5604 -11.0404 11
      vertex -65.825 -11.0534 11
    endloop
  endfacet
  facet normal -0.857763 0.514046 0
    outer loop
      vertex -63.58 -9.8534 11
      vertex -63.4438 -9.62613 21.65
      vertex -63.4438 -9.62613 11
    endloop
  endfacet
  facet normal -0.857763 0.514046 0
    outer loop
      vertex -63.4438 -9.62613 21.65
      vertex -63.58 -9.8534 11
      vertex -63.58 -9.8534 21.65
    endloop
  endfacet
  facet normal 0.857763 -0.514046 0
    outer loop
      vertex -68.2062 -7.08059 21.65
      vertex -68.07 -6.85332 11
      vertex -68.07 -6.85332 21.65
    endloop
  endfacet
  facet normal 0.857763 -0.514046 0
    outer loop
      vertex -68.07 -6.85332 11
      vertex -68.2062 -7.08059 21.65
      vertex -68.2062 -7.08059 11
    endloop
  endfacet
  facet normal -0.146809 0.989165 0
    outer loop
      vertex -65.2983 -11.0015 11
      vertex -65.5604 -11.0404 21.65
      vertex -65.2983 -11.0015 21.65
    endloop
  endfacet
  facet normal -0.146809 0.989165 0
    outer loop
      vertex -65.5604 -11.0404 21.65
      vertex -65.2983 -11.0015 11
      vertex -65.5604 -11.0404 11
    endloop
  endfacet
  facet normal 0.427455 -0.904036 0
    outer loop
      vertex -67.0978 -5.97218 11
      vertex -66.8582 -5.85889 21.65
      vertex -67.0978 -5.97218 21.65
    endloop
  endfacet
  facet normal 0.427455 -0.904036 0
    outer loop
      vertex -66.8582 -5.85889 21.65
      vertex -67.0978 -5.97218 11
      vertex -66.8582 -5.85889 11
    endloop
  endfacet
  facet normal 0.671609 -0.740906 0
    outer loop
      vertex -67.7342 -6.44418 11
      vertex -67.5379 -6.26624 21.65
      vertex -67.7342 -6.44418 21.65
    endloop
  endfacet
  facet normal 0.671609 -0.740906 0
    outer loop
      vertex -67.5379 -6.26624 21.65
      vertex -67.7342 -6.44418 11
      vertex -67.5379 -6.26624 11
    endloop
  endfacet
  facet normal -0.671609 -0.740906 0
    outer loop
      vertex -64.1121 -6.26624 11
      vertex -63.9158 -6.44418 21.65
      vertex -64.1121 -6.26624 21.65
    endloop
  endfacet
  facet normal -0.671609 -0.740906 -0
    outer loop
      vertex -63.9158 -6.44418 21.65
      vertex -64.1121 -6.26624 11
      vertex -63.9158 -6.44418 11
    endloop
  endfacet
  facet normal 0.970014 -0.243051 0
    outer loop
      vertex -68.4731 -7.82662 21.65
      vertex -68.4087 -7.5696 11
      vertex -68.4087 -7.5696 21.65
    endloop
  endfacet
  facet normal 0.970014 -0.243051 0
    outer loop
      vertex -68.4087 -7.5696 11
      vertex -68.4731 -7.82662 21.65
      vertex -68.4731 -7.82662 11
    endloop
  endfacet
  facet normal -0.337001 -0.941504 0
    outer loop
      vertex -65.0412 -5.76962 11
      vertex -64.7918 -5.85889 21.65
      vertex -65.0412 -5.76962 21.65
    endloop
  endfacet
  facet normal -0.337001 -0.941504 -0
    outer loop
      vertex -64.7918 -5.85889 21.65
      vertex -65.0412 -5.76962 11
      vertex -64.7918 -5.85889 11
    endloop
  endfacet
  facet normal 0.337001 -0.941504 0
    outer loop
      vertex -66.8582 -5.85889 11
      vertex -66.6088 -5.76962 21.65
      vertex -66.8582 -5.85889 21.65
    endloop
  endfacet
  facet normal 0.337001 -0.941504 0
    outer loop
      vertex -66.6088 -5.76962 21.65
      vertex -66.8582 -5.85889 11
      vertex -66.6088 -5.76962 11
    endloop
  endfacet
  facet normal 0.857763 0.514046 0
    outer loop
      vertex -68.07 -9.8534 21.65
      vertex -68.2062 -9.62613 11
      vertex -68.2062 -9.62613 21.65
    endloop
  endfacet
  facet normal 0.857763 0.514046 0
    outer loop
      vertex -68.2062 -9.62613 11
      vertex -68.07 -9.8534 21.65
      vertex -68.07 -9.8534 11
    endloop
  endfacet
  facet normal 0.51444 0.857526 -0
    outer loop
      vertex -67.0978 -10.7346 11
      vertex -67.325 -10.5983 21.65
      vertex -67.0978 -10.7346 21.65
    endloop
  endfacet
  facet normal 0.51444 0.857526 0
    outer loop
      vertex -67.325 -10.5983 21.65
      vertex -67.0978 -10.7346 11
      vertex -67.325 -10.5983 11
    endloop
  endfacet
  facet normal 0.427178 0.904168 -0
    outer loop
      vertex -66.8582 -10.8478 11
      vertex -67.0978 -10.7346 21.65
      vertex -66.8582 -10.8478 21.65
    endloop
  endfacet
  facet normal 0.427178 0.904168 0
    outer loop
      vertex -67.0978 -10.7346 21.65
      vertex -66.8582 -10.8478 11
      vertex -67.0978 -10.7346 11
    endloop
  endfacet
  facet normal 0.803069 0.595886 0
    outer loop
      vertex -67.9121 -10.0662 21.65
      vertex -68.07 -9.8534 11
      vertex -68.07 -9.8534 21.65
    endloop
  endfacet
  facet normal 0.803069 0.595886 0
    outer loop
      vertex -68.07 -9.8534 11
      vertex -67.9121 -10.0662 21.65
      vertex -67.9121 -10.0662 11
    endloop
  endfacet
  facet normal 0.242979 0.970031 -0
    outer loop
      vertex -66.3517 -11.0015 11
      vertex -66.6088 -10.9371 21.65
      vertex -66.3517 -11.0015 21.65
    endloop
  endfacet
  facet normal 0.242979 0.970031 0
    outer loop
      vertex -66.6088 -10.9371 21.65
      vertex -66.3517 -11.0015 11
      vertex -66.6088 -10.9371 11
    endloop
  endfacet
  facet normal 0.989165 0.146809 0
    outer loop
      vertex -68.4731 -8.88011 21.65
      vertex -68.512 -8.61801 11
      vertex -68.512 -8.61801 21.65
    endloop
  endfacet
  facet normal 0.989165 0.146809 0
    outer loop
      vertex -68.512 -8.61801 11
      vertex -68.4731 -8.88011 21.65
      vertex -68.4731 -8.88011 11
    endloop
  endfacet
  facet normal 0.595462 0.803383 -0
    outer loop
      vertex -67.325 -10.5983 11
      vertex -67.5379 -10.4405 21.65
      vertex -67.325 -10.5983 21.65
    endloop
  endfacet
  facet normal 0.595462 0.803383 0
    outer loop
      vertex -67.5379 -10.4405 21.65
      vertex -67.325 -10.5983 11
      vertex -67.5379 -10.4405 11
    endloop
  endfacet
  facet normal 0.903967 0.427603 0
    outer loop
      vertex -68.2062 -9.62613 21.65
      vertex -68.3195 -9.38661 11
      vertex -68.3195 -9.38661 21.65
    endloop
  endfacet
  facet normal 0.903967 0.427603 0
    outer loop
      vertex -68.3195 -9.38661 11
      vertex -68.2062 -9.62613 21.65
      vertex -68.2062 -9.62613 11
    endloop
  endfacet
  facet normal 0.941622 -0.336671 0
    outer loop
      vertex -68.4087 -7.5696 21.65
      vertex -68.3195 -7.32012 11
      vertex -68.3195 -7.32012 21.65
    endloop
  endfacet
  facet normal 0.941622 -0.336671 0
    outer loop
      vertex -68.3195 -7.32012 11
      vertex -68.4087 -7.5696 21.65
      vertex -68.4087 -7.5696 11
    endloop
  endfacet
  facet normal -0.941622 0.336671 0
    outer loop
      vertex -63.3305 -9.38661 11
      vertex -63.2413 -9.13713 21.65
      vertex -63.2413 -9.13713 11
    endloop
  endfacet
  facet normal -0.941622 0.336671 0
    outer loop
      vertex -63.2413 -9.13713 21.65
      vertex -63.3305 -9.38661 11
      vertex -63.3305 -9.38661 21.65
    endloop
  endfacet
  facet normal 0.803096 -0.59585 0
    outer loop
      vertex -68.07 -6.85332 21.65
      vertex -67.9121 -6.6405 11
      vertex -67.9121 -6.6405 21.65
    endloop
  endfacet
  facet normal 0.803096 -0.59585 0
    outer loop
      vertex -67.9121 -6.6405 11
      vertex -68.07 -6.85332 21.65
      vertex -68.07 -6.85332 11
    endloop
  endfacet
  facet normal 0.998796 -0.0490642 0
    outer loop
      vertex -68.525 -8.35336 21.65
      vertex -68.512 -8.08872 11
      vertex -68.512 -8.08872 21.65
    endloop
  endfacet
  facet normal 0.998796 -0.0490642 0
    outer loop
      vertex -68.512 -8.08872 11
      vertex -68.525 -8.35336 21.65
      vertex -68.525 -8.35336 11
    endloop
  endfacet
  facet normal 0.337102 0.941468 -0
    outer loop
      vertex -66.6088 -10.9371 11
      vertex -66.8582 -10.8478 21.65
      vertex -66.6088 -10.9371 21.65
    endloop
  endfacet
  facet normal 0.337102 0.941468 0
    outer loop
      vertex -66.8582 -10.8478 21.65
      vertex -66.6088 -10.9371 11
      vertex -66.8582 -10.8478 11
    endloop
  endfacet
  facet normal -0.741151 0.671338 0
    outer loop
      vertex -63.9158 -10.2626 11
      vertex -63.7379 -10.0662 21.65
      vertex -63.7379 -10.0662 11
    endloop
  endfacet
  facet normal -0.741151 0.671338 0
    outer loop
      vertex -63.7379 -10.0662 21.65
      vertex -63.9158 -10.2626 11
      vertex -63.9158 -10.2626 21.65
    endloop
  endfacet
  facet normal -0.671526 0.740981 0
    outer loop
      vertex -63.9158 -10.2626 11
      vertex -64.1121 -10.4405 21.65
      vertex -63.9158 -10.2626 21.65
    endloop
  endfacet
  facet normal -0.671526 0.740981 0
    outer loop
      vertex -64.1121 -10.4405 21.65
      vertex -63.9158 -10.2626 11
      vertex -64.1121 -10.4405 11
    endloop
  endfacet
  facet normal 0.998795 0.0490716 0
    outer loop
      vertex -68.512 57.9242 21.65
      vertex -68.525 58.1888 11
      vertex -68.525 58.1888 21.65
    endloop
  endfacet
  facet normal 0.998795 0.0490716 0
    outer loop
      vertex -68.525 58.1888 11
      vertex -68.512 57.9242 21.65
      vertex -68.512 57.9242 11
    endloop
  endfacet
  facet normal -0.989165 -0.146809 0
    outer loop
      vertex -63.138 58.4535 11
      vertex -63.1769 58.7156 21.65
      vertex -63.1769 58.7156 11
    endloop
  endfacet
  facet normal -0.989165 -0.146809 0
    outer loop
      vertex -63.1769 58.7156 21.65
      vertex -63.138 58.4535 11
      vertex -63.138 58.4535 21.65
    endloop
  endfacet
  facet normal -0.998796 -0.0490531 0
    outer loop
      vertex -63.125 58.1888 11
      vertex -63.138 58.4535 21.65
      vertex -63.138 58.4535 11
    endloop
  endfacet
  facet normal -0.998796 -0.0490531 0
    outer loop
      vertex -63.138 58.4535 21.65
      vertex -63.125 58.1888 11
      vertex -63.125 58.1888 21.65
    endloop
  endfacet
  facet normal -0.970009 -0.243068 0
    outer loop
      vertex -63.1769 58.7156 11
      vertex -63.2413 58.9726 21.65
      vertex -63.2413 58.9726 11
    endloop
  endfacet
  facet normal -0.970009 -0.243068 0
    outer loop
      vertex -63.2413 58.9726 21.65
      vertex -63.1769 58.7156 11
      vertex -63.1769 58.7156 21.65
    endloop
  endfacet
  facet normal -0.427178 0.904168 0
    outer loop
      vertex -64.5522 55.8076 11
      vertex -64.7918 55.6944 21.65
      vertex -64.5522 55.8076 21.65
    endloop
  endfacet
  facet normal -0.427178 0.904168 0
    outer loop
      vertex -64.7918 55.6944 21.65
      vertex -64.5522 55.8076 11
      vertex -64.7918 55.6944 11
    endloop
  endfacet
  facet normal -0.242979 0.970031 0
    outer loop
      vertex -65.0412 55.6051 11
      vertex -65.2983 55.5407 21.65
      vertex -65.0412 55.6051 21.65
    endloop
  endfacet
  facet normal -0.242979 0.970031 0
    outer loop
      vertex -65.2983 55.5407 21.65
      vertex -65.0412 55.6051 11
      vertex -65.2983 55.5407 11
    endloop
  endfacet
  facet normal -0.51444 0.857526 0
    outer loop
      vertex -64.325 55.9439 11
      vertex -64.5522 55.8076 21.65
      vertex -64.325 55.9439 21.65
    endloop
  endfacet
  facet normal -0.51444 0.857526 0
    outer loop
      vertex -64.5522 55.8076 21.65
      vertex -64.325 55.9439 11
      vertex -64.5522 55.8076 11
    endloop
  endfacet
  facet normal -0.427486 -0.904022 0
    outer loop
      vertex -64.7918 60.6833 11
      vertex -64.5522 60.57 21.65
      vertex -64.7918 60.6833 21.65
    endloop
  endfacet
  facet normal -0.427486 -0.904022 -0
    outer loop
      vertex -64.5522 60.57 21.65
      vertex -64.7918 60.6833 11
      vertex -64.5522 60.57 11
    endloop
  endfacet
  facet normal -0.0490716 -0.998795 0
    outer loop
      vertex -65.825 60.8888 11
      vertex -65.5604 60.8758 21.65
      vertex -65.825 60.8888 21.65
    endloop
  endfacet
  facet normal -0.0490716 -0.998795 -0
    outer loop
      vertex -65.5604 60.8758 21.65
      vertex -65.825 60.8888 11
      vertex -65.5604 60.8758 11
    endloop
  endfacet
  facet normal -0.146809 -0.989165 0
    outer loop
      vertex -65.5604 60.8758 11
      vertex -65.2983 60.8369 21.65
      vertex -65.5604 60.8758 21.65
    endloop
  endfacet
  facet normal -0.146809 -0.989165 -0
    outer loop
      vertex -65.2983 60.8369 21.65
      vertex -65.5604 60.8758 11
      vertex -65.2983 60.8369 11
    endloop
  endfacet
  facet normal 0.0490716 0.998795 -0
    outer loop
      vertex -65.825 55.4888 11
      vertex -66.0896 55.5018 21.65
      vertex -65.825 55.4888 21.65
    endloop
  endfacet
  facet normal 0.0490716 0.998795 0
    outer loop
      vertex -66.0896 55.5018 21.65
      vertex -65.825 55.4888 11
      vertex -66.0896 55.5018 11
    endloop
  endfacet
  facet normal 0.989165 -0.146809 0
    outer loop
      vertex -68.512 58.4535 21.65
      vertex -68.4731 58.7156 11
      vertex -68.4731 58.7156 21.65
    endloop
  endfacet
  facet normal 0.989165 -0.146809 0
    outer loop
      vertex -68.4731 58.7156 11
      vertex -68.512 58.4535 21.65
      vertex -68.512 58.4535 11
    endloop
  endfacet
  facet normal -0.595462 0.803383 0
    outer loop
      vertex -64.1121 56.1017 11
      vertex -64.325 55.9439 21.65
      vertex -64.1121 56.1017 21.65
    endloop
  endfacet
  facet normal -0.595462 0.803383 0
    outer loop
      vertex -64.325 55.9439 21.65
      vertex -64.1121 56.1017 11
      vertex -64.325 55.9439 11
    endloop
  endfacet
  facet normal -0.903953 -0.427632 0
    outer loop
      vertex -63.3305 59.2221 11
      vertex -63.4438 59.4616 21.65
      vertex -63.4438 59.4616 11
    endloop
  endfacet
  facet normal -0.903953 -0.427632 0
    outer loop
      vertex -63.4438 59.4616 21.65
      vertex -63.3305 59.2221 11
      vertex -63.3305 59.2221 21.65
    endloop
  endfacet
  facet normal -0.803069 0.595886 0
    outer loop
      vertex -63.7379 56.476 11
      vertex -63.58 56.6888 21.65
      vertex -63.58 56.6888 11
    endloop
  endfacet
  facet normal -0.803069 0.595886 0
    outer loop
      vertex -63.58 56.6888 21.65
      vertex -63.7379 56.476 11
      vertex -63.7379 56.476 21.65
    endloop
  endfacet
  facet normal 0.242624 -0.97012 0
    outer loop
      vertex -66.6088 60.7726 11
      vertex -66.3517 60.8369 21.65
      vertex -66.6088 60.7726 21.65
    endloop
  endfacet
  facet normal 0.242624 -0.97012 0
    outer loop
      vertex -66.3517 60.8369 21.65
      vertex -66.6088 60.7726 11
      vertex -66.3517 60.8369 11
    endloop
  endfacet
  facet normal -0.514163 -0.857693 0
    outer loop
      vertex -64.5522 60.57 11
      vertex -64.325 60.4338 21.65
      vertex -64.5522 60.57 21.65
    endloop
  endfacet
  facet normal -0.514163 -0.857693 -0
    outer loop
      vertex -64.325 60.4338 21.65
      vertex -64.5522 60.57 11
      vertex -64.325 60.4338 11
    endloop
  endfacet
  facet normal 0.514163 -0.857693 0
    outer loop
      vertex -67.325 60.4338 11
      vertex -67.0978 60.57 21.65
      vertex -67.325 60.4338 21.65
    endloop
  endfacet
  facet normal 0.514163 -0.857693 0
    outer loop
      vertex -67.0978 60.57 21.65
      vertex -67.325 60.4338 11
      vertex -67.0978 60.57 11
    endloop
  endfacet
  facet normal -0.803069 -0.595886 0
    outer loop
      vertex -63.58 59.6889 11
      vertex -63.7379 59.9017 21.65
      vertex -63.7379 59.9017 11
    endloop
  endfacet
  facet normal -0.803069 -0.595886 0
    outer loop
      vertex -63.7379 59.9017 21.65
      vertex -63.58 59.6889 11
      vertex -63.58 59.6889 21.65
    endloop
  endfacet
  facet normal 0.741151 0.671338 0
    outer loop
      vertex -67.7342 56.2796 21.65
      vertex -67.9121 56.476 11
      vertex -67.9121 56.476 21.65
    endloop
  endfacet
  facet normal 0.741151 0.671338 0
    outer loop
      vertex -67.9121 56.476 11
      vertex -67.7342 56.2796 21.65
      vertex -67.7342 56.2796 11
    endloop
  endfacet
  facet normal -0.998795 0.0490716 0
    outer loop
      vertex -63.138 57.9242 11
      vertex -63.125 58.1888 21.65
      vertex -63.125 58.1888 11
    endloop
  endfacet
  facet normal -0.998795 0.0490716 0
    outer loop
      vertex -63.125 58.1888 21.65
      vertex -63.138 57.9242 11
      vertex -63.138 57.9242 21.65
    endloop
  endfacet
  facet normal 0.941631 0.336647 0
    outer loop
      vertex -68.3195 57.1556 21.65
      vertex -68.4087 57.4051 11
      vertex -68.4087 57.4051 21.65
    endloop
  endfacet
  facet normal 0.941631 0.336647 0
    outer loop
      vertex -68.4087 57.4051 11
      vertex -68.3195 57.1556 21.65
      vertex -68.3195 57.1556 11
    endloop
  endfacet
  facet normal -0.903953 0.427632 0
    outer loop
      vertex -63.4438 56.9161 11
      vertex -63.3305 57.1556 21.65
      vertex -63.3305 57.1556 11
    endloop
  endfacet
  facet normal -0.903953 0.427632 0
    outer loop
      vertex -63.3305 57.1556 21.65
      vertex -63.4438 56.9161 11
      vertex -63.4438 56.9161 21.65
    endloop
  endfacet
  facet normal 0.595462 -0.803383 0
    outer loop
      vertex -67.5379 60.276 11
      vertex -67.325 60.4338 21.65
      vertex -67.5379 60.276 21.65
    endloop
  endfacet
  facet normal 0.595462 -0.803383 0
    outer loop
      vertex -67.325 60.4338 21.65
      vertex -67.5379 60.276 11
      vertex -67.325 60.4338 11
    endloop
  endfacet
  facet normal 0.970009 0.243068 0
    outer loop
      vertex -68.4087 57.4051 21.65
      vertex -68.4731 57.6621 11
      vertex -68.4731 57.6621 21.65
    endloop
  endfacet
  facet normal 0.970009 0.243068 0
    outer loop
      vertex -68.4731 57.6621 11
      vertex -68.4087 57.4051 21.65
      vertex -68.4087 57.4051 11
    endloop
  endfacet
  facet normal 0.146809 0.989165 -0
    outer loop
      vertex -66.0896 55.5018 11
      vertex -66.3517 55.5407 21.65
      vertex -66.0896 55.5018 21.65
    endloop
  endfacet
  facet normal 0.146809 0.989165 0
    outer loop
      vertex -66.3517 55.5407 21.65
      vertex -66.0896 55.5018 11
      vertex -66.3517 55.5407 11
    endloop
  endfacet
  facet normal -0.941631 -0.336647 0
    outer loop
      vertex -63.2413 58.9726 11
      vertex -63.3305 59.2221 21.65
      vertex -63.3305 59.2221 11
    endloop
  endfacet
  facet normal -0.941631 -0.336647 0
    outer loop
      vertex -63.3305 59.2221 21.65
      vertex -63.2413 58.9726 11
      vertex -63.2413 58.9726 21.65
    endloop
  endfacet
  facet normal -0.857792 -0.513996 0
    outer loop
      vertex -63.4438 59.4616 11
      vertex -63.58 59.6889 21.65
      vertex -63.58 59.6889 11
    endloop
  endfacet
  facet normal -0.857792 -0.513996 0
    outer loop
      vertex -63.58 59.6889 21.65
      vertex -63.4438 59.4616 11
      vertex -63.4438 59.4616 21.65
    endloop
  endfacet
  facet normal -0.740981 -0.671526 0
    outer loop
      vertex -63.7379 59.9017 11
      vertex -63.9158 60.098 21.65
      vertex -63.9158 60.098 11
    endloop
  endfacet
  facet normal -0.740981 -0.671526 0
    outer loop
      vertex -63.9158 60.098 21.65
      vertex -63.7379 59.9017 11
      vertex -63.7379 59.9017 21.65
    endloop
  endfacet
  facet normal 0.0490716 -0.998795 0
    outer loop
      vertex -66.0896 60.8758 11
      vertex -65.825 60.8888 21.65
      vertex -66.0896 60.8758 21.65
    endloop
  endfacet
  facet normal 0.0490716 -0.998795 0
    outer loop
      vertex -65.825 60.8888 21.65
      vertex -66.0896 60.8758 11
      vertex -65.825 60.8888 11
    endloop
  endfacet
  facet normal 0.740981 -0.671526 0
    outer loop
      vertex -67.9121 59.9017 21.65
      vertex -67.7342 60.098 11
      vertex -67.7342 60.098 21.65
    endloop
  endfacet
  facet normal 0.740981 -0.671526 0
    outer loop
      vertex -67.7342 60.098 11
      vertex -67.9121 59.9017 21.65
      vertex -67.9121 59.9017 11
    endloop
  endfacet
  facet normal -0.970009 0.243068 0
    outer loop
      vertex -63.2413 57.4051 11
      vertex -63.1769 57.6621 21.65
      vertex -63.1769 57.6621 11
    endloop
  endfacet
  facet normal -0.970009 0.243068 0
    outer loop
      vertex -63.1769 57.6621 21.65
      vertex -63.2413 57.4051 11
      vertex -63.2413 57.4051 21.65
    endloop
  endfacet
  facet normal -0.989165 0.146809 0
    outer loop
      vertex -63.1769 57.6621 11
      vertex -63.138 57.9242 21.65
      vertex -63.138 57.9242 11
    endloop
  endfacet
  facet normal -0.989165 0.146809 0
    outer loop
      vertex -63.138 57.9242 21.65
      vertex -63.1769 57.6621 11
      vertex -63.1769 57.6621 21.65
    endloop
  endfacet
  facet normal -0.337102 0.941468 0
    outer loop
      vertex -64.7918 55.6944 11
      vertex -65.0412 55.6051 21.65
      vertex -64.7918 55.6944 21.65
    endloop
  endfacet
  facet normal -0.337102 0.941468 0
    outer loop
      vertex -65.0412 55.6051 21.65
      vertex -64.7918 55.6944 11
      vertex -65.0412 55.6051 11
    endloop
  endfacet
  facet normal 0.671526 0.740981 -0
    outer loop
      vertex -67.5379 56.1017 11
      vertex -67.7342 56.2796 21.65
      vertex -67.5379 56.1017 21.65
    endloop
  endfacet
  facet normal 0.671526 0.740981 0
    outer loop
      vertex -67.7342 56.2796 21.65
      vertex -67.5379 56.1017 11
      vertex -67.7342 56.2796 11
    endloop
  endfacet
  facet normal 0.903953 -0.427632 0
    outer loop
      vertex -68.3195 59.2221 21.65
      vertex -68.2062 59.4616 11
      vertex -68.2062 59.4616 21.65
    endloop
  endfacet
  facet normal 0.903953 -0.427632 0
    outer loop
      vertex -68.2062 59.4616 11
      vertex -68.3195 59.2221 21.65
      vertex -68.3195 59.2221 11
    endloop
  endfacet
  facet normal 0.146809 -0.989165 0
    outer loop
      vertex -66.3517 60.8369 11
      vertex -66.0896 60.8758 21.65
      vertex -66.3517 60.8369 21.65
    endloop
  endfacet
  facet normal 0.146809 -0.989165 0
    outer loop
      vertex -66.0896 60.8758 21.65
      vertex -66.3517 60.8369 11
      vertex -66.0896 60.8758 11
    endloop
  endfacet
  facet normal -0.0490716 0.998795 0
    outer loop
      vertex -65.5604 55.5018 11
      vertex -65.825 55.4888 21.65
      vertex -65.5604 55.5018 21.65
    endloop
  endfacet
  facet normal -0.0490716 0.998795 0
    outer loop
      vertex -65.825 55.4888 21.65
      vertex -65.5604 55.5018 11
      vertex -65.825 55.4888 11
    endloop
  endfacet
  facet normal -0.857792 0.513996 0
    outer loop
      vertex -63.58 56.6888 11
      vertex -63.4438 56.9161 21.65
      vertex -63.4438 56.9161 11
    endloop
  endfacet
  facet normal -0.857792 0.513996 0
    outer loop
      vertex -63.4438 56.9161 21.65
      vertex -63.58 56.6888 11
      vertex -63.58 56.6888 21.65
    endloop
  endfacet
  facet normal 0.857792 -0.513996 0
    outer loop
      vertex -68.2062 59.4616 21.65
      vertex -68.07 59.6889 11
      vertex -68.07 59.6889 21.65
    endloop
  endfacet
  facet normal 0.857792 -0.513996 0
    outer loop
      vertex -68.07 59.6889 11
      vertex -68.2062 59.4616 21.65
      vertex -68.2062 59.4616 11
    endloop
  endfacet
  facet normal -0.146809 0.989165 0
    outer loop
      vertex -65.2983 55.5407 11
      vertex -65.5604 55.5018 21.65
      vertex -65.2983 55.5407 21.65
    endloop
  endfacet
  facet normal -0.146809 0.989165 0
    outer loop
      vertex -65.5604 55.5018 21.65
      vertex -65.2983 55.5407 11
      vertex -65.5604 55.5018 11
    endloop
  endfacet
  facet normal -0.595462 -0.803383 0
    outer loop
      vertex -64.325 60.4338 11
      vertex -64.1121 60.276 21.65
      vertex -64.325 60.4338 21.65
    endloop
  endfacet
  facet normal -0.595462 -0.803383 -0
    outer loop
      vertex -64.1121 60.276 21.65
      vertex -64.325 60.4338 11
      vertex -64.1121 60.276 11
    endloop
  endfacet
  facet normal 0.427486 -0.904022 0
    outer loop
      vertex -67.0978 60.57 11
      vertex -66.8582 60.6833 21.65
      vertex -67.0978 60.57 21.65
    endloop
  endfacet
  facet normal 0.427486 -0.904022 0
    outer loop
      vertex -66.8582 60.6833 21.65
      vertex -67.0978 60.57 11
      vertex -66.8582 60.6833 11
    endloop
  endfacet
  facet normal 0.671733 -0.740793 0
    outer loop
      vertex -67.7342 60.098 11
      vertex -67.5379 60.276 21.65
      vertex -67.7342 60.098 21.65
    endloop
  endfacet
  facet normal 0.671733 -0.740793 0
    outer loop
      vertex -67.5379 60.276 21.65
      vertex -67.7342 60.098 11
      vertex -67.5379 60.276 11
    endloop
  endfacet
  facet normal 0.970009 -0.243068 0
    outer loop
      vertex -68.4731 58.7156 21.65
      vertex -68.4087 58.9726 11
      vertex -68.4087 58.9726 21.65
    endloop
  endfacet
  facet normal 0.970009 -0.243068 0
    outer loop
      vertex -68.4087 58.9726 11
      vertex -68.4731 58.7156 21.65
      vertex -68.4731 58.7156 11
    endloop
  endfacet
  facet normal -0.337102 -0.941468 0
    outer loop
      vertex -65.0412 60.7726 11
      vertex -64.7918 60.6833 21.65
      vertex -65.0412 60.7726 21.65
    endloop
  endfacet
  facet normal -0.337102 -0.941468 -0
    outer loop
      vertex -64.7918 60.6833 21.65
      vertex -65.0412 60.7726 11
      vertex -64.7918 60.6833 11
    endloop
  endfacet
  facet normal 0.337102 -0.941468 0
    outer loop
      vertex -66.8582 60.6833 11
      vertex -66.6088 60.7726 21.65
      vertex -66.8582 60.6833 21.65
    endloop
  endfacet
  facet normal 0.337102 -0.941468 0
    outer loop
      vertex -66.6088 60.7726 21.65
      vertex -66.8582 60.6833 11
      vertex -66.6088 60.7726 11
    endloop
  endfacet
  facet normal 0.857792 0.513996 0
    outer loop
      vertex -68.07 56.6888 21.65
      vertex -68.2062 56.9161 11
      vertex -68.2062 56.9161 21.65
    endloop
  endfacet
  facet normal 0.857792 0.513996 0
    outer loop
      vertex -68.2062 56.9161 11
      vertex -68.07 56.6888 21.65
      vertex -68.07 56.6888 11
    endloop
  endfacet
  facet normal 0.51444 0.857526 -0
    outer loop
      vertex -67.0978 55.8076 11
      vertex -67.325 55.9439 21.65
      vertex -67.0978 55.8076 21.65
    endloop
  endfacet
  facet normal 0.51444 0.857526 0
    outer loop
      vertex -67.325 55.9439 21.65
      vertex -67.0978 55.8076 11
      vertex -67.325 55.9439 11
    endloop
  endfacet
  facet normal -0.671733 -0.740793 0
    outer loop
      vertex -64.1121 60.276 11
      vertex -63.9158 60.098 21.65
      vertex -64.1121 60.276 21.65
    endloop
  endfacet
  facet normal -0.671733 -0.740793 -0
    outer loop
      vertex -63.9158 60.098 21.65
      vertex -64.1121 60.276 11
      vertex -63.9158 60.098 11
    endloop
  endfacet
  facet normal -0.242624 -0.97012 0
    outer loop
      vertex -65.2983 60.8369 11
      vertex -65.0412 60.7726 21.65
      vertex -65.2983 60.8369 21.65
    endloop
  endfacet
  facet normal -0.242624 -0.97012 -0
    outer loop
      vertex -65.0412 60.7726 21.65
      vertex -65.2983 60.8369 11
      vertex -65.0412 60.7726 11
    endloop
  endfacet
  facet normal 0.427178 0.904168 -0
    outer loop
      vertex -66.8582 55.6944 11
      vertex -67.0978 55.8076 21.65
      vertex -66.8582 55.6944 21.65
    endloop
  endfacet
  facet normal 0.427178 0.904168 0
    outer loop
      vertex -67.0978 55.8076 21.65
      vertex -66.8582 55.6944 11
      vertex -67.0978 55.8076 11
    endloop
  endfacet
  facet normal 0.803069 0.595886 0
    outer loop
      vertex -67.9121 56.476 21.65
      vertex -68.07 56.6888 11
      vertex -68.07 56.6888 21.65
    endloop
  endfacet
  facet normal 0.803069 0.595886 0
    outer loop
      vertex -68.07 56.6888 11
      vertex -67.9121 56.476 21.65
      vertex -67.9121 56.476 11
    endloop
  endfacet
  facet normal 0.242979 0.970031 -0
    outer loop
      vertex -66.3517 55.5407 11
      vertex -66.6088 55.6051 21.65
      vertex -66.3517 55.5407 21.65
    endloop
  endfacet
  facet normal 0.242979 0.970031 0
    outer loop
      vertex -66.6088 55.6051 21.65
      vertex -66.3517 55.5407 11
      vertex -66.6088 55.6051 11
    endloop
  endfacet
  facet normal 0.989165 0.146809 0
    outer loop
      vertex -68.4731 57.6621 21.65
      vertex -68.512 57.9242 11
      vertex -68.512 57.9242 21.65
    endloop
  endfacet
  facet normal 0.989165 0.146809 0
    outer loop
      vertex -68.512 57.9242 11
      vertex -68.4731 57.6621 21.65
      vertex -68.4731 57.6621 11
    endloop
  endfacet
  facet normal 0.595462 0.803383 -0
    outer loop
      vertex -67.325 55.9439 11
      vertex -67.5379 56.1017 21.65
      vertex -67.325 55.9439 21.65
    endloop
  endfacet
  facet normal 0.595462 0.803383 0
    outer loop
      vertex -67.5379 56.1017 21.65
      vertex -67.325 55.9439 11
      vertex -67.5379 56.1017 11
    endloop
  endfacet
  facet normal 0.903953 0.427632 0
    outer loop
      vertex -68.2062 56.9161 21.65
      vertex -68.3195 57.1556 11
      vertex -68.3195 57.1556 21.65
    endloop
  endfacet
  facet normal 0.903953 0.427632 0
    outer loop
      vertex -68.3195 57.1556 11
      vertex -68.2062 56.9161 21.65
      vertex -68.2062 56.9161 11
    endloop
  endfacet
  facet normal 0.941631 -0.336647 0
    outer loop
      vertex -68.4087 58.9726 21.65
      vertex -68.3195 59.2221 11
      vertex -68.3195 59.2221 21.65
    endloop
  endfacet
  facet normal 0.941631 -0.336647 0
    outer loop
      vertex -68.3195 59.2221 11
      vertex -68.4087 58.9726 21.65
      vertex -68.4087 58.9726 11
    endloop
  endfacet
  facet normal -0.941631 0.336647 0
    outer loop
      vertex -63.3305 57.1556 11
      vertex -63.2413 57.4051 21.65
      vertex -63.2413 57.4051 11
    endloop
  endfacet
  facet normal -0.941631 0.336647 0
    outer loop
      vertex -63.2413 57.4051 21.65
      vertex -63.3305 57.1556 11
      vertex -63.3305 57.1556 21.65
    endloop
  endfacet
  facet normal 0.803069 -0.595886 0
    outer loop
      vertex -68.07 59.6889 21.65
      vertex -67.9121 59.9017 11
      vertex -67.9121 59.9017 21.65
    endloop
  endfacet
  facet normal 0.803069 -0.595886 0
    outer loop
      vertex -67.9121 59.9017 11
      vertex -68.07 59.6889 21.65
      vertex -68.07 59.6889 11
    endloop
  endfacet
  facet normal 0.998796 -0.0490531 0
    outer loop
      vertex -68.525 58.1888 21.65
      vertex -68.512 58.4535 11
      vertex -68.512 58.4535 21.65
    endloop
  endfacet
  facet normal 0.998796 -0.0490531 0
    outer loop
      vertex -68.512 58.4535 11
      vertex -68.525 58.1888 21.65
      vertex -68.525 58.1888 11
    endloop
  endfacet
  facet normal 0.337102 0.941468 -0
    outer loop
      vertex -66.6088 55.6051 11
      vertex -66.8582 55.6944 21.65
      vertex -66.6088 55.6051 21.65
    endloop
  endfacet
  facet normal 0.337102 0.941468 0
    outer loop
      vertex -66.8582 55.6944 21.65
      vertex -66.6088 55.6051 11
      vertex -66.8582 55.6944 11
    endloop
  endfacet
  facet normal -0.741151 0.671338 0
    outer loop
      vertex -63.9158 56.2796 11
      vertex -63.7379 56.476 21.65
      vertex -63.7379 56.476 11
    endloop
  endfacet
  facet normal -0.741151 0.671338 0
    outer loop
      vertex -63.7379 56.476 21.65
      vertex -63.9158 56.2796 11
      vertex -63.9158 56.2796 21.65
    endloop
  endfacet
  facet normal -0.671526 0.740981 0
    outer loop
      vertex -63.9158 56.2796 11
      vertex -64.1121 56.1017 21.65
      vertex -63.9158 56.2796 21.65
    endloop
  endfacet
  facet normal -0.671526 0.740981 0
    outer loop
      vertex -64.1121 56.1017 21.65
      vertex -63.9158 56.2796 11
      vertex -64.1121 56.1017 11
    endloop
  endfacet
  facet normal -0.989176 -0.146737 0
    outer loop
      vertex -49.2103 8.84455 18.05
      vertex -49.2499 9.1115 20.2
      vertex -49.2499 9.1115 18.05
    endloop
  endfacet
  facet normal -0.989176 -0.146737 0
    outer loop
      vertex -49.2499 9.1115 20.2
      vertex -49.2103 8.84455 18.05
      vertex -49.2103 8.84455 20.2
    endloop
  endfacet
  facet normal -0.998803 -0.0489119 0
    outer loop
      vertex -49.1971 8.575 18.05
      vertex -49.2103 8.84455 20.2
      vertex -49.2103 8.84455 18.05
    endloop
  endfacet
  facet normal -0.998803 -0.0489119 0
    outer loop
      vertex -49.2103 8.84455 20.2
      vertex -49.1971 8.575 18.05
      vertex -49.1971 8.575 20.2
    endloop
  endfacet
  facet normal -0.970007 -0.243076 0
    outer loop
      vertex -49.2499 9.1115 18.05
      vertex -49.3155 9.37328 20.2
      vertex -49.3155 9.37328 18.05
    endloop
  endfacet
  facet normal -0.970007 -0.243076 0
    outer loop
      vertex -49.3155 9.37328 20.2
      vertex -49.2499 9.1115 18.05
      vertex -49.2499 9.1115 20.2
    endloop
  endfacet
  facet normal 0.243059 -0.970012 0
    outer loop
      vertex -52.7454 11.2066 18.05
      vertex -52.4836 11.2722 20.2
      vertex -52.7454 11.2066 20.2
    endloop
  endfacet
  facet normal 0.243059 -0.970012 0
    outer loop
      vertex -52.4836 11.2722 20.2
      vertex -52.7454 11.2066 18.05
      vertex -52.4836 11.2722 18.05
    endloop
  endfacet
  facet normal 0.903967 0.427602 0
    outer loop
      vertex -54.3724 7.27866 20.2
      vertex -54.4878 7.52262 18.05
      vertex -54.4878 7.52262 20.2
    endloop
  endfacet
  facet normal 0.903967 0.427602 0
    outer loop
      vertex -54.4878 7.52262 18.05
      vertex -54.3724 7.27866 20.2
      vertex -54.3724 7.27866 18.05
    endloop
  endfacet
  facet normal 0.242954 0.970038 -0
    outer loop
      vertex -52.4836 5.87784 18.05
      vertex -52.7454 5.94341 20.2
      vertex -52.4836 5.87784 20.2
    endloop
  endfacet
  facet normal 0.242954 0.970038 0
    outer loop
      vertex -52.7454 5.94341 20.2
      vertex -52.4836 5.87784 18.05
      vertex -52.7454 5.94341 18.05
    endloop
  endfacet
  facet normal -0.51406 0.857754 0
    outer loop
      vertex -50.4193 6.28846 18.05
      vertex -50.6508 6.14972 20.2
      vertex -50.4193 6.28846 20.2
    endloop
  endfacet
  facet normal -0.51406 0.857754 0
    outer loop
      vertex -50.6508 6.14972 20.2
      vertex -50.4193 6.28846 18.05
      vertex -50.6508 6.14972 18.05
    endloop
  endfacet
  facet normal 0.336895 0.941542 -0
    outer loop
      vertex -52.7454 5.94341 18.05
      vertex -52.9995 6.03433 20.2
      vertex -52.7454 5.94341 20.2
    endloop
  endfacet
  facet normal 0.336895 0.941542 0
    outer loop
      vertex -52.9995 6.03433 20.2
      vertex -52.7454 5.94341 18.05
      vertex -52.9995 6.03433 18.05
    endloop
  endfacet
  facet normal -0.336895 0.941542 0
    outer loop
      vertex -50.8947 6.03433 18.05
      vertex -51.1488 5.94341 20.2
      vertex -50.8947 6.03433 20.2
    endloop
  endfacet
  facet normal -0.336895 0.941542 0
    outer loop
      vertex -51.1488 5.94341 20.2
      vertex -50.8947 6.03433 18.05
      vertex -51.1488 5.94341 18.05
    endloop
  endfacet
  facet normal 0.671805 -0.740728 0
    outer loop
      vertex -53.8916 10.5195 18.05
      vertex -53.6917 10.7008 20.2
      vertex -53.8916 10.5195 20.2
    endloop
  endfacet
  facet normal 0.671805 -0.740728 0
    outer loop
      vertex -53.6917 10.7008 20.2
      vertex -53.8916 10.5195 18.05
      vertex -53.6917 10.7008 18.05
    endloop
  endfacet
  facet normal -0.242954 0.970038 0
    outer loop
      vertex -51.1488 5.94341 18.05
      vertex -51.4106 5.87784 20.2
      vertex -51.1488 5.94341 20.2
    endloop
  endfacet
  facet normal -0.242954 0.970038 0
    outer loop
      vertex -51.4106 5.87784 20.2
      vertex -51.1488 5.94341 18.05
      vertex -51.4106 5.87784 18.05
    endloop
  endfacet
  facet normal 0.857617 -0.514289 0
    outer loop
      vertex -54.3724 9.87134 20.2
      vertex -54.2336 10.1028 18.05
      vertex -54.2336 10.1028 20.2
    endloop
  endfacet
  facet normal 0.857617 -0.514289 0
    outer loop
      vertex -54.2336 10.1028 18.05
      vertex -54.3724 9.87134 20.2
      vertex -54.3724 9.87134 18.05
    endloop
  endfacet
  facet normal 0.989176 -0.146737 0
    outer loop
      vertex -54.6839 8.84455 20.2
      vertex -54.6443 9.1115 18.05
      vertex -54.6443 9.1115 20.2
    endloop
  endfacet
  facet normal 0.989176 -0.146737 0
    outer loop
      vertex -54.6443 9.1115 18.05
      vertex -54.6839 8.84455 20.2
      vertex -54.6839 8.84455 18.05
    endloop
  endfacet
  facet normal -0.903967 -0.427602 0
    outer loop
      vertex -49.4064 9.62738 18.05
      vertex -49.5218 9.87134 20.2
      vertex -49.5218 9.87134 18.05
    endloop
  endfacet
  facet normal -0.903967 -0.427602 0
    outer loop
      vertex -49.5218 9.87134 20.2
      vertex -49.4064 9.62738 18.05
      vertex -49.4064 9.62738 20.2
    endloop
  endfacet
  facet normal -0.803314 0.595555 0
    outer loop
      vertex -49.8213 6.83042 18.05
      vertex -49.6606 7.04718 20.2
      vertex -49.6606 7.04718 18.05
    endloop
  endfacet
  facet normal -0.803314 0.595555 0
    outer loop
      vertex -49.6606 7.04718 20.2
      vertex -49.8213 6.83042 18.05
      vertex -49.8213 6.83042 20.2
    endloop
  endfacet
  facet normal 0.595485 -0.803367 0
    outer loop
      vertex -53.6917 10.7008 18.05
      vertex -53.4749 10.8615 20.2
      vertex -53.6917 10.7008 20.2
    endloop
  endfacet
  facet normal 0.595485 -0.803367 0
    outer loop
      vertex -53.4749 10.8615 20.2
      vertex -53.6917 10.7008 18.05
      vertex -53.4749 10.8615 18.05
    endloop
  endfacet
  facet normal -0.595485 -0.803367 0
    outer loop
      vertex -50.4193 10.8615 18.05
      vertex -50.2025 10.7008 20.2
      vertex -50.4193 10.8615 20.2
    endloop
  endfacet
  facet normal -0.595485 -0.803367 -0
    outer loop
      vertex -50.2025 10.7008 20.2
      vertex -50.4193 10.8615 18.05
      vertex -50.2025 10.7008 18.05
    endloop
  endfacet
  facet normal -0.14671 -0.98918 0
    outer loop
      vertex -51.6776 11.3118 18.05
      vertex -51.4106 11.2722 20.2
      vertex -51.6776 11.3118 20.2
    endloop
  endfacet
  facet normal -0.14671 -0.98918 -0
    outer loop
      vertex -51.4106 11.2722 20.2
      vertex -51.6776 11.3118 18.05
      vertex -51.4106 11.2722 18.05
    endloop
  endfacet
  facet normal -0.803367 -0.595485 0
    outer loop
      vertex -49.6606 10.1028 18.05
      vertex -49.8213 10.3196 20.2
      vertex -49.8213 10.3196 18.05
    endloop
  endfacet
  facet normal -0.803367 -0.595485 0
    outer loop
      vertex -49.8213 10.3196 20.2
      vertex -49.6606 10.1028 18.05
      vertex -49.6606 10.1028 20.2
    endloop
  endfacet
  facet normal 0.514223 -0.857656 0
    outer loop
      vertex -53.4749 10.8615 18.05
      vertex -53.2434 11.0003 20.2
      vertex -53.4749 10.8615 20.2
    endloop
  endfacet
  facet normal 0.514223 -0.857656 0
    outer loop
      vertex -53.2434 11.0003 20.2
      vertex -53.4749 10.8615 18.05
      vertex -53.2434 11.0003 18.05
    endloop
  endfacet
  facet normal 0.14671 -0.98918 0
    outer loop
      vertex -52.4836 11.2722 18.05
      vertex -52.2166 11.3118 20.2
      vertex -52.4836 11.2722 20.2
    endloop
  endfacet
  facet normal 0.14671 -0.98918 0
    outer loop
      vertex -52.2166 11.3118 20.2
      vertex -52.4836 11.2722 18.05
      vertex -52.2166 11.3118 18.05
    endloop
  endfacet
  facet normal -0.514223 -0.857656 0
    outer loop
      vertex -50.6508 11.0003 18.05
      vertex -50.4193 10.8615 20.2
      vertex -50.6508 11.0003 20.2
    endloop
  endfacet
  facet normal -0.514223 -0.857656 -0
    outer loop
      vertex -50.4193 10.8615 20.2
      vertex -50.6508 11.0003 18.05
      vertex -50.4193 10.8615 18.05
    endloop
  endfacet
  facet normal -0.671805 -0.740728 0
    outer loop
      vertex -50.2025 10.7008 18.05
      vertex -50.0026 10.5195 20.2
      vertex -50.2025 10.7008 20.2
    endloop
  endfacet
  facet normal -0.671805 -0.740728 -0
    outer loop
      vertex -50.0026 10.5195 20.2
      vertex -50.2025 10.7008 18.05
      vertex -50.0026 10.5195 18.05
    endloop
  endfacet
  facet normal 0.941566 0.336829 0
    outer loop
      vertex -54.4878 7.52262 20.2
      vertex -54.5787 7.77672 18.05
      vertex -54.5787 7.77672 20.2
    endloop
  endfacet
  facet normal 0.941566 0.336829 0
    outer loop
      vertex -54.5787 7.77672 18.05
      vertex -54.4878 7.52262 20.2
      vertex -54.4878 7.52262 18.05
    endloop
  endfacet
  facet normal -0.998803 0.0489119 0
    outer loop
      vertex -49.2103 8.30545 18.05
      vertex -49.1971 8.575 20.2
      vertex -49.1971 8.575 18.05
    endloop
  endfacet
  facet normal -0.998803 0.0489119 0
    outer loop
      vertex -49.1971 8.575 20.2
      vertex -49.2103 8.30545 18.05
      vertex -49.2103 8.30545 20.2
    endloop
  endfacet
  facet normal 0.427688 -0.903926 0
    outer loop
      vertex -53.2434 11.0003 18.05
      vertex -52.9995 11.1157 20.2
      vertex -53.2434 11.0003 20.2
    endloop
  endfacet
  facet normal 0.427688 -0.903926 0
    outer loop
      vertex -52.9995 11.1157 20.2
      vertex -53.2434 11.0003 18.05
      vertex -52.9995 11.1157 18.05
    endloop
  endfacet
  facet normal -0.903967 0.427602 0
    outer loop
      vertex -49.5218 7.27866 18.05
      vertex -49.4064 7.52262 20.2
      vertex -49.4064 7.52262 18.05
    endloop
  endfacet
  facet normal -0.903967 0.427602 0
    outer loop
      vertex -49.4064 7.52262 20.2
      vertex -49.5218 7.27866 18.05
      vertex -49.5218 7.27866 20.2
    endloop
  endfacet
  facet normal 0.595628 0.80326 -0
    outer loop
      vertex -53.4749 6.28846 18.05
      vertex -53.6917 6.44922 20.2
      vertex -53.4749 6.28846 20.2
    endloop
  endfacet
  facet normal 0.595628 0.80326 0
    outer loop
      vertex -53.6917 6.44922 20.2
      vertex -53.4749 6.28846 18.05
      vertex -53.6917 6.44922 18.05
    endloop
  endfacet
  facet normal 0.803367 -0.595485 0
    outer loop
      vertex -54.2336 10.1028 20.2
      vertex -54.0729 10.3196 18.05
      vertex -54.0729 10.3196 20.2
    endloop
  endfacet
  facet normal 0.803367 -0.595485 0
    outer loop
      vertex -54.0729 10.3196 18.05
      vertex -54.2336 10.1028 20.2
      vertex -54.2336 10.1028 18.05
    endloop
  endfacet
  facet normal 0.941566 -0.336829 0
    outer loop
      vertex -54.5787 9.37328 20.2
      vertex -54.4878 9.62738 18.05
      vertex -54.4878 9.62738 20.2
    endloop
  endfacet
  facet normal 0.941566 -0.336829 0
    outer loop
      vertex -54.4878 9.62738 18.05
      vertex -54.5787 9.37328 20.2
      vertex -54.5787 9.37328 18.05
    endloop
  endfacet
  facet normal -0.941566 -0.336829 0
    outer loop
      vertex -49.3155 9.37328 18.05
      vertex -49.4064 9.62738 20.2
      vertex -49.4064 9.62738 18.05
    endloop
  endfacet
  facet normal -0.941566 -0.336829 0
    outer loop
      vertex -49.4064 9.62738 20.2
      vertex -49.3155 9.37328 18.05
      vertex -49.3155 9.37328 20.2
    endloop
  endfacet
  facet normal 0 0 -1
    outer loop
      vertex -49.2103 8.30545 20.2
      vertex -49.2103 8.84455 20.2
      vertex -49.1971 8.575 20.2
    endloop
  endfacet
  facet normal 0 0 -1
    outer loop
      vertex -49.2499 8.0385 20.2
      vertex -49.2103 8.84455 20.2
      vertex -49.2103 8.30545 20.2
    endloop
  endfacet
  facet normal 0 0 -1
    outer loop
      vertex -49.2499 8.0385 20.2
      vertex -49.2499 9.1115 20.2
      vertex -49.2103 8.84455 20.2
    endloop
  endfacet
  facet normal 0 0 -1
    outer loop
      vertex -49.3155 7.77672 20.2
      vertex -49.2499 9.1115 20.2
      vertex -49.2499 8.0385 20.2
    endloop
  endfacet
  facet normal 0 0 -1
    outer loop
      vertex -49.3155 7.77672 20.2
      vertex -49.3155 9.37328 20.2
      vertex -49.2499 9.1115 20.2
    endloop
  endfacet
  facet normal 0 0 -1
    outer loop
      vertex -49.4064 7.52262 20.2
      vertex -49.3155 9.37328 20.2
      vertex -49.3155 7.77672 20.2
    endloop
  endfacet
  facet normal 0 0 -1
    outer loop
      vertex -49.4064 7.52262 20.2
      vertex -49.4064 9.62738 20.2
      vertex -49.3155 9.37328 20.2
    endloop
  endfacet
  facet normal 0 0 -1
    outer loop
      vertex -49.5218 7.27866 20.2
      vertex -49.4064 9.62738 20.2
      vertex -49.4064 7.52262 20.2
    endloop
  endfacet
  facet normal 0 0 -1
    outer loop
      vertex -49.5218 7.27866 20.2
      vertex -49.5218 9.87134 20.2
      vertex -49.4064 9.62738 20.2
    endloop
  endfacet
  facet normal 0 0 -1
    outer loop
      vertex -49.6606 7.04718 20.2
      vertex -49.5218 9.87134 20.2
      vertex -49.5218 7.27866 20.2
    endloop
  endfacet
  facet normal 0 0 -1
    outer loop
      vertex -49.6606 7.04718 20.2
      vertex -49.6606 10.1028 20.2
      vertex -49.5218 9.87134 20.2
    endloop
  endfacet
  facet normal 0 0 -1
    outer loop
      vertex -49.8213 6.83042 20.2
      vertex -49.6606 10.1028 20.2
      vertex -49.6606 7.04718 20.2
    endloop
  endfacet
  facet normal 0 0 -1
    outer loop
      vertex -49.8213 6.83042 20.2
      vertex -49.8213 10.3196 20.2
      vertex -49.6606 10.1028 20.2
    endloop
  endfacet
  facet normal 0 0 -1
    outer loop
      vertex -50.0026 6.63046 20.2
      vertex -49.8213 10.3196 20.2
      vertex -49.8213 6.83042 20.2
    endloop
  endfacet
  facet normal 0 0 -1
    outer loop
      vertex -50.0026 6.63046 20.2
      vertex -50.0026 10.5195 20.2
      vertex -49.8213 10.3196 20.2
    endloop
  endfacet
  facet normal 0 0 -1
    outer loop
      vertex -50.2025 6.44922 20.2
      vertex -50.0026 10.5195 20.2
      vertex -50.0026 6.63046 20.2
    endloop
  endfacet
  facet normal 0 0 -1
    outer loop
      vertex -50.2025 6.44922 20.2
      vertex -50.2025 10.7008 20.2
      vertex -50.0026 10.5195 20.2
    endloop
  endfacet
  facet normal 0 0 -1
    outer loop
      vertex -50.4193 6.28846 20.2
      vertex -50.2025 10.7008 20.2
      vertex -50.2025 6.44922 20.2
    endloop
  endfacet
  facet normal 0 0 -1
    outer loop
      vertex -50.4193 6.28846 20.2
      vertex -50.4193 10.8615 20.2
      vertex -50.2025 10.7008 20.2
    endloop
  endfacet
  facet normal 0 0 -1
    outer loop
      vertex -50.6508 6.14972 20.2
      vertex -50.4193 10.8615 20.2
      vertex -50.4193 6.28846 20.2
    endloop
  endfacet
  facet normal 0 0 -1
    outer loop
      vertex -50.6508 6.14972 20.2
      vertex -50.6508 11.0003 20.2
      vertex -50.4193 10.8615 20.2
    endloop
  endfacet
  facet normal 0 0 -1
    outer loop
      vertex -50.8947 6.03433 20.2
      vertex -50.6508 11.0003 20.2
      vertex -50.6508 6.14972 20.2
    endloop
  endfacet
  facet normal 0 0 -1
    outer loop
      vertex -50.8947 6.03433 20.2
      vertex -50.8947 11.1157 20.2
      vertex -50.6508 11.0003 20.2
    endloop
  endfacet
  facet normal 0 0 -1
    outer loop
      vertex -51.1488 5.94341 20.2
      vertex -50.8947 11.1157 20.2
      vertex -50.8947 6.03433 20.2
    endloop
  endfacet
  facet normal 0 0 -1
    outer loop
      vertex -51.1488 5.94341 20.2
      vertex -51.1488 11.2066 20.2
      vertex -50.8947 11.1157 20.2
    endloop
  endfacet
  facet normal 0 0 -1
    outer loop
      vertex -51.4106 5.87784 20.2
      vertex -51.1488 11.2066 20.2
      vertex -51.1488 5.94341 20.2
    endloop
  endfacet
  facet normal 0 0 -1
    outer loop
      vertex -51.4106 5.87784 20.2
      vertex -51.4106 11.2722 20.2
      vertex -51.1488 11.2066 20.2
    endloop
  endfacet
  facet normal 0 0 -1
    outer loop
      vertex -51.6776 5.83824 20.2
      vertex -51.4106 11.2722 20.2
      vertex -51.4106 5.87784 20.2
    endloop
  endfacet
  facet normal 0 0 -1
    outer loop
      vertex -51.6776 5.83824 20.2
      vertex -51.6776 11.3118 20.2
      vertex -51.4106 11.2722 20.2
    endloop
  endfacet
  facet normal 0 0 -1
    outer loop
      vertex -51.9471 5.825 20.2
      vertex -51.6776 11.3118 20.2
      vertex -51.6776 5.83824 20.2
    endloop
  endfacet
  facet normal 0 0 -1
    outer loop
      vertex -51.9471 5.825 20.2
      vertex -51.9471 11.325 20.2
      vertex -51.6776 11.3118 20.2
    endloop
  endfacet
  facet normal 0 0 -1
    outer loop
      vertex -52.2166 5.83824 20.2
      vertex -51.9471 11.325 20.2
      vertex -51.9471 5.825 20.2
    endloop
  endfacet
  facet normal 0 0 -1
    outer loop
      vertex -52.2166 5.83824 20.2
      vertex -52.2166 11.3118 20.2
      vertex -51.9471 11.325 20.2
    endloop
  endfacet
  facet normal 0 0 -1
    outer loop
      vertex -52.4836 5.87784 20.2
      vertex -52.2166 11.3118 20.2
      vertex -52.2166 5.83824 20.2
    endloop
  endfacet
  facet normal 0 0 -1
    outer loop
      vertex -52.4836 5.87784 20.2
      vertex -52.4836 11.2722 20.2
      vertex -52.2166 11.3118 20.2
    endloop
  endfacet
  facet normal 0 0 -1
    outer loop
      vertex -52.7454 5.94341 20.2
      vertex -52.4836 11.2722 20.2
      vertex -52.4836 5.87784 20.2
    endloop
  endfacet
  facet normal 0 0 -1
    outer loop
      vertex -52.7454 5.94341 20.2
      vertex -52.7454 11.2066 20.2
      vertex -52.4836 11.2722 20.2
    endloop
  endfacet
  facet normal 0 0 -1
    outer loop
      vertex -52.9995 6.03433 20.2
      vertex -52.7454 11.2066 20.2
      vertex -52.7454 5.94341 20.2
    endloop
  endfacet
  facet normal 0 0 -1
    outer loop
      vertex -52.9995 6.03433 20.2
      vertex -52.9995 11.1157 20.2
      vertex -52.7454 11.2066 20.2
    endloop
  endfacet
  facet normal 0 0 -1
    outer loop
      vertex -53.2434 6.14972 20.2
      vertex -52.9995 11.1157 20.2
      vertex -52.9995 6.03433 20.2
    endloop
  endfacet
  facet normal 0 0 -1
    outer loop
      vertex -53.2434 6.14972 20.2
      vertex -53.2434 11.0003 20.2
      vertex -52.9995 11.1157 20.2
    endloop
  endfacet
  facet normal 0 0 -1
    outer loop
      vertex -53.4749 6.28846 20.2
      vertex -53.2434 11.0003 20.2
      vertex -53.2434 6.14972 20.2
    endloop
  endfacet
  facet normal 0 0 -1
    outer loop
      vertex -53.4749 6.28846 20.2
      vertex -53.4749 10.8615 20.2
      vertex -53.2434 11.0003 20.2
    endloop
  endfacet
  facet normal 0 0 -1
    outer loop
      vertex -53.6917 6.44922 20.2
      vertex -53.4749 10.8615 20.2
      vertex -53.4749 6.28846 20.2
    endloop
  endfacet
  facet normal 0 0 -1
    outer loop
      vertex -53.6917 6.44922 20.2
      vertex -53.6917 10.7008 20.2
      vertex -53.4749 10.8615 20.2
    endloop
  endfacet
  facet normal 0 0 -1
    outer loop
      vertex -53.8916 6.63046 20.2
      vertex -53.6917 10.7008 20.2
      vertex -53.6917 6.44922 20.2
    endloop
  endfacet
  facet normal 0 0 -1
    outer loop
      vertex -53.8916 6.63046 20.2
      vertex -53.8916 10.5195 20.2
      vertex -53.6917 10.7008 20.2
    endloop
  endfacet
  facet normal 0 0 -1
    outer loop
      vertex -54.0729 6.83042 20.2
      vertex -53.8916 10.5195 20.2
      vertex -53.8916 6.63046 20.2
    endloop
  endfacet
  facet normal 0 0 -1
    outer loop
      vertex -54.0729 6.83042 20.2
      vertex -54.0729 10.3196 20.2
      vertex -53.8916 10.5195 20.2
    endloop
  endfacet
  facet normal 0 0 -1
    outer loop
      vertex -54.2336 7.04718 20.2
      vertex -54.0729 10.3196 20.2
      vertex -54.0729 6.83042 20.2
    endloop
  endfacet
  facet normal 0 0 -1
    outer loop
      vertex -54.2336 7.04718 20.2
      vertex -54.2336 10.1028 20.2
      vertex -54.0729 10.3196 20.2
    endloop
  endfacet
  facet normal 0 0 -1
    outer loop
      vertex -54.3724 7.27866 20.2
      vertex -54.2336 10.1028 20.2
      vertex -54.2336 7.04718 20.2
    endloop
  endfacet
  facet normal 0 0 -1
    outer loop
      vertex -54.3724 7.27866 20.2
      vertex -54.3724 9.87134 20.2
      vertex -54.2336 10.1028 20.2
    endloop
  endfacet
  facet normal 0 0 -1
    outer loop
      vertex -54.4878 7.52262 20.2
      vertex -54.3724 9.87134 20.2
      vertex -54.3724 7.27866 20.2
    endloop
  endfacet
  facet normal 0 0 -1
    outer loop
      vertex -54.4878 7.52262 20.2
      vertex -54.4878 9.62738 20.2
      vertex -54.3724 9.87134 20.2
    endloop
  endfacet
  facet normal 0 0 -1
    outer loop
      vertex -54.5787 7.77672 20.2
      vertex -54.4878 9.62738 20.2
      vertex -54.4878 7.52262 20.2
    endloop
  endfacet
  facet normal 0 0 -1
    outer loop
      vertex -54.5787 7.77672 20.2
      vertex -54.5787 9.37328 20.2
      vertex -54.4878 9.62738 20.2
    endloop
  endfacet
  facet normal 0 0 -1
    outer loop
      vertex -54.6443 8.0385 20.2
      vertex -54.5787 9.37328 20.2
      vertex -54.5787 7.77672 20.2
    endloop
  endfacet
  facet normal 0 0 -1
    outer loop
      vertex -54.6443 8.0385 20.2
      vertex -54.6443 9.1115 20.2
      vertex -54.5787 9.37328 20.2
    endloop
  endfacet
  facet normal 0 0 -1
    outer loop
      vertex -54.6839 8.30545 20.2
      vertex -54.6443 9.1115 20.2
      vertex -54.6443 8.0385 20.2
    endloop
  endfacet
  facet normal 0 0 -1
    outer loop
      vertex -54.6839 8.30545 20.2
      vertex -54.6839 8.84455 20.2
      vertex -54.6443 9.1115 20.2
    endloop
  endfacet
  facet normal 0 -0 -1
    outer loop
      vertex -54.6839 8.84455 20.2
      vertex -54.6839 8.30545 20.2
      vertex -54.6971 8.575 20.2
    endloop
  endfacet
  facet normal 0.671683 0.740838 -0
    outer loop
      vertex -53.6917 6.44922 18.05
      vertex -53.8916 6.63046 20.2
      vertex -53.6917 6.44922 20.2
    endloop
  endfacet
  facet normal 0.671683 0.740838 0
    outer loop
      vertex -53.8916 6.63046 20.2
      vertex -53.6917 6.44922 18.05
      vertex -53.8916 6.63046 18.05
    endloop
  endfacet
  facet normal -0.970007 0.243076 0
    outer loop
      vertex -49.3155 7.77672 18.05
      vertex -49.2499 8.0385 20.2
      vertex -49.2499 8.0385 18.05
    endloop
  endfacet
  facet normal -0.970007 0.243076 0
    outer loop
      vertex -49.2499 8.0385 20.2
      vertex -49.3155 7.77672 18.05
      vertex -49.3155 7.77672 20.2
    endloop
  endfacet
  facet normal -0.989176 0.146737 0
    outer loop
      vertex -49.2499 8.0385 18.05
      vertex -49.2103 8.30545 20.2
      vertex -49.2103 8.30545 18.05
    endloop
  endfacet
  facet normal -0.989176 0.146737 0
    outer loop
      vertex -49.2103 8.30545 20.2
      vertex -49.2499 8.0385 18.05
      vertex -49.2499 8.0385 20.2
    endloop
  endfacet
  facet normal 0.51406 0.857754 -0
    outer loop
      vertex -53.2434 6.14972 18.05
      vertex -53.4749 6.28846 20.2
      vertex -53.2434 6.14972 20.2
    endloop
  endfacet
  facet normal 0.51406 0.857754 0
    outer loop
      vertex -53.4749 6.28846 20.2
      vertex -53.2434 6.14972 18.05
      vertex -53.4749 6.28846 18.05
    endloop
  endfacet
  facet normal -0.336829 -0.941566 0
    outer loop
      vertex -51.1488 11.2066 18.05
      vertex -50.8947 11.1157 20.2
      vertex -51.1488 11.2066 20.2
    endloop
  endfacet
  facet normal -0.336829 -0.941566 -0
    outer loop
      vertex -50.8947 11.1157 20.2
      vertex -51.1488 11.2066 18.05
      vertex -50.8947 11.1157 18.05
    endloop
  endfacet
  facet normal 0.336829 -0.941566 0
    outer loop
      vertex -52.9995 11.1157 18.05
      vertex -52.7454 11.2066 20.2
      vertex -52.9995 11.1157 20.2
    endloop
  endfacet
  facet normal 0.336829 -0.941566 0
    outer loop
      vertex -52.7454 11.2066 20.2
      vertex -52.9995 11.1157 18.05
      vertex -52.7454 11.2066 18.05
    endloop
  endfacet
  facet normal -0.14671 0.98918 0
    outer loop
      vertex -51.4106 5.87784 18.05
      vertex -51.6776 5.83824 20.2
      vertex -51.4106 5.87784 20.2
    endloop
  endfacet
  facet normal -0.14671 0.98918 0
    outer loop
      vertex -51.6776 5.83824 20.2
      vertex -51.4106 5.87784 18.05
      vertex -51.6776 5.83824 18.05
    endloop
  endfacet
  facet normal -0.857637 0.514256 0
    outer loop
      vertex -49.6606 7.04718 18.05
      vertex -49.5218 7.27866 20.2
      vertex -49.5218 7.27866 18.05
    endloop
  endfacet
  facet normal -0.857637 0.514256 0
    outer loop
      vertex -49.5218 7.27866 20.2
      vertex -49.6606 7.04718 18.05
      vertex -49.6606 7.04718 20.2
    endloop
  endfacet
  facet normal 0.0489209 -0.998803 0
    outer loop
      vertex -52.2166 11.3118 18.05
      vertex -51.9471 11.325 20.2
      vertex -52.2166 11.3118 20.2
    endloop
  endfacet
  facet normal 0.0489209 -0.998803 0
    outer loop
      vertex -51.9471 11.325 20.2
      vertex -52.2166 11.3118 18.05
      vertex -51.9471 11.325 18.05
    endloop
  endfacet
  facet normal 0.998803 0.0489119 0
    outer loop
      vertex -54.6839 8.30545 20.2
      vertex -54.6971 8.575 18.05
      vertex -54.6971 8.575 20.2
    endloop
  endfacet
  facet normal 0.998803 0.0489119 0
    outer loop
      vertex -54.6971 8.575 18.05
      vertex -54.6839 8.30545 20.2
      vertex -54.6839 8.30545 18.05
    endloop
  endfacet
  facet normal -0.941566 0.336829 0
    outer loop
      vertex -49.4064 7.52262 18.05
      vertex -49.3155 7.77672 20.2
      vertex -49.3155 7.77672 18.05
    endloop
  endfacet
  facet normal -0.941566 0.336829 0
    outer loop
      vertex -49.3155 7.77672 20.2
      vertex -49.4064 7.52262 18.05
      vertex -49.4064 7.52262 20.2
    endloop
  endfacet
  facet normal -0.427688 -0.903926 0
    outer loop
      vertex -50.8947 11.1157 18.05
      vertex -50.6508 11.0003 20.2
      vertex -50.8947 11.1157 20.2
    endloop
  endfacet
  facet normal -0.427688 -0.903926 -0
    outer loop
      vertex -50.6508 11.0003 20.2
      vertex -50.8947 11.1157 18.05
      vertex -50.6508 11.0003 18.05
    endloop
  endfacet
  facet normal -0.740728 -0.671805 0
    outer loop
      vertex -49.8213 10.3196 18.05
      vertex -50.0026 10.5195 20.2
      vertex -50.0026 10.5195 18.05
    endloop
  endfacet
  facet normal -0.740728 -0.671805 0
    outer loop
      vertex -50.0026 10.5195 20.2
      vertex -49.8213 10.3196 18.05
      vertex -49.8213 10.3196 20.2
    endloop
  endfacet
  facet normal -0.0489209 -0.998803 0
    outer loop
      vertex -51.9471 11.325 18.05
      vertex -51.6776 11.3118 20.2
      vertex -51.9471 11.325 20.2
    endloop
  endfacet
  facet normal -0.0489209 -0.998803 -0
    outer loop
      vertex -51.6776 11.3118 20.2
      vertex -51.9471 11.325 18.05
      vertex -51.6776 11.3118 18.05
    endloop
  endfacet
  facet normal 0.857637 0.514256 0
    outer loop
      vertex -54.2336 7.04718 20.2
      vertex -54.3724 7.27866 18.05
      vertex -54.3724 7.27866 20.2
    endloop
  endfacet
  facet normal 0.857637 0.514256 0
    outer loop
      vertex -54.3724 7.27866 18.05
      vertex -54.2336 7.04718 20.2
      vertex -54.2336 7.04718 18.05
    endloop
  endfacet
  facet normal -0.857617 -0.514289 0
    outer loop
      vertex -49.5218 9.87134 18.05
      vertex -49.6606 10.1028 20.2
      vertex -49.6606 10.1028 18.05
    endloop
  endfacet
  facet normal -0.857617 -0.514289 0
    outer loop
      vertex -49.6606 10.1028 20.2
      vertex -49.5218 9.87134 18.05
      vertex -49.5218 9.87134 20.2
    endloop
  endfacet
  facet normal 0.14671 0.98918 -0
    outer loop
      vertex -52.2166 5.83824 18.05
      vertex -52.4836 5.87784 20.2
      vertex -52.2166 5.83824 20.2
    endloop
  endfacet
  facet normal 0.14671 0.98918 0
    outer loop
      vertex -52.4836 5.87784 20.2
      vertex -52.2166 5.83824 18.05
      vertex -52.4836 5.87784 18.05
    endloop
  endfacet
  facet normal -0.671683 0.740838 0
    outer loop
      vertex -50.0026 6.63046 18.05
      vertex -50.2025 6.44922 20.2
      vertex -50.0026 6.63046 20.2
    endloop
  endfacet
  facet normal -0.671683 0.740838 0
    outer loop
      vertex -50.2025 6.44922 20.2
      vertex -50.0026 6.63046 18.05
      vertex -50.2025 6.44922 18.05
    endloop
  endfacet
  facet normal 0.0490688 0.998795 -0
    outer loop
      vertex -51.9471 5.825 18.05
      vertex -52.2166 5.83824 20.2
      vertex -51.9471 5.825 20.2
    endloop
  endfacet
  facet normal 0.0490688 0.998795 0
    outer loop
      vertex -52.2166 5.83824 20.2
      vertex -51.9471 5.825 18.05
      vertex -52.2166 5.83824 18.05
    endloop
  endfacet
  facet normal 0.740728 -0.671805 0
    outer loop
      vertex -54.0729 10.3196 20.2
      vertex -53.8916 10.5195 18.05
      vertex -53.8916 10.5195 20.2
    endloop
  endfacet
  facet normal 0.740728 -0.671805 0
    outer loop
      vertex -53.8916 10.5195 18.05
      vertex -54.0729 10.3196 20.2
      vertex -54.0729 10.3196 18.05
    endloop
  endfacet
  facet normal 0.903967 -0.427602 0
    outer loop
      vertex -54.4878 9.62738 20.2
      vertex -54.3724 9.87134 18.05
      vertex -54.3724 9.87134 20.2
    endloop
  endfacet
  facet normal 0.903967 -0.427602 0
    outer loop
      vertex -54.3724 9.87134 18.05
      vertex -54.4878 9.62738 20.2
      vertex -54.4878 9.62738 18.05
    endloop
  endfacet
  facet normal 0.970007 -0.243076 0
    outer loop
      vertex -54.6443 9.1115 20.2
      vertex -54.5787 9.37328 18.05
      vertex -54.5787 9.37328 20.2
    endloop
  endfacet
  facet normal 0.970007 -0.243076 0
    outer loop
      vertex -54.5787 9.37328 18.05
      vertex -54.6443 9.1115 20.2
      vertex -54.6443 9.1115 18.05
    endloop
  endfacet
  facet normal -0.243059 -0.970012 0
    outer loop
      vertex -51.4106 11.2722 18.05
      vertex -51.1488 11.2066 20.2
      vertex -51.4106 11.2722 20.2
    endloop
  endfacet
  facet normal -0.243059 -0.970012 -0
    outer loop
      vertex -51.1488 11.2066 20.2
      vertex -51.4106 11.2722 18.05
      vertex -51.1488 11.2066 18.05
    endloop
  endfacet
  facet normal 0.970007 0.243076 0
    outer loop
      vertex -54.5787 7.77672 20.2
      vertex -54.6443 8.0385 18.05
      vertex -54.6443 8.0385 20.2
    endloop
  endfacet
  facet normal 0.970007 0.243076 0
    outer loop
      vertex -54.6443 8.0385 18.05
      vertex -54.5787 7.77672 20.2
      vertex -54.5787 7.77672 18.05
    endloop
  endfacet
  facet normal 0.427658 0.903941 -0
    outer loop
      vertex -52.9995 6.03433 18.05
      vertex -53.2434 6.14972 20.2
      vertex -52.9995 6.03433 20.2
    endloop
  endfacet
  facet normal 0.427658 0.903941 0
    outer loop
      vertex -53.2434 6.14972 20.2
      vertex -52.9995 6.03433 18.05
      vertex -53.2434 6.14972 18.05
    endloop
  endfacet
  facet normal 0.740828 0.671695 0
    outer loop
      vertex -53.8916 6.63046 20.2
      vertex -54.0729 6.83042 18.05
      vertex -54.0729 6.83042 20.2
    endloop
  endfacet
  facet normal 0.740828 0.671695 0
    outer loop
      vertex -54.0729 6.83042 18.05
      vertex -53.8916 6.63046 20.2
      vertex -53.8916 6.63046 18.05
    endloop
  endfacet
  facet normal -0.427658 0.903941 0
    outer loop
      vertex -50.6508 6.14972 18.05
      vertex -50.8947 6.03433 20.2
      vertex -50.6508 6.14972 20.2
    endloop
  endfacet
  facet normal -0.427658 0.903941 0
    outer loop
      vertex -50.8947 6.03433 20.2
      vertex -50.6508 6.14972 18.05
      vertex -50.8947 6.03433 18.05
    endloop
  endfacet
  facet normal -0.0490688 0.998795 0
    outer loop
      vertex -51.6776 5.83824 18.05
      vertex -51.9471 5.825 20.2
      vertex -51.6776 5.83824 20.2
    endloop
  endfacet
  facet normal -0.0490688 0.998795 0
    outer loop
      vertex -51.9471 5.825 20.2
      vertex -51.6776 5.83824 18.05
      vertex -51.9471 5.825 18.05
    endloop
  endfacet
  facet normal 0.989176 0.146737 0
    outer loop
      vertex -54.6443 8.0385 20.2
      vertex -54.6839 8.30545 18.05
      vertex -54.6839 8.30545 20.2
    endloop
  endfacet
  facet normal 0.989176 0.146737 0
    outer loop
      vertex -54.6839 8.30545 18.05
      vertex -54.6443 8.0385 20.2
      vertex -54.6443 8.0385 18.05
    endloop
  endfacet
  facet normal -0.595628 0.80326 0
    outer loop
      vertex -50.2025 6.44922 18.05
      vertex -50.4193 6.28846 20.2
      vertex -50.2025 6.44922 20.2
    endloop
  endfacet
  facet normal -0.595628 0.80326 0
    outer loop
      vertex -50.4193 6.28846 20.2
      vertex -50.2025 6.44922 18.05
      vertex -50.4193 6.28846 18.05
    endloop
  endfacet
  facet normal 0.803314 0.595555 0
    outer loop
      vertex -54.0729 6.83042 20.2
      vertex -54.2336 7.04718 18.05
      vertex -54.2336 7.04718 20.2
    endloop
  endfacet
  facet normal 0.803314 0.595555 0
    outer loop
      vertex -54.2336 7.04718 18.05
      vertex -54.0729 6.83042 20.2
      vertex -54.0729 6.83042 18.05
    endloop
  endfacet
  facet normal 0.998803 -0.0489119 0
    outer loop
      vertex -54.6971 8.575 20.2
      vertex -54.6839 8.84455 18.05
      vertex -54.6839 8.84455 20.2
    endloop
  endfacet
  facet normal 0.998803 -0.0489119 0
    outer loop
      vertex -54.6839 8.84455 18.05
      vertex -54.6971 8.575 20.2
      vertex -54.6971 8.575 18.05
    endloop
  endfacet
  facet normal -0.740828 0.671695 0
    outer loop
      vertex -50.0026 6.63046 18.05
      vertex -49.8213 6.83042 20.2
      vertex -49.8213 6.83042 18.05
    endloop
  endfacet
  facet normal -0.740828 0.671695 0
    outer loop
      vertex -49.8213 6.83042 20.2
      vertex -50.0026 6.63046 18.05
      vertex -50.0026 6.63046 20.2
    endloop
  endfacet
  facet normal -0.989176 -0.146737 0
    outer loop
      vertex 54.6839 8.84455 18.05
      vertex 54.6443 9.1115 20.2
      vertex 54.6443 9.1115 18.05
    endloop
  endfacet
  facet normal -0.989176 -0.146737 0
    outer loop
      vertex 54.6443 9.1115 20.2
      vertex 54.6839 8.84455 18.05
      vertex 54.6839 8.84455 20.2
    endloop
  endfacet
  facet normal -0.998803 -0.0489119 0
    outer loop
      vertex 54.6971 8.575 18.05
      vertex 54.6839 8.84455 20.2
      vertex 54.6839 8.84455 18.05
    endloop
  endfacet
  facet normal -0.998803 -0.0489119 0
    outer loop
      vertex 54.6839 8.84455 20.2
      vertex 54.6971 8.575 18.05
      vertex 54.6971 8.575 20.2
    endloop
  endfacet
  facet normal -0.970007 -0.243076 0
    outer loop
      vertex 54.6443 9.1115 18.05
      vertex 54.5787 9.37328 20.2
      vertex 54.5787 9.37328 18.05
    endloop
  endfacet
  facet normal -0.970007 -0.243076 0
    outer loop
      vertex 54.5787 9.37328 20.2
      vertex 54.6443 9.1115 18.05
      vertex 54.6443 9.1115 20.2
    endloop
  endfacet
  facet normal 0.243059 -0.970012 0
    outer loop
      vertex 51.1488 11.2066 18.05
      vertex 51.4106 11.2722 20.2
      vertex 51.1488 11.2066 20.2
    endloop
  endfacet
  facet normal 0.243059 -0.970012 0
    outer loop
      vertex 51.4106 11.2722 20.2
      vertex 51.1488 11.2066 18.05
      vertex 51.4106 11.2722 18.05
    endloop
  endfacet
  facet normal 0.903967 0.427602 0
    outer loop
      vertex 49.5218 7.27866 20.2
      vertex 49.4064 7.52262 18.05
      vertex 49.4064 7.52262 20.2
    endloop
  endfacet
  facet normal 0.903967 0.427602 0
    outer loop
      vertex 49.4064 7.52262 18.05
      vertex 49.5218 7.27866 20.2
      vertex 49.5218 7.27866 18.05
    endloop
  endfacet
  facet normal 0.242954 0.970038 -0
    outer loop
      vertex 51.4106 5.87784 18.05
      vertex 51.1488 5.94341 20.2
      vertex 51.4106 5.87784 20.2
    endloop
  endfacet
  facet normal 0.242954 0.970038 0
    outer loop
      vertex 51.1488 5.94341 20.2
      vertex 51.4106 5.87784 18.05
      vertex 51.1488 5.94341 18.05
    endloop
  endfacet
  facet normal -0.51406 0.857754 0
    outer loop
      vertex 53.4749 6.28846 18.05
      vertex 53.2434 6.14972 20.2
      vertex 53.4749 6.28846 20.2
    endloop
  endfacet
  facet normal -0.51406 0.857754 0
    outer loop
      vertex 53.2434 6.14972 20.2
      vertex 53.4749 6.28846 18.05
      vertex 53.2434 6.14972 18.05
    endloop
  endfacet
  facet normal 0.336895 0.941542 -0
    outer loop
      vertex 51.1488 5.94341 18.05
      vertex 50.8947 6.03433 20.2
      vertex 51.1488 5.94341 20.2
    endloop
  endfacet
  facet normal 0.336895 0.941542 0
    outer loop
      vertex 50.8947 6.03433 20.2
      vertex 51.1488 5.94341 18.05
      vertex 50.8947 6.03433 18.05
    endloop
  endfacet
  facet normal -0.336895 0.941542 0
    outer loop
      vertex 52.9995 6.03433 18.05
      vertex 52.7454 5.94341 20.2
      vertex 52.9995 6.03433 20.2
    endloop
  endfacet
  facet normal -0.336895 0.941542 0
    outer loop
      vertex 52.7454 5.94341 20.2
      vertex 52.9995 6.03433 18.05
      vertex 52.7454 5.94341 18.05
    endloop
  endfacet
  facet normal 0.671805 -0.740728 0
    outer loop
      vertex 50.0026 10.5195 18.05
      vertex 50.2025 10.7008 20.2
      vertex 50.0026 10.5195 20.2
    endloop
  endfacet
  facet normal 0.671805 -0.740728 0
    outer loop
      vertex 50.2025 10.7008 20.2
      vertex 50.0026 10.5195 18.05
      vertex 50.2025 10.7008 18.05
    endloop
  endfacet
  facet normal -0.242954 0.970038 0
    outer loop
      vertex 52.7454 5.94341 18.05
      vertex 52.4836 5.87784 20.2
      vertex 52.7454 5.94341 20.2
    endloop
  endfacet
  facet normal -0.242954 0.970038 0
    outer loop
      vertex 52.4836 5.87784 20.2
      vertex 52.7454 5.94341 18.05
      vertex 52.4836 5.87784 18.05
    endloop
  endfacet
  facet normal 0.857617 -0.514289 0
    outer loop
      vertex 49.5218 9.87134 20.2
      vertex 49.6606 10.1028 18.05
      vertex 49.6606 10.1028 20.2
    endloop
  endfacet
  facet normal 0.857617 -0.514289 0
    outer loop
      vertex 49.6606 10.1028 18.05
      vertex 49.5218 9.87134 20.2
      vertex 49.5218 9.87134 18.05
    endloop
  endfacet
  facet normal 0.989176 -0.146737 0
    outer loop
      vertex 49.2103 8.84455 20.2
      vertex 49.2499 9.1115 18.05
      vertex 49.2499 9.1115 20.2
    endloop
  endfacet
  facet normal 0.989176 -0.146737 0
    outer loop
      vertex 49.2499 9.1115 18.05
      vertex 49.2103 8.84455 20.2
      vertex 49.2103 8.84455 18.05
    endloop
  endfacet
  facet normal -0.903967 -0.427602 0
    outer loop
      vertex 54.4878 9.62738 18.05
      vertex 54.3724 9.87134 20.2
      vertex 54.3724 9.87134 18.05
    endloop
  endfacet
  facet normal -0.903967 -0.427602 0
    outer loop
      vertex 54.3724 9.87134 20.2
      vertex 54.4878 9.62738 18.05
      vertex 54.4878 9.62738 20.2
    endloop
  endfacet
  facet normal -0.803314 0.595555 0
    outer loop
      vertex 54.0729 6.83042 18.05
      vertex 54.2336 7.04718 20.2
      vertex 54.2336 7.04718 18.05
    endloop
  endfacet
  facet normal -0.803314 0.595555 0
    outer loop
      vertex 54.2336 7.04718 20.2
      vertex 54.0729 6.83042 18.05
      vertex 54.0729 6.83042 20.2
    endloop
  endfacet
  facet normal 0.595485 -0.803367 0
    outer loop
      vertex 50.2025 10.7008 18.05
      vertex 50.4193 10.8615 20.2
      vertex 50.2025 10.7008 20.2
    endloop
  endfacet
  facet normal 0.595485 -0.803367 0
    outer loop
      vertex 50.4193 10.8615 20.2
      vertex 50.2025 10.7008 18.05
      vertex 50.4193 10.8615 18.05
    endloop
  endfacet
  facet normal -0.595485 -0.803367 0
    outer loop
      vertex 53.4749 10.8615 18.05
      vertex 53.6917 10.7008 20.2
      vertex 53.4749 10.8615 20.2
    endloop
  endfacet
  facet normal -0.595485 -0.803367 -0
    outer loop
      vertex 53.6917 10.7008 20.2
      vertex 53.4749 10.8615 18.05
      vertex 53.6917 10.7008 18.05
    endloop
  endfacet
  facet normal -0.14671 -0.98918 0
    outer loop
      vertex 52.2166 11.3118 18.05
      vertex 52.4836 11.2722 20.2
      vertex 52.2166 11.3118 20.2
    endloop
  endfacet
  facet normal -0.14671 -0.98918 -0
    outer loop
      vertex 52.4836 11.2722 20.2
      vertex 52.2166 11.3118 18.05
      vertex 52.4836 11.2722 18.05
    endloop
  endfacet
  facet normal -0.803367 -0.595485 0
    outer loop
      vertex 54.2336 10.1028 18.05
      vertex 54.0729 10.3196 20.2
      vertex 54.0729 10.3196 18.05
    endloop
  endfacet
  facet normal -0.803367 -0.595485 0
    outer loop
      vertex 54.0729 10.3196 20.2
      vertex 54.2336 10.1028 18.05
      vertex 54.2336 10.1028 20.2
    endloop
  endfacet
  facet normal 0.514223 -0.857656 0
    outer loop
      vertex 50.4193 10.8615 18.05
      vertex 50.6508 11.0003 20.2
      vertex 50.4193 10.8615 20.2
    endloop
  endfacet
  facet normal 0.514223 -0.857656 0
    outer loop
      vertex 50.6508 11.0003 20.2
      vertex 50.4193 10.8615 18.05
      vertex 50.6508 11.0003 18.05
    endloop
  endfacet
  facet normal 0.14671 -0.98918 0
    outer loop
      vertex 51.4106 11.2722 18.05
      vertex 51.6776 11.3118 20.2
      vertex 51.4106 11.2722 20.2
    endloop
  endfacet
  facet normal 0.14671 -0.98918 0
    outer loop
      vertex 51.6776 11.3118 20.2
      vertex 51.4106 11.2722 18.05
      vertex 51.6776 11.3118 18.05
    endloop
  endfacet
  facet normal -0.514223 -0.857656 0
    outer loop
      vertex 53.2434 11.0003 18.05
      vertex 53.4749 10.8615 20.2
      vertex 53.2434 11.0003 20.2
    endloop
  endfacet
  facet normal -0.514223 -0.857656 -0
    outer loop
      vertex 53.4749 10.8615 20.2
      vertex 53.2434 11.0003 18.05
      vertex 53.4749 10.8615 18.05
    endloop
  endfacet
  facet normal -0.671805 -0.740728 0
    outer loop
      vertex 53.6917 10.7008 18.05
      vertex 53.8916 10.5195 20.2
      vertex 53.6917 10.7008 20.2
    endloop
  endfacet
  facet normal -0.671805 -0.740728 -0
    outer loop
      vertex 53.8916 10.5195 20.2
      vertex 53.6917 10.7008 18.05
      vertex 53.8916 10.5195 18.05
    endloop
  endfacet
  facet normal 0.941566 0.336829 0
    outer loop
      vertex 49.4064 7.52262 20.2
      vertex 49.3155 7.77672 18.05
      vertex 49.3155 7.77672 20.2
    endloop
  endfacet
  facet normal 0.941566 0.336829 0
    outer loop
      vertex 49.3155 7.77672 18.05
      vertex 49.4064 7.52262 20.2
      vertex 49.4064 7.52262 18.05
    endloop
  endfacet
  facet normal -0.998803 0.0489119 0
    outer loop
      vertex 54.6839 8.30545 18.05
      vertex 54.6971 8.575 20.2
      vertex 54.6971 8.575 18.05
    endloop
  endfacet
  facet normal -0.998803 0.0489119 0
    outer loop
      vertex 54.6971 8.575 20.2
      vertex 54.6839 8.30545 18.05
      vertex 54.6839 8.30545 20.2
    endloop
  endfacet
  facet normal 0.427688 -0.903926 0
    outer loop
      vertex 50.6508 11.0003 18.05
      vertex 50.8947 11.1157 20.2
      vertex 50.6508 11.0003 20.2
    endloop
  endfacet
  facet normal 0.427688 -0.903926 0
    outer loop
      vertex 50.8947 11.1157 20.2
      vertex 50.6508 11.0003 18.05
      vertex 50.8947 11.1157 18.05
    endloop
  endfacet
  facet normal -0.903967 0.427602 0
    outer loop
      vertex 54.3724 7.27866 18.05
      vertex 54.4878 7.52262 20.2
      vertex 54.4878 7.52262 18.05
    endloop
  endfacet
  facet normal -0.903967 0.427602 0
    outer loop
      vertex 54.4878 7.52262 20.2
      vertex 54.3724 7.27866 18.05
      vertex 54.3724 7.27866 20.2
    endloop
  endfacet
  facet normal 0.595628 0.80326 -0
    outer loop
      vertex 50.4193 6.28846 18.05
      vertex 50.2025 6.44922 20.2
      vertex 50.4193 6.28846 20.2
    endloop
  endfacet
  facet normal 0.595628 0.80326 0
    outer loop
      vertex 50.2025 6.44922 20.2
      vertex 50.4193 6.28846 18.05
      vertex 50.2025 6.44922 18.05
    endloop
  endfacet
  facet normal 0.803367 -0.595485 0
    outer loop
      vertex 49.6606 10.1028 20.2
      vertex 49.8213 10.3196 18.05
      vertex 49.8213 10.3196 20.2
    endloop
  endfacet
  facet normal 0.803367 -0.595485 0
    outer loop
      vertex 49.8213 10.3196 18.05
      vertex 49.6606 10.1028 20.2
      vertex 49.6606 10.1028 18.05
    endloop
  endfacet
  facet normal 0.941566 -0.336829 0
    outer loop
      vertex 49.3155 9.37328 20.2
      vertex 49.4064 9.62738 18.05
      vertex 49.4064 9.62738 20.2
    endloop
  endfacet
  facet normal 0.941566 -0.336829 0
    outer loop
      vertex 49.4064 9.62738 18.05
      vertex 49.3155 9.37328 20.2
      vertex 49.3155 9.37328 18.05
    endloop
  endfacet
  facet normal -0.941566 -0.336829 0
    outer loop
      vertex 54.5787 9.37328 18.05
      vertex 54.4878 9.62738 20.2
      vertex 54.4878 9.62738 18.05
    endloop
  endfacet
  facet normal -0.941566 -0.336829 0
    outer loop
      vertex 54.4878 9.62738 20.2
      vertex 54.5787 9.37328 18.05
      vertex 54.5787 9.37328 20.2
    endloop
  endfacet
  facet normal 0 0 -1
    outer loop
      vertex 54.6839 8.30545 20.2
      vertex 54.6839 8.84455 20.2
      vertex 54.6971 8.575 20.2
    endloop
  endfacet
  facet normal 0 0 -1
    outer loop
      vertex 54.6443 8.0385 20.2
      vertex 54.6839 8.84455 20.2
      vertex 54.6839 8.30545 20.2
    endloop
  endfacet
  facet normal 0 0 -1
    outer loop
      vertex 54.6443 8.0385 20.2
      vertex 54.6443 9.1115 20.2
      vertex 54.6839 8.84455 20.2
    endloop
  endfacet
  facet normal 0 0 -1
    outer loop
      vertex 54.5787 7.77672 20.2
      vertex 54.6443 9.1115 20.2
      vertex 54.6443 8.0385 20.2
    endloop
  endfacet
  facet normal 0 0 -1
    outer loop
      vertex 54.5787 7.77672 20.2
      vertex 54.5787 9.37328 20.2
      vertex 54.6443 9.1115 20.2
    endloop
  endfacet
  facet normal 0 0 -1
    outer loop
      vertex 54.4878 7.52262 20.2
      vertex 54.5787 9.37328 20.2
      vertex 54.5787 7.77672 20.2
    endloop
  endfacet
  facet normal 0 0 -1
    outer loop
      vertex 54.4878 7.52262 20.2
      vertex 54.4878 9.62738 20.2
      vertex 54.5787 9.37328 20.2
    endloop
  endfacet
  facet normal 0 0 -1
    outer loop
      vertex 54.3724 7.27866 20.2
      vertex 54.4878 9.62738 20.2
      vertex 54.4878 7.52262 20.2
    endloop
  endfacet
  facet normal 0 0 -1
    outer loop
      vertex 54.3724 7.27866 20.2
      vertex 54.3724 9.87134 20.2
      vertex 54.4878 9.62738 20.2
    endloop
  endfacet
  facet normal 0 0 -1
    outer loop
      vertex 54.2336 7.04718 20.2
      vertex 54.3724 9.87134 20.2
      vertex 54.3724 7.27866 20.2
    endloop
  endfacet
  facet normal 0 0 -1
    outer loop
      vertex 54.2336 7.04718 20.2
      vertex 54.2336 10.1028 20.2
      vertex 54.3724 9.87134 20.2
    endloop
  endfacet
  facet normal 0 0 -1
    outer loop
      vertex 54.0729 6.83042 20.2
      vertex 54.2336 10.1028 20.2
      vertex 54.2336 7.04718 20.2
    endloop
  endfacet
  facet normal 0 0 -1
    outer loop
      vertex 54.0729 6.83042 20.2
      vertex 54.0729 10.3196 20.2
      vertex 54.2336 10.1028 20.2
    endloop
  endfacet
  facet normal 0 0 -1
    outer loop
      vertex 53.8916 6.63046 20.2
      vertex 54.0729 10.3196 20.2
      vertex 54.0729 6.83042 20.2
    endloop
  endfacet
  facet normal 0 0 -1
    outer loop
      vertex 53.8916 6.63046 20.2
      vertex 53.8916 10.5195 20.2
      vertex 54.0729 10.3196 20.2
    endloop
  endfacet
  facet normal 0 0 -1
    outer loop
      vertex 53.6917 6.44922 20.2
      vertex 53.8916 10.5195 20.2
      vertex 53.8916 6.63046 20.2
    endloop
  endfacet
  facet normal 0 0 -1
    outer loop
      vertex 53.6917 6.44922 20.2
      vertex 53.6917 10.7008 20.2
      vertex 53.8916 10.5195 20.2
    endloop
  endfacet
  facet normal 0 0 -1
    outer loop
      vertex 53.4749 6.28846 20.2
      vertex 53.6917 10.7008 20.2
      vertex 53.6917 6.44922 20.2
    endloop
  endfacet
  facet normal 0 0 -1
    outer loop
      vertex 53.4749 6.28846 20.2
      vertex 53.4749 10.8615 20.2
      vertex 53.6917 10.7008 20.2
    endloop
  endfacet
  facet normal 0 0 -1
    outer loop
      vertex 53.2434 6.14972 20.2
      vertex 53.4749 10.8615 20.2
      vertex 53.4749 6.28846 20.2
    endloop
  endfacet
  facet normal 0 0 -1
    outer loop
      vertex 53.2434 6.14972 20.2
      vertex 53.2434 11.0003 20.2
      vertex 53.4749 10.8615 20.2
    endloop
  endfacet
  facet normal 0 0 -1
    outer loop
      vertex 52.9995 6.03433 20.2
      vertex 53.2434 11.0003 20.2
      vertex 53.2434 6.14972 20.2
    endloop
  endfacet
  facet normal 0 0 -1
    outer loop
      vertex 52.9995 6.03433 20.2
      vertex 52.9995 11.1157 20.2
      vertex 53.2434 11.0003 20.2
    endloop
  endfacet
  facet normal 0 0 -1
    outer loop
      vertex 52.7454 5.94341 20.2
      vertex 52.9995 11.1157 20.2
      vertex 52.9995 6.03433 20.2
    endloop
  endfacet
  facet normal 0 0 -1
    outer loop
      vertex 52.7454 5.94341 20.2
      vertex 52.7454 11.2066 20.2
      vertex 52.9995 11.1157 20.2
    endloop
  endfacet
  facet normal 0 0 -1
    outer loop
      vertex 52.4836 5.87784 20.2
      vertex 52.7454 11.2066 20.2
      vertex 52.7454 5.94341 20.2
    endloop
  endfacet
  facet normal 0 0 -1
    outer loop
      vertex 52.4836 5.87784 20.2
      vertex 52.4836 11.2722 20.2
      vertex 52.7454 11.2066 20.2
    endloop
  endfacet
  facet normal 0 0 -1
    outer loop
      vertex 52.2166 5.83824 20.2
      vertex 52.4836 11.2722 20.2
      vertex 52.4836 5.87784 20.2
    endloop
  endfacet
  facet normal 0 0 -1
    outer loop
      vertex 52.2166 5.83824 20.2
      vertex 52.2166 11.3118 20.2
      vertex 52.4836 11.2722 20.2
    endloop
  endfacet
  facet normal 0 0 -1
    outer loop
      vertex 51.9471 5.825 20.2
      vertex 52.2166 11.3118 20.2
      vertex 52.2166 5.83824 20.2
    endloop
  endfacet
  facet normal 0 0 -1
    outer loop
      vertex 51.9471 5.825 20.2
      vertex 51.9471 11.325 20.2
      vertex 52.2166 11.3118 20.2
    endloop
  endfacet
  facet normal 0 0 -1
    outer loop
      vertex 51.6776 5.83824 20.2
      vertex 51.9471 11.325 20.2
      vertex 51.9471 5.825 20.2
    endloop
  endfacet
  facet normal 0 0 -1
    outer loop
      vertex 51.6776 5.83824 20.2
      vertex 51.6776 11.3118 20.2
      vertex 51.9471 11.325 20.2
    endloop
  endfacet
  facet normal 0 0 -1
    outer loop
      vertex 51.4106 5.87784 20.2
      vertex 51.6776 11.3118 20.2
      vertex 51.6776 5.83824 20.2
    endloop
  endfacet
  facet normal 0 0 -1
    outer loop
      vertex 51.4106 5.87784 20.2
      vertex 51.4106 11.2722 20.2
      vertex 51.6776 11.3118 20.2
    endloop
  endfacet
  facet normal 0 0 -1
    outer loop
      vertex 51.1488 5.94341 20.2
      vertex 51.4106 11.2722 20.2
      vertex 51.4106 5.87784 20.2
    endloop
  endfacet
  facet normal 0 0 -1
    outer loop
      vertex 51.1488 5.94341 20.2
      vertex 51.1488 11.2066 20.2
      vertex 51.4106 11.2722 20.2
    endloop
  endfacet
  facet normal 0 0 -1
    outer loop
      vertex 50.8947 6.03433 20.2
      vertex 51.1488 11.2066 20.2
      vertex 51.1488 5.94341 20.2
    endloop
  endfacet
  facet normal 0 0 -1
    outer loop
      vertex 50.8947 6.03433 20.2
      vertex 50.8947 11.1157 20.2
      vertex 51.1488 11.2066 20.2
    endloop
  endfacet
  facet normal 0 0 -1
    outer loop
      vertex 50.6508 6.14972 20.2
      vertex 50.8947 11.1157 20.2
      vertex 50.8947 6.03433 20.2
    endloop
  endfacet
  facet normal 0 0 -1
    outer loop
      vertex 50.6508 6.14972 20.2
      vertex 50.6508 11.0003 20.2
      vertex 50.8947 11.1157 20.2
    endloop
  endfacet
  facet normal 0 0 -1
    outer loop
      vertex 50.4193 6.28846 20.2
      vertex 50.6508 11.0003 20.2
      vertex 50.6508 6.14972 20.2
    endloop
  endfacet
  facet normal 0 0 -1
    outer loop
      vertex 50.4193 6.28846 20.2
      vertex 50.4193 10.8615 20.2
      vertex 50.6508 11.0003 20.2
    endloop
  endfacet
  facet normal 0 0 -1
    outer loop
      vertex 50.2025 6.44922 20.2
      vertex 50.4193 10.8615 20.2
      vertex 50.4193 6.28846 20.2
    endloop
  endfacet
  facet normal 0 0 -1
    outer loop
      vertex 50.2025 6.44922 20.2
      vertex 50.2025 10.7008 20.2
      vertex 50.4193 10.8615 20.2
    endloop
  endfacet
  facet normal 0 0 -1
    outer loop
      vertex 50.0026 6.63046 20.2
      vertex 50.2025 10.7008 20.2
      vertex 50.2025 6.44922 20.2
    endloop
  endfacet
  facet normal 0 0 -1
    outer loop
      vertex 50.0026 6.63046 20.2
      vertex 50.0026 10.5195 20.2
      vertex 50.2025 10.7008 20.2
    endloop
  endfacet
  facet normal 0 0 -1
    outer loop
      vertex 49.8213 6.83042 20.2
      vertex 50.0026 10.5195 20.2
      vertex 50.0026 6.63046 20.2
    endloop
  endfacet
  facet normal 0 0 -1
    outer loop
      vertex 49.8213 6.83042 20.2
      vertex 49.8213 10.3196 20.2
      vertex 50.0026 10.5195 20.2
    endloop
  endfacet
  facet normal 0 0 -1
    outer loop
      vertex 49.6606 7.04718 20.2
      vertex 49.8213 10.3196 20.2
      vertex 49.8213 6.83042 20.2
    endloop
  endfacet
  facet normal 0 0 -1
    outer loop
      vertex 49.6606 7.04718 20.2
      vertex 49.6606 10.1028 20.2
      vertex 49.8213 10.3196 20.2
    endloop
  endfacet
  facet normal 0 0 -1
    outer loop
      vertex 49.5218 7.27866 20.2
      vertex 49.6606 10.1028 20.2
      vertex 49.6606 7.04718 20.2
    endloop
  endfacet
  facet normal 0 0 -1
    outer loop
      vertex 49.5218 7.27866 20.2
      vertex 49.5218 9.87134 20.2
      vertex 49.6606 10.1028 20.2
    endloop
  endfacet
  facet normal 0 0 -1
    outer loop
      vertex 49.4064 7.52262 20.2
      vertex 49.5218 9.87134 20.2
      vertex 49.5218 7.27866 20.2
    endloop
  endfacet
  facet normal 0 0 -1
    outer loop
      vertex 49.4064 7.52262 20.2
      vertex 49.4064 9.62738 20.2
      vertex 49.5218 9.87134 20.2
    endloop
  endfacet
  facet normal 0 0 -1
    outer loop
      vertex 49.3155 7.77672 20.2
      vertex 49.4064 9.62738 20.2
      vertex 49.4064 7.52262 20.2
    endloop
  endfacet
  facet normal 0 0 -1
    outer loop
      vertex 49.3155 7.77672 20.2
      vertex 49.3155 9.37328 20.2
      vertex 49.4064 9.62738 20.2
    endloop
  endfacet
  facet normal 0 0 -1
    outer loop
      vertex 49.2499 8.0385 20.2
      vertex 49.3155 9.37328 20.2
      vertex 49.3155 7.77672 20.2
    endloop
  endfacet
  facet normal 0 0 -1
    outer loop
      vertex 49.2499 8.0385 20.2
      vertex 49.2499 9.1115 20.2
      vertex 49.3155 9.37328 20.2
    endloop
  endfacet
  facet normal 0 0 -1
    outer loop
      vertex 49.2103 8.30545 20.2
      vertex 49.2499 9.1115 20.2
      vertex 49.2499 8.0385 20.2
    endloop
  endfacet
  facet normal 0 0 -1
    outer loop
      vertex 49.2103 8.30545 20.2
      vertex 49.2103 8.84455 20.2
      vertex 49.2499 9.1115 20.2
    endloop
  endfacet
  facet normal 0 -0 -1
    outer loop
      vertex 49.2103 8.84455 20.2
      vertex 49.2103 8.30545 20.2
      vertex 49.1971 8.575 20.2
    endloop
  endfacet
  facet normal -0.970007 0.243076 0
    outer loop
      vertex 54.5787 7.77672 18.05
      vertex 54.6443 8.0385 20.2
      vertex 54.6443 8.0385 18.05
    endloop
  endfacet
  facet normal -0.970007 0.243076 0
    outer loop
      vertex 54.6443 8.0385 20.2
      vertex 54.5787 7.77672 18.05
      vertex 54.5787 7.77672 20.2
    endloop
  endfacet
  facet normal -0.989176 0.146737 0
    outer loop
      vertex 54.6443 8.0385 18.05
      vertex 54.6839 8.30545 20.2
      vertex 54.6839 8.30545 18.05
    endloop
  endfacet
  facet normal -0.989176 0.146737 0
    outer loop
      vertex 54.6839 8.30545 20.2
      vertex 54.6443 8.0385 18.05
      vertex 54.6443 8.0385 20.2
    endloop
  endfacet
  facet normal 0.51406 0.857754 -0
    outer loop
      vertex 50.6508 6.14972 18.05
      vertex 50.4193 6.28846 20.2
      vertex 50.6508 6.14972 20.2
    endloop
  endfacet
  facet normal 0.51406 0.857754 0
    outer loop
      vertex 50.4193 6.28846 20.2
      vertex 50.6508 6.14972 18.05
      vertex 50.4193 6.28846 18.05
    endloop
  endfacet
  facet normal -0.336829 -0.941566 0
    outer loop
      vertex 52.7454 11.2066 18.05
      vertex 52.9995 11.1157 20.2
      vertex 52.7454 11.2066 20.2
    endloop
  endfacet
  facet normal -0.336829 -0.941566 -0
    outer loop
      vertex 52.9995 11.1157 20.2
      vertex 52.7454 11.2066 18.05
      vertex 52.9995 11.1157 18.05
    endloop
  endfacet
  facet normal 0.336829 -0.941566 0
    outer loop
      vertex 50.8947 11.1157 18.05
      vertex 51.1488 11.2066 20.2
      vertex 50.8947 11.1157 20.2
    endloop
  endfacet
  facet normal 0.336829 -0.941566 0
    outer loop
      vertex 51.1488 11.2066 20.2
      vertex 50.8947 11.1157 18.05
      vertex 51.1488 11.2066 18.05
    endloop
  endfacet
  facet normal -0.14671 0.98918 0
    outer loop
      vertex 52.4836 5.87784 18.05
      vertex 52.2166 5.83824 20.2
      vertex 52.4836 5.87784 20.2
    endloop
  endfacet
  facet normal -0.14671 0.98918 0
    outer loop
      vertex 52.2166 5.83824 20.2
      vertex 52.4836 5.87784 18.05
      vertex 52.2166 5.83824 18.05
    endloop
  endfacet
  facet normal -0.857637 0.514256 0
    outer loop
      vertex 54.2336 7.04718 18.05
      vertex 54.3724 7.27866 20.2
      vertex 54.3724 7.27866 18.05
    endloop
  endfacet
  facet normal -0.857637 0.514256 0
    outer loop
      vertex 54.3724 7.27866 20.2
      vertex 54.2336 7.04718 18.05
      vertex 54.2336 7.04718 20.2
    endloop
  endfacet
  facet normal 0.0489209 -0.998803 0
    outer loop
      vertex 51.6776 11.3118 18.05
      vertex 51.9471 11.325 20.2
      vertex 51.6776 11.3118 20.2
    endloop
  endfacet
  facet normal 0.0489209 -0.998803 0
    outer loop
      vertex 51.9471 11.325 20.2
      vertex 51.6776 11.3118 18.05
      vertex 51.9471 11.325 18.05
    endloop
  endfacet
  facet normal 0.998803 0.0489119 0
    outer loop
      vertex 49.2103 8.30545 20.2
      vertex 49.1971 8.575 18.05
      vertex 49.1971 8.575 20.2
    endloop
  endfacet
  facet normal 0.998803 0.0489119 0
    outer loop
      vertex 49.1971 8.575 18.05
      vertex 49.2103 8.30545 20.2
      vertex 49.2103 8.30545 18.05
    endloop
  endfacet
  facet normal -0.941566 0.336829 0
    outer loop
      vertex 54.4878 7.52262 18.05
      vertex 54.5787 7.77672 20.2
      vertex 54.5787 7.77672 18.05
    endloop
  endfacet
  facet normal -0.941566 0.336829 0
    outer loop
      vertex 54.5787 7.77672 20.2
      vertex 54.4878 7.52262 18.05
      vertex 54.4878 7.52262 20.2
    endloop
  endfacet
  facet normal -0.427688 -0.903926 0
    outer loop
      vertex 52.9995 11.1157 18.05
      vertex 53.2434 11.0003 20.2
      vertex 52.9995 11.1157 20.2
    endloop
  endfacet
  facet normal -0.427688 -0.903926 -0
    outer loop
      vertex 53.2434 11.0003 20.2
      vertex 52.9995 11.1157 18.05
      vertex 53.2434 11.0003 18.05
    endloop
  endfacet
  facet normal -0.740728 -0.671805 0
    outer loop
      vertex 54.0729 10.3196 18.05
      vertex 53.8916 10.5195 20.2
      vertex 53.8916 10.5195 18.05
    endloop
  endfacet
  facet normal -0.740728 -0.671805 0
    outer loop
      vertex 53.8916 10.5195 20.2
      vertex 54.0729 10.3196 18.05
      vertex 54.0729 10.3196 20.2
    endloop
  endfacet
  facet normal -0.0489209 -0.998803 0
    outer loop
      vertex 51.9471 11.325 18.05
      vertex 52.2166 11.3118 20.2
      vertex 51.9471 11.325 20.2
    endloop
  endfacet
  facet normal -0.0489209 -0.998803 -0
    outer loop
      vertex 52.2166 11.3118 20.2
      vertex 51.9471 11.325 18.05
      vertex 52.2166 11.3118 18.05
    endloop
  endfacet
  facet normal 0.857637 0.514256 0
    outer loop
      vertex 49.6606 7.04718 20.2
      vertex 49.5218 7.27866 18.05
      vertex 49.5218 7.27866 20.2
    endloop
  endfacet
  facet normal 0.857637 0.514256 0
    outer loop
      vertex 49.5218 7.27866 18.05
      vertex 49.6606 7.04718 20.2
      vertex 49.6606 7.04718 18.05
    endloop
  endfacet
  facet normal -0.857617 -0.514289 0
    outer loop
      vertex 54.3724 9.87134 18.05
      vertex 54.2336 10.1028 20.2
      vertex 54.2336 10.1028 18.05
    endloop
  endfacet
  facet normal -0.857617 -0.514289 0
    outer loop
      vertex 54.2336 10.1028 20.2
      vertex 54.3724 9.87134 18.05
      vertex 54.3724 9.87134 20.2
    endloop
  endfacet
  facet normal 0.14671 0.98918 -0
    outer loop
      vertex 51.6776 5.83824 18.05
      vertex 51.4106 5.87784 20.2
      vertex 51.6776 5.83824 20.2
    endloop
  endfacet
  facet normal 0.14671 0.98918 0
    outer loop
      vertex 51.4106 5.87784 20.2
      vertex 51.6776 5.83824 18.05
      vertex 51.4106 5.87784 18.05
    endloop
  endfacet
  facet normal -0.671683 0.740838 0
    outer loop
      vertex 53.8916 6.63046 18.05
      vertex 53.6917 6.44922 20.2
      vertex 53.8916 6.63046 20.2
    endloop
  endfacet
  facet normal -0.671683 0.740838 0
    outer loop
      vertex 53.6917 6.44922 20.2
      vertex 53.8916 6.63046 18.05
      vertex 53.6917 6.44922 18.05
    endloop
  endfacet
  facet normal 0.0490688 0.998795 -0
    outer loop
      vertex 51.9471 5.825 18.05
      vertex 51.6776 5.83824 20.2
      vertex 51.9471 5.825 20.2
    endloop
  endfacet
  facet normal 0.0490688 0.998795 0
    outer loop
      vertex 51.6776 5.83824 20.2
      vertex 51.9471 5.825 18.05
      vertex 51.6776 5.83824 18.05
    endloop
  endfacet
  facet normal 0.740728 -0.671805 0
    outer loop
      vertex 49.8213 10.3196 20.2
      vertex 50.0026 10.5195 18.05
      vertex 50.0026 10.5195 20.2
    endloop
  endfacet
  facet normal 0.740728 -0.671805 0
    outer loop
      vertex 50.0026 10.5195 18.05
      vertex 49.8213 10.3196 20.2
      vertex 49.8213 10.3196 18.05
    endloop
  endfacet
  facet normal 0.903967 -0.427602 0
    outer loop
      vertex 49.4064 9.62738 20.2
      vertex 49.5218 9.87134 18.05
      vertex 49.5218 9.87134 20.2
    endloop
  endfacet
  facet normal 0.903967 -0.427602 0
    outer loop
      vertex 49.5218 9.87134 18.05
      vertex 49.4064 9.62738 20.2
      vertex 49.4064 9.62738 18.05
    endloop
  endfacet
  facet normal 0.671683 0.740838 -0
    outer loop
      vertex 50.2025 6.44922 18.05
      vertex 50.0026 6.63046 20.2
      vertex 50.2025 6.44922 20.2
    endloop
  endfacet
  facet normal 0.671683 0.740838 0
    outer loop
      vertex 50.0026 6.63046 20.2
      vertex 50.2025 6.44922 18.05
      vertex 50.0026 6.63046 18.05
    endloop
  endfacet
  facet normal 0.970007 -0.243076 0
    outer loop
      vertex 49.2499 9.1115 20.2
      vertex 49.3155 9.37328 18.05
      vertex 49.3155 9.37328 20.2
    endloop
  endfacet
  facet normal 0.970007 -0.243076 0
    outer loop
      vertex 49.3155 9.37328 18.05
      vertex 49.2499 9.1115 20.2
      vertex 49.2499 9.1115 18.05
    endloop
  endfacet
  facet normal -0.243059 -0.970012 0
    outer loop
      vertex 52.4836 11.2722 18.05
      vertex 52.7454 11.2066 20.2
      vertex 52.4836 11.2722 20.2
    endloop
  endfacet
  facet normal -0.243059 -0.970012 -0
    outer loop
      vertex 52.7454 11.2066 20.2
      vertex 52.4836 11.2722 18.05
      vertex 52.7454 11.2066 18.05
    endloop
  endfacet
  facet normal 0.970007 0.243076 0
    outer loop
      vertex 49.3155 7.77672 20.2
      vertex 49.2499 8.0385 18.05
      vertex 49.2499 8.0385 20.2
    endloop
  endfacet
  facet normal 0.970007 0.243076 0
    outer loop
      vertex 49.2499 8.0385 18.05
      vertex 49.3155 7.77672 20.2
      vertex 49.3155 7.77672 18.05
    endloop
  endfacet
  facet normal 0.427658 0.903941 -0
    outer loop
      vertex 50.8947 6.03433 18.05
      vertex 50.6508 6.14972 20.2
      vertex 50.8947 6.03433 20.2
    endloop
  endfacet
  facet normal 0.427658 0.903941 0
    outer loop
      vertex 50.6508 6.14972 20.2
      vertex 50.8947 6.03433 18.05
      vertex 50.6508 6.14972 18.05
    endloop
  endfacet
  facet normal 0.740828 0.671695 0
    outer loop
      vertex 50.0026 6.63046 20.2
      vertex 49.8213 6.83042 18.05
      vertex 49.8213 6.83042 20.2
    endloop
  endfacet
  facet normal 0.740828 0.671695 0
    outer loop
      vertex 49.8213 6.83042 18.05
      vertex 50.0026 6.63046 20.2
      vertex 50.0026 6.63046 18.05
    endloop
  endfacet
  facet normal -0.427658 0.903941 0
    outer loop
      vertex 53.2434 6.14972 18.05
      vertex 52.9995 6.03433 20.2
      vertex 53.2434 6.14972 20.2
    endloop
  endfacet
  facet normal -0.427658 0.903941 0
    outer loop
      vertex 52.9995 6.03433 20.2
      vertex 53.2434 6.14972 18.05
      vertex 52.9995 6.03433 18.05
    endloop
  endfacet
  facet normal -0.0490688 0.998795 0
    outer loop
      vertex 52.2166 5.83824 18.05
      vertex 51.9471 5.825 20.2
      vertex 52.2166 5.83824 20.2
    endloop
  endfacet
  facet normal -0.0490688 0.998795 0
    outer loop
      vertex 51.9471 5.825 20.2
      vertex 52.2166 5.83824 18.05
      vertex 51.9471 5.825 18.05
    endloop
  endfacet
  facet normal 0.989176 0.146737 0
    outer loop
      vertex 49.2499 8.0385 20.2
      vertex 49.2103 8.30545 18.05
      vertex 49.2103 8.30545 20.2
    endloop
  endfacet
  facet normal 0.989176 0.146737 0
    outer loop
      vertex 49.2103 8.30545 18.05
      vertex 49.2499 8.0385 20.2
      vertex 49.2499 8.0385 18.05
    endloop
  endfacet
  facet normal -0.595628 0.80326 0
    outer loop
      vertex 53.6917 6.44922 18.05
      vertex 53.4749 6.28846 20.2
      vertex 53.6917 6.44922 20.2
    endloop
  endfacet
  facet normal -0.595628 0.80326 0
    outer loop
      vertex 53.4749 6.28846 20.2
      vertex 53.6917 6.44922 18.05
      vertex 53.4749 6.28846 18.05
    endloop
  endfacet
  facet normal 0.803314 0.595555 0
    outer loop
      vertex 49.8213 6.83042 20.2
      vertex 49.6606 7.04718 18.05
      vertex 49.6606 7.04718 20.2
    endloop
  endfacet
  facet normal 0.803314 0.595555 0
    outer loop
      vertex 49.6606 7.04718 18.05
      vertex 49.8213 6.83042 20.2
      vertex 49.8213 6.83042 18.05
    endloop
  endfacet
  facet normal 0.998803 -0.0489119 0
    outer loop
      vertex 49.1971 8.575 20.2
      vertex 49.2103 8.84455 18.05
      vertex 49.2103 8.84455 20.2
    endloop
  endfacet
  facet normal 0.998803 -0.0489119 0
    outer loop
      vertex 49.2103 8.84455 18.05
      vertex 49.1971 8.575 20.2
      vertex 49.1971 8.575 18.05
    endloop
  endfacet
  facet normal -0.740828 0.671695 0
    outer loop
      vertex 53.8916 6.63046 18.05
      vertex 54.0729 6.83042 20.2
      vertex 54.0729 6.83042 18.05
    endloop
  endfacet
  facet normal -0.740828 0.671695 0
    outer loop
      vertex 54.0729 6.83042 20.2
      vertex 53.8916 6.63046 18.05
      vertex 53.8916 6.63046 20.2
    endloop
  endfacet
  facet normal -0.243059 -0.970012 0
    outer loop
      vertex -51.4106 56.2972 18.05
      vertex -51.1488 56.2316 20.2
      vertex -51.4106 56.2972 20.2
    endloop
  endfacet
  facet normal -0.243059 -0.970012 -0
    outer loop
      vertex -51.1488 56.2316 20.2
      vertex -51.4106 56.2972 18.05
      vertex -51.1488 56.2316 18.05
    endloop
  endfacet
  facet normal -0.98918 -0.14671 0
    outer loop
      vertex -49.2103 53.8695 18.05
      vertex -49.2499 54.1365 20.2
      vertex -49.2499 54.1365 18.05
    endloop
  endfacet
  facet normal -0.98918 -0.14671 0
    outer loop
      vertex -49.2499 54.1365 20.2
      vertex -49.2103 53.8695 18.05
      vertex -49.2103 53.8695 20.2
    endloop
  endfacet
  facet normal -0.998803 -0.0489209 0
    outer loop
      vertex -49.1971 53.6 18.05
      vertex -49.2103 53.8695 20.2
      vertex -49.2103 53.8695 18.05
    endloop
  endfacet
  facet normal -0.998803 -0.0489209 0
    outer loop
      vertex -49.2103 53.8695 20.2
      vertex -49.1971 53.6 18.05
      vertex -49.1971 53.6 20.2
    endloop
  endfacet
  facet normal -0.970012 -0.243059 0
    outer loop
      vertex -49.2499 54.1365 18.05
      vertex -49.3155 54.3983 20.2
      vertex -49.3155 54.3983 18.05
    endloop
  endfacet
  facet normal -0.970012 -0.243059 0
    outer loop
      vertex -49.3155 54.3983 20.2
      vertex -49.2499 54.1365 18.05
      vertex -49.2499 54.1365 20.2
    endloop
  endfacet
  facet normal -0.903926 -0.427688 0
    outer loop
      vertex -49.4064 54.6524 18.05
      vertex -49.5218 54.8963 20.2
      vertex -49.5218 54.8963 18.05
    endloop
  endfacet
  facet normal -0.903926 -0.427688 0
    outer loop
      vertex -49.5218 54.8963 20.2
      vertex -49.4064 54.6524 18.05
      vertex -49.4064 54.6524 20.2
    endloop
  endfacet
  facet normal 0.14671 0.98918 -0
    outer loop
      vertex -52.2166 50.8632 18.05
      vertex -52.4836 50.9028 20.2
      vertex -52.2166 50.8632 20.2
    endloop
  endfacet
  facet normal 0.14671 0.98918 0
    outer loop
      vertex -52.4836 50.9028 20.2
      vertex -52.2166 50.8632 18.05
      vertex -52.4836 50.9028 18.05
    endloop
  endfacet
  facet normal 0.970012 -0.243059 0
    outer loop
      vertex -54.6443 54.1365 20.2
      vertex -54.5787 54.3983 18.05
      vertex -54.5787 54.3983 20.2
    endloop
  endfacet
  facet normal 0.970012 -0.243059 0
    outer loop
      vertex -54.5787 54.3983 18.05
      vertex -54.6443 54.1365 20.2
      vertex -54.6443 54.1365 18.05
    endloop
  endfacet
  facet normal -0.14671 0.98918 0
    outer loop
      vertex -51.4106 50.9028 18.05
      vertex -51.6776 50.8632 20.2
      vertex -51.4106 50.9028 20.2
    endloop
  endfacet
  facet normal -0.14671 0.98918 0
    outer loop
      vertex -51.6776 50.8632 20.2
      vertex -51.4106 50.9028 18.05
      vertex -51.6776 50.8632 18.05
    endloop
  endfacet
  facet normal -0.740728 -0.671805 0
    outer loop
      vertex -49.8213 55.3446 18.05
      vertex -50.0026 55.5445 20.2
      vertex -50.0026 55.5445 18.05
    endloop
  endfacet
  facet normal -0.740728 -0.671805 0
    outer loop
      vertex -50.0026 55.5445 20.2
      vertex -49.8213 55.3446 18.05
      vertex -49.8213 55.3446 20.2
    endloop
  endfacet
  facet normal 0.243059 0.970012 -0
    outer loop
      vertex -52.4836 50.9028 18.05
      vertex -52.7454 50.9684 20.2
      vertex -52.4836 50.9028 20.2
    endloop
  endfacet
  facet normal 0.243059 0.970012 0
    outer loop
      vertex -52.7454 50.9684 20.2
      vertex -52.4836 50.9028 18.05
      vertex -52.7454 50.9684 18.05
    endloop
  endfacet
  facet normal -0.0489209 -0.998803 0
    outer loop
      vertex -51.9471 56.35 18.05
      vertex -51.6776 56.3368 20.2
      vertex -51.9471 56.35 20.2
    endloop
  endfacet
  facet normal -0.0489209 -0.998803 -0
    outer loop
      vertex -51.6776 56.3368 20.2
      vertex -51.9471 56.35 18.05
      vertex -51.6776 56.3368 18.05
    endloop
  endfacet
  facet normal 0.803367 -0.595485 0
    outer loop
      vertex -54.2336 55.1278 20.2
      vertex -54.0729 55.3446 18.05
      vertex -54.0729 55.3446 20.2
    endloop
  endfacet
  facet normal 0.803367 -0.595485 0
    outer loop
      vertex -54.0729 55.3446 18.05
      vertex -54.2336 55.1278 20.2
      vertex -54.2336 55.1278 18.05
    endloop
  endfacet
  facet normal 0.857656 0.514223 0
    outer loop
      vertex -54.2336 52.0722 20.2
      vertex -54.3724 52.3037 18.05
      vertex -54.3724 52.3037 20.2
    endloop
  endfacet
  facet normal 0.857656 0.514223 0
    outer loop
      vertex -54.3724 52.3037 18.05
      vertex -54.2336 52.0722 20.2
      vertex -54.2336 52.0722 18.05
    endloop
  endfacet
  facet normal -0.803367 -0.595485 0
    outer loop
      vertex -49.6606 55.1278 18.05
      vertex -49.8213 55.3446 20.2
      vertex -49.8213 55.3446 18.05
    endloop
  endfacet
  facet normal -0.803367 -0.595485 0
    outer loop
      vertex -49.8213 55.3446 20.2
      vertex -49.6606 55.1278 18.05
      vertex -49.6606 55.1278 20.2
    endloop
  endfacet
  facet normal -0.514223 0.857656 0
    outer loop
      vertex -50.4193 51.3135 18.05
      vertex -50.6508 51.1747 20.2
      vertex -50.4193 51.3135 20.2
    endloop
  endfacet
  facet normal -0.514223 0.857656 0
    outer loop
      vertex -50.6508 51.1747 20.2
      vertex -50.4193 51.3135 18.05
      vertex -50.6508 51.1747 18.05
    endloop
  endfacet
  facet normal 0.740728 -0.671805 0
    outer loop
      vertex -54.0729 55.3446 20.2
      vertex -53.8916 55.5445 18.05
      vertex -53.8916 55.5445 20.2
    endloop
  endfacet
  facet normal 0.740728 -0.671805 0
    outer loop
      vertex -53.8916 55.5445 18.05
      vertex -54.0729 55.3446 20.2
      vertex -54.0729 55.3446 18.05
    endloop
  endfacet
  facet normal -0.740728 0.671805 0
    outer loop
      vertex -50.0026 51.6555 18.05
      vertex -49.8213 51.8554 20.2
      vertex -49.8213 51.8554 18.05
    endloop
  endfacet
  facet normal -0.740728 0.671805 0
    outer loop
      vertex -49.8213 51.8554 20.2
      vertex -50.0026 51.6555 18.05
      vertex -50.0026 51.6555 20.2
    endloop
  endfacet
  facet normal 0.941566 -0.336829 0
    outer loop
      vertex -54.5787 54.3983 20.2
      vertex -54.4878 54.6524 18.05
      vertex -54.4878 54.6524 20.2
    endloop
  endfacet
  facet normal 0.941566 -0.336829 0
    outer loop
      vertex -54.4878 54.6524 18.05
      vertex -54.5787 54.3983 20.2
      vertex -54.5787 54.3983 18.05
    endloop
  endfacet
  facet normal -0.514223 -0.857656 0
    outer loop
      vertex -50.6508 56.0253 18.05
      vertex -50.4193 55.8865 20.2
      vertex -50.6508 56.0253 20.2
    endloop
  endfacet
  facet normal -0.514223 -0.857656 -0
    outer loop
      vertex -50.4193 55.8865 20.2
      vertex -50.6508 56.0253 18.05
      vertex -50.4193 55.8865 18.05
    endloop
  endfacet
  facet normal -0.427688 -0.903926 0
    outer loop
      vertex -50.8947 56.1407 18.05
      vertex -50.6508 56.0253 20.2
      vertex -50.8947 56.1407 20.2
    endloop
  endfacet
  facet normal -0.427688 -0.903926 -0
    outer loop
      vertex -50.6508 56.0253 20.2
      vertex -50.8947 56.1407 18.05
      vertex -50.6508 56.0253 18.05
    endloop
  endfacet
  facet normal -0.970012 0.243059 0
    outer loop
      vertex -49.3155 52.8017 18.05
      vertex -49.2499 53.0635 20.2
      vertex -49.2499 53.0635 18.05
    endloop
  endfacet
  facet normal -0.970012 0.243059 0
    outer loop
      vertex -49.2499 53.0635 20.2
      vertex -49.3155 52.8017 18.05
      vertex -49.3155 52.8017 20.2
    endloop
  endfacet
  facet normal 0.857656 -0.514223 0
    outer loop
      vertex -54.3724 54.8963 20.2
      vertex -54.2336 55.1278 18.05
      vertex -54.2336 55.1278 20.2
    endloop
  endfacet
  facet normal 0.857656 -0.514223 0
    outer loop
      vertex -54.2336 55.1278 18.05
      vertex -54.3724 54.8963 20.2
      vertex -54.3724 54.8963 18.05
    endloop
  endfacet
  facet normal 0.514223 -0.857656 0
    outer loop
      vertex -53.4749 55.8865 18.05
      vertex -53.2434 56.0253 20.2
      vertex -53.4749 55.8865 20.2
    endloop
  endfacet
  facet normal 0.514223 -0.857656 0
    outer loop
      vertex -53.2434 56.0253 20.2
      vertex -53.4749 55.8865 18.05
      vertex -53.2434 56.0253 18.05
    endloop
  endfacet
  facet normal 0.336829 -0.941566 0
    outer loop
      vertex -52.9995 56.1407 18.05
      vertex -52.7454 56.2316 20.2
      vertex -52.9995 56.1407 20.2
    endloop
  endfacet
  facet normal 0.336829 -0.941566 0
    outer loop
      vertex -52.7454 56.2316 20.2
      vertex -52.9995 56.1407 18.05
      vertex -52.7454 56.2316 18.05
    endloop
  endfacet
  facet normal 0.998803 0.0489209 0
    outer loop
      vertex -54.6839 53.3305 20.2
      vertex -54.6971 53.6 18.05
      vertex -54.6971 53.6 20.2
    endloop
  endfacet
  facet normal 0.998803 0.0489209 0
    outer loop
      vertex -54.6971 53.6 18.05
      vertex -54.6839 53.3305 20.2
      vertex -54.6839 53.3305 18.05
    endloop
  endfacet
  facet normal 0.671805 0.740728 -0
    outer loop
      vertex -53.6917 51.4742 18.05
      vertex -53.8916 51.6555 20.2
      vertex -53.6917 51.4742 20.2
    endloop
  endfacet
  facet normal 0.671805 0.740728 0
    outer loop
      vertex -53.8916 51.6555 20.2
      vertex -53.6917 51.4742 18.05
      vertex -53.8916 51.6555 18.05
    endloop
  endfacet
  facet normal -0.336829 -0.941566 0
    outer loop
      vertex -51.1488 56.2316 18.05
      vertex -50.8947 56.1407 20.2
      vertex -51.1488 56.2316 20.2
    endloop
  endfacet
  facet normal -0.336829 -0.941566 -0
    outer loop
      vertex -50.8947 56.1407 20.2
      vertex -51.1488 56.2316 18.05
      vertex -50.8947 56.1407 18.05
    endloop
  endfacet
  facet normal 0.595485 -0.803367 0
    outer loop
      vertex -53.6917 55.7258 18.05
      vertex -53.4749 55.8865 20.2
      vertex -53.6917 55.7258 20.2
    endloop
  endfacet
  facet normal 0.595485 -0.803367 0
    outer loop
      vertex -53.4749 55.8865 20.2
      vertex -53.6917 55.7258 18.05
      vertex -53.4749 55.8865 18.05
    endloop
  endfacet
  facet normal 0.941566 0.336829 0
    outer loop
      vertex -54.4878 52.5476 20.2
      vertex -54.5787 52.8017 18.05
      vertex -54.5787 52.8017 20.2
    endloop
  endfacet
  facet normal 0.941566 0.336829 0
    outer loop
      vertex -54.5787 52.8017 18.05
      vertex -54.4878 52.5476 20.2
      vertex -54.4878 52.5476 18.05
    endloop
  endfacet
  facet normal -0.595485 -0.803367 0
    outer loop
      vertex -50.4193 55.8865 18.05
      vertex -50.2025 55.7258 20.2
      vertex -50.4193 55.8865 20.2
    endloop
  endfacet
  facet normal -0.595485 -0.803367 -0
    outer loop
      vertex -50.2025 55.7258 20.2
      vertex -50.4193 55.8865 18.05
      vertex -50.2025 55.7258 18.05
    endloop
  endfacet
  facet normal -0.98918 0.14671 0
    outer loop
      vertex -49.2499 53.0635 18.05
      vertex -49.2103 53.3305 20.2
      vertex -49.2103 53.3305 18.05
    endloop
  endfacet
  facet normal -0.98918 0.14671 0
    outer loop
      vertex -49.2103 53.3305 20.2
      vertex -49.2499 53.0635 18.05
      vertex -49.2499 53.0635 20.2
    endloop
  endfacet
  facet normal -0.998803 0.0489209 0
    outer loop
      vertex -49.2103 53.3305 18.05
      vertex -49.1971 53.6 20.2
      vertex -49.1971 53.6 18.05
    endloop
  endfacet
  facet normal -0.998803 0.0489209 0
    outer loop
      vertex -49.1971 53.6 20.2
      vertex -49.2103 53.3305 18.05
      vertex -49.2103 53.3305 20.2
    endloop
  endfacet
  facet normal -0.941566 0.336829 0
    outer loop
      vertex -49.4064 52.5476 18.05
      vertex -49.3155 52.8017 20.2
      vertex -49.3155 52.8017 18.05
    endloop
  endfacet
  facet normal -0.941566 0.336829 0
    outer loop
      vertex -49.3155 52.8017 20.2
      vertex -49.4064 52.5476 18.05
      vertex -49.4064 52.5476 20.2
    endloop
  endfacet
  facet normal 0.98918 0.14671 0
    outer loop
      vertex -54.6443 53.0635 20.2
      vertex -54.6839 53.3305 18.05
      vertex -54.6839 53.3305 20.2
    endloop
  endfacet
  facet normal 0.98918 0.14671 0
    outer loop
      vertex -54.6839 53.3305 18.05
      vertex -54.6443 53.0635 20.2
      vertex -54.6443 53.0635 18.05
    endloop
  endfacet
  facet normal 0.595485 0.803367 -0
    outer loop
      vertex -53.4749 51.3135 18.05
      vertex -53.6917 51.4742 20.2
      vertex -53.4749 51.3135 20.2
    endloop
  endfacet
  facet normal 0.595485 0.803367 0
    outer loop
      vertex -53.6917 51.4742 20.2
      vertex -53.4749 51.3135 18.05
      vertex -53.6917 51.4742 18.05
    endloop
  endfacet
  facet normal 0.0489209 -0.998803 0
    outer loop
      vertex -52.2166 56.3368 18.05
      vertex -51.9471 56.35 20.2
      vertex -52.2166 56.3368 20.2
    endloop
  endfacet
  facet normal 0.0489209 -0.998803 0
    outer loop
      vertex -51.9471 56.35 20.2
      vertex -52.2166 56.3368 18.05
      vertex -51.9471 56.35 18.05
    endloop
  endfacet
  facet normal 0.14671 -0.98918 0
    outer loop
      vertex -52.4836 56.2972 18.05
      vertex -52.2166 56.3368 20.2
      vertex -52.4836 56.2972 20.2
    endloop
  endfacet
  facet normal 0.14671 -0.98918 0
    outer loop
      vertex -52.2166 56.3368 20.2
      vertex -52.4836 56.2972 18.05
      vertex -52.2166 56.3368 18.05
    endloop
  endfacet
  facet normal -0.857656 0.514223 0
    outer loop
      vertex -49.6606 52.0722 18.05
      vertex -49.5218 52.3037 20.2
      vertex -49.5218 52.3037 18.05
    endloop
  endfacet
  facet normal -0.857656 0.514223 0
    outer loop
      vertex -49.5218 52.3037 20.2
      vertex -49.6606 52.0722 18.05
      vertex -49.6606 52.0722 20.2
    endloop
  endfacet
  facet normal -0.941566 -0.336829 0
    outer loop
      vertex -49.3155 54.3983 18.05
      vertex -49.4064 54.6524 20.2
      vertex -49.4064 54.6524 18.05
    endloop
  endfacet
  facet normal -0.941566 -0.336829 0
    outer loop
      vertex -49.4064 54.6524 20.2
      vertex -49.3155 54.3983 18.05
      vertex -49.3155 54.3983 20.2
    endloop
  endfacet
  facet normal 0.514223 0.857656 -0
    outer loop
      vertex -53.2434 51.1747 18.05
      vertex -53.4749 51.3135 20.2
      vertex -53.2434 51.1747 20.2
    endloop
  endfacet
  facet normal 0.514223 0.857656 0
    outer loop
      vertex -53.4749 51.3135 20.2
      vertex -53.2434 51.1747 18.05
      vertex -53.4749 51.3135 18.05
    endloop
  endfacet
  facet normal -0.336829 0.941566 0
    outer loop
      vertex -50.8947 51.0593 18.05
      vertex -51.1488 50.9684 20.2
      vertex -50.8947 51.0593 20.2
    endloop
  endfacet
  facet normal -0.336829 0.941566 0
    outer loop
      vertex -51.1488 50.9684 20.2
      vertex -50.8947 51.0593 18.05
      vertex -51.1488 50.9684 18.05
    endloop
  endfacet
  facet normal -0.243059 0.970012 0
    outer loop
      vertex -51.1488 50.9684 18.05
      vertex -51.4106 50.9028 20.2
      vertex -51.1488 50.9684 20.2
    endloop
  endfacet
  facet normal -0.243059 0.970012 0
    outer loop
      vertex -51.4106 50.9028 20.2
      vertex -51.1488 50.9684 18.05
      vertex -51.4106 50.9028 18.05
    endloop
  endfacet
  facet normal -0.427688 0.903926 0
    outer loop
      vertex -50.6508 51.1747 18.05
      vertex -50.8947 51.0593 20.2
      vertex -50.6508 51.1747 20.2
    endloop
  endfacet
  facet normal -0.427688 0.903926 0
    outer loop
      vertex -50.8947 51.0593 20.2
      vertex -50.6508 51.1747 18.05
      vertex -50.8947 51.0593 18.05
    endloop
  endfacet
  facet normal 0.336829 0.941566 -0
    outer loop
      vertex -52.7454 50.9684 18.05
      vertex -52.9995 51.0593 20.2
      vertex -52.7454 50.9684 20.2
    endloop
  endfacet
  facet normal 0.336829 0.941566 0
    outer loop
      vertex -52.9995 51.0593 20.2
      vertex -52.7454 50.9684 18.05
      vertex -52.9995 51.0593 18.05
    endloop
  endfacet
  facet normal -0.671805 -0.740728 0
    outer loop
      vertex -50.2025 55.7258 18.05
      vertex -50.0026 55.5445 20.2
      vertex -50.2025 55.7258 20.2
    endloop
  endfacet
  facet normal -0.671805 -0.740728 -0
    outer loop
      vertex -50.0026 55.5445 20.2
      vertex -50.2025 55.7258 18.05
      vertex -50.0026 55.5445 18.05
    endloop
  endfacet
  facet normal -0.857656 -0.514223 0
    outer loop
      vertex -49.5218 54.8963 18.05
      vertex -49.6606 55.1278 20.2
      vertex -49.6606 55.1278 18.05
    endloop
  endfacet
  facet normal -0.857656 -0.514223 0
    outer loop
      vertex -49.6606 55.1278 20.2
      vertex -49.5218 54.8963 18.05
      vertex -49.5218 54.8963 20.2
    endloop
  endfacet
  facet normal 0.0489209 0.998803 -0
    outer loop
      vertex -51.9471 50.85 18.05
      vertex -52.2166 50.8632 20.2
      vertex -51.9471 50.85 20.2
    endloop
  endfacet
  facet normal 0.0489209 0.998803 0
    outer loop
      vertex -52.2166 50.8632 20.2
      vertex -51.9471 50.85 18.05
      vertex -52.2166 50.8632 18.05
    endloop
  endfacet
  facet normal 0.671805 -0.740728 0
    outer loop
      vertex -53.8916 55.5445 18.05
      vertex -53.6917 55.7258 20.2
      vertex -53.8916 55.5445 20.2
    endloop
  endfacet
  facet normal 0.671805 -0.740728 0
    outer loop
      vertex -53.6917 55.7258 20.2
      vertex -53.8916 55.5445 18.05
      vertex -53.6917 55.7258 18.05
    endloop
  endfacet
  facet normal 0.427688 -0.903926 0
    outer loop
      vertex -53.2434 56.0253 18.05
      vertex -52.9995 56.1407 20.2
      vertex -53.2434 56.0253 20.2
    endloop
  endfacet
  facet normal 0.427688 -0.903926 0
    outer loop
      vertex -52.9995 56.1407 20.2
      vertex -53.2434 56.0253 18.05
      vertex -52.9995 56.1407 18.05
    endloop
  endfacet
  facet normal -0.803367 0.595485 0
    outer loop
      vertex -49.8213 51.8554 18.05
      vertex -49.6606 52.0722 20.2
      vertex -49.6606 52.0722 18.05
    endloop
  endfacet
  facet normal -0.803367 0.595485 0
    outer loop
      vertex -49.6606 52.0722 20.2
      vertex -49.8213 51.8554 18.05
      vertex -49.8213 51.8554 20.2
    endloop
  endfacet
  facet normal 0.243059 -0.970012 0
    outer loop
      vertex -52.7454 56.2316 18.05
      vertex -52.4836 56.2972 20.2
      vertex -52.7454 56.2316 20.2
    endloop
  endfacet
  facet normal 0.243059 -0.970012 0
    outer loop
      vertex -52.4836 56.2972 20.2
      vertex -52.7454 56.2316 18.05
      vertex -52.4836 56.2972 18.05
    endloop
  endfacet
  facet normal -0.14671 -0.98918 0
    outer loop
      vertex -51.6776 56.3368 18.05
      vertex -51.4106 56.2972 20.2
      vertex -51.6776 56.3368 20.2
    endloop
  endfacet
  facet normal -0.14671 -0.98918 -0
    outer loop
      vertex -51.4106 56.2972 20.2
      vertex -51.6776 56.3368 18.05
      vertex -51.4106 56.2972 18.05
    endloop
  endfacet
  facet normal 0.903926 -0.427688 0
    outer loop
      vertex -54.4878 54.6524 20.2
      vertex -54.3724 54.8963 18.05
      vertex -54.3724 54.8963 20.2
    endloop
  endfacet
  facet normal 0.903926 -0.427688 0
    outer loop
      vertex -54.3724 54.8963 18.05
      vertex -54.4878 54.6524 20.2
      vertex -54.4878 54.6524 18.05
    endloop
  endfacet
  facet normal 0.803367 0.595485 0
    outer loop
      vertex -54.0729 51.8554 20.2
      vertex -54.2336 52.0722 18.05
      vertex -54.2336 52.0722 20.2
    endloop
  endfacet
  facet normal 0.803367 0.595485 0
    outer loop
      vertex -54.2336 52.0722 18.05
      vertex -54.0729 51.8554 20.2
      vertex -54.0729 51.8554 18.05
    endloop
  endfacet
  facet normal 0.740728 0.671805 0
    outer loop
      vertex -53.8916 51.6555 20.2
      vertex -54.0729 51.8554 18.05
      vertex -54.0729 51.8554 20.2
    endloop
  endfacet
  facet normal 0.740728 0.671805 0
    outer loop
      vertex -54.0729 51.8554 18.05
      vertex -53.8916 51.6555 20.2
      vertex -53.8916 51.6555 18.05
    endloop
  endfacet
  facet normal 0.98918 -0.14671 0
    outer loop
      vertex -54.6839 53.8695 20.2
      vertex -54.6443 54.1365 18.05
      vertex -54.6443 54.1365 20.2
    endloop
  endfacet
  facet normal 0.98918 -0.14671 0
    outer loop
      vertex -54.6443 54.1365 18.05
      vertex -54.6839 53.8695 20.2
      vertex -54.6839 53.8695 18.05
    endloop
  endfacet
  facet normal -0.0489209 0.998803 0
    outer loop
      vertex -51.6776 50.8632 18.05
      vertex -51.9471 50.85 20.2
      vertex -51.6776 50.8632 20.2
    endloop
  endfacet
  facet normal -0.0489209 0.998803 0
    outer loop
      vertex -51.9471 50.85 20.2
      vertex -51.6776 50.8632 18.05
      vertex -51.9471 50.85 18.05
    endloop
  endfacet
  facet normal 0.970012 0.243059 0
    outer loop
      vertex -54.5787 52.8017 20.2
      vertex -54.6443 53.0635 18.05
      vertex -54.6443 53.0635 20.2
    endloop
  endfacet
  facet normal 0.970012 0.243059 0
    outer loop
      vertex -54.6443 53.0635 18.05
      vertex -54.5787 52.8017 20.2
      vertex -54.5787 52.8017 18.05
    endloop
  endfacet
  facet normal -0.595485 0.803367 0
    outer loop
      vertex -50.2025 51.4742 18.05
      vertex -50.4193 51.3135 20.2
      vertex -50.2025 51.4742 20.2
    endloop
  endfacet
  facet normal -0.595485 0.803367 0
    outer loop
      vertex -50.4193 51.3135 20.2
      vertex -50.2025 51.4742 18.05
      vertex -50.4193 51.3135 18.05
    endloop
  endfacet
  facet normal 0.427688 0.903926 -0
    outer loop
      vertex -52.9995 51.0593 18.05
      vertex -53.2434 51.1747 20.2
      vertex -52.9995 51.0593 20.2
    endloop
  endfacet
  facet normal 0.427688 0.903926 0
    outer loop
      vertex -53.2434 51.1747 20.2
      vertex -52.9995 51.0593 18.05
      vertex -53.2434 51.1747 18.05
    endloop
  endfacet
  facet normal -0.903926 0.427688 0
    outer loop
      vertex -49.5218 52.3037 18.05
      vertex -49.4064 52.5476 20.2
      vertex -49.4064 52.5476 18.05
    endloop
  endfacet
  facet normal -0.903926 0.427688 0
    outer loop
      vertex -49.4064 52.5476 20.2
      vertex -49.5218 52.3037 18.05
      vertex -49.5218 52.3037 20.2
    endloop
  endfacet
  facet normal 0.903926 0.427688 0
    outer loop
      vertex -54.3724 52.3037 20.2
      vertex -54.4878 52.5476 18.05
      vertex -54.4878 52.5476 20.2
    endloop
  endfacet
  facet normal 0.903926 0.427688 0
    outer loop
      vertex -54.4878 52.5476 18.05
      vertex -54.3724 52.3037 20.2
      vertex -54.3724 52.3037 18.05
    endloop
  endfacet
  facet normal -0.671805 0.740728 0
    outer loop
      vertex -50.0026 51.6555 18.05
      vertex -50.2025 51.4742 20.2
      vertex -50.0026 51.6555 20.2
    endloop
  endfacet
  facet normal -0.671805 0.740728 0
    outer loop
      vertex -50.2025 51.4742 20.2
      vertex -50.0026 51.6555 18.05
      vertex -50.2025 51.4742 18.05
    endloop
  endfacet
  facet normal 0.998803 -0.0489209 0
    outer loop
      vertex -54.6971 53.6 20.2
      vertex -54.6839 53.8695 18.05
      vertex -54.6839 53.8695 20.2
    endloop
  endfacet
  facet normal 0.998803 -0.0489209 0
    outer loop
      vertex -54.6839 53.8695 18.05
      vertex -54.6971 53.6 20.2
      vertex -54.6971 53.6 18.05
    endloop
  endfacet
  facet normal 0 0 -1
    outer loop
      vertex -49.2103 53.3305 20.2
      vertex -49.2103 53.8695 20.2
      vertex -49.1971 53.6 20.2
    endloop
  endfacet
  facet normal 0 0 -1
    outer loop
      vertex -49.2499 53.0635 20.2
      vertex -49.2103 53.8695 20.2
      vertex -49.2103 53.3305 20.2
    endloop
  endfacet
  facet normal 0 0 -1
    outer loop
      vertex -49.2499 53.0635 20.2
      vertex -49.2499 54.1365 20.2
      vertex -49.2103 53.8695 20.2
    endloop
  endfacet
  facet normal 0 0 -1
    outer loop
      vertex -49.3155 52.8017 20.2
      vertex -49.2499 54.1365 20.2
      vertex -49.2499 53.0635 20.2
    endloop
  endfacet
  facet normal 0 0 -1
    outer loop
      vertex -49.3155 52.8017 20.2
      vertex -49.3155 54.3983 20.2
      vertex -49.2499 54.1365 20.2
    endloop
  endfacet
  facet normal 0 0 -1
    outer loop
      vertex -49.4064 52.5476 20.2
      vertex -49.3155 54.3983 20.2
      vertex -49.3155 52.8017 20.2
    endloop
  endfacet
  facet normal 0 0 -1
    outer loop
      vertex -49.4064 52.5476 20.2
      vertex -49.4064 54.6524 20.2
      vertex -49.3155 54.3983 20.2
    endloop
  endfacet
  facet normal 0 0 -1
    outer loop
      vertex -49.5218 52.3037 20.2
      vertex -49.4064 54.6524 20.2
      vertex -49.4064 52.5476 20.2
    endloop
  endfacet
  facet normal 0 0 -1
    outer loop
      vertex -49.5218 52.3037 20.2
      vertex -49.5218 54.8963 20.2
      vertex -49.4064 54.6524 20.2
    endloop
  endfacet
  facet normal 0 0 -1
    outer loop
      vertex -49.6606 52.0722 20.2
      vertex -49.5218 54.8963 20.2
      vertex -49.5218 52.3037 20.2
    endloop
  endfacet
  facet normal 0 0 -1
    outer loop
      vertex -49.6606 52.0722 20.2
      vertex -49.6606 55.1278 20.2
      vertex -49.5218 54.8963 20.2
    endloop
  endfacet
  facet normal 0 0 -1
    outer loop
      vertex -49.8213 51.8554 20.2
      vertex -49.6606 55.1278 20.2
      vertex -49.6606 52.0722 20.2
    endloop
  endfacet
  facet normal 0 0 -1
    outer loop
      vertex -49.8213 51.8554 20.2
      vertex -49.8213 55.3446 20.2
      vertex -49.6606 55.1278 20.2
    endloop
  endfacet
  facet normal 0 0 -1
    outer loop
      vertex -50.0026 51.6555 20.2
      vertex -49.8213 55.3446 20.2
      vertex -49.8213 51.8554 20.2
    endloop
  endfacet
  facet normal 0 0 -1
    outer loop
      vertex -50.0026 51.6555 20.2
      vertex -50.0026 55.5445 20.2
      vertex -49.8213 55.3446 20.2
    endloop
  endfacet
  facet normal 0 0 -1
    outer loop
      vertex -50.2025 51.4742 20.2
      vertex -50.0026 55.5445 20.2
      vertex -50.0026 51.6555 20.2
    endloop
  endfacet
  facet normal 0 0 -1
    outer loop
      vertex -50.2025 51.4742 20.2
      vertex -50.2025 55.7258 20.2
      vertex -50.0026 55.5445 20.2
    endloop
  endfacet
  facet normal 0 0 -1
    outer loop
      vertex -50.4193 51.3135 20.2
      vertex -50.2025 55.7258 20.2
      vertex -50.2025 51.4742 20.2
    endloop
  endfacet
  facet normal 0 0 -1
    outer loop
      vertex -50.4193 51.3135 20.2
      vertex -50.4193 55.8865 20.2
      vertex -50.2025 55.7258 20.2
    endloop
  endfacet
  facet normal 0 0 -1
    outer loop
      vertex -50.6508 51.1747 20.2
      vertex -50.4193 55.8865 20.2
      vertex -50.4193 51.3135 20.2
    endloop
  endfacet
  facet normal 0 0 -1
    outer loop
      vertex -50.6508 51.1747 20.2
      vertex -50.6508 56.0253 20.2
      vertex -50.4193 55.8865 20.2
    endloop
  endfacet
  facet normal 0 0 -1
    outer loop
      vertex -50.8947 51.0593 20.2
      vertex -50.6508 56.0253 20.2
      vertex -50.6508 51.1747 20.2
    endloop
  endfacet
  facet normal 0 0 -1
    outer loop
      vertex -50.8947 51.0593 20.2
      vertex -50.8947 56.1407 20.2
      vertex -50.6508 56.0253 20.2
    endloop
  endfacet
  facet normal 0 0 -1
    outer loop
      vertex -51.1488 50.9684 20.2
      vertex -50.8947 56.1407 20.2
      vertex -50.8947 51.0593 20.2
    endloop
  endfacet
  facet normal 0 0 -1
    outer loop
      vertex -51.1488 50.9684 20.2
      vertex -51.1488 56.2316 20.2
      vertex -50.8947 56.1407 20.2
    endloop
  endfacet
  facet normal 0 0 -1
    outer loop
      vertex -51.4106 50.9028 20.2
      vertex -51.1488 56.2316 20.2
      vertex -51.1488 50.9684 20.2
    endloop
  endfacet
  facet normal 0 0 -1
    outer loop
      vertex -51.4106 50.9028 20.2
      vertex -51.4106 56.2972 20.2
      vertex -51.1488 56.2316 20.2
    endloop
  endfacet
  facet normal 0 0 -1
    outer loop
      vertex -51.6776 50.8632 20.2
      vertex -51.4106 56.2972 20.2
      vertex -51.4106 50.9028 20.2
    endloop
  endfacet
  facet normal 0 0 -1
    outer loop
      vertex -51.6776 50.8632 20.2
      vertex -51.6776 56.3368 20.2
      vertex -51.4106 56.2972 20.2
    endloop
  endfacet
  facet normal 0 0 -1
    outer loop
      vertex -51.9471 50.85 20.2
      vertex -51.6776 56.3368 20.2
      vertex -51.6776 50.8632 20.2
    endloop
  endfacet
  facet normal 0 0 -1
    outer loop
      vertex -51.9471 50.85 20.2
      vertex -51.9471 56.35 20.2
      vertex -51.6776 56.3368 20.2
    endloop
  endfacet
  facet normal 0 0 -1
    outer loop
      vertex -52.2166 50.8632 20.2
      vertex -51.9471 56.35 20.2
      vertex -51.9471 50.85 20.2
    endloop
  endfacet
  facet normal 0 0 -1
    outer loop
      vertex -52.2166 50.8632 20.2
      vertex -52.2166 56.3368 20.2
      vertex -51.9471 56.35 20.2
    endloop
  endfacet
  facet normal 0 0 -1
    outer loop
      vertex -52.4836 50.9028 20.2
      vertex -52.2166 56.3368 20.2
      vertex -52.2166 50.8632 20.2
    endloop
  endfacet
  facet normal 0 0 -1
    outer loop
      vertex -52.4836 50.9028 20.2
      vertex -52.4836 56.2972 20.2
      vertex -52.2166 56.3368 20.2
    endloop
  endfacet
  facet normal 0 0 -1
    outer loop
      vertex -52.7454 50.9684 20.2
      vertex -52.4836 56.2972 20.2
      vertex -52.4836 50.9028 20.2
    endloop
  endfacet
  facet normal 0 0 -1
    outer loop
      vertex -52.7454 50.9684 20.2
      vertex -52.7454 56.2316 20.2
      vertex -52.4836 56.2972 20.2
    endloop
  endfacet
  facet normal 0 0 -1
    outer loop
      vertex -52.9995 51.0593 20.2
      vertex -52.7454 56.2316 20.2
      vertex -52.7454 50.9684 20.2
    endloop
  endfacet
  facet normal 0 0 -1
    outer loop
      vertex -52.9995 51.0593 20.2
      vertex -52.9995 56.1407 20.2
      vertex -52.7454 56.2316 20.2
    endloop
  endfacet
  facet normal 0 0 -1
    outer loop
      vertex -53.2434 51.1747 20.2
      vertex -52.9995 56.1407 20.2
      vertex -52.9995 51.0593 20.2
    endloop
  endfacet
  facet normal 0 0 -1
    outer loop
      vertex -53.2434 51.1747 20.2
      vertex -53.2434 56.0253 20.2
      vertex -52.9995 56.1407 20.2
    endloop
  endfacet
  facet normal 0 0 -1
    outer loop
      vertex -53.4749 51.3135 20.2
      vertex -53.2434 56.0253 20.2
      vertex -53.2434 51.1747 20.2
    endloop
  endfacet
  facet normal 0 0 -1
    outer loop
      vertex -53.4749 51.3135 20.2
      vertex -53.4749 55.8865 20.2
      vertex -53.2434 56.0253 20.2
    endloop
  endfacet
  facet normal 0 0 -1
    outer loop
      vertex -53.6917 51.4742 20.2
      vertex -53.4749 55.8865 20.2
      vertex -53.4749 51.3135 20.2
    endloop
  endfacet
  facet normal 0 0 -1
    outer loop
      vertex -53.6917 51.4742 20.2
      vertex -53.6917 55.7258 20.2
      vertex -53.4749 55.8865 20.2
    endloop
  endfacet
  facet normal 0 0 -1
    outer loop
      vertex -53.8916 51.6555 20.2
      vertex -53.6917 55.7258 20.2
      vertex -53.6917 51.4742 20.2
    endloop
  endfacet
  facet normal 0 0 -1
    outer loop
      vertex -53.8916 51.6555 20.2
      vertex -53.8916 55.5445 20.2
      vertex -53.6917 55.7258 20.2
    endloop
  endfacet
  facet normal 0 0 -1
    outer loop
      vertex -54.0729 51.8554 20.2
      vertex -53.8916 55.5445 20.2
      vertex -53.8916 51.6555 20.2
    endloop
  endfacet
  facet normal 0 0 -1
    outer loop
      vertex -54.0729 51.8554 20.2
      vertex -54.0729 55.3446 20.2
      vertex -53.8916 55.5445 20.2
    endloop
  endfacet
  facet normal 0 0 -1
    outer loop
      vertex -54.2336 52.0722 20.2
      vertex -54.0729 55.3446 20.2
      vertex -54.0729 51.8554 20.2
    endloop
  endfacet
  facet normal 0 0 -1
    outer loop
      vertex -54.2336 52.0722 20.2
      vertex -54.2336 55.1278 20.2
      vertex -54.0729 55.3446 20.2
    endloop
  endfacet
  facet normal 0 0 -1
    outer loop
      vertex -54.3724 52.3037 20.2
      vertex -54.2336 55.1278 20.2
      vertex -54.2336 52.0722 20.2
    endloop
  endfacet
  facet normal 0 0 -1
    outer loop
      vertex -54.3724 52.3037 20.2
      vertex -54.3724 54.8963 20.2
      vertex -54.2336 55.1278 20.2
    endloop
  endfacet
  facet normal 0 0 -1
    outer loop
      vertex -54.4878 52.5476 20.2
      vertex -54.3724 54.8963 20.2
      vertex -54.3724 52.3037 20.2
    endloop
  endfacet
  facet normal 0 0 -1
    outer loop
      vertex -54.4878 52.5476 20.2
      vertex -54.4878 54.6524 20.2
      vertex -54.3724 54.8963 20.2
    endloop
  endfacet
  facet normal 0 0 -1
    outer loop
      vertex -54.5787 52.8017 20.2
      vertex -54.4878 54.6524 20.2
      vertex -54.4878 52.5476 20.2
    endloop
  endfacet
  facet normal 0 0 -1
    outer loop
      vertex -54.5787 52.8017 20.2
      vertex -54.5787 54.3983 20.2
      vertex -54.4878 54.6524 20.2
    endloop
  endfacet
  facet normal 0 0 -1
    outer loop
      vertex -54.6443 53.0635 20.2
      vertex -54.5787 54.3983 20.2
      vertex -54.5787 52.8017 20.2
    endloop
  endfacet
  facet normal 0 0 -1
    outer loop
      vertex -54.6443 53.0635 20.2
      vertex -54.6443 54.1365 20.2
      vertex -54.5787 54.3983 20.2
    endloop
  endfacet
  facet normal 0 0 -1
    outer loop
      vertex -54.6839 53.3305 20.2
      vertex -54.6443 54.1365 20.2
      vertex -54.6443 53.0635 20.2
    endloop
  endfacet
  facet normal 0 0 -1
    outer loop
      vertex -54.6839 53.3305 20.2
      vertex -54.6839 53.8695 20.2
      vertex -54.6443 54.1365 20.2
    endloop
  endfacet
  facet normal 0 -0 -1
    outer loop
      vertex -54.6839 53.8695 20.2
      vertex -54.6839 53.3305 20.2
      vertex -54.6971 53.6 20.2
    endloop
  endfacet
  facet normal -0.98918 -0.14671 0
    outer loop
      vertex 54.6839 53.8695 18.05
      vertex 54.6443 54.1365 20.2
      vertex 54.6443 54.1365 18.05
    endloop
  endfacet
  facet normal -0.98918 -0.14671 0
    outer loop
      vertex 54.6443 54.1365 20.2
      vertex 54.6839 53.8695 18.05
      vertex 54.6839 53.8695 20.2
    endloop
  endfacet
  facet normal -0.998803 -0.0489209 0
    outer loop
      vertex 54.6971 53.6 18.05
      vertex 54.6839 53.8695 20.2
      vertex 54.6839 53.8695 18.05
    endloop
  endfacet
  facet normal -0.998803 -0.0489209 0
    outer loop
      vertex 54.6839 53.8695 20.2
      vertex 54.6971 53.6 18.05
      vertex 54.6971 53.6 20.2
    endloop
  endfacet
  facet normal -0.970012 -0.243059 0
    outer loop
      vertex 54.6443 54.1365 18.05
      vertex 54.5787 54.3983 20.2
      vertex 54.5787 54.3983 18.05
    endloop
  endfacet
  facet normal -0.970012 -0.243059 0
    outer loop
      vertex 54.5787 54.3983 20.2
      vertex 54.6443 54.1365 18.05
      vertex 54.6443 54.1365 20.2
    endloop
  endfacet
  facet normal -0.903926 -0.427688 0
    outer loop
      vertex 54.4878 54.6524 18.05
      vertex 54.3724 54.8963 20.2
      vertex 54.3724 54.8963 18.05
    endloop
  endfacet
  facet normal -0.903926 -0.427688 0
    outer loop
      vertex 54.3724 54.8963 20.2
      vertex 54.4878 54.6524 18.05
      vertex 54.4878 54.6524 20.2
    endloop
  endfacet
  facet normal -0.427688 0.903926 0
    outer loop
      vertex 53.2434 51.1747 18.05
      vertex 52.9995 51.0593 20.2
      vertex 53.2434 51.1747 20.2
    endloop
  endfacet
  facet normal -0.427688 0.903926 0
    outer loop
      vertex 52.9995 51.0593 20.2
      vertex 53.2434 51.1747 18.05
      vertex 52.9995 51.0593 18.05
    endloop
  endfacet
  facet normal -0.336829 0.941566 0
    outer loop
      vertex 52.9995 51.0593 18.05
      vertex 52.7454 50.9684 20.2
      vertex 52.9995 51.0593 20.2
    endloop
  endfacet
  facet normal -0.336829 0.941566 0
    outer loop
      vertex 52.7454 50.9684 20.2
      vertex 52.9995 51.0593 18.05
      vertex 52.7454 50.9684 18.05
    endloop
  endfacet
  facet normal -0.0489209 -0.998803 0
    outer loop
      vertex 51.9471 56.35 18.05
      vertex 52.2166 56.3368 20.2
      vertex 51.9471 56.35 20.2
    endloop
  endfacet
  facet normal -0.0489209 -0.998803 -0
    outer loop
      vertex 52.2166 56.3368 20.2
      vertex 51.9471 56.35 18.05
      vertex 52.2166 56.3368 18.05
    endloop
  endfacet
  facet normal -0.14671 0.98918 0
    outer loop
      vertex 52.4836 50.9028 18.05
      vertex 52.2166 50.8632 20.2
      vertex 52.4836 50.9028 20.2
    endloop
  endfacet
  facet normal -0.14671 0.98918 0
    outer loop
      vertex 52.2166 50.8632 20.2
      vertex 52.4836 50.9028 18.05
      vertex 52.2166 50.8632 18.05
    endloop
  endfacet
  facet normal 0.0489209 0.998803 -0
    outer loop
      vertex 51.9471 50.85 18.05
      vertex 51.6776 50.8632 20.2
      vertex 51.9471 50.85 20.2
    endloop
  endfacet
  facet normal 0.0489209 0.998803 0
    outer loop
      vertex 51.6776 50.8632 20.2
      vertex 51.9471 50.85 18.05
      vertex 51.6776 50.8632 18.05
    endloop
  endfacet
  facet normal 0.803367 -0.595485 0
    outer loop
      vertex 49.6606 55.1278 20.2
      vertex 49.8213 55.3446 18.05
      vertex 49.8213 55.3446 20.2
    endloop
  endfacet
  facet normal 0.803367 -0.595485 0
    outer loop
      vertex 49.8213 55.3446 18.05
      vertex 49.6606 55.1278 20.2
      vertex 49.6606 55.1278 18.05
    endloop
  endfacet
  facet normal 0.98918 -0.14671 0
    outer loop
      vertex 49.2103 53.8695 20.2
      vertex 49.2499 54.1365 18.05
      vertex 49.2499 54.1365 20.2
    endloop
  endfacet
  facet normal 0.98918 -0.14671 0
    outer loop
      vertex 49.2499 54.1365 18.05
      vertex 49.2103 53.8695 20.2
      vertex 49.2103 53.8695 18.05
    endloop
  endfacet
  facet normal 0.671805 0.740728 -0
    outer loop
      vertex 50.2025 51.4742 18.05
      vertex 50.0026 51.6555 20.2
      vertex 50.2025 51.4742 20.2
    endloop
  endfacet
  facet normal 0.671805 0.740728 0
    outer loop
      vertex 50.0026 51.6555 20.2
      vertex 50.2025 51.4742 18.05
      vertex 50.0026 51.6555 18.05
    endloop
  endfacet
  facet normal -0.803367 -0.595485 0
    outer loop
      vertex 54.2336 55.1278 18.05
      vertex 54.0729 55.3446 20.2
      vertex 54.0729 55.3446 18.05
    endloop
  endfacet
  facet normal -0.803367 -0.595485 0
    outer loop
      vertex 54.0729 55.3446 20.2
      vertex 54.2336 55.1278 18.05
      vertex 54.2336 55.1278 20.2
    endloop
  endfacet
  facet normal -0.514223 0.857656 0
    outer loop
      vertex 53.4749 51.3135 18.05
      vertex 53.2434 51.1747 20.2
      vertex 53.4749 51.3135 20.2
    endloop
  endfacet
  facet normal -0.514223 0.857656 0
    outer loop
      vertex 53.2434 51.1747 20.2
      vertex 53.4749 51.3135 18.05
      vertex 53.2434 51.1747 18.05
    endloop
  endfacet
  facet normal 0.336829 0.941566 -0
    outer loop
      vertex 51.1488 50.9684 18.05
      vertex 50.8947 51.0593 20.2
      vertex 51.1488 50.9684 20.2
    endloop
  endfacet
  facet normal 0.336829 0.941566 0
    outer loop
      vertex 50.8947 51.0593 20.2
      vertex 51.1488 50.9684 18.05
      vertex 50.8947 51.0593 18.05
    endloop
  endfacet
  facet normal -0.740728 0.671805 0
    outer loop
      vertex 53.8916 51.6555 18.05
      vertex 54.0729 51.8554 20.2
      vertex 54.0729 51.8554 18.05
    endloop
  endfacet
  facet normal -0.740728 0.671805 0
    outer loop
      vertex 54.0729 51.8554 20.2
      vertex 53.8916 51.6555 18.05
      vertex 53.8916 51.6555 20.2
    endloop
  endfacet
  facet normal 0.941566 -0.336829 0
    outer loop
      vertex 49.3155 54.3983 20.2
      vertex 49.4064 54.6524 18.05
      vertex 49.4064 54.6524 20.2
    endloop
  endfacet
  facet normal 0.941566 -0.336829 0
    outer loop
      vertex 49.4064 54.6524 18.05
      vertex 49.3155 54.3983 20.2
      vertex 49.3155 54.3983 18.05
    endloop
  endfacet
  facet normal -0.514223 -0.857656 0
    outer loop
      vertex 53.2434 56.0253 18.05
      vertex 53.4749 55.8865 20.2
      vertex 53.2434 56.0253 20.2
    endloop
  endfacet
  facet normal -0.514223 -0.857656 -0
    outer loop
      vertex 53.4749 55.8865 20.2
      vertex 53.2434 56.0253 18.05
      vertex 53.4749 55.8865 18.05
    endloop
  endfacet
  facet normal -0.427688 -0.903926 0
    outer loop
      vertex 52.9995 56.1407 18.05
      vertex 53.2434 56.0253 20.2
      vertex 52.9995 56.1407 20.2
    endloop
  endfacet
  facet normal -0.427688 -0.903926 -0
    outer loop
      vertex 53.2434 56.0253 20.2
      vertex 52.9995 56.1407 18.05
      vertex 53.2434 56.0253 18.05
    endloop
  endfacet
  facet normal -0.970012 0.243059 0
    outer loop
      vertex 54.5787 52.8017 18.05
      vertex 54.6443 53.0635 20.2
      vertex 54.6443 53.0635 18.05
    endloop
  endfacet
  facet normal -0.970012 0.243059 0
    outer loop
      vertex 54.6443 53.0635 20.2
      vertex 54.5787 52.8017 18.05
      vertex 54.5787 52.8017 20.2
    endloop
  endfacet
  facet normal 0.514223 -0.857656 0
    outer loop
      vertex 50.4193 55.8865 18.05
      vertex 50.6508 56.0253 20.2
      vertex 50.4193 55.8865 20.2
    endloop
  endfacet
  facet normal 0.514223 -0.857656 0
    outer loop
      vertex 50.6508 56.0253 20.2
      vertex 50.4193 55.8865 18.05
      vertex 50.6508 56.0253 18.05
    endloop
  endfacet
  facet normal 0.336829 -0.941566 0
    outer loop
      vertex 50.8947 56.1407 18.05
      vertex 51.1488 56.2316 20.2
      vertex 50.8947 56.1407 20.2
    endloop
  endfacet
  facet normal 0.336829 -0.941566 0
    outer loop
      vertex 51.1488 56.2316 20.2
      vertex 50.8947 56.1407 18.05
      vertex 51.1488 56.2316 18.05
    endloop
  endfacet
  facet normal 0.998803 0.0489209 0
    outer loop
      vertex 49.2103 53.3305 20.2
      vertex 49.1971 53.6 18.05
      vertex 49.1971 53.6 20.2
    endloop
  endfacet
  facet normal 0.998803 0.0489209 0
    outer loop
      vertex 49.1971 53.6 18.05
      vertex 49.2103 53.3305 20.2
      vertex 49.2103 53.3305 18.05
    endloop
  endfacet
  facet normal -0.336829 -0.941566 0
    outer loop
      vertex 52.7454 56.2316 18.05
      vertex 52.9995 56.1407 20.2
      vertex 52.7454 56.2316 20.2
    endloop
  endfacet
  facet normal -0.336829 -0.941566 -0
    outer loop
      vertex 52.9995 56.1407 20.2
      vertex 52.7454 56.2316 18.05
      vertex 52.9995 56.1407 18.05
    endloop
  endfacet
  facet normal 0.595485 -0.803367 0
    outer loop
      vertex 50.2025 55.7258 18.05
      vertex 50.4193 55.8865 20.2
      vertex 50.2025 55.7258 20.2
    endloop
  endfacet
  facet normal 0.595485 -0.803367 0
    outer loop
      vertex 50.4193 55.8865 20.2
      vertex 50.2025 55.7258 18.05
      vertex 50.4193 55.8865 18.05
    endloop
  endfacet
  facet normal 0.941566 0.336829 0
    outer loop
      vertex 49.4064 52.5476 20.2
      vertex 49.3155 52.8017 18.05
      vertex 49.3155 52.8017 20.2
    endloop
  endfacet
  facet normal 0.941566 0.336829 0
    outer loop
      vertex 49.3155 52.8017 18.05
      vertex 49.4064 52.5476 20.2
      vertex 49.4064 52.5476 18.05
    endloop
  endfacet
  facet normal 0.970012 -0.243059 0
    outer loop
      vertex 49.2499 54.1365 20.2
      vertex 49.3155 54.3983 18.05
      vertex 49.3155 54.3983 20.2
    endloop
  endfacet
  facet normal 0.970012 -0.243059 0
    outer loop
      vertex 49.3155 54.3983 18.05
      vertex 49.2499 54.1365 20.2
      vertex 49.2499 54.1365 18.05
    endloop
  endfacet
  facet normal -0.671805 -0.740728 0
    outer loop
      vertex 53.6917 55.7258 18.05
      vertex 53.8916 55.5445 20.2
      vertex 53.6917 55.7258 20.2
    endloop
  endfacet
  facet normal -0.671805 -0.740728 -0
    outer loop
      vertex 53.8916 55.5445 20.2
      vertex 53.6917 55.7258 18.05
      vertex 53.8916 55.5445 18.05
    endloop
  endfacet
  facet normal -0.98918 0.14671 0
    outer loop
      vertex 54.6443 53.0635 18.05
      vertex 54.6839 53.3305 20.2
      vertex 54.6839 53.3305 18.05
    endloop
  endfacet
  facet normal -0.98918 0.14671 0
    outer loop
      vertex 54.6839 53.3305 20.2
      vertex 54.6443 53.0635 18.05
      vertex 54.6443 53.0635 20.2
    endloop
  endfacet
  facet normal -0.998803 0.0489209 0
    outer loop
      vertex 54.6839 53.3305 18.05
      vertex 54.6971 53.6 20.2
      vertex 54.6971 53.6 18.05
    endloop
  endfacet
  facet normal -0.998803 0.0489209 0
    outer loop
      vertex 54.6971 53.6 20.2
      vertex 54.6839 53.3305 18.05
      vertex 54.6839 53.3305 20.2
    endloop
  endfacet
  facet normal -0.941566 0.336829 0
    outer loop
      vertex 54.4878 52.5476 18.05
      vertex 54.5787 52.8017 20.2
      vertex 54.5787 52.8017 18.05
    endloop
  endfacet
  facet normal -0.941566 0.336829 0
    outer loop
      vertex 54.5787 52.8017 20.2
      vertex 54.4878 52.5476 18.05
      vertex 54.4878 52.5476 20.2
    endloop
  endfacet
  facet normal 0.98918 0.14671 0
    outer loop
      vertex 49.2499 53.0635 20.2
      vertex 49.2103 53.3305 18.05
      vertex 49.2103 53.3305 20.2
    endloop
  endfacet
  facet normal 0.98918 0.14671 0
    outer loop
      vertex 49.2103 53.3305 18.05
      vertex 49.2499 53.0635 20.2
      vertex 49.2499 53.0635 18.05
    endloop
  endfacet
  facet normal 0.14671 0.98918 -0
    outer loop
      vertex 51.6776 50.8632 18.05
      vertex 51.4106 50.9028 20.2
      vertex 51.6776 50.8632 20.2
    endloop
  endfacet
  facet normal 0.14671 0.98918 0
    outer loop
      vertex 51.4106 50.9028 20.2
      vertex 51.6776 50.8632 18.05
      vertex 51.4106 50.9028 18.05
    endloop
  endfacet
  facet normal 0.14671 -0.98918 0
    outer loop
      vertex 51.4106 56.2972 18.05
      vertex 51.6776 56.3368 20.2
      vertex 51.4106 56.2972 20.2
    endloop
  endfacet
  facet normal 0.14671 -0.98918 0
    outer loop
      vertex 51.6776 56.3368 20.2
      vertex 51.4106 56.2972 18.05
      vertex 51.6776 56.3368 18.05
    endloop
  endfacet
  facet normal -0.857656 0.514223 0
    outer loop
      vertex 54.2336 52.0722 18.05
      vertex 54.3724 52.3037 20.2
      vertex 54.3724 52.3037 18.05
    endloop
  endfacet
  facet normal -0.857656 0.514223 0
    outer loop
      vertex 54.3724 52.3037 20.2
      vertex 54.2336 52.0722 18.05
      vertex 54.2336 52.0722 20.2
    endloop
  endfacet
  facet normal -0.941566 -0.336829 0
    outer loop
      vertex 54.5787 54.3983 18.05
      vertex 54.4878 54.6524 20.2
      vertex 54.4878 54.6524 18.05
    endloop
  endfacet
  facet normal -0.941566 -0.336829 0
    outer loop
      vertex 54.4878 54.6524 20.2
      vertex 54.5787 54.3983 18.05
      vertex 54.5787 54.3983 20.2
    endloop
  endfacet
  facet normal 0.857656 0.514223 0
    outer loop
      vertex 49.6606 52.0722 20.2
      vertex 49.5218 52.3037 18.05
      vertex 49.5218 52.3037 20.2
    endloop
  endfacet
  facet normal 0.857656 0.514223 0
    outer loop
      vertex 49.5218 52.3037 18.05
      vertex 49.6606 52.0722 20.2
      vertex 49.6606 52.0722 18.05
    endloop
  endfacet
  facet normal 0.740728 -0.671805 0
    outer loop
      vertex 49.8213 55.3446 20.2
      vertex 50.0026 55.5445 18.05
      vertex 50.0026 55.5445 20.2
    endloop
  endfacet
  facet normal 0.740728 -0.671805 0
    outer loop
      vertex 50.0026 55.5445 18.05
      vertex 49.8213 55.3446 20.2
      vertex 49.8213 55.3446 18.05
    endloop
  endfacet
  facet normal -0.243059 0.970012 0
    outer loop
      vertex 52.7454 50.9684 18.05
      vertex 52.4836 50.9028 20.2
      vertex 52.7454 50.9684 20.2
    endloop
  endfacet
  facet normal -0.243059 0.970012 0
    outer loop
      vertex 52.4836 50.9028 20.2
      vertex 52.7454 50.9684 18.05
      vertex 52.4836 50.9028 18.05
    endloop
  endfacet
  facet normal -0.740728 -0.671805 0
    outer loop
      vertex 54.0729 55.3446 18.05
      vertex 53.8916 55.5445 20.2
      vertex 53.8916 55.5445 18.05
    endloop
  endfacet
  facet normal -0.740728 -0.671805 0
    outer loop
      vertex 53.8916 55.5445 20.2
      vertex 54.0729 55.3446 18.05
      vertex 54.0729 55.3446 20.2
    endloop
  endfacet
  facet normal -0.595485 -0.803367 0
    outer loop
      vertex 53.4749 55.8865 18.05
      vertex 53.6917 55.7258 20.2
      vertex 53.4749 55.8865 20.2
    endloop
  endfacet
  facet normal -0.595485 -0.803367 -0
    outer loop
      vertex 53.6917 55.7258 20.2
      vertex 53.4749 55.8865 18.05
      vertex 53.6917 55.7258 18.05
    endloop
  endfacet
  facet normal 0.427688 0.903926 -0
    outer loop
      vertex 50.8947 51.0593 18.05
      vertex 50.6508 51.1747 20.2
      vertex 50.8947 51.0593 20.2
    endloop
  endfacet
  facet normal 0.427688 0.903926 0
    outer loop
      vertex 50.6508 51.1747 20.2
      vertex 50.8947 51.0593 18.05
      vertex 50.6508 51.1747 18.05
    endloop
  endfacet
  facet normal -0.857656 -0.514223 0
    outer loop
      vertex 54.3724 54.8963 18.05
      vertex 54.2336 55.1278 20.2
      vertex 54.2336 55.1278 18.05
    endloop
  endfacet
  facet normal -0.857656 -0.514223 0
    outer loop
      vertex 54.2336 55.1278 20.2
      vertex 54.3724 54.8963 18.05
      vertex 54.3724 54.8963 20.2
    endloop
  endfacet
  facet normal 0.671805 -0.740728 0
    outer loop
      vertex 50.0026 55.5445 18.05
      vertex 50.2025 55.7258 20.2
      vertex 50.0026 55.5445 20.2
    endloop
  endfacet
  facet normal 0.671805 -0.740728 0
    outer loop
      vertex 50.2025 55.7258 20.2
      vertex 50.0026 55.5445 18.05
      vertex 50.2025 55.7258 18.05
    endloop
  endfacet
  facet normal 0.427688 -0.903926 0
    outer loop
      vertex 50.6508 56.0253 18.05
      vertex 50.8947 56.1407 20.2
      vertex 50.6508 56.0253 20.2
    endloop
  endfacet
  facet normal 0.427688 -0.903926 0
    outer loop
      vertex 50.8947 56.1407 20.2
      vertex 50.6508 56.0253 18.05
      vertex 50.8947 56.1407 18.05
    endloop
  endfacet
  facet normal -0.803367 0.595485 0
    outer loop
      vertex 54.0729 51.8554 18.05
      vertex 54.2336 52.0722 20.2
      vertex 54.2336 52.0722 18.05
    endloop
  endfacet
  facet normal -0.803367 0.595485 0
    outer loop
      vertex 54.2336 52.0722 20.2
      vertex 54.0729 51.8554 18.05
      vertex 54.0729 51.8554 20.2
    endloop
  endfacet
  facet normal 0.243059 -0.970012 0
    outer loop
      vertex 51.1488 56.2316 18.05
      vertex 51.4106 56.2972 20.2
      vertex 51.1488 56.2316 20.2
    endloop
  endfacet
  facet normal 0.243059 -0.970012 0
    outer loop
      vertex 51.4106 56.2972 20.2
      vertex 51.1488 56.2316 18.05
      vertex 51.4106 56.2972 18.05
    endloop
  endfacet
  facet normal 0 0 -1
    outer loop
      vertex 54.6839 53.3305 20.2
      vertex 54.6839 53.8695 20.2
      vertex 54.6971 53.6 20.2
    endloop
  endfacet
  facet normal 0 0 -1
    outer loop
      vertex 54.6443 53.0635 20.2
      vertex 54.6839 53.8695 20.2
      vertex 54.6839 53.3305 20.2
    endloop
  endfacet
  facet normal 0 0 -1
    outer loop
      vertex 54.6443 53.0635 20.2
      vertex 54.6443 54.1365 20.2
      vertex 54.6839 53.8695 20.2
    endloop
  endfacet
  facet normal 0 0 -1
    outer loop
      vertex 54.5787 52.8017 20.2
      vertex 54.6443 54.1365 20.2
      vertex 54.6443 53.0635 20.2
    endloop
  endfacet
  facet normal 0 0 -1
    outer loop
      vertex 54.5787 52.8017 20.2
      vertex 54.5787 54.3983 20.2
      vertex 54.6443 54.1365 20.2
    endloop
  endfacet
  facet normal 0 0 -1
    outer loop
      vertex 54.4878 52.5476 20.2
      vertex 54.5787 54.3983 20.2
      vertex 54.5787 52.8017 20.2
    endloop
  endfacet
  facet normal 0 0 -1
    outer loop
      vertex 54.4878 52.5476 20.2
      vertex 54.4878 54.6524 20.2
      vertex 54.5787 54.3983 20.2
    endloop
  endfacet
  facet normal 0 0 -1
    outer loop
      vertex 54.3724 52.3037 20.2
      vertex 54.4878 54.6524 20.2
      vertex 54.4878 52.5476 20.2
    endloop
  endfacet
  facet normal 0 0 -1
    outer loop
      vertex 54.3724 52.3037 20.2
      vertex 54.3724 54.8963 20.2
      vertex 54.4878 54.6524 20.2
    endloop
  endfacet
  facet normal 0 0 -1
    outer loop
      vertex 54.2336 52.0722 20.2
      vertex 54.3724 54.8963 20.2
      vertex 54.3724 52.3037 20.2
    endloop
  endfacet
  facet normal 0 0 -1
    outer loop
      vertex 54.2336 52.0722 20.2
      vertex 54.2336 55.1278 20.2
      vertex 54.3724 54.8963 20.2
    endloop
  endfacet
  facet normal 0 0 -1
    outer loop
      vertex 54.0729 51.8554 20.2
      vertex 54.2336 55.1278 20.2
      vertex 54.2336 52.0722 20.2
    endloop
  endfacet
  facet normal 0 0 -1
    outer loop
      vertex 54.0729 51.8554 20.2
      vertex 54.0729 55.3446 20.2
      vertex 54.2336 55.1278 20.2
    endloop
  endfacet
  facet normal 0 0 -1
    outer loop
      vertex 53.8916 51.6555 20.2
      vertex 54.0729 55.3446 20.2
      vertex 54.0729 51.8554 20.2
    endloop
  endfacet
  facet normal 0 0 -1
    outer loop
      vertex 53.8916 51.6555 20.2
      vertex 53.8916 55.5445 20.2
      vertex 54.0729 55.3446 20.2
    endloop
  endfacet
  facet normal 0 0 -1
    outer loop
      vertex 53.6917 51.4742 20.2
      vertex 53.8916 55.5445 20.2
      vertex 53.8916 51.6555 20.2
    endloop
  endfacet
  facet normal 0 0 -1
    outer loop
      vertex 53.6917 51.4742 20.2
      vertex 53.6917 55.7258 20.2
      vertex 53.8916 55.5445 20.2
    endloop
  endfacet
  facet normal 0 0 -1
    outer loop
      vertex 53.4749 51.3135 20.2
      vertex 53.6917 55.7258 20.2
      vertex 53.6917 51.4742 20.2
    endloop
  endfacet
  facet normal 0 0 -1
    outer loop
      vertex 53.4749 51.3135 20.2
      vertex 53.4749 55.8865 20.2
      vertex 53.6917 55.7258 20.2
    endloop
  endfacet
  facet normal 0 0 -1
    outer loop
      vertex 53.2434 51.1747 20.2
      vertex 53.4749 55.8865 20.2
      vertex 53.4749 51.3135 20.2
    endloop
  endfacet
  facet normal 0 0 -1
    outer loop
      vertex 53.2434 51.1747 20.2
      vertex 53.2434 56.0253 20.2
      vertex 53.4749 55.8865 20.2
    endloop
  endfacet
  facet normal 0 0 -1
    outer loop
      vertex 52.9995 51.0593 20.2
      vertex 53.2434 56.0253 20.2
      vertex 53.2434 51.1747 20.2
    endloop
  endfacet
  facet normal 0 0 -1
    outer loop
      vertex 52.9995 51.0593 20.2
      vertex 52.9995 56.1407 20.2
      vertex 53.2434 56.0253 20.2
    endloop
  endfacet
  facet normal 0 0 -1
    outer loop
      vertex 52.7454 50.9684 20.2
      vertex 52.9995 56.1407 20.2
      vertex 52.9995 51.0593 20.2
    endloop
  endfacet
  facet normal 0 0 -1
    outer loop
      vertex 52.7454 50.9684 20.2
      vertex 52.7454 56.2316 20.2
      vertex 52.9995 56.1407 20.2
    endloop
  endfacet
  facet normal 0 0 -1
    outer loop
      vertex 52.4836 50.9028 20.2
      vertex 52.7454 56.2316 20.2
      vertex 52.7454 50.9684 20.2
    endloop
  endfacet
  facet normal 0 0 -1
    outer loop
      vertex 52.4836 50.9028 20.2
      vertex 52.4836 56.2972 20.2
      vertex 52.7454 56.2316 20.2
    endloop
  endfacet
  facet normal 0 0 -1
    outer loop
      vertex 52.2166 50.8632 20.2
      vertex 52.4836 56.2972 20.2
      vertex 52.4836 50.9028 20.2
    endloop
  endfacet
  facet normal 0 0 -1
    outer loop
      vertex 52.2166 50.8632 20.2
      vertex 52.2166 56.3368 20.2
      vertex 52.4836 56.2972 20.2
    endloop
  endfacet
  facet normal 0 0 -1
    outer loop
      vertex 51.9471 50.85 20.2
      vertex 52.2166 56.3368 20.2
      vertex 52.2166 50.8632 20.2
    endloop
  endfacet
  facet normal 0 0 -1
    outer loop
      vertex 51.9471 50.85 20.2
      vertex 51.9471 56.35 20.2
      vertex 52.2166 56.3368 20.2
    endloop
  endfacet
  facet normal 0 0 -1
    outer loop
      vertex 51.6776 50.8632 20.2
      vertex 51.9471 56.35 20.2
      vertex 51.9471 50.85 20.2
    endloop
  endfacet
  facet normal 0 0 -1
    outer loop
      vertex 51.6776 50.8632 20.2
      vertex 51.6776 56.3368 20.2
      vertex 51.9471 56.35 20.2
    endloop
  endfacet
  facet normal 0 0 -1
    outer loop
      vertex 51.4106 50.9028 20.2
      vertex 51.6776 56.3368 20.2
      vertex 51.6776 50.8632 20.2
    endloop
  endfacet
  facet normal 0 0 -1
    outer loop
      vertex 51.4106 50.9028 20.2
      vertex 51.4106 56.2972 20.2
      vertex 51.6776 56.3368 20.2
    endloop
  endfacet
  facet normal 0 0 -1
    outer loop
      vertex 51.1488 50.9684 20.2
      vertex 51.4106 56.2972 20.2
      vertex 51.4106 50.9028 20.2
    endloop
  endfacet
  facet normal 0 0 -1
    outer loop
      vertex 51.1488 50.9684 20.2
      vertex 51.1488 56.2316 20.2
      vertex 51.4106 56.2972 20.2
    endloop
  endfacet
  facet normal 0 0 -1
    outer loop
      vertex 50.8947 51.0593 20.2
      vertex 51.1488 56.2316 20.2
      vertex 51.1488 50.9684 20.2
    endloop
  endfacet
  facet normal 0 0 -1
    outer loop
      vertex 50.8947 51.0593 20.2
      vertex 50.8947 56.1407 20.2
      vertex 51.1488 56.2316 20.2
    endloop
  endfacet
  facet normal 0 0 -1
    outer loop
      vertex 50.6508 51.1747 20.2
      vertex 50.8947 56.1407 20.2
      vertex 50.8947 51.0593 20.2
    endloop
  endfacet
  facet normal 0 0 -1
    outer loop
      vertex 50.6508 51.1747 20.2
      vertex 50.6508 56.0253 20.2
      vertex 50.8947 56.1407 20.2
    endloop
  endfacet
  facet normal 0 0 -1
    outer loop
      vertex 50.4193 51.3135 20.2
      vertex 50.6508 56.0253 20.2
      vertex 50.6508 51.1747 20.2
    endloop
  endfacet
  facet normal 0 0 -1
    outer loop
      vertex 50.4193 51.3135 20.2
      vertex 50.4193 55.8865 20.2
      vertex 50.6508 56.0253 20.2
    endloop
  endfacet
  facet normal 0 0 -1
    outer loop
      vertex 50.2025 51.4742 20.2
      vertex 50.4193 55.8865 20.2
      vertex 50.4193 51.3135 20.2
    endloop
  endfacet
  facet normal 0 0 -1
    outer loop
      vertex 50.2025 51.4742 20.2
      vertex 50.2025 55.7258 20.2
      vertex 50.4193 55.8865 20.2
    endloop
  endfacet
  facet normal 0 0 -1
    outer loop
      vertex 50.0026 51.6555 20.2
      vertex 50.2025 55.7258 20.2
      vertex 50.2025 51.4742 20.2
    endloop
  endfacet
  facet normal 0 0 -1
    outer loop
      vertex 50.0026 51.6555 20.2
      vertex 50.0026 55.5445 20.2
      vertex 50.2025 55.7258 20.2
    endloop
  endfacet
  facet normal 0 0 -1
    outer loop
      vertex 49.8213 51.8554 20.2
      vertex 50.0026 55.5445 20.2
      vertex 50.0026 51.6555 20.2
    endloop
  endfacet
  facet normal 0 0 -1
    outer loop
      vertex 49.8213 51.8554 20.2
      vertex 49.8213 55.3446 20.2
      vertex 50.0026 55.5445 20.2
    endloop
  endfacet
  facet normal 0 0 -1
    outer loop
      vertex 49.6606 52.0722 20.2
      vertex 49.8213 55.3446 20.2
      vertex 49.8213 51.8554 20.2
    endloop
  endfacet
  facet normal 0 0 -1
    outer loop
      vertex 49.6606 52.0722 20.2
      vertex 49.6606 55.1278 20.2
      vertex 49.8213 55.3446 20.2
    endloop
  endfacet
  facet normal 0 0 -1
    outer loop
      vertex 49.5218 52.3037 20.2
      vertex 49.6606 55.1278 20.2
      vertex 49.6606 52.0722 20.2
    endloop
  endfacet
  facet normal 0 0 -1
    outer loop
      vertex 49.5218 52.3037 20.2
      vertex 49.5218 54.8963 20.2
      vertex 49.6606 55.1278 20.2
    endloop
  endfacet
  facet normal 0 0 -1
    outer loop
      vertex 49.4064 52.5476 20.2
      vertex 49.5218 54.8963 20.2
      vertex 49.5218 52.3037 20.2
    endloop
  endfacet
  facet normal 0 0 -1
    outer loop
      vertex 49.4064 52.5476 20.2
      vertex 49.4064 54.6524 20.2
      vertex 49.5218 54.8963 20.2
    endloop
  endfacet
  facet normal 0 0 -1
    outer loop
      vertex 49.3155 52.8017 20.2
      vertex 49.4064 54.6524 20.2
      vertex 49.4064 52.5476 20.2
    endloop
  endfacet
  facet normal 0 0 -1
    outer loop
      vertex 49.3155 52.8017 20.2
      vertex 49.3155 54.3983 20.2
      vertex 49.4064 54.6524 20.2
    endloop
  endfacet
  facet normal 0 0 -1
    outer loop
      vertex 49.2499 53.0635 20.2
      vertex 49.3155 54.3983 20.2
      vertex 49.3155 52.8017 20.2
    endloop
  endfacet
  facet normal 0 0 -1
    outer loop
      vertex 49.2499 53.0635 20.2
      vertex 49.2499 54.1365 20.2
      vertex 49.3155 54.3983 20.2
    endloop
  endfacet
  facet normal 0 0 -1
    outer loop
      vertex 49.2103 53.3305 20.2
      vertex 49.2499 54.1365 20.2
      vertex 49.2499 53.0635 20.2
    endloop
  endfacet
  facet normal 0 0 -1
    outer loop
      vertex 49.2103 53.3305 20.2
      vertex 49.2103 53.8695 20.2
      vertex 49.2499 54.1365 20.2
    endloop
  endfacet
  facet normal 0 -0 -1
    outer loop
      vertex 49.2103 53.8695 20.2
      vertex 49.2103 53.3305 20.2
      vertex 49.1971 53.6 20.2
    endloop
  endfacet
  facet normal 0.803367 0.595485 0
    outer loop
      vertex 49.8213 51.8554 20.2
      vertex 49.6606 52.0722 18.05
      vertex 49.6606 52.0722 20.2
    endloop
  endfacet
  facet normal 0.803367 0.595485 0
    outer loop
      vertex 49.6606 52.0722 18.05
      vertex 49.8213 51.8554 20.2
      vertex 49.8213 51.8554 18.05
    endloop
  endfacet
  facet normal 0.740728 0.671805 0
    outer loop
      vertex 50.0026 51.6555 20.2
      vertex 49.8213 51.8554 18.05
      vertex 49.8213 51.8554 20.2
    endloop
  endfacet
  facet normal 0.740728 0.671805 0
    outer loop
      vertex 49.8213 51.8554 18.05
      vertex 50.0026 51.6555 20.2
      vertex 50.0026 51.6555 18.05
    endloop
  endfacet
  facet normal 0.514223 0.857656 -0
    outer loop
      vertex 50.6508 51.1747 18.05
      vertex 50.4193 51.3135 20.2
      vertex 50.6508 51.1747 20.2
    endloop
  endfacet
  facet normal 0.514223 0.857656 0
    outer loop
      vertex 50.4193 51.3135 20.2
      vertex 50.6508 51.1747 18.05
      vertex 50.4193 51.3135 18.05
    endloop
  endfacet
  facet normal 0.970012 0.243059 0
    outer loop
      vertex 49.3155 52.8017 20.2
      vertex 49.2499 53.0635 18.05
      vertex 49.2499 53.0635 20.2
    endloop
  endfacet
  facet normal 0.970012 0.243059 0
    outer loop
      vertex 49.2499 53.0635 18.05
      vertex 49.3155 52.8017 20.2
      vertex 49.3155 52.8017 18.05
    endloop
  endfacet
  facet normal 0.595485 0.803367 -0
    outer loop
      vertex 50.4193 51.3135 18.05
      vertex 50.2025 51.4742 20.2
      vertex 50.4193 51.3135 20.2
    endloop
  endfacet
  facet normal 0.595485 0.803367 0
    outer loop
      vertex 50.2025 51.4742 20.2
      vertex 50.4193 51.3135 18.05
      vertex 50.2025 51.4742 18.05
    endloop
  endfacet
  facet normal 0.0489209 -0.998803 0
    outer loop
      vertex 51.6776 56.3368 18.05
      vertex 51.9471 56.35 20.2
      vertex 51.6776 56.3368 20.2
    endloop
  endfacet
  facet normal 0.0489209 -0.998803 0
    outer loop
      vertex 51.9471 56.35 20.2
      vertex 51.6776 56.3368 18.05
      vertex 51.9471 56.35 18.05
    endloop
  endfacet
  facet normal 0.243059 0.970012 -0
    outer loop
      vertex 51.4106 50.9028 18.05
      vertex 51.1488 50.9684 20.2
      vertex 51.4106 50.9028 20.2
    endloop
  endfacet
  facet normal 0.243059 0.970012 0
    outer loop
      vertex 51.1488 50.9684 20.2
      vertex 51.4106 50.9028 18.05
      vertex 51.1488 50.9684 18.05
    endloop
  endfacet
  facet normal -0.243059 -0.970012 0
    outer loop
      vertex 52.4836 56.2972 18.05
      vertex 52.7454 56.2316 20.2
      vertex 52.4836 56.2972 20.2
    endloop
  endfacet
  facet normal -0.243059 -0.970012 -0
    outer loop
      vertex 52.7454 56.2316 20.2
      vertex 52.4836 56.2972 18.05
      vertex 52.7454 56.2316 18.05
    endloop
  endfacet
  facet normal -0.0489209 0.998803 0
    outer loop
      vertex 52.2166 50.8632 18.05
      vertex 51.9471 50.85 20.2
      vertex 52.2166 50.8632 20.2
    endloop
  endfacet
  facet normal -0.0489209 0.998803 0
    outer loop
      vertex 51.9471 50.85 20.2
      vertex 52.2166 50.8632 18.05
      vertex 51.9471 50.85 18.05
    endloop
  endfacet
  facet normal -0.595485 0.803367 0
    outer loop
      vertex 53.6917 51.4742 18.05
      vertex 53.4749 51.3135 20.2
      vertex 53.6917 51.4742 20.2
    endloop
  endfacet
  facet normal -0.595485 0.803367 0
    outer loop
      vertex 53.4749 51.3135 20.2
      vertex 53.6917 51.4742 18.05
      vertex 53.4749 51.3135 18.05
    endloop
  endfacet
  facet normal 0.857656 -0.514223 0
    outer loop
      vertex 49.5218 54.8963 20.2
      vertex 49.6606 55.1278 18.05
      vertex 49.6606 55.1278 20.2
    endloop
  endfacet
  facet normal 0.857656 -0.514223 0
    outer loop
      vertex 49.6606 55.1278 18.05
      vertex 49.5218 54.8963 20.2
      vertex 49.5218 54.8963 18.05
    endloop
  endfacet
  facet normal -0.671805 0.740728 0
    outer loop
      vertex 53.8916 51.6555 18.05
      vertex 53.6917 51.4742 20.2
      vertex 53.8916 51.6555 20.2
    endloop
  endfacet
  facet normal -0.671805 0.740728 0
    outer loop
      vertex 53.6917 51.4742 20.2
      vertex 53.8916 51.6555 18.05
      vertex 53.6917 51.4742 18.05
    endloop
  endfacet
  facet normal 0.903926 -0.427688 0
    outer loop
      vertex 49.4064 54.6524 20.2
      vertex 49.5218 54.8963 18.05
      vertex 49.5218 54.8963 20.2
    endloop
  endfacet
  facet normal 0.903926 -0.427688 0
    outer loop
      vertex 49.5218 54.8963 18.05
      vertex 49.4064 54.6524 20.2
      vertex 49.4064 54.6524 18.05
    endloop
  endfacet
  facet normal -0.903926 0.427688 0
    outer loop
      vertex 54.3724 52.3037 18.05
      vertex 54.4878 52.5476 20.2
      vertex 54.4878 52.5476 18.05
    endloop
  endfacet
  facet normal -0.903926 0.427688 0
    outer loop
      vertex 54.4878 52.5476 20.2
      vertex 54.3724 52.3037 18.05
      vertex 54.3724 52.3037 20.2
    endloop
  endfacet
  facet normal -0.14671 -0.98918 0
    outer loop
      vertex 52.2166 56.3368 18.05
      vertex 52.4836 56.2972 20.2
      vertex 52.2166 56.3368 20.2
    endloop
  endfacet
  facet normal -0.14671 -0.98918 -0
    outer loop
      vertex 52.4836 56.2972 20.2
      vertex 52.2166 56.3368 18.05
      vertex 52.4836 56.2972 18.05
    endloop
  endfacet
  facet normal 0.998803 -0.0489209 0
    outer loop
      vertex 49.1971 53.6 20.2
      vertex 49.2103 53.8695 18.05
      vertex 49.2103 53.8695 20.2
    endloop
  endfacet
  facet normal 0.998803 -0.0489209 0
    outer loop
      vertex 49.2103 53.8695 18.05
      vertex 49.1971 53.6 20.2
      vertex 49.1971 53.6 18.05
    endloop
  endfacet
  facet normal 0.903926 0.427688 0
    outer loop
      vertex 49.5218 52.3037 20.2
      vertex 49.4064 52.5476 18.05
      vertex 49.4064 52.5476 20.2
    endloop
  endfacet
  facet normal 0.903926 0.427688 0
    outer loop
      vertex 49.4064 52.5476 18.05
      vertex 49.5218 52.3037 20.2
      vertex 49.5218 52.3037 18.05
    endloop
  endfacet
endsolid OpenSCAD_Model
